#pragma once
#include <cstdint>

alignas(16) inline constexpr uint16_t mmz1_misc_text_script_offsets[] = {
0x0000,0x0002,0x000C,0x0015,0x0018,0x001B,0x001E,0x0021,
0x0023,0x0044,0x005B,0x0061,0x0071,0x0081,0x0095,0x00A7,
0x00B7,0x00C9,0x00DB,0x00EF,0x0100,0x0111,0x0127,0x0136,
0x0146,0x0153,0x015F,0x0173,0x0175,0x0175,0x0175,0x0177,
0x0179,0x017B,0x017D,0x017F,0x0181,0x0183,0x0185,0x0187,
0x0189,0x018F,0x0195,0x019B,0x01A1,0x01A7,0x01AD,0x01B3,
0x01CB,0x01E0,0x01F5,0x01FD,0x0217,0x022C,0x0243,0x0257,
0x0272,0x028B,0x02A3,0x02AD,0x02CC,0x02E6,0x0302,0x031A,
0x0326,0x0337,0x0340,0x034E,0x035B,0x036E,0x0379,0x038A,
0x0394,0x03A0,0x03A8,0x03B7,0x03C2,0x03CC,0x03D4,0x03E1,
0x03EF,0x03FA,0x0406,0x040E,0x041A,0x0427,0x0434,0x043E,
0x044B,0x0458,0x0462,0x046B,0x046B,0x046B,0x046B,0x046B,
0x046B,0x046B,0x046B,0x046B,0x046B,0x0472,0x0479,0x0480,
0x0487,0x048E,0x0496,0x049C,0x04A3,0x04AB,0x04B1,0x04B8,
0x04BF,0x04C6,0x04CC,0x04D3,0x04D9,0x04E0,0x04E6,0x04ED,
0x04F4,0x04FA,0x0502,0x0509,0x0511,0x0518,0x051F,0x0528,
0x0530,0x0536,0x053D,0x0544,0x054B,0x0552,0x055A,0x0562,
0x056B,0x0572,0x057A,0x0581,0x0588,0x058F,0x0598,0x05A0,
0x05A9,0x05B1,0x05B9,0x05C1,0x05C9,0x05CF,0x05D5,0x05DB,
0x05E1,0x05E8,0x05EF,0x05F6,0x05FF,0x0608,0x0610,0x0618,
0x0620,0x0628,0x0630,0x0637,0x063E,0x0646,0x064E,0x0657,
0x065E,0x0665,0x066D,0x0674,0x067B,0x0684,0x068C,0x0695,
0x069F,0x06A9,0x06B1,0x06B7,0x06BE,0x06C5,0x06CA,0x06CA,
0x06CA,0x06CA,0x06CA,0x06CA,0x06CA,0x06CA,0x06CA,0x06CA,
0x06CA,0x06CA,0x06CA,0x06CA,0x06CA,0x06CA,0x06CA,0x06CA,
0x06CA,0x06E4,0x0709,0x0720,0x073C,0x075B,0x077A,0x0793,
0x07B3,0x07CD,0x07F2,0x0810,0x0833,0x084E,0x0871,0x0889,
0x08A0,0x08C4,0x08E3,0x0905,0x0922,0x093C,0x0954,0x096C,
0x098D,0x09AA,0x09C4,0x09E8,0x0A00,0x0A1D,0x0A3F,0x0A57,
0x0A71,0x0A8C,0x0AA5,0x0AB9,0x0ADD,0x0AF9,0x0B1E,0x0B3B,
0x0B51,0x0B71,0x0B8F,0x0BA0,0x0BBE,0x0BD8,0x0BF5,0x0C10,
0x0C30,0x0C50,0x0C70,0x0C8C,0x0CA8,0x0CC0,0x0CDE,0x0CF9,
0x0D17,0x0D34,0x0D4E,0x0D68,0x0D87,0x0DA2,0x0DBF,0x0DDE,
0x0DF2,0x0E06,0x0E25,0x0E44,0x0E5E,0x0E7D,0x0E97,0x0EB0,
0x0EC9,0x0EEB,0x0F05,0x0F27,0x0F42,0x0F64,0x0F82,0x0FA1,
0x0FC1,0x0FE7,0x1008,0x101D,0x103B,0x1056,0x1056,0x1056,
0x1056,0x1056,0x1056,0x1056,0x1056,0x1056,0x1056,0x1056,
0x1056,0x1056,0x1056,0x1056,0x1056,0x106B,0x1082,0x1099,
0x10B0,0x10C7,0x10DE,0x10F7,0x1110,0x1129,0x1142,0x115B,
0x1174,0x118D,0x11A5,0x11BD,0x11D5,0x11ED,0x1205,0x121F,
0x1239,0x1253,0x126C,0x1285,0x1296,0x12A7,0x12C3,0x12D9,
0x12F4,0x1310,0x132F,0x1346,0x1361,0x1376,0x138F,0x13AF,
0x13C6,0x13E0,0x13FA,0x1417,0x1432,0x1450,0x1465,0x147F,
0x14A1,0x14C4,0x14DE,0x14F8,0x1518,0x1536,0x1552,0x156D,
0x158B,0x15A5,0x15C4,0x15E2,0x15FA,0x15FA,0x15FA,0x15FA,
0x15FA,0x1604,0x161F,0x1631,0x1642,0x1657,0x1678,0x168E,
0x1698,0x16BB,0x16E0,0x16F3,0x170D,0x1729,0x173F,0x173F,
0x173F,0x173F,0x173F,0x173F,0x173F,0x1755,0x1767,0x1782,
0x1794,0x17A9,0x17C0,0x17E0,0x17E7,0x1801,0x181D,0x182F,
0x1845,0x185E,0x185E,0x185E,0x1884,0x1893,0x18AB,0x18C6,
0x18E4,0x18F5,0x18F6,0x18F7,0x18F8,0x1907,0x191A,0x1934,
0x1935,0x194A,0x1966,0x1967,0x1981,0x1998,0x1999,0x19B0,
0x19C7,0x19E0,0x19E1,0x19F8,0x1A12,0x1A2E,0x1A2F,0x1A46,
0x1A61,0x1A7A,0x1A93,0x1AB0,0x1ACB,0x1ACC,0x1AEA,0x1B00,
0x1B01,0x1B1B,0x1B34,0x1B4B,0x1B4C,0x1B62,0x1B78,0x1B79,
0x1B8E,0x1BA6,0x1BA7,0x1BC4,0x1BDE,0x1BDF,0x1BFC,0x1BFD,
0x1C14,0x1C29,0x1C2A,0x1C3C,0x1C51,0x1C65,0x1C7B,0x1C91,
0x1CA6,0x1CB9,0x1CBA,0x1CD2,0x1CEA,0x1CEB,0x1CFF,0x1D17,
0x1D32,0x1D48,0x1D49,0x1D5F,0x1D6D,0x1D86,0x1D9E,0x1DBA,
0x1DD2,0x1DEB,0x1E02,0x1E20,0x1E37,0x1E4C,0x1E64,0x1E7D,
0x1E95,0x1EB4,0x1ECD,0x1EE0,0x1EE1,0x1EFB,0x1EFC,0x1F0E,
0x1F27,0x1F28,0x1F38,0x1F4D,0x1F64,0x1F65,0x1F66,0x1F81,
0x1F82,0x1F83,0x1F84,0x1F85,0x1F9B,0x1F9B,0x1FFC,0x2061,
0x20A6,
};
constexpr int mmz1_misc_text_num_entries = 505;
alignas(16) inline constexpr uint8_t mmz1_misc_text_script_data[] = {
0xE8,0xFF,0x1D,0x0F,0x17,0x00,0x0E,0x0B,0x0E,0x19,0x1D,0xFF,0x0D,0x0B,0x18,0x0D,
0x0F,0x16,0x0B,0x1C,0xFF,0xF2,0x12,0xFF,0xF2,0x1F,0xFF,0xF0,0x03,0xFF,0xF0,0x04,
0xFF,0xEB,0xFF,0xEC,0x1A,0x39,0x2A,0x2A,0x00,0x1A,0x39,0x2A,0x2A,0x00,0x1A,0x39,
0x2A,0x2A,0xED,0xFC,0x00,0x00,0x00,0x00,0x00,0x0B,0x36,0x2B,0x2B,0x2B,0x2C,0x2C,
0x2C,0x2C,0xE5,0xFF,0xEC,0x1A,0x39,0x2A,0x2A,0x00,0x1A,0x39,0x2A,0x2A,0x00,0x1A,
0x39,0x2A,0x2A,0xED,0xF0,0xE9,0xF0,0xE9,0xF0,0xE9,0xFF,0xF2,0x98,0xD9,0x3F,0xF1,
0xFF,0x1C,0x29,0x37,0x2B,0x25,0x38,0x25,0x36,0x00,0x25,0x00,0x0D,0x2D,0x29,0x30,
0xFF,0x1C,0x29,0x27,0x39,0x34,0x29,0x36,0x25,0x36,0x00,0x0E,0x25,0x28,0x33,0x37,
0xFF,0x1C,0x29,0x37,0x2B,0x25,0x38,0x25,0x36,0x00,0x33,0x00,0x1C,0x29,0x34,0x30,
0x33,0x2D,0x28,0x29,0xFF,0x0E,0x29,0x38,0x29,0x36,0x00,0x17,0x29,0x27,0x25,0x32,
0x2D,0x30,0x33,0x2D,0x28,0x29,0xFF,0x0E,0x29,0x37,0x38,0x36,0x39,0x2D,0x36,0x00,
0x33,0x00,0x1E,0x36,0x29,0x31,0xFF,0x1C,0x29,0x37,0x2B,0x25,0x38,0x25,0x36,0x00,
0x25,0x00,0x0D,0x33,0x30,0x26,0x33,0x36,0xFF,0x19,0x27,0x39,0x34,0x25,0x36,0x00,
0x25,0x00,0x10,0xF0,0x10,0x26,0x36,0x2D,0x27,0x25,0xFF,0x1A,0x36,0x33,0x38,0x29,
0x2B,0x29,0x36,0x00,0x25,0x00,0x10,0xF0,0x10,0x26,0x36,0x2D,0x27,0x25,0xFF,0x0B,
0x29,0x36,0x33,0x32,0x25,0x3A,0x29,0x00,0x1A,0x29,0x36,0x28,0x2D,0x28,0x25,0xFF,
0x0E,0x39,0x29,0x30,0x33,0x00,0x32,0x33,0x00,0x0E,0x29,0x37,0x29,0x36,0x38,0x33,
0xFF,0x0F,0x32,0x27,0x33,0x32,0x38,0x36,0x25,0x36,0x00,0x0C,0x25,0x37,0x29,0x00,
0x19,0x27,0x39,0x30,0x38,0x25,0xFF,0x0E,0x29,0x38,0x29,0x36,0x00,0x33,0x00,0x12,
0x25,0x27,0x2F,0x29,0x36,0xFF,0x1A,0x36,0x33,0x38,0x29,0x2B,0x29,0x36,0x00,0x25,
0x00,0x0C,0x25,0x37,0x29,0xFF,0x0C,0x25,0x37,0x29,0x00,0x13,0x32,0x2D,0x31,0x2D,
0x2B,0x25,0xFF,0x18,0x29,0x33,0x00,0x0B,0x36,0x27,0x25,0x28,0x2D,0x25,0xFF,0x18,
0xF0,0x14,0x27,0x30,0x29,0x33,0x00,0x18,0x29,0x33,0x00,0x0B,0x36,0x27,0x25,0x28,
0x2D,0x25,0xFF,0xF9,0xFF,0x01,0xFF,0x02,0xFF,0x03,0xFF,0x04,0xFF,0x05,0xFF,0x06,
0xFF,0x07,0xFF,0x08,0xFF,0x09,0xFF,0x0A,0xFF,0x16,0x3A,0xF0,0xE9,0x10,0xFF,0x16,
0x3A,0xF0,0xE9,0x0F,0xFF,0x16,0x3A,0xF0,0xE9,0x0E,0xFF,0x16,0x3A,0xF0,0xE9,0x0D,
0xFF,0x16,0x3A,0xF0,0xE9,0x0C,0xFF,0x16,0x3A,0xF0,0xE9,0x0B,0xFF,0x16,0x3A,0xF0,
0xE9,0x1D,0xFF,0x16,0x25,0x26,0x33,0x36,0x25,0x38,0x33,0x36,0x2D,0x33,0x00,0x1D,
0x39,0x26,0x38,0x29,0x36,0x36,0x25,0x32,0x29,0x33,0xFF,0x0D,0x29,0x32,0x38,0x36,
0x33,0x00,0x28,0x29,0x00,0x0F,0x30,0x2D,0x31,0x2D,0x32,0x25,0x27,0x25,0x33,0xFF,
0x1A,0x25,0x37,0x37,0x25,0x2B,0x29,0x31,0x00,0x1D,0x39,0x26,0x38,0x29,0x36,0x36,
0x25,0x32,0x29,0x25,0xFF,0x0E,0x29,0x37,0x29,0x36,0x38,0x33,0xFF,0x1D,0x25,0x32,
0x38,0x39,0xF0,0x10,0x36,0x2D,0x33,0x00,0x28,0x29,0x00,0x18,0x29,0x33,0x00,0x0B,
0x36,0x27,0x25,0x28,0x2D,0x25,0xFF,0x1E,0x33,0x36,0x36,0x29,0x00,0x28,0x29,0x00,
0x18,0x29,0x33,0x00,0x0B,0x36,0x27,0x25,0x28,0x2D,0x25,0xFF,0x18,0xF0,0x14,0x27,
0x30,0x29,0x33,0x00,0x28,0x29,0x00,0x18,0x29,0x33,0x00,0x0B,0x36,0x27,0x25,0x28,
0x2D,0x25,0xFF,0x0C,0x25,0x37,0x29,0x00,0x28,0x25,0x00,0x1C,0x29,0x37,0x2D,0x37,
0x38,0x29,0x32,0x27,0x2D,0x25,0xFF,0xF2,0x16,0x25,0x26,0x33,0x36,0x25,0x38,0x33,
0x36,0x2D,0x33,0xF1,0xF2,0x1D,0x39,0x26,0x38,0x29,0x36,0x36,0x25,0x32,0x29,0x33,
0xF1,0xFF,0xF2,0x0D,0x29,0x32,0x38,0x36,0x33,0xF1,0xF2,0x28,0x29,0xF1,0xF2,0x0F,
0x30,0x2D,0x31,0x2D,0x32,0x25,0x27,0x25,0x33,0xF1,0xFF,0xF2,0x1A,0x25,0x37,0x37,
0x25,0x2B,0x29,0x31,0xF1,0xF2,0x1D,0x39,0x26,0x38,0x29,0x36,0x36,0x25,0x32,0x29,
0x25,0xF1,0xFF,0xF2,0x0E,0x29,0x37,0x29,0x36,0x38,0x33,0xF1,0xFF,0xF2,0x1D,0x25,
0x32,0x38,0x39,0xF0,0x10,0x36,0x2D,0x33,0xF1,0xF2,0x28,0x29,0xF1,0xF2,0x18,0x29,
0x33,0xF1,0xF2,0x0B,0x36,0x27,0x25,0x28,0x2D,0x25,0xF1,0xFF,0xF2,0x1E,0x33,0x36,
0x36,0x29,0xF1,0xF2,0x28,0x29,0xF1,0xF2,0x18,0x29,0x33,0xF1,0xF2,0x0B,0x36,0x27,
0x25,0x28,0x2D,0x25,0xF1,0xFF,0xF2,0x18,0xF0,0x14,0x27,0x30,0x29,0x33,0xF1,0xF2,
0x28,0x29,0xF1,0xF2,0x18,0x29,0x33,0xF1,0xF2,0x0B,0x36,0x27,0x25,0x28,0x2D,0x25,
0xF1,0xFF,0xF2,0x0C,0x25,0x37,0x29,0xF1,0xF2,0x28,0x25,0xF1,0xF2,0x1C,0x29,0x37,
0x2D,0x37,0x38,0x29,0x32,0x27,0x2D,0x25,0xF1,0xFF,0x0D,0x19,0x18,0x1E,0x13,0x18,
0x1F,0x0B,0x1C,0xF0,0x08,0xFF,0x1E,0x0F,0x18,0x1E,0x0B,0x1C,0x00,0x18,0x19,0x20,
0x0B,0x17,0x0F,0x18,0x1E,0x0F,0xFF,0x0E,0x0F,0x1D,0x13,0x1D,0x1E,0x13,0x1C,0xFF,
0x0D,0x0B,0x1C,0x1C,0x0F,0x11,0x0B,0x1C,0x00,0x14,0x19,0x11,0x19,0xFF,0x1D,0x0B,
0x13,0x1C,0x00,0x0E,0x19,0x00,0x14,0x19,0x11,0x19,0xFF,0xF2,0x1E,0x0F,0x18,0x1E,
0x0B,0x1C,0x00,0x18,0x19,0x20,0x0B,0x17,0x0F,0x18,0x1E,0x0F,0xF1,0xFF,0xF2,0x0E,
0x0F,0x1D,0x13,0x1D,0x1E,0x13,0x1C,0xF1,0xFF,0xF2,0x0D,0x0B,0x1C,0x1C,0x0F,0x11,
0x0B,0x1C,0xF1,0xF2,0x14,0x19,0x11,0x19,0xF1,0xFF,0xF2,0x0D,0x0B,0x0D,0x0B,0x0E,
0x19,0x1C,0xF1,0xFF,0xF2,0x11,0x1F,0x0F,0x1C,0x1C,0x0F,0x13,0x1C,0x19,0xF1,0xFF,
0xF2,0x12,0x0F,0x1C,0x19,0x13,0xF1,0xFF,0xF2,0x1D,0x1F,0x1A,0x0F,0x1C,0xF0,0x01,
0x12,0x0F,0x1C,0x19,0x13,0xF1,0xFF,0xF2,0x1D,0x0B,0x16,0x20,0x0B,0x0E,0x19,0x1C,
0xF1,0xFF,0xF2,0x13,0x17,0x19,0x1C,0x1E,0x0B,0x16,0xF1,0xFF,0xF2,0x20,0x0F,0x16,
0x19,0x24,0xF1,0xFF,0xF2,0x0E,0x0F,0x1D,0x1E,0x1C,0x1F,0x13,0x0E,0x19,0x1C,0xF1,
0xFF,0xF2,0x0B,0x18,0x13,0x1B,0x1F,0x13,0x16,0x0B,0x0E,0x19,0x1C,0xF1,0xFF,0xF2,
0x0B,0x1E,0x13,0x1C,0x0B,0x0E,0x19,0x1C,0xF1,0xFF,0xF2,0x1D,0x39,0x27,0x25,0x38,
0x29,0x2D,0x36,0x33,0xF1,0xFF,0xF2,0x16,0x0F,0x18,0x1E,0x19,0xF1,0xFF,0xF2,0x1A,
0x0B,0x0D,0x13,0x10,0x13,0x1D,0x1E,0x0B,0xF1,0xFF,0xF2,0x0E,0x0F,0x10,0x0F,0x13,
0x1E,0x1F,0x19,0x1D,0x19,0xF1,0xFF,0xF2,0x1A,0x1C,0x0F,0x11,0x1F,0x13,0x0D,0x19,
0x1D,0x19,0xF1,0xFF,0xF2,0x0D,0x19,0x16,0x0F,0x1E,0x19,0x1C,0xF1,0xFF,0xF2,0x0E,
0x0F,0x1D,0x1E,0x1C,0x1F,0x13,0x0E,0x19,0x1C,0xF1,0xFF,0xF2,0x0B,0x0D,0x1F,0x17,
0x1F,0x16,0x0B,0x0E,0x19,0x1C,0xF1,0xFF,0xF2,0x17,0x0F,0x0E,0x1C,0x19,0x1D,0x19,
0xF1,0xFF,0xF2,0x17,0x0F,0x1D,0x1E,0x1C,0x0F,0xF1,0xFF,0x21,0x2D,0x32,0x2F,0x2D,
0x29,0xFF,0x18,0x39,0x34,0x34,0x2D,0x29,0xFF,0x17,0x2D,0x34,0x34,0x2D,0x29,0xFF,
0x1C,0x29,0x34,0x34,0x2D,0x29,0xFF,0x16,0x2D,0x34,0x34,0x2D,0x29,0xFF,0x12,0x25,
0x34,0x2D,0x38,0x25,0x32,0xFF,0x18,0x39,0x38,0x25,0x32,0xFF,0x16,0x39,0x26,0x38,
0x25,0x32,0xFF,0x18,0x29,0x26,0x2D,0x38,0x25,0x32,0xFF,0x0B,0x36,0x29,0x2A,0x2A,
0xFF,0x0C,0x2D,0x36,0x29,0x2A,0x2A,0xFF,0x1D,0x2D,0x36,0x29,0x2A,0x2A,0xFF,0x0E,
0x29,0x36,0x29,0x2A,0x2A,0xFF,0x0F,0x36,0x29,0x2A,0x2A,0xFF,0x10,0x39,0x36,0x29,
0x2A,0x2A,0xFF,0x11,0x36,0x29,0x2A,0x2A,0xFF,0x12,0x25,0x36,0x29,0x2A,0x2A,0xFF,
0x13,0x36,0x29,0x2A,0x2A,0xFF,0x11,0x2D,0x36,0x29,0x2A,0x2A,0xFF,0x17,0x33,0x36,
0x2D,0x27,0x2F,0xFF,0x15,0x29,0x2D,0x27,0x2F,0xFF,0x0D,0x33,0x37,0x3B,0x2D,0x27,
0x2F,0xFF,0x1D,0x33,0x31,0x25,0x27,0x2F,0xFF,0x17,0x33,0x38,0x33,0x30,0x25,0x36,
0xFF,0x1E,0x2D,0x29,0x30,0x25,0x36,0xFF,0x17,0x39,0x29,0x30,0x25,0x36,0xFF,0x1C,
0x33,0x2C,0x29,0x25,0x30,0x25,0x36,0xFF,0x1D,0x2C,0x29,0x30,0x38,0x29,0x36,0xFF,
0x1E,0x39,0x36,0x26,0x33,0xFF,0x1C,0x2D,0x26,0x26,0x2D,0x28,0xFF,0x11,0x2D,0x26,
0x26,0x29,0x36,0xFF,0x0C,0x39,0x2A,0x2A,0x29,0x36,0xFF,0x0C,0x2D,0x36,0x37,0x2F,
0x3D,0xFF,0x0C,0x2D,0x36,0x38,0x25,0x27,0x2F,0xFF,0x0C,0x2D,0x36,0x28,0x2D,0x25,
0x32,0xFF,0x0C,0x2D,0x36,0x38,0x36,0x33,0x37,0x37,0xFF,0x0C,0x2D,0x36,0x2A,0x30,
0x3D,0xFF,0x0C,0x2D,0x36,0x36,0x25,0x2D,0x36,0xFF,0x0C,0x29,0x29,0x37,0x39,0x37,
0xFF,0x0C,0x29,0x29,0x28,0x30,0x29,0xFF,0x0C,0x29,0x29,0x32,0x29,0x38,0xFF,0x0C,
0x29,0x29,0x2C,0x33,0x32,0x29,0x3D,0xFF,0x0C,0x29,0x29,0x2A,0x2D,0x3A,0x29,0xFF,
0x0C,0x29,0x29,0x3A,0x33,0x2D,0x3E,0x29,0xFF,0x1D,0x38,0x2D,0x27,0x2F,0x29,0x36,
0xFF,0x1D,0x38,0x2D,0x27,0x2F,0x33,0x32,0xFF,0x1D,0x38,0x2D,0x27,0x2F,0x30,0x29,
0xFF,0x1D,0x38,0x2D,0x27,0x2F,0x29,0x32,0xFF,0x0C,0x33,0x31,0x2B,0x25,0xFF,0x0C,
0x33,0x31,0x2B,0x39,0xFF,0x0C,0x33,0x31,0x34,0x25,0xFF,0x0C,0x33,0x31,0x34,0x39,
0xFF,0x1E,0x33,0x38,0x38,0x29,0x32,0xFF,0x0F,0x29,0x32,0x2D,0x38,0x29,0xFF,0x15,
0x29,0x32,0x2D,0x38,0x29,0xFF,0x12,0x25,0x2A,0x31,0x25,0x36,0x2B,0x33,0xFF,0x12,
0x25,0x2A,0x31,0x25,0x36,0x28,0x25,0xFF,0x1D,0x38,0x33,0x27,0x27,0x39,0x29,0xFF,
0x1D,0x38,0x33,0x27,0x27,0x2C,0x39,0xFF,0x1D,0x38,0x33,0x27,0x38,0x38,0x33,0xFF,
0x1D,0x38,0x33,0x27,0x34,0x2D,0x29,0xFF,0x1D,0x38,0x33,0x27,0x34,0x33,0x2C,0xFF,
0x0D,0x30,0x33,0x27,0x2F,0x25,0xFF,0x0D,0x30,0x33,0x27,0x38,0x25,0xFF,0x0D,0x30,
0x33,0x27,0x38,0x27,0x2C,0xFF,0x0D,0x30,0x33,0x27,0x34,0x25,0x2C,0xFF,0x0D,0x30,
0x33,0x27,0x34,0x33,0x33,0x2C,0xFF,0x13,0x38,0x29,0x27,0x30,0x29,0xFF,0x13,0x38,
0x29,0x31,0x33,0x32,0xFF,0x13,0x38,0x29,0x38,0x38,0x30,0x29,0xFF,0x13,0x38,0x29,
0x34,0x33,0x32,0xFF,0x13,0x38,0x29,0x36,0x33,0x32,0xFF,0x17,0xF0,0x01,0x33,0x36,
0x29,0x30,0x30,0xFF,0x17,0xF0,0x01,0x33,0x36,0x2D,0x25,0xFF,0x17,0xF0,0x01,0x33,
0x36,0x35,0x39,0x29,0xFF,0x17,0xF0,0x01,0x33,0x36,0x29,0x2F,0x2F,0x25,0xFF,0x17,
0xF0,0x01,0x33,0x36,0x33,0x30,0x30,0x2D,0xFF,0x14,0x25,0x27,0x2F,0x37,0x33,0x32,
0xFF,0x18,0x39,0x36,0x37,0x29,0xFF,0x0B,0x32,0x2D,0x31,0x25,0x30,0xFF,0x12,0x25,
0x27,0x2F,0x29,0x36,0xFF,0x1C,0x25,0x36,0x29,0xFF,0x0F,0x39,0x00,0x28,0x33,0x26,
0x36,0x33,0xFC,0x37,0x39,0x25,0xFC,0x3A,0x2D,0x38,0x25,0x30,0x2D,0x28,0x25,0x28,
0x29,0xF0,0xE9,0xFF,0x0F,0x39,0x00,0x25,0x39,0x31,0x29,0x32,0x38,0x33,0xFC,0x39,
0x31,0x00,0x34,0x33,0x39,0x27,0x33,0x00,0x37,0x39,0x25,0xFC,0x3A,0x2D,0x38,0x25,
0x30,0x2D,0x28,0x25,0x28,0x29,0xF0,0xE9,0xFF,0x1B,0x39,0x29,0x36,0xFC,0x31,0x25,
0x2D,0x37,0xFC,0x3A,0x2D,0x38,0x25,0x30,0x2D,0x28,0x25,0x28,0x29,0xF0,0x08,0xFF,
0x0B,0x39,0x31,0x29,0x32,0x38,0x25,0x36,0x29,0x2D,0xFC,0x37,0x39,0x25,0xFC,0x3A,
0x2D,0x38,0x25,0x30,0x2D,0x28,0x25,0x28,0x29,0xF0,0xE9,0xFF,0x17,0x29,0x00,0x39,
0x37,0x29,0x00,0x34,0x25,0x36,0x25,0xFC,0x33,0x26,0x38,0x29,0x36,0xFC,0x3A,0x2D,
0x38,0x25,0x30,0x2D,0x28,0x25,0x28,0x29,0xF0,0xE9,0xFF,0x17,0x29,0x00,0x38,0x36,
0x25,0x32,0x37,0x2A,0x33,0x36,0x31,0x33,0xFC,0x29,0x31,0x00,0x39,0x31,0xFC,0x1D,
0x39,0x26,0x00,0x1E,0x25,0x32,0x2F,0xF0,0xE9,0xFF,0x1A,0x33,0x37,0x37,0x33,0x00,
0x37,0x29,0x36,0xFC,0x37,0x29,0x39,0xFC,0x1D,0x39,0x26,0x00,0x1E,0x25,0x32,0x2F,
0xF0,0xE9,0xFF,0x1D,0x29,0x36,0x29,0x2D,0x00,0x39,0x31,0xFC,0x1D,0x39,0x26,0x00,
0x1E,0x25,0x32,0x2F,0xF0,0xEC,0xFC,0x34,0x25,0x36,0x25,0x00,0x3A,0x33,0x27,0x29,
0xF0,0xE9,0xFF,0x17,0x29,0x00,0x39,0x37,0x29,0xFC,0x27,0x33,0x31,0x33,0x00,0x39,
0x31,0xFC,0x1D,0x39,0x26,0x00,0x1E,0x25,0x32,0x2F,0xF0,0xE9,0xFF,0x1C,0x29,0x37,
0x38,0x25,0x39,0x36,0x25,0x36,0x29,0x2D,0xFC,0x39,0x31,0x00,0x34,0x33,0x39,0x27,
0x33,0x00,0x28,0x29,0xFC,0x3A,0x2D,0x38,0x25,0x30,0x2D,0x28,0x25,0x28,0x29,0xF0,
0xE9,0xFF,0x1F,0x37,0x29,0x00,0x31,0x2D,0x32,0x2C,0x25,0xFC,0x29,0x32,0x29,0x36,
0x2B,0x2D,0x25,0xFC,0x34,0x25,0x36,0x25,0x00,0x3A,0x2D,0x28,0x25,0xF0,0xE9,0xFF,
0x1A,0x33,0x37,0x37,0x33,0x00,0x28,0x25,0x36,0xFC,0x39,0x31,0x00,0x34,0x33,0x39,
0x27,0x33,0x00,0x28,0x29,0xFC,0x3A,0x2D,0x38,0x25,0x30,0x2D,0x28,0x25,0x28,0x29,
0xF0,0xE9,0xFF,0x1A,0x33,0x37,0x37,0x33,0xFC,0x27,0x39,0x36,0x25,0x36,0x00,0x37,
0x39,0x25,0x37,0xFC,0x2A,0x29,0x36,0x2D,0x28,0x25,0x37,0xF0,0xE9,0xFF,0x1A,0x33,
0x37,0x37,0x33,0x00,0x27,0x39,0x36,0x25,0x36,0xFC,0x3A,0x33,0x27,0x29,0x00,0x30,
0x2D,0x2B,0x29,0x2D,0xF0,0x01,0xFC,0x36,0x25,0x31,0x29,0x32,0x38,0x29,0xF0,0xE9,
0xFF,0x0B,0x2E,0x39,0x28,0x33,0x00,0x3A,0x33,0x27,0x29,0xFC,0x25,0x00,0x37,0x29,
0x00,0x27,0x39,0x36,0x25,0x36,0xF0,0x08,0xFF,0x17,0x29,0x00,0x39,0x37,0x29,0xFC,
0x34,0x25,0x36,0x25,0x00,0x37,0x29,0xFC,0x27,0x39,0x36,0x25,0x36,0xF0,0xE9,0xFF,
0x1D,0x25,0xF0,0x14,0x28,0x29,0x00,0x34,0x25,0x36,0x25,0xFC,0x3A,0x33,0x27,0x29,
0xF0,0xEC,0x00,0x31,0x33,0x36,0x38,0x29,0xFC,0x34,0x25,0x36,0x25,0x00,0x31,0x2D,
0x31,0xF0,0xE9,0xFF,0x17,0x29,0x39,0x00,0x34,0x33,0x28,0x29,0x36,0xFC,0x38,0x29,
0x00,0x25,0x2E,0x39,0x28,0x25,0x36,0xF0,0x10,0xFC,0x25,0x00,0x37,0x25,0x36,0x25,
0x36,0xE5,0xFF,0x1E,0x29,0x00,0x28,0x25,0x36,0x29,0x2D,0xFC,0x39,0x31,0x00,0x34,
0x33,0x39,0x27,0x33,0x00,0x28,0x29,0xFC,0x3A,0x2D,0x38,0x25,0x30,0x2D,0x28,0x25,
0x28,0x29,0xF0,0xE9,0xFF,0x1A,0x33,0x37,0x37,0x33,0x00,0x38,0x29,0xFC,0x27,0x39,
0x36,0x25,0x36,0x00,0x34,0x33,0x36,0xFC,0x27,0x33,0x31,0x34,0x30,0x29,0x38,0x33,
0xE5,0xFF,0x20,0x33,0x27,0x29,0x00,0x35,0x39,0x29,0x36,0xFC,0x27,0x39,0x36,0x25,
0xFC,0x27,0x33,0x31,0x34,0x30,0x29,0x38,0x25,0xF0,0x08,0xFF,0x17,0x29,0x39,0x00,
0x34,0x33,0x28,0x29,0x36,0xFC,0x38,0x29,0xFC,0x37,0x25,0x30,0x3A,0x25,0x36,0xF0,
0x10,0xF0,0xE9,0xFF,0xF0,0x16,0x00,0x31,0x29,0x39,0xFC,0x28,0x29,0x3A,0x29,0x36,
0x00,0x38,0x29,0xFC,0x27,0x39,0x36,0x25,0x36,0xF0,0xE9,0xFF,0x1C,0x29,0x27,0x29,
0x26,0x33,0x00,0x33,0x37,0xFC,0x2B,0x33,0x30,0x34,0x29,0x37,0xF0,0xEC,0x00,0x29,
0xFC,0x3A,0x33,0x27,0x29,0x00,0x27,0x39,0x36,0x25,0xF0,0xE9,0xFF,0x1E,0x36,0x33,
0x27,0x33,0xFC,0x26,0x25,0x30,0x25,0x37,0x00,0x34,0x33,0x36,0xFC,0x3A,0x2D,0x38,
0x25,0x30,0x2D,0x28,0x25,0x28,0x29,0xF0,0xE9,0xFF,0x20,0x33,0x39,0x00,0x38,0x29,
0xFC,0x34,0x36,0x33,0x38,0x29,0x2B,0x29,0x36,0xFC,0x29,0x00,0x27,0x39,0x36,0x25,
0x36,0xF0,0xE9,0xFF,0x19,0x37,0x00,0x2B,0x33,0x30,0x34,0x29,0x37,0xFC,0x35,0x39,
0x29,0x00,0x29,0x39,0x00,0x30,0x29,0x3A,0x25,0x36,0xFC,0x38,0x29,0x00,0x27,0x39,
0x36,0x25,0x36,0x25,0x33,0xF0,0xE9,0xFF,0x0B,0x39,0x31,0x29,0x32,0x38,0x25,0x36,
0x29,0x2D,0xFC,0x37,0x39,0x25,0xFC,0x28,0x29,0x2A,0x29,0x37,0x25,0xF0,0xE9,0xFF,
0x1E,0x29,0x00,0x29,0x32,0x37,0x2D,0x32,0x33,0xFC,0x25,0x00,0x27,0x33,0x36,0x36,
0x29,0x36,0xFC,0x36,0xF0,0x10,0x34,0x2D,0x28,0x33,0xF0,0xE9,0xFF,0x1E,0x29,0x00,
0x25,0x2E,0x39,0x28,0x33,0x00,0x25,0xFC,0x28,0x29,0x37,0x25,0x2A,0x2D,0x25,0x36,
0x00,0x25,0xFC,0x2B,0x36,0x25,0x3A,0x2D,0x28,0x25,0x28,0x29,0xF0,0xE9,0xFF,0x0F,
0x37,0x27,0x25,0x30,0x25,0x36,0xFC,0xF0,0x11,0x00,0x33,0x00,0x31,0x29,0x39,0xFC,
0x2A,0x33,0x36,0x38,0x29,0xE5,0xFF,0x20,0x33,0x27,0x29,0x00,0x32,0x39,0x32,0x27,
0x25,0xFC,0x27,0x25,0x2D,0x36,0xF0,0x10,0xFC,0x27,0x33,0x31,0x2D,0x2B,0x33,0xE5,
0xFF,0x1E,0x29,0x00,0x37,0x25,0x30,0x3A,0x25,0x36,0x29,0x2D,0xFC,0x28,0x29,0x00,
0x39,0x31,0xFC,0x26,0x39,0x36,0x25,0x27,0x33,0xF0,0xE9,0xFF,0x0E,0x29,0x3A,0x33,
0x00,0x37,0x25,0x30,0xF0,0x01,0xFC,0x3A,0x25,0x36,0x00,0x35,0x39,0x29,0x31,0xFC,
0x27,0x25,0x2D,0xE5,0xFF,0x1E,0x29,0x00,0x37,0x25,0x30,0x3A,0x33,0xFC,0x28,0x29,
0xFC,0x35,0x39,0x29,0x28,0x25,0x37,0xE5,0xFF,0x3A,0x33,0x39,0x00,0x38,0x29,0x00,
0x25,0x2E,0x39,0x28,0x25,0x36,0xFC,0x25,0x00,0x37,0x25,0x2D,0x36,0x00,0x28,0x29,
0xFC,0x39,0x31,0x00,0x26,0x39,0x36,0x25,0x27,0x33,0xF0,0xE9,0xFF,0x1E,0x29,0x00,
0x38,0x2D,0x36,0x33,0x00,0x28,0x29,0xFC,0x35,0x39,0x25,0x30,0x35,0x39,0x29,0x36,
0xFC,0x26,0x39,0x36,0x25,0x27,0x33,0xE5,0xFF,0x20,0x33,0x39,0x00,0x38,0x29,0x00,
0x38,0x2D,0x36,0x25,0x36,0xFC,0x28,0x29,0x00,0x35,0x39,0x25,0x30,0xF0,0x01,0xFC,
0x35,0x39,0x29,0x36,0x00,0x26,0x39,0x36,0x25,0x27,0x33,0xF0,0xE9,0xFF,0x1E,0x29,
0x00,0x28,0x25,0x36,0x29,0x2D,0xFC,0x2A,0x33,0x2B,0x33,0x00,0x28,0x29,0xFC,0x27,
0x33,0x26,0x29,0x36,0x38,0x39,0x36,0x25,0xF0,0xE9,0xFF,0x1E,0x29,0x00,0x25,0x2E,
0x39,0x28,0x25,0x36,0x29,0x2D,0xFC,0x25,0x00,0x30,0x39,0x38,0x25,0x36,0xF0,0xE9,
0xFF,0x17,0x2D,0x32,0x2C,0x25,0x00,0x25,0x36,0x31,0x25,0xFC,0x38,0x29,0x00,0x28,
0x25,0x36,0xF0,0x10,0xFC,0x27,0x33,0x26,0x29,0x36,0x38,0x39,0x36,0x25,0xF0,0xE9,
0xFF,0x0B,0x38,0x2D,0x36,0x25,0x36,0x29,0x2D,0xFC,0x32,0x33,0x37,0x00,0x37,0x29,
0x39,0x37,0xFC,0x25,0x38,0x25,0x27,0x25,0x32,0x38,0x29,0x37,0xF0,0xE9,0xFF,0x1E,
0x29,0x00,0x28,0x25,0x36,0x29,0x2D,0xFC,0x25,0x34,0x33,0x2D,0x33,0xF0,0xE9,0xFF,
0x17,0x2D,0x32,0x2C,0x25,0x37,0x00,0x26,0x25,0x30,0x25,0x37,0xFC,0x38,0x29,0x00,
0x28,0x25,0x36,0x25,0x33,0xFC,0x25,0x34,0x33,0x2D,0x33,0xF0,0xE9,0xFF,0x0B,0x38,
0x33,0x36,0x28,0x33,0x33,0xFC,0x27,0x29,0x36,0x38,0x33,0x37,0xFC,0x2D,0x32,0x2D,
0x31,0x2D,0x2B,0x33,0x37,0xF0,0xE9,0xFF,0x0B,0x38,0x33,0x36,0x28,0x33,0x25,0x36,
0x29,0x2D,0xFC,0x27,0x29,0x36,0x38,0x33,0x37,0xFC,0x2D,0x32,0x2D,0x31,0x2D,0x2B,
0x33,0x37,0xF0,0xE9,0xFF,0x1D,0x29,0x39,0x00,0x2D,0x32,0x2D,0x31,0x2D,0x2B,0x33,
0xFC,0x32,0x25,0x33,0x00,0x31,0x29,0xFC,0x25,0x2A,0x25,0x37,0x38,0x25,0xE5,0xFF,
0x17,0x29,0x00,0x39,0x37,0x29,0x00,0x34,0x25,0x36,0x25,0xFC,0x25,0x38,0x33,0x36,
0x28,0x33,0x25,0x36,0xFC,0x2D,0x32,0x2D,0x31,0x2D,0x2B,0x33,0x37,0xF0,0xE9,0xFF,
0x0F,0x3C,0x34,0x30,0x33,0x28,0x2D,0x36,0x29,0x2D,0xFC,0x37,0x33,0x26,0x36,0x29,
0x00,0x37,0x29,0x39,0x37,0xFC,0x2D,0x32,0x2D,0x31,0x2D,0x2B,0x33,0x37,0xE5,0xFF,
0x1A,0x33,0x37,0x37,0x33,0x00,0x39,0x37,0x25,0x36,0xFC,0x26,0x25,0x30,0x25,0x37,
0x00,0x34,0x25,0x36,0x25,0xFC,0x29,0x3C,0x34,0x30,0x33,0x28,0x2D,0x36,0xE5,0xFF,
0x0D,0x33,0x31,0x29,0x36,0x29,0x2D,0xFC,0x26,0x25,0x30,0x25,0x37,0x00,0x29,0xFC,
0x29,0x3C,0x34,0x30,0x33,0x28,0x2D,0x36,0x29,0x2D,0xE5,0xFF,0x0B,0x37,0x00,0x26,
0x25,0x30,0x25,0x37,0xFC,0x31,0x29,0x00,0x2A,0x25,0x3E,0x29,0x31,0xFC,0x29,0x3C,
0x34,0x30,0x33,0x28,0x2D,0x36,0xE5,0xFF,0x0B,0x2E,0x39,0x28,0x33,0x00,0x32,0x25,
0xFC,0x3E,0x33,0x32,0x25,0x00,0x28,0x29,0xFC,0x28,0x25,0x32,0x33,0xF0,0xE9,0xFF,
0x0F,0x30,0x2D,0x31,0x2D,0x32,0x25,0x36,0x29,0x2D,0xFC,0x2D,0x32,0x2D,0x31,0x2D,
0x2B,0x33,0x37,0xFC,0x34,0x29,0x35,0x39,0x29,0x32,0x33,0x37,0xE5,0xFF,0x0F,0x30,
0x2D,0x31,0x2D,0x32,0x33,0xFC,0x2D,0x32,0x2D,0x31,0x2D,0x2B,0x33,0x37,0xFC,0x34,
0x29,0x35,0x39,0x29,0x32,0x33,0x37,0xE5,0xFF,0x1C,0x29,0x28,0x39,0x3E,0x2D,0x36,
0x29,0x2D,0x00,0x25,0xFC,0x29,0x32,0x29,0x36,0x2B,0x2D,0x25,0xFC,0x28,0x33,0x00,
0x27,0x2C,0x29,0x2A,0x29,0xE5,0xFF,0x0D,0x33,0x36,0x38,0x33,0x00,0x25,0xFC,0x29,
0x32,0x29,0x36,0x2B,0x2D,0x25,0x00,0x28,0x29,0xFC,0x39,0x31,0x00,0x27,0x2C,0x29,
0x2A,0x29,0xE5,0xFF,0x1A,0x33,0x37,0x37,0x33,0xFC,0x25,0x38,0x33,0x36,0x28,0x33,
0x25,0x36,0xFC,0x2D,0x32,0x2D,0x31,0x2D,0x2B,0x33,0x37,0xF0,0xE9,0xFF,0x0B,0x38,
0x33,0x36,0x28,0x33,0x33,0xFC,0x27,0x29,0x36,0x38,0x33,0x37,0xFC,0x2D,0x32,0x2D,
0x31,0x2D,0x2B,0x33,0x37,0xF0,0xE9,0xFF,0x0B,0x38,0x33,0x36,0x28,0x33,0x25,0x36,
0x29,0x2D,0xFC,0x2D,0x32,0x2D,0x31,0x2D,0x2B,0x33,0x37,0xFC,0x34,0x33,0x36,0x00,
0x3A,0x33,0x27,0x29,0xF0,0xE9,0xFF,0x13,0x32,0x2D,0x31,0x2D,0x2B,0x33,0x37,0xFC,
0x37,0x29,0x36,0x25,0x33,0xFC,0x25,0x38,0x33,0x36,0x28,0x33,0x25,0x28,0x33,0x37,
0xE5,0xFF,0x17,0x29,0x39,0x00,0x34,0x33,0x28,0x29,0x36,0xFC,0x25,0x38,0x33,0x36,
0x28,0x33,0x25,0xFC,0x2D,0x32,0x2D,0x31,0x2D,0x2B,0x33,0x37,0xF0,0xE9,0xFF,0x1A,
0x33,0x37,0x37,0x33,0x00,0x28,0x29,0x37,0x25,0xF0,0x01,0xFC,0x27,0x29,0x30,0x29,
0x36,0x25,0x36,0x00,0x33,0xFC,0x38,0x29,0x31,0x34,0x33,0xF0,0xE9,0xFF,0x0E,0x29,
0x37,0x25,0x27,0x29,0x30,0x29,0x36,0x33,0xFC,0x33,0x00,0x38,0x29,0x31,0x34,0x33,
0xE5,0xFF,0x1E,0x29,0x00,0x28,0x33,0x39,0x00,0x31,0x25,0x2D,0x37,0xFC,0x38,0x29,
0x31,0x34,0x33,0xF0,0xE9,0xFF,0x1F,0x37,0x29,0x00,0x31,0x29,0x39,0xFC,0x34,0x33,
0x28,0x29,0x36,0x00,0x34,0x25,0x36,0x25,0xFC,0x38,0x29,0x36,0x00,0x38,0x29,0x31,
0x34,0x33,0xF0,0xE9,0xFF,0x17,0x29,0x00,0x39,0x37,0x29,0x00,0x34,0x25,0x36,0x25,
0xFC,0x33,0x26,0x38,0x29,0x36,0xFC,0x31,0x25,0x2D,0x37,0x00,0x38,0x29,0x31,0x34,
0x33,0xF0,0xE9,0xFF,0x13,0x32,0x2D,0x31,0x2D,0x2B,0x33,0x37,0xFC,0x28,0x29,0x2D,
0x3C,0x25,0x36,0x25,0x33,0xFC,0x2D,0x38,0x29,0x32,0x37,0xF0,0xE9,0xFF,0x13,0x32,
0x2D,0x31,0x2D,0x2B,0x33,0xFC,0x31,0x29,0x32,0x33,0x36,0x00,0x37,0x33,0x30,0xF0,
0x01,0xFC,0x38,0x25,0x00,0x2D,0x38,0x29,0x32,0x37,0xF0,0xE9,0xFF,0x17,0x29,0x00,
0x39,0x37,0x29,0x00,0x34,0x25,0x36,0x25,0xFC,0x33,0x26,0x38,0x29,0x36,0xFC,0x2D,
0x38,0x29,0x32,0x37,0xF0,0xE9,0xFF,0x13,0x32,0x2D,0x31,0x2D,0x2B,0x33,0x37,0xFC,
0x28,0x29,0x2D,0x3C,0x25,0x36,0x25,0x33,0xFC,0x2D,0x38,0x29,0x32,0x37,0xE5,0xFF,
0x17,0x29,0x00,0x39,0x37,0x29,0x00,0x34,0x25,0x36,0x25,0xFC,0x33,0x26,0x38,0x29,
0x36,0xFC,0x2D,0x38,0x29,0x32,0x37,0xE5,0xFF,0x1E,0x36,0x25,0x32,0x37,0x2A,0x33,
0x36,0x31,0x33,0xFC,0x2D,0x32,0x2D,0x31,0x2D,0x2B,0x33,0x37,0x00,0x29,0x31,0xFC,
0x17,0x29,0x38,0x38,0x25,0x30,0x30,0x37,0xF0,0xE9,0xFF,0x13,0x32,0x2D,0x31,0x2D,
0x2B,0x33,0x37,0xFC,0x37,0x29,0x36,0x25,0x33,0xFC,0x17,0x29,0x38,0x38,0x25,0x30,
0x30,0x37,0xF0,0xE9,0xFF,0x1E,0x36,0x25,0x32,0x37,0x2A,0x33,0x36,0x31,0x33,0xFC,
0x2D,0x32,0x2D,0x31,0x2D,0x2B,0x33,0x37,0x00,0x29,0x31,0xFC,0x17,0x29,0x38,0x38,
0x25,0x30,0x30,0x37,0xF0,0xE9,0xFF,0x13,0x32,0x2D,0x31,0x2D,0x2B,0x33,0x37,0xFC,
0x3A,0x2D,0x36,0x25,0x36,0x25,0x33,0xFC,0x17,0x29,0x38,0x38,0x25,0x30,0x30,0x37,
0xE5,0xFF,0x1E,0x36,0x25,0x32,0x37,0x2A,0x33,0x36,0x31,0x33,0x00,0x33,0xFC,0x2D,
0x32,0x2D,0x31,0x2D,0x2B,0x33,0x00,0x29,0x31,0xFC,0x17,0x29,0x38,0x38,0x25,0x30,
0x30,0xF0,0xE9,0xFF,0x1D,0x29,0x2B,0x39,0x36,0x29,0xFC,0x34,0x39,0x30,0x33,0x00,
0x34,0x25,0x36,0x25,0xFC,0x37,0x39,0x34,0x36,0x29,0x31,0x25,0x27,0x2D,0x25,0xF0,
0xE9,0xFF,0x20,0x33,0x27,0x29,0x00,0x32,0x25,0x33,0xFC,0x34,0x33,0x28,0x29,0x00,
0x38,0x29,0x36,0xFC,0x29,0x37,0x38,0x29,0x00,0x25,0x2D,0x32,0x28,0x25,0xF0,0xE9,
0xFF,0x0F,0x37,0x38,0x29,0x00,0x28,0x29,0x37,0xF0,0x01,0xFC,0x27,0x25,0x32,0x37,
0x25,0x00,0x29,0x31,0xFC,0x34,0x25,0x3E,0x00,0x25,0x2B,0x33,0x36,0x25,0xF0,0xE9,
0xFF,0x0F,0x30,0x29,0x37,0x00,0x27,0x39,0x2D,0x28,0x25,0x31,0xFC,0x28,0x29,0x00,
0x3A,0x33,0x27,0x29,0x00,0x34,0x25,0x36,0x25,0xFC,0x28,0x25,0x36,0x00,0x37,0x25,
0xF0,0x14,0x28,0x29,0xF0,0xE9,0xFF,0x0F,0x30,0x29,0x37,0x00,0x25,0x39,0x31,0x29,
0x32,0x38,0x25,0x31,0xFC,0x25,0x00,0x37,0x39,0x25,0xFC,0x2C,0x25,0x26,0x2D,0x30,
0x2D,0x28,0x25,0x28,0x29,0xF0,0xE9,0xFF,0x0F,0x30,0x29,0x37,0xFC,0x25,0x30,0x38,
0x29,0x36,0x25,0x31,0xFC,0x28,0x25,0x28,0x33,0x37,0xF0,0xE9,0xFF,0x1F,0x31,0xFC,
0x0D,0x3D,0x26,0x29,0x36,0xF0,0x01,0x29,0x30,0x2A,0x33,0xFC,0x31,0x39,0x2D,0x38,
0x33,0x00,0xF0,0x14,0x32,0x2D,0x27,0x33,0xF0,0xE9,0xFF,0x0F,0x37,0x38,0x29,0x00,
0x2E,0xF0,0x10,0xFC,0x28,0x29,0x37,0x27,0x25,0x32,0x37,0x25,0xFC,0x29,0x31,0x00,
0x34,0x25,0x3E,0xF0,0xE9,0xFF,0x1D,0x39,0x25,0x00,0x25,0x36,0x31,0x25,0x00,0x34,
0x36,0x2D,0x32,0x27,0x2D,0x34,0x25,0x30,0xF0,0xE9,0xFF,0x1D,0x39,0x25,0x00,0x25,
0x36,0x31,0x25,0x00,0x37,0x29,0x27,0x39,0x32,0x28,0xF0,0x10,0x36,0x2D,0x25,0xF0,
0xE9,0xFF,0x0C,0x39,0x37,0x38,0x29,0x36,0x00,0x1D,0x2C,0x33,0x38,0x00,0xF2,0xF0,
0xEA,0xF1,0xF0,0xEB,0xF0,0xEB,0xF0,0xEB,0xFF,0x0C,0x39,0x37,0x38,0x29,0x36,0x00,
0x1D,0x2C,0x33,0x38,0x00,0xF2,0xF0,0xEA,0xF0,0xEA,0xF1,0xF0,0xEB,0xF0,0xEB,0xFF,
0x0C,0x39,0x37,0x38,0x29,0x36,0x00,0x1D,0x2C,0x33,0x38,0x00,0xF2,0xF0,0xEA,0xF0,
0xEA,0xF0,0xEA,0xF1,0xF0,0xEB,0xFF,0x0C,0x39,0x37,0x38,0x29,0x36,0x00,0x1D,0x2C,
0x33,0x38,0x00,0xF2,0xF0,0xEA,0xF0,0xEA,0xF0,0xEA,0xF0,0xEA,0xF1,0xFF,0x24,0x00,
0x1D,0x25,0x26,0x29,0x36,0x00,0xF2,0xF0,0xEA,0xF1,0xF0,0xEB,0xF0,0xEB,0xF0,0xEB,
0xF0,0xEB,0xF0,0xEB,0xF0,0xEB,0xFF,0x24,0x00,0x1D,0x25,0x26,0x29,0x36,0x00,0xF2,
0xF0,0xEA,0xF0,0xEA,0xF1,0xF0,0xEB,0xF0,0xEB,0xF0,0xEB,0xF0,0xEB,0xF0,0xEB,0xFF,
0x24,0x00,0x1D,0x25,0x26,0x29,0x36,0x00,0xF2,0xF0,0xEA,0xF0,0xEA,0xF0,0xEA,0xF1,
0xF0,0xEB,0xF0,0xEB,0xF0,0xEB,0xF0,0xEB,0xFF,0x24,0x00,0x1D,0x25,0x26,0x29,0x36,
0x00,0xF2,0xF0,0xEA,0xF0,0xEA,0xF0,0xEA,0xF0,0xEA,0xF1,0xF0,0xEB,0xF0,0xEB,0xF0,
0xEB,0xFF,0x24,0x00,0x1D,0x25,0x26,0x29,0x36,0x00,0xF2,0xF0,0xEA,0xF0,0xEA,0xF0,
0xEA,0xF0,0xEA,0xF0,0xEA,0xF1,0xF0,0xEB,0xF0,0xEB,0xFF,0x24,0x00,0x1D,0x25,0x26,
0x29,0x36,0x00,0xF2,0xF0,0xEA,0xF0,0xEA,0xF0,0xEA,0xF0,0xEA,0xF0,0xEA,0xF0,0xEA,
0xF1,0xF0,0xEB,0xFF,0x24,0x00,0x1D,0x25,0x26,0x29,0x36,0x00,0xF2,0xF0,0xEA,0xF0,
0xEA,0xF0,0xEA,0xF0,0xEA,0xF0,0xEA,0xF0,0xEA,0xF0,0xEA,0xF1,0xFF,0x1E,0x36,0x2D,
0x34,0x30,0x29,0x00,0x1C,0x33,0x28,0x00,0xF2,0xF0,0xEA,0xF1,0xF0,0xEB,0xF0,0xEB,
0xF0,0xEB,0xF0,0xEB,0xFF,0x1E,0x36,0x2D,0x34,0x30,0x29,0x00,0x1C,0x33,0x28,0x00,
0xF2,0xF0,0xEA,0xF0,0xEA,0xF1,0xF0,0xEB,0xF0,0xEB,0xF0,0xEB,0xFF,0x1E,0x36,0x2D,
0x34,0x30,0x29,0x00,0x1C,0x33,0x28,0x00,0xF2,0xF0,0xEA,0xF0,0xEA,0xF0,0xEA,0xF1,
0xF0,0xEB,0xF0,0xEB,0xFF,0x1E,0x36,0x2D,0x34,0x30,0x29,0x00,0x1C,0x33,0x28,0x00,
0xF2,0xF0,0xEA,0xF0,0xEA,0xF0,0xEA,0xF0,0xEA,0xF1,0xF0,0xEB,0xFF,0x1E,0x36,0x2D,
0x34,0x30,0x29,0x00,0x1C,0x33,0x28,0x00,0xF2,0xF0,0xEA,0xF0,0xEA,0xF0,0xEA,0xF0,
0xEA,0xF0,0xEA,0xF1,0xFF,0x1D,0x2C,0x2D,0x29,0x30,0x28,0x00,0x0C,0x33,0x33,0x31,
0x29,0x36,0x25,0x32,0x2B,0x00,0xF2,0xF0,0xEA,0xF1,0xF0,0xEB,0xF0,0xEB,0xFF,0x1D,
0x2C,0x2D,0x29,0x30,0x28,0x00,0x0C,0x33,0x33,0x31,0x29,0x36,0x25,0x32,0x2B,0x00,
0xF2,0xF0,0xEA,0xF0,0xEA,0xF1,0xF0,0xEB,0xFF,0x1D,0x2C,0x2D,0x29,0x30,0x28,0x00,
0x0C,0x33,0x33,0x31,0x29,0x36,0x25,0x32,0x2B,0x00,0xF2,0xF0,0xEA,0xF0,0xEA,0xF0,
0xEA,0xF1,0xFF,0x1D,0x29,0x39,0x00,0x29,0x30,0x29,0x31,0x29,0x32,0x38,0x33,0x00,
0x29,0x37,0x27,0x33,0x30,0x2C,0x2D,0x28,0x33,0xF0,0xE9,0xFF,0x0F,0x2A,0x29,0x2D,
0x38,0x33,0x00,0x28,0x29,0x00,0x29,0x30,0x29,0x38,0x36,0x2D,0x27,0x2D,0x28,0x25,
0x28,0x29,0xF0,0xE9,0xFF,0x0F,0x2A,0x29,0x2D,0x38,0x33,0x00,0x28,0x29,0x00,0x2A,
0x33,0x2B,0x33,0xF0,0xE9,0xFF,0x0F,0x2A,0x29,0x2D,0x38,0x33,0x00,0x28,0x29,0x00,
0x2B,0x29,0x30,0x33,0xF0,0xE9,0xFF,0x1D,0x29,0x39,0x00,0x0D,0x3D,0x26,0x29,0x36,
0xF0,0x01,0x0F,0x30,0x2A,0x33,0x00,0x29,0x37,0x27,0x33,0x30,0x2C,0x2D,0x28,0x33,
0xF0,0xE9,0xFF,0x0E,0x39,0x34,0x30,0x2D,0x27,0x25,0x00,0x37,0x39,0x25,0x00,0x29,
0x32,0x29,0x36,0x2B,0x2D,0x25,0xF0,0xE9,0xFF,0x17,0x29,0x30,0x2C,0x33,0x36,0x25,
0x00,0x37,0x39,0x25,0x00,0x29,0x32,0x29,0x36,0x2B,0x2D,0x25,0x00,0x17,0xF0,0x15,
0x22,0xF0,0xE9,0xFF,0x1D,0x29,0x00,0x38,0x36,0x25,0x32,0x37,0x2A,0x33,0x36,0x31,
0x25,0x00,0x29,0x31,0x00,0x1D,0x39,0x26,0x00,0x1E,0x25,0x32,0x2F,0xF0,0xE9,0xFF,
0x1C,0x29,0x27,0x39,0x34,0x29,0x36,0x25,0x00,0x39,0x31,0x00,0x34,0x33,0x39,0x27,
0x33,0x00,0x28,0x29,0x00,0x29,0x32,0x29,0x36,0x2B,0x2D,0x25,0xF0,0xE9,0xFF,0x1C,
0x29,0x37,0x38,0x25,0x39,0x36,0x25,0x00,0x37,0x39,0x25,0x00,0x29,0x32,0x29,0x36,
0x2B,0x2D,0x25,0xF0,0xE9,0xFF,0x0D,0x33,0x32,0x3A,0x29,0x36,0x38,0x29,0x00,0x26,
0x25,0x30,0x25,0x37,0x00,0x29,0x31,0x00,0x29,0x32,0x29,0x36,0x2B,0x2D,0x25,0xE5,
0xFF,0x0B,0x39,0x31,0x29,0x32,0x38,0x25,0x00,0x37,0x39,0x25,0x00,0x28,0x29,0x2A,
0x29,0x37,0x25,0xF0,0xE9,0xFF,0x0B,0x39,0x31,0x29,0x32,0x38,0x25,0x00,0x37,0x39,
0x25,0x00,0x3A,0x29,0x30,0x33,0x27,0x2D,0x28,0x25,0x28,0x29,0xF0,0xE9,0xFF,0x1C,
0x29,0x28,0x39,0x3E,0x00,0x25,0x00,0x3A,0x29,0x30,0x33,0x27,0x2D,0x28,0x25,0x28,
0x29,0x00,0x28,0x29,0x00,0x28,0x29,0x37,0x30,0x2D,0x3E,0x29,0xF0,0xE9,0xFF,0x0B,
0x27,0x29,0x30,0x29,0x36,0x25,0x00,0x37,0x39,0x25,0x00,0x29,0x37,0x27,0x25,0x30,
0x25,0x28,0x25,0xF0,0xE9,0xFF,0x1A,0x29,0x36,0x31,0x2D,0x38,0x29,0x00,0x37,0x29,
0x00,0x31,0x25,0x32,0x38,0x29,0x36,0x00,0x2A,0x2D,0x36,0x31,0x29,0xF0,0xE9,0xFF,
0x1E,0x29,0x00,0x36,0x29,0x37,0x2B,0x25,0x38,0x25,0x00,0x28,0x29,0x00,0x39,0x31,
0x00,0x26,0x39,0x36,0x25,0x27,0x33,0xF0,0xE9,0xFF,0x0E,0x2D,0x37,0x34,0x25,0x36,
0x25,0x00,0x26,0x25,0x30,0x25,0x37,0x00,0x28,0x29,0x00,0x27,0x33,0x26,0x29,0x36,
0x38,0x39,0x36,0x25,0xF0,0xE9,0xFF,0x11,0x36,0x39,0x28,0x25,0x00,0x29,0x31,0x00,
0x25,0x30,0x2B,0x39,0x32,0x37,0x00,0x2D,0x32,0x2D,0x31,0x2D,0x2B,0x33,0x37,0xF0,
0xE9,0xFF,0x0D,0x33,0x32,0x37,0x33,0x31,0x29,0x00,0x26,0x25,0x30,0x25,0x37,0x00,
0x34,0x25,0x36,0x25,0x00,0x29,0x3C,0x34,0x30,0x33,0x28,0x2D,0x36,0xF0,0xE9,0xFF,
0x1E,0x29,0x00,0x34,0x36,0x33,0x38,0x29,0x2B,0x29,0x00,0x28,0x29,0x00,0x28,0x25,
0x32,0x33,0xF0,0xE9,0xFF,0x0F,0x30,0x2D,0x31,0x2D,0x32,0x25,0x00,0x25,0x30,0x2B,
0x39,0x32,0x37,0x00,0x2D,0x32,0x2D,0x31,0x2D,0x2B,0x33,0x37,0xF0,0xE9,0xFF,0x1C,
0x29,0x28,0x39,0x3E,0x00,0x25,0x00,0x29,0x32,0x29,0x36,0x2B,0x2D,0x25,0x00,0x28,
0x33,0x00,0x27,0x2C,0x29,0x2A,0x29,0x00,0x29,0x31,0x00,0x06,0x01,0xE9,0xF0,0xE9,
0xFF,0x0B,0x38,0x33,0x36,0x28,0x33,0x25,0x00,0x2D,0x32,0x2D,0x31,0x2D,0x2B,0x33,
0x37,0x00,0x38,0x29,0x31,0x34,0x33,0x36,0x25,0x36,0x2D,0x25,0x31,0x29,0x32,0x38,
0x29,0xF0,0xE9,0xFF,0x0F,0x37,0x38,0x29,0x00,0x28,0x29,0x37,0x25,0x27,0x29,0x30,
0x29,0x36,0x25,0x00,0x33,0x00,0x38,0x29,0x31,0x34,0x33,0xF0,0xE9,0xFF,0x13,0x32,
0x2D,0x31,0x2D,0x2B,0x33,0x37,0x00,0x28,0x29,0x2D,0x3C,0x25,0x36,0x25,0x33,0x00,
0x2D,0x38,0x29,0x32,0x37,0xF0,0xE9,0xFF,0x1E,0x36,0x25,0x32,0x37,0x2A,0x33,0x36,
0x31,0x25,0x00,0x2D,0x32,0x2D,0x31,0x2D,0x2B,0x33,0x00,0x29,0x31,0x00,0x17,0x29,
0x38,0x38,0x25,0x30,0x30,0xF0,0xE9,0xFF,0x13,0x32,0x3A,0x29,0x32,0x27,0x2D,0x26,
0x2D,0x30,0x2D,0x28,0x25,0x28,0x29,0x00,0x38,0x29,0x31,0x34,0x33,0x36,0xF0,0x10,
0x36,0x2D,0x25,0xF0,0xE9,0xFF,0x0B,0x26,0x33,0x36,0x38,0x25,0x36,0x00,0x29,0x00,
0x28,0x29,0x2D,0x3C,0x25,0x36,0x00,0x25,0x00,0x31,0x2D,0x37,0x37,0x25,0x33,0xF0,
0xE9,0xFF,0x1A,0x36,0x29,0x37,0x37,0x2D,0x33,0x32,0x29,0x00,0x0B,0x00,0x34,0x25,
0x36,0x25,0x00,0x29,0x37,0x27,0x25,0x34,0x25,0x36,0xF0,0xE9,0xFF,0x20,0x33,0x27,
0x29,0x00,0x32,0x25,0x33,0x00,0x34,0x33,0x28,0x29,0x00,0x29,0x37,0x27,0x25,0x34,
0x25,0x36,0x00,0x25,0x2B,0x33,0x36,0x25,0xF0,0xE9,0xFF,0x0B,0x36,0x31,0x25,0x3E,
0x29,0x32,0x25,0x00,0x39,0x31,0x25,0x00,0x3A,0x2D,0x28,0x25,0x00,0x29,0x3C,0x38,
0x36,0x25,0xF0,0xE9,0xFF,0x1C,0x29,0x31,0x33,0x3A,0x29,0x36,0x00,0x33,0x00,0x0F,
0x30,0x29,0x31,0x29,0x32,0x38,0x33,0x00,0x29,0x37,0x27,0x33,0x30,0x2C,0x2D,0x28,
0x33,0xF0,0xE9,0xFF,0x0B,0x34,0x29,0x32,0x25,0x37,0x00,0x04,0x00,0x34,0x29,0x36,
0x31,0x2D,0x38,0x2D,0x28,0x33,0x37,0x00,0x34,0x33,0x36,0x00,0x3A,0x29,0x3E,0xF0,
0xE9,0xFF,0x1D,0x33,0x00,0x2A,0x39,0x32,0x27,0x2D,0x33,0x32,0x25,0x00,0x29,0x31,
0x00,0x31,0x2D,0x37,0x37,0x25,0x33,0xF0,0xE9,0xFF,0x19,0x26,0x36,0x2D,0x2B,0x25,
0x28,0x33,0xE5,0xFF,0x23,0x25,0x2C,0x33,0x33,0xE5,0xFC,0x0C,0x29,0x31,0x00,0x33,
0xFC,0x35,0x39,0x29,0x00,0x29,0x39,0x00,0x35,0x39,0x29,0x36,0x2D,0x25,0xFF,0x19,
0x26,0x36,0x2D,0x2B,0x25,0x28,0x33,0xF0,0xEC,0xFC,0x24,0x29,0x36,0x33,0xF0,0xE9,
0xFF,0x19,0x26,0x36,0x2D,0x2B,0x25,0x28,0x33,0xF0,0xEC,0xFC,0x24,0x29,0x36,0x33,
0xE5,0xFF,0x19,0x26,0x36,0x2D,0x2B,0x25,0x28,0x33,0xFC,0x34,0x29,0x30,0x25,0xFC,
0x27,0x33,0x31,0x2D,0x28,0x25,0xFF,0x0F,0x39,0x00,0x27,0x36,0x29,0x37,0x27,0x2D,
0xFC,0x2B,0x36,0x25,0x27,0x25,0x37,0x00,0x25,0xFC,0x3A,0x33,0x27,0x29,0xF0,0xEC,
0x00,0x24,0x29,0x36,0x33,0xF0,0xE9,0xFF,0x0E,0x29,0x30,0x2D,0x27,0x2D,0x33,0x37,
0x33,0xE5,0xFC,0x0E,0x29,0x30,0x2D,0x27,0x2D,0x33,0x37,0x33,0xE5,0xFF,0x19,0x26,
0x36,0x2D,0x2B,0x25,0x28,0x33,0xE5,0xFF,0x1A,0x36,0x29,0x27,0x2D,0x37,0x33,0x00,
0x28,0x29,0xFC,0x31,0x25,0x2D,0x37,0x00,0x34,0x25,0x36,0x25,0xFC,0x27,0x36,0x29,
0x37,0x27,0x29,0x36,0xF0,0xE9,0xF0,0xE9,0xF0,0xE9,0xFF,0x24,0x29,0x36,0x33,0xF0,
0xEC,0x00,0x31,0x29,0x00,0x28,0x29,0xFC,0x31,0x25,0x2D,0x37,0xF0,0xEC,0x00,0x34,
0x33,0x36,0xFC,0x2A,0x25,0x3A,0x33,0x36,0xF0,0xE9,0xF0,0xE9,0xF0,0xE9,0xE5,0xFF,
0x1D,0x33,0x00,0x31,0x25,0x2D,0x37,0xFC,0x39,0x31,0xFC,0x34,0x33,0x39,0x27,0x33,
0xF0,0xE9,0xFF,0x17,0x29,0x00,0x37,0x2D,0x32,0x38,0x33,0xFC,0x26,0x29,0x31,0xF0,
0xEC,0xFC,0x33,0x26,0x36,0x2D,0x2B,0x25,0x28,0x33,0xF0,0xE9,0xFF,0x1A,0x36,0x29,
0x27,0x2D,0x37,0x33,0x00,0x28,0x29,0xFC,0x0F,0x32,0x29,0x36,0x2B,0x3D,0xFC,0x0D,
0x36,0x3D,0x37,0x38,0x25,0x30,0x37,0xE5,0xFF,0x1A,0x33,0x36,0x00,0x2A,0x25,0x3A,
0x33,0x36,0xFC,0x31,0x29,0x00,0x25,0x30,0x2D,0x31,0x29,0x32,0x38,0x29,0xFF,0x1A,
0x36,0x29,0x37,0x37,0x2D,0x33,0x32,0x29,0x00,0x33,0x00,0x26,0x33,0x38,0x25,0x33,
0x00,0x0B,0xF0,0xE9,0xFF,0x0F,0x37,0x27,0x33,0x30,0x2C,0x25,0x00,0x39,0x31,0x00,
0x0F,0x30,0x2A,0x33,0xF0,0xE9,0xFF,0x1A,0x36,0x29,0x37,0x37,0x2D,0x33,0x32,0x29,
0x00,0x0B,0x00,0x34,0x25,0x36,0x25,0x00,0x36,0x29,0x31,0x33,0x3A,0x29,0x36,0xF0,
0xE9,0xFF,0x20,0x33,0x27,0x29,0x00,0x2E,0xF0,0x10,0x00,0x33,0x00,0x39,0x37,0x33,
0x39,0xF0,0xE9,0xFF,0x19,0x00,0x0F,0x30,0x2A,0x33,0x00,0x32,0x25,0x33,0x00,0x27,
0x36,0x29,0x37,0x27,0x29,0x39,0xF0,0xE9,0xFF,0x14,0xF0,0x10,0x00,0x2A,0x33,0x2D,
0x00,0x28,0x29,0x37,0x27,0x25,0x36,0x36,0x29,0x2B,0x25,0x28,0x33,0xF0,0xE9,0xFF,
0x0F,0x37,0x27,0x33,0x30,0x2C,0x25,0x00,0x29,0x00,0x34,0x36,0x29,0x37,0x37,0x2D,
0x33,0x32,0x29,0x00,0x33,0x00,0x26,0x33,0x38,0x25,0x33,0x00,0x0B,0xF0,0xE9,0xFF,
0x0D,0x36,0xF0,0xE9,0xF0,0x04,0xFF,0x0B,0x00,0x0F,0x32,0x38,0x36,0x29,0x2B,0x25,
0x36,0x00,0xF0,0x03,0x00,0x18,0x29,0x27,0x29,0x37,0x37,0xF0,0x10,0x36,0x2D,0x33,
0xFF,0x14,0xF0,0x10,0x00,0x27,0x36,0x29,0x37,0x27,0x29,0x39,0x00,0x27,0x33,0x31,
0x34,0x30,0x29,0x38,0x25,0x31,0x29,0x32,0x38,0x29,0xF0,0xE9,0xFF,0x20,0x33,0x27,
0x29,0x00,0x2E,0xF0,0x10,0x00,0x33,0x00,0x39,0x37,0x33,0x39,0xF0,0xE9,0xFF,0x18,
0x25,0x33,0x00,0x34,0x36,0x29,0x27,0x2D,0x37,0x25,0x00,0x27,0x36,0x29,0x37,0x27,
0x29,0x36,0xF0,0xE9,0xFF,0x0F,0x37,0x27,0x33,0x30,0x2C,0x25,0x00,0x39,0x31,0x00,
0x0D,0x3D,0x26,0x29,0x36,0xF0,0x01,0x0F,0x30,0x2A,0x33,0xF0,0xE9,0xFF,0x1D,0x25,
0x30,0x3A,0x25,0x36,0x00,0x33,0x37,0xFC,0x28,0x25,0x28,0x33,0x37,0x00,0x28,0x33,
0x00,0x2E,0x33,0x2B,0x33,0xF0,0x08,0xFC,0x00,0x00,0x1D,0x13,0x17,0xFC,0x00,0x00,
0x18,0x0B,0x19,0xFF,0x0F,0x31,0x00,0x35,0x39,0x25,0x30,0x00,0x37,0x30,0x33,0x38,
0xF0,0x08,0xFF,0x19,0x37,0x00,0x28,0x25,0x28,0x33,0x37,0x00,0x2A,0x33,0x36,0x25,
0x31,0xFC,0x37,0x25,0x30,0x3A,0x33,0x37,0xF0,0xE9,0xFF,0x1D,0x33,0x26,0x36,0x29,
0x37,0x27,0x36,0x29,0x3A,0x29,0x36,0xF0,0x08,0xFC,0x00,0x00,0x1D,0x13,0x17,0xFC,
0x00,0x00,0x18,0x0B,0x19,0xFF,0x19,0x37,0x00,0x28,0x25,0x28,0x33,0x37,0x00,0x2A,
0x33,0x36,0x25,0x31,0xFC,0x37,0x33,0x26,0x36,0x29,0x37,0x27,0x36,0x2D,0x38,0x33,
0x37,0xF0,0xE9,0xFF,0x00,0x00,0x00,0x00,0x00,0x00,0x00,0x00,0x00,0x00,0x00,0x1D,
0x1E,0x0B,0x10,0x10,0xFF,0xFF,0xFF,0xFF,0x00,0x00,0x00,0x00,0x00,0x00,0x00,0x0E,
0x13,0x1C,0x0F,0x1E,0x19,0x1C,0xFF,0x00,0x00,0x00,0x00,0x00,0x00,0x00,0x00,0x00,
0x1C,0x23,0x19,0x1E,0x0B,0x00,0x13,0x1E,0x19,0xFF,0x00,0x00,0x00,0x00,0x00,0x00,
0x00,0x00,0x00,0x23,0x19,0x1D,0x12,0x13,0x18,0x19,0x1C,0x13,0x00,0x15,0x0B,0x21,
0x0B,0x18,0x19,0xFF,0xFF,0x00,0x00,0x00,0x00,0x00,0x00,0x00,0x11,0x0B,0x17,0x0F,
0x00,0x0E,0x0F,0x1D,0x13,0x11,0x18,0x0F,0x1C,0xFF,0x00,0x00,0x00,0x00,0x00,0x00,
0x00,0x00,0x00,0x17,0x0B,0x1D,0x0B,0x12,0x13,0x1C,0x19,0x00,0x17,0x13,0x24,0x1F,
0x15,0x19,0x1D,0x12,0x13,0xFF,0xFF,0x00,0x00,0x00,0x00,0x00,0x00,0x00,0x0D,0x12,
0x0B,0x1C,0x0B,0x0D,0x1E,0x0F,0x1C,0x00,0x0E,0x0F,0x1D,0x13,0x11,0x18,0x0F,0x1C,
0xFF,0x00,0x00,0x00,0x00,0x00,0x00,0x00,0x00,0x00,0x1E,0x19,0x1C,0x1F,0x00,0x18,
0x0B,0x15,0x0B,0x23,0x0B,0x17,0x0B,0xFF,0xFF,0x00,0x00,0x00,0x00,0x00,0x00,0x00,
0x0D,0x12,0x0B,0x1C,0x0B,0x0D,0x1E,0x0F,0x1C,0x00,0x1D,0x1E,0x0B,0x10,0x10,0xFF,
0x00,0x00,0x00,0x00,0x00,0x00,0x00,0x00,0x00,0x17,0x0B,0x1D,0x0B,0x23,0x0B,0x00,
0x1D,0x1F,0x24,0x1F,0x15,0x13,0xFF,0x00,0x00,0x00,0x00,0x00,0x00,0x00,0x00,0x00,
0x12,0x13,0x1C,0x19,0x15,0x0B,0x1E,0x1D,0x1F,0x00,0x17,0x0B,0x0F,0x0E,0x0B,0xFF,
0xFF,0x00,0x00,0x00,0x00,0x00,0x00,0x00,0x00,0x00,0x23,0x1F,0x1F,0x15,0x13,0x00,
0x1E,0x1D,0x1F,0x18,0x0F,0x17,0x13,0xFF,0x00,0x00,0x00,0x00,0x00,0x00,0x00,0x00,
0x00,0x15,0x0F,0x13,0x13,0x0D,0x12,0x13,0x00,0x18,0x0B,0x0C,0x0F,0x1E,0x0B,0x18,
0x13,0xFF,0x00,0x00,0x00,0x00,0x00,0x00,0x00,0x00,0x00,0x12,0x13,0x1C,0x19,0x18,
0x19,0x1C,0x13,0x00,0x1D,0x12,0x13,0x1C,0x0B,0x15,0x1F,0x1C,0x0B,0xFF,0xFF,0x00,
0x00,0x00,0x00,0x00,0x00,0x00,0x00,0x00,0x1D,0x1E,0x1F,0x0E,0x13,0x19,0x00,0x0B,
0xF0,0x01,0x0D,0x0B,0x1E,0xFF,0x00,0x00,0x00,0x00,0x00,0x00,0x00,0x00,0x00,0x00,
0x00,0x1E,0x0B,0x15,0x0B,0x12,0x13,0x15,0x19,0x00,0x15,0x13,0x17,0x1F,0x1C,0x0B,
0xFF,0x00,0x00,0x00,0x00,0x00,0x00,0x00,0x00,0x00,0x00,0x00,0x17,0x0B,0x1D,0x0B,
0x17,0x13,0x00,0x1D,0x1F,0x0F,0x19,0x15,0x0B,0xFF,0x00,0x00,0x00,0x00,0x00,0x00,
0x00,0x00,0x00,0x00,0x00,0x17,0x0B,0x1D,0x0B,0x15,0x19,0x00,0x1E,0x0B,0x18,0x0B,
0x15,0x0B,0xFF,0x00,0x00,0x00,0x00,0x00,0x00,0x00,0x00,0x00,0x00,0x00,0x1E,0x19,
0x1D,0x12,0x13,0x17,0x13,0x00,0x10,0x1F,0x15,0x1F,0x1D,0x12,0x13,0x17,0x0B,0xFF,
0x00,0x00,0x00,0x00,0x00,0x00,0x00,0x00,0x00,0x00,0x00,0x15,0x0B,0x24,0x1F,0x18,
0x19,0x1C,0x13,0x00,0x23,0x0B,0x12,0x0B,0x1E,0x0B,0xFF,0xFF,0x00,0x00,0x00,0x00,
0x00,0x00,0x00,0x0E,0x0F,0x1D,0x13,0x11,0x18,0x0F,0x1C,0x00,0x0E,0x0F,0x00,0x0C,
0x0B,0x0D,0x15,0x11,0x1C,0x19,0x1F,0x18,0x0E,0xFF,0x00,0x00,0x00,0x00,0x00,0x00,
0x00,0x00,0x00,0x18,0x19,0x0C,0x19,0x1C,0x1F,0x00,0x12,0x19,0x18,0x0E,0x0B,0xFF,
0xFF,0x00,0x00,0x00,0x00,0x00,0x00,0x00,0x00,0x00,0x12,0x13,0x0E,0x0F,0x1E,0x0B,
0x15,0x0B,0x00,0x15,0x0B,0x1E,0x1D,0x1F,0x15,0x13,0xFF,0x00,0x00,0x00,0x00,0x00,
0x00,0x00,0x00,0x00,0x23,0x1F,0x15,0x13,0x17,0x0B,0x1D,0x0B,0x00,0x1E,0x0B,0x17,
0x1F,0x1C,0x0B,0xFF,0x00,0x00,0x00,0x00,0x00,0x00,0x00,0x00,0x00,0x1D,0x0B,0x1E,
0x19,0x1C,0x1F,0x00,0x18,0x0B,0x1C,0x13,0x1E,0x0B,0xFF,0xFF,0x00,0x00,0x00,0x00,
0x00,0x00,0x00,0x00,0x00,0x13,0x1A,0x1A,0x0F,0x13,0x00,0x17,0x0B,0x1D,0x1F,0x0E,
0x0B,0xFF,0x00,0x00,0x00,0x00,0x00,0x00,0x00,0x00,0x00,0x14,0x1F,0x18,0x00,0x17,
0x1F,0x18,0x0B,0x15,0x0B,0x1E,0x0B,0xFF,0xFF,0x00,0x00,0x00,0x00,0x00,0x00,0x00,
0x1A,0x1C,0x19,0x11,0x1C,0x0B,0x17,0x0B,0x0E,0x19,0x1C,0x0F,0x1D,0xFF,0x00,0x00,
0x00,0x00,0x00,0x00,0x00,0x00,0x00,0x1E,0x0B,0x15,0x0B,0x23,0x1F,0x15,0x13,0x00,
0x13,0x18,0x19,0x1F,0x0F,0xFF,0xFF,0x00,0x00,0x00,0x00,0x00,0x00,0x00,0x00,0x00,
0x15,0x0B,0x24,0x1F,0x1E,0x0B,0x15,0x0B,0x00,0x23,0x0B,0x18,0x0B,0x11,0x13,0x1D,
0x0B,0x21,0x0B,0xFF,0x00,0x00,0x00,0x00,0x00,0x00,0x00,0x00,0x00,0x0B,0x15,0x13,
0x12,0x13,0x1C,0x19,0x00,0x1D,0x12,0x13,0x1D,0x12,0x13,0x0E,0x19,0xFF,0xFF,0x00,
0x00,0x00,0x00,0x00,0x00,0x00,0x00,0x00,0x12,0x13,0x1C,0x19,0x15,0x0B,0x1E,0x1D,
0x1F,0x00,0x15,0x0B,0x21,0x0B,0x18,0x13,0x1D,0x12,0x13,0xFF,0xFF,0x00,0x00,0x00,
0x00,0x00,0x00,0x00,0x0E,0x0F,0x1D,0x13,0x11,0x18,0x0F,0x1C,0x00,0x0E,0x0F,0x00,
0x1D,0x19,0x17,0xFF,0x00,0x00,0x00,0x00,0x00,0x00,0x00,0x00,0x00,0x13,0x1A,0x1A,
0x19,0x00,0x23,0x0B,0x17,0x0B,0x0E,0x0B,0xFF,0xFF,0x00,0x00,0x00,0x00,0x00,0x00,
0x00,0x20,0x19,0x13,0x0D,0x0F,0x00,0x0D,0x0B,0x1D,0x1E,0xFF,0x00,0x00,0x00,0x00,
0x00,0x00,0x00,0x00,0x00,0x23,0x1F,0x1E,0x19,0x00,0x15,0x0B,0x24,0x0B,0x17,0x0B,
0xFF,0x00,0x00,0x00,0x00,0x00,0x00,0x00,0x00,0x00,0x1C,0x13,0x0F,0x00,0x1E,0x0B,
0x18,0x0B,0x15,0x0B,0xFF,0x00,0x00,0x00,0x00,0x00,0x00,0x00,0x00,0x00,0x17,0x0F,
0x11,0x1F,0x17,0x13,0x00,0x19,0x11,0x0B,0x1E,0x0B,0xFF,0x00,0x00,0x00,0x00,0x00,
0x00,0x00,0x00,0x00,0x15,0x0B,0x24,0x1F,0x23,0x0B,0x00,0x18,0x0B,0x15,0x0B,0x13,
0xFF,0x00,0x00,0x00,0x00,0x00,0x00,0x00,0x00,0x00,0x1E,0x0F,0x1E,0x1D,0x1F,0x00,
0x13,0x18,0x0B,0x0E,0x0B,0xFF,0x00,0x00,0x00,0x00,0x00,0x00,0x00,0x00,0x00,0x23,
0x1F,0x15,0x0B,0x00,0x13,0x17,0x0B,0x13,0xFF,0xFF,0x00,0x00,0x00,0x00,0x00,0x00,
0x00,0x1A,0x0B,0x0D,0x15,0x0B,0x11,0x0F,0x00,0x0E,0x0F,0x1D,0x13,0x11,0x18,0x0F,
0x1C,0xFF,0x00,0x00,0x00,0x00,0x00,0x00,0x00,0x00,0x00,0x17,0x13,0x18,0x19,0x1C,
0x1F,0x00,0x18,0x0B,0x11,0x0B,0x19,0x15,0x0B,0xFF,0xFF,0x00,0x00,0x00,0x00,0x00,
0x00,0x00,0x1E,0x0F,0x1D,0x1E,0x00,0x1A,0x16,0x0B,0x23,0x0F,0x1C,0x1D,0xFF,0x00,
0x00,0x00,0x00,0x00,0x00,0x00,0x00,0x00,0x0B,0x15,0x13,0x18,0x19,0x1C,0x13,0x00,
0x17,0x1F,0x1C,0x0B,0x1E,0x0B,0xFF,0x00,0x00,0x00,0x00,0x00,0x00,0x00,0x00,0x00,
0x1E,0x0B,0x15,0x0B,0x1D,0x12,0x13,0x00,0x12,0x0B,0x1D,0x12,0x13,0x17,0x19,0x1E,
0x19,0xFF,0x00,0x00,0x00,0x00,0x00,0x00,0x00,0x00,0x00,0x18,0x0B,0x19,0x15,0x13,
0x00,0x15,0x0B,0x17,0x1F,0x1C,0x0B,0xFF,0xFF,0x00,0x00,0x00,0x00,0x00,0x00,0x00,
0x1D,0x1A,0x0F,0x0D,0x13,0x0B,0x16,0x00,0x1E,0x12,0x0B,0x18,0x15,0x1D,0xFF,0x00,
0x00,0x00,0x00,0x00,0x00,0x00,0x00,0x00,0x19,0x19,0x15,0x19,0xFF,0x00,0x00,0x00,
0x00,0x00,0x00,0x00,0x00,0x00,0x17,0x0B,0x15,0x19,0x1E,0x19,0x00,0x1E,0x19,0x17,
0x19,0x24,0x0B,0x21,0x0B,0xFF,0x00,0x00,0x00,0x00,0x00,0x00,0x00,0x00,0x00,0x1E,
0x19,0x1D,0x12,0x13,0x12,0x13,0x15,0x19,0x00,0x1F,0x15,0x0B,0x13,0xFF,0x00,0x00,
0x00,0x00,0x00,0x00,0x00,0x00,0x00,0x15,0x1F,0x18,0x13,0x12,0x13,0x1E,0x19,0x00,
0x1E,0x0B,0x15,0x0B,0x1D,0x12,0x13,0x17,0x0B,0xFF,0x00,0x00,0x00,0x00,0x00,0x00,
0x00,0x00,0x00,0x15,0x1F,0x18,0x13,0x19,0x00,0x10,0x1F,0x18,0x0B,0x12,0x0B,0x1C,
0x0B,0xFF,0x00,0x00,0x00,0x00,0x00,0x00,0x00,0x00,0x00,0x12,0x13,0x1C,0x19,0x15,
0x19,0x00,0x18,0x0B,0x15,0x0B,0x17,0x1F,0x1C,0x0B,0xFF,0x00,0x00,0x00,0x00,0x00,
0x00,0x00,0x00,0x00,0x12,0x13,0x1C,0x19,0x23,0x1F,0x15,0x13,0x00,0x13,0x1C,0x13,
0x0F,0xFF,0x00,0x00,0x00,0x00,0x00,0x00,0x00,0x00,0x00,0x1D,0x12,0x13,0x11,0x0F,
0x23,0x19,0x1D,0x12,0x13,0x00,0x15,0x19,0x0C,0x0B,0x23,0x0B,0x1D,0x12,0x13,0xFF,
0x00,0x00,0x00,0x00,0x00,0x00,0x00,0x00,0x00,0x0B,0x1D,0x1F,0x15,0x0B,0x00,0x12,
0x0B,0x23,0x0B,0x1D,0x12,0x13,0xFF,0x00,0x00,0x00,0x00,0x00,0x00,0x00,0x00,0x00,
0x1D,0x0B,0x1C,0x0B,0x00,0x1E,0x0B,0x18,0x0B,0x15,0x0B,0xFF,0x00,0x00,0x00,0x00,
0x00,0x00,0x00,0x00,0x00,0x12,0x13,0x1C,0x19,0x18,0x19,0x1C,0x13,0x00,0x19,0x14,
0x13,0x17,0x0B,0xFF,0x00,0x00,0x00,0x00,0x00,0x00,0x00,0x00,0x00,0x1E,0x0B,0x15,
0x1F,0x23,0x0B,0x00,0x1D,0x12,0x13,0x1C,0x0B,0x13,0x21,0x0B,0xFF,0x00,0x00,0x00,
0x00,0x00,0x00,0x00,0x00,0x00,0x1D,0x2C,0x2D,0x3E,0x39,0x2F,0x2D,0x27,0x2C,0x2D,
0x00,0x0B,0x26,0x29,0xFF,0x00,0x00,0x00,0x00,0x00,0x00,0x00,0x00,0x00,0x0F,0x36,
0x2D,0x2F,0x00,0xEB,0x11,0x29,0x32,0x0B,0x3E,0x29,0x25,0xEB,0x00,0x1D,0x39,0x3E,
0x39,0x2F,0x2D,0xFF,0x00,0x00,0x00,0x00,0x00,0x00,0x00,0x00,0x00,0x15,0x0B,0x19,
0x1C,0x13,0x00,0x10,0x1F,0x18,0x0B,0x15,0x19,0x1D,0x12,0x13,0xFF,0x00,0x00,0x00,
0x00,0x00,0x00,0x00,0x00,0x00,0x1D,0x1E,0x1F,0x0E,0x13,0x19,0x09,0x09,0x03,0xFF,
0xFF,0x00,0x00,0x00,0x00,0x00,0x00,0x00,0x00,0x00,0x0B,0x16,0x16,0x00,0x0D,0x0B,
0x1A,0x0D,0x19,0x17,0x00,0x1D,0x1E,0x0B,0x10,0x10,0xFF,0xFF,0x00,0x00,0x00,0x00,
0x00,0x00,0x00,0x1D,0x1F,0x1A,0x0F,0x1C,0x20,0x13,0x1D,0x19,0x1C,0xFF,0x00,0x00,
0x00,0x00,0x00,0x00,0x00,0x00,0x00,0x23,0x19,0x1D,0x12,0x13,0x12,0x13,0x1D,0x0B,
0x00,0x1E,0x1D,0x1F,0x0E,0x0B,0xFF,0xFF,0x00,0x00,0x00,0x00,0x00,0x00,0x00,0x1A,
0x1C,0x19,0x0E,0x1F,0x0D,0x0F,0x1C,0xFF,0x00,0x00,0x00,0x00,0x00,0x00,0x00,0x00,
0x00,0x1E,0x0B,0x15,0x1F,0x23,0x0B,0x00,0x0B,0x13,0x24,0x1F,0xFF,0x00,0x00,0x00,
0x00,0x00,0x00,0x00,0x00,0x00,0x15,0x0F,0x13,0x14,0x13,0x00,0x13,0x18,0x0B,0x10,
0x1F,0x18,0x0F,0xFF,0xFF,0xFF,0x00,0x00,0x00,0x00,0x00,0x00,0x00,0x1A,0x1C,0x0F,
0x1D,0x0F,0x18,0x1E,0x0F,0x0E,0x00,0x0C,0x23,0x00,0x0D,0x0B,0x1A,0x0D,0x19,0x17,
0xFF,0xFF,0xFF,0xFF,0xFF,0x00,0x00,0x19,0x26,0x36,0x2D,0x2B,0x25,0x28,0x33,0x00,
0x34,0x33,0x36,0x00,0x2E,0x33,0x2B,0x25,0x36,0xE5,0xFF,0x1A,0x25,0x36,0x25,0x00,
0x2E,0x33,0x2B,0x25,0x36,0x00,0x32,0x33,0x00,0x31,0x33,0x28,0x33,0x00,0x12,0x0B,
0x1C,0x0E,0xF0,0xEC,0xFC,0x37,0x25,0x30,0x3A,0x29,0x00,0x33,0x37,0x00,0x28,0x25,
0x28,0x33,0x37,0xF0,0xEC,0x00,0x28,0x29,0x34,0x33,0x2D,0x37,0xFC,0x31,0x25,0x32,
0x38,0x29,0x32,0x2C,0x25,0x00,0x33,0x00,0x0C,0x33,0x38,0x25,0x33,0x00,0x16,0xFC,
0x34,0x36,0x29,0x37,0x37,0x2D,0x33,0x32,0x25,0x28,0x33,0x00,0x25,0x33,0x00,0xEB,
0x18,0x0F,0x21,0x00,0x11,0x0B,0x17,0x0F,0xEB,0xF0,0xE9,0xFF,0x1D,0x25,0x30,0x3A,
0x29,0x00,0x27,0x33,0x31,0x00,0x38,0x33,0x28,0x33,0x37,0x00,0x33,0x37,0xFC,0x0D,
0x3D,0x26,0x29,0x36,0xF0,0x01,0x0F,0x30,0x2A,0x33,0x37,0x00,0x39,0x37,0x25,0x28,
0x33,0x37,0xF0,0xEC,0xFC,0x37,0x29,0x2B,0x39,0x36,0x29,0x00,0x1C,0x00,0x29,0x00,
0x29,0x37,0x27,0x33,0x30,0x2C,0x25,0x00,0xEB,0x18,0x0F,0x21,0x00,0x11,0x0B,0x17,
0x0F,0xEB,0xFC,0x34,0x25,0x36,0x25,0x00,0x2E,0x33,0x2B,0x25,0x36,0x00,0x32,0x33,
0x00,0x31,0x33,0x28,0x33,0x00,0x1F,0x16,0x1E,0x13,0x17,0x0B,0x1E,0x0F,0xF0,0xE9,
0xFF,0x1D,0x25,0x2D,0x36,0x00,0x28,0x33,0x00,0x2E,0x33,0x2B,0x33,0x00,0x29,0x00,
0x3A,0x33,0x30,0x38,0x25,0x36,0xFC,0x00,0x38,0x29,0x30,0x25,0x00,0x28,0x29,0x00,
0x38,0xF0,0x12,0x38,0x39,0x30,0x33,0xF0,0xE9,0xFC,0x19,0x00,0x34,0x36,0x33,0x2B,
0x36,0x29,0x37,0x37,0x33,0x00,0x37,0x29,0x36,0xF0,0x10,0x00,0x34,0x29,0x36,0x28,
0x2D,0x28,0x33,0xF0,0xE9,0xFF,0x1D,0x25,0x2D,0x36,0x00,0x34,0x25,0x36,0x25,0x00,
0x25,0x00,0x38,0x29,0x30,0x25,0xFC,0x28,0x29,0x00,0x38,0xF0,0x12,0x38,0x39,0x30,
0x33,0x00,0x34,0x36,0x2D,0x32,0x27,0x2D,0x34,0x25,0x30,0xF0,0xE9,0xFC,0x19,0x00,
0x34,0x36,0x33,0x2B,0x36,0x29,0x37,0x37,0x33,0x00,0x32,0x25,0x33,0xFC,0x37,0x25,
0x30,0x3A,0x33,0x00,0x37,0x29,0x36,0xF0,0x10,0x00,0x34,0x29,0x36,0x28,0x2D,0x28,
0x33,0xF0,0xE9,0xFF,
};
alignas(16) inline constexpr uint16_t mmz1_msg00_script_offsets[] = {
0x0000,0x003F,0x004F,0x0068,0x00A7,0x00BB,0x00D9,0x00E9,
0x0103,0x0113,0x012B,0x0164,0x019B,0x01D4,0x06E2,0x0888,
0x0A9F,0x0AC2,0x0BD9,0x0C47,0x0D04,0x0E29,0x0F90,0x10A8,
0x114C,0x12F9,0x1449,0x15C7,0x1750,0x17C6,0x184A,0x18D5,
0x19D3,0x1B37,0x1BBC,0x1EB3,0x1EB8,0x1FA6,0x2060,0x2131,
0x2289,0x22DA,0x2380,0x23F9,0x24CC,0x25A8,0x2740,0x2842,
0x2948,0x29F9,0x2AEC,0x2B7B,0x2DA8,0x2E64,0x2F25,0x3059,
0x30AC,0x313D,0x3281,0x3305,0x3336,0x3366,0x3376,0x338C,
0x339E,0x339E,0x339E,0x33CD,0x33DF,0x3419,0x3435,
};
constexpr int mmz1_msg00_num_entries = 71;
alignas(16) inline constexpr uint8_t mmz1_msg00_script_data[] = {
0xF3,0x06,0x0F,0x37,0x27,0x33,0x30,0x2C,0x25,0x00,0x39,0x31,0x25,0x00,0x33,0x34,
0x27,0x25,0x33,0xF0,0xE9,0xFC,0x00,0x00,0x0D,0x19,0x17,0x0F,0x0D,0x0B,0x1C,0x00,
0x17,0x13,0x1D,0x1D,0x0B,0x19,0xFC,0x00,0x00,0x20,0x0F,0x1C,0x00,0x0E,0x0B,0x0E,
0x19,0x1D,0xFC,0x00,0x00,0x0D,0x19,0x18,0x20,0x0F,0x1C,0x1D,0x0B,0x1C,0xFF,0xF3,
0x06,0x1B,0x39,0x25,0x30,0x00,0x31,0x2D,0x37,0x37,0x25,0x33,0xF0,0x08,0xFF,0xF3,
0x06,0x0B,0x27,0x29,0x2D,0x38,0x25,0x36,0xF0,0x08,0xFC,0xFC,0x00,0x00,0x1D,0x13,
0x17,0xFC,0x00,0x00,0x18,0x0B,0x19,0xFF,0xF3,0x06,0x19,0x00,0x35,0x39,0x29,0x00,
0x2A,0x25,0x3E,0x29,0x36,0xF0,0x08,0xFC,0x00,0x00,0x1D,0x0B,0x16,0x20,0x0B,0x1C,
0x00,0x0E,0x0B,0x0E,0x19,0x1D,0xFC,0x00,0x00,0x0D,0x0B,0x1C,0x1C,0x0F,0x11,0x0B,
0x1C,0x00,0x0E,0x0B,0x0E,0x19,0x1D,0xFC,0x00,0x00,0x0B,0x1A,0x0B,0x11,0x0B,0x1C,
0x00,0x0E,0x0B,0x0E,0x19,0x1D,0xFF,0xF3,0x06,0x0F,0x31,0x00,0x35,0x39,0x25,0x30,
0x00,0x25,0x36,0x35,0x39,0x2D,0x3A,0x33,0xF0,0x08,0xFF,0xF3,0x06,0xFC,0x1D,0x33,
0x26,0x36,0x29,0x37,0x27,0x36,0x29,0x3A,0x29,0x36,0xF0,0x08,0xFC,0x00,0x00,0x1D,
0x13,0x17,0xFC,0x00,0x00,0x18,0x0B,0x19,0xFF,0xF3,0x06,0x1B,0x39,0x25,0x2D,0x37,
0x00,0x28,0x25,0x28,0x33,0x37,0xF0,0x08,0xFF,0xF3,0x06,0xFC,0x0D,0x25,0x36,0x36,
0x29,0x2B,0x25,0x36,0xF0,0x08,0xFC,0x00,0x00,0x1D,0x13,0x17,0xFC,0x00,0x00,0x18,
0x0B,0x19,0xFF,0xF3,0x06,0x1B,0x39,0x25,0x2D,0x37,0x00,0x28,0x25,0x28,0x33,0x37,
0xF0,0x08,0xFF,0xF3,0x06,0xFC,0x0B,0x34,0x25,0x2B,0x25,0x36,0xF0,0x08,0xFC,0x00,
0x00,0x1D,0x13,0x17,0xFC,0x00,0x00,0x18,0x0B,0x19,0xFF,0xF3,0x02,0x00,0x00,0x17,
0x1F,0x0E,0x0B,0x1C,0x00,0x0E,0x0F,0x00,0xF0,0x15,0x1C,0x0F,0x0B,0xFC,0x00,0x00,
0x0C,0x0B,0x13,0x22,0x0B,0x1C,0x00,0x0F,0x16,0x10,0x19,0xFC,0x00,0x00,0x0B,0x16,
0x13,0x17,0x0F,0x18,0x1E,0x0B,0x1C,0x00,0x0F,0x16,0x10,0x19,0xFC,0x00,0x00,0x1D,
0x0B,0x13,0x1C,0xFF,0xF3,0x02,0x00,0x00,0x20,0x19,0x16,0x1E,0x0B,0x1C,0x00,0x00,
0x0C,0x0B,0x1D,0x0F,0xFC,0x00,0x00,0x0C,0x0B,0x13,0x22,0x0B,0x1C,0x00,0x0F,0x16,
0x10,0x19,0xFC,0x00,0x00,0x0B,0x16,0x13,0x17,0x0F,0x18,0x1E,0x0B,0x1C,0x00,0x0F,
0x16,0x10,0x19,0xFC,0x00,0x00,0x1D,0x0B,0x13,0x1C,0xFF,0xF3,0x02,0x00,0x00,0x0B,
0x0C,0x19,0x1C,0x1E,0x0B,0x1C,0x00,0x17,0x13,0x1D,0x1D,0x0B,0x19,0xFC,0x00,0x00,
0x0C,0x0B,0x13,0x22,0x0B,0x1C,0x00,0x0F,0x16,0x10,0x19,0xFC,0x00,0x00,0x0B,0x16,
0x13,0x17,0x0F,0x18,0x1E,0x0B,0x1C,0x00,0x0F,0x16,0x10,0x19,0xFC,0x00,0x00,0x1D,
0x0B,0x13,0x1C,0xFF,0xF3,0x07,0x0C,0x29,0x31,0xF0,0x01,0x3A,0x2D,0x32,0x28,0x33,
0x00,0x00,0x32,0x33,0x37,0x37,0x25,0xFC,0x0C,0x25,0x37,0x29,0x00,0x28,0x25,0xFC,
0x1C,0x29,0x37,0x2D,0x37,0x38,0x29,0x32,0x27,0x2D,0x25,0xF0,0xEC,0x00,0x24,0x29,
0x36,0x33,0xF0,0xE9,0xFD,0x0F,0x37,0x38,0x29,0x00,0xF0,0x11,0x00,0x39,0x31,0x00,
0x36,0x29,0x2A,0xF0,0x14,0x2B,0x2D,0x33,0xFC,0x34,0x25,0x36,0x25,0x00,0x1C,0x29,
0x34,0x30,0x33,0x2D,0x28,0x37,0xFC,0x2A,0x29,0x36,0x2D,0x28,0x33,0x37,0x00,0x37,
0x39,0x37,0x34,0x29,0x2D,0x38,0x33,0x37,0xFD,0x28,0x29,0x00,0x37,0x29,0x36,0x29,
0x31,0x00,0x17,0x25,0x3A,0x29,0x36,0x2D,0x27,0x2F,0x37,0xF0,0xE9,0xFD,0x1E,0x29,
0x31,0x33,0x37,0x00,0x30,0x39,0x38,0x25,0x28,0x33,0xFC,0x31,0x39,0x2D,0x38,0x33,
0x00,0x28,0x39,0x36,0x33,0x00,0x34,0x25,0x36,0x25,0xFC,0x37,0x33,0x26,0x36,0x29,
0x3A,0x2D,0x3A,0x29,0x36,0xF0,0xE9,0xF0,0xE9,0xF0,0xE9,0xFD,0x1A,0x33,0x36,0xF0,
0x11,0x31,0xF0,0xEC,0x00,0x37,0x25,0x26,0x29,0x31,0x33,0x37,0xFC,0x35,0x39,0x29,
0x00,0x33,0x00,0x2A,0x2D,0x31,0x00,0x37,0x29,0xFC,0x25,0x34,0x36,0x33,0x3C,0x2D,
0x31,0x25,0xF0,0xE9,0xF0,0xE9,0xF0,0xE9,0xFD,0x17,0x25,0x37,0x00,0x34,0x33,0x36,
0x00,0x2D,0x37,0x37,0x33,0xFC,0x29,0x37,0x38,0x2D,0x3A,0x29,0x31,0x33,0x37,0x00,
0x26,0x39,0x37,0x27,0x25,0x32,0x28,0x33,0xFC,0x37,0x39,0x25,0x00,0x25,0x2E,0x39,
0x28,0x25,0xF0,0xE9,0x00,0x20,0x33,0x27,0x29,0x00,0xF0,0x11,0xFD,0x32,0x33,0x37,
0x37,0x25,0x00,0xF0,0x14,0x30,0x38,0x2D,0x31,0x25,0xFC,0x29,0x37,0x34,0x29,0x36,
0x25,0x32,0x27,0x25,0xF0,0xE9,0x00,0x17,0x39,0x2D,0x38,0x33,0x37,0xFC,0x25,0x27,
0x2C,0x25,0x31,0x00,0x35,0x39,0x29,0x00,0x33,0x00,0x24,0x29,0x36,0x33,0xFC,0x32,
0x25,0x33,0x00,0x34,0x25,0x37,0x37,0x25,0x3A,0x25,0x00,0x28,0x29,0xFD,0x39,0x31,
0x25,0x00,0x2A,0x25,0x32,0x38,0x25,0x37,0x2D,0x25,0xF0,0xE9,0xFC,0x1A,0x33,0x36,
0xF0,0x11,0x31,0xF0,0xEC,0x00,0x25,0x30,0x2B,0x39,0x32,0x37,0xFC,0x25,0x2D,0x32,
0x28,0x25,0x00,0x25,0x27,0x36,0x29,0x28,0x2D,0x38,0x25,0x3A,0x25,0x31,0xFC,0x32,
0x25,0x00,0x37,0x39,0x25,0x00,0x29,0x3C,0x2D,0x37,0x38,0x29,0x32,0x27,0x2D,0x25,
0xFD,0x29,0x00,0x38,0x29,0x00,0x34,0x36,0x33,0x27,0x39,0x36,0x25,0x36,0x25,0x31,
0xF0,0xE9,0xF0,0xE9,0xF0,0xE9,0xFC,0x20,0x33,0x27,0x29,0x00,0xF0,0x16,0x00,0x33,
0x00,0x24,0x29,0x36,0x33,0xF0,0xEC,0xFC,0x33,0x00,0x1C,0x29,0x34,0x30,0x33,0x2D,
0x28,0xFC,0x30,0x29,0x32,0x28,0xF0,0x10,0x36,0x2D,0x33,0x00,0x35,0x39,0x29,0xFD,
0x30,0x39,0x38,0x33,0x39,0x00,0x25,0x33,0x00,0x30,0x25,0x28,0x33,0x00,0x28,0x29,
0xFC,0x22,0x00,0x34,0x25,0x36,0x25,0x00,0x37,0x25,0x30,0x3A,0x25,0x36,0x00,0x33,
0xFC,0x31,0x39,0x32,0x28,0x33,0x00,0x2C,0xF0,0x10,0x00,0x02,0x01,0x01,0x00,0x25,
0x32,0x33,0x37,0xF0,0xE9,0xFD,0xF3,0x04,0x22,0xF0,0xE9,0xF0,0xE9,0xF0,0xE9,0xF0,
0x08,0x00,0x0F,0x37,0x37,0x29,0x00,0x32,0x33,0x31,0x29,0xFC,0x31,0x29,0x00,0x37,
0x33,0x25,0x00,0x2A,0x25,0x31,0x2D,0x30,0x2D,0x25,0x36,0xF0,0xE9,0xFD,0xF3,0x07,
0x22,0xF0,0xE9,0xF0,0xE9,0xF0,0xE9,0xFC,0x0F,0x37,0x37,0x29,0x00,0x30,0x29,0x32,
0x28,0xF0,0x10,0x36,0x2D,0x33,0xFC,0x1C,0x29,0x34,0x30,0x33,0x2D,0x28,0x00,0x25,
0x2D,0x32,0x28,0x25,0xFC,0x29,0x37,0x38,0xF0,0x10,0x00,0x3A,0x2D,0x3A,0x33,0x00,
0x29,0xFD,0x29,0x37,0x38,0xF0,0x10,0x00,0x38,0x29,0x32,0x38,0x25,0x32,0x28,0x33,
0xFC,0x29,0x30,0x2D,0x31,0x2D,0x32,0x25,0x36,0x00,0x38,0x33,0x28,0x33,0x37,0x00,
0x32,0xF0,0x13,0x37,0xF0,0xE9,0xFD,0xF3,0x04,0x22,0x00,0x29,0x37,0x38,0xF0,0x10,
0xFC,0x38,0x29,0x32,0x38,0x25,0x32,0x28,0x33,0xF0,0xE9,0xF0,0xE9,0xF0,0xE9,0xFC,
0x29,0x30,0x2D,0x31,0x2D,0x32,0x25,0x36,0x00,0x3A,0x33,0x27,0x29,0x37,0xF0,0xE9,
0xF0,0xE9,0xF0,0xE9,0xF0,0x08,0xFD,0xF3,0x07,0x1D,0x29,0x39,0x37,0x00,0x34,0x30,
0x25,0x32,0x33,0x37,0x00,0x2E,0xF0,0x10,0xFC,0x27,0x33,0x31,0x29,0x27,0x25,0x36,
0x25,0x31,0xF0,0xE9,0x00,0x17,0x39,0x2D,0x38,0x33,0x37,0xFC,0x1C,0x29,0x34,0x30,
0x33,0x2D,0x28,0x37,0x00,0x2D,0x32,0x33,0x27,0x29,0x32,0x38,0x29,0x37,0xFC,0x29,
0x37,0x38,0x25,0x33,0xFD,0x37,0x29,0x32,0x28,0x33,0x00,0x29,0x30,0x2D,0x31,0x2D,
0x32,0x25,0x28,0x33,0x37,0xFC,0x29,0x32,0x35,0x39,0x25,0x32,0x38,0x33,0x00,0x2A,
0x25,0x30,0x25,0x31,0x33,0x37,0xF0,0xE9,0xF0,0xE9,0xF0,0xE9,0xFD,0x1A,0x36,0x29,
0x27,0x2D,0x37,0x25,0x31,0x33,0x37,0x00,0x28,0x25,0x00,0x37,0x39,0x25,0xFC,0x25,
0x2E,0x39,0x28,0x25,0xF0,0xE9,0x00,0x18,0x33,0x37,0x37,0x33,0xFC,0x2A,0x39,0x38,
0x39,0x36,0x33,0x00,0x28,0x29,0x34,0x29,0x32,0x28,0x29,0xFC,0x28,0x29,0x00,0x3A,
0x33,0x27,0x29,0xF0,0xE9,0xF0,0xE9,0xF0,0xE9,0xFD,0xF6,0x01,0x1A,0x33,0x36,0x00,
0x2A,0x25,0x3A,0x33,0x36,0xFC,0x32,0x33,0x37,0x00,0x25,0x2E,0x39,0x28,0x29,0xF0,
0xE9,0xF0,0xE9,0xF0,0xE9,0xFC,0x00,0x00,0x19,0x15,0xFC,0x00,0x00,0x18,0x0F,0x17,
0x00,0x1A,0x0F,0x18,0x1D,0x0B,0x1C,0xFD,0x19,0x26,0x36,0x2D,0x2B,0x25,0x28,0x25,
0xF0,0xE9,0xF0,0xE9,0xF0,0xE9,0xFC,0xF0,0x16,0x00,0x27,0x33,0x31,0x33,0x00,0x39,
0x31,0x00,0x37,0x33,0x32,0x2C,0x33,0xFC,0x38,0x33,0x36,0x32,0x25,0x28,0x33,0x00,
0x36,0x29,0x25,0x30,0x2D,0x28,0x25,0x28,0x29,0xF0,0xE9,0xFD,0x0B,0x2B,0x33,0x36,
0x25,0xF0,0xE9,0xF0,0xE9,0xF0,0xE9,0x00,0x0D,0x33,0x31,0xFC,0x25,0x00,0x37,0x39,
0x25,0x00,0x25,0x2E,0x39,0x28,0x25,0xF0,0xE9,0xF0,0xE9,0xF0,0xE9,0xFD,0x0B,0x27,
0x2C,0x33,0x00,0x35,0x39,0x29,0x00,0x34,0x33,0x37,0x37,0x33,0xFC,0x37,0x25,0x30,
0x3A,0x25,0x36,0x00,0x25,0x00,0x38,0x33,0x28,0x33,0x37,0xF0,0xE9,0xFC,0x1E,0x29,
0x31,0x00,0x39,0x31,0x25,0x00,0x27,0x33,0x2D,0x37,0x25,0x00,0x35,0x39,0x29,0xFC,
0x34,0x36,0x29,0x27,0x2D,0x37,0x33,0x00,0x38,0x29,0x00,0x34,0x29,0x28,0x2D,0x36,
0xF0,0xE9,0xFD,0x1A,0x33,0x36,0x00,0x2A,0x25,0x3A,0x33,0x36,0xF0,0xEC,0x00,0x2A,
0x25,0x30,0x29,0xFC,0x27,0x33,0x31,0x2D,0x2B,0x33,0x00,0x35,0x39,0x25,0x32,0x28,
0x33,0xFC,0x29,0x37,0x38,0x2D,0x3A,0x29,0x36,0x00,0x34,0x36,0x33,0x32,0x38,0x33,
0xF0,0xE9,0xFE,0xF4,0x01,0x0F,0x32,0x38,0x29,0x32,0x28,0x33,0xF0,0xE9,0xF0,0xE9,
0xF0,0xE9,0xFC,0x20,0x33,0x27,0x29,0x00,0x34,0x36,0x29,0x27,0x2D,0x37,0x25,0x00,
0x28,0x29,0xFC,0x38,0x29,0x31,0x34,0x33,0x00,0x34,0x25,0x36,0x25,0x00,0x34,0x29,
0x32,0x37,0x25,0x36,0xF0,0xE9,0xFD,0x1E,0x39,0x28,0x33,0x00,0x26,0x29,0x31,0xF0,
0xEC,0xFC,0x26,0x39,0x37,0x27,0x25,0x36,0x29,0x31,0x33,0x37,0x00,0x39,0x31,0x25,
0xFC,0x2A,0x33,0x36,0x31,0x25,0x00,0x28,0x29,0x00,0x36,0x29,0x37,0x33,0x30,0x3A,
0x29,0x36,0xFC,0x2D,0x37,0x37,0x33,0x00,0x37,0x33,0x3E,0x2D,0x32,0x2C,0x33,0x37,
0xF0,0xE9,0xFD,0x0B,0x2D,0x32,0x28,0x25,0x00,0x25,0x37,0x37,0x2D,0x31,0xF0,0xEC,
0x00,0x37,0x29,0xFC,0x31,0x39,0x28,0x25,0x36,0x00,0x28,0x29,0x00,0x2D,0x28,0x29,
0x2D,0x25,0xF0,0xE9,0xF0,0xE9,0xF0,0xE9,0xFC,0x34,0x33,0x36,0x00,0x2A,0x25,0x3A,
0x33,0x36,0xF0,0xEC,0x00,0x2A,0x25,0x30,0x29,0xFC,0x27,0x33,0x31,0x2D,0x2B,0x33,
0xF0,0xE9,0xF0,0xE9,0xF0,0xE9,0xFD,0x1E,0x39,0x28,0x33,0x00,0x26,0x29,0x31,0xF0,
0x08,0xFF,0xF3,0x06,0x0F,0x37,0x38,0xF0,0x10,0x00,0x34,0x36,0x33,0x32,0x38,0x33,
0xF0,0xE9,0xF0,0xE9,0xF0,0xE9,0xF0,0x08,0xFC,0x0B,0x2B,0x33,0x36,0x25,0xF0,0xEC,
0x00,0x29,0x37,0x27,0x39,0x38,0x29,0xF0,0xE9,0xFD,0x19,0x00,0x35,0x39,0x29,0x00,
0x29,0x39,0x00,0x35,0x39,0x29,0x36,0x33,0xFC,0x38,0x29,0x00,0x34,0x29,0x28,0x2D,
0x36,0x00,0xF0,0x11,0xFC,0x35,0x39,0x29,0x00,0x38,0x29,0x32,0x38,0x29,0xFC,0x2A,
0x25,0x3E,0x29,0x36,0x00,0x25,0x30,0x2B,0x33,0xFD,0x35,0x39,0x29,0x00,0x32,0x2D,
0x32,0x2B,0x39,0xF0,0x11,0x31,0xFC,0x27,0x33,0x32,0x37,0x29,0x2B,0x39,0x2D,0x39,
0xFC,0x25,0x38,0xF0,0x11,0x00,0x25,0x2B,0x33,0x36,0x25,0xF0,0xE9,0xF0,0xE9,0xF0,
0xE9,0xFD,0x1B,0x39,0x29,0x36,0x33,0x00,0x35,0x39,0x29,0x00,0x28,0x29,0x37,0x38,
0x36,0x39,0x25,0xFC,0x33,0x00,0x0D,0x29,0x32,0x38,0x36,0x33,0x00,0x28,0x29,0xFC,
0x0F,0x30,0x2D,0x31,0x2D,0x32,0x25,0x27,0x25,0x33,0xF0,0xEC,0xFC,0x33,0x32,0x28,
0x29,0x00,0x29,0x30,0x29,0x37,0xFD,0x29,0x30,0x2D,0x31,0x2D,0x32,0x25,0x31,0x00,
0x33,0x37,0x00,0x32,0x33,0x37,0x37,0x33,0x37,0xFC,0x27,0x25,0x31,0x25,0x36,0x25,
0x28,0x25,0x37,0x00,0x39,0x31,0xFC,0x34,0x33,0x36,0x00,0x39,0x31,0xF0,0xE9,0xF0,
0xE9,0xF0,0xE9,0xFD,0x17,0x29,0x37,0x31,0x33,0x00,0x29,0x32,0x35,0x39,0x25,0x32,
0x38,0x33,0x00,0x29,0x39,0xFC,0x2A,0x25,0x30,0x33,0xF0,0xEC,0x00,0x34,0x33,0x28,
0x29,0x31,0x00,0x29,0x37,0x38,0x25,0x36,0xFC,0x29,0x30,0x2D,0x31,0x2D,0x32,0x25,
0x32,0x28,0x33,0x00,0x39,0x31,0xFC,0x1C,0x29,0x34,0x30,0x33,0x2D,0x28,0x00,0x35,
0x39,0x29,0x00,0x2A,0x33,0x2D,0xFD,0x2A,0x25,0x30,0x37,0x25,0x31,0x29,0x32,0x38,
0x29,0xFC,0x25,0x27,0x39,0x37,0x25,0x28,0x33,0x00,0x28,0x29,0x00,0x37,0x29,0x36,
0x00,0x39,0x31,0xFC,0x17,0x25,0x3A,0x29,0x36,0x2D,0x27,0x2F,0xF0,0xE9,0xFD,0x1A,
0x25,0x36,0x25,0x00,0x29,0x3A,0x2D,0x38,0x25,0x36,0x00,0x31,0x25,0x2D,0x37,0xFC,
0x34,0x29,0x36,0x28,0x25,0x37,0x00,0x28,0x29,0xFC,0x3A,0x2D,0x28,0x25,0x37,0x00,
0x1C,0x29,0x34,0x30,0x33,0x2D,0x28,0x37,0xF0,0xEC,0xFC,0x34,0x33,0x36,0x00,0x2A,
0x25,0x3A,0x33,0x36,0xFD,0x28,0x29,0x37,0x38,0x36,0x39,0x25,0x00,0x25,0xFC,0x2D,
0x32,0x37,0x38,0x25,0x30,0x25,0x27,0x25,0x33,0xFC,0x2D,0x32,0x2D,0x31,0x2D,0x2B,
0x25,0xF0,0xE9,0xF0,0xE9,0xF0,0xE9,0xFF,0xF3,0x06,0xF0,0xE9,0xF0,0xE9,0xF0,0xE9,
0xF0,0x08,0xFD,0x20,0x33,0x27,0x29,0xF0,0xE9,0xF0,0xE9,0xF0,0xE9,0xFC,0x3A,0x25,
0x2D,0x00,0x32,0x33,0x37,0x00,0x25,0x2E,0x39,0x28,0x25,0x36,0xF0,0x08,0xFD,0x19,
0x26,0x36,0x2D,0x2B,0x25,0x28,0x25,0xF0,0xE9,0xF0,0xE9,0xF0,0xE9,0xFC,0xF0,0x16,
0x00,0x27,0x33,0x31,0x33,0x00,0x39,0x31,0x00,0x37,0x33,0x32,0x2C,0x33,0xFC,0x38,
0x33,0x36,0x32,0x25,0x28,0x33,0x00,0x36,0x29,0x25,0x30,0x2D,0x28,0x25,0x28,0x29,
0xF0,0xE9,0xFD,0x0B,0x2B,0x33,0x36,0x25,0xF0,0xE9,0xF0,0xE9,0xF0,0xE9,0x00,0x27,
0x33,0x31,0x00,0x25,0x00,0x37,0x39,0x25,0xFC,0x25,0x2E,0x39,0x28,0x25,0xF0,0xEC,
0x00,0x25,0x27,0x2C,0x33,0x00,0x35,0x39,0x29,0xFC,0x34,0x33,0x37,0x37,0x33,0x00,
0x37,0x25,0x30,0x3A,0x25,0x36,0xFC,0x25,0x00,0x38,0x33,0x28,0x33,0x37,0xF0,0xE9,
0xFD,0x19,0x00,0x35,0x39,0x29,0x00,0x29,0x39,0x00,0x35,0x39,0x29,0x36,0x33,0xFC,
0x38,0x29,0x00,0x34,0x29,0x28,0x2D,0x36,0x00,0xF0,0x11,0xFC,0x35,0x39,0x29,0x00,
0x38,0x29,0x32,0x38,0x29,0xFC,0x2A,0x25,0x3E,0x29,0x36,0x00,0x25,0x30,0x2B,0x33,
0xFD,0x35,0x39,0x29,0x00,0x32,0x2D,0x32,0x2B,0x39,0xF0,0x11,0x31,0xFC,0x27,0x33,
0x32,0x37,0x29,0x2B,0x39,0x2D,0x39,0xFC,0x25,0x38,0xF0,0x11,0x00,0x25,0x2B,0x33,
0x36,0x25,0xF0,0xE9,0xF0,0xE9,0xF0,0xE9,0xFD,0x1B,0x39,0x29,0x36,0x33,0x00,0x35,
0x39,0x29,0x00,0x28,0x29,0x37,0x38,0x36,0x39,0x25,0xFC,0x33,0x00,0x0D,0x29,0x32,
0x38,0x36,0x33,0x00,0x28,0x29,0xFC,0x0F,0x30,0x2D,0x31,0x2D,0x32,0x25,0x27,0x25,
0x33,0xF0,0xEC,0xFC,0x33,0x32,0x28,0x29,0x00,0x29,0x30,0x29,0x37,0xFD,0x29,0x30,
0x2D,0x31,0x2D,0x32,0x25,0x31,0x00,0x33,0x37,0x00,0x32,0x33,0x37,0x37,0x33,0x37,
0xFC,0x27,0x25,0x31,0x25,0x36,0x25,0x28,0x25,0x37,0x00,0x39,0x31,0xFC,0x34,0x33,
0x36,0x00,0x39,0x31,0xF0,0xE9,0xF0,0xE9,0xF0,0xE9,0xFD,0x17,0x29,0x37,0x31,0x33,
0x00,0x29,0x32,0x35,0x39,0x25,0x32,0x38,0x33,0x00,0x29,0x39,0xFC,0x2A,0x25,0x30,
0x33,0xF0,0xEC,0x00,0x34,0x33,0x28,0x29,0x31,0x00,0x29,0x37,0x38,0x25,0x36,0xFC,
0x29,0x30,0x2D,0x31,0x2D,0x32,0x25,0x32,0x28,0x33,0x00,0x39,0x31,0xFC,0x1C,0x29,
0x34,0x30,0x33,0x2D,0x28,0x00,0x35,0x39,0x29,0x00,0x2A,0x33,0x2D,0xFD,0x2A,0x25,
0x30,0x37,0x25,0x31,0x29,0x32,0x38,0x29,0xFC,0x25,0x27,0x39,0x37,0x25,0x28,0x33,
0x00,0x28,0x29,0x00,0x37,0x29,0x36,0x00,0x39,0x31,0xFC,0x17,0x25,0x3A,0x29,0x36,
0x2D,0x27,0x2F,0xF0,0xE9,0xFD,0x1A,0x25,0x36,0x25,0x00,0x29,0x3A,0x2D,0x38,0x25,
0x36,0x00,0x31,0x25,0x2D,0x37,0xFC,0x34,0x29,0x36,0x28,0x25,0x37,0x00,0x28,0x29,
0xFC,0x3A,0x2D,0x28,0x25,0x37,0x00,0x1C,0x29,0x34,0x30,0x33,0x2D,0x28,0x37,0xF0,
0xEC,0xFC,0x34,0x33,0x36,0x00,0x2A,0x25,0x3A,0x33,0x36,0xFD,0x28,0x29,0x37,0x38,
0x36,0x39,0x25,0x00,0x25,0xFC,0x2D,0x32,0x37,0x38,0x25,0x30,0x25,0x27,0x25,0x33,
0xFC,0x2D,0x32,0x2D,0x31,0x2D,0x2B,0x25,0xF0,0xE9,0xF0,0xE9,0xF0,0xE9,0xFF,0xF3,
0x06,0x1A,0x33,0x36,0x00,0x2A,0x25,0x3A,0x33,0x36,0xFC,0x32,0x33,0x37,0x00,0x25,
0x2E,0x39,0x28,0x29,0xF0,0xEC,0x00,0x24,0x29,0x36,0x33,0xF0,0xE9,0xF0,0xE9,0xF0,
0xE9,0xFF,0xF3,0x06,0x20,0x33,0x27,0x29,0x00,0x30,0x29,0x31,0x26,0x36,0x25,0x00,
0x28,0x33,0xFC,0x30,0x39,0x2B,0x25,0x36,0x00,0x33,0x32,0x28,0x29,0xFC,0x32,0x33,
0x37,0x00,0x27,0x33,0x32,0x2C,0x29,0x27,0x29,0x31,0x33,0x37,0xF0,0x08,0xFD,0x18,
0x25,0x33,0x00,0x38,0x2D,0x3A,0x29,0x31,0x33,0x37,0x00,0x33,0x39,0x38,0x36,0x25,
0xFC,0x33,0x34,0x27,0x25,0x33,0x00,0x25,0x30,0xF0,0x11,0x31,0x00,0x28,0x29,0x00,
0x2A,0x39,0x2B,0x2D,0x36,0xF0,0xEC,0xFC,0x31,0x25,0x37,0x00,0x25,0x00,0x31,0x2D,
0x32,0x2C,0x25,0xFC,0x34,0x29,0x37,0x35,0x39,0x2D,0x37,0x25,0x00,0x28,0x2D,0x3E,
0xFD,0x35,0x39,0x29,0x00,0x25,0x2D,0x32,0x28,0x25,0xFC,0x2C,0xF0,0x10,0x00,0x2D,
0x32,0x2A,0x33,0x36,0x31,0x25,0x27,0x29,0x37,0xFC,0x31,0x39,0x2D,0x38,0x33,0x00,
0x2D,0x31,0x34,0x33,0x36,0x38,0x25,0x32,0x38,0x29,0x37,0xFC,0x34,0x25,0x36,0x25,
0x00,0x3A,0x33,0x27,0x29,0x00,0x30,0xF0,0x10,0xF0,0xE9,0xFD,0x19,0x37,0x00,0x2D,
0x32,0x2D,0x31,0x2D,0x2B,0x33,0x37,0x00,0x28,0x29,0x3A,0x29,0x31,0xFC,0x29,0x37,
0x38,0x25,0x36,0x00,0x38,0x29,0x32,0x38,0x25,0x32,0x28,0x33,0xFC,0x33,0x26,0x38,
0x29,0xF0,0x01,0x30,0x25,0x37,0xFC,0x25,0x32,0x38,0x29,0x37,0x00,0x28,0x29,0x00,
0x3A,0x33,0x27,0x29,0xF0,0xE9,0xF0,0xE9,0xF0,0xE9,0xFD,0x20,0xF0,0x10,0x00,0x29,
0x00,0x36,0x29,0x27,0x39,0x34,0x29,0x36,0x29,0xF0,0x01,0x25,0x37,0xFC,0x25,0x32,
0x38,0x29,0x37,0x00,0x35,0x39,0x29,0xFC,0x37,0x29,0x2E,0x25,0x00,0x38,0x25,0x36,
0x28,0x29,0xF0,0xE9,0xF0,0xE9,0xF0,0xE9,0xFF,0xF3,0x06,0x1F,0x31,0x00,0x28,0x29,
0x00,0x32,0x33,0x37,0x37,0x33,0x37,0xFC,0x27,0x25,0x31,0x25,0x36,0x25,0x28,0x25,
0x37,0x00,0x1C,0x29,0x34,0x30,0x33,0x2D,0x28,0x37,0xFC,0x29,0x37,0x38,0xF0,0x10,
0x00,0x37,0x29,0x32,0x28,0x33,0x00,0x31,0x25,0x32,0x38,0x2D,0x28,0x33,0xFC,0x36,
0x29,0x2A,0xF0,0x11,0x31,0x00,0x32,0x33,0x00,0x0D,0x29,0x32,0x38,0x36,0x33,0x00,
0x28,0x29,0xFD,0x0F,0x30,0x2D,0x31,0x2D,0x32,0x25,0x27,0x25,0x33,0xF0,0xE9,0xFC,
0x1A,0x33,0x36,0x00,0x2A,0x25,0x3A,0x33,0x36,0xF0,0xEC,0x00,0x37,0x25,0x30,0x3A,
0x29,0xF0,0x01,0x33,0xF0,0xE9,0xFF,0xF3,0x06,0x1E,0x33,0x28,0x33,0x37,0xE5,0x00,
0x1A,0x36,0x33,0x38,0x29,0x2E,0x25,0x31,0xFC,0x25,0x00,0x29,0x32,0x38,0x36,0x25,
0x28,0x25,0x00,0x28,0x25,0xFC,0x26,0x25,0x37,0x29,0x00,0x25,0x00,0x38,0x33,0x28,
0x33,0xFC,0x27,0x39,0x37,0x38,0x33,0xE5,0xFD,0x24,0x29,0x36,0x33,0xE5,0xFC,0x0E,
0x29,0x00,0x25,0x00,0x3A,0x33,0x30,0x38,0x25,0x00,0x29,0xFC,0x25,0x38,0x25,0x35,
0x39,0x29,0x00,0x34,0x29,0x30,0x25,0xFC,0x36,0x29,0x38,0x25,0x2B,0x39,0x25,0x36,
0x28,0x25,0xF0,0xE9,0xF0,0xE9,0xF0,0xE9,0xFD,0x13,0x37,0x37,0x33,0x00,0x32,0x33,
0x37,0x00,0x28,0x25,0x36,0xF0,0x10,0xFC,0x25,0x30,0x2B,0x39,0x31,0x00,0x38,0x29,
0x31,0x34,0x33,0xF0,0xE9,0xF0,0xE9,0xF0,0xE9,0xFD,0x20,0x33,0x27,0x29,0x00,0xF0,
0x11,0x00,0x25,0x00,0x32,0x33,0x37,0x37,0x25,0x00,0xF0,0x14,0x32,0x2D,0x27,0x25,
0xFC,0x29,0x37,0x34,0x29,0x36,0x25,0x32,0x27,0x25,0xF0,0xE9,0xF0,0xE9,0xF0,0xE9,
0x00,0x0C,0x33,0x25,0xFC,0x37,0x33,0x36,0x38,0x29,0xF0,0xEC,0x00,0x24,0x29,0x36,
0x33,0xF0,0xE9,0xFF,0xF3,0x06,0x1B,0x39,0x29,0x36,0x29,0x31,0x33,0x37,0x00,0x28,
0x29,0x37,0x38,0x36,0x39,0x2D,0x36,0xFC,0x33,0x00,0x38,0x36,0x29,0x31,0x00,0x28,
0x29,0xFC,0x38,0x36,0x25,0x32,0x37,0x34,0x33,0x36,0x38,0x29,0x00,0x2D,0x32,0x2D,
0x31,0x2D,0x2B,0x33,0xFC,0x34,0x25,0x36,0x25,0xFD,0x2D,0x32,0x38,0x29,0x36,0x36,
0x33,0x31,0x34,0x29,0x36,0x00,0x33,0x00,0x37,0x29,0x39,0xFC,0x37,0x39,0x34,0x36,
0x2D,0x31,0x29,0x32,0x38,0x33,0xF0,0xE9,0xFD,0x1D,0x29,0x2B,0x39,0x32,0x28,0x33,
0x00,0x33,0xFC,0x36,0x29,0x30,0x25,0x38,0xF0,0x13,0x36,0x2D,0x33,0x00,0x28,0x25,
0x00,0x32,0x33,0x37,0x37,0x25,0xFC,0x39,0x32,0x2D,0x28,0x25,0x28,0x29,0x00,0x28,
0x29,0xFC,0x36,0x29,0x27,0x33,0x32,0x2C,0x29,0x27,0x2D,0x31,0x29,0x32,0x38,0x33,
0xF0,0xE9,0xF0,0xE9,0xF0,0xE9,0xFD,0x19,0x00,0x38,0x36,0x29,0x31,0x00,0x2D,0x32,
0x2D,0x31,0x2D,0x2B,0x33,0xFC,0x29,0x37,0x38,0xF0,0x10,0x00,0x32,0x25,0x00,0x3A,
0x29,0x30,0x2C,0x25,0xFC,0x34,0x30,0x25,0x38,0x25,0x2A,0x33,0x36,0x31,0x25,0x00,
0x27,0x25,0x36,0x36,0x29,0x2B,0x25,0x32,0x28,0x33,0xFC,0x31,0x29,0x36,0x27,0x25,
0x28,0x33,0x36,0x2D,0x25,0x37,0xF0,0xE9,0xF0,0xE9,0xF0,0xE9,0xFD,0x19,0x00,0x31,
0x33,0x31,0x29,0x32,0x38,0x33,0x00,0x28,0x29,0xFC,0x25,0x38,0x25,0x27,0x25,0x36,
0x00,0xF0,0x11,0x00,0x25,0x2B,0x33,0x36,0x25,0xF0,0xE9,0xFD,0x1A,0x33,0x36,0x00,
0x2A,0x25,0x3A,0x33,0x36,0xF0,0xEC,0x00,0x32,0x33,0x37,0xFC,0x25,0x2E,0x39,0x28,
0x29,0x00,0x25,0x00,0x28,0x29,0x37,0x38,0x36,0x39,0x2D,0x36,0xFC,0x29,0x37,0x37,
0x29,0x00,0x38,0x36,0x29,0x31,0xF0,0xE9,0xFF,0xF3,0x06,0x1F,0x31,0x00,0x28,0x29,
0x00,0x32,0x33,0x37,0x37,0x33,0x37,0xFC,0x27,0x25,0x31,0x25,0x36,0x25,0x28,0x25,
0x37,0x00,0x27,0x2C,0x25,0x31,0x25,0x28,0x33,0xFC,0x0D,0x33,0x30,0x26,0x33,0x36,
0x00,0x28,0x2D,0x37,0x37,0x29,0x00,0x35,0x39,0x29,0xFC,0x30,0x25,0x31,0x29,0x32,
0x38,0x25,0x3A,0x25,0x00,0x31,0x39,0x2D,0x38,0x33,0xFD,0x35,0x39,0x29,0x00,0x32,
0x25,0x33,0x00,0x38,0x2D,0x3A,0xF0,0x11,0x37,0x37,0x29,0x31,0x33,0x37,0xFC,0x33,
0x39,0x38,0x36,0x25,0x00,0x33,0x34,0x27,0x25,0x33,0x00,0x25,0x30,0xF0,0x11,0x31,
0xFC,0x28,0x29,0x00,0x28,0x29,0x34,0x29,0x32,0x28,0x29,0x36,0x00,0x28,0x29,0xFC,
0x3A,0x33,0x27,0x29,0xF0,0xE9,0xFD,0x1A,0x25,0x36,0x29,0x27,0x29,0x00,0x35,0x39,
0x29,0x00,0x29,0x30,0x29,0xFC,0x29,0x32,0x27,0x33,0x32,0x38,0x36,0x33,0x39,0x00,
0x39,0x31,0x25,0x00,0x2A,0x33,0x36,0x31,0x25,0xFC,0x28,0x29,0x00,0x29,0x32,0x38,
0x36,0x25,0x36,0x00,0x32,0x25,0x00,0x26,0x25,0x37,0x29,0xFC,0x28,0x29,0x30,0x29,
0x37,0x00,0x25,0x38,0x36,0x25,0x3A,0xF0,0x11,0x37,0x00,0x28,0x25,0xFD,0xF0,0x10,
0x36,0x29,0x25,0x00,0x37,0x39,0x26,0x38,0x29,0x36,0x36,0x25,0x32,0x29,0x25,0xF0,
0xEC,0xFC,0x31,0x25,0x37,0x00,0x32,0xF0,0x13,0x37,0x00,0x34,0x29,0x36,0x28,0x29,
0x31,0x33,0x37,0xFC,0x27,0x33,0x32,0x38,0x25,0x38,0x33,0x00,0x27,0x33,0x31,0x00,
0x25,0xFC,0x29,0x35,0x39,0x2D,0x34,0x29,0x00,0x28,0x33,0x00,0x0D,0x33,0x30,0x26,
0x33,0x36,0xF0,0xE9,0xF0,0xE9,0xF0,0xE9,0xFD,0x1D,0xF0,0x13,0x00,0x29,0x37,0x34,
0x29,0x36,0x33,0x00,0x35,0x39,0x29,0xFC,0x29,0x30,0x29,0x00,0x29,0x37,0x38,0x29,
0x2E,0x25,0x00,0x26,0x29,0x31,0xF0,0xE9,0xF0,0xE9,0xF0,0xE9,0xFD,0x1D,0x29,0x00,
0x32,0x25,0x33,0x00,0x37,0x29,0x00,0x2D,0x31,0x34,0x33,0x36,0x38,0x25,0xF0,0xEC,
0xFC,0x3A,0x33,0x27,0x29,0x00,0x34,0x33,0x28,0x29,0x36,0x2D,0x25,0x00,0x2D,0x36,
0xFC,0x34,0x36,0x33,0x27,0x39,0x36,0xF0,0x10,0xF0,0x01,0x30,0x33,0xF0,0x08,0xFF,
0xF3,0x06,0x13,0x32,0x2A,0x29,0x30,0x2D,0x3E,0x31,0x29,0x32,0x38,0x29,0xF0,0xEC,
0xFC,0x32,0x33,0x37,0x37,0x25,0x37,0x00,0x36,0x29,0x37,0x29,0x36,0x3A,0x25,0x37,
0x00,0x28,0x29,0xFC,0x29,0x32,0x29,0x36,0x2B,0x2D,0x25,0x00,0x29,0x37,0x38,0x25,
0x33,0x00,0x37,0x29,0xFC,0x29,0x37,0x2B,0x33,0x38,0x25,0x32,0x28,0x33,0xF0,0xE9,
0xF0,0xE9,0xF0,0xE9,0xFD,0x1D,0x29,0x00,0x34,0x39,0x28,0xF0,0x11,0x37,0x37,0x29,
0x31,0x33,0x37,0x00,0x39,0x37,0x25,0x36,0xFC,0x25,0x00,0x2A,0xF0,0x10,0x26,0x36,
0x2D,0x27,0x25,0xFC,0x25,0x26,0x25,0x32,0x28,0x33,0x32,0x25,0x28,0x25,0xF0,0xEC,
0xFC,0x34,0x33,0x28,0x29,0x36,0xF0,0x12,0x25,0x31,0x33,0x37,0x00,0x2B,0x29,0x36,
0x25,0x36,0xFD,0x29,0x32,0x29,0x36,0x2B,0x2D,0x25,0xF0,0xE9,0xF0,0xE9,0xF0,0xE9,
0xFC,0x17,0x25,0x37,0x00,0x33,0x00,0x27,0x2C,0x29,0x2A,0x29,0xFC,0x35,0x39,0x29,
0x00,0x2B,0x39,0x25,0x36,0x28,0x25,0x00,0x25,0xFC,0x2A,0xF0,0x10,0x26,0x36,0x2D,
0x27,0x25,0x00,0xF0,0x11,0x00,0x31,0x39,0x2D,0x38,0x33,0xFD,0x2A,0x33,0x36,0x38,
0x29,0x00,0x34,0x25,0x36,0x25,0x00,0x35,0x39,0x29,0xFC,0x34,0x33,0x37,0x37,0x25,
0x31,0x33,0x37,0x00,0x25,0x37,0x37,0x39,0x31,0x2D,0x36,0xFC,0x33,0x00,0x27,0x33,
0x32,0x38,0x36,0x33,0x30,0x29,0x00,0x28,0x29,0x30,0x25,0xF0,0xE9,0xF0,0xE9,0xF0,
0xE9,0xFD,0x20,0x33,0x27,0x29,0x00,0x34,0x33,0x28,0x29,0x00,0x28,0x29,0x37,0x38,
0x36,0x39,0x2D,0x36,0xFC,0x33,0x00,0x27,0x2C,0x29,0x2A,0x29,0x00,0x34,0x33,0x36,
0xFC,0x32,0xF0,0x13,0x37,0xF0,0x08,0xFF,0xF3,0x06,0x11,0x36,0x25,0x27,0x25,0x37,
0x00,0x25,0x00,0x3A,0x33,0x27,0x29,0xF0,0xEC,0xFC,0x32,0xF0,0x13,0x37,0x00,0x38,
0x33,0x31,0x25,0x31,0x33,0x37,0xFC,0x33,0x00,0x27,0x33,0x32,0x38,0x36,0x33,0x30,
0x29,0x00,0x28,0x25,0xFC,0x2A,0xF0,0x10,0x26,0x36,0x2D,0x27,0x25,0xF0,0xE9,0x00,
0x17,0x25,0x37,0x00,0x32,0x25,0x33,0xFD,0x25,0x27,0x2C,0x33,0x00,0x35,0x39,0x29,
0x00,0x34,0x33,0x28,0x29,0x36,0x29,0x31,0x33,0x37,0xFC,0x31,0x25,0x32,0x38,0x29,
0xF0,0x01,0x30,0x25,0xFC,0x34,0x25,0x36,0x25,0x00,0x37,0x29,0x31,0x34,0x36,0x29,
0xF0,0xE9,0xF0,0xE9,0xF0,0xE9,0xFD,0x20,0x33,0x27,0x29,0x00,0x34,0x33,0x28,0x29,
0x36,0x2D,0x25,0x00,0x2D,0x36,0xFC,0x28,0x25,0x36,0x00,0x39,0x31,0x25,0x00,0x33,
0x30,0x2C,0x25,0x28,0x25,0xFC,0x32,0x25,0x00,0x2A,0xF0,0x10,0x26,0x36,0x2D,0x27,
0x25,0xFC,0x34,0x33,0x36,0x00,0x31,0x2D,0x31,0xF0,0x08,0xFF,0xF3,0x06,0x0B,0x30,
0x2B,0x39,0x32,0x37,0x00,0x28,0x33,0x37,0xFC,0x1C,0x29,0x34,0x30,0x33,0x2D,0x28,
0x37,0xFC,0x37,0x29,0x35,0x39,0x29,0x37,0x38,0x36,0x25,0x28,0x33,0x37,0x00,0x34,
0x25,0x36,0x29,0x27,0x29,0x31,0xFC,0x38,0x29,0x36,0x00,0x38,0x33,0x31,0x25,0x28,
0x33,0x00,0x33,0x00,0x27,0x33,0x32,0x38,0x36,0x33,0x30,0x29,0xFD,0x28,0x29,0x00,
0x39,0x31,0x00,0x25,0x3A,0x2D,0x25,0x33,0x00,0x28,0x29,0xFC,0x38,0x36,0x25,0x32,
0x37,0x34,0x33,0x36,0x38,0x29,0x00,0x2D,0x32,0x2D,0x31,0x2D,0x2B,0x33,0xFC,0x29,
0x00,0x25,0x2B,0x33,0x36,0x25,0x00,0x29,0x30,0x29,0x37,0xFC,0x29,0x37,0x27,0x25,
0x34,0x25,0x36,0x25,0x31,0xF0,0xE9,0xFD,0x17,0x25,0x37,0x00,0x33,0x00,0x25,0x3A,
0x2D,0x25,0x33,0xFC,0x28,0x29,0x37,0x25,0x34,0x25,0x36,0x29,0x27,0x29,0x39,0x00,
0x37,0x33,0x26,0x36,0x29,0xFC,0x33,0x00,0x28,0x29,0x37,0x29,0x36,0x38,0x33,0xF0,
0xE9,0xF0,0xE9,0xF0,0xE9,0xFD,0x0F,0x30,0x29,0x37,0x00,0x34,0x33,0x28,0x29,0x31,
0x00,0x38,0x29,0x36,0xFC,0x27,0x25,0xF0,0x12,0x28,0x33,0x00,0x32,0x33,0xFC,0x28,
0x29,0x37,0x29,0x36,0x38,0x33,0xF0,0xEC,0x00,0x29,0x32,0x38,0x25,0x33,0xFC,0x32,
0xF0,0x13,0x37,0x00,0x29,0x32,0x3A,0x2D,0x25,0x31,0x33,0x37,0xFD,0x32,0x33,0x37,
0x37,0x33,0x37,0x00,0x26,0x25,0x38,0x29,0x28,0x33,0x36,0x29,0x37,0xFC,0x34,0x25,
0x36,0x25,0x00,0x34,0x36,0x33,0x27,0x39,0x36,0xF0,0x10,0xF0,0x01,0x30,0x33,0x37,
0xF0,0xE9,0xF0,0xE9,0xF0,0xE9,0xFD,0x1A,0x33,0x36,0xF0,0x11,0x31,0x00,0x32,0x33,
0x37,0x37,0x33,0x37,0xFC,0x26,0x25,0x38,0x29,0x28,0x33,0x36,0x29,0x37,0x00,0x29,
0x37,0x38,0x25,0x33,0xFC,0x38,0x29,0x32,0x28,0x33,0x00,0x28,0x2D,0x2A,0x2D,0x27,
0x39,0x30,0x28,0x25,0x28,0x29,0x37,0xFC,0x28,0x29,0x3A,0x2D,0x28,0x33,0x00,0x25,
0xFD,0x2C,0x33,0x36,0x28,0x25,0x37,0x00,0x28,0x29,0xFC,0x2D,0x32,0x2D,0x31,0x2D,
0x2B,0x33,0x37,0x00,0x2C,0x33,0x37,0x38,0x2D,0x37,0xFC,0x32,0x25,0x00,0x36,0x29,
0x2B,0x2D,0x25,0x33,0xF0,0xE9,0xF0,0xE9,0xF0,0xE9,0xFD,0x1D,0x2D,0x32,0x38,0x33,
0x00,0x31,0x39,0x2D,0x38,0x33,0xF0,0xEC,0x00,0x31,0x25,0x37,0xFC,0x3A,0x33,0x27,
0x29,0x00,0x34,0x33,0x28,0x29,0x36,0x2D,0x25,0x00,0x2D,0x36,0x00,0x29,0xFC,0x25,
0x2E,0x39,0x28,0x25,0x36,0x00,0x32,0x33,0xFC,0x36,0x29,0x37,0x2B,0x25,0x38,0x29,
0x00,0x28,0x29,0x30,0x29,0x37,0xF0,0x08,0xFF,0xF3,0x06,0x1C,0x29,0x27,0x29,0x26,
0x29,0x31,0x33,0x37,0x00,0x39,0x31,0xFC,0x36,0x29,0x30,0x25,0x38,0xF0,0x13,0x36,
0x2D,0x33,0x00,0x28,0x29,0x00,0x35,0x39,0x29,0xFC,0x33,0x37,0x00,0x2D,0x32,0x2D,
0x31,0x2D,0x2B,0x33,0x37,0xFC,0x29,0x37,0x38,0x25,0x33,0x00,0x37,0x29,0x00,0x36,
0x29,0x39,0x32,0x2D,0x32,0x28,0x33,0xFD,0x32,0x25,0x00,0xF0,0x10,0x36,0x29,0x25,
0x00,0x28,0x33,0xFC,0x28,0x29,0x37,0x29,0x36,0x38,0x33,0xF0,0xE9,0xFD,0x0F,0x30,
0x29,0x37,0x00,0x25,0x2D,0x32,0x28,0x25,0x00,0x32,0x25,0x33,0xFC,0x27,0x33,0x31,
0x29,0x27,0x25,0x36,0x25,0x31,0x00,0x37,0x29,0x39,0xFC,0x25,0x38,0x25,0x35,0x39,
0x29,0xF0,0xEC,0x00,0x31,0x25,0x37,0x00,0xF0,0x11,0xFC,0x29,0x37,0x34,0x29,0x36,
0x25,0x28,0x33,0x00,0x39,0x31,0xFD,0x25,0x38,0x25,0x35,0x39,0x29,0x00,0x29,0x31,
0xFC,0x30,0x25,0x36,0x2B,0x25,0x00,0x29,0x37,0x27,0x25,0x30,0x25,0xF0,0xE9,0xFD,
0x0F,0x31,0x26,0x33,0x36,0x25,0x00,0x32,0x33,0x37,0x37,0x33,0x37,0xFC,0x27,0x25,
0x31,0x25,0x36,0x25,0x28,0x25,0x37,0x00,0x38,0x29,0x32,0x2C,0x25,0x31,0xFC,0x2A,
0x29,0x2D,0x38,0x33,0x00,0x26,0x25,0x36,0x36,0x2D,0x27,0x25,0x28,0x25,0x37,0x00,
0x29,0xFC,0x38,0x33,0x31,0x25,0x28,0x33,0x00,0x34,0x36,0x29,0x27,0x25,0x39,0x27,
0x29,0x37,0xFD,0x27,0x33,0x32,0x38,0x36,0x25,0x00,0x33,0xFC,0x25,0x38,0x25,0x35,
0x39,0x29,0x00,0x28,0x29,0x30,0x29,0x37,0xF0,0xEC,0x00,0x29,0x39,0xFC,0x25,0x2D,
0x32,0x28,0x25,0x00,0x29,0x37,0x38,0x33,0x39,0xFC,0x34,0x36,0x29,0x33,0x27,0x39,
0x34,0x25,0x28,0x25,0xF0,0xE9,0xFD,0x1D,0x29,0x00,0x32,0x25,0x33,0x00,0x37,0x29,
0x00,0x2D,0x31,0x34,0x33,0x36,0x38,0x25,0xF0,0xEC,0xFC,0x3A,0x33,0x27,0x29,0x00,
0x34,0x33,0x28,0x29,0x36,0x2D,0x25,0xFC,0x2D,0x36,0x00,0x25,0x2E,0x39,0x28,0xF0,
0x10,0xF0,0x01,0x30,0x33,0x37,0xF0,0x08,0xFF,0xF3,0x06,0x1C,0x29,0x27,0x29,0x26,
0x29,0x31,0x33,0x37,0xFC,0x2D,0x32,0x2A,0x33,0x36,0x31,0x25,0x27,0x29,0x37,0x00,
0x28,0x29,0x00,0x35,0x39,0x29,0xFC,0x2C,0xF0,0x10,0x00,0x39,0x31,0x25,0xFC,0x26,
0x25,0x37,0x29,0x00,0x33,0x27,0x39,0x30,0x38,0x25,0x00,0x28,0x33,0xFD,0x2D,0x32,
0x2D,0x31,0x2D,0x2B,0x33,0x00,0x29,0x31,0x00,0x25,0x30,0x2B,0x39,0x31,0xFC,0x30,
0x39,0x2B,0x25,0x36,0x00,0x32,0x33,0x00,0x28,0x29,0x37,0x29,0x36,0x38,0x33,0xF0,
0xEC,0xFC,0x29,0x00,0x35,0x39,0x29,0x00,0x29,0x37,0x38,0x25,0x33,0xFD,0x31,0x25,
0x32,0x38,0x29,0x32,0x28,0x33,0xFC,0x1C,0x29,0x34,0x30,0x33,0x2D,0x28,0x37,0x00,
0x34,0x36,0x29,0x37,0x33,0x37,0xFC,0x32,0x29,0x30,0x25,0xF0,0xE9,0xF0,0xE9,0xF0,
0xE9,0xFD,0x1E,0x29,0x31,0x33,0x37,0x00,0x38,0x29,0x32,0x38,0x25,0x28,0x33,0xFC,
0x30,0x33,0x27,0x25,0x30,0x2D,0x3E,0xF0,0x10,0xF0,0x01,0x30,0x25,0xF0,0xEC,0xFC,
0x31,0x25,0x37,0xF0,0xE9,0xF0,0xE9,0xF0,0xE9,0xFD,0x1D,0x29,0x00,0x2C,0xF0,0x10,
0x00,0x39,0x31,0x25,0xFC,0x26,0x25,0x37,0x29,0x00,0x33,0x27,0x39,0x30,0x38,0x25,
0xF0,0xEC,0x00,0x29,0xFC,0x37,0x29,0x00,0x2C,0xF0,0x10,0x00,0x1C,0x29,0x34,0x30,
0x33,0x2D,0x28,0x37,0xFC,0x34,0x36,0x29,0x37,0x33,0x37,0x00,0x30,0xF0,0x10,0xF0,
0xEC,0xFD,0x28,0x29,0x3A,0x29,0x31,0x33,0x37,0x00,0x36,0x29,0x37,0x2B,0x25,0x38,
0xF0,0x10,0xF0,0x01,0x30,0x33,0x37,0xFC,0x33,0x00,0x31,0x25,0x2D,0x37,0x00,0x36,
0xF0,0x10,0x34,0x2D,0x28,0x33,0xFC,0x34,0x33,0x37,0x37,0xF0,0x12,0x3A,0x29,0x30,
0xF0,0xE9,0xF0,0xE9,0xF0,0xE9,0xFD,0x20,0x33,0x27,0x29,0x00,0x34,0x33,0x28,0x29,
0x36,0x2D,0x25,0x00,0x25,0x27,0x2C,0x25,0x36,0xFC,0x33,0x32,0x28,0x29,0x00,0x2A,
0x2D,0x27,0x25,0x00,0x29,0x37,0x37,0x25,0xFC,0x26,0x25,0x37,0x29,0x00,0x33,0x27,
0x39,0x30,0x38,0x25,0xF0,0x08,0xFC,0x0F,0x30,0x25,0x00,0x28,0x29,0x3A,0x29,0x00,
0x29,0x37,0x38,0x25,0x36,0xFD,0x29,0x31,0x00,0x25,0x30,0x2B,0x39,0x31,0x00,0x30,
0x39,0x2B,0x25,0x36,0xFC,0x28,0x33,0x00,0x28,0x29,0x37,0x29,0x36,0x38,0x33,0xF0,
0xE9,0xF0,0xE9,0xF0,0xE9,0xE5,0xFF,0xF3,0x06,0x19,0x00,0x37,0x29,0x36,0x3A,0x2D,
0x28,0x33,0x36,0xFC,0x34,0x36,0x2D,0x32,0x27,0x2D,0x34,0x25,0x30,0x00,0x28,0x25,
0x00,0x0C,0x25,0x37,0x29,0xFC,0x28,0x25,0x00,0x1C,0x29,0x37,0x2D,0x37,0x38,0x29,
0x32,0x27,0x2D,0x25,0xFC,0x36,0x29,0x27,0x29,0x32,0x38,0x29,0x31,0x29,0x32,0x38,
0x29,0xFD,0x37,0x29,0x00,0x38,0x33,0x36,0x32,0x33,0x39,0xFC,0x25,0x30,0x3A,0x33,
0x00,0x28,0x29,0xFC,0x3A,0xF0,0x10,0x36,0x2D,0x33,0x37,0xFC,0x25,0x38,0x25,0x35,
0x39,0x29,0x37,0x00,0x31,0x25,0x30,0x2D,0x27,0x2D,0x33,0x37,0x33,0x37,0xFD,0x28,
0x29,0x00,0x2C,0x25,0x27,0x2F,0x29,0x36,0x37,0xF0,0xE9,0xFD,0x1D,0x25,0x26,0x29,
0x31,0x33,0x37,0x00,0x35,0x39,0x29,0xFC,0x33,0x37,0x00,0x2C,0x25,0x27,0x2F,0x29,
0x36,0x37,0x00,0x29,0x37,0x38,0x25,0x33,0xFC,0x29,0x31,0x00,0x39,0x31,0x25,0x00,
0x26,0x25,0x37,0x29,0x00,0x33,0x27,0x39,0x30,0x38,0x25,0xFC,0x30,0x33,0x27,0x25,
0x30,0x2D,0x3E,0x25,0x28,0x25,0xFD,0x25,0x26,0x25,0x2D,0x3C,0x33,0x00,0x28,0x33,
0xFC,0x28,0x29,0x37,0x29,0x36,0x38,0x33,0xF0,0xE9,0xFD,0x1D,0x29,0x00,0x32,0x25,
0x33,0x00,0x2A,0x2D,0x3E,0x29,0x36,0x31,0x33,0x37,0xFC,0x25,0x30,0x2B,0x33,0x00,
0x37,0x33,0x26,0x36,0x29,0x00,0x2D,0x37,0x37,0x33,0xFC,0x30,0x33,0x2B,0x33,0xF0,
0xEC,0xFC,0x38,0x29,0x36,0x29,0x31,0x33,0x37,0x00,0x31,0x39,0x2D,0x38,0x33,0x37,
0xFD,0x34,0x36,0x33,0x26,0x30,0x29,0x31,0x25,0x37,0x00,0x27,0x33,0x31,0xFC,0x33,
0x00,0x34,0x36,0x33,0x2E,0x29,0x38,0x33,0x00,0x28,0x29,0xFC,0x2B,0x29,0x36,0x25,
0x27,0x25,0x33,0x00,0x28,0x25,0xFC,0x32,0x33,0x3A,0x25,0x00,0x29,0x32,0x29,0x36,
0x2B,0x2D,0x25,0xF0,0xE9,0xFD,0x24,0x29,0x36,0x33,0xF0,0xEC,0x00,0x3A,0x33,0x27,
0x29,0x00,0x34,0x33,0x28,0x29,0x36,0x2D,0x25,0xFC,0x37,0x29,0x00,0x2D,0x32,0x2A,
0x2D,0x30,0x38,0x36,0x25,0x36,0x00,0x32,0x25,0xFC,0x26,0x25,0x37,0x29,0x00,0x33,
0x27,0x39,0x30,0x38,0x25,0x00,0x29,0xFC,0x28,0x29,0x37,0x38,0x36,0x39,0x2D,0x36,
0x00,0x33,0xFD,0x27,0x33,0x31,0x34,0x39,0x38,0x25,0x28,0x33,0x36,0xFC,0x34,0x36,
0x2D,0x32,0x27,0x2D,0x34,0x25,0x30,0x00,0x28,0x29,0x30,0x29,0x37,0xF0,0x08,0xFF,
0xF3,0x06,0x24,0x29,0x36,0x33,0xF0,0xEC,0x00,0x34,0x33,0x28,0x29,0x00,0x31,0x29,
0x00,0x33,0x39,0x3A,0x2D,0x36,0xF0,0x08,0xFC,0x24,0x29,0x36,0x33,0xF0,0xEC,0x00,
0x3A,0x33,0x30,0x38,0x29,0x00,0x30,0x33,0x2B,0x33,0xE5,0xFC,0x0B,0xF0,0xE9,0xF0,
0xE9,0xF0,0xE9,0x00,0x26,0x25,0xF0,0xE9,0xF0,0xE9,0xF0,0xE9,0x00,0x26,0x25,0x37,
0x29,0xF0,0xE9,0xF0,0xE9,0xF0,0xE9,0xFC,0x38,0xF0,0x10,0x00,0x37,0x29,0x32,0x28,
0x33,0x00,0x25,0x38,0x25,0x27,0x25,0x28,0x25,0xE5,0xFD,0xF0,0xE9,0xF0,0xE9,0xF0,
0xE9,0x24,0x29,0xF0,0xE9,0xF0,0xE9,0xF0,0xE9,0x00,0x24,0x29,0x36,0x33,0xF0,0xE9,
0xF0,0xE9,0xF0,0xE9,0xFC,0xFF,0xF3,0x06,0x1A,0x25,0x36,0x25,0x00,0x2D,0x36,0x00,
0x28,0x33,0xF2,0x1E,0x36,0x25,0x32,0x37,0x00,0x1D,0x29,0x36,0x3A,0x29,0x36,0xF1,
0x34,0x25,0x36,0x25,0x00,0x25,0xF2,0x0D,0x2D,0x28,0x25,0x28,0x29,0xF1,0xF0,0xEC,
0x00,0x3A,0x33,0x27,0x29,0x00,0x34,0x36,0x29,0x27,0x2D,0x37,0x25,0xFC,0x28,0x29,
0x37,0x25,0x38,0x2D,0x3A,0x25,0x36,0x00,0x25,0xF2,0x1A,0x36,0x33,0x38,0x29,0x27,
0x25,0x33,0xF1,0xF0,0xE9,0xF0,0xE9,0xF0,0xE9,0xFD,0x17,0x25,0x37,0x00,0x25,0x00,
0x37,0x29,0x32,0x2C,0x25,0x00,0x34,0x25,0x36,0x25,0xFC,0x2D,0x37,0x37,0x33,0x00,
0x25,0x2D,0x32,0x28,0x25,0x00,0x32,0x25,0x33,0x00,0x2A,0x33,0x2D,0xFC,0x28,0x29,
0x27,0x2D,0x2A,0x36,0x25,0x28,0x25,0xF0,0xE9,0xFF,0xF3,0x06,0x24,0x29,0x36,0x33,
0xF0,0xE9,0xF0,0xE9,0xF0,0xE9,0xFC,0x20,0x33,0x27,0x29,0x00,0x28,0x29,0x3A,0x29,
0xFC,0x37,0x33,0x26,0x36,0x29,0x3A,0x2D,0x3A,0x29,0x36,0xF0,0xE9,0xF0,0xE9,0xF0,
0xE9,0xFD,0x0F,0x37,0x34,0x29,0x36,0x25,0x36,0x29,0x2D,0x00,0x34,0x33,0x36,0xFC,
0x3A,0x33,0x27,0x29,0x00,0x25,0x35,0x39,0x2D,0x00,0x25,0x38,0xF0,0x11,0x00,0x33,
0xFC,0x28,0x2D,0x25,0x00,0x29,0x31,0xFC,0x35,0x39,0x29,0x00,0x3A,0x33,0x27,0x29,
0x00,0x3A,0x33,0x30,0x38,0x25,0x36,0xF0,0xE9,0xF0,0xE9,0xF0,0xE9,0xFD,0x17,0x29,
0x00,0x34,0x36,0x33,0x31,0x29,0x38,0x25,0xFC,0x35,0x39,0x29,0x00,0x3A,0x33,0x30,
0x38,0x25,0x36,0xF0,0x10,0xFC,0x27,0x33,0x31,0x00,0x3A,0x2D,0x28,0x25,0xF0,0xE9,
0xF0,0xE9,0xF0,0xE9,0xFF,0xF3,0x06,0x10,0x2D,0x27,0x33,0x00,0x2A,0x29,0x30,0x2D,
0x3E,0xFC,0x34,0x33,0x36,0x00,0x38,0x29,0x36,0xFC,0x38,0x29,0x00,0x27,0x33,0x32,
0x2C,0x29,0x27,0x2D,0x28,0x33,0xF0,0xE9,0xF0,0xE9,0xF0,0xE9,0xFD,0x1D,0x29,0x00,
0x32,0x25,0x33,0x00,0x2A,0x33,0x37,0x37,0x29,0xFC,0x34,0x33,0x36,0x00,0x3A,0x33,
0x27,0x29,0xF0,0xEC,0x00,0x38,0x33,0x28,0x33,0x37,0xFC,0x32,0xF0,0x13,0x37,0x00,
0x2E,0xF0,0x10,0x00,0x38,0x29,0x36,0xF0,0x12,0x25,0x31,0x33,0x37,0xFC,0x2D,0x28,
0x33,0xF0,0xE9,0xF0,0xE9,0xF0,0xE9,0xFD,0xF0,0xE9,0xF0,0xE9,0xF0,0xE9,0xF0,0xE9,
0xF0,0xE9,0xF0,0xE9,0xFD,0x17,0x29,0x00,0x34,0x36,0x33,0x31,0x29,0x38,0x25,0x00,
0x35,0x39,0x29,0xFC,0x3A,0x33,0x30,0x38,0x25,0x36,0xF0,0x10,0xFC,0x27,0x33,0x31,
0x00,0x3A,0x2D,0x28,0x25,0xF0,0xE9,0xFD,0x17,0x29,0x37,0x31,0x33,0x00,0x35,0x39,
0x29,0x00,0x32,0x25,0x33,0xFC,0x27,0x33,0x32,0x37,0x2D,0x2B,0x25,0x00,0x28,0x29,
0x37,0x38,0x36,0x39,0x2D,0x36,0xFC,0x18,0x29,0x33,0x00,0x0B,0x36,0x27,0x25,0x28,
0x2D,0x25,0xF0,0xEC,0xFC,0x37,0xF0,0x13,0x00,0x35,0x39,0x29,0x36,0x33,0x00,0x35,
0x39,0x29,0xFD,0x3A,0x33,0x27,0x29,0x00,0x34,0x33,0x37,0x37,0x25,0xFC,0x3A,0x33,
0x30,0x38,0x25,0x36,0x00,0x37,0x25,0x33,0xFC,0x29,0x00,0x37,0x25,0x30,0x3A,0x33,
0xF0,0xE9,0xFD,0x0C,0x33,0x25,0x00,0x37,0x33,0x36,0x38,0x29,0xF0,0xE9,0xF0,0xE9,
0xF0,0xE9,0xFF,0xF3,0x06,0x18,0xF0,0x13,0x37,0x00,0x25,0x32,0x25,0x30,0x2D,0x37,
0x25,0x31,0x33,0x37,0xFC,0x33,0x37,0x00,0x28,0x25,0x28,0x33,0x37,0x00,0x35,0x39,
0x29,0x00,0x3A,0x33,0x27,0x29,0xFC,0x36,0x29,0x27,0x39,0x34,0x29,0x36,0x33,0x39,
0xF0,0xE9,0xF0,0xE9,0xF0,0xE9,0xFD,0x17,0x25,0x37,0x00,0x25,0x00,0x31,0x25,0x2D,
0x33,0x36,0x00,0x34,0x25,0x36,0x38,0x29,0xFC,0x28,0x33,0x37,0x00,0x28,0x25,0x28,
0x33,0x37,0x00,0x29,0x37,0x38,0xF0,0x10,0xFC,0x28,0x25,0x32,0x2D,0x2A,0x2D,0x27,
0x25,0x28,0x25,0x00,0x29,0x00,0xF0,0x11,0xFC,0x2D,0x32,0xF0,0x14,0x38,0x2D,0x30,
0xF0,0xE9,0xF0,0xE9,0xF0,0xE9,0xFD,0x0B,0x00,0x26,0x33,0x25,0x00,0x32,0x33,0x38,
0xF0,0x12,0x27,0x2D,0x25,0xFC,0xF0,0x11,0x00,0x35,0x39,0x29,0x00,0x32,0xF0,0x13,
0x37,0x00,0x34,0x33,0x28,0x29,0x31,0x33,0x37,0xFC,0x36,0x29,0x37,0x38,0x25,0x39,
0x36,0x25,0x36,0x00,0x25,0xFC,0x2D,0x32,0x2A,0x33,0x36,0x31,0x25,0x27,0x25,0x33,
0x00,0x28,0x25,0xFD,0x37,0x39,0x25,0x00,0x25,0x36,0x31,0x25,0xF0,0xE9,0xFD,0x1D,
0x29,0x00,0x35,0x39,0x2D,0x37,0x29,0x36,0x00,0x37,0x25,0x26,0x29,0x36,0xFC,0x31,
0x25,0x2D,0x37,0x00,0x37,0x33,0x26,0x36,0x29,0x00,0x2D,0x37,0x37,0x33,0xF0,0xEC,
0xFC,0x34,0x29,0x36,0x2B,0x39,0x32,0x38,0x29,0x00,0x25,0x33,0x00,0x32,0x33,0x37,
0x37,0x33,0xFC,0x29,0x32,0x2B,0x29,0x32,0x2C,0x29,0x2D,0x36,0x33,0x00,0x0D,0x29,
0x36,0x3A,0x29,0x25,0x39,0xF0,0xE9,0xFD,0x1D,0x2D,0x32,0x38,0x33,0x00,0x31,0x39,
0x2D,0x38,0x33,0x00,0x35,0x39,0x29,0xFC,0x25,0x00,0x31,0x2D,0x37,0x37,0x25,0x33,
0x00,0x32,0x25,0x33,0x00,0x38,0x29,0x32,0x2C,0x25,0xFC,0x37,0x25,0xF0,0x12,0x28,
0x33,0x00,0x26,0x29,0x31,0xF0,0xEC,0x00,0x31,0x25,0x37,0xFC,0x29,0x37,0x34,0x29,
0x36,0x25,0x31,0x33,0x37,0x00,0x35,0x39,0x29,0x00,0x3A,0x33,0x27,0x29,0xFD,0x27,
0x33,0x32,0x38,0x2D,0x32,0x39,0x29,0x00,0x32,0x33,0x37,0xFC,0x25,0x2E,0x39,0x28,
0x25,0x32,0x28,0x33,0xF0,0xE9,0xFF,0xF3,0x06,0x1A,0x25,0x36,0x29,0x27,0x29,0x00,
0x35,0x39,0x29,0x00,0x33,0x37,0xFC,0x28,0x25,0x28,0x33,0x37,0x00,0x2A,0x33,0x36,
0x25,0x31,0xFC,0x30,0x29,0x3A,0x25,0x28,0x33,0x37,0xF0,0xE9,0xFD,0x17,0x25,0x37,
0x00,0x32,0x25,0x33,0x00,0x37,0x29,0xFC,0x34,0x36,0x29,0x33,0x27,0x39,0x34,0x29,
0xF0,0xE9,0xF0,0xE9,0xF0,0xE9,0xFD,0x1E,0x29,0x32,0x38,0x25,0x36,0x29,0x2D,0xFC,
0x31,0x29,0x00,0x2D,0x32,0x2A,0x2D,0x30,0x38,0x36,0x25,0x36,0x00,0x32,0x25,0xFC,
0x26,0x25,0x37,0x29,0x00,0x2D,0x32,0x2D,0x31,0x2D,0x2B,0x25,0xFC,0x34,0x25,0x36,
0x25,0x00,0x29,0x3A,0x2D,0x38,0x25,0x36,0x00,0x35,0x39,0x29,0xFD,0x29,0x30,0x29,
0x37,0x00,0x33,0x37,0x00,0x39,0x37,0x29,0x31,0xF0,0xE9,0xFF,0xF3,0x06,0x24,0x29,
0x36,0x33,0xF0,0xE9,0xF0,0xE9,0xF0,0xE9,0xFC,0x19,0x26,0x36,0x2D,0x2B,0x25,0x28,
0x25,0xF0,0xE9,0xFC,0x18,0x39,0x32,0x27,0x25,0x00,0x34,0x29,0x32,0x37,0x29,0x2D,
0xFC,0x35,0x39,0x29,0x00,0x3A,0x29,0x36,0x2D,0x25,0x00,0x33,0x00,0x28,0x2D,0x25,
0xFD,0x29,0x31,0x00,0x35,0x39,0x29,0x00,0x33,0x00,0x0D,0x29,0x32,0x38,0x36,0x33,
0xFC,0x28,0x29,0x00,0x0F,0x30,0x2D,0x31,0x2D,0x32,0x25,0x27,0x25,0x33,0x00,0x28,
0x29,0xFC,0x1C,0x29,0x34,0x30,0x33,0x2D,0x28,0x37,0x00,0x2A,0x33,0x37,0x37,0x29,
0xFC,0x28,0x29,0x37,0x38,0x36,0x39,0xF0,0x12,0x28,0x33,0xF0,0xE9,0xFD,0x19,0x37,
0x00,0x1C,0x29,0x34,0x30,0x33,0x2D,0x28,0x37,0xFC,0x2D,0x32,0x33,0x27,0x29,0x32,
0x38,0x29,0x37,0x00,0x29,0x37,0x38,0x25,0x36,0x25,0x33,0xFC,0x25,0x00,0x37,0x25,
0x30,0x3A,0x33,0x00,0x34,0x33,0x36,0xFC,0x39,0x31,0x00,0x38,0x29,0x31,0x34,0x33,
0xF0,0xE9,0xF0,0xE9,0xF0,0xE9,0xFD,0x17,0x39,0x2D,0x38,0x33,0xFC,0x33,0x26,0x36,
0x2D,0x2B,0x25,0x28,0x25,0xF0,0xEC,0x00,0x24,0x29,0x36,0x33,0xF0,0xE9,0xFD,0x20,
0x33,0x27,0x29,0x00,0xF0,0x16,0x00,0x33,0x00,0x24,0x29,0x36,0x33,0xF0,0xEC,0xFC,
0x33,0x00,0x1C,0x29,0x34,0x30,0x33,0x2D,0x28,0xFC,0x30,0x29,0x32,0x28,0xF0,0x10,
0x36,0x2D,0x33,0xF0,0xE9,0xF0,0xE9,0xF0,0xE9,0xFD,0x11,0x33,0x37,0x38,0x25,0x36,
0x2D,0x25,0x00,0x28,0x29,0x00,0x34,0x29,0x28,0x2D,0x36,0xFC,0x37,0x39,0x25,0x00,
0x25,0x2E,0x39,0x28,0x25,0x00,0x28,0x29,0x00,0x32,0x33,0x3A,0x33,0xFC,0x35,0x39,
0x25,0x32,0x28,0x33,0x00,0x38,0x2D,0x3A,0x29,0x36,0xFC,0x38,0x29,0x31,0x34,0x33,
0xF0,0xE9,0xFD,0x13,0x37,0x38,0x33,0x00,0xF0,0x11,0xF0,0xEC,0x00,0x37,0x29,0x00,
0x32,0x25,0x33,0xFC,0x37,0x29,0x00,0x2D,0x31,0x34,0x33,0x36,0x38,0x25,0x36,0x00,
0x29,0x31,0xFC,0x2A,0x25,0x3E,0x29,0x36,0x00,0x2A,0x25,0x3A,0x33,0x36,0x29,0x37,
0xFC,0x34,0x25,0x36,0x25,0x00,0x32,0xF0,0x13,0x37,0xF0,0xE9,0xF0,0xE9,0xF0,0xE9,
0xFD,0x1A,0x33,0x36,0x00,0x2A,0x25,0x3A,0x33,0x36,0x00,0x3A,0x29,0x32,0x2C,0x25,
0xFC,0x2A,0x25,0x30,0x25,0x36,0x00,0x27,0x33,0x31,0x2D,0x2B,0x33,0xF0,0xE9,0xF0,
0xE9,0xF0,0xE9,0xFD,0x0F,0x37,0x38,0x25,0x36,0x29,0x2D,0x00,0x29,0x37,0x34,0x29,
0x36,0x25,0x32,0x28,0x33,0xFC,0x34,0x33,0x36,0x00,0x3A,0x33,0x27,0x29,0xF0,0xE9,
0xF0,0xE9,0xF0,0xE9,0xFD,0x0B,0x00,0x34,0x36,0x33,0x34,0xF0,0x13,0x37,0x2D,0x38,
0x33,0xF0,0xEC,0x00,0x37,0x29,0xFC,0x3A,0x33,0x27,0x29,0x00,0x2A,0x33,0x36,0x00,
0x34,0x25,0x36,0x25,0xFC,0x25,0x00,0x37,0x25,0x30,0x25,0x00,0x28,0x29,0x00,0x31,
0x33,0x38,0x33,0x36,0x29,0x37,0xFC,0x32,0x33,0x00,0x25,0x32,0x28,0x25,0x36,0x00,
0x28,0x29,0x00,0x26,0x25,0x2D,0x3C,0x33,0xF0,0xEC,0xFD,0x29,0x32,0x27,0x33,0x32,
0x38,0x36,0x25,0x36,0xF0,0x10,0x00,0x33,0xFC,0x32,0x33,0x37,0x37,0x33,0x00,0x29,
0x32,0x2B,0x29,0x32,0x2C,0x29,0x2D,0x36,0x33,0xFC,0x27,0x2C,0x25,0x31,0x25,0x28,
0x33,0x00,0x0D,0x29,0x36,0x3A,0x29,0x25,0x39,0xF0,0xE9,0xFC,0x0F,0x30,0x29,0x00,
0x34,0x29,0x28,0x2D,0x39,0x00,0x34,0x25,0x36,0x25,0xFD,0x29,0x39,0x00,0x38,0x29,
0x00,0x29,0x32,0x38,0x36,0x29,0x2B,0x25,0x36,0x00,0x2D,0x37,0x37,0x33,0xF0,0xE9,
0xFD,0x1D,0x29,0x00,0x27,0x2C,0x25,0x31,0x25,0x00,0x25,0xFC,0x0F,0x37,0x27,0x25,
0x34,0x29,0x00,0x1F,0x32,0x2D,0x38,0xF0,0xE9,0x00,0x1D,0x29,0xFC,0x3A,0x33,0x27,
0x29,0x00,0x25,0x00,0x39,0x37,0x25,0x36,0xFC,0x28,0x39,0x36,0x25,0x32,0x38,0x29,
0x00,0x39,0x31,0x25,0xFD,0x31,0x2D,0x37,0x37,0x25,0x33,0xF0,0xEC,0x00,0x3A,0x33,
0x27,0x29,0xFC,0x34,0x33,0x28,0x29,0x36,0xF0,0x10,0x00,0x25,0x26,0x33,0x36,0x38,
0x25,0x36,0x00,0x29,0x37,0x37,0x25,0xFC,0x31,0x2D,0x37,0x37,0x25,0x33,0x00,0x29,
0x00,0x29,0x3A,0x25,0x27,0x39,0x25,0x36,0xF0,0xE9,0xFD,0x17,0x25,0x37,0x00,0x30,
0x29,0x31,0x26,0x36,0x29,0xF0,0x01,0x37,0x29,0xF0,0xEC,0xFC,0x25,0x00,0x31,0x2D,
0x37,0x37,0x25,0x33,0x00,0x37,0x29,0x36,0xF0,0x10,0xFC,0x27,0x33,0x32,0x37,0x2D,
0x28,0x29,0x36,0x25,0x28,0x25,0x00,0x39,0x31,0x25,0xFC,0x2A,0x25,0x30,0x2C,0x25,
0x00,0x37,0x29,0xFD,0x3A,0x33,0x27,0x29,0x00,0x29,0x3A,0x25,0x27,0x39,0x25,0x36,
0xF0,0xE9,0xFF,0x0F,0x1C,0x1C,0x19,0xFF,0xF3,0x06,0x24,0x29,0x36,0x33,0xF0,0xE9,
0xF0,0xE9,0xF0,0xE9,0xFC,0x19,0x26,0x36,0x2D,0x2B,0x25,0x28,0x25,0xF0,0xE9,0xFC,
0x18,0x39,0x32,0x27,0x25,0x00,0x34,0x29,0x32,0x37,0x29,0x2D,0xFC,0x35,0x39,0x29,
0x00,0x3A,0x29,0x36,0x2D,0x25,0x00,0x33,0x00,0x28,0x2D,0x25,0xFD,0x29,0x31,0x00,
0x35,0x39,0x29,0x00,0x33,0x00,0x0D,0x29,0x32,0x38,0x36,0x33,0xFC,0x28,0x29,0x00,
0x0F,0x30,0x2D,0x31,0x2D,0x32,0x25,0x27,0x25,0x33,0x00,0x28,0x29,0xFC,0x1C,0x29,
0x34,0x30,0x33,0x2D,0x28,0x37,0x00,0x2A,0x33,0x37,0x37,0x29,0xFC,0x28,0x29,0x37,
0x38,0x36,0x39,0xF0,0x12,0x28,0x33,0xF0,0xE9,0xFD,0x19,0x37,0x00,0x1C,0x29,0x34,
0x30,0x33,0x2D,0x28,0x37,0xFC,0x2D,0x32,0x33,0x27,0x29,0x32,0x38,0x29,0x37,0x00,
0x29,0x37,0x38,0x25,0x36,0x25,0x33,0xFC,0x25,0x00,0x37,0x25,0x30,0x3A,0x33,0x00,
0x34,0x33,0x36,0xFC,0x39,0x31,0x00,0x38,0x29,0x31,0x34,0x33,0xF0,0xE9,0xF0,0xE9,
0xF0,0xE9,0xFD,0x17,0x39,0x2D,0x38,0x33,0xFC,0x33,0x26,0x36,0x2D,0x2B,0x25,0x28,
0x25,0xF0,0xEC,0x00,0x24,0x29,0x36,0x33,0xF0,0xE9,0xFD,0x20,0x33,0x27,0x29,0x00,
0xF0,0x16,0x00,0x33,0x00,0x24,0x29,0x36,0x33,0xF0,0xEC,0xFC,0x33,0x00,0x1C,0x29,
0x34,0x30,0x33,0x2D,0x28,0xFC,0x30,0x29,0x32,0x28,0xF0,0x10,0x36,0x2D,0x33,0xF0,
0xE9,0xF0,0xE9,0xF0,0xE9,0xFF,0xF3,0x06,0x1D,0x29,0x00,0x3A,0x33,0x27,0x29,0x00,
0x32,0x25,0x33,0xFC,0x38,0x2D,0x3A,0x29,0x37,0x37,0x29,0x00,0x34,0x25,0x36,0x25,
0x28,0x33,0x00,0x33,0x00,0xFC,0x17,0x29,0x27,0x25,0x32,0x2D,0x30,0x33,0x2D,0x28,
0x29,0x00,0x11,0x2D,0x2B,0x25,0x32,0x38,0x29,0xF0,0xEC,0xFC,0x25,0x00,0x0C,0x25,
0x37,0x29,0x00,0x28,0x25,0xFD,0x1C,0x29,0x37,0x2D,0x37,0x38,0x29,0x32,0x27,0x2D,
0x25,0x00,0x38,0x29,0x36,0x2D,0x25,0xFC,0x37,0x29,0x00,0x38,0x33,0x36,0x32,0x25,
0x28,0x33,0xFC,0x39,0x31,0x00,0x25,0x30,0x3A,0x33,0x00,0x2A,0xF0,0x10,0x27,0x2D,
0x30,0xF0,0xE9,0xFD,0x19,0x26,0x36,0x2D,0x2B,0x25,0x28,0x25,0xF0,0xEC,0x00,0x24,
0x29,0x36,0x33,0xF0,0xE9,0xFD,0x0D,0x33,0x31,0x00,0x25,0x00,0x37,0x39,0x25,0xFC,
0x27,0x33,0x33,0x34,0x29,0x36,0x25,0x27,0x25,0x33,0xF0,0xEC,0xFC,0x38,0x25,0x30,
0x3A,0x29,0x3E,0x00,0x25,0x00,0x34,0x25,0x3E,0xFC,0x37,0x29,0x2E,0x25,0x00,0x36,
0x29,0x37,0x38,0x25,0x39,0x36,0x25,0x28,0x25,0xF0,0xE9,0xF0,0xE9,0xF0,0xE9,0xFF,
0xF3,0x06,0x18,0x33,0x37,0x37,0x33,0x00,0x2B,0x29,0x36,0x25,0x28,0x33,0x36,0xFC,
0x28,0x29,0x00,0x29,0x37,0x27,0x39,0x28,0x33,0x37,0xFC,0x37,0x33,0x2A,0x36,0x29,
0x39,0x00,0x28,0x25,0x32,0x33,0x37,0xFC,0x2B,0x36,0x25,0x3A,0x29,0x37,0x00,0x28,
0x25,0x35,0x39,0x29,0x30,0x29,0xFD,0x17,0x29,0x27,0x25,0x32,0x2D,0x30,0x33,0x2D,
0x28,0x29,0xFC,0x2B,0x2D,0x2B,0x25,0x32,0x38,0x29,0xF0,0xE9,0xF0,0xE9,0xF0,0xE9,
0xFD,0x1D,0x29,0x00,0x25,0x38,0x25,0x27,0x25,0x36,0x29,0x31,0x00,0x25,0xFC,0x0C,
0x25,0x37,0x29,0x00,0x28,0x25,0xFC,0x1C,0x29,0x37,0x2D,0x37,0x38,0x29,0x32,0x27,
0x2D,0x25,0xF0,0xEC,0x00,0x29,0x30,0x25,0xFC,0x37,0x29,0x36,0xF0,0x10,0x00,0x2A,
0x25,0x27,0x2D,0x30,0x31,0x29,0x32,0x38,0x29,0xFD,0x34,0x29,0x32,0x29,0x38,0x36,
0x25,0x28,0x25,0xF0,0xE9,0x00,0x1E,0x29,0x31,0x33,0x37,0xFC,0x35,0x39,0x29,0x00,
0x36,0x29,0x34,0x25,0x36,0x25,0x36,0x00,0x33,0xFC,0x2B,0x29,0x36,0x25,0x28,0x33,
0x36,0x00,0x33,0xFC,0x31,0x25,0x2D,0x37,0x00,0x36,0xF0,0x10,0x34,0x2D,0x28,0x33,
0xFD,0x34,0x33,0x37,0x37,0xF0,0x12,0x3A,0x29,0x30,0xF0,0xE9,0xF0,0xE9,0xF0,0xE9,
0xFF,0xF3,0x06,0x11,0x36,0x25,0x27,0x25,0x37,0x00,0x25,0x00,0x3A,0x33,0x27,0x29,
0xF0,0xEC,0xFC,0x33,0x00,0x0D,0x3D,0x26,0x29,0x36,0xF0,0x01,0x0F,0x30,0x2A,0x33,
0xFC,0x37,0x29,0x35,0x39,0x29,0x37,0x38,0x36,0x25,0x28,0x33,0x00,0x2A,0x33,0x2D,
0xFC,0x37,0x25,0x30,0x3A,0x33,0xE5,0xFD,0x0F,0x00,0x25,0x00,0x36,0x33,0x38,0x25,
0x00,0x28,0x29,0xFC,0x37,0x39,0x34,0x36,0x2D,0x31,0x29,0x32,0x38,0x33,0x00,0x28,
0x33,0x37,0xFC,0x2D,0x32,0x2D,0x31,0x2D,0x2B,0x33,0x37,0x00,0x2A,0x33,0x2D,0xFC,
0x27,0x33,0x36,0x38,0x25,0x28,0x25,0xF0,0xE9,0xF0,0xE9,0xF0,0xE9,0xFD,0x17,0x39,
0x2D,0x38,0x33,0xFC,0x33,0x26,0x36,0x2D,0x2B,0x25,0x28,0x25,0xF0,0xEC,0x00,0x24,
0x29,0x36,0x33,0xF0,0xE9,0xFC,0x18,0xF0,0x13,0x37,0x00,0x28,0x29,0x3A,0x29,0x31,
0x33,0x37,0x00,0x38,0x39,0x28,0x33,0xFC,0x2D,0x37,0x37,0x33,0x00,0x25,0x00,0x3A,
0x33,0x27,0x29,0xF0,0xE9,0xFD,0x19,0x00,0x0D,0x3D,0x26,0x29,0x36,0xF0,0x01,0x0F,
0x30,0x2A,0x33,0xFC,0x35,0x39,0x29,0x00,0x3A,0x33,0x27,0x29,0x00,0x36,0x29,0x37,
0x2B,0x25,0x38,0x33,0x39,0xFC,0xF0,0x11,0x00,0x37,0xF0,0x13,0x00,0x39,0x31,0x25,
0x00,0x2B,0x25,0x36,0x33,0x38,0x2D,0x32,0x2C,0x25,0xF0,0xE9,0xFD,0x17,0x25,0x37,
0x00,0x29,0x30,0x25,0x00,0xF0,0x11,0x00,0x39,0x31,0x25,0xFC,0x0D,0x3D,0x26,0x29,
0x36,0xF0,0x01,0x0F,0x30,0x2A,0x33,0x00,0xF0,0x14,0x32,0x2D,0x27,0x25,0xFC,0x29,
0x00,0x25,0x34,0x36,0x29,0x32,0x28,0x29,0x36,0xF0,0x10,0x00,0x39,0x31,0x25,0xFC,
0x2C,0x25,0x26,0x2D,0x30,0x2D,0x28,0x25,0x28,0x29,0x00,0x2D,0x32,0x27,0x36,0xF0,
0x12,0x3A,0x29,0x30,0xF0,0xEC,0xFD,0x35,0x39,0x25,0x32,0x28,0x33,0x00,0x27,0x36,
0x29,0x37,0x27,0x29,0x36,0xF0,0xE9,0xFD,0x0D,0x36,0x2D,0x29,0xF0,0x01,0x25,0x00,
0x27,0x33,0x31,0xFC,0x25,0x31,0x33,0x36,0x00,0x29,0x00,0x27,0x25,0x36,0x2D,0x32,
0x2C,0x33,0xF0,0xE9,0xF0,0xE9,0xF0,0xE9,0xFF,0xF3,0x06,0x24,0x29,0x36,0x33,0xF0,
0xE9,0xF0,0xE9,0xF0,0xE9,0x00,0x32,0x25,0x33,0x00,0x37,0x29,0xFC,0x34,0x36,0x29,
0x33,0x27,0x39,0x34,0x29,0xF0,0xE9,0x00,0x18,0x25,0x33,0x00,0xF0,0x11,0xFC,0x37,
0x39,0x25,0x00,0x27,0x39,0x30,0x34,0x25,0xF0,0xE9,0x00,0x19,0x26,0x36,0x2D,0x2B,
0x25,0x28,0x25,0xF0,0xEC,0xFC,0x28,0x29,0x00,0x35,0x39,0x25,0x30,0x35,0x39,0x29,
0x36,0x00,0x2A,0x33,0x36,0x31,0x25,0xF0,0xE9,0xFF,0xF3,0x06,0x11,0x36,0x25,0x27,
0x25,0x37,0x00,0x25,0x00,0x3A,0x33,0x27,0x29,0xF0,0xEC,0xFC,0x32,0x33,0x37,0x37,
0x33,0x00,0x27,0x33,0x31,0x34,0x25,0x32,0x2C,0x29,0x2D,0x36,0x33,0xFC,0x0D,0x33,
0x30,0x26,0x33,0x36,0x00,0x2A,0x33,0x2D,0xFC,0x36,0x29,0x37,0x2B,0x25,0x38,0x25,
0x28,0x33,0xF0,0xE9,0xFD,0x17,0x39,0x2D,0x38,0x33,0x00,0x33,0x26,0x36,0x2D,0x2B,
0x25,0x28,0x25,0xF0,0xE9,0xF0,0xE9,0xF0,0xE9,0xFD,0x37,0x00,0x3A,0x29,0x3E,0x29,
0x37,0x00,0x29,0x30,0x29,0x00,0x27,0x33,0x31,0x29,0x38,0x29,0xFC,0x29,0x36,0x36,
0x33,0x37,0xF0,0xEC,0x00,0x31,0x25,0x37,0xFC,0xF0,0x11,0x00,0x39,0x31,0x00,0x26,
0x33,0x31,0x00,0x1C,0x29,0x34,0x30,0x33,0x2D,0x28,0xFC,0x28,0x29,0x00,0x27,0x33,
0x36,0x25,0x27,0x25,0x33,0xF0,0xE9,0xFD,0x1A,0x33,0x36,0x00,0x2A,0x25,0x3A,0x33,
0x36,0xF0,0xEC,0xFC,0x34,0x29,0x36,0x28,0x33,0x29,0xF0,0x01,0x33,0xF0,0xE9,0xFF,
0xF3,0x06,0x0B,0x34,0x29,0x37,0x25,0x36,0x00,0x28,0x33,0x00,0x37,0x29,0x39,0xFC,
0x29,0x37,0x2A,0x33,0x36,0x27,0x33,0xF0,0xEC,0x00,0x0D,0x33,0x30,0x26,0x33,0x36,
0xFC,0x32,0x25,0x33,0x00,0x27,0x33,0x32,0x37,0x29,0x2B,0x39,0x2D,0x39,0xFC,0x3A,
0x33,0x30,0x38,0x25,0x36,0xF0,0xE9,0xFD,0x17,0x29,0x00,0x37,0x2D,0x32,0x38,0x33,
0x00,0x31,0x25,0x30,0x00,0x34,0x33,0x36,0xFC,0x29,0x30,0x29,0xF0,0xEC,0x00,0x31,
0x25,0x37,0x00,0x33,0x00,0x35,0x39,0x29,0xFC,0x29,0x37,0x38,0xF0,0x10,0x00,0x2A,
0x29,0x2D,0x38,0x33,0xF0,0xEC,0xFC,0x29,0x37,0x38,0xF0,0x10,0x00,0x2A,0x29,0x2D,
0x38,0x33,0xF0,0xE9,0xF0,0xE9,0xF0,0xE9,0xFF,0xF3,0x06,0x11,0x36,0x25,0x27,0x25,
0x37,0x00,0x25,0x00,0x3A,0x33,0x27,0x29,0xF0,0xEC,0x00,0x32,0xF0,0x13,0x37,0xFC,
0x33,0x26,0x38,0x2D,0x3A,0x29,0x31,0x33,0x37,0x00,0x33,0xFC,0x27,0x33,0x32,0x38,
0x36,0x33,0x30,0x29,0x00,0x28,0x25,0xFC,0x2A,0xF0,0x10,0x26,0x36,0x2D,0x27,0x25,
0xF0,0xE9,0x00,0x0B,0x2B,0x33,0x36,0x25,0xFD,0x34,0x33,0x28,0x29,0x31,0x33,0x37,
0x00,0x3A,0x2D,0x3A,0x29,0x36,0x00,0x37,0x29,0x31,0xFC,0x33,0x00,0x31,0x29,0x28,
0x33,0x00,0x28,0x25,0xFC,0x29,0x30,0x2D,0x31,0x2D,0x32,0x25,0x27,0x25,0x33,0xF0,
0xE9,0xFD,0x17,0x39,0x2D,0x38,0x33,0x00,0x33,0x26,0x36,0x2D,0x2B,0x25,0x28,0x25,
0xF0,0xE9,0xFD,0xF0,0x16,0x00,0x27,0x33,0x31,0x33,0x00,0x37,0x29,0x00,0x33,0x00,
0x32,0x33,0x37,0x37,0x33,0xFC,0x37,0x33,0x32,0x2C,0x33,0x00,0x38,0x2D,0x3A,0x29,
0x37,0x37,0x29,0xFC,0x37,0x29,0x00,0x38,0x33,0x36,0x32,0x25,0x28,0x33,0xFC,0x36,
0x29,0x25,0x30,0x2D,0x28,0x25,0x28,0x29,0xF0,0xE9,0xFD,0x1E,0x29,0x31,0xF0,0x12,
0x25,0x31,0x33,0x37,0x00,0x29,0x37,0x38,0x25,0x36,0xFC,0x27,0x33,0x32,0x28,0x29,
0x32,0x25,0x28,0x33,0x37,0xF0,0xE9,0xF0,0xE9,0xF0,0xE9,0xFF,0xF3,0x06,0x24,0x29,
0x36,0x33,0xF0,0xEC,0x00,0x33,0x26,0x36,0x2D,0x2B,0x25,0x28,0x25,0xFC,0x34,0x29,
0x30,0x33,0x00,0x37,0x29,0x39,0x00,0x29,0x37,0x2A,0x33,0x36,0x27,0x33,0xF0,0xE9,
0xFD,0x1E,0x29,0x31,0x33,0x37,0x00,0x25,0x30,0x2B,0x39,0x32,0x37,0xFC,0x0F,0x32,
0x29,0x36,0x2B,0x3D,0x00,0x0D,0x36,0x3D,0x37,0x38,0x25,0x30,0x37,0xFC,0x32,0x33,
0x00,0x29,0x37,0x38,0x33,0x35,0x39,0x29,0xF0,0xE9,0xF0,0xE9,0xF0,0xE9,0xFD,0x1E,
0x39,0x28,0x33,0x00,0x35,0x39,0x29,0x00,0x28,0x29,0x3A,0x29,0x31,0x33,0x37,0xFC,
0x2A,0x25,0x3E,0x29,0x36,0x00,0xF0,0x11,0x00,0x28,0x29,0x37,0x29,0x32,0x3A,0x33,
0x30,0x3A,0x29,0x36,0xFC,0x39,0x31,0x25,0x00,0x29,0x32,0x29,0x36,0x2B,0x2D,0x25,
0xFC,0x37,0x39,0x26,0x37,0x38,0x2D,0x38,0x39,0x38,0x25,0x00,0x25,0x32,0x38,0x29,
0x37,0x00,0x35,0x39,0x29,0xFD,0x25,0x00,0x32,0x33,0x37,0x37,0x25,0x00,0x36,0x29,
0x37,0x29,0x36,0x3A,0x25,0x00,0x28,0x29,0xFC,0x0F,0x32,0x29,0x36,0x2B,0x3D,0x00,
0x0D,0x36,0x3D,0x37,0x38,0x25,0x30,0x37,0xFC,0x37,0x29,0x00,0x29,0x37,0x2B,0x33,
0x38,0x29,0xF0,0xE9,0xFD,0x0F,0x39,0x00,0x27,0x39,0x2D,0x28,0x25,0x36,0x29,0x2D,
0xFC,0x28,0x2D,0x37,0x37,0x33,0xE5,0xFF,0xF3,0x06,0x24,0x29,0x36,0x33,0xF0,0xEC,
0x00,0x30,0x25,0x31,0x29,0x32,0x38,0x33,0xFC,0x35,0x39,0x29,0x00,0x29,0x37,0x38,
0x29,0x2E,0x25,0x31,0x33,0x37,0x00,0x37,0x29,0x31,0x34,0x36,0x29,0xFC,0x25,0x36,
0x36,0x2D,0x37,0x27,0x25,0x32,0x28,0x33,0x00,0x25,0xFC,0x37,0x39,0x25,0x00,0x3A,
0x2D,0x28,0x25,0xF0,0xE9,0xF0,0xE9,0xF0,0xE9,0xFD,0x1B,0x39,0x25,0x32,0x38,0x33,
0x00,0x38,0x29,0x31,0x34,0x33,0xFC,0x38,0x29,0x36,0x29,0x31,0x33,0x37,0x00,0x35,
0x39,0x29,0xFC,0x3A,0x2D,0x3A,0x29,0x36,0x00,0x25,0x37,0x37,0x2D,0x31,0xF0,0xEC,
0xFC,0x25,0x2A,0x2D,0x32,0x25,0x30,0x00,0x28,0x29,0x00,0x27,0x33,0x32,0x38,0x25,
0x37,0xF0,0xE9,0xF0,0xE9,0xF0,0xE9,0xF0,0x08,0xFD,0x0E,0x29,0x37,0x27,0x39,0x30,
0x34,0x29,0xF0,0xEC,0x00,0x29,0x37,0x38,0x33,0x39,0xFC,0x39,0x31,0x00,0x34,0x33,
0x39,0x27,0x33,0xFC,0x28,0x29,0x34,0x36,0x2D,0x31,0x2D,0x28,0x25,0xF0,0xE9,0xF0,
0xE9,0xF0,0xE9,0xFD,0x0E,0x25,0x36,0x29,0x2D,0x00,0x33,0x00,0x31,0x29,0x39,0xFC,
0x31,0x29,0x30,0x2C,0x33,0x36,0x00,0x34,0x25,0x36,0x25,0xFC,0x28,0x29,0x37,0x29,
0x32,0x3A,0x33,0x30,0x3A,0x29,0x36,0x00,0x39,0x31,0x25,0xFC,0x29,0x32,0x29,0x36,
0x2B,0x2D,0x25,0x00,0x37,0x39,0x26,0x37,0x38,0x2D,0x38,0x39,0x38,0x25,0xF0,0xE9,
0xFD,0x1D,0x29,0x00,0x27,0x33,0x32,0x37,0x29,0x2B,0x39,0x2D,0x36,0x31,0x33,0x37,
0x00,0x33,0x26,0x38,0x29,0x36,0xFC,0x39,0x31,0x25,0x00,0x29,0x32,0x29,0x36,0x2B,
0x2D,0x25,0xFC,0x37,0x39,0x26,0x37,0x38,0x2D,0x38,0x39,0x38,0x25,0xF0,0xEC,0xFC,
0x34,0x33,0x28,0x29,0x36,0xF0,0x12,0x25,0x31,0x33,0x37,0x00,0x3A,0x2D,0x3A,0x29,
0x36,0xFD,0x2A,0x29,0x30,0x2D,0x3E,0x29,0x37,0x00,0x29,0x31,0x00,0x39,0x31,0x00,
0x30,0x39,0x2B,0x25,0x36,0xFC,0x38,0x36,0x25,0x32,0x35,0x39,0x2D,0x30,0x33,0xF0,
0xE9,0xF0,0xE9,0xF0,0xE9,0xFD,0x0B,0x38,0xF0,0x11,0x00,0x35,0x39,0x29,0x00,0x2D,
0x37,0x37,0x33,0xFC,0x25,0x27,0x33,0x32,0x38,0x29,0x27,0x25,0xF0,0xEC,0x00,0x29,
0x37,0x34,0x29,0x36,0x33,0xFC,0x27,0x33,0x32,0x38,0x25,0x36,0x00,0x27,0x33,0x31,
0x00,0x33,0xFD,0x37,0x29,0x39,0x00,0x25,0x34,0x33,0x2D,0x33,0xFC,0x27,0x33,0x32,
0x38,0xF0,0x12,0x32,0x39,0x33,0xF0,0xEC,0x00,0x24,0x29,0x36,0x33,0xF0,0xE9,0xFF,
0xF3,0x06,0x0B,0x34,0x29,0x37,0x25,0x36,0x00,0x28,0x25,0x00,0x2A,0xF0,0x10,0x26,
0x36,0x2D,0x27,0x25,0xFC,0x38,0x29,0x36,0x00,0x37,0x2D,0x28,0x33,0x00,0x28,0x29,
0x37,0x38,0x36,0x39,0xF0,0x12,0x28,0x25,0xF0,0xEC,0xFC,0x2A,0x2D,0x27,0x33,0x00,
0x2A,0x29,0x30,0x2D,0x3E,0x00,0x35,0x39,0x29,0xFC,0x29,0x37,0x38,0x29,0x2E,0x25,
0x00,0x25,0x00,0x37,0x25,0x30,0x3A,0x33,0xF0,0xE9,0xFD,0x0F,0x39,0x00,0x29,0x37,
0x38,0x25,0x3A,0x25,0x00,0x38,0x25,0x33,0xFC,0x34,0x36,0x29,0x33,0x27,0x39,0x34,
0x25,0x28,0x25,0x00,0x27,0x33,0x31,0x00,0x3A,0x33,0x27,0x29,0xF0,0xE9,0xF0,0xE9,
0xF0,0xE9,0xFC,0x0E,0x29,0x00,0x3A,0x29,0x36,0x28,0x25,0x28,0x29,0xF0,0xE9,0xF0,
0xE9,0xF0,0xE9,0xFD,0x1A,0x33,0x36,0x00,0x2A,0x25,0x3A,0x33,0x36,0xF0,0xE9,0xF0,
0xE9,0xF0,0xE9,0x00,0x18,0x25,0x33,0x00,0x37,0x29,0xFC,0x29,0x37,0x2A,0x33,0x36,
0x27,0x29,0x00,0x28,0x29,0x31,0x25,0x2D,0x37,0xFC,0x28,0x29,0x00,0x25,0x2B,0x33,
0x36,0x25,0x00,0x29,0x31,0xFC,0x28,0x2D,0x25,0x32,0x38,0x29,0xF0,0xE9,0xF0,0xE9,
0xF0,0xE9,0xFD,0x1E,0x29,0x32,0x2C,0x25,0x00,0x29,0x31,0x00,0x31,0x29,0x32,0x38,
0x29,0x00,0x35,0x39,0x29,0xFC,0x38,0x33,0x28,0x33,0x37,0x00,0x29,0x37,0x38,0x25,
0x31,0x33,0x37,0xFC,0x34,0x36,0x29,0x33,0x27,0x39,0x34,0x25,0x28,0x33,0x37,0x00,
0x27,0x33,0x31,0xFC,0x3A,0x33,0x27,0x29,0xF0,0xEC,0x00,0x24,0x29,0x36,0x33,0xF0,
0xE9,0xFF,0xF3,0x06,0x19,0x39,0x38,0x36,0x33,0x00,0x27,0x25,0x31,0x25,0x36,0x25,
0x28,0x25,0xFC,0x2A,0x33,0x2D,0x00,0x37,0x25,0x30,0x3A,0x33,0xF0,0xEC,0xFC,0x2B,
0x36,0x25,0x27,0x25,0x37,0x00,0x25,0x00,0x3A,0x33,0x27,0x29,0xF0,0xE9,0xFD,0x1D,
0x29,0x2B,0x39,0x32,0x28,0x33,0x00,0x33,0xFC,0x36,0x29,0x30,0x25,0x38,0xF0,0x13,
0x36,0x2D,0x33,0x00,0x28,0x29,0x30,0x29,0xF0,0xEC,0x00,0x33,0x37,0xFC,0x2D,0x32,
0x2D,0x31,0x2D,0x2B,0x33,0x37,0x00,0x34,0x30,0x25,0x32,0x29,0x2E,0x25,0x31,0xFC,
0x2A,0x25,0x3E,0x29,0x36,0x00,0x39,0x31,0xFD,0x25,0x38,0x25,0x35,0x39,0x29,0x00,
0x29,0x31,0x00,0x30,0x25,0x36,0x2B,0x25,0xFC,0x29,0x37,0x27,0x25,0x30,0x25,0x00,
0x27,0x33,0x32,0x38,0x36,0x25,0x00,0x25,0xFC,0x0C,0x25,0x37,0x29,0x00,0x28,0x25,
0xFC,0x1C,0x29,0x37,0x2D,0x37,0x38,0x29,0x32,0x27,0x2D,0x25,0xF0,0xE9,0xFD,0x1D,
0x29,0x00,0x2D,0x37,0x37,0x33,0x00,0x25,0x27,0x33,0x32,0x38,0x29,0x27,0x29,0x36,
0xF0,0xEC,0xFC,0x34,0x36,0x29,0x27,0x2D,0x37,0x25,0x36,0x29,0x31,0x33,0x37,0x00,
0x28,0x25,0xFC,0x37,0x39,0x25,0x00,0x25,0x2E,0x39,0x28,0x25,0xFC,0x32,0x33,0x3A,
0x25,0x31,0x29,0x32,0x38,0x29,0xF0,0xE9,0xF0,0xE9,0xF0,0xE9,0xFD,0x0B,0x2B,0x36,
0x25,0x28,0x29,0x27,0x29,0x31,0x33,0x37,0x00,0x33,0x00,0x37,0x29,0x39,0xFC,0x25,
0x34,0x33,0x2D,0x33,0x00,0x27,0x33,0x32,0x38,0xF0,0x12,0x32,0x39,0x33,0xF0,0xEC,
0xFC,0x24,0x29,0x36,0x33,0xF0,0xE9,0xFF,0xF3,0x06,0x1D,0x2D,0x32,0x38,0x33,0x00,
0x31,0x39,0x2D,0x38,0x33,0x00,0x34,0x33,0x36,0xFC,0x38,0x29,0x36,0x00,0x38,0x29,
0x00,0x34,0x29,0x28,0x2D,0x28,0x33,0xFC,0x34,0x25,0x36,0x25,0x00,0x2A,0x25,0x3E,
0x29,0x36,0x00,0x34,0x25,0x36,0x38,0x29,0xFC,0x28,0x29,0x37,0x38,0x25,0x00,0x31,
0x2D,0x37,0x37,0x25,0x33,0xFD,0x28,0x2D,0x2A,0xF0,0x12,0x27,0x2D,0x30,0xF0,0xE9,
0xFD,0x0B,0x34,0x36,0x29,0x27,0x2D,0x25,0x31,0x33,0x37,0x00,0x33,0xFC,0x37,0x29,
0x39,0x00,0x29,0x37,0x2A,0x33,0x36,0x27,0x33,0xF0,0xEC,0xFC,0x2D,0x32,0x28,0x29,
0x34,0x29,0x32,0x28,0x29,0x32,0x38,0x29,0x31,0x29,0x32,0x38,0x29,0xFC,0x28,0x33,
0x00,0x36,0x29,0x37,0x39,0x30,0x38,0x25,0x28,0x33,0xF0,0xE9,0xFD,0x11,0x33,0x37,
0x38,0x25,0x36,0x2D,0x25,0x00,0x28,0x29,0x00,0x38,0x29,0xFC,0x25,0x2B,0x36,0x25,
0x28,0x29,0x27,0x29,0x36,0x00,0x31,0x25,0x2D,0x37,0xFC,0x39,0x31,0x25,0x00,0x3A,
0x29,0x3E,0xF0,0xE9,0xF0,0xE9,0xF0,0xE9,0xFF,0xF3,0x06,0x19,0x26,0x36,0x2D,0x2B,
0x25,0x28,0x25,0xF0,0xEC,0x00,0x24,0x29,0x36,0x33,0xF0,0xE9,0xFC,0x1D,0x29,0x00,
0x25,0x00,0x32,0x33,0x37,0x37,0x25,0x00,0x30,0x2D,0x32,0x2C,0x25,0xFC,0x28,0x29,
0x00,0x28,0x29,0x2A,0x29,0x37,0x25,0x00,0x38,0x2D,0x3A,0x29,0x37,0x37,0x29,0xFC,
0x37,0x2D,0x28,0x33,0x00,0x36,0x33,0x31,0x34,0x2D,0x28,0x25,0xF0,0xEC,0xFD,0x29,
0x37,0x38,0x25,0x00,0x0C,0x25,0x37,0x29,0xFC,0x32,0x25,0x33,0x00,0x38,0x29,0x36,
0x2D,0x25,0xFC,0x28,0x39,0x36,0x25,0x28,0x33,0x00,0x31,0x39,0x2D,0x38,0x33,0xF0,
0xE9,0xF0,0xE9,0xF0,0xE9,0xFD,0x0B,0x2D,0x32,0x28,0x25,0x00,0x25,0x37,0x37,0x2D,
0x31,0xF0,0xEC,0x00,0x32,0x25,0x33,0xFC,0x27,0x33,0x32,0x37,0x2D,0x2B,0x33,0x00,
0x25,0x27,0x36,0x29,0x28,0x2D,0x38,0x25,0x36,0xFC,0x35,0x39,0x29,0x00,0x3A,0x33,
0x27,0x29,0x00,0x29,0x30,0x2D,0x31,0x2D,0x32,0x33,0x39,0xFC,0x39,0x31,0x00,0x32,
0xF0,0x14,0x31,0x29,0x36,0x33,0x00,0x38,0x25,0x33,0x00,0x2B,0x36,0x25,0x32,0x28,
0x29,0xFD,0x28,0x29,0x00,0x2D,0x32,0x2D,0x31,0x2D,0x2B,0x33,0x37,0xF0,0xE9,0xF0,
0xE9,0xF0,0xE9,0xFD,0x20,0x33,0x27,0x29,0x00,0xF0,0x11,0x00,0x36,0x29,0x25,0x30,
0x31,0x29,0x32,0x38,0x29,0xFC,0x39,0x31,0x00,0x2C,0x29,0x36,0xF0,0x13,0x2D,0x00,
0x30,0x29,0x32,0x28,0xF0,0x10,0x36,0x2D,0x33,0xF0,0xE9,0xFF,0xF3,0x06,0x0B,0x2B,
0x33,0x36,0x25,0x00,0x35,0x39,0x29,0x00,0x32,0x33,0x37,0x37,0x25,0xFC,0x30,0x2D,
0x32,0x2C,0x25,0x00,0x28,0x29,0x00,0x28,0x29,0x2A,0x29,0x37,0x25,0xFC,0x2A,0x33,
0x2D,0x00,0x36,0x33,0x31,0x34,0x2D,0x28,0x25,0xF0,0xEC,0x00,0x29,0x37,0x38,0x25,
0xFC,0x26,0x25,0x37,0x29,0x00,0x37,0x29,0x36,0xF0,0x10,0x00,0x39,0x31,0xFD,0x25,
0x30,0x3A,0x33,0x00,0x2A,0xF0,0x10,0x27,0x2D,0x30,0xFC,0x34,0x25,0x36,0x25,0x00,
0x29,0x30,0x29,0x37,0xF0,0xE9,0xFD,0x1E,0x29,0x31,0x33,0x00,0x35,0x39,0x29,0x00,
0x29,0x30,0x29,0x37,0xFC,0x34,0x33,0x37,0x37,0x25,0x31,0x00,0x32,0x33,0x37,0x00,
0x25,0x38,0x25,0x27,0x25,0x36,0xFC,0x25,0x00,0x35,0x39,0x25,0x30,0x35,0x39,0x29,
0x36,0xFC,0x31,0x33,0x31,0x29,0x32,0x38,0x33,0xE5,0xFF,0xF3,0x06,0x24,0x29,0x36,
0x33,0xF0,0xE9,0xF0,0xE9,0xF0,0xE9,0xFC,0x11,0x36,0x25,0x27,0x25,0x37,0x00,0x25,
0x00,0x3A,0x33,0x27,0x29,0xF0,0xEC,0xFC,0x25,0x38,0xF0,0x11,0x00,0x37,0x29,0x38,
0x29,0xFC,0x1C,0x29,0x34,0x30,0x33,0x2D,0x28,0x37,0x00,0x2A,0x33,0x36,0x25,0x31,
0xFD,0x37,0x25,0x30,0x3A,0x33,0x37,0xF0,0xE9,0xF0,0xE9,0xF0,0xE9,0xFC,0x18,0xF0,
0x13,0x37,0x00,0x32,0x25,0x33,0x00,0x37,0x25,0x26,0x29,0x31,0x33,0x37,0xFC,0x27,
0x33,0x31,0x33,0x00,0x38,0x29,0x00,0x25,0x2B,0x36,0x25,0x28,0x29,0x27,0x29,0x36,
0xFC,0x33,0x00,0x37,0x39,0x2A,0x2D,0x27,0x2D,0x29,0x32,0x38,0x29,0xF0,0xE9,0xF0,
0xE9,0xF0,0xE9,0xFD,0x1D,0x25,0x26,0x29,0x00,0x28,0x29,0x00,0x39,0x31,0x25,0x00,
0x27,0x33,0x2D,0x37,0x25,0xF0,0x08,0xFC,0x19,0x00,0x31,0x29,0x39,0x00,0x29,0x3C,
0x34,0x29,0x36,0x2D,0x31,0x29,0x32,0x38,0x33,0xFC,0x29,0x37,0x38,0xF0,0x10,0x00,
0x2D,0x32,0x28,0x33,0x00,0x26,0x29,0x31,0xFC,0x25,0x38,0xF0,0x11,0x00,0x25,0x2B,
0x33,0x36,0x25,0xF0,0xE9,0xF0,0xE9,0xF0,0xE9,0xFD,0x0B,0x37,0x37,0x2D,0x31,0x00,
0x35,0x39,0x29,0xFC,0x27,0x33,0x32,0x37,0x29,0x2B,0x39,0x2D,0x36,0x31,0x33,0x37,
0xFC,0x28,0x29,0x37,0x29,0x32,0x3A,0x33,0x30,0x3A,0x29,0x36,0x00,0x25,0xFC,0x29,
0x32,0x29,0x36,0x2B,0x2D,0x25,0x00,0x37,0x39,0x26,0x37,0x38,0x2D,0x38,0x39,0x38,
0x25,0xF0,0xEC,0xFD,0x34,0x30,0x25,0x32,0x29,0x2E,0x25,0x31,0x33,0x37,0x00,0x25,
0x27,0x2C,0x25,0x36,0xFC,0x39,0x31,0x00,0x30,0x39,0x2B,0x25,0x36,0xFC,0x34,0x25,
0x36,0x25,0x00,0x3A,0x2D,0x3A,0x29,0x36,0x00,0x39,0x31,0x25,0xFC,0x3A,0x2D,0x28,
0x25,0x00,0x2A,0x29,0x30,0x2D,0x3E,0xF0,0xE9,0xFD,0x0F,0x31,0x00,0x25,0x30,0x2B,
0x39,0x31,0x00,0x30,0x39,0x2B,0x25,0x36,0xFC,0x2A,0x33,0x36,0x25,0x00,0x28,0x33,
0x00,0x25,0x30,0x27,0x25,0x32,0x27,0x29,0xFC,0x28,0x33,0x00,0x32,0x33,0x37,0x37,
0x33,0x00,0x2D,0x32,0x2D,0x31,0x2D,0x2B,0x33,0xF0,0xEC,0xFC,0x18,0x29,0x33,0x00,
0x0B,0x36,0x27,0x25,0x28,0x2D,0x25,0xF0,0xE9,0xF0,0xE9,0xF0,0xE9,0xFD,0x16,0xF0,
0x10,0xF0,0xEC,0x00,0x32,0xF0,0x13,0x37,0x00,0x2B,0x33,0x37,0x38,0x25,0x36,0xF0,
0x12,0x25,0x31,0x33,0x37,0xFC,0x28,0x29,0x00,0x3A,0x2D,0x3A,0x29,0x36,0x00,0x29,
0x31,0x00,0x34,0x25,0x3E,0xF0,0xEC,0xFC,0x30,0x2D,0x3A,0x36,0x29,0x37,0x00,0x28,
0x25,0xFC,0x25,0x32,0x37,0x2D,0x29,0x28,0x25,0x28,0x29,0xF0,0xEC,0x00,0x28,0x25,
0xFD,0x2A,0x33,0x31,0x29,0xF0,0xEC,0x00,0x29,0x31,0x00,0x39,0x31,0xFC,0x35,0x39,
0x29,0x32,0x38,0x29,0x00,0x31,0x25,0x32,0x38,0x33,0x00,0x28,0x29,0xFC,0x2A,0x29,
0x30,0x2D,0x27,0x2D,0x28,0x25,0x28,0x29,0xF0,0xE9,0xF0,0xE9,0xF0,0xE9,0xFD,0x0F,
0x00,0x35,0x39,0x25,0x32,0x28,0x33,0x00,0x2D,0x37,0x37,0x33,0xFC,0x25,0x27,0x33,
0x32,0x38,0x29,0x27,0x29,0x36,0xF0,0xE9,0xF0,0xE9,0xF0,0xE9,0xFD,0x20,0x33,0x27,
0x29,0x00,0x3A,0x25,0x2D,0x00,0x3A,0x2D,0x36,0xFC,0x27,0x33,0x31,0x00,0x25,0x00,
0x2B,0x29,0x32,0x38,0x29,0xF0,0xEC,0xFC,0x32,0x25,0x33,0x00,0xF0,0x11,0xF0,0xEC,
0x00,0x24,0x29,0x36,0x33,0xF0,0x08,0xFF,0xF3,0x06,0x19,0x37,0x00,0x1C,0x29,0x34,
0x30,0x33,0x2D,0x28,0x37,0x00,0x35,0x39,0x29,0xFC,0x2C,0x25,0x3A,0x2D,0x25,0x31,
0x00,0x37,0x2D,0x28,0x33,0xFC,0x27,0x33,0x32,0x2A,0x2D,0x32,0x25,0x28,0x33,0x37,
0x00,0x29,0x37,0x38,0x25,0x33,0xF0,0xE9,0xF0,0xE9,0xF0,0xE9,0xFD,0x1E,0x33,0x28,
0x33,0x37,0x00,0x29,0x30,0x29,0x37,0x00,0x29,0x37,0x38,0x25,0x33,0xF0,0xE9,0xF0,
0xE9,0xF0,0xE9,0xFD,0xF0,0xE9,0xF0,0xE9,0xF0,0xE9,0xF0,0xE9,0xF0,0xE9,0xF0,0xE9,
0xFD,0x1D,0x39,0x34,0x33,0x32,0x2C,0x33,0x00,0x35,0x39,0x29,0x00,0x32,0x25,0x33,
0xFC,0x34,0x33,0x28,0x29,0x00,0x37,0x29,0x36,0x00,0x29,0x3A,0x2D,0x38,0x25,0x28,
0x33,0xF0,0xE9,0xFC,0x19,0x26,0x36,0x2D,0x2B,0x25,0x28,0x25,0x00,0x34,0x33,0x36,
0xFC,0x38,0x29,0x32,0x38,0x25,0x36,0xF0,0xEC,0x00,0x31,0x29,0x37,0x31,0x33,0xFD,
0x25,0x37,0x37,0x2D,0x31,0xF0,0xE9,0xF0,0xE9,0xF0,0xE9,0xFD,0x18,0x25,0x33,0x00,
0x2A,0x33,0x2D,0x00,0x37,0x39,0x25,0xFC,0x27,0x39,0x30,0x34,0x25,0xF0,0xE9,0xF0,
0xE9,0xF0,0xE9,0xFF,0xF3,0x06,0x0B,0x37,0x00,0x38,0x29,0x32,0x38,0x25,0x38,0x2D,
0x3A,0x25,0x37,0x00,0x28,0x29,0xFC,0x2C,0x25,0x27,0x2F,0x29,0x25,0x36,0x00,0x32,
0x33,0x37,0x37,0x25,0xFC,0x26,0x25,0x37,0x29,0x00,0x27,0x29,0x37,0x37,0x25,0x36,
0x25,0x31,0xF0,0xEC,0xFC,0x2B,0x36,0x25,0x27,0x25,0x37,0x00,0x25,0x00,0x3A,0x33,
0x27,0x29,0xF0,0xE9,0xFD,0x0E,0x25,0x36,0x29,0x2D,0x00,0x33,0x00,0x31,0x29,0x39,
0xFC,0x31,0x29,0x30,0x2C,0x33,0x36,0x00,0x34,0x25,0x36,0x25,0xFC,0x27,0x39,0x31,
0x34,0x36,0x2D,0x36,0x00,0x25,0x00,0x31,0x2D,0x37,0x37,0x25,0x33,0xFC,0x28,0x29,
0x00,0x28,0x29,0x37,0x29,0x32,0x3A,0x33,0x30,0x3A,0x29,0x36,0x00,0x39,0x31,0x25,
0xFD,0x29,0x32,0x29,0x36,0x2B,0x2D,0x25,0xFC,0x37,0x39,0x26,0x37,0x38,0x2D,0x38,
0x39,0x38,0x25,0xF0,0xE9,0xFD,0x19,0x00,0x2A,0x39,0x38,0x39,0x36,0x33,0x00,0x28,
0x29,0xFC,0x38,0x33,0x28,0x33,0x37,0x00,0x33,0x37,0x00,0x1C,0x29,0x34,0x30,0x33,
0x2D,0x28,0x37,0xFC,0x28,0x29,0x34,0x29,0x32,0x28,0x29,0x00,0x28,0x29,0x00,0x32,
0xF0,0x13,0x37,0xE5,0xFF,0xF3,0x06,0x1D,0x2D,0x32,0x38,0x33,0x00,0x31,0x39,0x2D,
0x38,0x33,0x00,0x35,0x39,0x29,0xFC,0x3A,0x33,0x27,0x29,0x00,0x32,0x25,0x33,0x00,
0x38,0x29,0x32,0x2C,0x25,0xFC,0x27,0x33,0x32,0x37,0x29,0x2B,0x39,0x2D,0x28,0x33,
0x00,0x2D,0x31,0x34,0x29,0x28,0x2D,0x36,0xFC,0x33,0x00,0x25,0x38,0x25,0x35,0x39,
0x29,0x00,0x2C,0x25,0x27,0x2F,0x29,0x36,0xFD,0x32,0x25,0x00,0x32,0x33,0x37,0x37,
0x25,0x00,0x26,0x25,0x37,0x29,0xF0,0xE9,0xF0,0xE9,0xF0,0xE9,0xFD,0x0F,0x30,0x29,
0x37,0x00,0x34,0x29,0x32,0x29,0x38,0x36,0x25,0x36,0x25,0x31,0x00,0x29,0xFC,0x28,
0x25,0x32,0x2D,0x2A,0x2D,0x27,0x25,0x36,0x25,0x31,0x00,0x25,0xFC,0x37,0x29,0x2B,
0x39,0x36,0x25,0x32,0x27,0x25,0x00,0x28,0x33,0x00,0x32,0x33,0x37,0x37,0x33,0xFD,
0x1E,0x36,0x25,0x32,0x37,0x00,0x1D,0x29,0x36,0x3A,0x29,0x36,0xF0,0xEC,0xFC,0x29,
0x00,0x25,0x2B,0x33,0x36,0x25,0x00,0x25,0x30,0x2B,0x39,0x31,0x25,0x37,0x00,0x28,
0x29,0xFC,0x37,0x39,0x25,0x37,0x00,0x2A,0x39,0x32,0x27,0x29,0x37,0xFC,0x29,0x37,
0x38,0x25,0x33,0x00,0x25,0x38,0x39,0x25,0x30,0x31,0x29,0x32,0x38,0x29,0xFD,0x2D,
0x32,0x28,0x2D,0x37,0x34,0x33,0x32,0xF0,0x12,0x3A,0x29,0x2D,0x37,0xF0,0xE9,0xF0,
0xE9,0xF0,0xE9,0xFD,0x0B,0x27,0x2C,0x33,0x00,0x35,0x39,0x29,0xFC,0x3A,0x25,0x2D,
0x00,0x30,0x29,0x3A,0x25,0x36,0x00,0x39,0x31,0xFC,0x34,0x33,0x39,0x27,0x33,0x00,
0x28,0x29,0x00,0x38,0x29,0x31,0x34,0x33,0xFC,0x34,0x25,0x36,0x25,0x00,0x36,0x29,
0x37,0x38,0x25,0x39,0x36,0x25,0x36,0x00,0x33,0xFD,0x37,0x2D,0x37,0x38,0x29,0x31,
0x25,0xF0,0xE9,0x00,0x17,0x29,0xFC,0x28,0x29,0x37,0x27,0x39,0x30,0x34,0x29,0xF0,
0xEC,0x00,0x24,0x29,0x36,0x33,0xF0,0xE9,0xFF,0xF3,0x06,0x0F,0x37,0x38,0x25,0x31,
0x33,0x37,0x00,0x29,0x31,0x00,0x39,0x31,0x25,0xFC,0x37,0x2D,0x38,0x39,0x25,0x27,
0x25,0x33,0xFC,0x27,0x36,0xF0,0x12,0x38,0x2D,0x27,0x25,0xF0,0xEC,0x00,0x24,0x29,
0x36,0x33,0xF0,0xE9,0xFD,0x20,0x33,0x27,0x29,0x00,0xF0,0x11,0x00,0x25,0x00,0x32,
0x33,0x37,0x37,0x25,0xFC,0xF0,0x14,0x32,0x2D,0x27,0x25,0x00,0x29,0x37,0x34,0x29,
0x36,0x25,0x32,0x27,0x25,0xF0,0xE9,0xF0,0xE9,0xF0,0xE9,0xFF,0xF3,0x06,0x24,0x29,
0x36,0x33,0xF0,0xE9,0xF0,0xE9,0xF0,0xE9,0xFC,0x17,0x29,0x00,0x34,0x36,0x33,0x31,
0x29,0x38,0x25,0x00,0x35,0x39,0x29,0x00,0x32,0x25,0x33,0xFC,0x3A,0x25,0x2D,0x00,
0x37,0x29,0x00,0x29,0x37,0x2A,0x33,0x36,0x27,0x25,0x36,0xFC,0x28,0x29,0x31,0x25,
0x2D,0x37,0xF0,0xE9,0xF0,0xE9,0xF0,0xE9,0xFD,0x1D,0x29,0x00,0x25,0x30,0x2B,0x39,
0x31,0x25,0x00,0x27,0x33,0x2D,0x37,0x25,0xFC,0x38,0x29,0x00,0x25,0x27,0x33,0x32,
0x38,0x29,0x27,0x29,0x36,0xF0,0xEC,0xFC,0x29,0x39,0x00,0x32,0x25,0x33,0x00,0x34,
0x33,0x28,0x29,0x36,0x29,0x2D,0xF0,0xE9,0xF0,0xE9,0xF0,0xE9,0xFD,0x1A,0x33,0x36,
0x00,0x2A,0x25,0x3A,0x33,0x36,0xF0,0xEC,0x00,0x25,0x34,0x29,0x32,0x25,0x37,0xFC,
0x31,0x29,0x00,0x34,0x36,0x33,0x31,0x29,0x38,0x25,0xF0,0xE9,0xFF,0xF3,0x04,0x0D,
0x2D,0x29,0x30,0xF0,0xE9,0xF0,0xE9,0xF0,0xE9,0xFC,0x19,0x00,0x35,0x39,0x29,0x00,
0x38,0x29,0x00,0x2A,0x29,0x3E,0xFC,0x3A,0x2D,0x36,0x00,0x25,0x35,0x39,0x2D,0xF0,
0xE9,0xF0,0xE9,0xF0,0xE9,0xF0,0x08,0xFD,0xF3,0x07,0x0F,0x39,0xF0,0xE9,0xF0,0xE9,
0xF0,0xE9,0x00,0x17,0x29,0x00,0x28,0x29,0x37,0x27,0x39,0x30,0x34,0x29,0xF0,0xE9,
0xF0,0xE9,0xF0,0xE9,0xFC,0xF0,0x16,0x00,0x35,0x39,0x29,0xF0,0xE9,0xF0,0xE9,0xF0,
0xE9,0xFD,0x10,0x39,0x2D,0x00,0x29,0x39,0x00,0x35,0x39,0x29,0x31,0xFC,0x27,0x36,
0x2D,0x33,0x39,0x00,0x25,0xFC,0x27,0xF0,0x13,0x34,0x2D,0x25,0x00,0x28,0x33,0xFC,
0x22,0xF0,0xE9,0xF0,0xE9,0xF0,0xE9,0xFD,0x1A,0x33,0x36,0x00,0x2D,0x37,0x37,0x33,
0xF0,0xE9,0xF0,0xE9,0xF0,0xE9,0xFD,0xF3,0x04,0x20,0x33,0x27,0x29,0x00,0x32,0x25,
0x33,0x00,0x38,0x29,0x31,0xFC,0x35,0x39,0x29,0x00,0x37,0x29,0x00,0x28,0x29,0x37,
0x27,0x39,0x30,0x34,0x25,0x36,0xF0,0xE9,0xFC,0x18,0x25,0x33,0x00,0xF0,0x11,0x00,
0x37,0x39,0x25,0x00,0x27,0x39,0x30,0x34,0x25,0xF0,0xE9,0xFD,0x20,0x33,0x27,0x29,
0x00,0x2A,0x29,0x3E,0x00,0x2D,0x37,0x37,0x33,0xFC,0x34,0x33,0x36,0x35,0x39,0x29,
0x00,0x25,0x27,0x36,0x29,0x28,0x2D,0x38,0x33,0x39,0xFC,0x35,0x39,0x29,0x00,0x37,
0x29,0x36,0x2D,0x25,0x00,0x26,0x33,0x31,0xFC,0x34,0x25,0x36,0x25,0x00,0x38,0x33,
0x28,0x33,0x37,0xF0,0xE9,0xF0,0xE9,0xF0,0xE9,0xFD,0x1A,0x33,0x36,0x00,0x2A,0x25,
0x3A,0x33,0x36,0xF0,0xEC,0x00,0x28,0x29,0x2D,0x3C,0x29,0xFC,0x38,0x39,0x28,0x33,
0x00,0x32,0x25,0x37,0x00,0x31,0x2D,0x32,0x2C,0x25,0x37,0xFC,0x31,0x25,0x33,0x37,
0x00,0x25,0x2B,0x33,0x36,0x25,0xF0,0xE9,0xFD,0xF3,0x07,0x24,0x29,0x36,0x33,0xF0,
0xEC,0x00,0x33,0x26,0x36,0x2D,0x2B,0x25,0x28,0x25,0xF0,0xE9,0xF0,0xE9,0xF0,0xE9,
0xFF,0xF3,0x2A,0x1F,0x31,0x00,0x2B,0x2D,0x2B,0x25,0x32,0x38,0x29,0x37,0x27,0x33,
0xFC,0x17,0x29,0x27,0x25,0x32,0x2D,0x30,0x33,0x2D,0x28,0x29,0x00,0x2D,0x32,0x2D,
0x31,0x2D,0x2B,0x33,0xFC,0x37,0x29,0x00,0x25,0x34,0x36,0x33,0x3C,0x2D,0x31,0x25,
0x00,0x28,0x25,0xFC,0x32,0x33,0x37,0x37,0x25,0x00,0x26,0x25,0x37,0x29,0xF0,0xE9,
0xFD,0x1D,0x29,0x00,0x32,0x25,0x33,0x00,0x2A,0x2D,0x3E,0x29,0x36,0x31,0x33,0x37,
0xFC,0x25,0x30,0x2B,0x33,0xF0,0xEC,0x00,0x29,0x30,0x29,0x00,0x3A,0x25,0x2D,0xFC,
0x28,0x29,0x37,0x38,0x36,0x39,0x2D,0x36,0x00,0x32,0x33,0x37,0x37,0x25,0xFC,0x26,
0x25,0x37,0x29,0x00,0x29,0x31,0xFD,0x34,0x33,0x39,0x27,0x33,0x00,0x38,0x29,0x31,
0x34,0x33,0xE5,0xE5,0xFF,0xF3,0x2A,0x0D,0x13,0x0F,0x16,0xF0,0x04,0xFC,0xF0,0xED,
0x20,0x25,0x2D,0x00,0x34,0x25,0x36,0x25,0x00,0x25,0xFC,0x31,0x2D,0x37,0x37,0x25,
0x33,0xF0,0x08,0xFC,0x0C,0x33,0x25,0x00,0x37,0x33,0x36,0x38,0x29,0xF0,0xE9,0xF0,
0xE9,0xF0,0xE9,0xF0,0xED,0xFF,0xF3,0x06,0x1D,0x25,0x30,0x3A,0x25,0x36,0x00,0x33,
0x37,0x00,0x28,0x25,0x28,0x33,0x37,0xFC,0x25,0x32,0x38,0x29,0x37,0x00,0x28,0x25,
0x00,0x31,0x2D,0x37,0x37,0x25,0x33,0xF0,0x08,0xFC,0x00,0x00,0x1D,0x13,0x17,0xFC,
0x00,0x00,0x18,0x0B,0x19,0xFF,0xF3,0x06,0x0E,0x25,0x28,0x33,0x37,0x00,0x37,0x25,
0x30,0x3A,0x33,0x37,0xE5,0xFF,0xF3,0x06,0x0E,0x25,0x28,0x33,0x37,0x00,0x37,0x33,
0x26,0x36,0x29,0x37,0x27,0x36,0x2D,0x38,0x33,0x37,0xE5,0xFF,0xF3,0x06,0x0E,0x25,
0x28,0x33,0x37,0x00,0x25,0x34,0x25,0x2B,0x25,0x28,0x33,0x37,0xE5,0xFF,0xF3,0x02,
0x1D,0x25,0x30,0x3A,0x25,0x36,0x00,0x33,0x37,0x00,0x28,0x25,0x28,0x33,0x37,0xFC,
0x28,0x29,0x00,0x14,0x33,0x2B,0x33,0x00,0x24,0x29,0x36,0x25,0x28,0x33,0xF0,0x08,
0xFC,0x00,0x00,0x1D,0x13,0x17,0xFC,0x00,0x00,0x18,0x0B,0x19,0xFF,0x0F,0x37,0x38,
0xF0,0x10,0x00,0x26,0x30,0x33,0x35,0x39,0x29,0x25,0x28,0x33,0xF0,0xE9,0xFF,0xF3,
0x02,0xF2,0x0B,0x0C,0x19,0x1C,0x1E,0x0B,0x1C,0xF1,0xF2,0x17,0x13,0x1D,0x1D,0x0B,
0x19,0xF1,0xF0,0xED,0xF0,0xED,0xF0,0xED,0xFC,0x0C,0x0B,0x13,0x22,0x0B,0x1C,0x00,
0x0F,0x16,0x10,0x19,0xFC,0x0B,0x16,0x13,0x17,0x0F,0x18,0x1E,0x0B,0x1C,0x00,0x0F,
0x16,0x10,0x19,0xFC,0x1D,0x0B,0x13,0x1C,0xFF,0xF3,0x06,0x24,0x29,0x36,0x33,0xF0,
0xE9,0xF0,0xE9,0xF0,0xE9,0xFC,0x19,0x26,0x36,0x2D,0x2B,0x25,0x28,0x25,0xF0,0xE9,
0xF0,0xE9,0xF0,0xE9,0xFF,0xF3,0x07,0x10,0x2D,0x27,0x33,0x00,0x2A,0x29,0x30,0x2D,
0x3E,0xFC,0x34,0x33,0x36,0x00,0x38,0x29,0x36,0xFC,0x38,0x29,0x00,0x27,0x33,0x32,
0x2C,0x29,0x27,0x2D,0x28,0x33,0xF0,0xE9,0xF0,0xE9,0xF0,0xE9,0xFD,0x1D,0x29,0x00,
0x32,0x25,0x33,0x00,0x2A,0x33,0x37,0x37,0x29,0x00,0x34,0x33,0x36,0xFC,0x3A,0x33,
0x27,0x29,0xF0,0xEC,0x00,0x38,0x33,0x28,0x33,0x37,0x00,0x32,0xF0,0x13,0x37,0xFC,
0x2E,0xF0,0x10,0x00,0x38,0x29,0x36,0xF0,0x12,0x25,0x31,0x33,0x37,0xFC,0x2D,0x28,
0x33,0xF0,0xE9,0xF0,0xE9,0xF0,0xE9,0xFD,0xF0,0xE9,0xF0,0xE9,0xF0,0xE9,0xF0,0xE9,
0xF0,0xE9,0xF0,0xE9,0xFD,0x17,0x29,0x00,0x34,0x36,0x33,0x31,0x29,0x38,0x25,0x00,
0x35,0x39,0x29,0xFC,0x3A,0x33,0x30,0x38,0x25,0x36,0xF0,0x10,0xFC,0x27,0x33,0x31,
0x00,0x3A,0x2D,0x28,0x25,0xF0,0xE9,0xFD,0x17,0x29,0x37,0x31,0x33,0x00,0x35,0x39,
0x29,0x00,0x32,0x25,0x33,0xFC,0x27,0x33,0x32,0x37,0x2D,0x2B,0x25,0x00,0x28,0x29,
0x37,0x38,0x36,0x39,0x2D,0x36,0xFC,0x18,0x29,0x33,0x00,0x0B,0x36,0x27,0x25,0x28,
0x2D,0x25,0xF0,0xEC,0x00,0x37,0xF0,0x13,0xFC,0x35,0x39,0x29,0x36,0x33,0x00,0x35,
0x39,0x29,0xFD,0x3A,0x33,0x27,0x29,0x00,0x34,0x33,0x37,0x37,0x25,0x00,0x3A,0x33,
0x30,0x38,0x25,0x36,0xFC,0x37,0x25,0x33,0x00,0x29,0x00,0x37,0x25,0x30,0x3A,0x33,
0xF0,0xE9,0xFD,0x0C,0x33,0x25,0x00,0x37,0x33,0x36,0x38,0x29,0xF0,0xE9,0xF0,0xE9,
0xF0,0xE9,0xFF,
};
alignas(16) inline constexpr uint16_t mmz1_msg01_script_offsets[] = {
0x0000,0x0018,0x0033,0x0054,0x00A0,0x00E9,0x0133,0x0175,
0x01B8,0x01F4,0x0231,0x026B,0x02B4,0x02FE,0x0344,0x038B,
0x03CE,0x0412,0x0452,0x0493,0x04D0,0x051D,0x056F,0x05C1,
0x05DE,0x05F9,0x0612,0x062E,
};
constexpr int mmz1_msg01_num_entries = 28;
alignas(16) inline constexpr uint8_t mmz1_msg01_script_data[] = {
0x20,0x33,0x27,0x29,0x00,0x33,0x26,0x38,0x29,0x3A,0x29,0x00,0x33,0x00,0x24,0x00,
0x1D,0x25,0x26,0x29,0x36,0xE5,0xE5,0xFF,0x20,0x33,0x27,0x29,0x00,0x33,0x26,0x38,
0x29,0x3A,0x29,0x00,0x33,0x00,0x1E,0x36,0x2D,0x34,0x30,0x29,0x00,0x1C,0x33,0x28,
0xE5,0xE5,0xFF,0x20,0x33,0x27,0x29,0x00,0x33,0x26,0x38,0x29,0x3A,0x29,0x00,0x33,
0x00,0x1D,0x2C,0x2D,0x29,0x30,0x28,0xFD,0x0C,0x33,0x33,0x31,0x29,0x36,0x25,0x32,
0x2B,0xE5,0xE5,0xFF,0x0C,0x39,0x37,0x38,0x29,0x36,0x00,0x1D,0x2C,0x33,0x38,0x00,
0x1D,0x2F,0x2D,0x30,0x30,0x00,0x1F,0x34,0xE5,0xFD,0x0B,0x2B,0x33,0x36,0x25,0x00,
0x3A,0x33,0x27,0x29,0x00,0x34,0x33,0x28,0x29,0x00,0x27,0x25,0x36,0x36,0x29,0x2B,
0x25,0x36,0x00,0x33,0xFD,0x0C,0x39,0x37,0x38,0x29,0x36,0x00,0x29,0x31,0x00,0x25,
0x38,0xF0,0x11,0x00,0x03,0x00,0x32,0xF0,0x12,0x3A,0x29,0x2D,0x37,0xE5,0xE5,0xFF,
0x0C,0x39,0x37,0x38,0x29,0x36,0x00,0x1D,0x2C,0x33,0x38,0x00,0x1D,0x2F,0x2D,0x30,
0x30,0x00,0x1F,0x34,0xE5,0xFD,0x0B,0x2B,0x33,0x36,0x25,0x00,0x3A,0x33,0x27,0x29,
0x00,0x34,0x33,0x28,0x29,0x00,0x27,0x25,0x36,0x36,0x29,0x2B,0x25,0x36,0x00,0x33,
0xFD,0x0C,0x39,0x37,0x38,0x29,0x36,0x00,0x29,0x31,0x00,0x31,0x29,0x32,0x33,0x37,
0x00,0x38,0x29,0x31,0x34,0x33,0xE5,0xE5,0xFF,0x0C,0x39,0x37,0x38,0x29,0x36,0x00,
0x1D,0x2C,0x33,0x38,0x00,0x1D,0x2F,0x2D,0x30,0x30,0x00,0x17,0x0B,0x22,0xE5,0xFD,
0x0B,0x2B,0x33,0x36,0x25,0x00,0x3A,0x33,0x27,0x29,0x00,0x34,0x33,0x28,0x29,0x00,
0x27,0x25,0x36,0x36,0x29,0x2B,0x25,0x36,0x00,0x33,0xFD,0x0C,0x39,0x37,0x38,0x29,
0x36,0x00,0x29,0x31,0x00,0x31,0x29,0x32,0x33,0x37,0x00,0x38,0x29,0x31,0x34,0x33,
0xE5,0xE5,0xFF,0x0C,0x39,0x37,0x38,0x29,0x36,0x00,0x1D,0x2C,0x33,0x38,0x00,0x1D,
0x2F,0x2D,0x30,0x30,0x00,0x1F,0x34,0xE5,0xFD,0x0B,0x2B,0x33,0x36,0x25,0x00,0x3A,
0x33,0x27,0x29,0x00,0x34,0x33,0x28,0x29,0x00,0x25,0x38,0x2D,0x36,0x25,0x36,0x00,
0x05,0xFD,0x26,0x25,0x30,0x25,0x37,0x00,0x28,0x29,0x00,0x39,0x31,0x25,0x00,0x3A,
0x29,0x3E,0xE5,0xE5,0xFF,0x0C,0x39,0x37,0x38,0x29,0x36,0x00,0x1D,0x2C,0x33,0x38,
0x00,0x1D,0x2F,0x2D,0x30,0x30,0x00,0x17,0x0B,0x22,0xE5,0xFD,0x0B,0x2B,0x33,0x36,
0x25,0x00,0x3A,0x33,0x27,0x29,0x00,0x34,0x33,0x28,0x29,0x00,0x25,0x38,0x2D,0x36,
0x25,0x36,0x00,0x05,0xFD,0x26,0x25,0x30,0x25,0x37,0x00,0x28,0x29,0x00,0x39,0x31,
0x25,0x00,0x3A,0x29,0x3E,0xE5,0xE5,0xFF,0x24,0x00,0x1D,0x25,0x26,0x29,0x36,0x00,
0x1D,0x2F,0x2D,0x30,0x30,0x00,0x1F,0x34,0xE5,0xFD,0x0B,0x2B,0x33,0x36,0x25,0x00,
0x3A,0x33,0x27,0x29,0x00,0x34,0x33,0x28,0x29,0x00,0x36,0x29,0x25,0x30,0x2D,0x3E,
0x25,0x36,0x00,0x39,0x31,0xFD,0x27,0x33,0x36,0x38,0x29,0x00,0x28,0x39,0x34,0x30,
0x33,0xE5,0xE5,0xFF,0x24,0x00,0x1D,0x25,0x26,0x29,0x36,0x00,0x1D,0x2F,0x2D,0x30,
0x30,0x00,0x1F,0x34,0xE5,0xFD,0x0B,0x2B,0x33,0x36,0x25,0x00,0x3A,0x33,0x27,0x29,
0x00,0x34,0x33,0x28,0x29,0x00,0x36,0x29,0x25,0x30,0x2D,0x3E,0x25,0x36,0x00,0x39,
0x31,0xFD,0x27,0x33,0x36,0x38,0x29,0x00,0x38,0x36,0x2D,0x34,0x30,0x33,0xE5,0xE5,
0xFF,0x24,0x00,0x1D,0x25,0x26,0x29,0x36,0x00,0x1D,0x2F,0x2D,0x30,0x30,0x00,0x1F,
0x34,0xE5,0xFD,0x0B,0x2B,0x33,0x36,0x25,0x00,0x3A,0x33,0x27,0x29,0x00,0x34,0x33,
0x28,0x29,0x00,0x27,0x25,0x36,0x36,0x29,0x2B,0x25,0x36,0x00,0x33,0xFD,0x37,0x29,
0x39,0x00,0x25,0x38,0x25,0x35,0x39,0x29,0xE5,0xE5,0xFF,0x24,0x00,0x1D,0x25,0x26,
0x29,0x36,0x00,0x1D,0x2F,0x2D,0x30,0x30,0x00,0x1F,0x34,0xE5,0xFD,0x0B,0x2B,0x33,
0x36,0x25,0x00,0x3A,0x33,0x27,0x29,0x00,0x34,0x33,0x28,0x29,0x00,0x27,0x25,0x36,
0x36,0x29,0x2B,0x25,0x36,0x00,0x33,0xFD,0x37,0x29,0x39,0x00,0x25,0x38,0x25,0x35,
0x39,0x29,0x00,0x29,0x31,0x00,0x31,0x29,0x32,0x33,0x37,0x00,0x38,0x29,0x31,0x34,
0x33,0xE5,0xE5,0xFF,0x24,0x00,0x1D,0x25,0x26,0x29,0x36,0x00,0x1D,0x2F,0x2D,0x30,
0x30,0x00,0x17,0x0B,0x22,0xE5,0xFD,0x0B,0x2B,0x33,0x36,0x25,0x00,0x3A,0x33,0x27,
0x29,0x00,0x34,0x33,0x28,0x29,0x00,0x27,0x25,0x36,0x36,0x29,0x2B,0x25,0x36,0x00,
0x33,0xFD,0x37,0x29,0x39,0x00,0x25,0x38,0x25,0x35,0x39,0x29,0x00,0x29,0x31,0x00,
0x31,0x29,0x32,0x33,0x37,0x00,0x38,0x29,0x31,0x34,0x33,0xE5,0xE5,0xFF,0x24,0x00,
0x1D,0x25,0x26,0x29,0x36,0x00,0x1D,0x2F,0x2D,0x30,0x30,0x00,0x1F,0x34,0xE5,0xFD,
0x0B,0x2B,0x33,0x36,0x25,0x00,0x3A,0x33,0x27,0x29,0x00,0x34,0x33,0x28,0x29,0x00,
0x36,0x29,0x25,0x30,0x2D,0x3E,0x25,0x36,0x00,0x39,0x31,0xFD,0x2E,0x39,0x31,0x34,
0x2D,0x32,0x2B,0x00,0x36,0x33,0x30,0x30,0x2D,0x32,0x2B,0x00,0x37,0x30,0x25,0x37,
0x2C,0xE5,0xE5,0xFF,0x24,0x00,0x1D,0x25,0x26,0x29,0x36,0x00,0x1D,0x2F,0x2D,0x30,
0x30,0x00,0x17,0x0B,0x22,0xE5,0xFD,0x0B,0x2B,0x33,0x36,0x25,0x00,0x3A,0x33,0x27,
0x29,0x00,0x34,0x33,0x28,0x29,0x00,0x36,0x29,0x25,0x30,0x2D,0x3E,0x25,0x36,0x00,
0x39,0x31,0xFD,0x2E,0x39,0x31,0x34,0x2D,0x32,0x2B,0x00,0x36,0x33,0x30,0x30,0x2D,
0x32,0x2B,0x00,0x37,0x30,0x25,0x37,0x2C,0xE5,0xE5,0xFF,0x24,0x00,0x1D,0x25,0x26,
0x29,0x36,0x00,0x1D,0x2F,0x2D,0x30,0x30,0x00,0x1F,0x34,0xE5,0xFD,0x0B,0x2B,0x33,
0x36,0x25,0x00,0x3A,0x33,0x27,0x29,0x00,0x34,0x33,0x28,0x29,0x00,0x36,0x29,0x25,
0x30,0x2D,0x3E,0x25,0x36,0x00,0x39,0x31,0xFD,0x28,0x25,0x37,0x2C,0x00,0x36,0x33,
0x30,0x30,0x2D,0x32,0x2B,0x00,0x37,0x30,0x25,0x37,0x2C,0xE5,0xE5,0xFF,0x24,0x00,
0x1D,0x25,0x26,0x29,0x36,0x00,0x1D,0x2F,0x2D,0x30,0x30,0x00,0x17,0x0B,0x22,0xE5,
0xFD,0x0B,0x2B,0x33,0x36,0x25,0x00,0x3A,0x33,0x27,0x29,0x00,0x34,0x33,0x28,0x29,
0x00,0x36,0x29,0x25,0x30,0x2D,0x3E,0x25,0x36,0x00,0x39,0x31,0xFD,0x28,0x25,0x37,
0x2C,0x00,0x36,0x33,0x30,0x30,0x2D,0x32,0x2B,0x00,0x37,0x30,0x25,0x37,0x2C,0xE5,
0xE5,0xFF,0x1E,0x36,0x2D,0x34,0x30,0x29,0x00,0x1C,0x33,0x28,0x00,0x1D,0x2F,0x2D,
0x30,0x30,0x00,0x1F,0x34,0xE5,0xFD,0x0B,0x2B,0x33,0x36,0x25,0x00,0x3A,0x33,0x27,
0x29,0x00,0x34,0x33,0x28,0x29,0x00,0x36,0x29,0x25,0x30,0x2D,0x3E,0x25,0x36,0x00,
0x39,0x31,0xFD,0x25,0x38,0x25,0x35,0x39,0x29,0x00,0x28,0x39,0x34,0x30,0x33,0xE5,
0xE5,0xFF,0x1E,0x36,0x2D,0x34,0x30,0x29,0x00,0x1C,0x33,0x28,0x00,0x1D,0x2F,0x2D,
0x30,0x30,0x00,0x1F,0x34,0xE5,0xFD,0x0B,0x2B,0x33,0x36,0x25,0x00,0x3A,0x33,0x27,
0x29,0x00,0x34,0x33,0x28,0x29,0x00,0x36,0x29,0x25,0x30,0x2D,0x3E,0x25,0x36,0x00,
0x39,0x31,0xFD,0x25,0x38,0x25,0x35,0x39,0x29,0x00,0x38,0x36,0x2D,0x34,0x30,0x33,
0xE5,0xE5,0xFF,0x1E,0x36,0x2D,0x34,0x30,0x29,0x00,0x1C,0x33,0x28,0x00,0x1D,0x2F,
0x2D,0x30,0x30,0x00,0x1F,0x34,0xE5,0xFD,0x0B,0x2B,0x33,0x36,0x25,0x00,0x3A,0x33,
0x27,0x29,0x00,0x34,0x33,0x28,0x29,0x00,0x27,0x25,0x36,0x36,0x29,0x2B,0x25,0x36,
0x00,0x33,0xFD,0x37,0x29,0x39,0x00,0x25,0x38,0x25,0x35,0x39,0x29,0xE5,0xE5,0xFF,
0x1E,0x36,0x2D,0x34,0x30,0x29,0x00,0x1C,0x33,0x28,0x00,0x1D,0x2F,0x2D,0x30,0x30,
0x00,0x17,0x0B,0x22,0xE5,0xFD,0x0B,0x2B,0x33,0x36,0x25,0x00,0x3A,0x33,0x27,0x29,
0x00,0x34,0x33,0x28,0x29,0x00,0x27,0x25,0x36,0x36,0x29,0x2B,0x25,0x36,0x00,0x33,
0xFD,0x37,0x29,0x39,0x00,0x25,0x38,0x25,0x35,0x39,0x29,0x00,0x29,0x31,0x00,0x31,
0x29,0x32,0x33,0x37,0x00,0x38,0x29,0x31,0x34,0x33,0xE5,0xE5,0xFF,0x1D,0x2C,0x2D,
0x29,0x30,0x28,0x00,0x0C,0x33,0x33,0x31,0x29,0x36,0x25,0x32,0x2B,0x00,0x1D,0x2F,
0x2D,0x30,0x30,0x00,0x1F,0x34,0xE5,0xFD,0x0B,0x2B,0x33,0x36,0x25,0x00,0x3A,0x33,
0x27,0x29,0x00,0x34,0x33,0x28,0x29,0x00,0x36,0x29,0x25,0x30,0x2D,0x3E,0x25,0x36,
0x00,0x39,0x31,0xFD,0x25,0x38,0x25,0x35,0x39,0x29,0x00,0x28,0x29,0x00,0x31,0xF0,
0x11,0x28,0x2D,0x33,0x00,0x25,0x30,0x27,0x25,0x32,0x27,0x29,0xE5,0xE5,0xFF,0x1D,
0x2C,0x2D,0x29,0x30,0x28,0x00,0x0C,0x33,0x33,0x31,0x29,0x36,0x25,0x32,0x2B,0x00,
0x1D,0x2F,0x2D,0x30,0x30,0x00,0x17,0x0B,0x22,0xE5,0xFD,0x0B,0x2B,0x33,0x36,0x25,
0x00,0x3A,0x33,0x27,0x29,0x00,0x34,0x33,0x28,0x29,0x00,0x36,0x29,0x25,0x30,0x2D,
0x3E,0x25,0x36,0x00,0x39,0x31,0xFD,0x25,0x38,0x25,0x35,0x39,0x29,0x00,0x28,0x29,
0x00,0x30,0x33,0x32,0x2B,0x33,0x00,0x25,0x30,0x27,0x25,0x32,0x27,0x29,0xE5,0xE5,
0xFF,0x20,0x33,0x27,0x29,0x00,0x33,0x26,0x38,0x29,0x3A,0x29,0x00,0x33,0x00,0x1E,
0x2C,0x39,0x32,0x28,0x29,0x36,0x00,0x0D,0x2C,0x2D,0x34,0xE5,0xE5,0xFF,0x20,0x33,
0x27,0x29,0x00,0x33,0x26,0x38,0x29,0x3A,0x29,0x00,0x33,0x00,0x10,0x30,0x25,0x31,
0x29,0x00,0x0D,0x2C,0x2D,0x34,0xE5,0xE5,0xFF,0x20,0x33,0x27,0x29,0x00,0x33,0x26,
0x38,0x29,0x3A,0x29,0x00,0x33,0x00,0x13,0x27,0x29,0x00,0x0D,0x2C,0x2D,0x34,0xE5,
0xE5,0xFF,0x20,0x33,0x27,0x29,0x00,0x33,0x26,0x38,0x29,0x3A,0x29,0x00,0x39,0x31,
0x00,0x0D,0x3D,0x26,0x29,0x36,0xF0,0x01,0x0F,0x30,0x2A,0x33,0xE5,0xFF,0x20,0x33,
0x27,0x29,0x00,0x33,0x26,0x38,0x29,0x3A,0x29,0x00,0x25,0x00,0x0F,0x37,0x27,0x25,
0x34,0x29,0x00,0x1F,0x32,0x2D,0x38,0xE5,0xE5,0xFF,
};
alignas(16) inline constexpr uint16_t mmz1_msg02_script_offsets[] = {
0x0000,0x0334,0x048D,0x05B8,0x067F,0x0694,0x0726,0x07AB,
0x088F,0x08CF,0x0932,0x0966,0x0A14,0x0A82,0x0B2B,0x0B63,
0x0B91,0x0C01,0x0C48,0x0C68,0x0CE5,0x134D,0x1364,0x1867,
0x188C,0x1903,0x195E,0x1981,0x19DF,0x1A2F,0x1AD9,0x1B3B,
0x1BE0,0x1C7A,0x1CC8,0x1D4F,0x1DA7,0x1DAC,0x1DD6,0x1DDB,
0x1E67,0x1ED6,0x1F4F,0x1FCE,0x2028,0x2066,0x20A7,0x20D6,
0x2108,0x213C,0x2171,0x219F,0x220F,0x22E1,0x23E1,0x24CF,
0x25CB,0x260E,0x2640,0x26B5,0x271F,0x27E1,0x286C,0x28AE,
0x291B,0x2990,0x299D,0x29E5,0x2A27,0x2B51,0x2B9B,0x2C0C,
0x2C65,0x2CFF,0x2D49,0x2D86,0x2DF1,0x2E26,0x2E98,0x2ECB,
0x2F23,0x2F7B,0x3002,0x3053,0x30EB,0x312C,0x31BE,0x321C,
0x32A1,0x3300,0x33BE,0x340B,0x3476,0x34FD,0x354E,0x35A8,
0x3626,0x36A0,0x376A,0x37BD,0x3851,0x38D6,0x3CBD,0x3DA0,
0x3DCB,0x3E51,0x3F15,0x4292,0x4292,0x4292,0x4292,0x42FE,
0x42FE,0x42FE,0x42FE,0x42FE,0x42FE,0x42FE,0x42FE,0x42FE,
0x42FE,0x42FE,0x42FE,0x42FE,0x42FE,0x42FE,0x42FE,0x42FE,
0x42FE,0x42FE,0x42FE,0x42FE,0x42FE,0x42FE,0x42FE,0x42FE,
0x42FE,0x42FE,0x42FE,0x42FE,0x42FE,0x42FE,0x42FE,0x42FE,
0x42FE,0x42FE,0x42FE,0x42FE,0x42FE,0x42FE,0x42FE,0x4374,
0x43D6,0x4439,0x4439,0x4439,0x4439,0x4439,0x4439,0x4439,
0x4439,0x4439,0x4439,0x4439,0x4439,0x4439,0x4439,0x4439,
0x4439,0x4439,0x4439,0x4439,0x4439,0x4439,0x4439,0x4439,
0x4439,0x4439,0x4439,0x4439,0x4439,0x4439,0x4439,0x4439,
0x4439,0x4439,0x4439,0x4439,0x4439,0x4439,0x4439,0x4439,
0x4439,0x4439,0x4439,0x4439,0x4439,0x4439,0x4439,0x4439,
0x4439,0x4671,0x4677,0x471C,0x47AD,0x47F7,0x486C,0x4987,
0x49FB,0x4A68,0x4A6D,0x4B5E,0x4C10,0x4C5D,0x4C85,0x4CF2,
0x4CF7,0x4CFC,0x4D01,0x4D06,0x4D06,0x4D31,0x4D67,0x4DA8,
0x4E19,0x4E3B,0x4EA2,0x4F1A,0x4F35,0x4FE1,0x50B0,0x513F,
0x5208,0x52B1,0x52DB,0x5327,
};
constexpr int mmz1_msg02_num_entries = 236;
alignas(16) inline constexpr uint8_t mmz1_msg02_script_data[] = {
0xF3,0x32,0x1F,0x25,0x39,0xE5,0x00,0x20,0x33,0x27,0x29,0x00,0xF0,0x11,0x00,0x33,
0xFC,0x24,0x29,0x36,0x33,0xF0,0x08,0x00,0x18,0x39,0x32,0x27,0x25,0x00,0x34,0x29,
0x32,0x37,0x29,0x2D,0xFC,0x35,0x39,0x29,0x00,0x2A,0x33,0x37,0x37,0x29,0x00,0x38,
0x29,0xFC,0x27,0x33,0x32,0x2C,0x29,0x27,0x29,0x36,0xF0,0xE9,0xFD,0x0B,0x27,0x36,
0x29,0x28,0x2D,0x38,0x25,0x31,0x33,0x37,0x00,0x35,0x39,0x29,0x00,0x33,0xFC,0x37,
0x29,0x39,0x00,0x24,0xF0,0x01,0x1D,0x25,0x26,0x29,0x36,0x00,0x38,0x29,0x31,0x00,
0x39,0x31,0xFC,0x34,0x33,0x38,0x29,0x32,0x27,0x2D,0x25,0x30,0x00,0x2D,0x30,0x2D,
0x31,0x2D,0x38,0x25,0x28,0x33,0xFC,0x28,0x29,0x00,0x31,0x29,0x30,0x2C,0x33,0x36,
0x2D,0x25,0x37,0xF0,0xE9,0xFD,0x13,0x37,0x37,0x33,0x00,0x38,0x25,0x31,0x26,0xF0,
0x11,0x31,0x00,0x34,0x33,0x28,0x29,0xFC,0x38,0x29,0x36,0x00,0x29,0x2A,0x29,0x2D,
0x38,0x33,0x00,0x37,0x33,0x26,0x36,0x29,0xFC,0x33,0x39,0x38,0x36,0x25,0x37,0x00,
0x25,0x36,0x31,0x25,0x37,0xF0,0xE9,0xFD,0x0B,0x27,0x2C,0x33,0x00,0x35,0x39,0x29,
0x00,0x33,0x00,0x0C,0x39,0x37,0x38,0x29,0x36,0xFC,0x34,0x33,0x28,0x29,0x00,0x37,
0x29,0x36,0x00,0x27,0x25,0x36,0x36,0x29,0x2B,0x25,0x28,0x33,0xFC,0x34,0x25,0x36,
0x25,0x00,0x25,0x38,0x2D,0x36,0x25,0x36,0x00,0x39,0x31,0x25,0xFD,0x34,0x33,0x28,
0x29,0x36,0x33,0x37,0x25,0x00,0x26,0x25,0x30,0x25,0xFC,0x28,0x29,0x00,0x29,0x32,
0x29,0x36,0x2B,0x2D,0x25,0xF0,0xE9,0xFD,0xF6,0x01,0x0B,0x34,0x36,0x29,0x32,0x28,
0x29,0x36,0x00,0x31,0x25,0x2D,0x37,0x00,0x37,0x33,0x26,0x36,0x29,0xFC,0x25,0x37,
0x00,0x25,0x36,0x31,0x25,0x37,0xF0,0x08,0xFC,0x00,0x00,0x1D,0x2D,0x31,0xF0,0xEC,
0x00,0x34,0x33,0x36,0x00,0x2A,0x25,0x3A,0x33,0x36,0xF0,0xE9,0xFC,0x00,0x00,0x18,
0x25,0x33,0x00,0x31,0x29,0x37,0x31,0x33,0xF0,0xE9,0xF0,0xE9,0xF0,0xE9,0xFD,0x1D,
0x29,0x2D,0x00,0x35,0x39,0x29,0x00,0x34,0x29,0x36,0x28,0x29,0x39,0x00,0x25,0xFC,
0x31,0x29,0x31,0xF0,0x13,0x36,0x2D,0x25,0xF0,0xEC,0x00,0x31,0x25,0x37,0x00,0x25,
0x2D,0x32,0x28,0x25,0xFC,0x38,0x29,0x31,0x00,0x37,0x39,0x25,0x37,0xFC,0x12,0x25,
0x26,0x2D,0x30,0x2D,0x28,0x25,0x28,0x29,0x37,0xF0,0xE9,0xFD,0x1D,0xF0,0x13,0x00,
0x34,0x36,0x29,0x27,0x2D,0x37,0x25,0x00,0x25,0x27,0x2C,0x25,0x36,0xFC,0x39,0x31,
0x25,0x00,0x2A,0x33,0x36,0x31,0x25,0x00,0x28,0x29,0xFC,0x36,0x29,0x27,0x39,0x34,
0x29,0x36,0xF0,0x10,0xF0,0x01,0x30,0x25,0x37,0xF0,0xE9,0xFD,0x1D,0x39,0x25,0x00,
0x31,0x29,0x31,0xF0,0x13,0x36,0x2D,0x25,0x00,0x28,0x29,0x3A,0x29,0xFC,0x29,0x37,
0x38,0x25,0x36,0x00,0x31,0x29,0x30,0x2C,0x33,0x36,0x25,0x32,0x28,0x33,0xFC,0x28,
0x29,0x37,0x28,0x29,0x00,0x35,0x39,0x29,0xFD,0x3A,0x33,0x27,0x29,0x00,0x33,0x26,
0x38,0x29,0x3A,0x29,0x00,0x33,0xFC,0x24,0xF0,0x01,0x1D,0x25,0x26,0x29,0x36,0xF0,
0xE9,0xFD,0x18,0x25,0x33,0x00,0x37,0x29,0x00,0x34,0x36,0x29,0x33,0x27,0x39,0x34,
0x29,0xF0,0xEC,0xFC,0x38,0x39,0x28,0x33,0x00,0x35,0x39,0x29,0x00,0x25,0x34,0x36,
0x29,0x32,0x28,0x29,0x39,0xFC,0x32,0x25,0x37,0x00,0x26,0x25,0x38,0x25,0x30,0x2C,
0x25,0x37,0x00,0x28,0x25,0x00,0x37,0x39,0x25,0xFD,0x3A,0x2D,0x28,0x25,0x00,0x34,
0x25,0x37,0x37,0x25,0x28,0x25,0x00,0x3A,0x33,0x30,0x38,0x25,0x36,0xF0,0x10,0xFC,
0x27,0x33,0x31,0x00,0x33,0x00,0x38,0x29,0x31,0x34,0x33,0xF0,0xE9,0xFD,0x19,0x00,
0x32,0xF0,0x14,0x31,0x29,0x36,0x33,0x00,0x28,0x29,0xFC,0x2C,0x25,0x26,0x2D,0x30,
0x2D,0x28,0x25,0x28,0x29,0x37,0x00,0x35,0x39,0x29,0xFC,0x3A,0x33,0x27,0x29,0x00,
0x36,0x29,0x30,0x29,0x31,0x26,0x36,0x33,0x39,0x00,0xF0,0x11,0xFC,0x31,0x33,0x37,
0x38,0x36,0x25,0x28,0x33,0x00,0x32,0x25,0xFD,0x1D,0x39,0x26,0xF0,0x01,0x38,0x29,
0x30,0x25,0x00,0x34,0x29,0x30,0x25,0xFC,0x35,0x39,0x25,0x32,0x38,0x2D,0x28,0x25,
0x28,0x29,0x00,0x28,0x29,0x00,0xF0,0xEA,0xF0,0xE9,0xFC,0x0E,0x00,0x39,0x31,0x25,
0x00,0x33,0x30,0x2C,0x25,0x28,0x25,0xFC,0x28,0x29,0x00,0x3A,0x29,0x3E,0x00,0x29,
0x31,0x00,0x35,0x39,0x25,0x32,0x28,0x33,0xF0,0xE9,0xFE,0xF4,0x01,0x0F,0x32,0x38,
0x29,0x32,0x28,0x33,0xF0,0xE9,0xF0,0xE9,0xF0,0xE9,0x00,0x1B,0x39,0x29,0x00,0x34,
0x29,0x32,0x25,0xF0,0xE9,0xFC,0x18,0x25,0x33,0x00,0x37,0x33,0x39,0x00,0x31,0x39,
0x2D,0x38,0x33,0x00,0x26,0x33,0x31,0xFC,0x29,0x31,0x00,0x27,0x33,0x32,0x3A,0x29,
0x32,0x27,0x29,0x36,0x00,0x25,0x30,0x2B,0x39,0xF0,0x11,0x31,0xFC,0x25,0xFD,0x31,
0x39,0x28,0x25,0x36,0x00,0x28,0x29,0x00,0x2D,0x28,0x29,0x2D,0x25,0xF0,0xE9,0xF0,
0xE9,0xF0,0xE9,0xFF,0xF3,0x32,0x0B,0x2D,0x32,0x28,0x25,0x00,0x32,0x25,0x33,0x00,
0x25,0x27,0x36,0x29,0x28,0x2D,0x38,0x33,0xFC,0x35,0x39,0x29,0x00,0x3A,0x33,0x27,
0x29,0x00,0x37,0x29,0x2E,0x25,0x00,0x35,0x39,0x29,0x31,0x00,0x25,0xFC,0x0D,0x2D,
0x29,0x30,0x00,0x28,0x2D,0x3E,0x00,0x35,0x39,0x29,0x00,0xF0,0x11,0xF0,0xE9,0xFD,
0x0F,0x37,0x34,0x29,0x36,0x25,0xF0,0xEC,0x00,0x29,0x37,0x38,0x33,0x39,0xFC,0x31,
0x29,0x00,0x25,0x28,0x2D,0x25,0x32,0x38,0x25,0x32,0x28,0x33,0xF0,0xE9,0x00,0x17,
0x29,0x39,0xFC,0x32,0x33,0x31,0x29,0x00,0xF0,0x11,0x00,0x0D,0x29,0x36,0x3A,0x29,
0x25,0x39,0xF0,0xE9,0xFD,0x0D,0x33,0x31,0x33,0x00,0x34,0x33,0x28,0x29,0x00,0x3A,
0x29,0x36,0xF0,0xEC,0xFC,0x37,0x33,0x39,0x00,0x39,0x31,0x00,0x29,0x32,0x2B,0x29,
0x32,0x2C,0x29,0x2D,0x36,0x33,0xFC,0x1C,0x29,0x34,0x30,0x33,0x2D,0x28,0xF0,0xE9,
0xFD,0x0D,0x2D,0x29,0x30,0x00,0x29,0x00,0x29,0x39,0x00,0x29,0x37,0x38,0x25,0x31,
0x33,0x37,0xFC,0x34,0x29,0x37,0x35,0x39,0x2D,0x37,0x25,0x32,0x28,0x33,0x00,0x29,
0xFC,0x2A,0x25,0x3E,0x29,0x32,0x28,0x33,0x00,0x29,0x3C,0x34,0x29,0x36,0x2D,0x31,
0x29,0x32,0x38,0x33,0x37,0xFC,0x37,0x33,0x26,0x36,0x29,0xFD,0x29,0x32,0x38,0x2D,
0x28,0x25,0x28,0x29,0x37,0x00,0x27,0x2C,0x25,0x31,0x25,0x28,0x25,0x37,0xFC,0x0D,
0x3D,0x26,0x29,0x36,0xF0,0x01,0x0F,0x30,0x2A,0x33,0x37,0xF0,0xE9,0x00,0x0F,0x30,
0x29,0x37,0xFC,0x2A,0x33,0x36,0x25,0x31,0x00,0x26,0x29,0x31,0x00,0x2B,0x29,0x32,
0x38,0x2D,0x37,0xFC,0x29,0x31,0x00,0x31,0x29,0x00,0x28,0x25,0x36,0xFD,0x39,0x31,
0x25,0x00,0x37,0x25,0x30,0x25,0x00,0x28,0x29,0x00,0x31,0x33,0x38,0x33,0x36,0x29,
0x37,0xFC,0x35,0x39,0x29,0x00,0x31,0x33,0x28,0x2D,0x2A,0x2D,0x35,0x39,0x29,0x2D,
0x00,0x34,0x25,0x36,0x25,0xFC,0x37,0x29,0x36,0x00,0x31,0x29,0x39,0x00,0x30,0x25,
0x26,0x33,0x36,0x25,0x38,0xF0,0x13,0x36,0x2D,0x33,0xF0,0xE9,0xFF,0xF3,0x32,0x1D,
0x29,0x00,0x29,0x39,0x00,0x38,0x2D,0x3A,0x29,0x37,0x37,0x29,0xFC,0x31,0x25,0x2D,
0x37,0x00,0x38,0x29,0x31,0x34,0x33,0x00,0x29,0xFC,0x28,0x25,0x28,0x33,0x37,0xF0,
0xEC,0x00,0x34,0x33,0x28,0x29,0x36,0x2D,0x25,0xFC,0x28,0x29,0x37,0x29,0x32,0x3A,
0x33,0x30,0x3A,0x29,0x36,0x00,0x25,0x30,0x2B,0x39,0x31,0x25,0x37,0xFD,0x25,0x36,
0x31,0x25,0x37,0x00,0x34,0x25,0x36,0x25,0x00,0x3A,0x33,0x27,0x29,0xF0,0xE9,0xF0,
0xE9,0xF0,0xE9,0xFD,0x0F,0x37,0x38,0x33,0x39,0x00,0x33,0x27,0x39,0x34,0x25,0x28,
0x33,0xFC,0x28,0x29,0x31,0x25,0x2D,0x37,0x00,0x34,0x25,0x36,0x25,0x00,0x34,0x29,
0x28,0x2D,0x36,0xFC,0x25,0x33,0x00,0x3A,0x29,0x30,0x2C,0x33,0x00,0x0B,0x32,0x28,
0x36,0x29,0x3B,0x00,0x35,0x39,0x29,0xFC,0x31,0x29,0x00,0x2A,0x25,0x30,0x29,0x00,
0x28,0x33,0x37,0xFD,0x3A,0x29,0x30,0x2C,0x33,0x37,0x00,0x38,0x29,0x31,0x34,0x33,
0x37,0xF0,0xE9,0xFC,0x17,0x25,0x37,0x00,0x3A,0x33,0x27,0x29,0x00,0x28,0x29,0x3A,
0x29,0x36,0x2D,0x25,0xFC,0x38,0x29,0x32,0x38,0x25,0x36,0x00,0x2A,0x25,0x3E,0x29,
0x36,0xFD,0x27,0x33,0x31,0x34,0x25,0x32,0x2C,0x2D,0x25,0x00,0x29,0x00,0x29,0x37,
0x27,0x39,0x38,0x25,0x36,0xFC,0x33,0x00,0x35,0x39,0x29,0x00,0x29,0x30,0x29,0x00,
0x38,0x29,0x31,0xFC,0x25,0x00,0x28,0x2D,0x3E,0x29,0x36,0xF0,0xE9,0xFD,0xF0,0x16,
0x00,0x31,0x39,0x2D,0x38,0x33,0x00,0xF0,0x14,0x38,0x2D,0x30,0x00,0x29,0xFC,0x2D,
0x32,0x2A,0x33,0x36,0x31,0x25,0x38,0x2D,0x3A,0x33,0x00,0x34,0x25,0x37,0x37,0x25,
0x36,0xFC,0x38,0x29,0x31,0x34,0x33,0x00,0x27,0x33,0x31,0xFC,0x33,0x37,0x00,0x2D,
0x28,0x33,0x37,0x33,0x37,0xF0,0xE9,0xFF,0xF3,0x32,0x24,0x29,0x36,0x33,0xF0,0xEC,
0x00,0x27,0x2C,0x29,0x2B,0x33,0x39,0xFC,0x26,0x29,0x31,0x00,0x25,0x00,0x38,0x29,
0x31,0x34,0x33,0xF0,0xE9,0xFC,0x19,0x30,0x2C,0x29,0x00,0x2D,0x37,0x38,0x33,0xF0,
0xE9,0xFC,0x0F,0x2C,0x00,0x39,0x31,0x25,0x00,0x25,0x36,0x31,0x25,0xFD,0x27,0x2C,
0x25,0x31,0x25,0x28,0x25,0x00,0x1E,0x36,0x2D,0x34,0x30,0x29,0xFC,0x1C,0x33,0x28,
0xF0,0xE9,0x00,0x20,0x33,0x27,0x29,0x00,0x34,0x33,0x28,0x29,0xFC,0x25,0x38,0x25,
0x27,0x25,0x36,0x00,0x29,0x31,0x00,0x35,0x39,0x25,0x30,0x35,0x39,0x29,0x36,0xFC,
0x39,0x31,0x25,0x00,0x28,0x25,0x37,0x00,0x33,0x2D,0x38,0x33,0xFD,0x28,0x2D,0x36,
0x29,0x27,0x33,0x29,0x37,0xF0,0xE9,0xFC,0x0F,0x3C,0x2D,0x2B,0x29,0x00,0x39,0x31,
0x00,0x34,0x33,0x39,0x27,0x33,0xFC,0x28,0x29,0x00,0x38,0x29,0x27,0x32,0x2D,0x27,
0x25,0xF0,0xEC,0x00,0x31,0x25,0x37,0xFC,0x38,0x29,0x32,0x2C,0x33,0x00,0x27,0x29,
0x36,0x38,0x29,0x3E,0x25,0x00,0x28,0x29,0xFD,0x35,0x39,0x29,0x00,0x34,0x33,0x28,
0x29,0x36,0x25,0xFC,0x28,0x33,0x31,0x2D,0x32,0x25,0xF0,0x01,0x30,0x25,0xFF,0xF3,
0x32,0x0F,0x37,0x34,0x29,0x36,0x33,0x00,0x35,0x39,0x29,0xFC,0x2B,0x33,0x37,0x38,
0x29,0xF0,0xE9,0xFF,0xF3,0x32,0x1A,0x33,0x36,0x00,0x37,0x2D,0x32,0x25,0x30,0xF0,
0xEC,0x00,0x37,0x29,0xFC,0x35,0x39,0x2D,0x37,0x29,0x36,0x00,0x36,0x29,0x25,0x30,
0x2D,0x3E,0x25,0x36,0xFC,0x39,0x31,0x00,0x25,0x38,0x25,0x35,0x39,0x29,0xFC,0x27,
0x33,0x31,0x00,0x33,0xFD,0x25,0x38,0x36,0x2D,0x26,0x39,0x38,0x33,0x00,0x28,0x33,
0xFC,0x0F,0x30,0x29,0x31,0x29,0x32,0x38,0x33,0x00,0x35,0x39,0x29,0xFC,0x29,0x37,
0x38,0x2D,0x3A,0x29,0x36,0x00,0x29,0x35,0x39,0x2D,0x34,0x25,0x28,0x33,0xF0,0xEC,
0xFC,0x30,0x29,0x31,0x26,0x36,0x29,0xF0,0x01,0x37,0x29,0x00,0x28,0x29,0xFD,0x27,
0x25,0x36,0x36,0x29,0x2B,0x25,0x36,0x00,0x25,0x00,0x37,0x39,0x25,0xFC,0x25,0x36,
0x31,0x25,0x00,0x25,0x32,0x38,0x29,0x37,0x00,0x28,0x29,0xFC,0x39,0x37,0xF0,0x10,
0xF0,0x01,0x30,0x25,0xE5,0xFF,0xF3,0x32,0x24,0x29,0x36,0x33,0xF0,0xEC,0x00,0x27,
0x36,0x2D,0x29,0x2D,0x00,0x39,0x31,0x25,0xFC,0x25,0x36,0x31,0x25,0x00,0x32,0x33,
0x3A,0x25,0x00,0x34,0x25,0x36,0x25,0xFC,0x3A,0x33,0x27,0x29,0xE5,0x00,0x19,0x00,
0x32,0x33,0x31,0x29,0xFC,0x28,0x29,0x30,0x25,0xF0,0xE9,0xF0,0xE9,0xF0,0xE9,0x00,
0x0B,0x2C,0xF0,0xEC,0xFD,0x25,0x2D,0x32,0x28,0x25,0x00,0x32,0x25,0x33,0x00,0x28,
0x29,0x2D,0x00,0x39,0x31,0xFC,0x32,0x33,0x31,0x29,0xF0,0xE9,0xF0,0xE9,0xF0,0xE9,
0x00,0x14,0xF0,0x10,0x00,0x37,0x29,0x2D,0xF0,0xEC,0x00,0x25,0xFC,0x27,0x2C,0x25,
0x31,0x25,0x36,0x29,0x2D,0x00,0x28,0x29,0x00,0x1D,0x2C,0x2D,0x29,0x30,0x28,0xFC,
0x0C,0x33,0x33,0x31,0x29,0x36,0x25,0x32,0x2B,0xE5,0xFF,0xF3,0x32,0x20,0x33,0x27,
0x29,0x00,0x32,0x25,0x33,0x00,0x37,0xF0,0x13,0x00,0x34,0x33,0x28,0x29,0xFC,0x39,
0x37,0xF0,0x10,0xF0,0x01,0x30,0x25,0x00,0x34,0x25,0x36,0x25,0xFC,0x26,0x30,0x33,
0x35,0x39,0x29,0x25,0x36,0x00,0x33,0x37,0xFC,0x34,0x36,0x33,0x2E,0xF0,0x11,0x38,
0x29,0x2D,0x37,0x00,0x2D,0x32,0x2D,0x31,0x2D,0x2B,0x33,0x37,0xFD,0x27,0x33,0x31,
0x33,0x00,0x38,0x25,0x31,0x26,0xF0,0x11,0x31,0x00,0x34,0x33,0x28,0x29,0xFC,0x25,
0x38,0x2D,0x36,0xF0,0x10,0xF0,0x01,0x30,0x25,0x00,0x37,0x29,0x00,0x3A,0x33,0x27,
0x29,0xFC,0x25,0x00,0x27,0x25,0x36,0x36,0x29,0x2B,0x25,0x36,0xF0,0xE9,0xFD,0x18,
0x33,0x00,0x29,0x32,0x38,0x25,0x32,0x38,0x33,0xF0,0xEC,0x00,0x32,0x25,0x33,0xFC,
0x34,0x33,0x28,0x29,0x00,0x36,0x29,0x25,0x30,0x2D,0x3E,0x25,0x36,0xFC,0x39,0x31,
0x00,0x28,0x25,0x37,0x2C,0x00,0x29,0x32,0x35,0x39,0x25,0x32,0x38,0x33,0xFC,0x29,
0x37,0x38,0x2D,0x3A,0x29,0x36,0x00,0x27,0x33,0x31,0x00,0x33,0xFD,0x1D,0x2C,0x2D,
0x29,0x30,0x28,0x00,0x0C,0x33,0x33,0x31,0x29,0x36,0x25,0x32,0x2B,0xFC,0x29,0x35,
0x39,0x2D,0x34,0x25,0x28,0x33,0xF0,0xE9,0x00,0x1E,0x29,0x32,0x2C,0x25,0xFC,0x2D,
0x37,0x37,0x33,0x00,0x29,0x31,0x00,0x31,0x29,0x32,0x38,0x29,0xF0,0xE9,0xFF,0xF3,
0x32,0x13,0x37,0x37,0x33,0x00,0xF0,0x11,0x00,0x38,0x39,0x28,0x33,0x00,0x33,0xFC,
0x35,0x39,0x29,0x00,0x34,0x33,0x37,0x37,0x33,0x00,0x2A,0x25,0x3E,0x29,0x36,0xFC,
0x34,0x33,0x36,0x00,0x3A,0x33,0x27,0x29,0x00,0x34,0x33,0x36,0x00,0x2C,0x33,0x36,
0x25,0xF0,0xE9,0xFC,0x0C,0x33,0x25,0x00,0x37,0x33,0x36,0x38,0x29,0xE5,0xFF,0xF3,
0x32,0x0D,0x33,0x31,0x33,0x00,0x38,0x25,0x30,0x3A,0x29,0x3E,0x00,0x37,0x25,0x2D,
0x26,0x25,0xF0,0xEC,0xFC,0x35,0x39,0x25,0x32,0x38,0x33,0x00,0x31,0x25,0x2D,0x37,
0x00,0x3A,0x33,0x27,0x29,0xFC,0x39,0x37,0x25,0x36,0x00,0x39,0x31,0x25,0xFC,0x25,
0x36,0x31,0x25,0xF0,0xEC,0xFD,0x31,0x25,0x2D,0x37,0x00,0x25,0x00,0x37,0x39,0x25,
0xFC,0x2C,0x25,0x26,0x2D,0x30,0x2D,0x28,0x25,0x28,0x29,0x00,0x27,0x33,0x31,0x00,
0x29,0x30,0x25,0xFC,0x3A,0x25,0x2D,0x00,0x25,0x39,0x31,0x29,0x32,0x38,0x25,0x36,
0xE5,0xFF,0xF3,0x32,0x0D,0xF0,0x10,0x00,0x29,0x32,0x38,0x36,0x29,0x00,0x32,0xF0,
0x13,0x37,0xF0,0xEC,0xFC,0x27,0x36,0x2D,0x25,0x36,0x00,0x25,0x36,0x31,0x25,0x37,
0xFC,0x32,0x25,0x33,0x00,0xF0,0x11,0x00,0x32,0x25,0x28,0x25,0xFC,0x2A,0xF0,0x10,
0x27,0x2D,0x30,0xF0,0xE9,0xFF,0xF3,0x32,0x0B,0x00,0x27,0x2D,0x32,0x27,0x2D,0x25,
0x00,0x34,0x33,0x28,0x29,0xFC,0x37,0x29,0x36,0x00,0x39,0x31,0x00,0x32,0x29,0x2B,
0xF0,0x13,0x27,0x2D,0x33,0xFC,0x37,0x29,0x31,0x00,0x29,0x37,0x27,0x36,0xF0,0x14,
0x34,0x39,0x30,0x33,0x37,0xF0,0xE9,0xF0,0xE9,0xF0,0xE9,0xFD,0x17,0x2D,0x32,0x2C,
0x25,0x37,0x00,0x2D,0x28,0x29,0x2D,0x25,0x37,0x00,0x29,0xFC,0x28,0x25,0x28,0x33,
0x37,0x00,0x37,0x29,0x27,0x36,0x29,0x38,0x33,0x37,0xFC,0x2E,0xF0,0x10,0x00,0x2A,
0x33,0x36,0x25,0x31,0x00,0x36,0x33,0x39,0x26,0x25,0x28,0x33,0x37,0xFC,0x3A,0xF0,
0x10,0x36,0x2D,0x25,0x37,0x00,0x3A,0x29,0x3E,0x29,0x37,0xF0,0xE9,0xF0,0xE9,0xF0,
0xE9,0xFD,0x1D,0x2D,0x32,0x38,0x33,0x00,0x31,0x39,0x2D,0x38,0x33,0xF0,0xEC,0x00,
0x38,0x29,0x31,0x33,0xFC,0x38,0x29,0x36,0x00,0x37,0x2D,0x28,0x33,0x00,0x39,0x31,
0xFC,0x34,0x33,0x39,0x27,0x33,0x00,0x28,0x29,0x37,0x27,0x39,0x2D,0x28,0x25,0x28,
0x33,0xF0,0xE9,0xFF,0xF3,0x32,0x11,0x36,0x25,0x27,0x25,0x37,0x00,0x25,0x00,0x0E,
0x29,0x39,0x37,0xE5,0xFC,0x24,0x29,0x36,0x33,0xF0,0xEC,0x00,0x3A,0x33,0x27,0x29,
0x00,0x29,0x37,0x38,0xF0,0x10,0xFC,0x26,0x29,0x31,0xF0,0x08,0x00,0x1A,0x29,0x32,
0x37,0x29,0x2D,0x00,0x35,0x39,0x29,0xFD,0x29,0x37,0x38,0x25,0x3A,0x25,0x00,0x34,
0x29,0x36,0x28,0x2D,0x28,0x33,0xF0,0xE9,0xF0,0xE9,0xF0,0xE9,0xFC,0x19,0x26,0x36,
0x2D,0x2B,0x25,0x28,0x33,0x00,0x34,0x33,0x36,0xFC,0x32,0x33,0x37,0x00,0x37,0x25,
0x30,0x3A,0x25,0x36,0xF0,0xEC,0xFC,0x24,0x29,0x36,0x33,0xF0,0xE9,0xF0,0xE9,0xF0,
0xE9,0xFF,0xF3,0x32,0x0F,0x37,0x38,0x33,0x39,0x00,0x26,0x29,0x31,0xF0,0xEC,0xFC,
0x33,0x26,0x36,0x2D,0x2B,0x25,0x28,0x33,0xF0,0xE9,0x00,0x1A,0x33,0x28,0x29,0x36,
0x2D,0x25,0xFC,0x38,0x29,0x36,0x00,0x37,0x2D,0x28,0x33,0x00,0x34,0x2D,0x33,0x36,
0xF0,0xE9,0xFC,0x1E,0x33,0x28,0x33,0x37,0x00,0x29,0x37,0x38,0x33,0x00,0x26,0x29,
0x31,0xF0,0x08,0xFD,0x18,0x25,0x33,0x00,0x34,0x36,0x29,0x27,0x2D,0x37,0x25,0x00,
0x31,0x25,0x2D,0x37,0xFC,0x37,0x29,0x00,0x34,0x36,0x29,0x33,0x27,0x39,0x34,0x25,
0x36,0xFC,0x27,0x33,0x31,0x2D,0x2B,0x33,0x00,0x33,0x39,0x00,0x27,0x33,0x31,0x00,
0x31,0x29,0x39,0xFC,0x30,0x25,0x26,0x33,0x36,0x25,0x38,0xF0,0x13,0x36,0x2D,0x33,
0xF0,0xE9,0xFD,0x3A,0x33,0x27,0x29,0x00,0x28,0x29,0x3A,0x29,0x36,0x2D,0x25,0x00,
0x2D,0x36,0xFC,0x3A,0x29,0x36,0x00,0x27,0x33,0x31,0x33,0x00,0x25,0x00,0x0D,0x2D,
0x29,0x30,0xFC,0x29,0x37,0x38,0xF0,0x10,0xF0,0xE9,0xFF,0xF3,0x32,0x0F,0x37,0x38,
0x33,0x39,0x00,0x33,0x36,0x2B,0x39,0x30,0x2C,0x33,0x37,0x33,0xFC,0x28,0x29,0x00,
0x38,0x29,0x36,0xFC,0x25,0x2E,0x39,0x28,0x25,0x28,0x33,0x00,0x39,0x31,0xFC,0x1C,
0x29,0x34,0x30,0x33,0x2D,0x28,0x00,0x27,0x33,0x31,0x33,0x00,0x3A,0x33,0x27,0x29,
0xF0,0xE9,0xFF,0xF3,0x32,0x0F,0x37,0x34,0x29,0x36,0x33,0x00,0x35,0x39,0x29,0xFC,
0x27,0x33,0x32,0x38,0x2D,0x32,0x39,0x29,0x00,0x25,0x34,0x33,0x2D,0x25,0x32,0x28,
0x33,0xFC,0x25,0x00,0x1C,0x29,0x37,0x2D,0x37,0x38,0x32,0x27,0x2D,0x25,0xF0,0xE9,
0xFF,0xF3,0x32,0x24,0x29,0x36,0x33,0xF0,0xE9,0xF0,0xE9,0xF0,0xE9,0x00,0x0E,0x29,
0x37,0x28,0x29,0x00,0x35,0x39,0x29,0xFC,0x27,0x2C,0x29,0x2B,0x33,0x39,0x00,0x25,
0x00,0x29,0x37,0x38,0x29,0xFC,0x30,0x39,0x2B,0x25,0x36,0xF0,0xEC,0x00,0x36,0x29,
0x27,0x39,0x34,0x29,0x36,0x29,0x2D,0xFC,0x31,0x2D,0x32,0x2C,0x25,0xFD,0x27,0x33,
0x32,0x2A,0x2D,0x25,0x32,0x27,0x25,0x00,0x38,0x25,0x32,0x38,0x33,0xFC,0x27,0x33,
0x31,0x33,0x00,0x27,0x2D,0x29,0x32,0x38,0x2D,0x37,0x38,0x25,0xFC,0x35,0x39,0x25,
0x32,0x38,0x33,0x00,0x29,0x32,0x2B,0x29,0x32,0x2C,0x29,0x2D,0x36,0x33,0xF0,0xE9,
0xFF,0xF3,0x32,0x1B,0x39,0x29,0x36,0x33,0x00,0x28,0x29,0x37,0x29,0x32,0x3A,0x33,
0x30,0x3A,0x29,0x36,0xFC,0x31,0x25,0x2D,0x37,0x00,0x25,0x36,0x31,0x25,0x37,0x00,
0x34,0x25,0x36,0x25,0xFC,0x3A,0x33,0x27,0x29,0xF0,0xE9,0xF0,0xE9,0xF0,0xE9,0x00,
0x20,0x33,0x30,0x38,0x29,0xFC,0x27,0x33,0x31,0x00,0x3A,0x2D,0x28,0x25,0xF0,0xEC,
0x00,0x24,0x29,0x36,0x33,0xF0,0xE9,0xFF,0xF3,0x32,0x0F,0x37,0x34,0x29,0x36,0x33,
0x00,0x35,0x39,0x29,0x00,0x3A,0x33,0x30,0x38,0x29,0xFC,0x37,0x33,0x00,0x29,0x00,
0x37,0x25,0x30,0x3A,0x33,0xF0,0xE9,0xFF,0xF3,0x36,0x19,0x2C,0xF0,0xEC,0x00,0x32,
0x25,0x33,0x00,0x36,0x29,0x27,0x33,0x32,0x2C,0x29,0x27,0x33,0xFC,0x3A,0x33,0x27,
0x29,0xF0,0xE9,0xFC,0xF0,0x16,0x00,0x32,0x33,0x3A,0x33,0x00,0x34,0x33,0x36,0x00,
0x25,0x35,0x39,0x2D,0xF0,0x08,0xFD,0x0D,0x2C,0x39,0x38,0x29,0x00,0x25,0xFC,0x26,
0x39,0x32,0x28,0x25,0x00,0x28,0x29,0x30,0x29,0x37,0xFC,0x34,0x25,0x36,0x25,0x00,
0x35,0x39,0x29,0x00,0x25,0x37,0x37,0x2D,0x31,0x00,0x34,0x33,0x37,0x37,0x25,0xFC,
0x37,0x29,0x00,0x38,0x33,0x36,0x32,0x25,0x36,0x00,0x39,0x31,0x00,0x1C,0x29,0x34,
0x30,0x33,0x2D,0x28,0xFD,0x27,0x33,0x31,0x33,0x00,0x33,0x37,0x00,0x33,0x39,0x38,
0x36,0x33,0x37,0xE5,0xFF,0xF3,0x36,0x0F,0x2C,0x2C,0xF0,0xE9,0xF0,0xE9,0xF0,0xE9,
0x00,0x20,0x33,0x27,0x29,0x00,0x29,0x00,0x39,0x31,0xFC,0x2B,0x25,0x36,0x33,0x38,
0x33,0x00,0x32,0x33,0x3A,0x33,0xF0,0xEC,0xFC,0x27,0x29,0x36,0x38,0x33,0xF0,0x08,
0x00,0x0F,0x37,0x38,0x25,0xFC,0x28,0x2D,0x37,0x38,0x36,0x2D,0x26,0x39,0x2D,0x32,
0x28,0x33,0x00,0x2B,0x33,0x30,0x34,0x29,0x37,0xFD,0x34,0x25,0x36,0x25,0x00,0x34,
0x33,0x28,0x29,0x36,0x00,0x37,0x29,0x36,0xFC,0x27,0x33,0x31,0x33,0x00,0x33,0x37,
0x00,0x33,0x39,0x38,0x36,0x33,0x37,0xFC,0x1C,0x29,0x34,0x30,0x33,0x2D,0x28,0x37,
0xF0,0x08,0xFD,0x0F,0x37,0x27,0x39,0x38,0x29,0xF0,0xEC,0x00,0x2B,0x25,0x36,0x33,
0x38,0x33,0xF0,0xE9,0xFD,0x20,0x33,0x27,0x29,0x00,0x29,0x37,0x38,0x25,0xFC,0x2D,
0x32,0x38,0x29,0x36,0x29,0x37,0x37,0x25,0x28,0x33,0x00,0x29,0x31,0xFD,0xF6,0x01,
0x33,0x39,0x3A,0x2D,0x36,0x00,0x25,0x00,0x31,0x2D,0x32,0x2C,0x25,0xFC,0x2C,0x2D,
0x37,0x38,0x33,0x36,0x2D,0x25,0xF0,0x08,0xFC,0x00,0x00,0x1D,0x2D,0x31,0xF0,0xEC,
0x00,0x27,0x30,0x25,0x36,0x33,0xF0,0xE9,0xFC,0x00,0x00,0x18,0x25,0x33,0xF0,0xEC,
0x00,0x29,0x37,0x38,0x33,0x39,0x00,0x33,0x27,0x39,0x34,0x25,0x28,0x33,0xF0,0xE9,
0xFD,0x0F,0x32,0x38,0x25,0x33,0x00,0x29,0x37,0x38,0x25,0xFC,0x2D,0x32,0x38,0x29,
0x36,0x29,0x37,0x37,0x25,0x28,0x33,0x00,0x32,0x25,0xFC,0x31,0x2D,0x32,0x2C,0x25,
0x00,0x2C,0x2D,0x37,0x38,0x33,0x36,0x2D,0x25,0xE5,0xFC,0x19,0x26,0x36,0x2D,0x2B,
0x25,0x28,0x33,0x00,0x34,0x33,0x36,0x00,0x2D,0x37,0x37,0x33,0xF0,0xE9,0xF0,0xE9,
0xF0,0xE9,0xFD,0x0B,0x34,0x29,0x37,0x25,0x36,0x00,0x28,0x29,0x00,0x32,0x25,0x33,
0xFC,0x34,0x25,0x36,0x29,0x27,0x29,0x36,0xF0,0xEC,0x00,0x29,0x39,0x00,0x29,0x36,
0x25,0xFC,0x39,0x31,0x00,0x1C,0x29,0x34,0x30,0x33,0x2D,0x28,0x00,0x26,0x33,0x32,
0x2D,0x38,0x25,0x33,0xF0,0xE9,0xFC,0x0F,0x36,0x25,0x00,0x31,0x39,0x2D,0x38,0x33,
0xFD,0x34,0x33,0x34,0x39,0x30,0x25,0x36,0x00,0x29,0x32,0x38,0x36,0x29,0xFC,0x25,
0x37,0x00,0x28,0x25,0x31,0x25,0x37,0xF0,0xE9,0xFD,0x10,0x33,0x2D,0x00,0x29,0x31,
0x00,0x39,0x31,0x25,0x00,0x32,0x33,0x2D,0x38,0x29,0xFC,0x28,0x29,0x00,0x30,0x39,
0x25,0x00,0x27,0x2C,0x29,0x2D,0x25,0xFC,0x35,0x39,0x29,0x00,0x25,0x27,0x33,0x32,
0x38,0x29,0x27,0x29,0x39,0xF0,0xE9,0xF0,0xE9,0xF0,0xE9,0xFD,0x0F,0x39,0x00,0x29,
0x37,0x38,0x25,0x3A,0x25,0xFC,0x38,0x36,0x25,0x32,0x37,0x34,0x33,0x36,0x38,0x25,
0x32,0x28,0x33,0xFC,0x27,0x33,0x32,0x38,0x29,0x2D,0x32,0x29,0x36,0x29,0x37,0x00,
0x32,0x39,0x31,0xFC,0x25,0x36,0x31,0x25,0x3E,0x29,0x31,0x00,0x28,0x33,0xFD,0x34,
0x33,0x36,0x38,0x33,0xF0,0xEC,0x00,0x35,0x39,0x25,0x32,0x28,0x33,0xFC,0x33,0x39,
0x3A,0x2D,0x00,0x39,0x31,0x25,0x00,0x27,0x25,0x32,0x27,0x25,0x33,0xFC,0x2A,0x30,
0x39,0x38,0x39,0x25,0x32,0x28,0x33,0x00,0x32,0x33,0x00,0x25,0x36,0xF0,0xE9,0xFC,
0x19,0x30,0x2C,0x29,0x2D,0xFD,0x34,0x25,0x36,0x25,0x00,0x27,0x2D,0x31,0x25,0x00,
0x29,0x00,0x3A,0x2D,0xFC,0x39,0x31,0x25,0x00,0x26,0x29,0x30,0x25,0x00,0x31,0x33,
0x27,0x25,0x00,0x28,0x29,0xFC,0x27,0x25,0x26,0x29,0x30,0x33,0x37,0x00,0x30,0x33,
0x32,0x2B,0x33,0x37,0xFC,0x27,0x25,0x32,0x38,0x25,0x32,0x28,0x33,0xFD,0x34,0x25,
0x36,0x25,0x00,0x25,0xFC,0x31,0x39,0x30,0x38,0x2D,0x28,0x25,0x33,0x00,0x36,0x29,
0x39,0x32,0x2D,0x28,0x25,0xFC,0x32,0x33,0x00,0x34,0x33,0x36,0x38,0x33,0xF0,0xE9,
0xFD,0x10,0x2D,0x35,0x39,0x29,0x2D,0x00,0x37,0x39,0x36,0x34,0x36,0x29,0x37,0x33,
0xFC,0x25,0x33,0x00,0x32,0x33,0x38,0x25,0x36,0x00,0x35,0x39,0x29,0xFC,0x25,0x00,
0x27,0x25,0x32,0x27,0x25,0x33,0x00,0x28,0x29,0x30,0x25,0xFC,0x31,0x29,0x00,0x27,
0x33,0x31,0x33,0x3A,0x2D,0x25,0xFD,0x34,0x36,0x33,0x2A,0x39,0x32,0x28,0x25,0x31,
0x29,0x32,0x38,0x29,0xF0,0xEC,0xFC,0x31,0x29,0x37,0x31,0x33,0x00,0x33,0x00,0x31,
0x29,0x39,0x00,0x27,0x33,0x36,0x34,0x33,0xFC,0x29,0x00,0x31,0x29,0x32,0x38,0x29,
0xFC,0x37,0x29,0x32,0x28,0x33,0x00,0x31,0x25,0x35,0x39,0x2D,0x32,0x25,0x37,0xF0,
0xE9,0xF0,0xE9,0xF0,0xE9,0xFD,0x0B,0x34,0x33,0x37,0x00,0x34,0x25,0x37,0x37,0x25,
0x36,0x31,0x33,0x37,0xFC,0x39,0x31,0x00,0x38,0x29,0x31,0x34,0x33,0x00,0x2E,0x39,
0x32,0x38,0x33,0x37,0xFC,0x27,0x33,0x32,0x3A,0x29,0x36,0x37,0x25,0x32,0x28,0x33,
0xF0,0xEC,0x00,0x32,0x33,0x37,0xFC,0x25,0x34,0x25,0x2D,0x3C,0x33,0x32,0x25,0x31,
0x33,0x37,0x00,0x29,0x00,0x29,0x32,0x2A,0x2D,0x31,0xFD,0x2A,0x33,0x31,0x33,0x37,
0x00,0x31,0x33,0x36,0x25,0x36,0xFC,0x2E,0x39,0x32,0x38,0x33,0x37,0xF0,0xE9,0xF0,
0xE9,0xF0,0xE9,0xFD,0x12,0x31,0x31,0xF0,0x08,0x00,0x14,0x25,0x00,0x37,0x29,0xFC,
0x27,0x25,0x32,0x37,0x33,0x39,0x00,0x28,0x29,0xFD,0xF6,0x02,0x33,0x39,0x3A,0x2D,
0x36,0x00,0x25,0x00,0x31,0x2D,0x32,0x2C,0x25,0xFC,0x2C,0x2D,0x37,0x38,0x33,0x36,
0x2D,0x25,0xF0,0x08,0xFC,0x00,0x00,0x1D,0x2D,0x31,0xF0,0xE9,0xFC,0x00,0x00,0x18,
0x25,0x33,0xF0,0xEC,0x00,0x28,0x29,0x00,0x2E,0x29,0x2D,0x38,0x33,0x00,0x32,0x29,
0x32,0x2C,0x39,0x31,0xF0,0xE9,0xFD,0x0F,0x32,0x38,0x29,0x32,0x28,0x33,0xF0,0xE9,
0x00,0x0F,0xFC,0x31,0x39,0x2D,0x38,0x33,0x00,0x27,0x2C,0x25,0x38,0x33,0xFC,0x2A,
0x2D,0x27,0x25,0x36,0x00,0x33,0x39,0x3A,0x2D,0x32,0x28,0x33,0xFC,0x33,0x00,0x35,
0x39,0x29,0x00,0x28,0x2D,0x3E,0x29,0x31,0x00,0x33,0x37,0xFD,0x2D,0x28,0x33,0x37,
0x33,0x37,0xF0,0xE9,0xF0,0xE9,0xF0,0xE9,0xFE,0xF4,0x01,0x1B,0x39,0x29,0x00,0x25,
0x3E,0x25,0x36,0xF0,0xE9,0xFC,0x1D,0x29,0x00,0x3A,0x33,0x27,0x29,0x00,0x2A,0x33,
0x37,0x37,0x29,0x00,0x39,0x31,0xFC,0x1C,0x29,0x34,0x30,0x33,0x2D,0x28,0xF0,0xEC,
0x00,0x34,0x33,0x28,0x29,0x36,0x2D,0x25,0xFC,0x28,0x29,0x28,0x2D,0x27,0x25,0x36,
0x00,0x39,0x31,0x00,0x34,0x33,0x39,0x27,0x33,0xFD,0x28,0x29,0x00,0x38,0x29,0x31,
0x34,0x33,0xF0,0xEC,0xFC,0x29,0x39,0x00,0x25,0x27,0x2C,0x33,0xF0,0xE9,0xF0,0xE9,
0xF0,0xE9,0xFC,0x0F,0x32,0x2A,0x2D,0x31,0xF0,0xE9,0xFE,0xF4,0x02,0x19,0x2C,0xF0,
0xEC,0x00,0x3A,0x33,0x27,0x29,0x00,0x35,0x39,0x29,0x36,0xFC,0x27,0x33,0x32,0x38,
0x2D,0x32,0x39,0x25,0x36,0x00,0x33,0x39,0x3A,0x2D,0x32,0x28,0x33,0xE5,0xFD,0x0F,
0x39,0x00,0x38,0x29,0x00,0x27,0x33,0x32,0x38,0x29,0x2D,0xFC,0x25,0x38,0x29,0x00,
0x25,0x00,0x34,0x25,0x36,0x38,0x29,0x00,0x29,0x31,0xFC,0x35,0x39,0x29,0x00,0x2A,
0x33,0x31,0x33,0x37,0xFC,0x31,0x33,0x36,0x25,0x36,0x00,0x2E,0x39,0x32,0x38,0x33,
0x37,0xF0,0xEC,0x00,0x32,0x29,0xF0,0x08,0xFD,0x20,0x33,0x39,0x00,0x27,0x33,0x32,
0x38,0x2D,0x32,0x39,0x25,0x36,0xF0,0xE9,0xF0,0xE9,0xF0,0xE9,0x00,0x0D,0x33,0x31,
0xFC,0x33,0x00,0x38,0x29,0x31,0x34,0x33,0xF0,0xEC,0x00,0x29,0x30,0x25,0xFC,0x2A,
0x33,0x2D,0x00,0x29,0x32,0x3A,0x29,0x30,0x2C,0x29,0x27,0x29,0x32,0x28,0x33,0xF0,
0xEC,0xFC,0x29,0x32,0x35,0x39,0x25,0x32,0x38,0x33,0x00,0x29,0x39,0xFD,0x27,0x33,
0x32,0x38,0x2D,0x32,0x39,0x25,0x3A,0x25,0x00,0x2D,0x2B,0x39,0x25,0x30,0xF0,0xE9,
0xFC,0x0F,0x30,0x25,0x00,0x27,0x33,0x31,0x29,0x27,0x33,0x39,0x00,0x25,0xFC,0x33,
0x28,0x2D,0x25,0x36,0x00,0x37,0x39,0x25,0x00,0x25,0x34,0x25,0x36,0x29,0x32,0x27,
0x2D,0x25,0xFC,0x29,0x00,0x25,0x00,0x31,0x29,0x00,0x29,0x3A,0x2D,0x38,0x25,0x36,
0xF0,0xE9,0x00,0x0F,0x32,0x38,0x25,0x33,0xFD,0x34,0x29,0x28,0x2D,0x00,0x34,0x25,
0x36,0x25,0x00,0x25,0x00,0x0D,0x2D,0x29,0x30,0xFC,0x31,0x29,0x00,0x31,0x33,0x28,
0x2D,0x2A,0x2D,0x27,0x25,0x36,0xFC,0x29,0x00,0x31,0x29,0x00,0x28,0x29,0x2D,0x3C,
0x25,0x36,0x00,0x28,0x25,0xFC,0x2A,0x33,0x36,0x31,0x25,0x00,0x35,0x39,0x29,0x00,
0x37,0x33,0x39,0xFD,0x25,0x2B,0x33,0x36,0x25,0xF0,0xE9,0xF0,0xE9,0xF0,0xE9,0x00,
0x1A,0x25,0x36,0x25,0xFC,0x35,0x39,0x29,0x00,0x32,0x33,0x37,0x00,0x34,0x39,0x28,
0x29,0x37,0x37,0x29,0x31,0x33,0x37,0xFC,0x2A,0x2D,0x27,0x25,0x36,0x00,0x2E,0x39,
0x32,0x38,0x33,0x37,0xF0,0xE9,0xFD,0x0F,0x30,0x25,0x00,0x2A,0x25,0x30,0x29,0x27,
0x29,0x39,0xFC,0x2E,0x25,0x00,0x2A,0x25,0x3E,0x00,0x31,0x39,0x2D,0x38,0x33,0x00,
0x38,0x29,0x31,0x34,0x33,0xF0,0xEC,0xFC,0x31,0x25,0x37,0x00,0x25,0x00,0x37,0x39,
0x25,0x00,0x31,0x29,0x31,0x33,0x36,0x2D,0x25,0xFC,0x32,0x39,0x32,0x27,0x25,0x00,
0x37,0x29,0x36,0x25,0xFD,0x25,0x34,0x25,0x2B,0x25,0x28,0x25,0x00,0x28,0x33,0x00,
0x31,0x29,0x39,0xFC,0x27,0x2C,0x2D,0x34,0x00,0x28,0x29,0x00,0x31,0x29,0x31,0x33,
0x36,0x2D,0x25,0xF0,0xE9,0xF0,0xE9,0xF0,0xE9,0xFD,0x19,0x26,0x36,0x2D,0x2B,0x25,
0x28,0x33,0x00,0x34,0x33,0x36,0xFC,0x27,0x33,0x31,0x34,0x25,0x36,0x38,0x2D,0x30,
0x2C,0x25,0x36,0x00,0x29,0x37,0x37,0x29,0xFC,0x38,0x29,0x31,0x34,0x33,0x00,0x27,
0x33,0x31,0x2D,0x2B,0x33,0x00,0x29,0xFC,0x29,0x37,0x27,0x39,0x38,0x25,0x36,0x00,
0x25,0x00,0x31,0x2D,0x32,0x2C,0x25,0xFD,0x2C,0x2D,0x37,0x38,0x33,0x36,0x2D,0x25,
0xF0,0xE9,0x00,0x1A,0x29,0x2B,0x39,0x29,0xFC,0x2D,0x37,0x37,0x33,0x00,0x27,0x33,
0x31,0x33,0x00,0x34,0x36,0x33,0x3A,0x25,0xFC,0x28,0x25,0x00,0x31,0x2D,0x32,0x2C,
0x25,0x00,0x2B,0x36,0x25,0x38,0x2D,0x28,0x25,0x33,0xF0,0xE9,0xFF,0xF3,0x36,0x0C,
0x33,0x25,0x00,0x37,0x33,0x36,0x38,0x29,0xF0,0xEC,0x00,0x2B,0x25,0x36,0x33,0x38,
0x33,0xF0,0xE9,0xFF,0xF3,0x36,0x0C,0x29,0x31,0xF0,0x01,0x3A,0x2D,0x32,0x28,0x33,
0xF0,0xEC,0x00,0x2B,0x25,0x36,0x33,0x38,0x33,0xF0,0xE9,0xFC,0x20,0x33,0x27,0x29,
0x00,0x28,0x29,0x3A,0x29,0x00,0x38,0x29,0x36,0xFC,0x26,0x25,0x37,0x38,0x25,0x32,
0x38,0x29,0x00,0x38,0x29,0x31,0x34,0x33,0x00,0x30,0x2D,0x3A,0x36,0x29,0xE5,0xFD,
0x1A,0x33,0x28,0x29,0x36,0x2D,0x25,0x00,0x28,0x29,0x28,0x2D,0x27,0x25,0x36,0xFC,
0x39,0x31,0x00,0x34,0x33,0x39,0x27,0x33,0x00,0x28,0x29,0x00,0x38,0x29,0x31,0x34,
0x33,0xFC,0x34,0x25,0x36,0x25,0x00,0x29,0x37,0x27,0x39,0x38,0x25,0x36,0xFD,0xF6,
0x03,0x25,0x00,0x31,0x2D,0x32,0x2C,0x25,0x00,0x2C,0x2D,0x37,0x38,0x33,0x36,0x2D,
0x25,0xF0,0x08,0xFC,0x00,0x00,0x1E,0x39,0x28,0x33,0x00,0x26,0x29,0x31,0xF0,0xE9,
0xFC,0x00,0x00,0x18,0x25,0x33,0xF0,0xEC,0x00,0x25,0x2B,0x33,0x36,0x25,0x00,0x32,
0x25,0x33,0xF0,0xE9,0xFD,0x1E,0x29,0x00,0x27,0x33,0x32,0x38,0x25,0x36,0x29,0x2D,
0x00,0x39,0x31,0x25,0xFC,0x2C,0x2D,0x37,0x38,0x33,0x36,0x2D,0x25,0x00,0x28,0x29,
0x00,0x35,0x39,0x25,0x32,0x28,0x33,0xFC,0x2A,0x39,0x2D,0x00,0x31,0x25,0x36,0x2D,
0x32,0x2C,0x29,0x2D,0x36,0x33,0xF0,0xE9,0x00,0x19,0xFC,0x34,0x36,0x2D,0x31,0x29,
0x2D,0x36,0x33,0x00,0x32,0x25,0x3A,0x2D,0x33,0xFD,0x34,0x25,0x36,0x25,0x00,0x33,
0x32,0x28,0x29,0x00,0x2A,0x39,0x2D,0xFC,0x28,0x29,0x37,0x2D,0x2B,0x32,0x25,0x28,
0x33,0x00,0x29,0x36,0x25,0xFC,0x29,0x32,0x33,0x36,0x31,0x29,0xF0,0xEC,0x00,0x31,
0x39,0x2D,0x38,0x33,0x00,0x30,0x2D,0x32,0x28,0x33,0xFC,0x29,0x00,0x28,0x29,0x00,
0x27,0x33,0x36,0x00,0x25,0x31,0x25,0x36,0x29,0x30,0x25,0xF0,0xE9,0xFD,0x1E,0x29,
0x31,0x34,0x29,0x37,0x38,0x25,0x28,0x29,0x37,0x00,0x29,0xFC,0x3A,0x29,0x32,0x38,
0x33,0x37,0x00,0x2A,0x33,0x36,0x38,0x29,0x37,0x00,0x31,0x29,0xFC,0x2E,0x33,0x2B,
0x25,0x36,0x25,0x31,0x00,0x32,0x33,0x00,0x33,0x27,0x29,0x25,0x32,0x33,0xFC,0x3A,
0x25,0x36,0x2D,0x25,0x37,0x00,0x3A,0x29,0x3E,0x29,0x37,0x00,0x28,0x39,0x36,0x25,
0x32,0x38,0x29,0xFD,0x31,0x29,0x39,0x37,0x00,0x34,0x36,0x2D,0x31,0x29,0x2D,0x36,
0x33,0x37,0xFC,0x28,0x2D,0x25,0x37,0x00,0x28,0x29,0x00,0x32,0x33,0x3A,0x25,0x38,
0x33,0xF0,0xE9,0x00,0x1E,0x33,0x28,0x25,0xFC,0x3A,0x29,0x3E,0x00,0x35,0x39,0x29,
0x00,0x29,0x39,0x00,0x27,0x25,0x2D,0x25,0xF0,0xEC,0xFC,0x27,0x25,0x39,0x37,0x25,
0x3A,0x25,0x00,0x34,0x36,0x33,0x26,0x30,0x29,0x31,0x25,0x37,0x00,0x25,0xFD,0x38,
0x36,0x2D,0x34,0x39,0x30,0x25,0x27,0x25,0x33,0xF0,0xE9,0x00,0x18,0x29,0x31,0xFC,
0x30,0x29,0x31,0x26,0x36,0x33,0x00,0x35,0x39,0x25,0x32,0x38,0x25,0x37,0xFC,0x3A,
0x29,0x3E,0x29,0x37,0x00,0x29,0x39,0x00,0x34,0x29,0x32,0x37,0x29,0x2D,0x00,0x29,
0x31,0xFC,0x30,0x25,0x36,0x2B,0x25,0x36,0x00,0x33,0x00,0x38,0x36,0x25,0x26,0x25,
0x30,0x2C,0x33,0x00,0x29,0xFD,0x3A,0x33,0x30,0x38,0x25,0x36,0x00,0x34,0x25,0x36,
0x25,0x00,0x27,0x25,0x37,0x25,0xF0,0xE9,0xF0,0xE9,0xF0,0xE9,0xFD,0xF6,0x04,0x12,
0x31,0x31,0xF0,0x08,0x00,0x20,0x33,0x27,0x29,0x00,0x28,0x29,0x37,0x29,0x2E,0x25,
0xFC,0x2D,0x36,0x00,0x29,0x31,0x26,0x33,0x36,0x25,0x00,0x25,0x2B,0x33,0x36,0x25,
0xF0,0x08,0xFC,0x00,0x00,0x1D,0x2D,0x31,0xF0,0xE9,0xFC,0x00,0x00,0x18,0x25,0x33,
0xF0,0xEC,0x00,0x29,0x39,0x00,0x32,0x25,0x33,0x00,0x35,0x39,0x29,0x36,0x33,0xF0,
0xE9,0xFD,0x1B,0x39,0x29,0x00,0x34,0x29,0x32,0x25,0xF0,0xE9,0xF0,0xE9,0xF0,0xE9,
0xFC,0x0C,0x33,0x31,0xF0,0xEC,0x00,0x31,0x39,0x2D,0x38,0x33,0x00,0x33,0x26,0x36,
0x2D,0x2B,0x25,0x28,0x33,0xFC,0x34,0x29,0x30,0x33,0x00,0x37,0x29,0x39,0x00,0x38,
0x29,0x31,0x34,0x33,0xF0,0xE9,0xFE,0xF4,0x03,0x20,0x33,0x27,0x29,0x00,0x28,0x2D,
0x3E,0x00,0x35,0x39,0x29,0xFC,0x2E,0x25,0x00,0x33,0x39,0x3A,0x2D,0x39,0xFC,0x33,
0x00,0x37,0x39,0x2A,0x2D,0x27,0x2D,0x29,0x32,0x38,0x29,0xF0,0xE9,0xF0,0xE9,0xF0,
0xE9,0xFD,0x1E,0x39,0x28,0x33,0x00,0x26,0x29,0x31,0xF0,0xEC,0xFC,0x31,0x39,0x2D,
0x38,0x33,0x00,0x33,0x26,0x36,0x2D,0x2B,0x25,0x28,0x33,0xFC,0x34,0x33,0x36,0x00,
0x31,0x29,0x00,0x33,0x39,0x3A,0x2D,0x36,0xF0,0xE9,0xFE,0xF4,0x04,0x1E,0x39,0x28,
0x33,0x00,0x26,0x29,0x31,0xF0,0xEC,0xFC,0x28,0x29,0x2D,0x3C,0x29,0xF0,0x01,0x31,
0x29,0x00,0x27,0x33,0x32,0x38,0x2D,0x32,0x39,0x25,0x36,0xF0,0xE9,0xFD,0x0D,0x33,
0x31,0x00,0x33,0x00,0x34,0x25,0x37,0x37,0x25,0x36,0x00,0x28,0x33,0xFC,0x38,0x29,
0x31,0x34,0x33,0xF0,0xEC,0x00,0x31,0x29,0x00,0x38,0x33,0x36,0x32,0x29,0x2D,0xFC,
0x39,0x31,0x00,0x31,0x25,0x36,0x2D,0x32,0x2C,0x29,0x2D,0x36,0x33,0xFC,0x29,0x3C,
0x34,0x29,0x36,0x2D,0x29,0x32,0x38,0x29,0xF0,0xE9,0xFD,0x20,0x2D,0x25,0x2E,0x29,
0x2D,0x00,0x34,0x33,0x36,0x00,0x38,0x33,0x28,0x33,0xFC,0x33,0x00,0x31,0x39,0x32,
0x28,0x33,0x00,0x29,0xFC,0x27,0x33,0x32,0x2C,0x29,0x27,0x2D,0x00,0x31,0x39,0x2D,
0x38,0x25,0x37,0xFC,0x34,0x29,0x37,0x37,0x33,0x25,0x37,0xF0,0xEC,0x00,0x29,0x00,
0x38,0x25,0x31,0x26,0x29,0x31,0xFD,0x3A,0x2D,0x3A,0x29,0x32,0x27,0x2D,0x29,0x2D,
0xFC,0x28,0x29,0x37,0x34,0x29,0x28,0x2D,0x28,0x25,0x37,0xFC,0x29,0x31,0x33,0x38,
0x2D,0x3A,0x25,0x37,0xF0,0xE9,0xFC,0x0F,0x3C,0x2D,0x37,0x38,0x29,0x31,0x00,0x38,
0x25,0x32,0x38,0x25,0x37,0xFD,0x28,0x29,0x37,0x34,0x29,0x28,0x2D,0x28,0x25,0x37,
0x00,0x25,0x37,0x37,0x2D,0x31,0xFC,0x27,0x33,0x31,0x33,0x00,0x29,0x3C,0x2D,0x37,
0x38,0x29,0x31,0xFC,0x37,0x25,0x39,0x28,0x25,0x27,0x33,0x29,0x37,0xF0,0xE9,0xFD,
0x0F,0x00,0x27,0x39,0x36,0x2D,0x33,0x37,0x33,0xF0,0xEC,0x00,0x37,0x29,0x2D,0x00,
0x35,0x39,0x29,0xFC,0x25,0x30,0x2B,0x39,0x32,0x37,0x00,0x28,0x33,0x37,0xFC,0x31,
0x29,0x39,0x37,0x00,0x27,0x2C,0x29,0x2A,0x29,0x37,0x00,0x29,0x36,0x25,0x31,0xFC,
0x26,0x29,0x31,0x00,0x29,0x3C,0x2D,0x2B,0x29,0x32,0x38,0x29,0x37,0xF0,0xEC,0x00,
0x31,0x25,0x37,0xFD,0x29,0x39,0x00,0x37,0x33,0x00,0x2B,0x39,0x25,0x36,0x28,0x33,
0xFC,0x26,0x33,0x25,0x37,0x00,0x30,0x29,0x31,0x26,0x36,0x25,0x32,0x27,0x25,0x37,
0xFC,0x28,0x29,0x00,0x38,0x33,0x28,0x33,0x37,0x00,0x29,0x30,0x29,0x37,0x00,0x25,
0x2B,0x33,0x36,0x25,0xF0,0xE9,0xFD,0x1B,0x39,0x25,0x32,0x28,0x33,0x00,0x25,0x00,
0x34,0x25,0x3E,0xFC,0x3A,0x33,0x30,0x38,0x25,0x36,0xF0,0xEC,0x00,0x29,0x39,0x00,
0x2B,0x33,0x37,0x38,0x25,0x36,0x2D,0x25,0xFC,0x28,0x29,0x00,0x3A,0x29,0x36,0x00,
0x33,0x00,0x33,0x27,0x29,0x25,0x32,0x33,0xFC,0x32,0x33,0x3A,0x25,0x31,0x29,0x32,
0x38,0x29,0xF0,0xE9,0xFD,0x19,0x26,0x36,0x2D,0x2B,0x25,0x28,0x33,0x00,0x34,0x33,
0x36,0xFC,0x27,0x33,0x31,0x34,0x25,0x36,0x38,0x2D,0x30,0x2C,0x25,0x36,0x00,0x33,
0x00,0x37,0x29,0x39,0xFC,0x38,0x29,0x31,0x34,0x33,0x00,0x27,0x33,0x31,0x2D,0x2B,
0x33,0xF0,0xE9,0x00,0x0D,0x33,0x31,0x33,0xFC,0x34,0x36,0x33,0x3A,0x25,0x00,0x28,
0x29,0x00,0x2B,0x36,0x25,0x38,0x2D,0x28,0x25,0x33,0xF0,0xEC,0xFD,0x29,0x39,0x00,
0x38,0x29,0x00,0x28,0x25,0x36,0x29,0x2D,0xFC,0x39,0x31,0x00,0x34,0x33,0x39,0x27,
0x33,0x00,0x28,0x29,0xFC,0x0F,0x32,0x29,0x36,0x2B,0x3D,0x00,0x0D,0x36,0x3D,0x37,
0x38,0x25,0x30,0x37,0xF0,0xE9,0xFF,0xF3,0x36,0x1A,0x33,0x36,0x00,0x2A,0x25,0x3A,
0x33,0x36,0xF0,0xEC,0x00,0x3A,0x33,0x30,0x38,0x29,0xFC,0x37,0x29,0x00,0x38,0x2D,
0x3A,0x29,0x36,0x00,0x38,0x29,0x31,0x34,0x33,0xF0,0xE9,0xFF,0xF3,0x36,0x19,0x30,
0xF0,0x10,0xF0,0xEC,0x00,0x2B,0x25,0x36,0x33,0x38,0x33,0xF0,0xE9,0xFC,0x0D,0x33,
0x31,0x33,0x00,0x29,0x37,0x38,0xF0,0x10,0xF0,0x08,0x00,0x14,0xF0,0x10,0xFC,0x37,
0x29,0x00,0x25,0x27,0x33,0x37,0x38,0x39,0x31,0x33,0x39,0xFC,0x27,0x33,0x31,0x00,
0x33,0x00,0x38,0x36,0x25,0x26,0x25,0x30,0x2C,0x33,0xF0,0x08,0xFD,0x13,0x31,0x25,
0x2B,0x2D,0x32,0x33,0x00,0x35,0x39,0x29,0xFC,0x37,0x29,0x2E,0x25,0x00,0x28,0x2D,
0x2A,0xF0,0x12,0x27,0x2D,0x30,0x00,0x34,0x25,0x36,0x25,0xFC,0x39,0x31,0x00,0x32,
0x33,0x3A,0x25,0x38,0x33,0xF0,0xE9,0xFC,0x0C,0x33,0x25,0x00,0x37,0x33,0x36,0x38,
0x29,0xE5,0xFF,0xF3,0x36,0x1D,0x29,0x00,0x34,0x36,0x29,0x27,0x2D,0x37,0x25,0x36,
0xFC,0x28,0x29,0x00,0x25,0x30,0x2B,0x39,0xF0,0x11,0x31,0x00,0x34,0x25,0x36,0x25,
0xFC,0x27,0x33,0x32,0x38,0x25,0x36,0x00,0x33,0x37,0x00,0x37,0x29,0x39,0x37,0xFC,
0x34,0x29,0x37,0x25,0x36,0x29,0x37,0xF0,0xEC,0xFD,0x3A,0x29,0x32,0x2C,0x25,0x00,
0x25,0x38,0xF0,0x11,0x00,0x31,0x2D,0x31,0x00,0x25,0xFC,0x35,0x39,0x25,0x30,0x35,
0x39,0x29,0x36,0x00,0x31,0x33,0x31,0x29,0x32,0x38,0x33,0xF0,0xE9,0xFF,0xF3,0x36,
0x19,0x30,0xF0,0x10,0xF0,0xEC,0x00,0x2B,0x25,0x36,0x33,0x38,0x33,0xF0,0xE9,0xFC,
0x20,0x33,0x27,0x29,0x00,0x29,0x37,0x38,0xF0,0x10,0x00,0x26,0x29,0x31,0xF0,0x08,
0xFF,0xF3,0x36,0x1D,0x29,0x00,0x29,0x39,0x00,0x2A,0x33,0x37,0x37,0x29,0xFC,0x39,
0x31,0x00,0x34,0x33,0x39,0x27,0x33,0x00,0x31,0x25,0x2D,0x37,0xFC,0x2E,0x33,0x3A,
0x29,0x31,0xF0,0xEC,0x00,0x27,0x2C,0x39,0x38,0x25,0x36,0x2D,0x25,0xFC,0x25,0x00,
0x26,0x39,0x32,0x28,0x25,0x00,0x28,0x29,0x30,0x29,0x37,0xF0,0xE9,0xF0,0xE9,0xF0,
0xE9,0x00,0x33,0x39,0xFD,0x33,0x37,0x00,0x28,0x29,0x28,0x33,0x37,0x00,0x28,0x33,
0x37,0xFC,0x34,0xF0,0x11,0x37,0xF0,0xE9,0xF0,0xE9,0xF0,0xE9,0xF0,0xE9,0xFF,0xF3,
0x36,0x13,0x32,0x3A,0x29,0x2E,0x33,0x00,0x33,0x37,0xFC,0x2E,0x33,0x3A,0x29,0x32,
0x37,0x00,0x1C,0x29,0x34,0x30,0x33,0x2D,0x28,0x37,0xF0,0xE9,0xF0,0xE9,0xF0,0xE9,
0xFD,0x1B,0x39,0x29,0x31,0x00,0x31,0x29,0x00,0x28,0x29,0x36,0x25,0xFC,0x37,0x29,
0x36,0x00,0x25,0x30,0x2B,0x39,0x32,0x37,0x00,0x25,0x32,0x33,0x37,0xFC,0x31,0x25,
0x2D,0x37,0x00,0x2E,0x33,0x3A,0x29,0x31,0xF0,0xE9,0xF0,0xE9,0xF0,0xE9,0xFF,0xF3,
0x36,0x19,0x30,0xF0,0x10,0xF0,0xEC,0x00,0x2B,0x25,0x36,0x33,0x38,0x33,0xF0,0xE9,
0xFC,0x1D,0x25,0x26,0x29,0x00,0x28,0x29,0x00,0x39,0x31,0x25,0xFC,0x27,0x33,0x2D,
0x37,0x25,0xF0,0x08,0xFD,0x19,0x39,0x3A,0x2D,0x00,0x28,0x2D,0x3E,0x29,0x36,0x00,
0x35,0x39,0x29,0xFC,0x2A,0x33,0x2D,0x00,0x39,0x31,0x00,0x1C,0x29,0x34,0x30,0x33,
0x2D,0x28,0xFC,0x3A,0x29,0x36,0x31,0x29,0x30,0x2C,0x33,0x00,0x35,0x39,0x29,0x31,
0xFC,0x32,0x33,0x37,0x00,0x37,0x25,0x30,0x3A,0x33,0x39,0x00,0x29,0xFD,0x37,0x25,
0x30,0x3A,0x33,0x39,0x00,0x25,0x00,0x32,0x33,0x37,0x37,0x25,0xFC,0x26,0x25,0x37,
0x29,0xF0,0xE9,0x00,0x20,0x33,0x27,0x29,0x00,0x28,0x29,0x3A,0x29,0x36,0x2D,0x25,
0xFC,0x37,0x29,0x2B,0x39,0x2D,0x36,0x00,0x33,0x00,0x29,0x3C,0x29,0x31,0x34,0x30,
0x33,0xFC,0x28,0x29,0x30,0x29,0x00,0x29,0x00,0x37,0x29,0x36,0x00,0x39,0x31,0x00,
0x2C,0x29,0x36,0xF0,0x13,0x2D,0xF0,0xE9,0xFF,0xF3,0x36,0x1F,0x31,0x00,0x1C,0x29,
0x34,0x30,0x33,0x2D,0x28,0xFC,0x30,0x29,0x32,0x28,0xF0,0x10,0x36,0x2D,0x33,0xF0,
0xE9,0xF0,0xE9,0xF0,0xE9,0x00,0x31,0x29,0xFC,0x34,0x29,0x36,0x2B,0x39,0x32,0x38,
0x33,0x00,0x27,0x33,0x31,0x33,0xFC,0x29,0x30,0x29,0x00,0xF0,0x11,0xF0,0xE9,0x00,
0x11,0x33,0x37,0x38,0x25,0x36,0x2D,0x25,0xFD,0x31,0x39,0x2D,0x38,0x33,0x00,0x28,
0x29,0x00,0x3A,0xF0,0x01,0x30,0x33,0xFC,0x25,0x33,0x00,0x31,0x29,0x32,0x33,0x37,
0x00,0x39,0x31,0x25,0x00,0x3A,0x29,0x3E,0xF0,0xE9,0xFF,0xF3,0x36,0x19,0x30,0xF0,
0x10,0xF0,0xEC,0x00,0x2B,0x25,0x36,0x33,0x38,0x33,0xF0,0xE9,0xFC,0x20,0x33,0x27,
0x29,0x00,0x34,0x25,0x36,0x29,0x27,0x29,0x00,0x31,0x39,0x2D,0x38,0x33,0xFC,0x31,
0x25,0x2D,0x37,0x00,0x2A,0x33,0x36,0x38,0x29,0x00,0x35,0x39,0x29,0xFC,0x35,0x39,
0x25,0x32,0x28,0x33,0x00,0x27,0x2C,0x29,0x2B,0x33,0x39,0xF0,0xE9,0xFD,0x1A,0x33,
0x28,0x29,0x00,0x37,0x29,0x36,0x00,0x25,0x34,0x29,0x32,0x25,0x37,0xFC,0x2D,0x31,
0x34,0x36,0x29,0x37,0x37,0x33,0x00,0x31,0x2D,0x32,0x2C,0x25,0xF0,0xEC,0xFC,0x31,
0x25,0x37,0x00,0x3A,0x33,0x27,0x29,0x00,0x31,0x29,0x00,0x34,0x25,0x36,0x29,0x27,
0x29,0xFC,0x2A,0x25,0x31,0x2D,0x30,0x2D,0x25,0x36,0xF0,0xE9,0xF0,0xE9,0xF0,0xE9,
0xFD,0x1D,0x29,0x36,0xF0,0x10,0x00,0x35,0x39,0x29,0x00,0x29,0x37,0x38,0x33,0x39,
0xFC,0x3A,0x29,0x32,0x28,0x33,0x00,0x27,0x33,0x2D,0x37,0x25,0x37,0xF0,0x08,0xFF,
0xF3,0x36,0x1B,0x39,0x25,0x37,0x29,0x00,0x29,0x37,0x35,0x39,0x29,0x27,0x2D,0xF0,
0xE9,0xF0,0xE9,0xF0,0xE9,0xFC,0x1B,0x39,0x29,0x36,0x2D,0x25,0x00,0x34,0x29,0x36,
0x2B,0x39,0x32,0x38,0x25,0x36,0xFC,0x33,0x00,0x37,0x29,0x39,0x00,0x32,0x33,0x31,
0x29,0xFD,0x35,0x39,0x25,0x32,0x28,0x33,0x00,0x3A,0x33,0x27,0x29,0xFC,0x3A,0x2D,
0x29,0x37,0x37,0x29,0x00,0x25,0x35,0x39,0x2D,0xFC,0x28,0x29,0x00,0x32,0x33,0x3A,
0x33,0xF0,0xE9,0xF0,0xE9,0xF0,0xE9,0xFD,0x18,0x25,0x33,0x00,0x2D,0x31,0x34,0x33,
0x36,0x38,0x25,0xF0,0xE9,0x00,0x14,0xF0,0x10,0xFC,0xF0,0x11,0x00,0x38,0x25,0x36,
0x28,0x29,0x00,0x28,0x29,0x31,0x25,0x2D,0x37,0xFC,0x34,0x25,0x36,0x25,0x00,0x2D,
0x37,0x37,0x33,0xF0,0xE9,0xFC,0x18,0x33,0x37,0x00,0x3A,0x29,0x31,0x33,0x37,0x00,
0x34,0x33,0x36,0x00,0x25,0xF0,0x12,0xF0,0xE9,0xFF,0xF3,0x30,0x20,0x33,0x27,0x29,
0x00,0x32,0x25,0x33,0x00,0x31,0x29,0xFC,0x34,0x25,0x36,0x29,0x27,0x29,0x00,0x2A,
0x25,0x31,0x2D,0x30,0x2D,0x25,0x36,0xF0,0xEC,0xFC,0x37,0x29,0x32,0x2C,0x33,0x36,
0xF0,0xE9,0xF0,0xE9,0xF0,0xE9,0xFD,0x0F,0x32,0x38,0x29,0x32,0x28,0x33,0xF0,0xE9,
0xFC,0x1D,0x29,0x39,0x00,0x32,0x33,0x31,0x29,0x00,0xF0,0x11,0xFC,0x24,0x29,0x36,
0x33,0xF0,0xE9,0xF0,0xE9,0xF0,0xE9,0xFF,0xF3,0x30,0x0F,0x32,0x38,0x25,0x33,0x00,
0x33,0x00,0x27,0x2C,0x25,0x31,0x25,0x36,0x29,0x2D,0xFC,0x28,0x29,0x00,0x37,0x29,
0x32,0x2C,0x33,0x36,0x00,0x24,0x29,0x36,0x33,0xF0,0xE9,0xFC,0x19,0x00,0x31,0x29,
0x39,0x00,0x32,0x33,0x31,0x29,0x00,0xF0,0x11,0xFC,0x0E,0x25,0x32,0x28,0x29,0xF0,
0xE9,0xFD,0x0B,0x00,0x0D,0x2D,0x29,0x30,0x00,0x35,0x39,0x29,0x00,0x31,0x29,0x00,
0x28,0x29,0x39,0xF0,0xE9,0xFC,0x0B,0x32,0x38,0x29,0x37,0x00,0x31,0x29,0x00,0x27,
0x2C,0x25,0x31,0x25,0x3A,0x25,0x31,0xFC,0x28,0x29,0x00,0x19,0x18,0x0C,0x07,0xF0,
0xE9,0x00,0x1F,0x31,0x00,0x32,0x33,0x31,0x29,0xFC,0x26,0x29,0x31,0x00,0x27,0x2C,
0x25,0x38,0x33,0xF0,0xEC,0x00,0x32,0x25,0x33,0x00,0xF0,0x11,0xF0,0x08,0xFF,0xF3,
0x30,0x17,0x39,0x2D,0x38,0x33,0x00,0x33,0x26,0x36,0x2D,0x2B,0x25,0x28,0x33,0xF0,
0xEC,0xFC,0x37,0x29,0x32,0x2C,0x33,0x36,0xE5,0x00,0x0E,0x2D,0x3E,0x29,0x31,0x00,
0x35,0x39,0x29,0xFC,0x3A,0x33,0x27,0x29,0x00,0x37,0x25,0x30,0x3A,0x33,0x39,0x00,
0x39,0x31,0xFC,0x25,0x31,0x2D,0x2B,0x33,0x00,0x31,0x29,0x39,0xF0,0xE9,0xFD,0x1D,
0x33,0x39,0x00,0x31,0x39,0x2D,0x38,0x33,0xFC,0x2B,0x36,0x25,0x38,0x33,0x00,0x25,
0x00,0x3A,0x33,0x27,0x29,0xE5,0xFF,0x0F,0x1C,0x1C,0x19,0xFF,0xF3,0x30,0x18,0x25,
0x33,0x00,0x37,0x29,0x2D,0x00,0x27,0x33,0x31,0x33,0xFC,0x38,0x29,0x00,0x25,0x2B,
0x36,0x25,0x28,0x29,0x27,0x29,0x36,0xF0,0xEC,0xFC,0x1D,0x36,0xF0,0xE9,0x00,0x24,
0x29,0x36,0x33,0xF0,0xE9,0xFF,0x0F,0x1C,0x1C,0x19,0xFF,0xF3,0x30,0x0B,0xF0,0x12,
0x00,0x29,0x37,0x38,0xF0,0x10,0xF0,0xEC,0xFC,0x1D,0x36,0xF0,0xE9,0x00,0x24,0x29,
0x36,0x33,0xE5,0x00,0x1E,0x33,0x28,0x33,0x37,0xFC,0x33,0x00,0x29,0x37,0x38,0x33,
0x00,0x27,0x2C,0x25,0x31,0x25,0x32,0x28,0x33,0xFC,0x28,0x29,0x00,0x24,0x0F,0x1C,
0x19,0x00,0x19,0x00,0xF9,0xE5,0xF0,0xED,0xFD,0x20,0x33,0x27,0x29,0x00,0x2A,0x25,
0x3E,0x00,0x2E,0x39,0x37,0xFC,0x00,0x37,0x39,0x25,0x00,0x2A,0x25,0x31,0x25,0xF0,
0xE9,0xFC,0x0D,0x33,0x32,0x38,0x2D,0x32,0x39,0x29,0x00,0x30,0x39,0x38,0x25,0x32,
0x28,0x33,0xFC,0x34,0x29,0x30,0x25,0x00,0x34,0x25,0x3E,0xFD,0x31,0x39,0x32,0x28,
0x2D,0x25,0x30,0x00,0x34,0x33,0x36,0x00,0x31,0x2D,0x31,0xF0,0xEC,0xFC,0x37,0x29,
0x32,0x2C,0x33,0x36,0xF0,0xE9,0xFF,0xF3,0x30,0x0B,0x30,0x2B,0x39,0x32,0x37,0x00,
0x38,0x29,0xFC,0x27,0x2C,0x25,0x31,0x25,0x31,0x00,0x28,0x29,0xFC,0xF0,0xED,0x24,
0x0F,0x1C,0x19,0x00,0x19,0xFC,0xF9,0xF0,0xED,0x00,0x34,0x29,0x30,0x25,0x37,0xFC,
0x37,0x39,0x25,0x37,0x00,0x27,0x33,0x37,0x38,0x25,0x37,0xF0,0xEC,0x00,0x37,0x29,
0x32,0x2C,0x33,0x36,0xF0,0xE9,0xFD,0x17,0x25,0x37,0x00,0x29,0x39,0x00,0x25,0x27,
0x2C,0x33,0x00,0x35,0x39,0x29,0xFC,0x3A,0x33,0x27,0x29,0x00,0xF0,0x11,0x00,0x39,
0x31,0xFC,0x29,0x3C,0x27,0x29,0x30,0x29,0x32,0x38,0x29,0x00,0x1C,0x29,0x34,0x30,
0x33,0x2D,0x28,0xF0,0xE9,0xFF,0xF3,0x30,0x14,0xF0,0x10,0x00,0x37,0x29,0x00,0x25,
0x27,0x33,0x37,0x38,0x39,0x31,0x33,0x39,0xFC,0x27,0x33,0x31,0x00,0x25,0x00,0x3A,
0x2D,0x28,0x25,0x00,0x25,0x35,0x39,0x2D,0xF0,0x08,0xFC,0x1E,0x33,0x28,0x33,0x37,
0x00,0x37,0x33,0x00,0x38,0x33,0xFC,0x2B,0x29,0x32,0x38,0x2D,0x37,0xF0,0xEC,0x00,
0x35,0x39,0x29,0xFD,0x27,0x36,0x29,0x2D,0x33,0x00,0x35,0x39,0x29,0x00,0x37,0x29,
0x2E,0x25,0x00,0x2A,0xF0,0x10,0x27,0x2D,0x30,0xFC,0x37,0x29,0x00,0x28,0x25,0x36,
0x00,0x26,0x29,0x31,0x00,0x27,0x33,0x31,0xFC,0x38,0x33,0x28,0x33,0x37,0x00,0x32,
0xF0,0x13,0x37,0xF0,0xEC,0x00,0x37,0x29,0x32,0x2C,0x33,0x36,0xF0,0xE9,0xFF,0xF3,
0x30,0x1D,0x29,0x00,0x38,0x29,0x31,0x00,0x38,0x29,0x31,0x34,0x33,0xF0,0xEC,0xFC,
0x34,0x33,0x36,0x00,0x35,0x39,0x29,0x00,0x32,0x25,0x33,0x00,0x2A,0x25,0x30,0x25,
0xFC,0x27,0x33,0x31,0x00,0x29,0x30,0x29,0x37,0xF0,0x08,0xFC,0x0B,0x30,0x2B,0x39,
0x32,0x37,0x00,0x1C,0x29,0x34,0x30,0x33,0x2D,0x28,0x37,0xFD,0x37,0x25,0x33,0x00,
0x39,0x31,0x00,0x34,0x33,0x39,0x27,0x33,0xFC,0x29,0x3C,0x27,0x29,0x32,0x38,0x36,
0x2D,0x27,0x33,0x37,0xF0,0xEC,0x00,0x31,0x25,0x37,0xFC,0x38,0x33,0x28,0x33,0x37,
0x00,0x37,0x25,0x33,0x00,0x31,0x39,0x2D,0x38,0x33,0xFC,0x34,0x39,0x36,0x33,0x37,
0x00,0x28,0x29,0x00,0x27,0x33,0x36,0x25,0x27,0x25,0x33,0xF0,0xE9,0xFF,0xF3,0x30,
0x11,0x33,0x37,0x38,0x25,0x36,0x2D,0x25,0x00,0x28,0x29,0x00,0x37,0x29,0x36,0xFC,
0x39,0x31,0x00,0x1C,0x29,0x34,0x30,0x33,0x2D,0x28,0x00,0x31,0x25,0x2D,0x37,0xFC,
0xF0,0x14,0x38,0x2D,0x30,0xF0,0xE9,0x00,0x0B,0x27,0x2C,0x25,0x00,0x35,0x39,0x29,
0xFC,0x2C,0xF0,0x10,0x00,0x25,0x30,0x2B,0x33,0xFD,0x35,0x39,0x29,0x00,0x29,0x39,
0x00,0x34,0x33,0x37,0x37,0x25,0xFC,0x2A,0x25,0x3E,0x29,0x36,0xF0,0xEC,0x00,0x37,
0x29,0x32,0x2C,0x33,0x36,0xF0,0x08,0xFF,0xF3,0x30,0x1D,0x29,0x32,0x2C,0x33,0x36,
0x00,0x24,0x29,0x36,0x33,0xF0,0xEC,0x00,0x34,0x33,0x36,0xFC,0x2A,0x25,0x3A,0x33,
0x36,0xF0,0xEC,0x00,0x2A,0x2D,0x35,0x39,0x29,0xF0,0xE9,0xFC,0x1A,0x36,0x29,0x27,
0x2D,0x37,0x25,0x31,0x33,0x37,0x00,0x28,0x25,0xFC,0x37,0x39,0x25,0x00,0x25,0x2E,
0x39,0x28,0x25,0xF0,0xE9,0xFF,0xF3,0x30,0x0B,0x00,0x37,0x29,0x32,0x2C,0x33,0x36,
0x2D,0x38,0x25,0x00,0x0D,0x2D,0x29,0x30,0xFC,0x29,0x37,0x38,0x25,0x3A,0x25,0x00,
0x26,0x29,0x31,0xF0,0xEC,0x00,0x32,0x25,0x33,0x00,0xF0,0x11,0xF0,0x08,0xFC,0x19,
0x2C,0xF0,0xEC,0x00,0x2B,0x36,0x25,0x27,0x25,0x37,0x00,0x25,0x33,0x37,0xFC,0x27,
0xF0,0x11,0x39,0x37,0xF0,0xE9,0xFF,0xF3,0x30,0x0F,0x37,0x37,0x25,0x00,0x18,0x29,
0x33,0x00,0x0B,0x36,0x27,0x25,0x28,0x2D,0x25,0xE5,0xFC,0x0F,0x39,0x00,0x32,0x39,
0x32,0x27,0x25,0x00,0x3A,0x33,0x39,0xFC,0x34,0x29,0x36,0x28,0x33,0xF0,0x10,0xF0,
0x01,0x30,0x33,0x37,0xE5,0xFF,0xF3,0x30,0x1D,0x29,0x36,0xF0,0x10,0x00,0x35,0x39,
0x29,0xFC,0x18,0x29,0x33,0x00,0x0B,0x36,0x27,0x25,0x28,0x2D,0x25,0x00,0xF0,0x11,
0xFC,0x36,0x29,0x25,0x30,0x31,0x29,0x32,0x38,0x29,0x00,0x39,0x31,0x25,0xFC,0x39,
0x38,0x33,0x34,0x2D,0x25,0xF0,0xE9,0xFF,0xF3,0x30,0x0F,0x39,0x00,0x2B,0x33,0x37,
0x38,0x33,0x00,0x31,0x25,0x2D,0x37,0xFC,0x28,0x29,0x37,0x38,0x29,0x00,0x30,0x39,
0x2B,0x25,0x36,0x00,0x28,0x33,0xFC,0x35,0x39,0x29,0x00,0x28,0x29,0x00,0x18,0x29,
0x33,0xFC,0x0B,0x36,0x27,0x25,0x28,0x2D,0x25,0xF0,0xE9,0xFF,0xF3,0x30,0x1D,0x36,
0xF0,0xE9,0x00,0x24,0x29,0x36,0x33,0xF0,0xEC,0x00,0x32,0x25,0x33,0xFC,0x37,0x29,
0x00,0x29,0x37,0x2A,0x33,0x36,0x27,0x29,0x00,0x38,0x25,0x32,0x38,0x33,0xFC,0x25,
0x37,0x37,0x2D,0x31,0xF0,0xEC,0x00,0x37,0x29,0x32,0x2C,0x33,0x36,0xF0,0xE9,0xFC,
0xFF,0xF3,0x30,0x1E,0x33,0x28,0x33,0x37,0x00,0x29,0x37,0x38,0x33,0xFC,0x25,0x2B,
0x39,0x25,0x36,0x28,0x25,0x32,0x28,0x33,0x00,0x37,0x29,0x39,0xFC,0x36,0x29,0x38,
0x33,0x36,0x32,0x33,0xF0,0xEC,0x00,0x37,0x29,0x32,0x2C,0x33,0x36,0xE5,0xFF,0xF3,
0x34,0x1A,0x36,0x25,0x3E,0x29,0x36,0x00,0x29,0x31,0xFC,0x38,0x29,0x00,0x27,0x33,
0x32,0x2C,0x29,0x27,0x29,0x36,0xF0,0xE9,0x00,0x10,0x33,0x2D,0xFC,0x3A,0x33,0x27,
0x29,0x00,0x35,0x39,0x29,0x31,0x00,0x37,0x25,0x30,0x3A,0x33,0x39,0xFC,0x25,0x00,
0x0D,0x2D,0x29,0x30,0xF0,0xEC,0x00,0x32,0x25,0x33,0x00,0xF0,0x11,0xF0,0x08,0xFD,
0x17,0x29,0x39,0x00,0x32,0x33,0x31,0x29,0x00,0xF0,0x11,0xFC,0x0B,0x30,0x33,0x39,
0x29,0x38,0x38,0x29,0xF0,0xE9,0x00,0x0D,0x2D,0x29,0x30,0xFC,0x31,0x29,0x00,0x28,
0x29,0x39,0x00,0x29,0x37,0x37,0x29,0x00,0x32,0x33,0x31,0x29,0xF0,0xE9,0xFF,0xF3,
0x34,0x14,0xF0,0x10,0x00,0x33,0x39,0x3A,0x2D,0x39,0x00,0x2A,0x25,0x30,0x25,0x36,
0xFC,0x28,0x29,0x00,0x25,0x30,0x2B,0x33,0x00,0x27,0x2C,0x25,0x31,0x25,0x28,0x33,
0xFC,0x0D,0x3D,0x26,0x29,0x36,0xF0,0x01,0x0F,0x30,0x2A,0x33,0xF0,0x08,0xFD,0x1F,
0x31,0x00,0x0D,0x3D,0x26,0x29,0x36,0xF0,0x01,0x0F,0x30,0x2A,0x33,0x00,0xF0,0x11,
0x00,0x39,0x31,0x25,0xFC,0x29,0x32,0x38,0x2D,0x28,0x25,0x28,0x29,0x00,0x29,0x30,
0x29,0x38,0x36,0x32,0x2D,0x27,0x25,0xFC,0x35,0x39,0x29,0x00,0x28,0xF0,0x10,0x00,
0x25,0x30,0x2B,0x39,0x31,0xFC,0x38,0x2D,0x34,0x33,0x00,0x28,0x29,0x00,0x34,0x33,
0x28,0x29,0x36,0xF0,0xE9,0xFD,0x1A,0x33,0x36,0xF0,0x11,0x31,0xF0,0xEC,0x00,0x39,
0x31,0x25,0x00,0x3A,0x29,0x3E,0x00,0x35,0x39,0x29,0xFC,0x29,0x30,0x29,0x37,0x00,
0x39,0x37,0x25,0x31,0x00,0x33,0x37,0xFC,0x37,0x29,0x39,0x37,0x00,0x34,0x33,0x28,
0x29,0x36,0x29,0x37,0xF0,0xEC,0xFC,0x31,0x33,0x36,0x36,0x29,0x31,0xF0,0xE9,0xF0,
0xE9,0xF0,0xE9,0xFD,0x1E,0x29,0x32,0x2C,0x33,0x00,0x31,0x39,0x2D,0x38,0x25,0x00,
0x34,0x29,0x32,0x25,0xFC,0x28,0x29,0x30,0x29,0x37,0xF0,0xE9,0xF0,0xE9,0xF0,0xE9,
0xFF,0xF3,0x34,0x0F,0x39,0x00,0x28,0x2D,0x36,0x2D,0x25,0x00,0x35,0x39,0x29,0xFC,
0x3A,0x33,0x27,0x29,0x00,0xF0,0x11,0x00,0x27,0x33,0x31,0x33,0x00,0x39,0x31,0x00,
0xF9,0xF0,0xE9,0xFC,0x1A,0x33,0x36,0x00,0x2D,0x37,0x37,0x33,0x00,0x3A,0x33,0x27,
0x29,0xFC,0x27,0x33,0x32,0x37,0x29,0x2B,0x39,0x2D,0x39,0x00,0x37,0x25,0x30,0x3A,
0x25,0x36,0xFC,0x25,0x00,0x0D,0x2D,0x29,0x30,0xF0,0xEC,0xFD,0x29,0x39,0x00,0x25,
0x27,0x2C,0x33,0xF0,0xE9,0xFC,0x19,0x34,0x37,0xF0,0xEC,0x00,0x35,0x39,0x25,0x37,
0x29,0xFC,0x29,0x37,0x35,0x39,0x29,0x27,0x2D,0xF0,0xE9,0xF0,0xE9,0xF0,0xE9,0x00,
0x19,0x39,0x3A,0x2D,0xFC,0x28,0x2D,0x3E,0x29,0x36,0x00,0x35,0x39,0x29,0x00,0x39,
0x31,0xFD,0x0D,0x3D,0x26,0x29,0x36,0xF0,0x01,0x0F,0x30,0x2A,0x33,0x00,0x35,0x39,
0x29,0xFC,0x29,0x37,0x38,0x25,0x3A,0x25,0x00,0x32,0x33,0x00,0x35,0x39,0x25,0x36,
0x38,0x33,0xFC,0x28,0x25,0x00,0x0D,0x2D,0x29,0x30,0x00,0x37,0x39,0x31,0x2D,0x39,
0xF0,0xE9,0xFC,0x0E,0x2D,0x3E,0x29,0x31,0x00,0x35,0x39,0x29,0x00,0xF0,0x11,0x00,
0x39,0x31,0xFD,0x26,0x29,0x26,0x00,0x29,0x30,0x2A,0x33,0xF0,0xEC,0xFC,0x1D,0x29,
0x36,0xF0,0x10,0x00,0x35,0x39,0x29,0x00,0x29,0x30,0x29,0x00,0x37,0x29,0xFC,0x34,
0x29,0x36,0x28,0x29,0x39,0x00,0x32,0x33,0x00,0x27,0x25,0x31,0x2D,0x32,0x2C,0x33,
0xFC,0x28,0x29,0x00,0x27,0x25,0x37,0x25,0xF0,0xE9,0xF0,0xE9,0xF0,0xE9,0xF0,0x08,
0xFF,0xF3,0x34,0x24,0x29,0x36,0x33,0xF0,0xEC,0x00,0x35,0x39,0x25,0x32,0x28,0x33,
0x00,0x29,0x39,0xFC,0x27,0x36,0x29,0x37,0x27,0x29,0x36,0xF0,0xEC,0x00,0x35,0x39,
0x29,0x36,0x33,0x00,0x37,0x29,0x36,0xFC,0x39,0x31,0x25,0x00,0x27,0x2D,0x29,0x32,
0x38,0x2D,0x37,0x38,0x25,0xFC,0x27,0x33,0x31,0x33,0x00,0x25,0x00,0x0D,0x2D,0x29,
0x30,0xF0,0xE9,0xFD,0x19,0x34,0x37,0xF0,0xEC,0x00,0x35,0x39,0x25,0x37,0x29,0xFC,
0x29,0x37,0x35,0x39,0x29,0x27,0x2D,0xF0,0xE9,0xF0,0xE9,0xF0,0xE9,0x00,0x19,0x39,
0x3A,0x2D,0xFC,0x28,0x2D,0x3E,0x29,0x36,0x00,0x35,0x39,0x29,0x00,0x39,0x31,0xFC,
0x0D,0x3D,0x26,0x29,0x36,0xF0,0x01,0x0F,0x30,0x2A,0x33,0x00,0x35,0x39,0x29,0xFD,
0x29,0x37,0x38,0x25,0x3A,0x25,0x00,0x32,0x33,0x00,0x35,0x39,0x25,0x36,0x38,0x33,
0xFC,0x28,0x25,0x00,0x0D,0x2D,0x29,0x30,0x00,0x37,0x39,0x31,0x2D,0x39,0xF0,0xE9,
0xFC,0x0E,0x2D,0x3E,0x29,0x31,0x00,0x35,0x39,0x29,0x00,0xF0,0x11,0x00,0x39,0x31,
0xFC,0x26,0x29,0x26,0x00,0x29,0x30,0x2A,0x33,0xF0,0xEC,0xFD,0x1D,0x29,0x36,0xF0,
0x10,0x00,0x35,0x39,0x29,0x00,0x29,0x30,0x29,0x00,0x37,0x29,0xFC,0x34,0x29,0x36,
0x28,0x29,0x39,0x00,0x32,0x33,0x00,0x27,0x25,0x31,0x2D,0x32,0x2C,0x33,0xFC,0x28,
0x29,0x00,0x27,0x25,0x37,0x25,0xF0,0xE9,0xF0,0xE9,0xF0,0xE9,0xF0,0x08,0xFF,0xF3,
0x34,0x1D,0x29,0x00,0x29,0x39,0x00,0x3A,0x2D,0x36,0x25,0x36,0x00,0x39,0x31,0x25,
0xFC,0x27,0x2D,0x29,0x32,0x38,0x2D,0x37,0x38,0x25,0x00,0x27,0x33,0x31,0x33,0x00,
0x25,0xFC,0x0D,0x2D,0x29,0x30,0xF0,0xEC,0x00,0x35,0x39,0x29,0x36,0x33,0x00,0x31,
0x39,0x2D,0x38,0x33,0xFC,0x29,0x37,0x38,0x39,0x28,0x25,0x36,0xFD,0x33,0x37,0x00,
0x0D,0x3D,0x26,0x29,0x36,0xF0,0x01,0x0F,0x30,0x2A,0x33,0x37,0xF0,0xE9,0xF0,0xE9,
0xF0,0xE9,0xFC,0x0D,0x2D,0x29,0x30,0x00,0xF0,0x11,0x00,0x38,0x33,0x00,0x2B,0x29,
0x32,0x38,0x2D,0x30,0xFC,0x29,0x00,0x38,0x33,0x00,0x2B,0x29,0x32,0x29,0x36,0x33,
0x37,0x25,0xFC,0x27,0x33,0x31,0x00,0x38,0x33,0x28,0x33,0x37,0xF0,0xE9,0x00,0x0F,
0x39,0xFD,0x25,0x27,0x2C,0x33,0x00,0x35,0x39,0x29,0x00,0x28,0x29,0x3A,0x29,0x36,
0x2D,0x25,0xFC,0x37,0x29,0x2B,0x39,0x2D,0x36,0x00,0x33,0x00,0x29,0x3C,0x29,0x31,
0x34,0x30,0x33,0xFC,0x28,0x29,0x30,0x25,0xF0,0xE9,0x00,0x0F,0x39,0x00,0x32,0x39,
0x32,0x27,0x25,0x00,0x37,0x29,0x32,0x38,0x2D,0xFC,0x25,0x00,0x26,0x33,0x32,0x28,
0x25,0x28,0x29,0x00,0x28,0x33,0x37,0xFD,0x33,0x39,0x38,0x36,0x33,0x37,0x00,0x29,
0x32,0x35,0x39,0x25,0x32,0x38,0x33,0x00,0x29,0x39,0xFC,0x31,0x33,0x36,0x25,0x3A,
0x25,0x00,0x30,0xF0,0x10,0x00,0x29,0x31,0xFC,0x18,0x29,0x33,0x00,0x0B,0x36,0x27,
0x25,0x28,0x2D,0x25,0xF0,0xE9,0xF0,0xE9,0xF0,0xE9,0xFF,0xF3,0x34,0x18,0xF0,0x13,
0x37,0x00,0x32,0x33,0x37,0x00,0x37,0x29,0x32,0x38,0x2D,0x31,0x33,0x37,0xFC,0x31,
0x25,0x2D,0x37,0x00,0x37,0x29,0x2B,0x39,0x36,0x33,0x37,0x00,0x27,0x33,0x31,0xFC,
0x39,0x31,0x00,0x1C,0x29,0x34,0x30,0x33,0x2D,0x28,0x00,0x27,0x33,0x31,0x33,0xFC,
0x3A,0x33,0x27,0x29,0xF0,0xEC,0x00,0x24,0x29,0x36,0x33,0xF0,0xE9,0xFF,0xF3,0x34,
0x24,0x29,0x36,0x33,0xF0,0xEC,0x00,0x34,0x33,0x36,0x00,0x2A,0x25,0x3A,0x33,0x36,
0xF0,0xE9,0xF0,0xE9,0xF0,0xE9,0xFC,0x1A,0x33,0x36,0x00,0x2A,0x25,0x3A,0x33,0x36,
0xFC,0x25,0x2E,0x39,0x28,0x29,0x00,0x25,0x00,0x0D,0x2D,0x29,0x30,0xF0,0xE9,0xFF,
0xF3,0x34,0x0F,0x39,0x00,0x31,0x29,0x00,0x34,0x29,0x36,0x2B,0x39,0x32,0x38,0x33,
0xFC,0x37,0x29,0x00,0x29,0x37,0x38,0x29,0x00,0x30,0x39,0x2B,0x25,0x36,0x00,0xF0,
0x11,0xFC,0x37,0x29,0x2B,0x39,0x36,0x33,0xF0,0xE9,0x00,0x1B,0x39,0x29,0x36,0x2D,
0x25,0x00,0x35,0x39,0x29,0xFC,0x3A,0x33,0x27,0x29,0x00,0x2A,0x2D,0x27,0x25,0x37,
0x37,0x29,0xFD,0x34,0x25,0x36,0x25,0x00,0x32,0x33,0x37,0xFC,0x25,0x2E,0x39,0x28,
0x25,0x36,0x00,0x37,0x29,0x00,0x29,0x37,0x38,0x29,0xFC,0x30,0x39,0x2B,0x25,0x36,
0x00,0x2A,0x33,0x37,0x37,0x29,0xFC,0x25,0x38,0x25,0x27,0x25,0x28,0x33,0xF0,0xE9,
0xF0,0xE9,0xF0,0xE9,0xFF,0xF3,0x34,0x0F,0x39,0x00,0x32,0x39,0x32,0x27,0x25,0x00,
0x38,0x2D,0x32,0x2C,0x25,0xFC,0x34,0x29,0x32,0x37,0x25,0x28,0x33,0x00,0x32,0x25,
0xFC,0x2D,0x31,0x34,0x33,0x36,0x38,0x32,0x27,0x2D,0x25,0x00,0x28,0x25,0xFC,0x32,
0x33,0x37,0x37,0x25,0x00,0x29,0x3C,0x2D,0x37,0x38,0x32,0x27,0x2D,0x25,0xF0,0xE9,
0xF0,0xE9,0xF0,0xE9,0xFD,0x17,0x25,0x37,0x00,0x38,0x39,0x28,0x33,0x00,0x31,0x39,
0x28,0x33,0x39,0xFC,0x35,0x39,0x25,0x32,0x28,0x33,0x00,0x29,0x39,0xFC,0x27,0x33,
0x32,0x2C,0x29,0x27,0x2D,0x00,0x25,0x00,0x0D,0x2D,0x29,0x30,0xF0,0xE9,0xFF,0xF3,
0x34,0x0D,0x2D,0x29,0x30,0x00,0x39,0x31,0x25,0x00,0x3A,0x29,0x3E,0x00,0x31,0x29,
0xFC,0x28,0x2D,0x37,0x37,0x29,0xF0,0xE9,0xF0,0xE9,0xF0,0xE9,0x00,0x35,0x39,0x29,
0x00,0x37,0x33,0x39,0xFC,0x27,0x33,0x31,0x33,0x00,0x39,0x31,0x00,0x27,0x33,0x26,
0x29,0x36,0x38,0x33,0x36,0xFC,0x28,0x29,0x00,0x37,0x29,0x2B,0x39,0x36,0x25,0x32,
0x27,0x25,0xF0,0xE9,0x00,0x1B,0x39,0x29,0xFD,0x29,0x30,0x25,0x00,0x2A,0x2D,0x27,
0x25,0xFC,0x38,0x36,0x25,0x32,0x35,0x39,0x2D,0x30,0x25,0x00,0x32,0x25,0x33,0xFC,
0x2D,0x31,0x34,0x33,0x36,0x38,0x25,0x00,0x33,0x00,0x35,0x39,0x29,0xF0,0xEC,0xFC,
0x37,0x29,0x00,0x29,0x39,0x00,0x29,0x37,0x38,0x2D,0x3A,0x29,0x36,0xFD,0x25,0x33,
0x00,0x37,0x29,0x39,0x00,0x30,0x25,0x28,0x33,0xF0,0xE9,0xF0,0xE9,0xF0,0xE9,0xFC,
0x1A,0x33,0x36,0x00,0x2D,0x37,0x37,0x33,0xF0,0xEC,0x00,0x28,0x29,0x27,0x2D,0x28,
0x2D,0xFC,0x2A,0x2D,0x27,0x25,0x36,0x00,0x27,0x33,0x31,0x00,0x25,0x00,0x0D,0x2D,
0x29,0x30,0xFC,0x34,0x25,0x36,0x25,0x00,0x37,0x29,0x31,0x34,0x36,0x29,0xF0,0xE9,
0xFF,0xF3,0x34,0x0F,0x37,0x38,0x29,0x00,0x26,0x33,0x32,0x29,0x27,0x33,0xFC,0x2A,
0x33,0x2D,0x00,0x25,0x00,0x0D,0x2D,0x29,0x30,0x00,0x35,0x39,0x29,0x31,0xFC,0x31,
0x29,0x00,0x28,0x29,0x39,0xF0,0xE9,0x00,0x0F,0x30,0x25,0xFC,0x31,0x29,0x37,0x31,
0x25,0x00,0x33,0x00,0x2A,0x29,0x3E,0xFD,0x34,0x25,0x36,0x25,0x00,0x31,0x2D,0x31,
0xF0,0xE9,0xFC,0x10,0x25,0x30,0x25,0x32,0x28,0x33,0x00,0x32,0x2D,0x37,0x37,0x33,
0xF0,0xEC,0x00,0x0D,0x2D,0x29,0x30,0xFC,0xF0,0x11,0x00,0x25,0x00,0xF0,0x14,0x32,
0x2D,0x27,0x25,0x00,0x2C,0x39,0x31,0x25,0x32,0x25,0xFC,0x29,0x31,0x00,0x38,0x33,
0x28,0x25,0x00,0x25,0x00,0x26,0x25,0x37,0x29,0xE5,0xFD,0x10,0x2D,0x27,0x33,0x39,
0x00,0x37,0x39,0x36,0x34,0x36,0x29,0x37,0x33,0xF0,0x08,0xFF,0xF3,0x34,0x24,0x29,
0x36,0x33,0xF0,0xEC,0x00,0x29,0x39,0x00,0x29,0x37,0x38,0x25,0x3A,0x25,0xFC,0x27,
0x33,0x31,0x00,0x31,0x29,0x28,0x33,0xF0,0xE9,0xF0,0xE9,0xF0,0xE9,0xE5,0xFC,0x0B,
0x00,0x0D,0x2D,0x29,0x30,0x00,0x32,0x25,0x33,0x00,0x37,0x29,0xFC,0x31,0x25,0x27,
0x2C,0x39,0x27,0x33,0x39,0xF0,0xEC,0x00,0x32,0xF0,0x11,0xF0,0x08,0xFF,0xF3,0x34,
0x24,0x29,0x36,0x33,0xF0,0xEC,0x00,0x33,0x00,0x35,0x39,0x29,0x00,0x3A,0x25,0x2D,
0xFC,0x25,0x27,0x33,0x32,0x38,0x29,0x27,0x29,0x36,0x00,0x27,0x33,0x31,0x00,0x25,
0xFC,0x32,0x33,0x37,0x37,0x25,0x00,0x26,0x25,0x37,0x29,0x00,0x25,0x2B,0x33,0x36,
0x25,0xF0,0x08,0xFC,0x0F,0x39,0x00,0x32,0x25,0x33,0x00,0x35,0x39,0x29,0x36,0x33,
0xFD,0x37,0x29,0x36,0x00,0x28,0x29,0x34,0x33,0x36,0x38,0x25,0x28,0x25,0x00,0x28,
0x29,0xFC,0x3A,0x33,0x30,0x38,0x25,0x00,0x34,0x25,0x36,0x25,0xFC,0x18,0x29,0x33,
0x00,0x0B,0x36,0x27,0x25,0x28,0x2D,0x25,0xF0,0xE9,0xFF,0xF3,0x34,0x18,0x25,0x33,
0x00,0x2A,0x39,0x2D,0x00,0x2A,0x29,0x2D,0x38,0x25,0xFC,0x34,0x25,0x36,0x25,0x00,
0x27,0x33,0x31,0x26,0x25,0x38,0x29,0x37,0xF0,0xEC,0xFC,0x34,0x33,0x36,0x00,0x2D,
0x37,0x37,0x33,0x00,0x32,0x25,0x33,0xFC,0x34,0x33,0x37,0x37,0x33,0x00,0x25,0x2E,
0x39,0x28,0xF0,0x10,0xF0,0x01,0x30,0x33,0xF0,0xE9,0xFD,0x17,0x25,0x37,0x00,0x30,
0x29,0x31,0x26,0x36,0x29,0xF0,0x01,0x37,0x29,0x00,0x35,0x39,0x29,0xFC,0x37,0x29,
0x31,0x34,0x36,0x29,0x00,0x29,0x37,0x38,0x25,0x36,0x29,0x2D,0xFC,0x36,0x29,0x3E,
0x25,0x32,0x28,0x33,0x00,0x34,0x33,0x36,0x00,0x3A,0x33,0x27,0x29,0xF0,0xE9,0xFF,
0xF3,0x34,0x24,0x29,0x36,0x33,0xF0,0xE9,0xF0,0xE9,0xF0,0xE9,0xFF,0xF3,0x34,0x24,
0x29,0x36,0x33,0xF0,0xEC,0x00,0x32,0x25,0x33,0x00,0x32,0x33,0x37,0xFC,0x28,0x29,
0x2D,0x3C,0x29,0xF0,0xE9,0xF0,0xE9,0xF0,0xE9,0x00,0x20,0x33,0x27,0x29,0xFC,0x3A,
0x25,0x2D,0x00,0x2A,0x2D,0x27,0x25,0x36,0x00,0x25,0x35,0x39,0x2D,0xFC,0x27,0x33,
0x31,0x00,0x25,0x00,0x2B,0x29,0x32,0x38,0x29,0xF0,0xEC,0x00,0x32,0x25,0x33,0x00,
0xF0,0x11,0xF0,0x08,0xFF,0xF3,0x34,0x24,0x29,0x36,0x33,0xF0,0xEC,0x00,0x28,0x2D,
0x3E,0x29,0x31,0x00,0x35,0x39,0x29,0xFC,0x39,0x31,0x00,0x2C,0x39,0x31,0x25,0x32,
0x33,0xFC,0x27,0x2C,0x33,0x36,0x25,0x36,0x2D,0x25,0x00,0x32,0x39,0x31,0xFC,0x31,
0x33,0x31,0x29,0x32,0x38,0x33,0xFD,0x27,0x33,0x31,0x33,0x00,0x29,0x37,0x37,0x29,
0xF0,0xE9,0xF0,0xE9,0xF0,0xE9,0xFF,0xF3,0x3D,0x12,0xF0,0x08,0x00,0x1B,0x39,0x29,
0x31,0x00,0xF0,0x11,0x00,0x3A,0x33,0x27,0x29,0xF0,0x08,0xFC,0x0B,0x2C,0xF0,0xEC,
0x00,0x38,0x25,0x32,0x38,0x33,0x00,0x2A,0x25,0x3E,0xF0,0xE9,0xFC,0x20,0x33,0x27,
0x29,0x00,0x34,0x33,0x28,0x29,0x36,0x2D,0x25,0xFC,0x31,0x29,0x00,0x2A,0x25,0x3E,
0x29,0x36,0xFD,0x39,0x31,0x00,0x2A,0x25,0x3A,0x33,0x36,0xF0,0x08,0x00,0x0F,0x37,
0x38,0x33,0x39,0xFC,0x27,0x33,0x31,0x00,0x2A,0x33,0x31,0x29,0x00,0x28,0x29,0x31,
0x25,0x2D,0x37,0xFC,0x34,0x25,0x36,0x25,0x00,0x31,0x29,0x00,0x31,0x33,0x3A,0x29,
0x36,0xF0,0xE9,0xFC,0x1A,0x33,0x28,0x29,0x36,0x2D,0x25,0x00,0x31,0x29,0x00,0x28,
0x25,0x36,0x00,0x39,0x32,0x37,0xFD,0x0F,0x32,0x29,0x36,0x2B,0x3D,0x00,0x0D,0x36,
0x3D,0x37,0x38,0x25,0x30,0x37,0xF0,0x08,0xFC,0x1D,0xF0,0x13,0x00,0x03,0x06,0x01,
0x00,0x27,0x36,0x2D,0x37,0x38,0x25,0x2D,0x37,0xFC,0x2E,0xF0,0x10,0x00,0x26,0x25,
0x37,0x38,0x25,0x31,0xF0,0xE9,0xFD,0xF6,0x05,0x20,0x25,0x2D,0x00,0x31,0x29,0xFC,
0x28,0x25,0x36,0x00,0x33,0x37,0x00,0x27,0x36,0x2D,0x37,0x38,0x25,0x2D,0x37,0xF0,
0x08,0xFC,0x00,0x00,0x0B,0x35,0x39,0x2D,0x00,0x29,0x37,0x38,0xF0,0x10,0xF0,0xE9,
0xFC,0x00,0x00,0x18,0x29,0x31,0x00,0x34,0x29,0x32,0x37,0x25,0x36,0xF0,0xE9,0xFD,
0xF0,0x16,0x00,0x37,0xF0,0x11,0x36,0x2D,0x33,0xF0,0x08,0xE5,0x00,0x0D,0x33,0x31,
0x33,0xFC,0x3A,0x33,0x27,0x29,0x00,0xF0,0x11,0x00,0x2B,0x29,0x32,0x38,0x2D,0x30,
0xE5,0xFE,0xF4,0x05,0x1E,0x39,0x28,0x33,0x00,0x26,0x29,0x31,0xF0,0xEC,0xFC,0x27,
0x33,0x31,0x33,0x00,0x35,0x39,0x29,0x2D,0x36,0x25,0xF0,0xE9,0xF0,0xE9,0xF0,0xE9,
0xFF,0xF3,0x3D,0x17,0x39,0x2D,0x38,0x33,0x00,0x33,0x26,0x36,0x2D,0x2B,0x25,0x28,
0x33,0xE5,0xFC,0x17,0x25,0x37,0x00,0x32,0x25,0x33,0x00,0x38,0x29,0x32,0x2C,0x33,
0xFC,0x32,0x25,0x28,0x25,0x00,0x34,0x25,0x36,0x25,0x00,0x38,0x29,0x00,0x28,0x25,
0x36,0xFC,0x29,0x31,0x00,0x38,0x36,0x33,0x27,0x25,0xF0,0xE9,0xFD,0x1D,0x2D,0x32,
0x38,0x33,0x00,0x31,0x39,0x2D,0x38,0x33,0xF0,0xE9,0xFF,0xF3,0x3D,0x0F,0x2D,0xF0,
0xEC,0x00,0x28,0xF0,0x10,0x00,0x39,0x31,0xFC,0x38,0x29,0x31,0x34,0x33,0xF0,0xE9,
0x00,0x20,0x33,0x27,0x29,0xFC,0x36,0x29,0x25,0x30,0x31,0x29,0x32,0x38,0x29,0x00,
0x25,0x27,0x2C,0x25,0xFC,0x35,0x39,0x29,0x00,0x29,0x39,0x00,0x34,0x33,0x37,0x37,
0x33,0x00,0x31,0x29,0xFD,0x36,0x29,0x27,0x39,0x34,0x29,0x36,0x25,0x36,0x00,0x27,
0x33,0x31,0xFC,0x38,0x33,0x00,0x34,0x33,0x39,0x27,0x33,0x37,0x00,0x29,0xFC,0x31,
0x2D,0x37,0x29,0x36,0xF0,0x10,0x3A,0x29,0x2D,0x37,0xFC,0x27,0x36,0x2D,0x37,0x38,
0x25,0x2D,0x37,0xF0,0xE9,0xF0,0xE9,0xF0,0xE9,0xF0,0x08,0xFF,0xF3,0x3C,0x20,0x25,
0x30,0x29,0x39,0x00,0x34,0x29,0x30,0x33,0x37,0xFC,0x27,0x36,0x2D,0x37,0x38,0x25,
0x2D,0x37,0xF0,0xE9,0x00,0x20,0x2D,0x39,0x00,0x37,0xF0,0x13,0xF0,0x08,0xFC,0x0F,
0x37,0x38,0x33,0x39,0x00,0x28,0x29,0x00,0x3A,0x33,0x30,0x38,0x25,0xFC,0x00,0x31,
0x2D,0x32,0x2C,0x25,0x00,0x31,0x29,0x30,0x2C,0x33,0x36,0xFD,0x2A,0x33,0x36,0x31,
0x25,0xE5,0x00,0x12,0x33,0x36,0x25,0x00,0x28,0x33,0xFC,0x38,0x36,0x25,0x26,0x25,
0x30,0x2C,0x33,0xE5,0xFF,0xF3,0x3D,0x12,0xF0,0x08,0x00,0x19,0x00,0x35,0x39,0x29,
0xFC,0x2A,0x33,0x2D,0x00,0x25,0x2B,0x33,0x36,0x25,0xF0,0x08,0xFD,0x20,0x33,0x27,
0x29,0x00,0x34,0x29,0x36,0x27,0x29,0x26,0x29,0x39,0x00,0x33,0xFC,0x37,0x29,0x39,
0x00,0x29,0x36,0x36,0x33,0x00,0x29,0xFD,0xF6,0x06,0x28,0x29,0x27,0x2D,0x28,0x2D,
0x39,0x00,0x31,0x29,0x00,0x28,0x25,0x36,0xFC,0x0F,0x32,0x29,0x36,0x2B,0x3D,0x00,
0x0D,0x36,0x3D,0x37,0x38,0x25,0x30,0x37,0xF0,0x08,0xFC,0x00,0x00,0x1D,0x2D,0x31,
0xF0,0xEC,0x00,0x38,0x39,0x28,0x33,0x00,0x26,0x29,0x31,0xF0,0xE9,0xFC,0x00,0x00,
0x0D,0x30,0x25,0x36,0x33,0x00,0x35,0x39,0x29,0x00,0x32,0x25,0x33,0xF0,0xE9,0xFD,
0x1D,0xF0,0x11,0x36,0x2D,0x33,0xF0,0x08,0xFE,0xF4,0x06,0x19,0x2C,0xF0,0xEC,0x00,
0x38,0x39,0x28,0x33,0x00,0x26,0x29,0x31,0xF0,0xE9,0xF0,0xE9,0xF0,0xE9,0xFF,0xF3,
0x3D,0x17,0x39,0x2D,0x38,0x33,0x00,0x33,0x26,0x36,0x2D,0x2B,0x25,0x28,0x33,0xE5,
0xFC,0x17,0x25,0x37,0x00,0x32,0x25,0x33,0x00,0x38,0x29,0x32,0x2C,0x33,0xFC,0x32,
0x25,0x28,0x25,0x00,0x34,0x25,0x36,0x25,0x00,0x38,0x29,0x00,0x28,0x25,0x36,0xFC,
0x29,0x31,0x00,0x38,0x36,0x33,0x27,0x25,0xF0,0xE9,0xFD,0x1D,0x2D,0x32,0x38,0x33,
0x00,0x31,0x39,0x2D,0x38,0x33,0xF0,0xE9,0xFF,0xF3,0x3D,0x0F,0x2D,0xF0,0xEC,0x00,
0x2D,0x37,0x37,0x33,0x00,0x32,0x25,0x33,0x00,0xF0,0x11,0xFC,0x33,0x00,0x26,0x25,
0x37,0x38,0x25,0x32,0x38,0x29,0xF0,0xE9,0xFC,0x19,0x00,0x35,0x39,0x29,0x00,0x29,
0x37,0x38,0xF0,0x10,0xFC,0x38,0x29,0x32,0x38,0x25,0x32,0x28,0x33,0x00,0x2A,0x25,
0x3E,0x29,0x36,0xF0,0x08,0xFF,0xF3,0x3C,0x0F,0x39,0x00,0x37,0x29,0x2D,0x00,0x35,
0x39,0x29,0x00,0x31,0x29,0xFC,0x27,0x2C,0x25,0x31,0x25,0x31,0x00,0x28,0x29,0x00,
0xF0,0xED,0x0C,0x25,0x2B,0x25,0x2B,0x29,0x31,0xFC,0x1A,0x29,0x37,0x25,0x28,0x25,
0xF0,0xED,0x00,0x34,0x29,0x30,0x25,0x37,0xFC,0x31,0x2D,0x32,0x2C,0x25,0x37,0x00,
0x27,0x33,0x37,0x38,0x25,0x37,0xF0,0xE9,0xFD,0x17,0x25,0x37,0x00,0x29,0x39,0x00,
0x32,0x25,0x33,0x00,0x34,0x29,0x28,0x2D,0xFC,0x34,0x25,0x36,0x25,0x00,0x37,0x29,
0x36,0x00,0x27,0x36,0x2D,0x25,0x28,0x33,0xFC,0x25,0x37,0x37,0x2D,0x31,0xF0,0xE9,
0xFF,0xF3,0x3C,0x1D,0x33,0x31,0x33,0x37,0x00,0x1C,0x29,0x34,0x30,0x33,0x2D,0x28,
0x37,0xF0,0xE9,0xFC,0x18,0x25,0x33,0x00,0x34,0x33,0x28,0x29,0x31,0x33,0x37,0x00,
0x2A,0x25,0x3E,0x29,0x36,0xFC,0x28,0x2D,0x29,0x38,0x25,0xF0,0xEC,0x00,0x37,0x25,
0x26,0x2D,0x25,0xF0,0x08,0xFF,0xF3,0x3C,0x0F,0x37,0x38,0x25,0x31,0x33,0x37,0x00,
0x27,0x33,0x31,0xFC,0x37,0xF0,0x11,0x36,0x2D,0x33,0x37,0x00,0x34,0x36,0x33,0x26,
0x30,0x29,0x31,0x25,0x37,0xE5,0xFC,0x0F,0x39,0x00,0x25,0x3A,0x2D,0x37,0x29,0x2D,
0x00,0x35,0x39,0x29,0x00,0x29,0x36,0x25,0xFC,0x2D,0x31,0x34,0x36,0x39,0x28,0x29,
0x32,0x38,0x29,0xFD,0x30,0x39,0x38,0x25,0x36,0x31,0x33,0x37,0x00,0x34,0x33,0x36,
0x00,0x27,0x33,0x32,0x38,0x25,0xFC,0x34,0x36,0xF0,0x13,0x34,0x36,0x2D,0x25,0xF0,
0xE9,0xFC,0x0B,0x00,0x27,0x39,0x30,0x34,0x25,0x00,0x32,0x25,0x33,0xFC,0xF0,0x11,
0x00,0x31,0x2D,0x32,0x2C,0x25,0xE5,0xFF,0xF3,0x3C,0x0B,0x36,0x36,0x36,0x2B,0x2C,
0x2C,0x2C,0x2C,0xE5,0x00,0x19,0x00,0x35,0x39,0x29,0xFC,0x28,0x29,0x3A,0x33,0x00,
0x2A,0x25,0x3E,0x29,0x36,0xF0,0x08,0x00,0x19,0x00,0x35,0x39,0x29,0xFC,0x28,0x29,
0x3A,0x33,0x00,0x2A,0x25,0x3E,0x29,0x36,0xF0,0x08,0xFF,0xF3,0x3C,0x20,0x29,0x36,
0x00,0x3A,0x33,0x27,0x29,0xFC,0x30,0x39,0x38,0x25,0x32,0x28,0x33,0x00,0x31,0x29,
0x00,0x2A,0x29,0x3E,0xFC,0x34,0x29,0x36,0x27,0x29,0x26,0x29,0x36,0x00,0x35,0x39,
0x29,0x00,0x33,0xFC,0x31,0x25,0x2D,0x37,0x00,0x2D,0x31,0x34,0x33,0x36,0x38,0x25,
0x32,0x38,0x29,0xFD,0xF0,0x11,0x00,0x32,0x39,0x32,0x27,0x25,0x00,0x34,0x29,0x36,
0x28,0x29,0x36,0xFC,0x25,0x37,0x00,0x29,0x37,0x34,0x29,0x36,0x25,0x32,0x27,0x25,
0x37,0xE5,0xFF,0xF3,0x3C,0x18,0x25,0x33,0x00,0x3A,0x33,0x39,0xFC,0x28,0x29,0x37,
0x2D,0x37,0x38,0x2D,0x36,0x00,0x25,0x38,0x29,0x00,0x33,0xFC,0x28,0x2D,0x25,0x00,
0x29,0x31,0x00,0x35,0x39,0x29,0x00,0x25,0x00,0x0D,0x2D,0x29,0x30,0xFC,0x34,0x33,
0x37,0x37,0x25,0x00,0x37,0x33,0x36,0x36,0x2D,0x36,0x00,0x29,0x00,0x36,0x2D,0x36,
0xFD,0x28,0x33,0x00,0x2A,0x39,0x32,0x28,0x33,0x00,0x28,0x33,0x00,0x37,0x29,0x39,
0xFC,0x27,0x33,0x36,0x25,0x27,0x25,0x33,0xF0,0xE9,0xFF,0xF3,0x3C,0x0F,0x39,0x00,
0x2A,0x2D,0x27,0x33,0x00,0x38,0x33,0x00,0x2A,0x29,0x30,0x2D,0x3E,0xFC,0x28,0x29,
0x00,0x38,0x29,0x36,0x00,0x38,0x29,0xFC,0x27,0x33,0x32,0x2C,0x29,0x27,0x2D,0x28,
0x33,0xE5,0xFC,0x0B,0x2D,0x32,0x28,0x25,0x00,0x35,0x39,0x29,0x00,0x29,0x39,0x00,
0x32,0x25,0x33,0xFD,0x37,0x25,0x2D,0x26,0x25,0x00,0x37,0x29,0x00,0x3A,0x33,0x27,
0x29,0xFC,0x37,0x29,0x32,0x38,0x29,0x00,0x33,0x00,0x31,0x29,0x37,0x31,0x33,0xFC,
0x34,0x33,0x36,0x00,0x31,0x2D,0x31,0xF0,0xE9,0xFD,0x12,0x31,0x31,0xF0,0xEC,0x00,
0x32,0x29,0x31,0x00,0x37,0x29,0x2D,0x00,0x33,0xFC,0x35,0x39,0x29,0x00,0x29,0x37,
0x38,0x33,0x39,0x00,0x28,0x2D,0x3E,0x29,0x32,0x28,0x33,0xF0,0xE9,0xF0,0xE9,0xF0,
0xE9,0xFF,0xF3,0x3C,0x19,0x00,0x35,0x39,0x29,0x00,0x29,0x39,0x00,0x35,0x39,0x2D,
0x37,0xFC,0x28,0x2D,0x3E,0x29,0x36,0x00,0x2A,0x33,0x2D,0xF0,0xE9,0xF0,0xE9,0xF0,
0xE9,0xFC,0x1D,0x2D,0x31,0x34,0x30,0x29,0x37,0x31,0x29,0x32,0x38,0x29,0xF0,0xE9,
0xF0,0xE9,0xF0,0xE9,0xFC,0x1D,0x29,0x2E,0x25,0x00,0x37,0x29,0x31,0x34,0x36,0x29,
0xFD,0x33,0x00,0x31,0x29,0x39,0x00,0x25,0x31,0x2D,0x2B,0x33,0xF0,0xE9,0xF0,0xE9,
0xF0,0xE9,0xFF,0xF3,0x2F,0x0B,0x00,0x0D,0x2D,0x29,0x30,0x00,0x31,0x29,0x00,0x34,
0x29,0x28,0x2D,0x39,0xFC,0x34,0x25,0x36,0x25,0x00,0x3A,0x2D,0x2B,0x2D,0x25,0x36,
0x00,0x33,0xFC,0x31,0x33,0x31,0x29,0x32,0x38,0x33,0x00,0x29,0x31,0x00,0x35,0x39,
0x29,0xFC,0x33,0x00,0x38,0x36,0x29,0x31,0x00,0x28,0x29,0x00,0x38,0x36,0x25,0x32,
0x37,0x34,0x33,0x36,0x38,0x29,0xFD,0x2D,0x32,0x2D,0x31,0x2D,0x2B,0x33,0x00,0x27,
0x2C,0x29,0x2B,0x25,0x36,0xF0,0xE9,0xFC,0x0F,0x39,0x00,0x38,0x29,0x00,0x25,0x3A,
0x2D,0x37,0x25,0x36,0x29,0x2D,0xFC,0x37,0x29,0x00,0x39,0x31,0x00,0x38,0x36,0x29,
0x31,0x00,0x27,0x2C,0x29,0x2B,0x25,0x36,0xF0,0xEC,0xFC,0x29,0x32,0x38,0x25,0x33,
0x00,0x34,0x33,0x28,0x29,0x00,0x28,0x29,0x2D,0x3C,0x25,0x36,0xFD,0x2D,0x37,0x37,
0x33,0x00,0x27,0x33,0x31,0x2D,0x2B,0x33,0xF0,0xE9,0xFF,0xF3,0x2C,0x19,0x00,0x38,
0x36,0x29,0x31,0x00,0x28,0x29,0xFC,0x38,0x36,0x25,0x32,0x37,0x34,0x33,0x36,0x38,
0x29,0x00,0x25,0x27,0x25,0x26,0x25,0xFC,0x28,0x29,0x00,0x27,0x2C,0x29,0x2B,0x25,
0x36,0xE5,0x00,0x0D,0x2C,0x29,0x2B,0x33,0x39,0xFC,0x25,0x00,0x2C,0x33,0x36,0x25,
0x00,0x28,0x29,0x00,0x25,0x38,0x25,0x27,0x25,0x36,0xE5,0xFF,0xF3,0x2C,0x1E,0x33,
0x28,0x33,0x37,0x00,0x37,0x29,0xFC,0x25,0x34,0x36,0x29,0x37,0x37,0x25,0x36,0x25,
0x31,0x00,0x29,0xFC,0x29,0x32,0x38,0x36,0x25,0x36,0x25,0x31,0x00,0x32,0x25,0x00,
0x26,0x25,0x37,0x29,0xFC,0x2D,0x32,0x2D,0x31,0x2D,0x2B,0x25,0xF0,0xEC,0x00,0x31,
0x25,0x37,0x00,0x32,0x2D,0x32,0x2B,0x39,0xF0,0x11,0x31,0xFD,0x3A,0x33,0x30,0x38,
0x33,0x39,0xF0,0xE9,0xF0,0xE9,0xF0,0xE9,0xFC,0x0F,0x37,0x38,0x33,0x39,0x00,0x31,
0x39,0x2D,0x38,0x33,0xFC,0x34,0x36,0x29,0x33,0x27,0x39,0x34,0x25,0x28,0x33,0x00,
0x27,0x33,0x31,0x00,0x33,0xFC,0x35,0x39,0x29,0x00,0x34,0x33,0x37,0x37,0x25,0x00,
0x38,0x29,0x36,0xFD,0x25,0x27,0x33,0x32,0x38,0x29,0x27,0x2D,0x28,0x33,0x00,0x27,
0x33,0x31,0x00,0x29,0x30,0x29,0x37,0xF0,0xE9,0xF0,0xE9,0xF0,0xE9,0xFF,0xF3,0x2D,
0x20,0x33,0x27,0x29,0x00,0xF0,0x11,0x00,0x35,0x39,0x29,0x31,0xFC,0x27,0x2C,0x25,
0x31,0x25,0x31,0x00,0x28,0x29,0x00,0x24,0x29,0x36,0x33,0xF0,0x08,0xFC,0x0B,0x00,
0x0D,0x2D,0x29,0x30,0x00,0x38,0x29,0x31,0x00,0x34,0x36,0x33,0x27,0x39,0x36,0x25,
0x28,0x33,0xFC,0x34,0x33,0x36,0x00,0x3A,0x33,0x27,0x29,0xF0,0xE9,0xFD,0x1A,0x33,
0x36,0x00,0x2A,0x25,0x3A,0x33,0x36,0xF0,0xEC,0xFC,0x32,0x33,0x37,0x00,0x25,0x2E,
0x39,0x28,0x29,0xF0,0xEC,0x00,0x24,0x29,0x36,0x33,0xE5,0xFF,0xF3,0x2D,0x20,0x2D,
0x31,0x00,0x34,0x25,0x36,0x25,0xFC,0x2D,0x32,0x3A,0x29,0x37,0x38,0x2D,0x2B,0x25,
0x36,0x00,0x25,0x00,0x2A,0xF0,0x10,0x26,0x36,0x2D,0x27,0x25,0xFC,0x30,0xF0,0x10,
0x00,0x28,0x29,0x00,0x27,0x2D,0x31,0x25,0xF0,0xEC,0x00,0x31,0x25,0x37,0xFC,0x29,
0x30,0x25,0x00,0x29,0x37,0x38,0xF0,0x10,0x00,0x31,0x39,0x2D,0x38,0x33,0xFD,0x26,
0x29,0x31,0x00,0x3A,0x2D,0x2B,0x2D,0x25,0x28,0x25,0xF0,0xE9,0x00,0x0F,0x39,0xFC,
0x38,0x29,0x31,0x33,0x00,0x35,0x39,0x29,0x00,0x29,0x39,0x00,0x32,0x25,0x33,0xFC,
0x29,0x37,0x38,0x29,0x2E,0x25,0x00,0x00,0x25,0x30,0x38,0x39,0x36,0x25,0xFC,0x28,
0x29,0x37,0x37,0x25,0x00,0x31,0x2D,0x37,0x37,0x33,0xF0,0xE9,0xF0,0xE9,0xF0,0xE9,
0xFF,0xF3,0x2D,0x17,0x29,0x00,0x34,0x29,0x36,0x2B,0x39,0x32,0x38,0x33,0x00,0x33,
0x00,0x35,0x39,0x29,0xFC,0x2C,0x33,0x39,0x3A,0x29,0x00,0x27,0x33,0x31,0x00,0x32,
0x33,0x37,0x37,0x33,0x37,0xFC,0x27,0x25,0x31,0x25,0x36,0x25,0x28,0x25,0x37,0x00,
0x35,0x39,0x29,0xFC,0x25,0x38,0x25,0x27,0x25,0x36,0x25,0x31,0x00,0x25,0x00,0x26,
0x25,0x37,0x29,0xF0,0xE9,0xFD,0x0F,0x37,0x38,0x33,0x39,0x00,0x38,0x33,0xFC,0x34,
0x36,0x29,0x33,0x27,0x39,0x34,0x25,0x28,0x33,0xF0,0xE9,0xF0,0xE9,0xF0,0xE9,0xFF,
0xF3,0x2D,0x0E,0x29,0x37,0x27,0x39,0x30,0x34,0x29,0x00,0x34,0x33,0x36,0xFC,0x38,
0x29,0x00,0x2A,0x25,0x3E,0x29,0x36,0x00,0x34,0x25,0x37,0x37,0x25,0x36,0xFC,0x34,
0x33,0x36,0x00,0x2D,0x37,0x37,0x33,0xF0,0xE9,0xF0,0xE9,0xF0,0xE9,0xFD,0x0F,0x32,
0x38,0x36,0x25,0x36,0x29,0x31,0x33,0x37,0x00,0x25,0x37,0x37,0x2D,0x31,0xFC,0x35,
0x39,0x29,0x00,0x38,0x2D,0x3A,0x29,0x36,0x31,0x33,0x37,0xFC,0x39,0x31,0x25,0x00,
0x26,0x33,0x25,0xFC,0x33,0x34,0x33,0x36,0x38,0x39,0x32,0x2D,0x28,0x25,0x28,0x29,
0xE5,0xE5,0xFD,0x20,0x33,0x27,0x29,0x00,0x32,0x25,0x33,0x00,0x38,0x29,0x31,0xFC,
0x27,0x33,0x31,0x00,0x33,0x00,0x35,0x39,0x29,0xFC,0x37,0x29,0x00,0x34,0x36,0x29,
0x33,0x27,0x39,0x34,0x25,0x36,0xF0,0xE9,0xFC,0x0B,0x34,0x29,0x32,0x25,0x37,0x00,
0x27,0x33,0x32,0x2A,0x2D,0x29,0xFD,0x32,0x25,0x00,0x2B,0x29,0x32,0x38,0x29,0x00,
0x29,0x00,0x37,0x29,0xFC,0x27,0x33,0x32,0x27,0x29,0x32,0x38,0x36,0x29,0x00,0x32,
0x25,0xFC,0x37,0x39,0x25,0x00,0x31,0x2D,0x37,0x37,0x33,0xF0,0xE9,0xFF,0xF3,0x2C,
0x0F,0x39,0x00,0x34,0x30,0x25,0x32,0x29,0x2E,0x25,0x3A,0x25,0xFC,0x29,0x32,0x38,
0x36,0x25,0x36,0x00,0x32,0x25,0x00,0x2A,0xF0,0x10,0x26,0x36,0x2D,0x27,0x25,0xF0,
0xEC,0xFC,0x31,0x25,0x37,0x00,0x29,0x30,0x25,0x00,0x29,0x37,0x38,0xF0,0x10,0xFD,
0x37,0x29,0x32,0x28,0x33,0x00,0x3A,0x2D,0x2B,0x2D,0x25,0x28,0x25,0xFC,0x28,0x29,
0x31,0x25,0x2D,0x37,0xF0,0xE9,0xF0,0xE9,0xF0,0xE9,0xFF,0x0D,0x13,0x0F,0x16,0xF0,
0x04,0x0B,0x2D,0x32,0x28,0x25,0x00,0x32,0x25,0x33,0xFC,0x0D,0x13,0x0F,0x16,0xF0,
0x04,0x28,0x29,0x27,0x2D,0x2A,0x36,0x29,0x2D,0x00,0x25,0xFC,0x0D,0x13,0x0F,0x16,
0xF0,0x04,0x37,0x29,0x32,0x2C,0x25,0xF0,0xE9,0xF0,0xE9,0xF0,0xE9,0xFD,0x0D,0x13,
0x0F,0x16,0xF0,0x04,0x18,0x25,0x33,0x00,0x34,0x33,0x28,0x29,0x31,0x33,0x37,0xFC,
0x0D,0x13,0x0F,0x16,0xF0,0x04,0x25,0x26,0x36,0x2D,0x36,0x00,0x25,0x00,0x34,0x33,
0x36,0x38,0x25,0xFC,0x0D,0x13,0x0F,0x16,0xF0,0x04,0x34,0x33,0x36,0x00,0x25,0x2B,
0x33,0x36,0x25,0xF0,0xE9,0xFF,0xF3,0x2F,0x0F,0x37,0x38,0x33,0x39,0x00,0x34,0x36,
0x29,0x33,0x27,0x39,0x34,0x25,0x28,0x33,0xFC,0x27,0x33,0x31,0x00,0x33,0x00,0x37,
0x33,0x30,0x28,0x25,0x28,0x33,0xFC,0x34,0x29,0x36,0x28,0x2D,0x28,0x33,0xF0,0xE9,
0xFD,0x11,0x33,0x37,0x38,0x25,0x36,0x2D,0x25,0x00,0x28,0x29,0xFC,0x34,0x36,0x33,
0x27,0x39,0x36,0xF0,0x10,0xF0,0x01,0x30,0x33,0xF0,0xEC,0xFC,0x31,0x25,0x37,0x00,
0x33,0x00,0x28,0x29,0x37,0x29,0x36,0x38,0x33,0xFC,0x29,0x37,0x38,0xF0,0x10,0x00,
0x36,0x29,0x34,0x30,0x29,0x38,0x33,0x00,0x28,0x29,0xFD,0x2D,0x32,0x2D,0x31,0x2D,
0x2B,0x33,0x37,0xF0,0xE9,0xF0,0xE9,0xF0,0xE9,0xFC,0x0C,0x33,0x25,0x00,0x37,0x33,
0x36,0x38,0x29,0xF0,0xEC,0xFC,0x24,0x29,0x36,0x33,0xF0,0xE9,0xFF,0xF3,0x2E,0x13,
0x32,0x27,0x36,0xF0,0x12,0x3A,0x29,0x30,0xE5,0x00,0x19,0x00,0x24,0x29,0x36,0x33,
0xFC,0x27,0x33,0x32,0x37,0x29,0x2B,0x39,0x2D,0x39,0x00,0x36,0x29,0x37,0x2B,0x25,
0x38,0x25,0x36,0xFC,0x33,0x00,0x37,0x33,0x26,0x36,0x29,0x3A,0x2D,0x3A,0x29,0x32,
0x38,0x29,0xE5,0xFD,0x20,0x25,0x31,0x33,0x37,0x00,0x3A,0x33,0x30,0x38,0x25,0x36,
0xFC,0x34,0x25,0x36,0x25,0x00,0x25,0x00,0x26,0x25,0x37,0x29,0xE5,0xFF,0xF3,0x2C,
0x0F,0x37,0x38,0x33,0x39,0x00,0x28,0x29,0x00,0x3A,0x2D,0x2B,0x2D,0x25,0xFC,0x27,
0x25,0x37,0x33,0x00,0x2C,0x25,0x2E,0x25,0x00,0x39,0x31,0xFC,0x25,0x38,0x25,0x35,
0x39,0x29,0x00,0x2D,0x32,0x2D,0x31,0x2D,0x2B,0x33,0xF0,0xE9,0xFD,0x0B,0x38,0xF0,
0x11,0x00,0x33,0x00,0x31,0x33,0x31,0x29,0x32,0x38,0x33,0xF0,0xEC,0xFC,0x32,0x25,
0x33,0x00,0x2C,0xF0,0x10,0x00,0x32,0x25,0x28,0x25,0xFC,0x28,0x29,0x00,0x2D,0x32,
0x27,0x33,0x31,0x39,0x31,0xF0,0xE9,0xFF,0xF3,0x2C,0x1C,0x29,0x27,0x29,0x26,0x29,
0x31,0x33,0x37,0xFC,0x2D,0x32,0x2A,0x33,0x36,0x31,0x25,0x27,0x29,0x37,0x00,0x35,
0x39,0x29,0x00,0x2C,0xF0,0x10,0xFC,0x2D,0x32,0x2D,0x31,0x2D,0x2B,0x33,0x37,0x00,
0x34,0x33,0x36,0xFC,0x25,0x35,0x39,0x2D,0xF0,0xE9,0xF0,0xE9,0xF0,0xE9,0xFD,0x0F,
0x39,0x00,0x31,0x29,0x00,0x34,0x29,0x36,0x2B,0x39,0x32,0x38,0x33,0xFC,0x37,0x29,
0x00,0x2C,0x25,0x3A,0x29,0x36,0xF0,0x10,0x00,0x25,0x30,0x2B,0x39,0x31,0x25,0xFC,
0x34,0x25,0x37,0x37,0x25,0x2B,0x29,0x31,0x00,0x37,0x29,0x27,0x36,0x29,0x38,0x25,
0xFC,0x29,0x31,0x00,0x25,0x30,0x2B,0x39,0x31,0x00,0x30,0x39,0x2B,0x25,0x36,0xF0,
0xE9,0xF0,0xE9,0xF0,0xE9,0xFF,0xF3,0x2F,0x1C,0x29,0x27,0x29,0x26,0x29,0x31,0x33,
0x37,0x00,0x39,0x31,0xFC,0x36,0x29,0x30,0x25,0x38,0x33,0x00,0x28,0x29,0x00,0x35,
0x39,0x29,0x00,0x2C,0xF0,0x10,0xFC,0x25,0x38,0x2D,0x3A,0x2D,0x28,0x25,0x28,0x29,
0x37,0x00,0x2D,0x32,0x2D,0x31,0x2D,0x2B,0x25,0x37,0xFC,0x25,0x27,0x33,0x32,0x38,
0x29,0x27,0x29,0x32,0x28,0x33,0xFD,0x29,0x31,0x00,0x25,0x30,0x2B,0x39,0x31,0x00,
0x30,0x39,0x2B,0x25,0x36,0xFC,0x34,0x29,0x36,0x38,0x33,0x00,0x28,0x25,0x35,0x39,
0x2D,0xF0,0xE9,0xFD,0x1E,0x33,0x31,0x29,0x00,0x26,0x25,0x37,0x38,0x25,0x32,0x38,
0x29,0xFC,0x27,0x39,0x2D,0x28,0x25,0x28,0x33,0xF0,0xE9,0xF0,0xE9,0xF0,0xE9,0xFF,
0x0D,0x13,0x0F,0x16,0xF0,0x04,0xF0,0xE9,0xF0,0xE9,0xF0,0xE9,0xE5,0x00,0x0B,0x00,
0x37,0x29,0x32,0x2C,0x25,0xFD,0x0D,0x13,0x0F,0x16,0xF0,0x04,0x34,0x25,0x36,0x29,
0x27,0x29,0x00,0x38,0x29,0x36,0x00,0x37,0x2D,0x28,0x33,0xFD,0x0D,0x13,0x0F,0x16,
0xF0,0x04,0x25,0x30,0x38,0x29,0x36,0x25,0x28,0x25,0xF0,0xE9,0xF0,0xE9,0xF0,0xE9,
0xFD,0x0D,0x13,0x0F,0x16,0xF0,0x04,0xF0,0xE9,0xF0,0xE9,0xF0,0xE9,0x18,0x25,0x33,
0x00,0x34,0x33,0x28,0x29,0x36,0x29,0x31,0x33,0x37,0xFD,0x0D,0x13,0x0F,0x16,0xF0,
0x04,0x25,0x26,0x36,0x2D,0x36,0x00,0x25,0x00,0x34,0x33,0x36,0x38,0x25,0xFD,0x0D,
0x13,0x0F,0x16,0xF0,0x04,0x25,0x38,0xF0,0x11,0x00,0x27,0x33,0x32,0x37,0x29,0x2B,
0x39,0x2D,0x36,0x31,0x33,0x37,0xFD,0x0D,0x13,0x0F,0x16,0xF0,0x04,0x25,0x00,0x32,
0x33,0x3A,0x25,0x00,0x37,0x29,0x32,0x2C,0x25,0xF0,0xE9,0xFD,0x0D,0x13,0x0F,0x16,
0xF0,0x04,0x17,0x29,0x00,0x28,0x00,0x39,0x31,0x00,0x34,0x33,0x39,0x27,0x33,0xFD,
0x0D,0x13,0x0F,0x16,0xF0,0x04,0x31,0x25,0x2D,0x37,0x00,0x28,0x29,0x00,0x38,0x29,
0x31,0x34,0x33,0xF0,0xE9,0xF0,0xE9,0xF0,0xE9,0xFF,0x0D,0x13,0x0F,0x16,0xF0,0x04,
0x18,0x25,0x33,0x00,0x34,0x33,0x28,0x29,0x31,0x33,0x37,0xFD,0x0D,0x13,0x0F,0x16,
0xF0,0x04,0x28,0x29,0x37,0x25,0x38,0x2D,0x3A,0x25,0x36,0x00,0x29,0x37,0x38,0x29,
0xFD,0x0D,0x13,0x0F,0x16,0xF0,0x04,0x37,0x2D,0x37,0x38,0x29,0x31,0x25,0x00,0x28,
0x29,0x00,0x37,0x29,0x2B,0x39,0x36,0x25,0x32,0x27,0x25,0xFD,0x0D,0x13,0x0F,0x16,
0xF0,0x04,0x34,0x33,0x36,0x00,0x2C,0x33,0x36,0x25,0xF0,0xE9,0xFF,0x0D,0x13,0x0F,
0x16,0xF0,0x04,0x1A,0x25,0x36,0x29,0x27,0x29,0x00,0x35,0x39,0x29,0xFD,0x0D,0x13,
0x0F,0x16,0xF0,0x04,0x2D,0x32,0x37,0x38,0x25,0x30,0x25,0x36,0x25,0x31,0x00,0x39,
0x31,0x00,0x32,0x33,0x3A,0x33,0xFD,0x0D,0x13,0x0F,0x16,0xF0,0x04,0x37,0x2D,0x37,
0x38,0x29,0x31,0x25,0x00,0x28,0x29,0x00,0x37,0x29,0x2B,0x39,0x36,0x25,0x32,0x27,
0x25,0xF0,0xE9,0xF0,0xE9,0xF0,0xE9,0xFD,0x0D,0x13,0x0F,0x16,0xF0,0x04,0x16,0x29,
0x3A,0x25,0x36,0xF0,0x10,0x00,0x39,0x31,0x00,0x38,0x29,0x31,0x34,0x33,0xFD,0x0D,
0x13,0x0F,0x16,0xF0,0x04,0x25,0x38,0xF0,0x11,0x00,0x35,0x39,0x29,0x00,0x29,0x39,
0x00,0x34,0x33,0x37,0x37,0x25,0xFD,0x0D,0x13,0x0F,0x16,0xF0,0x04,0x28,0x29,0x37,
0x25,0x38,0x2D,0x3A,0xF0,0x10,0xF0,0x01,0x30,0x33,0xF0,0xE9,0xF0,0xE9,0xF0,0xE9,
0xFF,0xF3,0x2C,0x0F,0x32,0x38,0x25,0x33,0x00,0x2A,0x33,0x2D,0x00,0x3A,0x33,0x27,
0x29,0xFC,0x35,0x39,0x29,0x31,0x00,0x37,0x25,0x30,0x3A,0x33,0x39,0x00,0x25,0xFC,
0x0E,0x36,0x25,0xF0,0xE9,0x00,0x0D,0x2D,0x29,0x30,0xF0,0xE9,0xFD,0x17,0x39,0x2D,
0x38,0xF0,0x12,0x37,0x37,0x2D,0x31,0x33,0xFC,0x33,0x26,0x36,0x2D,0x2B,0x25,0x28,
0x33,0xF0,0xE9,0xFD,0x0B,0x00,0x0E,0x36,0x25,0xF0,0xE9,0x00,0x0D,0x2D,0x29,0x30,
0x00,0x28,0x2D,0x37,0x37,0x29,0xFC,0x35,0x39,0x29,0x00,0x35,0x39,0x29,0x36,0x00,
0x38,0x29,0x00,0x34,0x29,0x28,0x2D,0x36,0xFC,0x25,0x30,0x2B,0x33,0xF0,0xE9,0x00,
0x1A,0x33,0x36,0x00,0x2A,0x25,0x3A,0x33,0x36,0xF0,0xEC,0xFC,0x25,0x00,0x25,0x2E,
0x39,0x28,0x29,0xF0,0xE9,0xFF,0xF3,0x38,0x20,0x33,0x27,0x29,0x00,0xF0,0x11,0x00,
0x33,0xFC,0x1C,0x29,0x34,0x30,0x33,0x2D,0x28,0x00,0x27,0x33,0x32,0x2C,0x29,0x27,
0x2D,0x28,0x33,0xFC,0x27,0x33,0x31,0x33,0x00,0x24,0x29,0x36,0x33,0xF0,0xEC,0x00,
0x37,0x29,0x32,0x2C,0x33,0x36,0xF0,0x08,0xFD,0x17,0x39,0x2D,0x38,0x33,0x00,0x33,
0x26,0x36,0x2D,0x2B,0x25,0x28,0x33,0xFC,0x34,0x33,0x36,0x00,0x37,0x25,0x30,0x3A,
0x25,0x36,0x00,0x25,0xFC,0x0E,0x36,0x25,0xF0,0xE9,0x00,0x0D,0x2D,0x29,0x30,0xF0,
0xE9,0xFD,0x1A,0x33,0x36,0x00,0x37,0x2D,0x32,0x25,0x30,0xF0,0xE9,0xF0,0xE9,0xF0,
0xE9,0xFD,0xF6,0x07,0x1D,0x25,0x26,0x29,0x00,0x27,0x33,0x31,0x33,0x00,0x39,0x37,
0x25,0x36,0xFC,0x39,0x31,0x00,0x1E,0x36,0x25,0x32,0x37,0x00,0x1D,0x29,0x36,0x3A,
0x29,0x36,0xF0,0x08,0xFC,0x00,0x00,0x1D,0x2D,0x31,0xFC,0x00,0x00,0x18,0x25,0x33,
0xFD,0x1D,0x29,0x00,0x34,0x36,0x29,0x27,0x2D,0x37,0x25,0x36,0x00,0x37,0x25,0x26,
0x29,0x36,0xFC,0x25,0x30,0x2B,0x33,0x00,0x37,0x33,0x26,0x36,0x29,0x00,0x29,0x30,
0x29,0xF0,0xEC,0xFC,0x34,0x33,0x36,0x00,0x2A,0x25,0x3A,0x33,0x36,0xF0,0xEC,0x00,
0x31,0x29,0x00,0x25,0x3A,0x2D,0x37,0x29,0xF0,0xE9,0xFE,0xF4,0x07,0x1A,0x29,0x36,
0x31,0x2D,0x38,0x25,0xF0,0x01,0x31,0x29,0xFC,0x29,0x3C,0x34,0x30,0x2D,0x27,0x25,
0x36,0xF0,0xE9,0xFD,0x19,0x00,0x1E,0x36,0x25,0x32,0x37,0x00,0x1D,0x29,0x36,0x3A,
0x29,0x36,0xFC,0x26,0x25,0x37,0x2D,0x27,0x25,0x31,0x29,0x32,0x38,0x29,0xFC,0x38,
0x36,0x25,0x32,0x37,0x34,0x33,0x36,0x38,0x25,0x00,0x25,0x30,0x2B,0x33,0x00,0x28,
0x29,0xFC,0x39,0x31,0x00,0x30,0x39,0x2B,0x25,0x36,0x00,0x25,0x33,0x00,0x33,0x39,
0x38,0x36,0x33,0xF0,0xE9,0xFD,0x0F,0x30,0x29,0x00,0x34,0x33,0x28,0x29,0x00,0x38,
0x29,0xFC,0x38,0x36,0x25,0x32,0x37,0x34,0x33,0x36,0x38,0x25,0x36,0x00,0x34,0x25,
0x36,0x25,0xFC,0x35,0x39,0x25,0x30,0x35,0x39,0x29,0x36,0x00,0x30,0x39,0x2B,0x25,
0x36,0xFC,0x33,0x32,0x28,0x29,0x00,0x2E,0xF0,0x10,0x00,0x29,0x37,0x38,0x29,0x3A,
0x29,0xF0,0xE9,0xFD,0x1D,0x29,0x00,0x35,0x39,0x2D,0x37,0x29,0x36,0xFC,0x26,0x25,
0x2D,0x3C,0x25,0x36,0x00,0x39,0x31,0x25,0x00,0x29,0x32,0x38,0x2D,0x28,0x25,0x28,
0x29,0xFC,0x29,0x30,0x29,0x38,0x36,0x32,0x2D,0x27,0x25,0x00,0x27,0x2C,0x25,0x31,
0x25,0x28,0x25,0xFC,0x0D,0x3D,0x26,0x29,0x36,0xF0,0x01,0x0F,0x30,0x2A,0x33,0xF0,
0xEC,0xFD,0x29,0x37,0x38,0x29,0x00,0x38,0x25,0x31,0x26,0xF0,0x11,0x31,0x00,0xF0,
0x11,0xFC,0x33,0x00,0x30,0x39,0x2B,0x25,0x36,0x00,0x27,0x29,0x36,0x38,0x33,0xFC,
0x34,0x25,0x36,0x25,0x00,0x2A,0x25,0x3E,0x29,0x36,0x00,0x2D,0x37,0x37,0x33,0xF0,
0xE9,0xFD,0x0B,0x30,0x2B,0x39,0x32,0x37,0x00,0x0D,0x3D,0x26,0x29,0x36,0xF0,0x01,
0x0F,0x30,0x2A,0x33,0x37,0xFC,0x35,0x39,0x29,0x00,0x3A,0x33,0x27,0x29,0x00,0x27,
0x25,0x34,0x38,0x39,0x36,0x25,0x36,0xFC,0x32,0x25,0x33,0x00,0x37,0x33,0x00,0x39,
0x37,0xF0,0x10,0x3A,0x29,0x2D,0x37,0x00,0x28,0x29,0xFD,0x2D,0x32,0xF0,0x12,0x27,
0x2D,0x33,0xF0,0xE9,0xFD,0x20,0x33,0x27,0x29,0x00,0x28,0x29,0x3A,0x29,0x36,0xF0,
0x10,0x00,0x28,0x25,0x36,0xFC,0x25,0x00,0x29,0x37,0x37,0x29,0x37,0xFC,0x0D,0x3D,
0x26,0x29,0x36,0xF0,0x01,0x0F,0x30,0x2A,0x33,0x37,0xFC,0x34,0x29,0x35,0x39,0x29,
0x32,0x33,0x37,0x00,0x2D,0x38,0x29,0x32,0x37,0xFD,0x25,0x3E,0x39,0x2D,0x37,0x00,
0x27,0x2C,0x25,0x31,0x25,0x28,0x33,0x37,0xFC,0x0F,0x32,0x29,0x36,0x2B,0x3D,0x00,
0x0D,0x36,0x3D,0x37,0x38,0x25,0x30,0x37,0xF0,0xEC,0x00,0x35,0x39,0x29,0xFC,0x34,
0x33,0x36,0x00,0x3A,0x29,0x3E,0x29,0x37,0x00,0x29,0x32,0x27,0x33,0x32,0x38,0x36,
0x25,0x36,0xF0,0x10,0xFC,0x25,0x33,0x00,0x28,0x29,0x37,0x38,0x36,0x39,0x2D,0x36,
0x00,0x39,0x31,0xFD,0x2D,0x32,0x2D,0x31,0x2D,0x2B,0x33,0xF0,0xE9,0xFD,0x0D,0x33,
0x32,0x2A,0x33,0x36,0x31,0x29,0x00,0x3A,0x33,0x27,0x29,0x00,0x2A,0x33,0x36,0xFC,
0x25,0x30,0x2D,0x31,0x29,0x32,0x38,0x25,0x32,0x28,0x33,0xFC,0x33,0x00,0x0D,0x3D,
0x26,0x29,0x36,0xF0,0x01,0x0F,0x30,0x2A,0x33,0x00,0x27,0x33,0x31,0xFD,0x0F,0x32,
0x29,0x36,0x2B,0x3D,0x00,0x0D,0x36,0x3D,0x37,0x38,0x25,0x30,0x37,0xF0,0xEC,0xFC,
0x29,0x30,0x29,0x00,0x27,0x36,0x29,0x37,0x27,0x29,0x36,0xF0,0x10,0xF0,0xE9,0xFD,
0x1F,0x31,0x25,0x00,0x3A,0x29,0x3E,0x00,0x35,0x39,0x29,0xFC,0x33,0x00,0x0D,0x3D,
0x26,0x29,0x36,0xF0,0x01,0x0F,0x30,0x2A,0x33,0xFC,0x27,0x36,0x29,0x37,0x27,0x25,
0x00,0x34,0x33,0x36,0x00,0x27,0x33,0x31,0x34,0x30,0x29,0x38,0x33,0xF0,0xEC,0xFC,
0x29,0x30,0x29,0x00,0x29,0x37,0x38,0x25,0x36,0xF0,0x10,0x00,0x34,0x36,0x33,0x32,
0x38,0x33,0xFD,0x34,0x25,0x36,0x25,0x00,0x39,0x37,0x25,0x36,0xF0,0xE9,0xFC,0x18,
0x33,0x00,0x29,0x32,0x38,0x25,0x32,0x38,0x33,0xF0,0xEC,0xFC,0x25,0x33,0x00,0x37,
0x29,0x00,0x39,0x38,0x2D,0x30,0x2D,0x3E,0x25,0x36,0x00,0x39,0x31,0xFC,0x0D,0x3D,
0x26,0x29,0x36,0xF0,0x01,0x0F,0x30,0x2A,0x33,0xF0,0xEC,0x00,0x29,0x30,0x29,0xFD,
0x31,0x33,0x36,0x36,0x29,0x36,0xF0,0x10,0xF0,0xE9,0xF0,0xE9,0xF0,0xE9,0xFD,0x16,
0x29,0x31,0x26,0x36,0x29,0xF0,0x01,0x37,0x29,0xF0,0xEC,0xFC,0x29,0x30,0x29,0x37,
0x00,0x37,0x33,0x00,0x25,0x34,0x29,0x32,0x25,0x37,0xFC,0x27,0xF0,0x13,0x28,0x2D,
0x2B,0x33,0x37,0xF0,0xEC,0x00,0x31,0x25,0x37,0x00,0x37,0x29,0xFC,0x2A,0x33,0x36,
0x29,0x31,0x00,0x31,0x25,0x30,0x38,0x36,0x25,0x38,0x25,0x28,0x33,0x37,0xFD,0x29,
0x30,0x29,0x37,0x00,0x37,0x29,0x00,0x3A,0x33,0x30,0x38,0x25,0x36,0x33,0xFC,0x27,
0x33,0x32,0x38,0x36,0x25,0x00,0x3A,0x33,0x27,0x29,0xF0,0xE9,0xFF,0xF3,0x38,0x1F,
0x31,0x00,0x29,0x32,0x33,0x36,0x31,0x29,0x00,0x0D,0x3D,0x26,0x29,0x36,0xF0,0x01,
0xFC,0x0F,0x30,0x2A,0x33,0x00,0x28,0x29,0x37,0x27,0x33,0x32,0x2C,0x29,0x27,0x2D,
0x28,0x33,0xFC,0x37,0x39,0x36,0x2B,0x2D,0x39,0x00,0x32,0x25,0x33,0x00,0x2A,0x25,
0x3E,0xFC,0x31,0x39,0x2D,0x38,0x33,0x00,0x38,0x29,0x31,0x34,0x33,0xF0,0xEC,0x00,
0x29,0xFD,0x28,0x29,0x37,0x27,0x33,0x26,0x36,0x2D,0x39,0x00,0x25,0x00,0x37,0x29,
0x32,0x2C,0x25,0xFC,0x28,0x33,0x00,0x37,0x2D,0x37,0x38,0x29,0x31,0x25,0x00,0x28,
0x29,0xFC,0x37,0x29,0x2B,0x39,0x36,0x25,0x32,0x27,0x25,0xF0,0xE9,0xFD,0x0B,0x2B,
0x33,0x36,0x25,0x00,0x3A,0x33,0x27,0x29,0xFC,0xF0,0x11,0x00,0x27,0x25,0x34,0x25,
0x3E,0x00,0x28,0x29,0x00,0x2D,0x36,0xFC,0x28,0x2D,0x36,0x29,0x38,0x33,0x00,0x34,
0x25,0x36,0x25,0x00,0x18,0x29,0x33,0xFC,0x0B,0x36,0x27,0x25,0x28,0x2D,0x25,0xF0,
0xE9,0xF0,0xE9,0xF0,0xE9,0xFD,0x1A,0x36,0x33,0x38,0x29,0x2B,0x29,0x36,0x29,0x2D,
0x00,0x25,0xFC,0x26,0x25,0x37,0x29,0x00,0x29,0x32,0x35,0x39,0x25,0x32,0x38,0x33,
0x00,0x3A,0x33,0x27,0x29,0xFC,0x29,0x37,0x38,0x2D,0x3A,0x29,0x36,0x00,0x2A,0x33,
0x36,0x25,0xF0,0xE9,0xFC,0x0C,0x33,0x25,0x00,0x37,0x33,0x36,0x38,0x29,0xE5,0xFF,
0xF3,0x38,0x24,0x29,0x36,0x33,0xF0,0xEC,0x00,0x34,0x33,0x36,0x00,0x2A,0x25,0x3A,
0x33,0x36,0xF0,0xEC,0xFC,0x28,0x29,0x36,0x36,0x33,0x38,0x29,0x00,0x18,0x29,0x33,
0xFC,0x0B,0x36,0x27,0x25,0x28,0x2D,0x25,0xF0,0xE9,0xFF,0xF3,0x38,0x24,0x29,0x36,
0x33,0xF0,0xE9,0xF0,0xE9,0xF0,0xE9,0x00,0x18,0xF0,0x13,0x37,0xFC,0x38,0x29,0x31,
0x33,0x37,0x00,0x39,0x31,0x00,0x34,0x36,0x33,0x26,0x30,0x29,0x31,0x25,0xE5,0xFD,
0xF0,0x16,0x00,0x37,0x33,0x26,0x36,0x29,0xFC,0x25,0x00,0x0E,0x36,0x25,0xF0,0xE9,
0x00,0x0D,0x2D,0x29,0x30,0xF0,0xE9,0xF0,0xE9,0xF0,0xE9,0xFC,0x0F,0x30,0x25,0x00,
0x25,0x27,0x25,0x26,0x33,0x39,0xFC,0x37,0x25,0x2D,0x32,0x28,0x33,0x00,0x28,0x25,
0x00,0x26,0x25,0x37,0x29,0xF0,0xE9,0xF0,0xE9,0xF0,0xE9,0xFD,0x0F,0x39,0x00,0x29,
0x37,0x38,0x33,0x39,0xFC,0x38,0x33,0x00,0x34,0x36,0x29,0x33,0x27,0x39,0x34,0x25,
0x28,0x33,0xFC,0x27,0x33,0x31,0x00,0x29,0x30,0x25,0xF0,0xE9,0xF0,0xE9,0xF0,0xE9,
0xFF,0xF3,0x2F,0x0B,0x00,0x29,0x32,0x38,0x36,0x25,0x28,0x25,0x00,0x34,0x25,0x36,
0x25,0xFC,0x25,0x00,0x26,0x25,0x37,0x29,0x00,0x2D,0x32,0x2D,0x31,0x2D,0x2B,0x25,
0xFC,0x2A,0x2D,0x27,0x25,0x00,0x30,0x33,0x2B,0x33,0xFC,0x00,0x2A,0x36,0x29,0x32,
0x38,0x29,0xF0,0xE9,0xFD,0x1A,0x33,0x36,0x00,0x2A,0x25,0x3A,0x33,0x36,0xF0,0xEC,
0xFC,0x29,0x3A,0x2D,0x38,0x29,0x00,0x25,0x37,0xFC,0x25,0x38,0x2D,0x3A,0x2D,0x28,
0x25,0x28,0x29,0x37,0x00,0x28,0x29,0xFC,0x2C,0x25,0x27,0x2F,0x2D,0x32,0x2B,0x00,
0x28,0x29,0x30,0x29,0x37,0xF0,0xE9,0xFD,0x19,0x00,0x28,0x29,0x37,0x29,0x32,0x3A,
0x33,0x30,0x3A,0x2D,0x31,0x29,0x32,0x38,0x33,0xFC,0x28,0x29,0x00,0x39,0x31,0x25,
0x00,0x29,0x32,0x29,0x36,0x2B,0x2D,0x25,0xFC,0x37,0x39,0x26,0x37,0x38,0x2D,0x38,
0x39,0x38,0x25,0x00,0xF0,0x11,0x00,0x33,0xFC,0x37,0x33,0x32,0x2C,0x33,0x00,0x32,
0x25,0x33,0x00,0x37,0xF0,0x13,0xFD,0x28,0x25,0x00,0x0D,0x2D,0x29,0x30,0xF0,0xEC,
0x00,0x31,0x25,0x37,0xFC,0x28,0x29,0x00,0x38,0x33,0x28,0x33,0x37,0x00,0x32,0xF0,
0x13,0x37,0xF0,0xE9,0xFF,0xF3,0x38,0xF6,0x08,0x1D,0x25,0x26,0x29,0x00,0x27,0x33,
0x31,0x33,0x00,0x39,0x37,0x25,0x36,0xFC,0x39,0x31,0x00,0x1E,0x36,0x25,0x32,0x37,
0x00,0x1D,0x29,0x36,0x3A,0x29,0x36,0xF0,0x08,0xFC,0x00,0x00,0x1D,0x2D,0x31,0xFC,
0x00,0x00,0x18,0x25,0x33,0xFD,0x1D,0x29,0x00,0x34,0x36,0x29,0x27,0x2D,0x37,0x25,
0x36,0x00,0x37,0x25,0x26,0x29,0x36,0xFC,0x25,0x30,0x2B,0x33,0x00,0x37,0x33,0x26,
0x36,0x29,0x00,0x29,0x30,0x29,0xF0,0xEC,0xFC,0x34,0x33,0x36,0x00,0x2A,0x25,0x3A,
0x33,0x36,0xF0,0xEC,0x00,0x31,0x29,0x00,0x25,0x3A,0x2D,0x37,0x29,0xF0,0xE9,0xFE,
0xF4,0x08,0x1A,0x29,0x36,0x31,0x2D,0x38,0x25,0xF0,0x01,0x31,0x29,0xFC,0x29,0x3C,
0x34,0x30,0x2D,0x27,0x25,0x36,0xF0,0xE9,0xFD,0x19,0x00,0x1E,0x36,0x25,0x32,0x37,
0x00,0x1D,0x29,0x36,0x3A,0x29,0x36,0xFC,0x26,0x25,0x37,0x2D,0x27,0x25,0x31,0x29,
0x32,0x38,0x29,0xFC,0x38,0x36,0x25,0x32,0x37,0x34,0x33,0x36,0x38,0x25,0x00,0x25,
0x30,0x2B,0x33,0x00,0x28,0x29,0xFC,0x39,0x31,0x00,0x30,0x39,0x2B,0x25,0x36,0x00,
0x25,0x33,0x00,0x33,0x39,0x38,0x36,0x33,0xF0,0xE9,0xFD,0x0F,0x30,0x29,0x00,0x34,
0x33,0x28,0x29,0x00,0x38,0x29,0xFC,0x38,0x36,0x25,0x32,0x37,0x34,0x33,0x36,0x38,
0x25,0x36,0x00,0x34,0x25,0x36,0x25,0xFC,0x35,0x39,0x25,0x30,0x35,0x39,0x29,0x36,
0x00,0x30,0x39,0x2B,0x25,0x36,0xFC,0x33,0x32,0x28,0x29,0x00,0x2E,0xF0,0x10,0x00,
0x29,0x37,0x38,0x29,0x3A,0x29,0xF0,0xE9,0xFD,0x1D,0x29,0x00,0x35,0x39,0x2D,0x37,
0x29,0x36,0xFC,0x26,0x25,0x2D,0x3C,0x25,0x36,0x00,0x39,0x31,0x25,0x00,0x29,0x32,
0x38,0x2D,0x28,0x25,0x28,0x29,0xFC,0x29,0x30,0x29,0x38,0x36,0x32,0x2D,0x27,0x25,
0x00,0x27,0x2C,0x25,0x31,0x25,0x28,0x25,0xFC,0x0D,0x3D,0x26,0x29,0x36,0xF0,0x01,
0x0F,0x30,0x2A,0x33,0xF0,0xEC,0xFD,0x29,0x37,0x38,0x29,0x00,0x38,0x25,0x31,0x26,
0xF0,0x11,0x31,0x00,0xF0,0x11,0xFC,0x33,0x00,0x30,0x39,0x2B,0x25,0x36,0x00,0x27,
0x29,0x36,0x38,0x33,0xFC,0x34,0x25,0x36,0x25,0x00,0x2A,0x25,0x3E,0x29,0x36,0x00,
0x2D,0x37,0x37,0x33,0xF0,0xE9,0xFD,0x0B,0x30,0x2B,0x39,0x32,0x37,0x00,0x0D,0x3D,
0x26,0x29,0x36,0xF0,0x01,0x0F,0x30,0x2A,0x33,0x37,0xFC,0x35,0x39,0x29,0x00,0x3A,
0x33,0x27,0x29,0x00,0x27,0x25,0x34,0x38,0x39,0x36,0x25,0x36,0xFC,0x32,0x25,0x33,
0x00,0x37,0x33,0x00,0x39,0x37,0xF0,0x10,0x3A,0x29,0x2D,0x37,0x00,0x28,0x29,0xFD,
0x2D,0x32,0xF0,0x12,0x27,0x2D,0x33,0xF0,0xE9,0xFD,0x20,0x33,0x27,0x29,0x00,0x28,
0x29,0x3A,0x29,0x36,0xF0,0x10,0x00,0x28,0x25,0x36,0xFC,0x25,0x00,0x29,0x37,0x37,
0x29,0x37,0xFC,0x0D,0x3D,0x26,0x29,0x36,0xF0,0x01,0x0F,0x30,0x2A,0x33,0x37,0xFC,
0x34,0x29,0x35,0x39,0x29,0x32,0x33,0x37,0x00,0x2D,0x38,0x29,0x32,0x37,0xFD,0x25,
0x3E,0x39,0x2D,0x37,0x00,0x27,0x2C,0x25,0x31,0x25,0x28,0x33,0x37,0xFC,0x0F,0x32,
0x29,0x36,0x2B,0x3D,0x00,0x0D,0x36,0x3D,0x37,0x38,0x25,0x30,0x37,0xF0,0xEC,0x00,
0x35,0x39,0x29,0xFC,0x34,0x33,0x36,0x00,0x3A,0x29,0x3E,0x29,0x37,0x00,0x29,0x32,
0x27,0x33,0x32,0x38,0x36,0x25,0x36,0xF0,0x10,0xFC,0x25,0x33,0x00,0x28,0x29,0x37,
0x38,0x36,0x39,0x2D,0x36,0x00,0x39,0x31,0xFD,0x2D,0x32,0x2D,0x31,0x2D,0x2B,0x33,
0xF0,0xE9,0xFD,0x0D,0x33,0x32,0x2A,0x33,0x36,0x31,0x29,0x00,0x3A,0x33,0x27,0x29,
0x00,0x2A,0x33,0x36,0xFC,0x25,0x30,0x2D,0x31,0x29,0x32,0x38,0x25,0x32,0x28,0x33,
0xFC,0x33,0x00,0x0D,0x3D,0x26,0x29,0x36,0xF0,0x01,0x0F,0x30,0x2A,0x33,0x00,0x27,
0x33,0x31,0xFD,0x0F,0x32,0x29,0x36,0x2B,0x3D,0x00,0x0D,0x36,0x3D,0x37,0x38,0x25,
0x30,0x37,0xF0,0xEC,0xFC,0x29,0x30,0x29,0x00,0x27,0x36,0x29,0x37,0x27,0x29,0x36,
0xF0,0x10,0xF0,0xE9,0xFD,0x1F,0x31,0x25,0x00,0x3A,0x29,0x3E,0x00,0x35,0x39,0x29,
0xFC,0x33,0x00,0x0D,0x3D,0x26,0x29,0x36,0xF0,0x01,0x0F,0x30,0x2A,0x33,0xFC,0x27,
0x36,0x29,0x37,0x27,0x25,0x00,0x34,0x33,0x36,0x00,0x27,0x33,0x31,0x34,0x30,0x29,
0x38,0x33,0xF0,0xEC,0xFC,0x29,0x30,0x29,0x00,0x29,0x37,0x38,0x25,0x36,0xF0,0x10,
0x00,0x34,0x36,0x33,0x32,0x38,0x33,0xFD,0x34,0x25,0x36,0x25,0x00,0x39,0x37,0x25,
0x36,0xF0,0xE9,0xFC,0x18,0x33,0x00,0x29,0x32,0x38,0x25,0x32,0x38,0x33,0xF0,0xEC,
0xFC,0x25,0x33,0x00,0x37,0x29,0x00,0x39,0x38,0x2D,0x30,0x2D,0x3E,0x25,0x36,0x00,
0x39,0x31,0xFC,0x0D,0x3D,0x26,0x29,0x36,0xF0,0x01,0x0F,0x30,0x2A,0x33,0xF0,0xEC,
0x00,0x29,0x30,0x29,0xFD,0x31,0x33,0x36,0x36,0x29,0x36,0xF0,0x10,0xF0,0xE9,0xF0,
0xE9,0xF0,0xE9,0xFD,0x16,0x29,0x31,0x26,0x36,0x29,0xF0,0x01,0x37,0x29,0xF0,0xEC,
0xFC,0x29,0x30,0x29,0x37,0x00,0x37,0x33,0x00,0x25,0x34,0x29,0x32,0x25,0x37,0xFC,
0x27,0xF0,0x13,0x28,0x2D,0x2B,0x33,0x37,0xF0,0xEC,0x00,0x31,0x25,0x37,0x00,0x37,
0x29,0xFC,0x2A,0x33,0x36,0x29,0x31,0x00,0x31,0x25,0x30,0x38,0x36,0x25,0x38,0x25,
0x28,0x33,0x37,0xFD,0x29,0x30,0x29,0x37,0x00,0x37,0x29,0x00,0x3A,0x33,0x30,0x38,
0x25,0x36,0x33,0xFC,0x27,0x33,0x32,0x38,0x36,0x25,0x00,0x3A,0x33,0x27,0x29,0xF0,
0xE9,0xFF,0xF3,0x2F,0x20,0x33,0x27,0x29,0x00,0x25,0x38,0x25,0x27,0x25,0x36,0xF0,
0x10,0xFC,0x25,0x00,0x26,0x25,0x37,0x29,0x00,0x2D,0x32,0x2D,0x31,0x2D,0x2B,0x25,
0xF0,0xEC,0xFC,0x29,0x32,0x35,0x39,0x25,0x32,0x38,0x33,0x00,0x31,0x25,0x32,0x38,
0x29,0x31,0x33,0x37,0xFC,0x25,0x00,0x32,0x33,0x37,0x37,0x25,0xFD,0x30,0x2D,0x32,
0x2C,0x25,0x00,0x2A,0x2D,0x32,0x25,0x30,0xFC,0x28,0x29,0x00,0x28,0x29,0x2A,0x29,
0x37,0x25,0x00,0x34,0x25,0x36,0x25,0xFC,0x31,0x25,0x32,0x38,0xF0,0x01,0x30,0x33,
0x37,0xFC,0x25,0x2A,0x25,0x37,0x38,0x25,0x28,0x33,0x37,0xE5,0xE5,0xFF,0xF3,0x2E,
0x0E,0x29,0x37,0x28,0x29,0x00,0x35,0x39,0x29,0x00,0x3A,0x33,0x27,0x29,0xFC,0x36,
0x29,0x38,0x33,0x31,0x33,0x39,0x00,0x33,0xFC,0x27,0x33,0x32,0x38,0x36,0x33,0x30,
0x29,0x00,0x28,0x25,0x00,0x2A,0xF0,0x10,0x26,0x36,0x2D,0x27,0x25,0xF0,0xEC,0xFC,
0x34,0x25,0x36,0x29,0x27,0x29,0x00,0x35,0x39,0x29,0x00,0x32,0xF0,0x13,0x37,0xFD,
0x32,0x25,0x33,0x00,0x38,0x29,0x31,0x33,0x37,0x00,0x31,0x25,0x2D,0x37,0xFC,0x2A,
0x25,0x30,0x38,0x25,0x00,0x28,0x29,0x00,0x29,0x32,0x29,0x36,0x2B,0x2D,0x25,0xF0,
0xE9,0xFC,0x19,0x26,0x36,0x2D,0x2B,0x25,0x28,0x33,0xF0,0xEC,0xFC,0x24,0x29,0x36,
0x33,0xF0,0xE9,0xFF,0xF3,0x2C,0x19,0x30,0x2C,0x29,0xE5,0x00,0x12,0xF0,0x10,0xFC,
0x27,0x36,0x2D,0x37,0x38,0x25,0x2D,0x37,0x00,0x34,0x33,0x36,0xFC,0x38,0x33,0x28,
0x25,0x37,0x00,0x25,0x37,0x00,0x34,0x25,0x36,0x38,0x29,0x37,0xE5,0xFC,0x1D,0x29,
0x00,0x3A,0x33,0x27,0x29,0x00,0x32,0x25,0x33,0x00,0x34,0x29,0x2B,0x25,0x36,0xFD,
0x38,0x33,0x28,0x33,0x37,0x00,0x29,0x30,0x29,0x37,0xF0,0xEC,0xFC,0x3A,0x33,0x27,
0x29,0x00,0x3A,0x25,0x2D,0xFC,0x37,0x29,0x00,0x25,0x36,0x36,0x29,0x34,0x29,0x32,
0x28,0x29,0x36,0xE5,0xE5,0xFF,0xF3,0x2C,0x0E,0x29,0x3A,0x29,0x00,0x2C,0x25,0x3A,
0x29,0x36,0x00,0x25,0x2D,0x32,0x28,0x25,0xFC,0x31,0x25,0x2D,0x37,0x00,0x27,0x36,
0x2D,0x37,0x38,0x25,0x2D,0x37,0xFC,0x31,0x25,0x2D,0x37,0x00,0x00,0x2A,0x36,0x29,
0x32,0x38,0x29,0xF0,0xEC,0xFC,0x31,0x25,0x37,0x00,0x32,0x25,0x33,0x00,0x38,0x29,
0x32,0x2C,0x33,0xFD,0x27,0x33,0x36,0x25,0x2B,0x29,0x31,0x00,0x37,0x39,0x2A,0x2D,
0x27,0x2D,0x29,0x32,0x38,0x29,0xFC,0x34,0x25,0x36,0x25,0x00,0x2D,0x36,0x00,0x30,
0xF0,0x10,0xF0,0xE9,0xF0,0xE9,0xF0,0xE9,0xFF,0xF3,0x07,0x10,0x33,0x31,0x33,0x37,
0x00,0x37,0x25,0x30,0x3A,0x33,0x37,0xFC,0x33,0x39,0x38,0x36,0x25,0x00,0x3A,0x29,
0x3E,0xF0,0xEC,0xFC,0x2B,0x36,0x25,0x27,0x25,0x37,0x00,0x25,0x00,0x3A,0x33,0x27,
0x29,0xF0,0xE9,0xF0,0xE9,0xF0,0xE9,0xFD,0x17,0x29,0x37,0x31,0x33,0x00,0x25,0x37,
0x37,0x2D,0x31,0xF0,0xE9,0xF0,0xE9,0xF0,0xE9,0xFD,0x0F,0x32,0x35,0x39,0x25,0x32,
0x38,0x33,0x00,0x33,0x00,0x22,0xFC,0x29,0x3C,0x2D,0x37,0x38,0x2D,0x36,0xF0,0xEC,
0x00,0x38,0x25,0x30,0x3A,0x29,0x3E,0xFC,0x29,0x31,0x00,0x25,0x30,0x2B,0x39,0x31,
0x00,0x28,0x2D,0x25,0xF0,0xE9,0xF0,0xE9,0xF0,0xE9,0xFD,0xF3,0x04,0x0F,0x32,0x38,
0x25,0x33,0xF0,0xEC,0x00,0x37,0xF0,0x13,0xFC,0x37,0x29,0x36,0xF0,0x10,0x00,0x2A,
0x29,0x30,0x2D,0x3E,0x00,0x37,0x29,0xFC,0x33,0x00,0x22,0x00,0x32,0x25,0x33,0x00,
0x29,0x3C,0x2D,0x37,0x38,0x2D,0x37,0x37,0x29,0xF0,0xE9,0xF0,0xE9,0xF0,0xE9,0xFD,
0x0F,0x39,0x00,0x31,0x29,0x00,0x29,0x32,0x27,0x25,0x36,0x36,0x29,0x2B,0x25,0x36,
0x29,0x2D,0xFC,0x28,0x2D,0x37,0x37,0x33,0xF0,0xE9,0x00,0x1D,0xF0,0x13,0xFC,0x31,
0x29,0x00,0x28,0x2D,0x2B,0x25,0x00,0x33,0x32,0x28,0x29,0xFC,0x29,0x30,0x29,0x00,
0x29,0x37,0x38,0xF0,0x10,0xF0,0xE9,0xFD,0xF3,0x07,0x20,0x33,0x27,0x29,0x00,0x34,
0x33,0x28,0x29,0x00,0x2D,0x36,0xFC,0x28,0x2D,0x36,0x29,0x38,0x25,0x31,0x29,0x32,
0x38,0x29,0x00,0x25,0x33,0xFC,0x32,0xF0,0x14,0x27,0x30,0x29,0x33,0x00,0x28,0x25,
0x00,0x26,0x25,0x37,0x29,0xFC,0x2D,0x32,0x2D,0x31,0x2D,0x2B,0x25,0x00,0x34,0x33,
0x36,0x00,0x31,0x29,0x2D,0x33,0xFD,0x28,0x33,0x00,0x1E,0x36,0x25,0x32,0x37,0xFC,
0x1D,0x29,0x36,0x3A,0x29,0x36,0xF0,0xE9,0xF0,0xE9,0xF0,0xE9,0xFD,0x13,0x32,0x2A,
0x29,0x30,0x2D,0x3E,0x31,0x29,0x32,0x38,0x29,0xF0,0xEC,0xFC,0x25,0x2D,0x32,0x28,
0x25,0x00,0x32,0x25,0x33,0x00,0x28,0x29,0x27,0x2D,0x2A,0x36,0x25,0x31,0x33,0x37,
0xFC,0x33,0x00,0x37,0x2D,0x37,0x38,0x29,0x31,0x25,0x00,0x28,0x29,0xFD,0x37,0x29,
0x2B,0x39,0x36,0x25,0x32,0x27,0x25,0x00,0x28,0x33,0xFC,0x1E,0x36,0x25,0x32,0x37,
0x00,0x1D,0x29,0x36,0x3A,0x29,0x36,0x00,0x28,0x29,0x30,0x29,0x37,0xF0,0xE9,0xF0,
0xE9,0xF0,0xE9,0xFD,0xF3,0x38,0x1D,0x29,0x31,0x00,0x33,0xFC,0x1E,0x36,0x25,0x32,
0x37,0x00,0x1D,0x29,0x36,0x3A,0x29,0x36,0xF0,0xEC,0xFC,0x32,0x25,0x33,0x00,0x34,
0x33,0x28,0x29,0x36,0xF0,0x10,0x00,0x27,0x2C,0x29,0x2B,0x25,0x36,0xFC,0x25,0x33,
0x00,0x37,0x29,0x39,0xFD,0x28,0x29,0x37,0x38,0x2D,0x32,0x33,0x00,0x27,0x33,0x31,
0xFC,0x2A,0x25,0x27,0x2D,0x30,0x2D,0x28,0x25,0x28,0x29,0xF0,0xE9,0xF0,0xE9,0xF0,
0xE9,0xFD,0x0F,0x00,0x37,0x29,0x00,0x2A,0x2D,0x27,0x25,0x36,0xFC,0x2A,0x33,0x36,
0x25,0x00,0x28,0x25,0x00,0x26,0x25,0x37,0x29,0xFC,0x34,0x33,0x36,0x00,0x38,0x25,
0x32,0x38,0x33,0x00,0x38,0x29,0x31,0x34,0x33,0xF0,0xEC,0xFC,0x29,0x39,0x00,0x32,
0x25,0x33,0xFD,0x37,0x29,0x2D,0x00,0x33,0x00,0x35,0x39,0x29,0x00,0x34,0x33,0x28,
0x29,0x36,0xF0,0x10,0xFC,0x25,0x27,0x33,0x32,0x38,0x29,0x27,0x29,0x36,0x00,0x27,
0x33,0x31,0xFC,0x25,0x00,0x2B,0x29,0x32,0x38,0x29,0xF0,0xE9,0xF0,0xE9,0xF0,0xE9,
0xFF,0xF3,0x04,0x12,0xF0,0x08,0xFF,0xF3,0x0E,0x0F,0x1F,0x00,0x0E,0x0F,0x0D,0x13,
0x10,0x1C,0x0F,0x13,0xFC,0x19,0x00,0x1D,0x13,0x1D,0x1E,0x0F,0x17,0x0B,0x00,0x0E,
0x0F,0xFC,0x1D,0x0F,0x11,0x1F,0x1C,0x0B,0x18,0x27,0x0B,0x00,0x0E,0x19,0xFC,0x1E,
0x1C,0x0B,0x18,0x1D,0x00,0x1D,0x0F,0x1C,0x20,0x0F,0x1C,0xF0,0xE9,0xF0,0xE9,0xF0,
0xE9,0xFD,0x0E,0x0F,0x1D,0x0D,0x1F,0x16,0x1A,0x0F,0xF0,0x01,0x17,0x0F,0x00,0x1A,
0x19,0x1C,0xFC,0x1E,0x0F,0x1C,0x00,0x0E,0x0F,0x17,0x19,0x1C,0x0B,0x0E,0x19,0xFC,
0x1E,0x0B,0x18,0x1E,0x19,0x00,0x0B,0x1D,0x1D,0x13,0x17,0xF0,0xE9,0xF0,0xE9,0xF0,
0xE9,0xFD,0x17,0x0B,0x1D,0x00,0x0B,0x11,0x19,0x1C,0x0B,0x00,0x20,0x19,0x0D,0x0F,
0x00,0x1A,0x19,0x0E,0x0F,0xFC,0x0F,0x18,0x1E,0x1C,0x0B,0x1C,0x00,0x0F,0x17,0x00,
0x18,0x0F,0x19,0xFC,0x0B,0x1C,0x0D,0x0B,0x0E,0x13,0x0B,0x00,0x1B,0x1F,0x0B,0x18,
0x0E,0x19,0xFC,0x1B,0x1F,0x13,0x1D,0x0F,0x1C,0xF0,0xE9,0xFF,0xF3,0x04,0x20,0x33,
0x27,0x29,0xF0,0xE9,0xF0,0xE9,0xF0,0xE9,0x00,0x20,0x33,0x27,0x29,0x00,0xF0,0x11,
0xFC,0x35,0x39,0x29,0x31,0x00,0x31,0x29,0x00,0x29,0x32,0x38,0x36,0x29,0x2B,0x33,
0x39,0xFC,0x33,0x00,0x24,0x00,0x1D,0x25,0x26,0x29,0x36,0xF0,0xE9,0xF0,0xE9,0xF0,
0xE9,0xFD,0xF3,0x0E,0x0B,0x11,0x19,0x1C,0x0B,0x00,0x20,0xF0,0x15,0xF0,0xE9,0xFC,
0x0B,0x0D,0x0B,0x0C,0x0F,0x00,0x0D,0x19,0x17,0x00,0x0B,0x1B,0x1F,0x0F,0x16,0x0B,
0xFC,0x0D,0xF0,0x18,0x1A,0x13,0x0B,0x00,0x0E,0x0F,0x00,0x17,0x13,0x17,0xF0,0xE9,
0xF0,0xE9,0xF0,0xE9,0xFD,0x0F,0x16,0x13,0x17,0x13,0x18,0x0F,0xF0,0x01,0x19,0x00,
0x0D,0x19,0x17,0xFC,0x0F,0x22,0x1E,0x1C,0x0F,0x17,0x0B,0xFC,0x1D,0x0F,0x20,0x0F,
0x1C,0x13,0x0E,0x0B,0x0E,0x0F,0xF0,0xE9,0xF0,0xE9,0xF0,0xE9,0xFF,0xF3,0x07,0x0F,
0x37,0x34,0x29,0x36,0x29,0xF0,0xEC,0x00,0x35,0x39,0x29,0x31,0xFC,0xF0,0x11,0x00,
0x3A,0x33,0x27,0x29,0xF0,0xE9,0xF0,0xE9,0xF0,0xE9,0xE5,0xF0,0x08,0xFD,0xF0,0xE9,
0xF0,0xE9,0xF0,0xE9,0xF0,0xE9,0xF0,0xE9,0xF0,0xE9,0xFD,0x13,0x37,0x37,0x33,0x00,
0x32,0x25,0x33,0xFC,0xF0,0x11,0x00,0x34,0x33,0x37,0x37,0xF0,0x12,0x3A,0x29,0x30,
0xF0,0xE9,0xF0,0xE9,0xF0,0xE9,0xFF,0xF3,0x04,0x0F,0x30,0x29,0x00,0x28,0x2D,0x37,
0x37,0x29,0x00,0x35,0x39,0x29,0xFC,0x25,0x2B,0x33,0x36,0x25,0x00,0x29,0x39,0x00,
0x34,0x33,0x37,0x37,0x33,0x00,0x39,0x37,0x25,0x36,0xFC,0x33,0x00,0x1E,0x36,0x25,
0x32,0x37,0x00,0x1D,0x29,0x36,0x3A,0x29,0x36,0xE5,0xF0,0x08,0xFD,0xF3,0x38,0x1D,
0x2D,0x31,0xF0,0xE9,0xF0,0xE9,0xF0,0xE9,0x00,0x0F,0x30,0x29,0x00,0x28,0x2D,0x37,
0x37,0x29,0xF0,0xE9,0xF0,0xE9,0xF0,0xE9,0xFD,0xF3,0x04,0x0F,0x37,0x38,0x33,0x39,
0x00,0x34,0x25,0x36,0x38,0x2D,0x32,0x28,0x33,0xFC,0x25,0x2B,0x33,0x36,0x25,0xE5,
0xFC,0x0D,0x39,0x2D,0x28,0x29,0xF0,0x01,0x37,0x29,0xE5,0xFF,0xF3,0x07,0x0B,0x2B,
0x33,0x36,0x25,0x00,0x34,0x33,0x28,0x29,0x36,0xF0,0x10,0xFC,0x27,0x2C,0x29,0x2B,
0x25,0x36,0x00,0x25,0x38,0xF0,0x11,0x00,0x33,0x00,0x22,0xFC,0x34,0x29,0x30,0x33,
0x00,0x1E,0x36,0x25,0x32,0x37,0x00,0x1D,0x29,0x36,0x3A,0x29,0x36,0xF0,0xEC,0xFD,
0x2B,0x36,0x25,0x27,0x25,0x37,0x00,0x25,0x00,0x29,0x30,0x29,0xF0,0xE9,0xFD,0x24,
0x29,0x36,0x33,0xF0,0xE9,0xF0,0xE9,0xF0,0xE9,0xFD,0x10,0x39,0x2D,0x00,0x29,0x39,
0x00,0x35,0x39,0x29,0x31,0xFC,0x27,0x36,0x2D,0x33,0x39,0x00,0x25,0x35,0x39,0x29,
0x30,0x25,0x00,0x27,0xF0,0x13,0x34,0x2D,0x25,0xFC,0x28,0x33,0x00,0x22,0xF0,0xE9,
0xF0,0xE9,0xF0,0xE9,0xFD,0xF6,0x02,0x0F,0x39,0x00,0x38,0x29,0x32,0x2C,0x33,0x00,
0x35,0x39,0x29,0x00,0x2D,0x36,0xFD,0x2E,0x39,0x32,0x38,0x33,0x00,0x27,0x33,0x31,
0x00,0x3A,0x33,0x27,0x29,0xF0,0xE9,0xF0,0xE9,0xF0,0xE9,0xFC,0x00,0x00,0x0E,0x29,
0x00,0x2A,0x33,0x36,0x31,0x25,0x00,0x25,0x30,0x2B,0x39,0x31,0x25,0xFC,0x00,0x00,
0xF0,0xE9,0xF0,0xE9,0xF0,0xE9,0xF0,0xE9,0xF0,0xE9,0xF0,0xE9,0xFD,0x0F,0x32,0x38,
0x29,0x32,0x28,0x33,0xF0,0xE9,0xF0,0xE9,0xF0,0xE9,0x00,0x1D,0x29,0x36,0x29,0x2D,
0x00,0x37,0xF0,0x13,0xFC,0x39,0x31,0x00,0x2D,0x32,0x27,0x31,0x33,0x28,0x33,0xFC,
0x34,0x25,0x36,0x25,0x00,0x3A,0x33,0x27,0x29,0xF0,0xE9,0xF0,0xE9,0xF0,0xE9,0xFD,
0x0F,0x39,0x00,0x29,0x32,0x38,0x29,0x32,0x28,0x33,0xF0,0xEC,0xFC,0x24,0x29,0x36,
0x33,0xF0,0xE9,0xF0,0xE9,0xF0,0xE9,0xFD,0xF4,0x02,0xF0,0xE9,0xF0,0xE9,0xF0,0xE9,
0xF0,0xE9,0xF0,0xE9,0xF0,0xE9,0xFF,0xF3,0x38,0x24,0x29,0x36,0x33,0xF0,0xEC,0x00,
0x3A,0xF0,0x10,0x00,0x25,0x38,0xF0,0x11,0xFC,0x33,0x00,0x1E,0x36,0x25,0x32,0x37,
0x00,0x1D,0x29,0x36,0x3A,0x29,0x36,0xF0,0xE9,0xFD,0x1A,0x33,0x28,0x29,0x00,0x27,
0x33,0x32,0x2A,0x2D,0x25,0x36,0x00,0x32,0x25,0xFC,0x2B,0x29,0x32,0x38,0x29,0xF0,
0xEC,0x00,0x3A,0x25,0x31,0x33,0x37,0xFC,0x34,0x36,0x33,0x38,0x29,0x2B,0x29,0x36,
0x00,0x29,0x37,0x38,0x29,0xFC,0x30,0x39,0x2B,0x25,0x36,0xF0,0xE9,0xFD,0xF3,0x07,
0x0C,0x33,0x25,0x00,0x37,0x33,0x36,0x38,0x29,0xF0,0xE9,0xF0,0xE9,0xF0,0xE9,0xFC,
0x24,0x29,0x36,0x33,0xF0,0xE9,0xF0,0xE9,0xF0,0xE9,0xFF,0xF3,0x38,0x0F,0x32,0x35,
0x39,0x25,0x32,0x38,0x33,0x00,0x29,0x37,0x38,0x2D,0x3A,0x29,0x36,0xFC,0x2A,0x33,
0x36,0x25,0xF0,0xEC,0x00,0x32,0xF0,0x13,0x37,0x00,0x3A,0x25,0x31,0x33,0x37,0xFC,
0x34,0x36,0x33,0x38,0x29,0x2B,0x29,0x36,0x00,0x29,0x37,0x38,0x29,0xFC,0x30,0x39,
0x2B,0x25,0x36,0xF0,0xE9,0x00,0x0E,0x29,0x3A,0x29,0xFD,0x27,0x33,0x32,0x2A,0x2D,
0x25,0x36,0x00,0x29,0x31,0xFC,0x32,0xF0,0x13,0x37,0xF0,0xE9,0xFC,0x0F,0x39,0x00,
0x38,0x29,0x00,0x28,0x29,0x37,0x29,0x2E,0x33,0xFC,0x31,0x39,0x2D,0x38,0x25,0x00,
0x37,0x33,0x36,0x38,0x29,0xE5,0xE5,0xFF,0x0F,0x1C,0x1C,0x19,0xFF,0xF3,0x38,0x1F,
0x31,0x00,0x29,0x32,0x33,0x36,0x31,0x29,0xFC,0x0D,0x3D,0x26,0x29,0x36,0xF0,0x01,
0x0F,0x30,0x2A,0x33,0x00,0x26,0x36,0x2D,0x30,0x2C,0x25,0x32,0x38,0x29,0xFC,0x25,
0x34,0x25,0x36,0x29,0x27,0x29,0x39,0x00,0x28,0x29,0xFC,0x36,0x29,0x34,0x29,0x32,
0x38,0x29,0x00,0x29,0xFD,0x28,0x29,0x27,0x2D,0x2A,0x36,0x33,0x39,0x00,0x33,0xFC,
0x37,0x2D,0x37,0x38,0x29,0x31,0x25,0x00,0x28,0x29,0xFC,0x37,0x29,0x2B,0x39,0x36,
0x25,0x32,0x27,0x25,0xE5,0xFD,0x0B,0x2B,0x33,0x36,0x25,0x00,0x34,0x33,0x28,0x29,
0x00,0x2D,0x36,0xFC,0x28,0x2D,0x36,0x29,0x38,0x25,0x31,0x29,0x32,0x38,0x29,0x00,
0xFC,0x18,0x29,0x33,0x00,0x0B,0x36,0x27,0x25,0x28,0x2D,0x25,0xF0,0xE9,0xF0,0xE9,
0xF0,0xE9,0xFD,0x0F,0x32,0x35,0x39,0x25,0x32,0x38,0x33,0x00,0x29,0x37,0x38,0x2D,
0x3A,0x29,0x36,0xFC,0x2A,0x33,0x36,0x25,0xF0,0xEC,0x00,0x32,0xF0,0x13,0x37,0x00,
0x3A,0x25,0x31,0x33,0x37,0xFC,0x34,0x36,0x33,0x38,0x29,0x2B,0x29,0x36,0x00,0x29,
0x37,0x38,0x29,0xFC,0x30,0x39,0x2B,0x25,0x36,0xF0,0xE9,0x00,0x0E,0x29,0x3A,0x29,
0xFD,0x27,0x33,0x32,0x2A,0x2D,0x25,0x36,0x00,0x29,0x31,0xFC,0x32,0xF0,0x13,0x37,
0xF0,0xE9,0xFC,0x0F,0x39,0x00,0x38,0x29,0x00,0x28,0x29,0x37,0x29,0x2E,0x33,0xFC,
0x31,0x39,0x2D,0x38,0x25,0x00,0x37,0x33,0x36,0x38,0x29,0xE5,0xE5,0xFF,0xF3,0x2A,
0x0D,0x13,0x0F,0x16,0xF0,0x04,0xFC,0xF0,0xED,0x20,0x33,0x27,0x29,0x00,0x25,0x30,
0x38,0x29,0x36,0x33,0x39,0xFC,0x00,0x25,0x00,0xF0,0x10,0x36,0x29,0x25,0xF0,0xE9,
0xFD,0x0D,0x13,0x0F,0x16,0xF0,0x04,0xFC,0x00,0x19,0x00,0x1E,0x36,0x25,0x32,0x37,
0x00,0x1D,0x29,0x36,0x3A,0x29,0x36,0xFC,0x00,0x34,0x29,0x36,0x38,0x33,0x00,0x28,
0x25,0x00,0x37,0x39,0x25,0xFC,0x00,0x34,0x33,0x37,0x2D,0x27,0x33,0x00,0x25,0x38,
0x39,0x25,0x30,0xFD,0x0D,0x13,0x0F,0x16,0xF0,0x04,0xFC,0x00,0x2A,0x33,0x2D,0x00,
0x25,0x38,0x2D,0x3A,0x25,0x28,0x33,0xF0,0xE9,0xFD,0x0D,0x13,0x0F,0x16,0xF0,0x04,
0xFC,0x00,0x20,0x33,0x27,0x29,0x00,0x28,0x29,0x3A,0x29,0xFC,0x00,0x3A,0x33,0x30,
0x38,0x25,0x36,0x00,0x00,0x26,0x25,0x37,0x29,0xFC,0x00,0x25,0x2B,0x33,0x36,0x25,
0xFD,0x0D,0x13,0x0F,0x16,0xF0,0x04,0xFC,0x00,0x34,0x25,0x36,0x25,0x00,0x28,0x29,
0x37,0x27,0x25,0x32,0x37,0x25,0x36,0xF0,0xE9,0xF0,0xE9,0xF0,0xE9,0xF0,0xED,0xFF,
0xF3,0x2A,0x0D,0x13,0x0F,0x16,0xF0,0x04,0xFC,0xF0,0xED,0x0E,0x29,0x37,0x29,0x2E,
0x25,0xFC,0x00,0x27,0x33,0x32,0x38,0x2D,0x32,0x39,0x25,0x36,0xFC,0x00,0x37,0x29,
0x31,0x00,0x37,0x25,0x30,0x3A,0x25,0x36,0xF0,0x08,0xFD,0x0D,0x13,0x0F,0x16,0xF0,
0x04,0xFC,0x00,0x0C,0x33,0x25,0x00,0x37,0x33,0x36,0x38,0x29,0xF0,0xEC,0xFC,0x00,
0x24,0x29,0x36,0x33,0xF0,0xE9,0xF0,0xE9,0xF0,0xE9,0xF0,0xED,0xFF,0xF3,0x07,0x1E,
0x29,0x32,0x2C,0x25,0x00,0x31,0x39,0x2D,0x38,0x33,0xFC,0x27,0x39,0x2D,0x28,0x25,
0x28,0x33,0xF0,0xE9,0xF0,0xE9,0xF0,0xE9,0xFC,0x24,0x29,0x36,0x33,0xF0,0xE9,0xF0,
0xE9,0xF0,0xE9,0xFD,0xFF,0xF3,0x38,0x0F,0x32,0x35,0x39,0x25,0x32,0x38,0x33,0x00,
0x29,0x37,0x38,0x2D,0x3A,0x29,0x36,0xFC,0x2A,0x33,0x36,0x25,0xF0,0xEC,0x00,0x32,
0xF0,0x13,0x37,0x00,0x3A,0x25,0x31,0x33,0x37,0xFC,0x34,0x36,0x33,0x38,0x29,0x2B,
0x29,0x36,0x00,0x29,0x37,0x38,0x29,0xFC,0x30,0x39,0x2B,0x25,0x36,0xF0,0xE9,0x00,
0x0E,0x29,0x3A,0x29,0xFD,0x27,0x33,0x32,0x2A,0x2D,0x25,0x36,0x00,0x29,0x31,0xFC,
0x32,0xF0,0x13,0x37,0xF0,0xE9,0xFC,0x0F,0x39,0x00,0x38,0x29,0x00,0x28,0x29,0x37,
0x29,0x2E,0x33,0xFC,0x31,0x39,0x2D,0x38,0x25,0x00,0x37,0x33,0x36,0x38,0x29,0xE5,
0xE5,0xFF,0x0F,0x1C,0x1C,0x19,0xFF,0x0F,0x1C,0x1C,0x19,0xFF,0x0F,0x1C,0x1C,0x19,
0xFF,0x0F,0x1C,0x1C,0x19,0xFF,0xF3,0x30,0x18,0x39,0x32,0x27,0x25,0x00,0x34,0x29,
0x32,0x37,0x29,0x2D,0xFC,0x35,0x39,0x29,0x00,0x34,0x39,0x28,0x29,0x37,0x37,0x29,
0xFC,0x3A,0xF0,0x01,0x30,0x33,0x00,0x28,0x29,0x00,0x32,0x33,0x3A,0x33,0xF0,0xE9,
0xFF,0xF3,0x30,0x24,0x29,0x36,0x33,0xF0,0xEC,0x00,0x34,0x33,0x36,0x00,0x2A,0x25,
0x3A,0x33,0x36,0xF0,0xEC,0xFC,0x3A,0x2D,0x32,0x2B,0x39,0x29,0x00,0x33,0x37,0xFC,
0x32,0x33,0x37,0x37,0x33,0x37,0x00,0x25,0x31,0x2D,0x2B,0x33,0x37,0xFC,0x27,0x25,
0xF0,0x12,0x28,0x33,0x37,0xE5,0xFF,0xF3,0x38,0x17,0x39,0x2D,0x38,0xF0,0x12,0x37,
0x37,0x2D,0x31,0x33,0xFC,0x33,0x26,0x36,0x2D,0x2B,0x25,0x28,0x33,0xF0,0xE9,0xFC,
0x0F,0x39,0x00,0x34,0x33,0x37,0x37,0x33,0xFC,0x38,0x36,0x25,0x26,0x25,0x30,0x2C,
0x25,0x36,0x00,0x25,0x35,0x39,0x2D,0xFD,0x2B,0x36,0x25,0x27,0x25,0x37,0x00,0x25,
0x00,0x3A,0x33,0x27,0x29,0xF0,0xE9,0xFF,0xF3,0x38,0x0F,0x37,0x38,0x33,0x00,0x38,
0x33,0x28,0x33,0x37,0xFC,0x26,0x29,0x31,0xF0,0x08,0x00,0x1E,0x2D,0x3A,0x29,0xFC,
0x37,0x33,0x36,0x38,0x29,0x00,0x35,0x39,0x29,0x00,0x2A,0x33,0x2D,0xFC,0x25,0x34,
0x29,0x32,0x25,0x37,0x00,0x39,0x31,0xFD,0x34,0x29,0x35,0x39,0x29,0x32,0x33,0x00,
0x25,0x36,0x36,0x25,0x32,0x2C,0x33,0xF0,0xE9,0xF0,0xE9,0xF0,0xE9,0xFC,0x20,0x33,
0x27,0x29,0x00,0x28,0x29,0x3A,0x29,0x36,0x2D,0x25,0xFC,0x38,0x29,0x36,0x00,0x26,
0x25,0x37,0x38,0x25,0x32,0x38,0x29,0xFC,0x27,0x39,0x2D,0x28,0x25,0x28,0x33,0xF0,
0xEC,0x00,0x24,0x29,0x36,0x33,0xF0,0xE9,0xFF,0xF3,0x38,0x0F,0x37,0x38,0x33,0x39,
0x00,0x31,0x39,0x2D,0x38,0x33,0xFC,0x25,0x2B,0x36,0x25,0x28,0x29,0x27,0x2D,0x28,
0x33,0x00,0x25,0xFC,0x3A,0x33,0x27,0x29,0xF0,0xE9,0xFF,0xF3,0x38,0x18,0x39,0x32,
0x27,0x25,0x00,0x34,0x29,0x32,0x37,0x29,0x2D,0xFC,0x35,0x39,0x29,0x00,0x3A,0x33,
0x30,0x38,0x25,0x36,0x2D,0x25,0xFC,0x27,0x33,0x31,0x00,0x3A,0x2D,0x28,0x25,0xF0,
0xE9,0xF0,0xE9,0xF0,0xE9,0xFD,0x19,0x26,0x36,0x2D,0x2B,0x25,0x28,0x33,0xF0,0xEC,
0xFC,0x24,0x29,0x36,0x33,0xF0,0xE9,0x00,0x00,0xFD,0x18,0x25,0x33,0x00,0x37,0x29,
0x2D,0x00,0x33,0x00,0x35,0x39,0x29,0xFC,0x31,0x29,0x00,0x38,0x29,0x36,0x2D,0x25,
0xFC,0x25,0x27,0x33,0x32,0x38,0x29,0x27,0x2D,0x28,0x33,0xF0,0xE9,0xF0,0xE9,0xF0,
0xE9,0xFF,0xF3,0x38,0x0F,0x39,0x00,0x32,0x25,0x33,0x00,0x34,0x33,0x37,0x37,0x33,
0x00,0x27,0x36,0x29,0x36,0xFC,0x35,0x39,0x29,0x00,0x33,0x00,0x25,0x38,0x25,0x35,
0x39,0x29,0xFC,0x28,0x29,0x00,0x18,0x29,0x33,0x00,0x0B,0x36,0x27,0x25,0x28,0x2D,
0x25,0xFC,0x27,0x2C,0x29,0x2B,0x33,0x39,0x00,0xFD,0x32,0x33,0x37,0x37,0x25,0x00,
0x26,0x25,0x37,0x29,0xE5,0xFD,0x17,0x25,0x37,0x00,0x34,0x33,0x28,0x2D,0x25,0xFC,
0x38,0x29,0x36,0x00,0x37,0x2D,0x28,0x33,0xFC,0x26,0x29,0x31,0x00,0x34,0x2D,0x33,
0x36,0xF0,0xE9,0xF0,0xE9,0xF0,0xE9,0xFC,0x19,0x26,0x36,0x2D,0x2B,0x25,0x28,0x33,
0xF0,0xEC,0x00,0x24,0x29,0x36,0x33,0xF0,0xE9,0xFF,0xF3,0x38,0x1A,0x36,0x33,0x38,
0x29,0x2B,0x29,0x36,0x29,0x2D,0x00,0x25,0xFC,0x32,0x33,0x37,0x37,0x25,0x00,0x26,
0x25,0x37,0x29,0xE5,0xFF,0xF3,0x2C,0x18,0xF0,0x13,0x37,0x00,0x32,0x25,0x33,0xFC,
0x38,0x29,0x36,0xF0,0x12,0x25,0x31,0x33,0x37,0xFC,0x27,0x33,0x32,0x37,0x29,0x2B,
0x39,0x2D,0x28,0x33,0x00,0x37,0x29,0x31,0xFC,0x3A,0x33,0x27,0x29,0xF0,0xE9,0xF0,
0xE9,0xF0,0xE9,0xFD,0x19,0x26,0x36,0x2D,0x2B,0x25,0x28,0x33,0xF0,0xEC,0x00,0x24,
0x29,0x36,0x33,0xF0,0xE9,0xFC,0x20,0x33,0x27,0x29,0x00,0xF0,0x11,0x00,0x39,0x31,
0x00,0x3A,0x29,0x36,0x28,0x25,0x28,0x29,0x2D,0x36,0x33,0xFC,0xF9,0xF0,0xE9,0xFD,
0x0B,0x00,0x34,0x36,0x33,0x34,0xF0,0x13,0x37,0x2D,0x38,0x33,0xF0,0xEC,0xFC,0x3A,
0x33,0x27,0x29,0x00,0x32,0x33,0x38,0x33,0x39,0xFC,0x39,0x31,0x25,0x00,0x29,0x37,
0x38,0x36,0x25,0x32,0x2C,0x25,0x00,0x37,0x25,0x30,0x25,0xFC,0x25,0x30,0x2D,0x00,
0x34,0x29,0x36,0x38,0x33,0x00,0x28,0x25,0xFD,0x1D,0x25,0x30,0x25,0x00,0x28,0x33,
0x37,0xFC,0x0D,0x33,0x31,0x34,0x39,0x38,0x25,0x28,0x33,0x36,0x29,0x37,0xF0,0x08,
0xFF,0xF3,0x2C,0x18,0xF0,0x13,0x37,0x00,0x32,0x25,0x33,0xFC,0x38,0x29,0x36,0xF0,
0x12,0x25,0x31,0x33,0x37,0xFC,0x27,0x33,0x32,0x37,0x29,0x2B,0x39,0x2D,0x28,0x33,
0x00,0x37,0x29,0x31,0xFC,0x3A,0x33,0x27,0x29,0xF0,0xE9,0xF0,0xE9,0xF0,0xE9,0xFD,
0x1E,0x29,0x32,0x2C,0x33,0x00,0x31,0x39,0x2D,0x38,0x25,0x00,0x37,0x33,0x36,0x38,
0x29,0xFC,0x28,0x29,0x00,0x34,0x33,0x28,0x29,0x36,0x00,0x38,0x36,0x25,0x26,0x25,
0x30,0x2C,0x25,0x36,0xFC,0x32,0x33,0x00,0x25,0x36,0x31,0x25,0x3E,0xF0,0x11,0x31,
0x00,0x28,0x33,0x37,0xFC,0x0F,0x32,0x29,0x36,0x2B,0x3D,0x00,0x0D,0x36,0x3D,0x37,
0x38,0x25,0x30,0x37,0xFD,0x28,0x29,0x00,0x32,0x33,0x3A,0x33,0xF0,0xE9,0xFD,0x0B,
0x00,0x34,0x36,0x33,0x34,0xF0,0x13,0x37,0x2D,0x38,0x33,0xF0,0xEC,0xFC,0x3A,0x33,
0x27,0x29,0x00,0x32,0x33,0x38,0x33,0x39,0xFC,0x39,0x31,0x25,0x00,0x29,0x37,0x38,
0x36,0x25,0x32,0x2C,0x25,0x00,0x37,0x25,0x30,0x25,0xFC,0x25,0x30,0x2D,0x00,0x34,
0x29,0x36,0x38,0x33,0x00,0x28,0x25,0xFD,0x1D,0x25,0x30,0x25,0x00,0x28,0x33,0x37,
0xFC,0x0D,0x33,0x31,0x34,0x39,0x38,0x25,0x28,0x33,0x36,0x29,0x37,0xF0,0x08,0xFF,
0xF3,0x2C,0x18,0x39,0x32,0x27,0x25,0xFC,0x2D,0x31,0x25,0x2B,0x2D,0x32,0x29,0x2D,
0x00,0x35,0x39,0x29,0xFC,0x32,0x33,0x37,0x37,0x25,0x00,0x26,0x25,0x37,0x29,0x00,
0x37,0x29,0x36,0x2D,0x25,0xFC,0x25,0x38,0x25,0x27,0x25,0x28,0x25,0xF0,0xE9,0xF0,
0xE9,0xF0,0xE9,0xFD,0x16,0x25,0x31,0x29,0x32,0x38,0x33,0x00,0x31,0x39,0x2D,0x38,
0x33,0xFC,0x38,0x29,0x36,0x00,0x28,0x29,0x2D,0x3C,0x25,0x28,0x33,0xFC,0x29,0x30,
0x29,0x37,0x00,0x29,0x32,0x38,0x36,0x25,0x36,0x29,0x31,0xE5,0xFD,0x20,0x33,0x27,
0x29,0x00,0x32,0x33,0x37,0xFC,0x37,0x25,0x30,0x3A,0x33,0x39,0x00,0x28,0x29,0x00,
0x32,0x33,0x3A,0x33,0xF0,0xEC,0xFC,0x24,0x29,0x36,0x33,0xF0,0xE9,0x00,0x17,0x39,
0x2D,0x38,0x33,0xFC,0x33,0x26,0x36,0x2D,0x2B,0x25,0x28,0x33,0xF0,0xE9,0xFF,0xF3,
0x2E,0x19,0x26,0x36,0x2D,0x2B,0x25,0x28,0x33,0xF0,0xEC,0x00,0x24,0x29,0x36,0x33,
0xF0,0xE9,0xFC,0x0F,0x39,0x00,0x38,0x29,0x36,0x2D,0x25,0x00,0x37,0x2D,0x28,0x33,
0xFC,0x2A,0x29,0x2D,0x38,0x33,0x00,0x29,0x31,0x00,0x34,0x29,0x28,0x25,0x27,0x33,
0x37,0xFC,0x33,0x39,0x00,0x37,0x25,0x26,0x29,0xF0,0x01,0x37,0x29,0x00,0x30,0xF0,
0x10,0xFD,0x33,0x00,0x35,0x39,0x29,0x00,0x31,0x25,0x2D,0x37,0xF0,0xEC,0x00,0x37,
0x29,0x00,0x32,0x25,0x33,0xFC,0x2A,0x33,0x37,0x37,0x29,0x00,0x34,0x33,0x36,0x00,
0x37,0x39,0x25,0xFC,0x2D,0x31,0x29,0x32,0x37,0x25,0x00,0x25,0x2E,0x39,0x28,0x25,
0xF0,0xE9,0xF0,0xE9,0xF0,0xE9,0xFD,0x17,0x29,0x37,0x31,0x33,0x00,0x25,0x37,0x37,
0x2D,0x31,0xF0,0xEC,0x00,0x32,0x39,0x32,0x27,0x25,0xFC,0x2D,0x31,0x25,0x2B,0x2D,
0x32,0x29,0x2D,0x00,0x35,0x39,0x29,0xFC,0x34,0x33,0x28,0x29,0x36,0x2D,0x25,0x00,
0x3A,0x33,0x30,0x38,0x25,0x36,0x00,0x25,0xFC,0x31,0x33,0x36,0x25,0x36,0x00,0x27,
0x33,0x31,0x00,0x25,0x00,0x0D,0x2D,0x29,0x30,0xFD,0x28,0x29,0x00,0x32,0x33,0x3A,
0x33,0xF0,0xE9,0xF0,0xE9,0xF0,0xE9,0xFF,0xF3,0x2E,0x1E,0x2D,0x3A,0x29,0x00,0x31,
0x39,0x2D,0x38,0x33,0xFC,0x31,0x29,0x28,0x33,0xF0,0xE9,0xF0,0xE9,0xF0,0xE9,0xFD,
0x0B,0x00,0x0D,0x2D,0x29,0x30,0x00,0x29,0x37,0x38,0xF0,0x10,0xFC,0x26,0x29,0x31,
0xF0,0x08,0x00,0x0F,0x00,0x38,0x33,0x28,0x33,0x37,0xFC,0x33,0x37,0x00,0x33,0x39,
0x38,0x36,0x33,0x37,0xF0,0x08,0xFD,0x19,0x00,0x35,0x39,0x29,0x00,0x37,0x29,0x36,
0xF0,0x10,0xFC,0x35,0x39,0x29,0x00,0x3A,0x25,0x2D,0x00,0x25,0x27,0x33,0x32,0x38,
0x29,0x27,0x29,0x36,0xFC,0x27,0x33,0x32,0x33,0x37,0x27,0x33,0xF0,0xE9,0xF0,0xE9,
0xF0,0xE9,0xFD,0x24,0x29,0x36,0x33,0xF0,0xE9,0xF0,0xE9,0xF0,0xE9,0x00,0x18,0x25,
0x33,0xFC,0x34,0x29,0x36,0x28,0x29,0x36,0x29,0x31,0x33,0x37,0xFC,0x27,0x33,0x32,
0x38,0x36,0x25,0x00,0x18,0x29,0x33,0xFC,0x0B,0x36,0x27,0x25,0x28,0x2D,0x25,0xF0,
0xEC,0xFD,0x32,0x25,0x33,0x00,0xF0,0x11,0xF0,0xE9,0xF0,0xE9,0xF0,0xE9,0xF0,0x08,
0xFF,0xF3,0x38,0x24,0x29,0x36,0x33,0xF0,0xE9,0xF0,0xE9,0xF0,0xE9,0x00,0x19,0x26,
0x36,0x2D,0x2B,0x25,0x28,0x33,0xFC,0x34,0x33,0x36,0x00,0x31,0x29,0x00,0x37,0x25,
0x30,0x3A,0x25,0x36,0xF0,0xE9,0xF0,0xE9,0xF0,0xE9,0xFF,0xF3,0x38,0x24,0x29,0x36,
0x33,0xF0,0xE9,0xF0,0xE9,0xF0,0xE9,0x00,0x20,0x33,0x27,0x29,0xFC,0x29,0x37,0x38,
0xF0,0x10,0x00,0x26,0x29,0x31,0xF0,0x08,0xFC,0x17,0x29,0x00,0x34,0x29,0x36,0x2B,
0x39,0x32,0x38,0x33,0x00,0x33,0x00,0x35,0x39,0x29,0xFC,0x25,0x00,0x2B,0x29,0x32,
0x38,0x29,0x00,0x28,0x29,0x3A,0x29,0x36,0x2D,0x25,0xFD,0x2A,0x25,0x3E,0x29,0x36,
0xF0,0xE9,0xF0,0xE9,0xF0,0xE9,0xFF,0xF3,0x38,0x24,0x29,0x36,0x33,0xF0,0xEC,0x00,
0x33,0x26,0x36,0x2D,0x2B,0x25,0x28,0x33,0xFC,0x34,0x33,0x36,0x00,0x37,0x29,0x39,
0x00,0x25,0x34,0x33,0x2D,0x33,0xFC,0x27,0x33,0x32,0x38,0xF0,0x12,0x32,0x39,0x33,
0xF0,0xE9,0xFF,
};
alignas(16) inline constexpr uint16_t mmz1_msg03_script_offsets[] = {
0x0000,0x000B,0x0037,0x00A1,0x00DD,0x0104,0x0129,0x016C,
0x01AB,0x01B6,0x01C3,0x0220,0x0236,0x028D,0x02C5,0x02FE,
0x0353,0x03A5,0x03DE,0x03EF,0x0442,0x048C,0x04A8,0x0540,
0x0581,0x058F,0x05D5,0x05DE,0x05E4,0x0663,0x08A0,0x095C,
0x09DB,
};
constexpr int mmz1_msg03_num_entries = 33;
alignas(16) inline constexpr uint8_t mmz1_msg03_script_data[] = {
0xF3,0x38,0x21,0x25,0x25,0x25,0x25,0x25,0x25,0xE5,0xFF,0xF3,0x38,0xFB,0x19,0x00,
0x35,0x39,0xE5,0xF0,0x08,0x00,0x1B,0x39,0x29,0x00,0x38,0x2D,0x34,0x33,0xFC,0x28,
0x29,0x00,0x31,0x33,0x32,0x37,0x38,0x36,0x33,0x37,0x00,0x37,0x33,0xFC,0x29,0x37,
0x37,0x29,0x37,0xF0,0x08,0xE5,0xFF,0xF3,0x06,0xFB,0x1A,0x39,0x2A,0x2A,0xE5,0x00,
0x1A,0x39,0x2A,0x2A,0xE5,0xFC,0x1F,0x31,0x00,0x26,0x29,0x27,0x33,0x00,0x37,0x29,
0x31,0xFC,0x37,0x25,0xF0,0x12,0x28,0x25,0xE5,0xF0,0x08,0xFD,0xF3,0x0A,0x18,0x25,
0x33,0xF0,0xE9,0x00,0x1D,0x2D,0x32,0x38,0x33,0x00,0x39,0x31,0x25,0xFC,0x2A,0x33,
0x36,0x38,0x29,0x00,0x29,0x32,0x29,0x36,0x2B,0x2D,0x25,0xFC,0x30,0xF0,0x10,0x00,
0x28,0x29,0x32,0x38,0x36,0x33,0xF0,0xE9,0x00,0x0F,0x37,0x38,0x29,0xFC,0x28,0x29,
0x3A,0x29,0x00,0x37,0x29,0x36,0x00,0x33,0x00,0x30,0x39,0x2B,0x25,0x36,0xF0,0xE9,
0xFF,0xF3,0x38,0x1E,0x39,0x28,0x33,0x00,0x26,0x29,0x31,0xE5,0x00,0x0E,0x29,0x2D,
0x3C,0x29,0xFC,0x2D,0x37,0x37,0x33,0x00,0x27,0x33,0x31,0x2D,0x2B,0x33,0xE5,0x00,
0x10,0x2D,0x35,0x39,0x29,0xFC,0x25,0x38,0x36,0xF0,0x10,0x37,0x00,0x28,0x29,0x00,
0x31,0x2D,0x31,0xF0,0xEC,0x00,0x0D,0x2D,0x29,0x30,0xF0,0xE9,0xFF,0xF3,0x38,0x20,
0x33,0x27,0x29,0x00,0x28,0x29,0x3A,0x29,0x36,0x2D,0x25,0x00,0x2D,0x36,0xF0,0xE9,
0xFC,0x0F,0x39,0x00,0x27,0x39,0x2D,0x28,0x25,0x36,0x29,0x2D,0xFC,0x28,0x29,0x30,
0x29,0x37,0xE5,0xFF,0xF3,0x09,0x0F,0x37,0x38,0x29,0x00,0x28,0x29,0x3A,0x29,0x00,
0x37,0x29,0x36,0xF0,0xE9,0xF0,0xE9,0xF0,0xE9,0xFD,0xF3,0x07,0xF0,0xE9,0xF0,0xE9,
0xF0,0xE9,0xF0,0xE9,0xF0,0xE9,0xF0,0xE9,0xFF,0xF3,0x07,0x0F,0x30,0x29,0xF0,0xE9,
0xF0,0xE9,0xF0,0xE9,0x00,0x28,0x29,0x3A,0x29,0xFC,0x37,0x29,0x36,0x00,0x33,0x00,
0x24,0x29,0x36,0x33,0xF0,0xE9,0xF0,0xE9,0xF0,0xE9,0xFD,0xF3,0x09,0x18,0xF0,0x13,
0x37,0x00,0x2A,0x2D,0x32,0x25,0x30,0x31,0x29,0x32,0x38,0x29,0xFC,0x33,0x00,0x29,
0x32,0x27,0x33,0x32,0x38,0x36,0x25,0x31,0x33,0x37,0xE5,0xFF,0xF3,0x09,0x21,0x25,
0x25,0x25,0x25,0xE5,0xFD,0xF3,0x0A,0x0F,0x30,0x29,0x00,0x29,0x37,0x38,0xF0,0x10,
0xFC,0x34,0x36,0x33,0x38,0x29,0x2B,0x2D,0x28,0x33,0xF0,0xE9,0xFD,0xF3,0x09,0x19,
0x00,0x35,0x39,0x29,0x00,0x29,0x39,0x00,0x28,0x29,0x3A,0x33,0xFC,0x2A,0x25,0x3E,
0x29,0x36,0xF0,0xE9,0xF0,0xE9,0xF0,0xE9,0xF0,0x08,0xFF,0xF3,0x39,0x21,0x25,0x25,
0x25,0x25,0x25,0xE5,0xE5,0xFF,0xF3,0x08,0x0D,0x39,0x2D,0x28,0x25,0x28,0x33,0xE5,
0xE5,0xE5,0xFF,0xF3,0x08,0x0F,0x37,0x38,0x25,0x31,0x33,0x37,0x00,0x29,0x32,0x27,
0x39,0x36,0x36,0x25,0x30,0x25,0x28,0x33,0x37,0xF0,0xE9,0xFC,0x1E,0x29,0x31,0x33,
0x37,0x00,0x35,0x39,0x29,0xFC,0x29,0x3A,0x25,0x27,0x39,0x25,0x36,0x00,0x25,0x2B,
0x33,0x36,0x25,0xE5,0xFD,0xF3,0x06,0x17,0x25,0x37,0xF0,0xE9,0xF0,0xE9,0xF0,0xE9,
0xFD,0xF3,0x08,0x18,0x25,0x33,0x00,0x2C,0xF0,0x10,0x00,0x38,0x29,0x31,0x34,0x33,
0xFC,0x34,0x25,0x36,0x25,0x00,0x28,0x2D,0x37,0x27,0x39,0x38,0x2D,0x36,0xE5,0xFF,
0xF3,0x08,0x0B,0x36,0x2B,0x2C,0x2C,0x2C,0x2C,0xE5,0xE5,0xFD,0xF3,0x07,0x17,0x2D,
0x30,0x25,0x32,0xE5,0xE5,0xFF,0xF3,0x0A,0x0D,0x2D,0x29,0x30,0xF0,0xE9,0xF0,0xE9,
0xF0,0xE9,0xFD,0xF3,0x07,0xF0,0xE9,0xF0,0xE9,0xF0,0xE9,0xF0,0xE9,0xF0,0xE9,0xF0,
0xE9,0xFD,0xF0,0xE9,0xF0,0xE9,0xF0,0xE9,0xF0,0xE9,0xF0,0xE9,0xF0,0xE9,0xF0,0xE9,
0xF0,0xE9,0xF0,0xE9,0xFD,0xF0,0xE9,0xF0,0xE9,0xF0,0xE9,0xF0,0xE9,0xF0,0xE9,0xF0,
0xE9,0xF0,0xE9,0xF0,0xE9,0xF0,0xE9,0xF0,0xE9,0xF0,0xE9,0xFD,0xF3,0x0A,0x0D,0x2D,
0x29,0x30,0xE5,0xE5,0xE5,0xF1,0xFD,0xF3,0x07,0x12,0xF0,0x08,0xFF,0xF3,0x0A,0x20,
0x33,0x27,0x29,0x00,0x28,0x29,0x3A,0x29,0x36,0x2D,0x25,0x00,0x39,0x37,0x25,0x36,
0xFC,0x33,0x00,0x31,0x29,0x39,0x00,0x34,0x33,0x28,0x29,0x36,0xE5,0xE5,0xFC,0x20,
0x33,0x27,0x29,0x00,0x32,0x25,0x33,0x00,0x38,0x29,0x31,0xFC,0x29,0x37,0x27,0x33,
0x30,0x2C,0x25,0xE5,0xFF,0xF3,0x06,0xFB,0x19,0x00,0x35,0x39,0xE5,0xF0,0x08,0x00,
0x1A,0x25,0x37,0x37,0x3D,0xF0,0xE9,0xF0,0xE9,0xF0,0xE9,0xFC,0x1D,0x29,0x00,0x29,
0x39,0x00,0x2A,0x2D,0x3E,0x29,0x36,0x00,0x2D,0x37,0x37,0x33,0xF0,0xEC,0xFC,0x3A,
0x33,0x27,0x29,0x00,0x3A,0x25,0x2D,0xF0,0xE9,0xF0,0xE9,0xF0,0xE9,0xFF,0xF3,0x0A,
0xFB,0x18,0x25,0x33,0x00,0x37,0x29,0x00,0x34,0x36,0x29,0x33,0x27,0x39,0x34,0x29,
0xFC,0x27,0x33,0x31,0x2D,0x2B,0x33,0xF0,0xE9,0x00,0x16,0x29,0x31,0x26,0x36,0x29,
0xF0,0x01,0x37,0x29,0xF0,0xEC,0xFC,0x38,0x33,0x28,0x33,0x37,0x00,0x29,0x37,0x38,
0x33,0xFC,0x29,0x37,0x34,0x29,0x36,0x25,0x32,0x28,0x33,0x00,0x33,0x00,0x37,0x29,
0x39,0xFD,0x36,0x29,0x38,0x33,0x36,0x32,0x33,0x00,0x25,0x00,0x37,0x25,0x30,0x3A,
0x33,0xE5,0xFF,0xF3,0x06,0xFB,0xF0,0xE9,0xF0,0xE9,0xF0,0xE9,0xF0,0xE9,0xF0,0xE9,
0xF0,0xE9,0xFD,0xF0,0xE9,0xF0,0xE9,0xF0,0xE9,0xF0,0xE9,0xF0,0xE9,0xF0,0xE9,0xF0,
0xE9,0xF0,0xE9,0xF0,0xE9,0xFD,0xF0,0xE9,0xF0,0xE9,0xF0,0xE9,0xF0,0xE9,0xF0,0xE9,
0xF0,0xE9,0xF0,0xE9,0xF0,0xE9,0xF0,0xE9,0xF0,0xE9,0xF0,0xE9,0xF0,0xE9,0xFD,0x1E,
0x39,0x28,0x33,0x00,0x26,0x29,0x31,0xF0,0xE9,0x00,0x19,0x26,0x36,0x2D,0x2B,0x25,
0x28,0x25,0xF0,0xE9,0xFF,0xF3,0x0A,0x18,0x25,0x33,0xF0,0xE9,0x00,0x0F,0x39,0x00,
0xF0,0x11,0x00,0x35,0x39,0x29,0xFC,0x28,0x29,0x3A,0x33,0x00,0x38,0x29,0xFC,0x25,
0x2B,0x36,0x25,0x28,0x29,0x27,0x29,0x36,0xF0,0xEC,0x00,0x0D,0x2D,0x29,0x30,0xF0,
0xE9,0xFC,0x0B,0x28,0x29,0x39,0x37,0xF0,0xE9,0xF0,0xE9,0xF0,0xE9,0xFF,0xF3,0x06,
0xFB,0x1A,0x25,0x37,0x37,0x37,0x37,0x3D,0x3D,0x3D,0x3D,0x3D,0x3D,0xE5,0xFF,0xF3,
0x06,0x24,0x29,0x36,0x33,0xF0,0xE9,0xF0,0xE9,0xF0,0xE9,0x00,0x2A,0x33,0x2D,0xFC,
0x36,0x29,0x37,0x37,0x39,0x37,0x27,0x2D,0x38,0x25,0x28,0x33,0xF0,0xE9,0xF0,0xE9,
0xF0,0xE9,0xFD,0xF3,0x04,0xF0,0xE9,0xF0,0xE9,0xF0,0xE9,0xF0,0xE9,0xF0,0xE9,0xF0,
0xE9,0xFD,0xF3,0x06,0x24,0x29,0x36,0x33,0xF0,0x08,0xFD,0x17,0x29,0x00,0x25,0x2E,
0x39,0x28,0x29,0xF0,0xE9,0xFC,0x1A,0x33,0x36,0x00,0x2A,0x25,0x3A,0x33,0x36,0xF0,
0xE9,0xFF,0xF3,0x06,0x19,0x00,0x35,0x39,0xE5,0xF0,0x08,0x00,0xF0,0x16,0x00,0x39,
0x31,0xFC,0x26,0x29,0x27,0x33,0x00,0x37,0x29,0x31,0x00,0x37,0x25,0xF0,0x12,0x28,
0x25,0xF0,0xE9,0xF0,0xE9,0xF0,0xE9,0xFC,0x19,0x00,0x35,0x39,0x29,0x00,0x25,0x00,
0x2B,0x29,0x32,0x38,0x29,0xFC,0x28,0x29,0x3A,0x29,0x36,0x2D,0x25,0x00,0x2A,0x25,
0x3E,0x29,0x36,0xF0,0xE9,0xF0,0xE9,0xF0,0xE9,0xF0,0x08,0xFF,0xF3,0x07,0x20,0x33,
0x27,0x29,0xF0,0xE9,0xF0,0xE9,0xF0,0xE9,0xFC,0x19,0x26,0x36,0x2D,0x2B,0x25,0x28,
0x25,0xF0,0xE9,0xF0,0xE9,0xF0,0xE9,0xFF,0xF3,0x06,0x0F,0x37,0x38,0x29,0x00,0x30,
0x39,0x2B,0x25,0x36,0x00,0x34,0x25,0x36,0x29,0x27,0x29,0xFC,0x37,0x29,0x36,0x00,
0x39,0x31,0xFC,0x30,0x25,0x26,0x33,0x36,0x25,0x38,0xF0,0x13,0x36,0x2D,0x33,0xFC,
0x34,0x36,0xF0,0x11,0xF0,0x01,0x2C,0x2D,0x37,0x38,0xF0,0x13,0x36,0x2D,0x27,0x33,
0xF0,0xE9,0xFD,0x18,0xF0,0x13,0x37,0x00,0x34,0x33,0x28,0x29,0x31,0x33,0x37,0xFC,
0x25,0x27,0x2C,0x25,0x36,0x00,0x39,0x31,0x00,0x1E,0x36,0x25,0x32,0x37,0xFC,0x1D,
0x29,0x36,0x3A,0x29,0x36,0x00,0x25,0x35,0x39,0x2D,0xF0,0xEC,0x00,0x35,0x39,0x29,
0xFC,0x34,0x33,0x28,0x29,0x31,0x33,0x37,0x00,0x39,0x37,0x25,0x36,0xFD,0x34,0x25,
0x36,0x25,0x00,0x3A,0x33,0x30,0x38,0x25,0x36,0x00,0xFC,0x0C,0x25,0x37,0x29,0x00,
0x28,0x25,0xFC,0x1C,0x29,0x37,0x2D,0x37,0x38,0x32,0x27,0x2D,0x25,0xF0,0xE9,0xFF,
0xF3,0x07,0x1B,0x39,0x29,0x00,0x34,0x29,0x32,0x25,0xF0,0xE9,0xF0,0xE9,0xF0,0xE9,
0xFC,0x0F,0x37,0x38,0x25,0x00,0x34,0x25,0x37,0x37,0x25,0x2B,0x29,0x31,0xFC,0x28,
0x29,0x37,0x31,0x33,0x36,0x33,0x32,0x33,0x39,0xF0,0xE9,0xFD,0x0E,0x29,0x3A,0x29,
0x36,0xF0,0x12,0x25,0x31,0x33,0x37,0xFC,0x3A,0x33,0x30,0x38,0x25,0x36,0xF0,0x08,
0xFF,0xF3,0x04,0x0B,0x2A,0x25,0x37,0x38,0x29,0xF0,0x01,0x37,0x29,0xE5,0xFF,0xF3,
0x07,0x24,0x29,0x36,0x33,0xE5,0x00,0x18,0x25,0x33,0xE5,0x00,0x0D,0x33,0x36,0x36,
0x25,0xF0,0xE9,0xF0,0xE9,0xF0,0xE9,0xFC,0x20,0x33,0x27,0x29,0x00,0x32,0x25,0x33,
0x00,0x34,0x33,0x28,0x29,0xFC,0x2A,0x29,0x36,0x2D,0x36,0x00,0x2D,0x37,0x37,0x33,
0x00,0x27,0x33,0x31,0xFC,0x39,0x31,0x00,0x0C,0x39,0x37,0x38,0x29,0x36,0xF0,0xE9,
0xF0,0xE9,0xF0,0xE9,0xFF,0xF3,0x04,0x0E,0x36,0x33,0x2B,0x25,0xE5,0xFF,0xF3,0x04,
0x12,0xF0,0x08,0xFF,0xF3,0x0E,0xF0,0xE9,0xF0,0xE9,0xF0,0xE9,0x1F,0x1D,0x0F,0x00,
0x13,0x1D,0x1E,0x19,0xF0,0xE9,0xF0,0xE9,0xF0,0xE9,0xFC,0x24,0x0F,0x1C,0x19,0xF0,
0xE9,0xF0,0xE9,0xF0,0xE9,0xFD,0xF3,0x04,0x1B,0x39,0x29,0x31,0x00,0xF0,0x11,0x00,
0x3A,0x33,0x27,0x29,0xE5,0xF0,0x08,0xFD,0xF3,0x0E,0x0E,0x0F,0x1A,0x1C,0x0F,0x1D,
0x1D,0x0B,0xF0,0xE9,0xF0,0xE9,0xF0,0xE9,0xFC,0x20,0x19,0x0D,0x0F,0x00,0x1E,0x0F,
0x17,0x00,0x1B,0x1F,0x0F,0xF0,0xE9,0xF0,0xE9,0xF0,0xE9,0xFC,0x1D,0x0B,0x16,0x20,
0xF0,0x15,0xF0,0x01,0x16,0x0B,0xF0,0xE9,0xF0,0xE9,0xF0,0xE9,0xFD,0x18,0x0B,0x19,
0x00,0x1A,0x0F,0x1C,0x0D,0x0B,0xFC,0x1E,0x0F,0x17,0x1A,0x19,0xF0,0xE9,0xF0,0xE9,
0xF0,0xE9,0xFF,0xF3,0x07,0x18,0x25,0x33,0x00,0x34,0x33,0x37,0x37,0x33,0xFC,0x25,
0x27,0x36,0x29,0x28,0x2D,0x38,0x25,0x36,0x00,0x35,0x39,0x29,0x00,0x3A,0x33,0x27,
0x29,0xFC,0x27,0x33,0x32,0x37,0x29,0x2B,0x39,0x2D,0x39,0xFC,0x28,0x29,0x37,0x38,
0x36,0x39,0x2D,0x36,0x00,0x39,0x31,0x00,0x11,0x33,0x30,0x29,0x31,0xF0,0xE9,0xF0,
0xE9,0xF0,0xE9,0xFD,0x0F,0x37,0x38,0xF0,0x10,0x3A,0x25,0x31,0x33,0x37,0x00,0x27,
0x29,0x36,0x38,0x33,0x37,0xF0,0xE9,0xFC,0x20,0x33,0x27,0x29,0x00,0xF0,0x16,0x00,
0x33,0x00,0x24,0x29,0x36,0x33,0xF0,0xEC,0xFC,0x33,0x00,0x1C,0x29,0x34,0x30,0x33,
0x2D,0x28,0xFC,0x30,0x29,0x32,0x28,0xF0,0x10,0x36,0x2D,0x33,0xE5,0xFD,0xF3,0x04,
0x24,0x29,0x36,0x33,0xF0,0xE9,0xF0,0xE9,0xF0,0xE9,0xF0,0x08,0xFC,0x0F,0x37,0x37,
0x29,0x00,0xF0,0x11,0x00,0x33,0x00,0x31,0x29,0x39,0xFC,0x32,0x33,0x31,0x29,0xF0,
0x08,0xFD,0xF0,0xE9,0xF0,0xE9,0xF0,0xE9,0xF0,0xE9,0xF0,0xE9,0xF0,0xE9,0xFD,0xF0,
0xE9,0xF0,0xE9,0xF0,0xE9,0xF0,0xE9,0xF0,0xE9,0xF0,0xE9,0xF0,0xE9,0xF0,0xE9,0xF0,
0xE9,0xF0,0xE9,0xF0,0xE9,0xF0,0xE9,0xFD,0x1F,0x2B,0x2C,0xF0,0xEC,0x00,0x29,0x39,
0x00,0x32,0x25,0x33,0xFC,0x27,0x33,0x32,0x37,0x2D,0x2B,0x33,0x00,0x30,0x29,0x31,
0x26,0x36,0x25,0x36,0xF0,0xE9,0xF0,0xE9,0xF0,0xE9,0xFD,0xF3,0x07,0x1C,0x29,0x30,
0x25,0x3C,0x29,0x00,0x39,0x31,0xFC,0x34,0x33,0x39,0x27,0x33,0xF0,0xE9,0x00,0x20,
0x33,0x27,0x29,0x00,0x38,0x29,0x31,0xFC,0x25,0x31,0x32,0xF0,0x11,0x37,0x2D,0x25,
0x00,0x34,0x33,0x36,0xFC,0x2C,0x2D,0x26,0x29,0x36,0x32,0x25,0x27,0x33,0xF0,0xE9,
0xFD,0x17,0x29,0x00,0x28,0x29,0x37,0x27,0x39,0x30,0x34,0x29,0x00,0x34,0x33,0x36,
0x00,0x38,0x29,0xFC,0x2A,0x33,0x36,0x27,0x25,0x36,0x00,0x25,0x00,0x25,0x27,0x33,
0x36,0x28,0x25,0x36,0xF0,0xE9,0xFD,0x0F,0xF0,0xE9,0xF0,0xE9,0xF0,0xE9,0xFC,0x19,
0x26,0x36,0x2D,0x2B,0x25,0x28,0x25,0x00,0x34,0x33,0x36,0xFC,0x31,0x29,0x00,0x37,
0x25,0x30,0x3A,0x25,0x36,0xF0,0xE9,0xFD,0x17,0x29,0x39,0x00,0x32,0x33,0x31,0x29,
0x00,0xF0,0x11,0x00,0x0D,0x2D,0x29,0x30,0xF0,0xE9,0xFC,0x1D,0x33,0x39,0x00,0x39,
0x31,0x25,0x00,0x27,0x2D,0x29,0x32,0x38,0x2D,0x37,0x38,0x25,0xF0,0xE9,0xFD,0x20,
0x25,0x31,0x33,0x37,0x00,0x34,0x25,0x36,0x25,0x00,0x25,0xFC,0x32,0x33,0x37,0x37,
0x25,0x00,0x26,0x25,0x37,0x29,0xF0,0xEC,0x00,0x25,0x32,0x38,0x29,0x37,0xFC,0x35,
0x39,0x29,0x00,0x31,0x25,0x2D,0x37,0x00,0x2D,0x32,0x2D,0x31,0x2D,0x2B,0x33,0x37,
0xFC,0x27,0x2C,0x29,0x2B,0x39,0x29,0x31,0xF0,0xE9,0xFD,0xF3,0x04,0x0F,0x00,0x37,
0x29,0x00,0x29,0x39,0x00,0x32,0x25,0x33,0x00,0x2A,0x33,0x36,0xFC,0x33,0x00,0x24,
0x29,0x36,0x33,0x00,0x28,0x29,0x00,0x35,0x39,0x29,0xFC,0x3A,0x33,0x27,0x29,0x00,
0x29,0x37,0x38,0x25,0x3A,0x25,0xFC,0x2A,0x25,0x30,0x25,0x32,0x28,0x33,0xF0,0x08,
0xFD,0xF3,0x07,0x20,0x33,0x27,0x29,0x00,0x31,0x29,0x00,0x34,0x36,0x33,0x3A,0x33,
0x39,0xFC,0x2D,0x37,0x37,0x33,0x00,0x25,0x33,0x00,0x31,0x29,0xFC,0x37,0x25,0x30,
0x3A,0x25,0x36,0x00,0x28,0x33,0x00,0x11,0x33,0x30,0x29,0x31,0xF0,0xEC,0xFC,0x3A,
0x33,0x27,0x29,0x00,0xF0,0x11,0x00,0x33,0x00,0x24,0x29,0x36,0x33,0xF0,0xE9,0xFF,
0xF3,0x07,0x0F,0x37,0x38,0x25,0x31,0x33,0x37,0x00,0x27,0x33,0x31,0x00,0x37,0x33,
0x36,0x38,0x29,0xF0,0xE9,0xFC,0x19,0x00,0x1E,0x36,0x25,0x32,0x37,0x00,0x1D,0x29,
0x36,0x3A,0x29,0x36,0xFC,0x25,0x2D,0x32,0x28,0x25,0x00,0x29,0x37,0x38,0xF0,0x10,
0xFC,0x2A,0x39,0x32,0x27,0x2D,0x33,0x32,0x25,0x32,0x28,0x33,0xF0,0xE9,0xFD,0x10,
0x2D,0x35,0x39,0x29,0x00,0x29,0x31,0x00,0x27,0x2D,0x31,0x25,0x00,0x28,0x33,0xFC,
0x1E,0x36,0x25,0x32,0x37,0x00,0x1D,0x29,0x36,0x3A,0x29,0x36,0x00,0x29,0xFC,0x34,
0x36,0x29,0x37,0x37,0x2D,0x33,0x32,0x29,0x00,0x33,0x00,0x26,0x33,0x38,0x33,0xFC,
0x34,0x25,0x36,0x25,0x00,0x0D,0x2D,0x31,0x25,0xF0,0xEC,0x00,0x25,0x37,0x37,0x2D,
0x31,0xFD,0x34,0x33,0x28,0x29,0x36,0x29,0x31,0x33,0x37,0x00,0x3A,0x33,0x30,0x38,
0x25,0x36,0xFC,0x34,0x25,0x36,0x25,0x00,0x25,0x00,0x32,0x33,0x37,0x37,0x25,0xFC,
0x0C,0x25,0x37,0x29,0x00,0x28,0x25,0x00,0x1C,0x29,0x37,0x2D,0x37,0x38,0x32,0x27,
0x2D,0x25,0xF0,0xE9,0xFC,0x20,0x25,0x31,0x33,0x37,0xE5,0xFF,0xF3,0x07,0x10,0x2D,
0x35,0x39,0x29,0x00,0x29,0x31,0x00,0x27,0x2D,0x31,0x25,0x00,0x28,0x33,0xFC,0x1E,
0x36,0x25,0x32,0x37,0x00,0x1D,0x29,0x36,0x3A,0x29,0x36,0x00,0x29,0xFC,0x34,0x36,
0x29,0x37,0x37,0x2D,0x33,0x32,0x29,0x00,0x33,0x00,0x26,0x33,0x38,0x33,0xFC,0x34,
0x25,0x36,0x25,0x00,0x0D,0x2D,0x31,0x25,0xF0,0xEC,0x00,0x25,0x37,0x37,0x2D,0x31,
0xFD,0x34,0x33,0x28,0x29,0x36,0x29,0x31,0x33,0x37,0x00,0x3A,0x33,0x30,0x38,0x25,
0x36,0xFC,0x34,0x25,0x36,0x25,0x00,0x25,0x00,0x32,0x33,0x37,0x37,0x25,0xFC,0x0C,
0x25,0x37,0x29,0x00,0x28,0x25,0x00,0x1C,0x29,0x37,0x2D,0x37,0x38,0x32,0x27,0x2D,
0x25,0xF0,0xE9,0xFC,0x20,0x25,0x31,0x33,0x37,0xE5,0xFF,0xF3,0x06,0x24,0x29,0x36,
0x33,0xF0,0x08,0xFD,0x17,0x29,0x00,0x25,0x2E,0x39,0x28,0x29,0xF0,0xE9,0xFC,0x1A,
0x33,0x36,0x00,0x2A,0x25,0x3A,0x33,0x36,0xF0,0xE9,0xFF,
};
alignas(16) inline constexpr uint16_t mmz1_msg04_script_offsets[] = {
0x0000,0x00C0,0x00C0,0x0117,0x0238,0x0290,0x02FB,
};
constexpr int mmz1_msg04_num_entries = 7;
alignas(16) inline constexpr uint8_t mmz1_msg04_script_data[] = {
0x0D,0x13,0x0F,0x16,0xF0,0x04,0x0F,0x37,0x38,0x25,0x31,0x33,0x37,0x00,0x28,0x29,
0x38,0x29,0x27,0x38,0x25,0x32,0x28,0x33,0xFD,0x0D,0x13,0x0F,0x16,0xF0,0x04,0x3A,
0xF0,0x10,0x36,0x2D,0x25,0x37,0x00,0x30,0x29,0x2D,0x38,0x39,0x36,0x25,0x37,0xFD,
0x0D,0x13,0x0F,0x16,0xF0,0x04,0x28,0x29,0x00,0x29,0x32,0x29,0x36,0x2B,0x2D,0x25,
0x00,0x28,0x29,0xFD,0x0D,0x13,0x0F,0x16,0xF0,0x04,0x2D,0x32,0x2D,0x31,0x2D,0x2B,
0x33,0x37,0xF0,0xE9,0x00,0x0F,0x30,0x29,0x37,0x00,0x38,0x25,0x31,0x26,0xF0,0x11,
0x31,0xFD,0x0D,0x13,0x0F,0x16,0xF0,0x04,0x28,0x29,0x3A,0x29,0x31,0x00,0x29,0x37,
0x38,0x25,0x36,0x00,0xFD,0x0D,0x13,0x0F,0x16,0xF0,0x04,0x26,0x39,0x37,0x27,0x25,
0x32,0x28,0x33,0x00,0x33,0x37,0xFD,0x0D,0x13,0x0F,0x16,0xF0,0x04,0x28,0x25,0x28,
0x33,0x37,0x00,0x36,0x29,0x37,0x38,0x25,0x32,0x38,0x29,0x37,0xF0,0xE9,0xFD,0x0D,
0x13,0x0F,0x16,0xF0,0x04,0x1E,0x29,0x32,0x2C,0x25,0x00,0x27,0x39,0x2D,0x28,0x25,
0x28,0x33,0xF0,0xEC,0x00,0x24,0x29,0x36,0x33,0xF0,0xE9,0xF0,0xE9,0xF0,0xE9,0xFF,
0x0D,0x13,0x0F,0x16,0xF0,0x04,0x12,0xF0,0x10,0x00,0x39,0x31,0x25,0x00,0x29,0x32,
0x33,0x36,0x31,0x29,0xFD,0x0D,0x13,0x0F,0x16,0xF0,0x04,0x30,0x29,0x2D,0x38,0x39,
0x36,0x25,0x00,0x28,0x29,0x00,0x29,0x32,0x29,0x36,0x2B,0x2D,0x25,0xFD,0x0D,0x13,
0x0F,0x16,0xF0,0x04,0x30,0x33,0x2B,0x33,0x00,0x00,0x2A,0x36,0x29,0x32,0x38,0x29,
0xE5,0xFD,0x0D,0x13,0x0F,0x16,0xF0,0x04,0x10,0x2D,0x35,0x39,0x29,0x00,0x25,0x30,
0x29,0x36,0x38,0x25,0xE5,0xE5,0xFF,0xF3,0x18,0x17,0x29,0x39,0x00,0x32,0x33,0x31,
0x29,0x00,0xF0,0x11,0x00,0x17,0x25,0x2C,0x25,0xF1,0xFC,0x11,0x25,0x32,0x29,0x37,
0x2C,0x25,0x36,0x2D,0x2A,0x2A,0xF0,0xE9,0x00,0x1D,0x33,0x39,0xFC,0x29,0x32,0x27,
0x25,0x36,0x36,0x29,0x2B,0x25,0x28,0x33,0x00,0x28,0x33,0x00,0x34,0x36,0x33,0xF0,
0x01,0xFC,0x27,0x29,0x37,0x37,0x25,0x31,0x29,0x32,0x38,0x33,0x00,0x28,0x29,0x00,
0x28,0x25,0x28,0x33,0x37,0x00,0x29,0xFD,0x28,0x29,0x00,0x30,0x2D,0x28,0x25,0x36,
0x00,0x27,0x33,0x31,0x00,0x25,0xFC,0x2D,0x32,0x2A,0x33,0x36,0x31,0x25,0x27,0x33,
0xF0,0xE9,0xFC,0x1E,0x33,0x28,0x25,0x00,0x25,0xFC,0x2D,0x32,0x2A,0x33,0x36,0x31,
0x25,0x27,0x33,0x00,0x35,0x39,0x29,0xFD,0x3A,0x33,0x27,0x29,0x00,0x38,0x2D,0x32,
0x2C,0x25,0x00,0x2A,0x33,0x2D,0xFC,0x25,0x36,0x31,0x25,0x3E,0x29,0x32,0x25,0x28,
0x25,0x00,0x32,0x33,0xFC,0x37,0x29,0x36,0x3A,0x2D,0x28,0x33,0x36,0x00,0x28,0x29,
0x32,0x38,0x36,0x33,0x00,0x28,0x33,0xFC,0x31,0x29,0x39,0x00,0x27,0x33,0x36,0x34,
0x33,0xF0,0xE9,0xFD,0x1D,0x29,0x00,0x3A,0x33,0x27,0x29,0x00,0x25,0x00,0x35,0x39,
0x29,0x36,0xFC,0x28,0x29,0x00,0x3A,0x33,0x30,0x38,0x25,0xF0,0xEC,0xFC,0x38,0x29,
0x36,0xF0,0x10,0x00,0x35,0x39,0x29,0xFC,0x31,0x29,0x00,0x28,0x29,0x37,0x38,0x36,
0x39,0x2D,0x36,0x00,0x29,0xFD,0x26,0x25,0x2D,0x3C,0xF0,0x10,0xF0,0x01,0x30,0x25,
0x00,0x28,0x25,0xFC,0x31,0x2D,0x32,0x2C,0x25,0x00,0x31,0x29,0x31,0xF0,0x13,0x36,
0x2D,0x25,0xF0,0xE9,0xF0,0xE9,0xF0,0xE9,0xFC,0x20,0x25,0x2D,0x00,0x38,0x29,0x32,
0x38,0x25,0x36,0xF0,0x08,0xF0,0x08,0xFF,0xF3,0x18,0x0F,0x39,0x00,0x28,0x29,0x3A,
0x2D,0x25,0x00,0x37,0x29,0x36,0x00,0xFC,0x2D,0x32,0x3A,0x29,0x32,0x27,0xF0,0x12,
0x3A,0x29,0x30,0xF0,0xE9,0xFD,0x17,0x25,0x37,0x00,0x2E,0xF0,0x10,0x00,0xF0,0x11,
0x00,0x38,0x25,0x36,0x28,0x29,0xFC,0x28,0x29,0x31,0x25,0x2D,0x37,0xF0,0xE9,0x00,
0x0B,0x2D,0x32,0x28,0x25,0x00,0x25,0x37,0x37,0x2D,0x31,0xF0,0xEC,0xFC,0x3A,0x33,
0x27,0x29,0x00,0x3A,0x25,0x2D,0x00,0x34,0x29,0x36,0x29,0x27,0x29,0x36,0xE5,0xFF,
0x0D,0x13,0x0F,0x16,0xF0,0x04,0x19,0x00,0x37,0x2D,0x37,0x38,0x29,0x31,0x25,0x00,
0x28,0x29,0xFD,0x0D,0x13,0x0F,0x16,0xF0,0x04,0x25,0x39,0x38,0x33,0x28,0x29,0x37,
0x38,0x36,0x39,0x2D,0x27,0x33,0x00,0x2A,0x33,0x2D,0xFD,0x0D,0x13,0x0F,0x16,0xF0,
0x04,0x25,0x38,0x2D,0x3A,0x25,0x28,0x33,0xF0,0xEC,0x00,0x24,0x29,0x36,0x33,0xE5,
0xE5,0xFD,0x0D,0x13,0x0F,0x16,0xF0,0x04,0x20,0x33,0x27,0x29,0x00,0x38,0x29,0x31,
0x00,0x35,0x39,0x29,0x00,0x29,0x3A,0x25,0x27,0x39,0x25,0x36,0xFD,0x0D,0x13,0x0F,
0x16,0xF0,0x04,0x25,0x2B,0x33,0x36,0x25,0xE5,0xE5,0xFF,0x0D,0x13,0x0F,0x16,0xF0,
0x04,0x24,0x29,0x36,0x33,0xE5,0xE5,0x00,0x24,0x29,0x36,0x33,0xE5,0xE5,0xFD,0x0D,
0x13,0x0F,0x16,0xF0,0x04,0xF0,0xE9,0xF0,0xE9,0xF0,0xE9,0xF0,0xE9,0xF0,0xE9,0xF0,
0xE9,0xFD,0x0D,0x13,0x0F,0x16,0xF0,0x04,0x11,0x36,0x25,0x27,0x25,0x37,0x00,0x25,
0x00,0x0E,0x29,0x39,0x37,0xF0,0xE9,0xFD,0x0D,0x13,0x0F,0x16,0xF0,0x04,0x20,0x33,
0x27,0x29,0x00,0x29,0x37,0x38,0xF0,0x10,0x00,0x3A,0x2D,0x3A,0x33,0xF0,0xE9,0xF0,
0xE9,0xF0,0xE9,0xFD,0x0D,0x13,0x0F,0x16,0xF0,0x04,0x1D,0x2D,0x32,0x38,0x33,0x00,
0x31,0x39,0x2D,0x38,0x33,0x00,0x34,0x33,0x36,0x00,0x38,0x29,0x36,0xFD,0x0D,0x13,
0x0F,0x16,0xF0,0x04,0x38,0x29,0x00,0x29,0x32,0x3A,0x33,0x30,0x3A,0x2D,0x28,0x33,
0x00,0x32,0x2D,0x37,0x37,0x33,0xF0,0xE9,0xF0,0xE9,0xF0,0xE9,0xFD,0x0D,0x13,0x0F,
0x16,0xF0,0x04,0x0F,0x37,0x34,0x29,0x36,0x25,0x36,0x29,0x2D,0x00,0x3A,0x33,0x27,
0x29,0x00,0x3A,0x33,0x30,0x38,0x25,0x36,0xFD,0x0D,0x13,0x0F,0x16,0xF0,0x04,0x34,
0x25,0x36,0x25,0x00,0x25,0x00,0x0C,0x25,0x37,0x29,0x00,0x28,0x25,0xFD,0x0D,0x13,
0x0F,0x16,0xF0,0x04,0x1C,0x29,0x37,0x2D,0x37,0x38,0x32,0x27,0x2D,0x25,0xF0,0xE9,
0xFF,
};
alignas(16) inline constexpr uint16_t mmz1_msg05_script_offsets[] = {
0x0000,0x0070,0x00B9,0x00FC,0x0116,0x0174,0x0261,0x030A,
0x031F,0x0352,0x037D,0x0390,
};
constexpr int mmz1_msg05_num_entries = 12;
alignas(16) inline constexpr uint8_t mmz1_msg05_script_data[] = {
0x0D,0x13,0x0F,0x16,0xF0,0x04,0x19,0x00,0x0D,0x29,0x32,0x38,0x36,0x33,0x00,0x28,
0x29,0x00,0xFD,0x0D,0x13,0x0F,0x16,0xF0,0x04,0x0F,0x30,0x2D,0x31,0x2D,0x32,0x25,
0x27,0x33,0x00,0x29,0x37,0x38,0xF0,0x10,0xFD,0x0D,0x13,0x0F,0x16,0xF0,0x04,0x30,
0x33,0x2B,0x33,0x00,0x00,0x2A,0x36,0x29,0x32,0x38,0x29,0xE5,0xFD,0x0D,0x13,0x0F,
0x16,0xF0,0x04,0x1A,0x33,0x36,0x00,0x2A,0x25,0x3A,0x33,0x36,0x00,0x36,0x29,0x37,
0x2B,0x25,0x38,0x29,0x00,0x33,0xFD,0x0D,0x13,0x0F,0x16,0xF0,0x04,0x32,0x33,0x37,
0x37,0x33,0x00,0x27,0x33,0x31,0x34,0x25,0x32,0x2C,0x29,0x2D,0x36,0x33,0xE5,0xFF,
0x0D,0x13,0x0F,0x16,0xF0,0x04,0x0B,0x38,0x36,0x25,0x3A,0xF0,0x11,0x37,0x00,0x28,
0x25,0xFD,0x0D,0x13,0x0F,0x16,0xF0,0x04,0x27,0x33,0x31,0x34,0x33,0x36,0x38,0x25,
0x00,0x27,0x2C,0x29,0x2B,0x25,0x36,0xF0,0x10,0x00,0x25,0x33,0xFD,0x0D,0x13,0x0F,
0x16,0xF0,0x04,0x0D,0x29,0x32,0x38,0x36,0x33,0x00,0x28,0x29,0x00,0x0F,0x30,0x2D,
0x31,0x2D,0x32,0x25,0x27,0x33,0xF0,0xE9,0xFF,0xF3,0x13,0x1D,0x33,0x39,0x00,0x0B,
0x3E,0x38,0x29,0x27,0x00,0x10,0x25,0x30,0x27,0x33,0x32,0xF0,0xE9,0xFC,0x12,0x25,
0x36,0x34,0x39,0x2D,0x25,0xF0,0xEC,0x00,0x33,0xFC,0x11,0x39,0x25,0x36,0x28,0x2D,
0x33,0xF0,0xEC,0x00,0x31,0x29,0x00,0x29,0x32,0x3A,0x2D,0x33,0x39,0xFC,0x34,0x25,
0x36,0x25,0x00,0x30,0x2D,0x31,0x34,0x25,0x36,0xF0,0xE9,0xFF,0xF3,0x39,0x0F,0x2D,
0xE5,0xFC,0x1D,0x33,0x27,0x33,0x36,0x36,0x33,0xE5,0xFC,0x17,0x29,0x00,0x25,0x2E,
0x39,0x28,0x29,0xE5,0xF1,0xFF,0xF3,0x13,0x20,0x33,0x27,0x29,0x00,0x28,0x29,0x3A,
0x29,0x00,0x37,0x29,0x36,0x00,0x34,0x25,0x36,0x38,0x29,0xFC,0x28,0x33,0x00,0x30,
0x2D,0x3C,0x33,0xF0,0xE9,0xFD,0x12,0x29,0x00,0x2C,0x29,0xF0,0xE9,0x00,0x0C,0x29,
0x31,0x00,0x25,0xFC,0x38,0x29,0x31,0x34,0x33,0xF0,0xE9,0x00,0x20,0x33,0x39,0x00,
0x31,0x29,0xFC,0x30,0x2D,0x3A,0x36,0x25,0x36,0x00,0x28,0x29,0x00,0x3A,0x33,0x27,
0x29,0x37,0xFC,0x28,0x33,0x2D,0x37,0x00,0x28,0x29,0x00,0x39,0x31,0x25,0x00,0x3A,
0x29,0x3E,0xE5,0xFF,0xF3,0x38,0x0F,0x2C,0xF0,0xE9,0xF0,0xE9,0xF0,0xE9,0x00,0x2C,
0x25,0xF0,0xE9,0x00,0x0D,0x33,0x2A,0xF0,0xE9,0xFC,0x19,0x26,0x36,0x2D,0x2B,0x25,
0x28,0x33,0xF0,0xE9,0x00,0x18,0x39,0x32,0x27,0x25,0xFC,0x29,0x37,0x34,0x29,0x36,
0x29,0x2D,0x00,0x35,0x39,0x29,0xFC,0x25,0x30,0x2B,0x39,0xF0,0x11,0x31,0x00,0x3A,
0x2D,0x36,0x2D,0x25,0xFD,0x31,0x29,0x00,0x36,0x29,0x37,0x2B,0x25,0x38,0x25,0x36,
0xF0,0xE9,0xFC,0x17,0x39,0x2D,0x38,0xF0,0x12,0x37,0x37,0x2D,0x31,0x33,0x00,0x33,
0x26,0x36,0x2D,0x2B,0x25,0x28,0x33,0xF0,0xE9,0xFD,0x0B,0x2D,0x32,0x28,0x25,0x00,
0x29,0x37,0x38,0x33,0x39,0x00,0x29,0x31,0xFC,0x27,0x2C,0x33,0x35,0x39,0x29,0xF0,
0xE9,0xF0,0xE9,0xF0,0xE9,0xFC,0xF0,0xE9,0xF0,0xE9,0xF0,0xE9,0x2C,0x25,0x00,0x2C,
0x25,0x00,0x2C,0x25,0xFD,0x20,0x33,0x30,0x38,0x25,0x36,0x29,0x2D,0x00,0x00,0x32,
0x33,0x37,0x37,0x25,0xFC,0x0C,0x25,0x37,0x29,0xF0,0xE9,0xF0,0xE9,0xF0,0xE9,0x00,
0x35,0x39,0x25,0x32,0x28,0x33,0xFC,0x34,0x39,0x28,0x29,0x36,0x00,0x3A,0x33,0x30,
0x38,0x25,0x36,0x00,0x25,0xFC,0x25,0x32,0x28,0x25,0x36,0xF0,0xE9,0xFD,0x14,0xF0,
0x10,0x00,0x34,0x33,0x28,0x29,0x00,0x3A,0x33,0x30,0x38,0x25,0x36,0xF0,0xEC,0xFC,
0x29,0x39,0x00,0x2A,0x2D,0x27,0x25,0x36,0x29,0x2D,0x00,0x26,0x29,0x31,0xF0,0xE9,
0xFF,0x0D,0x13,0x0F,0x16,0xF0,0x04,0x19,0x26,0x36,0x2D,0x2B,0x25,0x28,0x25,0x00,
0x34,0x33,0x36,0x00,0x37,0x39,0x25,0xFD,0x0D,0x13,0x0F,0x16,0xF0,0x04,0x27,0x33,
0x33,0x34,0x29,0x36,0x25,0x27,0x33,0xF0,0xEC,0x00,0x24,0x29,0x36,0x33,0xF0,0xE9,
0xFD,0x0D,0x13,0x0F,0x16,0xF0,0x04,0x0F,0x37,0x37,0x29,0x00,0x28,0x29,0x3A,0x29,
0x00,0x37,0x29,0x36,0x00,0x33,0xFD,0x0D,0x13,0x0F,0x16,0xF0,0x04,0x1E,0x2C,0x39,
0x32,0x28,0x29,0x36,0x00,0x0D,0x2C,0x2D,0x34,0xF0,0xEC,0x00,0x37,0x39,0x34,0x33,
0x32,0x2C,0x33,0xF0,0xE9,0xFD,0x0D,0x13,0x0F,0x16,0xF0,0x04,0x20,0x33,0x27,0x29,
0x00,0x28,0x29,0x3A,0x29,0x00,0x34,0x29,0x2B,0xF0,0x10,0xF0,0x01,0x30,0x33,0xFD,
0x0D,0x13,0x0F,0x16,0xF0,0x04,0x25,0x32,0x38,0x29,0x37,0x00,0x28,0x29,0x00,0x3A,
0x33,0x30,0x38,0x25,0x36,0xFD,0x0D,0x13,0x0F,0x16,0xF0,0x04,0x34,0x25,0x36,0x25,
0x00,0x25,0x00,0x0C,0x25,0x37,0x29,0xF0,0xE9,0xFF,0xF3,0x38,0x0B,0x25,0x2C,0x2C,
0x2C,0x2C,0xE5,0xFC,0x18,0x25,0x25,0x25,0x25,0x25,0x25,0x33,0xE5,0xE5,0xFF,0xF3,
0x38,0x0F,0x39,0x00,0x37,0xF0,0x13,0x00,0x29,0x37,0x34,0x29,0x36,0x33,0x00,0x35,
0x39,0x29,0xFC,0x2D,0x37,0x37,0x33,0x00,0x32,0x39,0x32,0x27,0x25,0x00,0x3A,0x33,
0x30,0x38,0x29,0xFC,0x25,0x00,0x25,0x27,0x33,0x32,0x38,0x29,0x27,0x29,0x36,0xF0,
0xE9,0xFF,0xF3,0x38,0x17,0x2D,0x32,0x2C,0x25,0x37,0x00,0x34,0x29,0x36,0x32,0x25,
0x37,0x00,0x25,0x2D,0x32,0x28,0x25,0xFC,0x38,0x36,0x29,0x31,0x29,0x31,0x00,0x28,
0x29,0xFC,0x31,0x29,0x28,0x33,0xF0,0xE9,0xF0,0xE9,0xF0,0xE9,0xFF,0xF3,0x38,0x17,
0x39,0x2D,0x38,0x33,0xFC,0x33,0x26,0x36,0x2D,0x2B,0x25,0x28,0x33,0xF0,0xE9,0xFF,
0x0D,0x13,0x0F,0x16,0xF0,0x04,0x18,0x25,0x33,0x00,0x34,0x33,0x36,0x00,0x25,0xF0,
0x12,0xF0,0xE9,0xFF,
};
alignas(16) inline constexpr uint16_t mmz1_msg06_script_offsets[] = {
0x0000,0x0062,0x00D4,0x0156,0x01CA,0x024C,0x027D,0x030F,

};
constexpr int mmz1_msg06_num_entries = 8;
alignas(16) inline constexpr uint8_t mmz1_msg06_script_data[] = {
0x0D,0x13,0x0F,0x16,0xF0,0x04,0x19,0x00,0x17,0x29,0x27,0x25,0x32,0x2D,0x30,0x33,
0x2D,0x28,0x29,0xFD,0x0D,0x13,0x0F,0x16,0xF0,0x04,0x2B,0x2D,0x2B,0x25,0x32,0x38,
0x29,0x00,0x28,0x29,0x3A,0x29,0x00,0x29,0x37,0x38,0x25,0x36,0xFD,0x0D,0x13,0x0F,
0x16,0xF0,0x04,0x30,0x33,0x2B,0x33,0x00,0x00,0x2A,0x36,0x29,0x32,0x38,0x29,0xF0,
0xE9,0xFD,0x0D,0x13,0x0F,0x16,0xF0,0x04,0x10,0x2D,0x35,0x39,0x29,0x00,0x25,0x30,
0x29,0x36,0x38,0x25,0xF0,0xEC,0x00,0x24,0x29,0x36,0x33,0xF0,0xE9,0xF0,0xE9,0xF0,
0xE9,0xFF,0x0D,0x13,0x0F,0x16,0xF0,0x04,0x0E,0x29,0x3A,0x29,0x00,0x2C,0x25,0x3A,
0x29,0x36,0x00,0x39,0x31,0xFD,0x0D,0x13,0x0F,0x16,0xF0,0x04,0x34,0x33,0x32,0x38,
0x33,0x00,0x2A,0x36,0x25,0x27,0x33,0xF0,0xE9,0xF0,0xE9,0xF0,0xE9,0xFD,0x0D,0x13,
0x0F,0x16,0xF0,0x04,0x31,0x29,0x37,0x31,0x33,0x00,0x34,0x25,0x36,0x25,0x00,0x39,
0x31,0xFD,0x0D,0x13,0x0F,0x16,0xF0,0x04,0x17,0x29,0x27,0x25,0x32,0x2D,0x30,0x33,
0x2D,0x28,0x29,0x00,0x2B,0x2D,0x2B,0x25,0x32,0x38,0x29,0xF0,0xE9,0xF0,0xE9,0xF0,
0xE9,0xFD,0x0D,0x13,0x0F,0x16,0xF0,0x04,0x0C,0x33,0x25,0x00,0x37,0x33,0x36,0x38,
0x29,0xF0,0xE9,0xFF,0x0D,0x13,0x0F,0x16,0xF0,0x04,0x20,0x33,0x27,0x29,0x00,0x29,
0x37,0x38,0xF0,0x10,0x00,0x26,0x29,0x31,0xF0,0xEC,0x00,0x24,0x29,0x36,0x33,0xF0,
0x08,0xFD,0x0D,0x13,0x0F,0x16,0xF0,0x04,0x1B,0x39,0x25,0x37,0x29,0x00,0x38,0x29,
0x36,0x31,0x2D,0x32,0x25,0x31,0x33,0x37,0xFD,0x0D,0x13,0x0F,0x16,0xF0,0x04,0x28,
0x29,0x00,0x32,0x33,0x37,0xFD,0x0D,0x13,0x0F,0x16,0xF0,0x04,0x34,0x36,0x29,0x34,
0x25,0x36,0x25,0x36,0x31,0x33,0x37,0xFD,0x0D,0x13,0x0F,0x16,0xF0,0x04,0x34,0x25,
0x36,0x25,0x00,0x33,0x00,0x25,0x38,0x25,0x35,0x39,0x29,0xF0,0xE9,0xFD,0x0D,0x13,
0x0F,0x16,0xF0,0x04,0x18,0x25,0x33,0x00,0x37,0x29,0x00,0x34,0x36,0x29,0x33,0x27,
0x39,0x34,0x29,0xF0,0xE9,0xFF,0x0D,0x13,0x0F,0x16,0xF0,0x04,0x1E,0x29,0x31,0x33,
0x37,0x00,0x33,0x00,0x2D,0x32,0x2D,0x31,0x2D,0x2B,0x33,0xFD,0x0D,0x13,0x0F,0x16,
0xF0,0x04,0x32,0x33,0x00,0x32,0x33,0x37,0x37,0x33,0x00,0x36,0x25,0x28,0x25,0x36,
0xF0,0xE9,0xFD,0x0D,0x13,0x0F,0x16,0xF0,0x04,0xF0,0x16,0x00,0x39,0x31,0x00,0x17,
0x29,0x27,0x25,0x32,0x2D,0x30,0x33,0x2D,0x28,0x29,0xFD,0x0D,0x13,0x0F,0x16,0xF0,
0x04,0x2B,0x2D,0x2B,0x25,0x32,0x38,0x29,0x37,0x27,0x33,0xE5,0xFD,0x0D,0x13,0x0F,
0x16,0xF0,0x04,0x1E,0x29,0x32,0x2C,0x25,0x00,0x27,0x39,0x2D,0x28,0x25,0x28,0x33,
0xF0,0xEC,0x00,0x24,0x29,0x36,0x33,0xF0,0xE9,0xFF,0x0D,0x13,0x0F,0x16,0xF0,0x04,
0x19,0x00,0x17,0x29,0x27,0x25,0x32,0x2D,0x30,0x33,0x2D,0x28,0x29,0xFD,0x0D,0x13,
0x0F,0x16,0xF0,0x04,0x2D,0x32,0x2D,0x31,0x2D,0x2B,0x33,0xFD,0x0D,0x13,0x0F,0x16,
0xF0,0x04,0x27,0x2C,0x29,0x2B,0x33,0x39,0x00,0x25,0x33,0x00,0x32,0x33,0x37,0x37,
0x33,0xFD,0x0D,0x13,0x0F,0x16,0xF0,0x04,0x2B,0x29,0x36,0x25,0x28,0x33,0x36,0x00,
0x28,0x29,0xFD,0x0D,0x13,0x0F,0x16,0xF0,0x04,0x29,0x37,0x27,0x39,0x28,0x33,0xF0,
0xE9,0xFD,0x0D,0x13,0x0F,0x16,0xF0,0x04,0x0F,0x37,0x38,0x25,0x31,0x33,0x37,0x00,
0x27,0x33,0x31,0x26,0x25,0x38,0x29,0x32,0x28,0x33,0xFD,0x0D,0x13,0x0F,0x16,0xF0,
0x04,0x33,0x00,0x2D,0x32,0x2D,0x31,0x2D,0x2B,0x33,0xE5,0xFF,0x0D,0x13,0x0F,0x16,
0xF0,0x04,0x0B,0x00,0x34,0x33,0x36,0x38,0x25,0x00,0x32,0x25,0x33,0x00,0x3A,0x25,
0x2D,0xFD,0x0D,0x13,0x0F,0x16,0xF0,0x04,0x25,0x2B,0x39,0x29,0x32,0x38,0x25,0x36,
0x00,0x31,0x39,0x2D,0x38,0x33,0x00,0x31,0x25,0x2D,0x37,0xE5,0xFF,0x0D,0x13,0x0F,
0x16,0xF0,0x04,0x0C,0x33,0x31,0x00,0x38,0x36,0x25,0x26,0x25,0x30,0x2C,0x33,0xF0,
0xEC,0x00,0x24,0x29,0x36,0x33,0xE5,0xE5,0xFD,0x0D,0x13,0x0F,0x16,0xF0,0x04,0x18,
0x33,0x37,0x37,0x25,0x00,0x26,0x25,0x37,0x29,0x00,0x29,0x37,0x38,0xF0,0x10,0xFD,
0x0D,0x13,0x0F,0x16,0xF0,0x04,0x25,0x00,0x37,0x25,0x30,0x3A,0x33,0xF0,0xEC,0xFD,
0x0D,0x13,0x0F,0x16,0xF0,0x04,0x2B,0x36,0x25,0x27,0x25,0x37,0x00,0x25,0x00,0x3A,
0x33,0x27,0x29,0xE5,0xE5,0xFD,0x0D,0x13,0x0F,0x16,0xF0,0x04,0x18,0xF0,0x13,0x37,
0x00,0x25,0x34,0x36,0x29,0x27,0x2D,0x25,0x31,0x33,0x37,0x00,0x31,0x39,0x2D,0x38,
0x33,0xFD,0x0D,0x13,0x0F,0x16,0xF0,0x04,0x33,0x00,0x37,0x29,0x39,0x00,0x29,0x37,
0x2A,0x33,0x36,0x27,0x33,0xF0,0xEC,0x00,0x24,0x29,0x36,0x33,0xF0,0xE9,0xFF,0x0D,
0x13,0x0F,0x16,0xF0,0x04,0x19,0x00,0x2D,0x32,0x2D,0x31,0x2D,0x2B,0x33,0xFD,0x0D,
0x13,0x0F,0x16,0xF0,0x04,0x34,0x29,0x32,0x29,0x38,0x36,0x33,0x39,0x00,0x25,0x00,
0x32,0x33,0x37,0x37,0x25,0xFD,0x0D,0x13,0x0F,0x16,0xF0,0x04,0x30,0x2D,0x32,0x2C,
0x25,0x00,0x28,0x29,0x00,0x28,0x29,0x2A,0x29,0x37,0x25,0xE5,0xFD,0x0D,0x13,0x0F,
0x16,0xF0,0x04,0x1E,0x29,0x31,0x00,0x2A,0x39,0x31,0x25,0x27,0x25,0x00,0x37,0x25,
0x2D,0x32,0x28,0x33,0xFD,0x0D,0x13,0x0F,0x16,0xF0,0x04,0x28,0x33,0x00,0x17,0x29,
0x27,0x25,0x32,0x2D,0x30,0x33,0x2D,0x28,0x29,0xE5,0xFD,0x0D,0x13,0x0F,0x16,0xF0,
0x04,0x0F,0x30,0x29,0x00,0x3A,0x25,0x2D,0x00,0x29,0x3C,0x34,0x30,0x33,0x28,0x2D,
0x36,0xE5,0xFD,0x0D,0x13,0x0F,0x16,0xF0,0x04,0x0F,0x3A,0x25,0x27,0x39,0x29,0x31,
0x00,0x25,0x00,0x26,0x25,0x37,0x29,0xFD,0x0D,0x13,0x0F,0x16,0xF0,0x04,0x2D,0x31,
0x29,0x28,0x2D,0x25,0x38,0x25,0x31,0x29,0x32,0x38,0x29,0xE5,0xFD,0x0D,0x13,0x0F,
0x16,0xF0,0x04,0x20,0x33,0x27,0x29,0x00,0x38,0x25,0x31,0x26,0xF0,0x11,0x31,0x00,
0x28,0x29,0x3A,0x29,0xFD,0x0D,0x13,0x0F,0x16,0xF0,0x04,0x2A,0x39,0x2B,0x2D,0x36,
0xF0,0xEC,0x00,0x24,0x29,0x36,0x33,0xE5,0xE5,0xFF,
};
alignas(16) inline constexpr uint16_t mmz1_msg07_script_offsets[] = {
0x0000,0x0075,0x016E,0x01FC,0x0240,0x02C3,0x0314,0x0376,

};
constexpr int mmz1_msg07_num_entries = 8;
alignas(16) inline constexpr uint8_t mmz1_msg07_script_data[] = {
0x0D,0x13,0x0F,0x16,0xF0,0x04,0x19,0x00,0x38,0x36,0x29,0x31,0x00,0x28,0x29,0x00,
0x38,0x36,0x25,0x32,0x37,0x34,0x33,0x36,0x38,0x29,0xFD,0x0D,0x13,0x0F,0x16,0xF0,
0x04,0x29,0x37,0x38,0xF0,0x10,0x00,0x32,0x25,0x37,0x00,0x34,0x36,0x33,0x2A,0x39,
0x32,0x28,0x29,0x3E,0x25,0x37,0xFD,0x0D,0x13,0x0F,0x16,0xF0,0x04,0x28,0x29,0x00,
0x39,0x31,0x25,0x00,0x34,0x25,0x37,0x37,0x25,0x2B,0x29,0x31,0xFD,0x0D,0x13,0x0F,
0x16,0xF0,0x04,0x37,0x39,0x26,0x38,0x29,0x36,0x36,0x32,0x29,0x25,0xF0,0xE9,0xFD,
0x0D,0x13,0x0F,0x16,0xF0,0x04,0x10,0x2D,0x35,0x39,0x29,0x00,0x25,0x30,0x29,0x36,
0x38,0x25,0xF0,0xE9,0xFF,0xF8,0x9D,0x0D,0x13,0x0F,0x16,0xF0,0x04,0x18,0x33,0x00,
0x38,0x36,0x29,0x31,0x00,0x28,0x29,0xFD,0x0D,0x13,0x0F,0x16,0xF0,0x04,0x38,0x36,
0x25,0x32,0x37,0x34,0x33,0x36,0x38,0x29,0xF0,0xEC,0x00,0x29,0x30,0x29,0x37,0xFD,
0x0D,0x13,0x0F,0x16,0xF0,0x04,0x31,0x25,0x32,0x38,0x31,0x00,0x34,0x36,0x29,0x37,
0x33,0x00,0x39,0x31,0xFD,0x0D,0x13,0x0F,0x16,0xF0,0x04,0x0D,0x3D,0x26,0x29,0x36,
0xF0,0x01,0x0F,0x30,0x2A,0x33,0x00,0x35,0x39,0x29,0x00,0x2A,0x33,0x2D,0xFD,0x0D,
0x13,0x0F,0x16,0xF0,0x04,0x36,0x33,0x39,0x26,0x25,0x28,0x33,0x00,0x28,0x25,0x00,
0x32,0x33,0x37,0x37,0x25,0x00,0x26,0x25,0x37,0x29,0xF0,0xE9,0xFD,0x0D,0x13,0x0F,
0x16,0xF0,0x04,0x1D,0x29,0x00,0x33,0x00,0x30,0x29,0x3A,0x25,0x36,0x29,0x31,0x00,
0x34,0x25,0x36,0x25,0xFD,0x0D,0x13,0x0F,0x16,0xF0,0x04,0x25,0x00,0x26,0x25,0x37,
0x29,0x00,0x28,0x29,0x30,0x29,0x37,0xF0,0xEC,0x00,0x29,0x30,0x29,0x37,0xFD,0x0D,
0x13,0x0F,0x16,0xF0,0x04,0x25,0x26,0x39,0x37,0x25,0x36,0x33,0x00,0x28,0x29,0x00,
0x37,0x29,0x39,0xFD,0x0D,0x13,0x0F,0x16,0xF0,0x04,0x34,0x33,0x28,0x29,0x36,0xF0,
0xE9,0xF0,0xE9,0xF0,0xE9,0xFD,0x0D,0x13,0x0F,0x16,0xF0,0x04,0x1C,0x29,0x37,0x2B,
0x25,0x38,0x29,0xF0,0x01,0x33,0xF0,0xE9,0xF0,0xE9,0xF0,0xE9,0xFD,0x0D,0x13,0x0F,
0x16,0xF0,0x04,0x1A,0x33,0x36,0x00,0x2A,0x25,0x3A,0x33,0x36,0xE5,0xFF,0x0D,0x13,
0x0F,0x16,0xF0,0x04,0x1A,0x25,0x36,0x29,0x27,0x29,0x00,0x35,0x39,0x29,0x00,0x33,
0x00,0x38,0x36,0x29,0x31,0xFD,0x0D,0x13,0x0F,0x16,0xF0,0x04,0x2E,0xF0,0x10,0x00,
0x34,0x25,0x36,0x38,0x2D,0x39,0xE5,0xFD,0x0D,0x13,0x0F,0x16,0xF0,0x04,0x1A,0x33,
0x36,0x00,0x2A,0x25,0x3A,0x33,0x36,0xF0,0xEC,0x00,0x36,0x29,0x37,0x2B,0x25,0x38,
0x29,0x00,0x33,0xFD,0x0D,0x13,0x0F,0x16,0xF0,0x04,0x0D,0x3D,0x26,0x29,0x36,0xF0,
0x01,0x0F,0x30,0x2A,0x33,0x00,0x37,0x29,0x35,0x39,0x29,0x37,0x38,0x36,0x25,0x28,
0x33,0xE5,0xFD,0x0D,0x13,0x0F,0x16,0xF0,0x04,0x0D,0x33,0x32,0x38,0x33,0x00,0x27,
0x33,0x31,0x00,0x3A,0x33,0x27,0x29,0xF0,0xEC,0xFD,0x0D,0x13,0x0F,0x16,0xF0,0x04,
0x24,0x29,0x36,0x33,0xF0,0xE9,0xF0,0xE9,0xF0,0xE9,0xE5,0xFF,0x0D,0x13,0x0F,0x16,
0xF0,0x04,0x20,0x33,0x27,0x29,0x00,0x27,0x2C,0x29,0x2B,0x33,0x39,0x00,0xFD,0x0D,
0x13,0x0F,0x16,0xF0,0x04,0x37,0x25,0x30,0x25,0x00,0x28,0x33,0x00,0x31,0x33,0x38,
0x33,0x36,0xE5,0xFD,0x0D,0x13,0x0F,0x16,0xF0,0x04,0x1E,0x29,0x32,0x2C,0x25,0x00,
0x27,0x39,0x2D,0x28,0x25,0x28,0x33,0xF0,0xEC,0x00,0x24,0x29,0x36,0x33,0xE5,0xFF,
0x0D,0x13,0x0F,0x16,0xF0,0x04,0x19,0x26,0x36,0x2D,0x2B,0x25,0x28,0x25,0xF0,0xEC,
0x00,0x24,0x29,0x36,0x33,0xF0,0xE9,0xFD,0x0D,0x13,0x0F,0x16,0xF0,0x04,0x0B,0x00,
0x31,0x2D,0x37,0x37,0x33,0x00,0x2A,0x33,0x2D,0x00,0x39,0x31,0xFD,0x0D,0x13,0x0F,
0x16,0xF0,0x04,0x37,0x39,0x27,0x29,0x37,0x37,0x33,0xF0,0xEC,0x00,0x2B,0x36,0x25,
0x27,0x25,0x37,0xFD,0x0D,0x13,0x0F,0x16,0xF0,0x04,0x25,0x00,0x3A,0x33,0x27,0x29,
0xF0,0xE9,0xFD,0x0D,0x13,0x0F,0x16,0xF0,0x04,0x0F,0x39,0x00,0x25,0x2B,0x36,0x25,
0x28,0x29,0x27,0x33,0x00,0x31,0x39,0x2D,0x38,0x33,0xFD,0x0D,0x13,0x0F,0x16,0xF0,
0x04,0x25,0x00,0x37,0x39,0x25,0x00,0x25,0x2E,0x39,0x28,0x25,0xF0,0xE9,0xF0,0xE9,
0xF0,0xE9,0xFF,0x0D,0x13,0x0F,0x16,0xF0,0x04,0x19,0x00,0x38,0x36,0x29,0x31,0x00,
0x27,0x2C,0x29,0x2B,0x25,0x36,0xF0,0x10,0x00,0xFD,0x0D,0x13,0x0F,0x16,0xF0,0x04,
0x0C,0x25,0x37,0x29,0x00,0x13,0x32,0x2D,0x31,0x2D,0x2B,0x25,0x00,0x25,0xFD,0x0D,
0x13,0x0F,0x16,0xF0,0x04,0x35,0x39,0x25,0x30,0x35,0x39,0x29,0x36,0xFD,0x0D,0x13,
0x0F,0x16,0xF0,0x04,0x31,0x33,0x31,0x29,0x32,0x38,0x33,0xF0,0xEC,0x00,0x24,0x29,
0x36,0x33,0xE5,0xFF,0x0D,0x13,0x0F,0x16,0xF0,0x04,0x19,0x00,0x38,0x36,0x29,0x31,
0x00,0x29,0x37,0x38,0xF0,0x10,0x00,0x27,0x2C,0x29,0x2B,0x25,0x32,0x28,0x33,0xFD,
0x0D,0x13,0x0F,0x16,0xF0,0x04,0x25,0x33,0x00,0x37,0x29,0x39,0x00,0x28,0x29,0x37,
0x38,0x2D,0x32,0x33,0xE5,0xFD,0x0D,0x13,0x0F,0x16,0xF0,0x04,0x20,0x33,0x27,0x29,
0x00,0x38,0x29,0x31,0x00,0x35,0x39,0x29,0x00,0x29,0x3A,0x25,0x27,0x39,0x25,0x36,
0xFD,0x0D,0x13,0x0F,0x16,0xF0,0x04,0x25,0x2B,0x33,0x36,0x25,0xF0,0xEC,0x00,0x24,
0x29,0x36,0x33,0xE5,0xE5,0xFF,0x0D,0x13,0x0F,0x16,0xF0,0x04,0x0B,0x00,0x34,0x30,
0x25,0x38,0x25,0x2A,0x33,0x36,0x31,0x25,0x00,0x2A,0x2D,0x27,0x25,0xFD,0x0D,0x13,
0x0F,0x16,0xF0,0x04,0x34,0x25,0x36,0x25,0x00,0x33,0x00,0x33,0x39,0x38,0x36,0x33,
0x00,0x30,0x25,0x28,0x33,0xF0,0xE9,0xFF,
};
alignas(16) inline constexpr uint16_t mmz1_msg08_script_offsets[] = {
0x0000,0x00A7,0x012A,0x012F,0x013F,0x0157,0x025A,
};
constexpr int mmz1_msg08_num_entries = 7;
alignas(16) inline constexpr uint8_t mmz1_msg08_script_data[] = {
0x0D,0x13,0x0F,0x16,0xF0,0x04,0x0B,0x37,0x00,0x25,0x38,0x2D,0x3A,0x2D,0x28,0x25,
0x28,0x29,0x37,0xFD,0x0D,0x13,0x0F,0x16,0xF0,0x04,0x2D,0x32,0x2D,0x31,0x2D,0x2B,
0x25,0x37,0x00,0x29,0x37,0x38,0x33,0xFD,0x0D,0x13,0x0F,0x16,0xF0,0x04,0x25,0x39,
0x31,0x29,0x32,0x38,0x25,0x32,0x28,0x33,0x00,0x28,0x29,0xFD,0x0D,0x13,0x0F,0x16,
0xF0,0x04,0x2D,0x32,0x38,0x29,0x32,0x37,0x2D,0x28,0x25,0x28,0x29,0xE5,0xFD,0x0D,
0x13,0x0F,0x16,0xF0,0x04,0x0B,0x00,0x39,0x32,0x2D,0x28,0x25,0x28,0x29,0x00,0x28,
0x29,0x00,0x0D,0x33,0x30,0x26,0x33,0x36,0xFD,0x0D,0x13,0x0F,0x16,0xF0,0x04,0x34,
0x33,0x28,0x29,0x00,0x38,0x29,0x36,0x00,0x37,0x2D,0x28,0x33,0xFD,0x0D,0x13,0x0F,
0x16,0xF0,0x04,0x27,0x25,0x34,0x38,0x39,0x36,0x25,0x28,0x25,0xF0,0xE9,0xFD,0x0D,
0x13,0x0F,0x16,0xF0,0x04,0x0C,0x33,0x25,0x00,0x37,0x33,0x36,0x38,0x29,0xF0,0xEC,
0x00,0x24,0x29,0x36,0x33,0xE5,0xFF,0x0D,0x13,0x0F,0x16,0xF0,0x04,0x1B,0x39,0x29,
0x00,0x28,0x29,0x37,0x25,0x37,0x38,0x36,0x29,0xF0,0xE9,0xF0,0xE9,0xF0,0xE9,0xFD,
0x0D,0x13,0x0F,0x16,0xF0,0x04,0x0B,0x37,0x00,0x26,0x25,0x38,0x25,0x30,0x2C,0x25,
0x37,0xFD,0x0D,0x13,0x0F,0x16,0xF0,0x04,0x28,0x29,0x3A,0x29,0x31,0x00,0x38,0x29,
0x36,0x00,0x37,0x2D,0x28,0x33,0xFD,0x0D,0x13,0x0F,0x16,0xF0,0x04,0x26,0x36,0x39,
0x38,0x25,0x2D,0x37,0xF0,0xE9,0xF0,0xE9,0xF0,0xE9,0xFD,0x0D,0x13,0x0F,0x16,0xF0,
0x04,0x0F,0x37,0x34,0x29,0x36,0x33,0x00,0x35,0x39,0x29,0x00,0x38,0x33,0x28,0x33,
0x37,0xFD,0x0D,0x13,0x0F,0x16,0xF0,0x04,0x29,0x37,0x38,0x29,0x2E,0x25,0x31,0x00,
0x26,0x29,0x31,0xF0,0xE9,0xF0,0xE9,0xF0,0xE9,0xFF,0x0F,0x1C,0x1C,0x19,0xFF,0xF3,
0x04,0x0D,0x33,0x36,0x36,0x25,0xE5,0x00,0x0B,0x2B,0x33,0x36,0x25,0xE5,0xFF,0xF3,
0x39,0x24,0x29,0x36,0x33,0xE5,0xFD,0x11,0x36,0x25,0x27,0x25,0x37,0x00,0x25,0x00,
0x0E,0x29,0x39,0x37,0xE5,0xE5,0xFF,0xF3,0x23,0x20,0x33,0x27,0x29,0x00,0x28,0x29,
0x3A,0x29,0x00,0x37,0x29,0x36,0x00,0x33,0x00,0x24,0x29,0x36,0x33,0xF0,0xE9,0xFC,
0x1A,0x29,0x36,0x31,0x2D,0x38,0x25,0xF0,0x01,0x31,0x29,0xFC,0x25,0x34,0x36,0x29,
0x37,0x29,0x32,0x38,0x25,0x36,0xF0,0x01,0x31,0x29,0xF0,0xE9,0xFC,0x19,0x00,0x31,
0x29,0x39,0x00,0x32,0x33,0x31,0x29,0x00,0xF0,0x11,0xFD,0x12,0x25,0x36,0x34,0x39,
0x2D,0x25,0xF0,0xEC,0x00,0x39,0x31,0x00,0x28,0x33,0x37,0xFC,0x35,0x39,0x25,0x38,
0x36,0x33,0xFC,0x11,0x39,0x25,0x36,0x28,0x2D,0x29,0x37,0x00,0x28,0x33,0xFC,0x31,
0x29,0x37,0x38,0x36,0x29,0x00,0x22,0xF0,0xE9,0xFD,0x1B,0x39,0x29,0x00,0x27,0x33,
0x31,0x34,0x33,0x36,0x38,0x25,0x31,0x29,0x32,0x38,0x33,0xFC,0x2D,0x32,0x37,0x29,
0x32,0x37,0x25,0x38,0x33,0x00,0x28,0x29,0x00,0x39,0x31,0xFC,0x2C,0x29,0x36,0xF0,
0x13,0x2D,0x00,0x30,0x29,0x32,0x28,0xF0,0x10,0x36,0x2D,0x33,0x00,0x25,0x33,0xFC,
0x2A,0x2D,0x27,0x25,0x36,0x00,0x28,0x33,0x00,0x30,0x25,0x28,0x33,0xFD,0x28,0x33,
0x37,0xFC,0x17,0x25,0x3A,0x29,0x36,0x2D,0x27,0x2F,0x37,0xF0,0xE9,0xF0,0xE9,0xF0,
0xE9,0xFD,0x20,0x33,0x27,0x29,0x00,0x37,0x29,0x00,0x25,0x36,0x36,0x29,0x34,0x29,
0x32,0x28,0x29,0x36,0xF0,0x10,0xFC,0x29,0x00,0x29,0x3C,0x34,0x2D,0x25,0x36,0xF0,
0x10,0x00,0x33,0x37,0x00,0x37,0x29,0x39,0x37,0xFC,0x34,0x29,0x27,0x25,0x28,0x33,
0x37,0xF0,0xEC,0x00,0x24,0x29,0x36,0x33,0xE5,0xFF,0xF3,0x22,0x13,0x32,0x27,0x36,
0xF0,0x12,0x3A,0x29,0x30,0xF0,0xE9,0xF0,0xE9,0xF0,0xE9,0xFC,0x0F,0x39,0x00,0x33,
0x00,0x37,0x39,0x26,0x29,0x37,0x38,0x2D,0x31,0x29,0x2D,0xF0,0xE9,0xF0,0xE9,0xF0,
0xE9,0xFD,0x1E,0x29,0x36,0x29,0x2D,0x00,0x31,0x2D,0x32,0x2C,0x25,0x00,0x3A,0x2D,
0x32,0x2B,0x25,0x32,0x27,0x25,0xFC,0x25,0x30,0x2B,0x39,0x31,0x00,0x28,0x2D,0x25,
0xF0,0xE9,0xF0,0xE9,0xF0,0xE9,0xFD,0x0D,0x33,0x32,0x38,0x2D,0x32,0x39,0x29,0x00,
0x3A,0x2D,0x3A,0x33,0x00,0x25,0x38,0xF0,0x11,0xFC,0x33,0x00,0x32,0x33,0x37,0x37,
0x33,0x00,0x34,0x36,0xF0,0x13,0x3C,0x2D,0x31,0x33,0xFC,0x29,0x32,0x27,0x33,0x32,
0x38,0x36,0x33,0xF0,0xE9,0xF0,0xE9,0xF0,0xE9,0x00,0x33,0x32,0x28,0x29,0xFC,0x29,
0x39,0x00,0x38,0x29,0x00,0x29,0x30,0x2D,0x31,0x2D,0x32,0x25,0x36,0x29,0x2D,0xE5,
0xFF,
};
alignas(16) inline constexpr uint16_t mmz1_msg09_script_offsets[] = {
0x0000,0x00B1,0x00F6,0x013B,0x01A2,0x0234,0x0298,0x030A,

};
constexpr int mmz1_msg09_num_entries = 8;
alignas(16) inline constexpr uint8_t mmz1_msg09_script_data[] = {
0xF3,0x2A,0x0D,0x13,0x0F,0x16,0xF0,0x04,0xFC,0xF0,0xED,0x1D,0x29,0x00,0x2A,0x33,
0x36,0xFC,0x00,0x28,0x29,0x38,0x29,0x27,0x38,0x25,0x28,0x33,0x00,0x34,0x29,0x30,
0x33,0xFC,0x00,0x37,0x29,0x32,0x37,0x33,0x36,0xFD,0x0D,0x13,0x0F,0x16,0xF0,0x04,
0xFC,0x00,0x2D,0x32,0x37,0x38,0x25,0x30,0x25,0x28,0x33,0xFC,0x00,0x32,0x29,0x37,
0x38,0x25,0x00,0x2A,0xF0,0x10,0x26,0x36,0x2D,0x27,0x25,0xF0,0xEC,0xFC,0x00,0x25,
0x00,0x27,0x33,0x31,0x34,0x33,0x36,0x38,0x25,0xFD,0x0D,0x13,0x0F,0x16,0xF0,0x04,
0xFC,0x00,0x27,0x33,0x31,0x29,0x27,0x25,0x36,0xF0,0x10,0x00,0x25,0xFC,0x00,0x37,
0x29,0x00,0x2A,0x29,0x27,0x2C,0x25,0x36,0x00,0x34,0x25,0x36,0x25,0xFC,0x00,0x38,
0x29,0x00,0x2D,0x31,0x34,0x29,0x28,0x2D,0x36,0xFD,0x0D,0x13,0x0F,0x16,0xF0,0x04,
0xFC,0x00,0x28,0x29,0x00,0x25,0x3A,0x25,0x32,0x27,0x25,0x36,0xF0,0xE9,0xFC,0x00,
0x10,0x2D,0x35,0x39,0x29,0xFC,0x00,0x25,0x30,0x29,0x36,0x38,0x25,0xE5,0xF0,0xED,
0xFF,0x0D,0x13,0x0F,0x16,0xF0,0x04,0x0D,0x39,0x2D,0x28,0x25,0x28,0x33,0x00,0x34,
0x25,0x36,0x25,0x00,0x32,0x25,0x33,0xFD,0x0D,0x13,0x0F,0x16,0xF0,0x04,0x37,0x29,
0x36,0x00,0x34,0x29,0x2B,0x33,0x00,0x34,0x33,0x36,0xFD,0x0D,0x13,0x0F,0x16,0xF0,
0x04,0x29,0x37,0x38,0x29,0x37,0x00,0x37,0x29,0x32,0x37,0x33,0x36,0x29,0x37,0xF0,
0xE9,0xF0,0xE9,0xF0,0xE9,0xFF,0x0D,0x13,0x0F,0x16,0xF0,0x04,0x19,0x39,0x00,0x29,
0x37,0x38,0x25,0x00,0x27,0x33,0x31,0x34,0x33,0x36,0x38,0x25,0xFD,0x0D,0x13,0x0F,
0x16,0xF0,0x04,0x27,0x33,0x31,0x29,0x27,0x25,0x36,0xF0,0x10,0x00,0x25,0x00,0x2A,
0x29,0x27,0x2C,0x25,0x36,0xE5,0xFD,0x0D,0x13,0x0F,0x16,0xF0,0x04,0x10,0x2D,0x35,
0x39,0x29,0x00,0x25,0x30,0x29,0x36,0x38,0x25,0xE5,0xFF,0x0D,0x13,0x0F,0x16,0xF0,
0x04,0x19,0x00,0x37,0x29,0x32,0x37,0x33,0x36,0x00,0x2A,0x33,0x2D,0xFD,0x0D,0x13,
0x0F,0x16,0xF0,0x04,0x25,0x38,0x2D,0x3A,0x25,0x28,0x33,0xE5,0xFD,0x0D,0x13,0x0F,
0x16,0xF0,0x04,0x0B,0x00,0x27,0x33,0x31,0x34,0x33,0x36,0x38,0x25,0x00,0x29,0x37,
0x38,0xF0,0x10,0xFD,0x0D,0x13,0x0F,0x16,0xF0,0x04,0x27,0x33,0x31,0x29,0x27,0x25,
0x32,0x28,0x33,0x00,0x25,0x00,0x2A,0x29,0x27,0x2C,0x25,0x36,0xE5,0xE5,0xFD,0x0D,
0x13,0x0F,0x16,0xF0,0x04,0x1D,0x29,0x00,0x25,0x34,0x36,0x29,0x37,0x37,0x29,0xE5,
0xE5,0xFF,0x0D,0x13,0x0F,0x16,0xF0,0x04,0x0B,0x00,0x27,0x33,0x31,0x34,0x33,0x36,
0x38,0x25,0x00,0x37,0x29,0xFD,0x0D,0x13,0x0F,0x16,0xF0,0x04,0x2A,0x29,0x27,0x2C,
0x33,0x39,0xF0,0xE9,0xF0,0xE9,0xF0,0xE9,0xFD,0x0D,0x13,0x0F,0x16,0xF0,0x04,0x0B,
0x2B,0x33,0x36,0x25,0x00,0xF0,0x11,0x00,0x2D,0x31,0x34,0x33,0x37,0x37,0xF0,0x12,
0x3A,0x29,0x30,0xFD,0x0D,0x13,0x0F,0x16,0xF0,0x04,0x29,0x32,0x38,0x36,0x25,0x36,
0xF0,0xE9,0xF0,0xE9,0xF0,0xE9,0xFD,0x0D,0x13,0x0F,0x16,0xF0,0x04,0x18,0x25,0x33,
0x00,0x38,0x29,0x31,0x00,0x29,0x37,0x27,0x33,0x30,0x2C,0x25,0xF0,0xEC,0xFD,0x0D,
0x13,0x0F,0x16,0xF0,0x04,0x28,0x29,0x3A,0x29,0x00,0x3A,0x33,0x30,0x38,0x25,0x36,
0xF0,0xEC,0xFD,0x0D,0x13,0x0F,0x16,0xF0,0x04,0x24,0x29,0x36,0x33,0xF0,0xE9,0xF0,
0xE9,0xF0,0xE9,0xFF,0x0D,0x13,0x0F,0x16,0xF0,0x04,0x20,0x33,0x27,0x29,0x00,0x34,
0x33,0x28,0x29,0x00,0x34,0x2D,0x37,0x25,0x36,0x00,0x32,0x25,0x37,0xFD,0x0D,0x13,
0x0F,0x16,0xF0,0x04,0x31,0xF0,0x10,0x35,0x39,0x2D,0x32,0x25,0x37,0x00,0x28,0x29,
0x00,0x38,0x36,0x25,0x26,0x25,0x30,0x2C,0x33,0xFD,0x0D,0x13,0x0F,0x16,0xF0,0x04,
0x28,0x33,0x37,0x00,0x2D,0x32,0x2D,0x31,0x2D,0x2B,0x33,0x37,0xE5,0xFD,0x0D,0x13,
0x0F,0x16,0xF0,0x04,0x17,0x25,0x37,0x00,0x38,0x29,0x32,0x2C,0x25,0x00,0x27,0x39,
0x2D,0x28,0x25,0x28,0x33,0xF0,0xE9,0xFF,0x0D,0x13,0x0F,0x16,0xF0,0x04,0x0E,0x29,
0x38,0x29,0x27,0x38,0x33,0x00,0x39,0x31,0x25,0x00,0x30,0x29,0x2D,0x38,0x39,0x36,
0x25,0xFD,0x0D,0x13,0x0F,0x16,0xF0,0x04,0x28,0x29,0x00,0x29,0x32,0x29,0x36,0x2B,
0x2D,0x25,0x00,0x2D,0x31,0x29,0x32,0x37,0x25,0xF0,0xE9,0xF0,0xE9,0xF0,0xE9,0xFD,
0x0D,0x13,0x0F,0x16,0xF0,0x04,0x0E,0x29,0x3A,0x29,0x00,0x37,0x29,0x36,0x00,0x33,
0x00,0x27,0x2C,0x29,0x2A,0x29,0xE5,0xFD,0x0D,0x13,0x0F,0x16,0xF0,0x04,0x10,0x2D,
0x35,0x39,0x29,0x00,0x25,0x30,0x29,0x36,0x38,0x25,0xF0,0xEC,0xFD,0x0D,0x13,0x0F,
0x16,0xF0,0x04,0x24,0x29,0x36,0x33,0xE5,0xE5,0xFF,0xF3,0x2A,0x1D,0x19,0x16,0x0E,
0x0B,0x0E,0x19,0xF0,0x04,0xFC,0xF0,0xED,0x24,0x29,0x36,0x33,0xF0,0xEC,0x00,0x32,
0xF0,0x13,0x37,0xFC,0x00,0x25,0x37,0x37,0x29,0x2B,0x39,0x36,0x25,0x31,0x33,0x37,
0x00,0x38,0x33,0x28,0x33,0x37,0xFC,0x00,0x33,0x37,0x00,0x25,0x32,0x28,0x25,0x36,
0x29,0x37,0xE5,0xFD,0x1D,0x19,0x16,0x0E,0x0B,0x0E,0x19,0xF0,0x04,0xFC,0x00,0x0B,
0x00,0x32,0x33,0x37,0x37,0x25,0x00,0x31,0x2D,0x37,0x37,0x33,0xFC,0x00,0x29,0x37,
0x38,0xF0,0x10,0x00,0x27,0x33,0x31,0x34,0x30,0x29,0x38,0x25,0xE5,0xE5,0xF0,0xED,
0xFD,0xF3,0x2A,0x0D,0x13,0x0F,0x16,0xF0,0x04,0xFC,0xF0,0xED,0x0C,0x33,0x31,0x00,
0x38,0x36,0x25,0x26,0x25,0x30,0x2C,0x33,0xF0,0xEC,0xFC,0x00,0x24,0x29,0x36,0x33,
0xF0,0xE9,0xF0,0xE9,0xF0,0xE9,0xFC,0x00,0x19,0x26,0x36,0x2D,0x2B,0x25,0x28,0x25,
0xF0,0xE9,0xFD,0x0D,0x13,0x0F,0x16,0xF0,0x04,0xFC,0x00,0x18,0x25,0x33,0x00,0x29,
0x37,0x35,0x39,0x29,0x27,0x25,0x00,0x28,0x29,0x00,0x34,0x29,0x2B,0x25,0x36,0xFC,
0x00,0x33,0x00,0x10,0x30,0x25,0x31,0x29,0x00,0x0D,0x2C,0x2D,0x34,0xFC,0x00,0x25,
0x32,0x38,0x29,0x37,0x00,0x28,0x29,0x00,0x3A,0x33,0x30,0x38,0x25,0x36,0xFD,0x0D,
0x13,0x0F,0x16,0xF0,0x04,0xFC,0x00,0x34,0x25,0x36,0x25,0x00,0x25,0x00,0x26,0x25,
0x37,0x29,0xE5,0xF0,0xED,0xFF,
};
alignas(16) inline constexpr uint16_t mmz1_msg0A_script_offsets[] = {
0x0000,0x004B,0x0120,0x023F,0x02A2,0x036E,0x0404,0x0422,
0x0440,0x045E,0x047C,0x049A,0x04B8,0x04E6,0x051B,0x055C,
0x05F4,
};
constexpr int mmz1_msg0A_num_entries = 17;
alignas(16) inline constexpr uint8_t mmz1_msg0A_script_data[] = {
0x0D,0x13,0x0F,0x16,0xF0,0x04,0x13,0x37,0x37,0x33,0x00,0xF0,0x11,0x00,0x29,0x37,
0x38,0x36,0x25,0x32,0x2C,0x33,0xF0,0xE9,0xF0,0xE9,0xF0,0xE9,0xFD,0x0D,0x13,0x0F,
0x16,0xF0,0x04,0x18,0x33,0x37,0x37,0x33,0x37,0x00,0x3A,0x2D,0x2B,0x2D,0x25,0x37,
0xFD,0x0D,0x13,0x0F,0x16,0xF0,0x04,0x28,0x29,0x37,0x25,0x34,0x25,0x36,0x29,0x27,
0x29,0x36,0x25,0x31,0xF0,0xE9,0xF0,0xE9,0xF0,0xE9,0xFF,0xF3,0x21,0x12,0x31,0x34,
0x2C,0xE5,0x00,0x20,0x33,0x27,0x29,0x00,0x38,0x29,0x31,0x00,0x37,0x29,0xFC,0x37,
0x25,0xF0,0x12,0x28,0x33,0x00,0x26,0x29,0x31,0xF0,0xE9,0xF0,0xE9,0xF0,0xE9,0xFD,
0x17,0x29,0x39,0x00,0x32,0x33,0x31,0x29,0x00,0xF0,0x11,0xFC,0x1A,0x2C,0x25,0x32,
0x38,0x33,0x31,0xF0,0xEC,0x00,0x39,0x31,0x00,0x28,0x33,0x37,0xFC,0x35,0x39,0x25,
0x38,0x36,0x33,0xFC,0x11,0x39,0x25,0x36,0x28,0x2D,0x29,0x37,0x00,0x28,0x33,0xFD,
0x31,0x29,0x37,0x38,0x36,0x29,0x00,0x22,0xF0,0xE9,0xFD,0x0D,0x25,0x28,0x25,0x00,
0x2B,0x29,0x36,0x25,0x27,0x25,0x33,0xFC,0x38,0x29,0x31,0x00,0x25,0x00,0x37,0x39,
0x25,0x00,0x30,0x29,0x32,0x28,0x25,0xF0,0xE9,0xFC,0x1A,0x33,0x36,0xF0,0x11,0x31,
0xF0,0xEC,0x00,0x39,0x31,0x25,0xFC,0x30,0x29,0x32,0x28,0x25,0x00,0x34,0x29,0x36,
0x28,0x2D,0x28,0x25,0xFD,0x28,0x29,0x3A,0x29,0x00,0x34,0x29,0x36,0x31,0x25,0x32,
0x29,0x27,0x29,0x36,0xFC,0x34,0x29,0x36,0x28,0x2D,0x28,0x25,0xF0,0xE9,0xF0,0xE9,
0xF0,0xE9,0xFD,0x1A,0x29,0x36,0x31,0x2D,0x38,0x25,0xF0,0x01,0x31,0x29,0xFC,0x31,
0x33,0x37,0x38,0x36,0x25,0x36,0x00,0x33,0x00,0x34,0x33,0x36,0x35,0x39,0xE5,0xFF,
0xF3,0x21,0x13,0x37,0x37,0x33,0x00,0x32,0x25,0x33,0x00,0x34,0x33,0x28,0x29,0xFC,
0x37,0x29,0x36,0x00,0x3A,0x29,0x36,0x28,0x25,0x28,0x29,0xF0,0xE9,0xF0,0xE9,0xF0,
0xE9,0xFD,0x17,0x29,0x37,0x31,0x33,0x00,0x25,0x37,0x37,0x2D,0x31,0xF0,0xE9,0xF0,
0xE9,0xF0,0xE9,0x00,0x38,0x29,0x32,0x2C,0x33,0xFC,0x31,0x25,0x2D,0x37,0x00,0x37,
0x39,0x36,0x34,0x36,0x29,0x37,0x25,0x37,0xFC,0x34,0x25,0x36,0x25,0x00,0x3A,0x33,
0x27,0x29,0xF0,0xE9,0xFD,0x0B,0x37,0x00,0x26,0x33,0x31,0x26,0x25,0x37,0x00,0x35,
0x39,0x29,0xFC,0x27,0x33,0x30,0x33,0x35,0x39,0x29,0x2D,0x00,0x34,0x33,0x36,0x00,
0x38,0x33,0x28,0x25,0xFC,0x25,0x00,0x2A,0xF0,0x10,0x26,0x36,0x2D,0x27,0x25,0xFC,
0x29,0x3C,0x34,0x30,0x33,0x28,0x2D,0x36,0x25,0x33,0x00,0x25,0xFD,0x35,0x39,0x25,
0x30,0x35,0x39,0x29,0x36,0x00,0x31,0x2D,0x32,0x39,0x38,0x33,0xF0,0xE9,0xFD,0x0F,
0x00,0x35,0x39,0x25,0x32,0x28,0x33,0x00,0x2D,0x37,0x37,0x33,0x00,0x33,0x27,0x33,
0x36,0x36,0x29,0x36,0xF0,0xEC,0xFC,0x29,0x37,0x38,0x25,0x00,0x2A,0xF0,0x10,0x26,
0x36,0x2D,0x27,0x25,0x00,0x37,0x29,0x36,0xF0,0x10,0xFC,0x36,0x29,0x28,0x39,0x3E,
0x2D,0x28,0x25,0x00,0x25,0xFC,0x32,0x25,0x28,0x25,0xF0,0xE9,0xFD,0x1D,0x39,0x25,
0x00,0x30,0x29,0x32,0x28,0x25,0xFC,0x38,0x29,0x36,0x31,0x2D,0x32,0x25,0x36,0xF0,
0x10,0xF0,0xEC,0x00,0x32,0x25,0x33,0x00,0x27,0x33,0x31,0xFC,0x39,0x31,0x00,0x37,
0x39,0x37,0x34,0x2D,0x36,0x33,0xF0,0xEC,0x00,0x31,0x25,0x37,0xFC,0x27,0x33,0x31,
0x00,0x39,0x31,0x00,0x29,0x37,0x38,0x36,0x33,0x32,0x28,0x33,0xE5,0xE5,0xFF,0xF8,
0x9D,0x0D,0x13,0x0F,0x16,0xF0,0x04,0x18,0x25,0x33,0x00,0x2C,0xF0,0x10,0x00,0x38,
0x29,0x31,0x34,0x33,0xFD,0x0D,0x13,0x0F,0x16,0xF0,0x04,0x25,0x32,0x38,0x29,0x37,
0x00,0x35,0x39,0x29,0x00,0x25,0x37,0xFD,0x0D,0x13,0x0F,0x16,0xF0,0x04,0x26,0x33,
0x31,0x26,0x25,0x37,0x00,0x29,0x3C,0x34,0x30,0x33,0x28,0x25,0x31,0xE5,0xFD,0x0D,
0x13,0x0F,0x16,0xF0,0x04,0x0F,0x3A,0x25,0x27,0x39,0x29,0x00,0x33,0x00,0x30,0x33,
0x27,0x25,0x30,0xE5,0xFD,0x0D,0x13,0x0F,0x16,0xF0,0x04,0x0B,0x2B,0x33,0x36,0x25,
0xE5,0xFF,0xF8,0x9A,0x0D,0x13,0x0F,0x16,0xF0,0x04,0x20,0x33,0x27,0x29,0x00,0x3A,
0x25,0x2D,0x00,0x28,0x29,0x37,0x25,0x36,0x31,0x25,0x36,0xFD,0x0D,0x13,0x0F,0x16,
0xF0,0x04,0x25,0x37,0x00,0x26,0x33,0x31,0x26,0x25,0x37,0xF0,0x08,0xFD,0x0D,0x13,
0x0F,0x16,0xF0,0x04,0x1E,0x39,0x28,0x33,0x00,0x26,0x29,0x31,0xF0,0xE9,0xF0,0xE9,
0xF0,0xE9,0xFD,0x0D,0x13,0x0F,0x16,0xF0,0x04,0x20,0x33,0x39,0x00,0x38,0x29,0x00,
0x25,0x2E,0x39,0x28,0x25,0x36,0xF0,0xE9,0xFD,0x0D,0x13,0x0F,0x16,0xF0,0x04,0x12,
0xF0,0x10,0x00,0x09,0x00,0x30,0x29,0x2D,0x38,0x39,0x36,0x25,0x37,0xFD,0x0D,0x13,
0x0F,0x16,0xF0,0x04,0x28,0x29,0x00,0x26,0x33,0x31,0x26,0x25,0x37,0xF0,0xE9,0xF0,
0xE9,0xF0,0xE9,0xFD,0x0D,0x13,0x0F,0x16,0xF0,0x04,0x1D,0xF0,0x13,0xF0,0xEC,0x00,
0x34,0x33,0x36,0x00,0x2A,0x25,0x3A,0x33,0x36,0xF0,0xEC,0xFD,0x0D,0x13,0x0F,0x16,
0xF0,0x04,0x32,0x25,0x33,0x00,0x37,0x29,0x00,0x37,0x2D,0x32,0x38,0x25,0xFD,0x0D,
0x13,0x0F,0x16,0xF0,0x04,0x34,0x36,0x29,0x37,0x37,0x2D,0x33,0x32,0x25,0x28,0x33,
0x00,0x25,0x00,0x2D,0x37,0x37,0x33,0xF0,0xE9,0xF0,0xE9,0xF0,0xE9,0xFF,0x0D,0x13,
0x0F,0x16,0xF0,0x04,0x0D,0x33,0x36,0x38,0x29,0x00,0x39,0x31,0x25,0x00,0x26,0x33,
0x31,0x26,0x25,0xFD,0x0D,0x13,0x0F,0x16,0xF0,0x04,0x27,0x33,0x31,0x00,0x33,0x00,
0x1D,0x25,0x26,0x29,0x36,0x00,0x29,0xFD,0x0D,0x13,0x0F,0x16,0xF0,0x04,0x38,0x33,
0x35,0x39,0x29,0xF0,0x01,0x25,0x00,0x34,0x25,0x36,0x25,0xFD,0x0D,0x13,0x0F,0x16,
0xF0,0x04,0x28,0x29,0x37,0x25,0x36,0x31,0xF0,0x10,0xF0,0x01,0x30,0x25,0x00,0x29,
0xFD,0x0D,0x13,0x0F,0x16,0xF0,0x04,0x36,0x29,0x27,0x39,0x34,0x29,0x36,0xF0,0x10,
0xF0,0x01,0x30,0x25,0xF0,0xE9,0xFD,0x0D,0x13,0x0F,0x16,0xF0,0x04,0x0B,0x34,0x29,
0x32,0x25,0x37,0x00,0x38,0x29,0x32,0x2C,0x25,0xFD,0x0D,0x13,0x0F,0x16,0xF0,0x04,
0x31,0x39,0x2D,0x38,0x33,0x00,0x27,0x39,0x2D,0x28,0x25,0x28,0x33,0xF0,0xE9,0xF0,
0xE9,0xF0,0xE9,0xFF,0x0D,0x13,0x0F,0x16,0xF0,0x04,0x0B,0x2D,0x32,0x28,0x25,0x00,
0x36,0x29,0x37,0x38,0x25,0x31,0x00,0x08,0x00,0x26,0x33,0x31,0x26,0x25,0x37,0xF0,
0xE9,0xFF,0x0D,0x13,0x0F,0x16,0xF0,0x04,0x0B,0x2D,0x32,0x28,0x25,0x00,0x36,0x29,
0x37,0x38,0x25,0x31,0x00,0x07,0x00,0x26,0x33,0x31,0x26,0x25,0x37,0xF0,0xE9,0xFF,
0x0D,0x13,0x0F,0x16,0xF0,0x04,0x0B,0x2D,0x32,0x28,0x25,0x00,0x36,0x29,0x37,0x38,
0x25,0x31,0x00,0x06,0x00,0x26,0x33,0x31,0x26,0x25,0x37,0xF0,0xE9,0xFF,0x0D,0x13,
0x0F,0x16,0xF0,0x04,0x0B,0x2D,0x32,0x28,0x25,0x00,0x36,0x29,0x37,0x38,0x25,0x31,
0x00,0x05,0x00,0x26,0x33,0x31,0x26,0x25,0x37,0xF0,0xE9,0xFF,0x0D,0x13,0x0F,0x16,
0xF0,0x04,0x0B,0x2D,0x32,0x28,0x25,0x00,0x36,0x29,0x37,0x38,0x25,0x31,0x00,0x04,
0x00,0x26,0x33,0x31,0x26,0x25,0x37,0xF0,0xE9,0xFF,0x0D,0x13,0x0F,0x16,0xF0,0x04,
0x0B,0x2D,0x32,0x28,0x25,0x00,0x36,0x29,0x37,0x38,0x25,0x31,0x00,0x03,0x00,0x26,
0x33,0x31,0x26,0x25,0x37,0xF0,0xE9,0xFF,0x0D,0x13,0x0F,0x16,0xF0,0x04,0x0B,0x2D,
0x32,0x28,0x25,0x00,0x36,0x29,0x37,0x38,0x25,0x00,0x02,0x00,0x26,0x33,0x31,0x26,
0x25,0xF0,0xE9,0xFD,0x0D,0x13,0x0F,0x16,0xF0,0x04,0x0C,0x33,0x25,0x00,0x37,0x33,
0x36,0x38,0x29,0xE5,0xE5,0xFF,0x24,0x0F,0x1C,0x19,0xF0,0x04,0x0B,0x2D,0x32,0x28,
0x25,0x00,0x32,0x25,0x33,0x00,0x28,0x29,0x37,0x25,0x36,0x31,0x29,0x2D,0xFD,0x24,
0x0F,0x1C,0x19,0xF0,0x04,0x38,0x33,0x28,0x25,0x37,0x00,0x25,0x37,0x00,0x26,0x33,
0x31,0x26,0x25,0x37,0xF0,0xE9,0xF0,0xE9,0xF0,0xE9,0xFF,0x0D,0x13,0x0F,0x16,0xF0,
0x04,0x04,0x01,0x00,0x37,0x29,0x2B,0x39,0x32,0x28,0x33,0x37,0x00,0x25,0x32,0x38,
0x29,0x37,0xFD,0x0D,0x13,0x0F,0x16,0xF0,0x04,0x28,0x25,0x00,0x29,0x3C,0x34,0x30,
0x33,0x37,0x25,0x33,0xE5,0xFD,0x0D,0x13,0x0F,0x16,0xF0,0x04,0x0E,0x29,0x34,0x36,
0x29,0x37,0x37,0x25,0xE5,0x00,0x24,0x29,0x36,0x33,0xE5,0xFF,0xF3,0x2A,0x0D,0x13,
0x0F,0x16,0xF0,0x04,0xFC,0xF0,0xED,0x1E,0x33,0x28,0x25,0x37,0x00,0x25,0x37,0x00,
0x26,0x33,0x31,0x26,0x25,0x37,0xFC,0x00,0x2A,0x33,0x36,0x25,0x31,0x00,0x28,0x29,
0x37,0x25,0x38,0x2D,0x3A,0x25,0xF0,0x01,0xFC,0x00,0x28,0x25,0x37,0x00,0x29,0x00,
0x24,0x29,0x36,0x33,0x00,0x29,0x37,0x38,0xF0,0x10,0xFD,0x0D,0x13,0x0F,0x16,0xF0,
0x04,0xFC,0x00,0x26,0x29,0x31,0xF0,0xE9,0xF0,0xE9,0xF0,0xE9,0xFC,0x00,0x11,0x36,
0x25,0x27,0x25,0x37,0x00,0x25,0x00,0x0E,0x29,0x39,0x37,0xF0,0xE9,0xF0,0xE9,0xF0,
0xE9,0xFD,0x0D,0x13,0x0F,0x16,0xF0,0x04,0xFC,0x00,0x0F,0x37,0x34,0x29,0x36,0x33,
0x00,0x33,0x00,0x37,0x29,0x39,0xFC,0x00,0x36,0x29,0x38,0x33,0x36,0x32,0x33,0x00,
0x25,0x00,0x37,0x25,0x30,0x3A,0x33,0xF0,0xEC,0xFC,0x00,0x24,0x29,0x36,0x33,0xF0,
0xE9,0xF0,0xED,0xFF,0x0D,0x13,0x0F,0x16,0xF0,0x04,0x24,0x29,0x36,0x33,0xE5,0xE5,
0xFF,
};
alignas(16) inline constexpr uint16_t mmz1_msg0B_script_offsets[] = {
0x0000,0x0085,0x01AB,0x0228,0x0267,0x031F,0x0389,0x03FE,
0x0461,0x046F,0x0487,0x04A3,0x04C3,0x04DB,0x04F5,0x04FA,
0x04FF,0x0504,0x0509,0x050E,0x0537,0x0569,
};
constexpr int mmz1_msg0B_num_entries = 22;
alignas(16) inline constexpr uint8_t mmz1_msg0B_script_data[] = {
0xF8,0x9D,0x0D,0x13,0x0F,0x16,0xF0,0x04,0x19,0x00,0x25,0x3A,0x2D,0x33,0x00,0x33,
0x32,0x28,0x29,0xFD,0x0D,0x13,0x0F,0x16,0xF0,0x04,0x33,0x37,0x00,0x1C,0x29,0x34,
0x30,0x33,0x2D,0x28,0x37,0xFD,0x0D,0x13,0x0F,0x16,0xF0,0x04,0x3A,0x2D,0x25,0x2E,
0x25,0x3A,0x25,0x31,0x00,0x27,0x25,0x2D,0x39,0xFD,0x0D,0x13,0x0F,0x16,0xF0,0x04,
0x29,0x31,0x00,0x25,0x30,0x2B,0x39,0x31,0x00,0x30,0x39,0x2B,0x25,0x36,0x00,0x32,
0x33,0xFD,0x0D,0x13,0x0F,0x16,0xF0,0x04,0x28,0x29,0x37,0x29,0x36,0x38,0x33,0xF0,
0xE9,0xFD,0x0D,0x13,0x0F,0x16,0xF0,0x04,0x0E,0x29,0x34,0x36,0x29,0x37,0x37,0x25,
0xF0,0xEC,0x00,0x3A,0xF0,0x10,0x00,0x25,0x2E,0x39,0x28,0xF0,0x10,0xF0,0x01,0x30,
0x33,0x37,0xF0,0xE9,0xFF,0xF3,0x10,0x17,0x29,0x39,0x00,0x32,0x33,0x31,0x29,0x00,
0xF0,0x11,0xFC,0x0B,0x32,0x39,0x26,0x2D,0x37,0xFC,0x18,0x29,0x27,0x36,0x33,0x31,
0x25,0x32,0x27,0x29,0x37,0x37,0x00,0x13,0x13,0x13,0xF0,0xE9,0xFD,0x1E,0x36,0x25,
0x26,0x25,0x30,0x2C,0x33,0x00,0x34,0x25,0x36,0x25,0x00,0x33,0xFC,0x10,0x29,0x2A,
0x32,0x2D,0x36,0xF0,0xEC,0x00,0x39,0x31,0x00,0x28,0x33,0x37,0xFC,0x35,0x39,0x25,
0x38,0x36,0x33,0xFC,0x11,0x39,0x25,0x36,0x28,0x2D,0x29,0x37,0xF0,0xE9,0xFD,0x1D,
0x33,0x39,0x00,0x33,0x00,0x36,0x29,0x2D,0x00,0x28,0x25,0xFC,0x28,0x29,0x37,0x38,
0x36,0x39,0x2D,0x27,0x33,0xFC,0x29,0x00,0x33,0x00,0x2B,0x33,0x3A,0x29,0x36,0x32,
0x25,0x32,0x38,0x29,0xFC,0x28,0x33,0x00,0x28,0x29,0x37,0x29,0x36,0x38,0x33,0xF0,
0xE9,0xF0,0xE9,0xF0,0xE9,0xFD,0x19,0x37,0x00,0x1C,0x29,0x34,0x30,0x33,0x2D,0x28,
0x37,0x00,0x35,0x39,0x29,0xFC,0x3A,0x33,0x27,0x29,0x00,0x34,0x36,0x33,0x27,0x39,
0x36,0x25,0x00,0x29,0x37,0x38,0x33,0xFC,0x32,0x25,0x37,0x00,0x34,0x36,0x33,0x2A,
0x39,0x32,0x28,0x29,0x3E,0x25,0x37,0xFC,0x28,0x33,0x00,0x28,0x29,0x37,0x29,0x36,
0x38,0x33,0xF0,0xE9,0xFD,0x1D,0x29,0x00,0x28,0x29,0x37,0x29,0x2E,0x25,0xFC,0x36,
0x29,0x37,0x2B,0x25,0x38,0xF0,0x10,0xF0,0x01,0x30,0x33,0x37,0xF0,0xEC,0xFC,0x34,
0x36,0x2D,0x31,0x29,0x2D,0x36,0x33,0x00,0x38,0x29,0x36,0xF0,0x10,0xFC,0x35,0x39,
0x29,0x00,0x31,0x29,0x00,0x28,0x29,0x36,0x36,0x33,0x38,0x25,0x36,0xF0,0xE9,0xFD,
0x0F,0x32,0xF0,0x01,0x2B,0x25,0x36,0x28,0x29,0xF0,0xEC,0xFC,0x3A,0x29,0x30,0x2C,
0x33,0x00,0x1C,0x29,0x34,0x30,0x33,0x2D,0x28,0xE5,0xFF,0xF3,0x05,0x0F,0x2D,0xE5,
0x00,0x20,0x33,0x27,0x29,0x00,0x29,0x37,0x38,0xF0,0x10,0xFC,0x26,0x29,0x31,0xF0,
0x08,0xFD,0xF3,0x38,0x12,0x31,0x31,0xF0,0xE9,0xF0,0xE9,0xF0,0xE9,0x00,0x0F,0x37,
0x38,0x33,0x39,0xF0,0xE9,0xF0,0xE9,0xF0,0xE9,0xFC,0x26,0x29,0x31,0xF0,0xE9,0xF0,
0xE9,0xF0,0xE9,0xFC,0x20,0x33,0x27,0x29,0x00,0x3A,0x29,0x2D,0x33,0x00,0x31,0x29,
0xFC,0x36,0x29,0x37,0x2B,0x25,0x38,0x25,0x36,0xF0,0xE9,0xF0,0xE9,0xF0,0xE9,0xFD,
0x17,0x39,0x2D,0x38,0x33,0x00,0x33,0x26,0x36,0x2D,0x2B,0x25,0x28,0x33,0xF0,0xE9,
0xF0,0xE9,0xF0,0xE9,0xFD,0xF3,0x05,0x0D,0x33,0x32,0x37,0x29,0x2B,0x39,0x29,0x00,
0x25,0x32,0x28,0x25,0x36,0xF0,0x08,0xFF,0xF3,0x38,0x1D,0x2D,0x31,0xF0,0xE9,0xF0,
0xE9,0xF0,0xE9,0xFD,0xF3,0x05,0x0F,0x39,0x00,0x38,0x29,0x00,0x25,0x2E,0x39,0x28,
0x25,0x36,0x29,0x2D,0xFC,0x25,0x00,0x3A,0x33,0x30,0x38,0x25,0x36,0x00,0x34,0x25,
0x36,0x25,0xFC,0x25,0x00,0x26,0x25,0x37,0x29,0xF0,0xE9,0xFD,0x1D,0x2D,0x2B,0x25,
0xF0,0x01,0x31,0x29,0xF0,0xE9,0xFF,0x0D,0x13,0x0F,0x16,0xF0,0x04,0x11,0x36,0x25,
0x27,0x25,0x37,0x00,0x25,0x00,0x0E,0x29,0x39,0x37,0xE5,0xFD,0x0D,0x13,0x0F,0x16,
0xF0,0x04,0x12,0xF0,0x10,0x00,0x39,0x31,0x00,0x37,0x33,0x26,0x36,0x29,0x3A,0x2D,
0x3A,0x29,0x32,0x38,0x29,0xE5,0xFD,0x0D,0x13,0x0F,0x16,0xF0,0x04,0x19,0x26,0x36,
0x2D,0x2B,0x25,0x28,0x25,0xF0,0xEC,0x00,0x24,0x29,0x36,0x33,0xF0,0xE9,0xFD,0x0D,
0x13,0x0F,0x16,0xF0,0x04,0x20,0x33,0x39,0x00,0x31,0x25,0x32,0x28,0x25,0x36,0x00,
0x39,0x31,0x00,0x31,0xF0,0x11,0x28,0x2D,0x27,0x33,0xFD,0x0D,0x13,0x0F,0x16,0xF0,
0x04,0x2A,0x2D,0x27,0x25,0x36,0x00,0x28,0x29,0x00,0x34,0x36,0x33,0x32,0x38,0x2D,
0x28,0x33,0xF0,0xE9,0xFD,0x0D,0x13,0x0F,0x16,0xF0,0x04,0x20,0x33,0x27,0x29,0x00,
0x34,0x33,0x28,0x29,0x00,0x30,0x29,0x3A,0xF0,0x10,0xF0,0x01,0x30,0x33,0xFD,0x0D,
0x13,0x0F,0x16,0xF0,0x04,0x25,0x38,0xF0,0x11,0x00,0x33,0x00,0x34,0x33,0x32,0x38,
0x33,0x00,0x28,0x29,0xFD,0x29,0x32,0x38,0x36,0x25,0x28,0x25,0xF0,0x08,0xFF,0x0D,
0x13,0x0F,0x16,0xF0,0x04,0x12,0xF0,0x08,0x00,0x1A,0x29,0x36,0x28,0x29,0x31,0x33,
0x37,0x00,0x25,0xFD,0x0D,0x13,0x0F,0x16,0xF0,0x04,0x30,0x29,0x2D,0x38,0x39,0x36,
0x25,0x00,0x28,0x29,0x00,0x3A,0x2D,0x28,0x25,0xFD,0x0D,0x13,0x0F,0x16,0xF0,0x04,
0x32,0x33,0x00,0x31,0x29,0x39,0x00,0x31,0x33,0x32,0x2D,0x38,0x33,0x36,0xE5,0xFD,
0x0D,0x13,0x0F,0x16,0xF0,0x04,0x19,0x00,0x35,0x39,0x29,0x00,0x2C,0x33,0x39,0x3A,
0x29,0xF0,0xEC,0x00,0x24,0x29,0x36,0x33,0xF0,0x08,0xE5,0xFD,0x0D,0x13,0x0F,0x16,
0xF0,0x04,0x24,0x29,0x36,0x33,0xE5,0xE5,0xFF,0xF3,0x38,0x11,0x36,0x25,0x27,0x25,
0x37,0x00,0x25,0x00,0x0E,0x29,0x39,0x37,0xF0,0xE9,0xF0,0xE9,0xF0,0xE9,0xFC,0x0F,
0x37,0x38,0x33,0x39,0x00,0x25,0x00,0x37,0x25,0x30,0x3A,0x33,0xF0,0xE9,0xFD,0xF3,
0x2F,0x19,0x00,0x24,0x29,0x36,0x33,0x00,0x38,0x36,0x33,0x39,0x3C,0x29,0xFC,0x39,
0x31,0x00,0x37,0x33,0x26,0x36,0x29,0x3A,0x2D,0x3A,0x29,0x32,0x38,0x29,0xFC,0x28,
0x29,0x00,0x3A,0x33,0x30,0x38,0x25,0xE5,0xE5,0xFD,0x1C,0xF0,0x10,0x34,0x2D,0x28,
0x33,0xF0,0xEC,0x00,0x30,0x29,0x3A,0x29,0x31,0xF0,0x01,0x32,0x33,0xFC,0x34,0x25,
0x36,0x25,0x00,0x33,0x00,0x31,0xF0,0x11,0x28,0x2D,0x27,0x33,0xE5,0xFF,0x0D,0x13,
0x0F,0x16,0xF0,0x04,0x0F,0x37,0x38,0x33,0x39,0x00,0x2A,0x29,0x30,0x2D,0x3E,0xFD,
0x0D,0x13,0x0F,0x16,0xF0,0x04,0x35,0x39,0x29,0x00,0x38,0x29,0x32,0x2C,0x25,0x31,
0x33,0x37,0xFD,0x0D,0x13,0x0F,0x16,0xF0,0x04,0x27,0x33,0x32,0x37,0x29,0x2B,0x39,
0x2D,0x28,0x33,0x00,0x37,0x25,0x30,0x3A,0xF0,0x10,0xF0,0x01,0x30,0x33,0xF0,0xE9,
0xF0,0xE9,0xF0,0xE9,0xFD,0x0D,0x13,0x0F,0x16,0xF0,0x04,0x19,0x26,0x36,0x2D,0x2B,
0x25,0x28,0x25,0xF0,0xEC,0x00,0x24,0x29,0x36,0x33,0xF0,0xE9,0xF0,0xE9,0xF0,0xE9,
0xFF,0x1D,0x19,0x16,0x0E,0x0B,0x0E,0x19,0xF0,0x04,0x18,0x25,0x33,0xE5,0xFF,0x1D,
0x19,0x16,0x0E,0x0B,0x0E,0x19,0xF0,0x04,0x1B,0x39,0x29,0x00,0x2C,0x33,0x36,0x36,
0xF0,0x12,0x3A,0x29,0x30,0xE5,0xFF,0x1D,0x19,0x16,0x0E,0x0B,0x0E,0x19,0xF0,0x04,
0x24,0xF0,0xE9,0xF0,0xE9,0xF0,0xE9,0x00,0x24,0x29,0x36,0x33,0xF0,0xE9,0xF0,0xE9,
0xF0,0xE9,0xFF,0x1D,0x19,0x16,0x0E,0x0B,0x0E,0x19,0xF0,0x04,0x19,0x2C,0xF0,0xE9,
0xF0,0xE9,0xF0,0xE9,0x00,0x1D,0x33,0x27,0x33,0x36,0x36,0x33,0xF0,0xE9,0xF0,0xE9,
0xF0,0xE9,0xFF,0x1D,0x19,0x16,0x0E,0x0B,0x0E,0x19,0xF0,0x04,0x17,0x29,0x00,0x25,
0x2E,0x39,0x28,0x29,0xF0,0xE9,0xF0,0xE9,0xF0,0xE9,0xFF,0x1D,0x19,0x16,0x0E,0x0B,
0x0E,0x19,0xF0,0x04,0x1B,0x39,0x29,0x00,0x2C,0x33,0x36,0x36,0x33,0x36,0xF0,0xE9,
0xF0,0xE9,0xF0,0xE9,0xFF,0x0F,0x1C,0x1C,0x19,0xFF,0x0F,0x1C,0x1C,0x19,0xFF,0x0F,
0x1C,0x1C,0x19,0xFF,0x0F,0x1C,0x1C,0x19,0xFF,0x0F,0x1C,0x1C,0x19,0xFF,0x1D,0x19,
0x16,0x0E,0x0B,0x0E,0x19,0xF0,0x04,0x19,0x26,0x36,0x2D,0x2B,0x25,0x28,0x33,0xF0,
0xE9,0xFD,0x1D,0x19,0x16,0x0E,0x0B,0x0E,0x19,0xF0,0x04,0x0F,0x37,0x38,0x33,0x39,
0x00,0x26,0x29,0x31,0xF0,0xE9,0xFF,0x1D,0x19,0x16,0x0E,0x0B,0x0E,0x19,0xF0,0x04,
0x19,0x26,0x36,0x2D,0x2B,0x25,0x28,0x33,0xF0,0xE9,0xFD,0x1D,0x19,0x16,0x0E,0x0B,
0x0E,0x19,0xF0,0x04,0x0F,0x39,0x00,0x34,0x33,0x37,0x37,0x33,0x00,0x25,0x32,0x28,
0x25,0x36,0xF0,0xE9,0xF0,0xE9,0xF0,0xE9,0xFF,0x1D,0x19,0x16,0x0E,0x0B,0x0E,0x19,
0xF0,0x04,0x1A,0x39,0x2A,0x2A,0xF0,0xEC,0x00,0x1A,0x39,0x2A,0x2A,0xF0,0xE9,0xF0,
0xE9,0xF0,0xE9,0xFF,
};
alignas(16) inline constexpr uint16_t mmz1_msg0C_script_offsets[] = {
0x0000,0x0058,0x00BF,0x011E,0x015B,0x0160,0x0165,0x016A,
0x016F,0x01D0,0x02CA,
};
constexpr int mmz1_msg0C_num_entries = 11;
alignas(16) inline constexpr uint8_t mmz1_msg0C_script_data[] = {
0x0D,0x13,0x0F,0x16,0xF0,0x04,0x1E,0x29,0x31,0x33,0x37,0x00,0x39,0x31,0xFD,0x0D,
0x13,0x0F,0x16,0xF0,0x04,0x34,0x36,0x33,0x26,0x30,0x29,0x31,0x25,0xF0,0xEC,0x00,
0x24,0x29,0x36,0x33,0xF0,0xE9,0xFD,0x0D,0x13,0x0F,0x16,0xF0,0x04,0x0F,0x30,0x29,
0x37,0x00,0x3A,0x31,0x00,0x25,0x38,0xF0,0x11,0x00,0x32,0xF0,0x13,0x37,0xFD,0x0D,
0x13,0x0F,0x16,0xF0,0x04,0x29,0x31,0x00,0x2B,0x36,0x25,0x32,0x28,0x29,0x00,0x32,
0xF0,0x14,0x31,0x29,0x36,0x33,0xE5,0xFF,0xF3,0x39,0x17,0x25,0x32,0x38,0x29,0x36,
0x29,0x31,0x33,0x37,0x00,0x25,0xFC,0x30,0x2D,0x32,0x2C,0x25,0x00,0x28,0x29,0x00,
0x28,0x29,0x2A,0x29,0x37,0x25,0xFC,0x2A,0x2D,0x32,0x25,0x30,0x00,0x25,0x00,0x35,
0x39,0x25,0x30,0x35,0x39,0x29,0x36,0xFC,0x27,0x39,0x37,0x38,0x33,0xE5,0xFD,0x20,
0x33,0x27,0x29,0x00,0x28,0x29,0x3A,0x29,0x00,0x28,0x29,0x37,0x38,0x36,0x39,0x2D,
0x36,0xFC,0x25,0x00,0x25,0x36,0x38,0xF0,0x11,0x36,0x2D,0x25,0xFC,0x34,0x36,0x2D,
0x32,0x27,0x2D,0x34,0x25,0x30,0x00,0x28,0x29,0x30,0x29,0x37,0xE5,0xE5,0xFF,0x0D,
0x13,0x0F,0x16,0xF0,0x04,0x0B,0x37,0x00,0x38,0x36,0x33,0x34,0x25,0x37,0xFD,0x0D,
0x13,0x0F,0x16,0xF0,0x04,0x34,0x36,0x2D,0x32,0x27,0x2D,0x34,0x25,0x2D,0x37,0x00,
0x37,0x29,0xFD,0x0D,0x13,0x0F,0x16,0xF0,0x04,0x25,0x34,0x36,0x33,0x3C,0x2D,0x31,
0x25,0x31,0xE5,0xFD,0x0D,0x13,0x0F,0x16,0xF0,0x04,0x24,0x29,0x36,0x33,0xF0,0xEC,
0x00,0x34,0x33,0x36,0x00,0x2A,0x25,0x3A,0x33,0x36,0xFD,0x0D,0x13,0x0F,0x16,0xF0,
0x04,0x27,0x39,0x2D,0x28,0x29,0x00,0x28,0x29,0x30,0x25,0x37,0xE5,0xFF,0x0D,0x13,
0x0F,0x16,0xF0,0x04,0x0B,0x37,0x00,0x39,0x32,0x2D,0x28,0x25,0x28,0x29,0x37,0x00,
0x28,0x29,0xFD,0x0D,0x13,0x0F,0x16,0xF0,0x04,0x36,0x29,0x2A,0x33,0x36,0x27,0x33,
0x00,0x27,0x2C,0x29,0x2B,0x25,0x36,0x25,0x31,0xE5,0xFD,0x0D,0x13,0x0F,0x16,0xF0,
0x04,0x0D,0x39,0x2D,0x28,0x25,0x28,0x33,0xE5,0xE5,0xFF,0x0F,0x1C,0x1C,0x19,0xFF,
0x0F,0x1C,0x1C,0x19,0xFF,0x0F,0x1C,0x1C,0x19,0xFF,0x0F,0x1C,0x1C,0x19,0xFF,0xF8,
0x9D,0x0D,0x13,0x0F,0x16,0xF0,0x04,0x19,0x00,0x2C,0x29,0x30,0x2D,0x27,0xF0,0x13,
0x34,0x38,0x29,0x36,0x33,0xFD,0x0D,0x13,0x0F,0x16,0xF0,0x04,0x28,0x29,0x00,0x38,
0x36,0x25,0x32,0x37,0x34,0x33,0x36,0x38,0x29,0xFD,0x0D,0x13,0x0F,0x16,0xF0,0x04,
0x37,0x29,0x00,0x25,0x34,0x36,0x33,0x3C,0x2D,0x31,0x25,0x00,0x36,0xF0,0x10,0x34,
0x2D,0x28,0x33,0xE5,0xFD,0x0D,0x13,0x0F,0x16,0xF0,0x04,0x10,0x2D,0x35,0x39,0x29,
0x00,0x25,0x30,0x29,0x36,0x38,0x25,0xF0,0xEC,0x00,0x24,0x29,0x36,0x33,0xE5,0xFF,
0xF3,0x24,0x19,0x39,0x3A,0x2D,0x00,0x28,0x2D,0x3E,0x29,0x36,0x00,0x35,0x39,0x29,
0x00,0x2C,0xF0,0x10,0xFC,0x39,0x31,0x00,0x1C,0x29,0x34,0x30,0x33,0x2D,0x28,0x00,
0x31,0x39,0x2D,0x38,0x33,0xFC,0x2C,0xF0,0x10,0x26,0x2D,0x30,0x00,0x32,0x25,0xFC,
0x1C,0x29,0x37,0x2D,0x37,0x38,0x32,0x27,0x2D,0x25,0xF0,0xE9,0xF0,0xE9,0xF0,0xE9,
0xFD,0x17,0x25,0x37,0x00,0x32,0x39,0x32,0x27,0x25,0x00,0x29,0x37,0x34,0x29,0x36,
0x29,0x2D,0xFC,0x35,0x39,0x29,0x00,0x3A,0x33,0x27,0x29,0x00,0x2A,0x33,0x37,0x37,
0x29,0xFC,0x38,0x33,0x00,0x26,0x33,0x31,0xF0,0xE9,0xF0,0xE9,0xF0,0xE9,0xFD,0x20,
0x33,0x27,0x29,0x00,0xF0,0x11,0x00,0x2D,0x32,0x27,0x36,0xF0,0x12,0x3A,0x29,0x30,
0xF0,0xEC,0xFC,0x29,0x00,0xF0,0x11,0x00,0x2D,0x37,0x37,0x33,0x00,0x35,0x39,0x29,
0xFC,0x31,0x25,0x2D,0x37,0x00,0x31,0x29,0x00,0x29,0x31,0x34,0x33,0x30,0x2B,0x25,
0xE5,0xFD,0x19,0x00,0x31,0x29,0x39,0x00,0x32,0x33,0x31,0x29,0x00,0xF0,0x11,0xFC,
0x10,0x29,0x2A,0x32,0x2D,0x36,0xF0,0xEC,0xFD,0x39,0x31,0x00,0x28,0x33,0x37,0xFC,
0x35,0x39,0x25,0x38,0x36,0x33,0x00,0x11,0x39,0x25,0x36,0x28,0x2D,0x29,0x37,0xFC,
0x28,0x33,0x00,0x31,0x29,0x37,0x38,0x36,0x29,0x00,0x22,0xE5,0xFD,0x18,0x25,0x33,
0x00,0x31,0x29,0x00,0x28,0x29,0x27,0x29,0x34,0x27,0x2D,0x33,0x32,0x29,0xF0,0xEC,
0xFC,0x2B,0x25,0x36,0x33,0x38,0x33,0xE5,0xE5,0xFF,0xF3,0x24,0x1A,0x39,0x2A,0x2A,
0xF0,0xE9,0xF0,0xE9,0xF0,0xE9,0x00,0x1A,0x39,0x2A,0x2A,0xF0,0xE9,0xF0,0xE9,0xF0,
0xE9,0xFD,0x0F,0x39,0x00,0x32,0x39,0x32,0x27,0x25,0xFC,0x29,0x37,0x38,0x2D,0x3A,
0x29,0xFC,0x38,0x33,0x00,0x29,0x31,0x34,0x33,0x30,0x2B,0x25,0x28,0x33,0xF0,0xE9,
0xF0,0xE9,0xF0,0xE9,0xFD,0x20,0x33,0x39,0x00,0x28,0x29,0x2D,0x3C,0x25,0x36,0xFC,
0x3A,0x33,0x27,0x29,0x00,0x3A,0x2D,0x3A,0x29,0x36,0xFC,0x39,0x31,0x00,0x34,0x33,
0x39,0x27,0x33,0x00,0x31,0x25,0x2D,0x37,0xF0,0xE9,0xFD,0x0D,0x29,0x36,0x38,0x2D,
0x2A,0x2D,0x35,0x39,0x29,0xF0,0x01,0x37,0x29,0x00,0x28,0x29,0xFC,0x32,0x25,0x33,
0x00,0x34,0x29,0x36,0x28,0x29,0x36,0x00,0x25,0x32,0x38,0x29,0x37,0xFC,0x35,0x39,
0x29,0x00,0x29,0x39,0x00,0x3A,0x33,0x30,0x38,0x29,0x00,0x25,0xFC,0x30,0x39,0x38,
0x25,0x36,0x00,0x27,0x33,0x31,0x00,0x3A,0x33,0x27,0x29,0xE5,0xFD,0x0B,0x28,0x29,
0x39,0x37,0xE5,0xE5,0xFF,
};
alignas(16) inline constexpr uint16_t mmz1_msg0D_script_offsets[] = {
0x0000,0x00D9,0x0102,0x010E,0x0146,0x0160,0x019E,0x020E,
0x02E7,0x0306,0x0312,0x031E,0x0338,0x0368,0x03A9,0x03CD,
0x0452,0x04FF,0x0598,0x0618,0x0645,0x06CB,0x074A,0x07C9,
0x0897,0x08B4,0x099E,0x09E1,0x0A4D,0x0A52,0x0A57,0x0A5C,
0x0A61,0x0A66,0x0A6B,0x0A70,0x0A75,
};
constexpr int mmz1_msg0D_num_entries = 37;
alignas(16) inline constexpr uint8_t mmz1_msg0D_script_data[] = {
0xF3,0x2C,0x19,0x26,0x36,0x2D,0x2B,0x25,0x28,0x33,0x00,0x34,0x33,0x36,0xFC,0x31,
0x29,0x00,0x37,0x25,0x30,0x3A,0x25,0x36,0xF0,0xE9,0x00,0x12,0xF0,0x10,0xFC,0x33,
0x39,0x38,0x36,0x33,0x37,0x00,0x07,0x00,0x1C,0x29,0x34,0x30,0x33,0x2D,0x28,0x37,
0xFC,0x34,0x36,0x29,0x37,0x33,0x37,0x00,0x32,0x29,0x37,0x38,0x25,0xFD,0x26,0x25,
0x37,0x29,0xF0,0xE9,0xF0,0xE9,0xF0,0xE9,0xFD,0x20,0x25,0x31,0x33,0x37,0x00,0x36,
0x33,0x39,0x26,0x25,0x36,0xFC,0x39,0x31,0x25,0x00,0x32,0x25,0x3A,0x29,0x00,0x32,
0x33,0xFC,0x2C,0x25,0x32,0x2B,0x25,0x36,0x00,0x29,0x00,0x2A,0x39,0x2B,0x2D,0x36,
0xFD,0x28,0x29,0x34,0x33,0x2D,0x37,0x00,0x35,0x39,0x29,0x00,0x3A,0x33,0x27,0x29,
0xFC,0x37,0x25,0x30,0x3A,0x25,0x36,0x00,0x25,0x00,0x38,0x33,0x28,0x33,0x37,0xF0,
0xE9,0xFD,0x1A,0x33,0x36,0x00,0x2A,0x25,0x3A,0x33,0x36,0xF0,0xEC,0x00,0x37,0x25,
0x30,0x3A,0x29,0xFC,0x33,0x37,0x00,0x28,0x29,0x31,0x25,0x2D,0x37,0xF0,0xE9,0x00,
0x0F,0x39,0xFC,0x2D,0x36,0x29,0x2D,0x00,0x34,0x25,0x36,0x25,0x00,0x33,0xFC,0x2C,
0x25,0x32,0x2B,0x25,0x36,0x00,0x29,0x37,0x34,0x29,0x36,0x25,0x36,0xFD,0x34,0x33,
0x36,0x00,0x3A,0x33,0x27,0x29,0xF0,0xE9,0xFF,0xF3,0x2C,0x1A,0x33,0x36,0x00,0x2A,
0x25,0x3A,0x33,0x36,0xF0,0xEC,0xFC,0x36,0x29,0x37,0x2B,0x25,0x38,0x29,0x00,0x38,
0x25,0x31,0x26,0xF0,0x11,0x31,0xFC,0x33,0x37,0x00,0x33,0x39,0x38,0x36,0x33,0x37,
0xE5,0xFF,0xF3,0x2C,0x19,0x26,0x36,0x2D,0x2B,0x25,0x28,0x33,0xE5,0xFF,0xF3,0x2C,
0x19,0x26,0x36,0x2D,0x2B,0x25,0x28,0x33,0xE5,0xFC,0x0B,0x2D,0x32,0x28,0x25,0x00,
0x2A,0x25,0x30,0x38,0x25,0x31,0x00,0x04,0xFC,0x34,0x36,0x2D,0x37,0x2D,0x33,0x32,
0x29,0x2D,0x36,0x33,0x37,0xFC,0x34,0x25,0x36,0x25,0x00,0x36,0x29,0x37,0x2B,0x25,
0x38,0x25,0x36,0xF0,0xE9,0xFF,0xF3,0x2C,0x0F,0x37,0x38,0x33,0x39,0x00,0x30,0x2D,
0x3A,0x36,0x29,0xE5,0xE5,0xFC,0x19,0x26,0x36,0x2D,0x2B,0x25,0x28,0x33,0xE5,0xFF,
0xF3,0x2C,0x10,0x25,0x30,0x38,0x25,0x00,0x02,0x00,0x34,0x36,0x2D,0x37,0x2D,0x33,
0x32,0x29,0x2D,0x36,0x33,0xFC,0x34,0x25,0x36,0x25,0x00,0x36,0x29,0x37,0x2B,0x25,
0x38,0x25,0x36,0xE5,0xFC,0x19,0x26,0x36,0x2D,0x2B,0x25,0x28,0x33,0x00,0x34,0x33,
0x36,0xFC,0x32,0x33,0x37,0x00,0x37,0x25,0x30,0x3A,0x25,0x36,0xE5,0xFF,0xF3,0x2C,
0x20,0x33,0x27,0x29,0x00,0x36,0x29,0x37,0x2B,0x25,0x38,0x33,0x39,0xFC,0x38,0x33,
0x28,0x33,0x37,0x00,0x33,0x37,0x00,0x33,0x39,0x38,0x36,0x33,0x37,0xF0,0x08,0xFC,
0x17,0x39,0x2D,0x38,0x33,0x00,0x33,0x26,0x36,0x2D,0x2B,0x25,0x28,0x33,0xF0,0xE9,
0xFD,0x18,0x25,0x33,0x00,0x38,0x29,0x31,0x33,0x37,0xFC,0x31,0x25,0x2D,0x37,0x00,
0x32,0x25,0x28,0x25,0x00,0x27,0x33,0x31,0x00,0x35,0x39,0x29,0xFC,0x32,0x33,0x37,
0x00,0x34,0x36,0x29,0x33,0x27,0x39,0x34,0x25,0x36,0xF0,0xE9,0xFC,0x20,0x25,0x31,
0x33,0x37,0x00,0x25,0x33,0x00,0x2C,0x25,0x32,0x2B,0x25,0x36,0xE5,0xFF,0xF3,0x2E,
0x19,0x26,0x36,0x2D,0x2B,0x25,0x28,0x25,0x00,0x34,0x33,0x36,0xFC,0x31,0x29,0x00,
0x37,0x25,0x30,0x3A,0x25,0x36,0xF0,0xE9,0x00,0x12,0xF0,0x10,0xFC,0x33,0x39,0x38,
0x36,0x33,0x37,0x00,0x07,0x00,0x1C,0x29,0x34,0x30,0x33,0x2D,0x28,0x37,0xFC,0x34,
0x36,0x29,0x37,0x33,0x37,0x00,0x32,0x29,0x37,0x38,0x25,0xFD,0x26,0x25,0x37,0x29,
0xF0,0xE9,0xF0,0xE9,0xF0,0xE9,0xFD,0x20,0x25,0x31,0x33,0x37,0x00,0x36,0x33,0x39,
0x26,0x25,0x36,0xFC,0x39,0x31,0x25,0x00,0x32,0x25,0x3A,0x29,0x00,0x32,0x33,0xFC,
0x2C,0x25,0x32,0x2B,0x25,0x36,0x00,0x29,0x00,0x2A,0x39,0x2B,0x2D,0x36,0xFD,0x28,
0x29,0x34,0x33,0x2D,0x37,0x00,0x35,0x39,0x29,0x00,0x3A,0x33,0x27,0x29,0xFC,0x37,
0x25,0x30,0x3A,0x25,0x36,0x00,0x25,0x00,0x38,0x33,0x28,0x33,0x37,0xF0,0xE9,0xFD,
0x1A,0x33,0x36,0x00,0x2A,0x25,0x3A,0x33,0x36,0xF0,0xEC,0x00,0x37,0x25,0x30,0x3A,
0x29,0xFC,0x33,0x37,0x00,0x28,0x29,0x31,0x25,0x2D,0x37,0xF0,0xE9,0x00,0x0F,0x39,
0xFC,0x2D,0x36,0x29,0x2D,0x00,0x34,0x25,0x36,0x25,0x00,0x33,0xFC,0x2C,0x25,0x32,
0x2B,0x25,0x36,0x00,0x29,0x37,0x34,0x29,0x36,0x25,0x36,0xFD,0x34,0x33,0x36,0x00,
0x3A,0x33,0x27,0x29,0xF0,0xE9,0xFF,0xF3,0x2E,0x1A,0x33,0x36,0x00,0x2A,0x25,0x3A,
0x33,0x36,0xF0,0xEC,0xFC,0x37,0x25,0x30,0x3A,0x29,0x00,0x33,0x37,0xFC,0x28,0x29,
0x31,0x25,0x2D,0x37,0xE5,0xFF,0xF3,0x2E,0x19,0x26,0x36,0x2D,0x2B,0x25,0x28,0x25,
0xE5,0xFF,0xF3,0x2E,0x19,0x26,0x36,0x2D,0x2B,0x25,0x28,0x25,0xE5,0xFF,0xF3,0x2E,
0x19,0x26,0x36,0x2D,0x2B,0x25,0x28,0x25,0x00,0x34,0x33,0x36,0xFC,0x31,0x29,0x00,
0x37,0x25,0x30,0x3A,0x25,0x36,0xE5,0xFF,0xF3,0x2E,0x10,0x25,0x30,0x38,0x25,0x00,
0x02,0x00,0x34,0x36,0x2D,0x37,0x2D,0x33,0x32,0x29,0x2D,0x36,0x33,0xFC,0x34,0x25,
0x36,0x25,0x00,0x36,0x29,0x37,0x2B,0x25,0x38,0x25,0x36,0xE5,0xFC,0x0C,0x33,0x25,
0x00,0x37,0x33,0x36,0x38,0x29,0xE5,0xFF,0xF3,0x2E,0x20,0x33,0x27,0x29,0x00,0x36,
0x29,0x37,0x2B,0x25,0x38,0x33,0x39,0xFC,0x38,0x33,0x28,0x33,0x37,0x00,0x33,0x37,
0x00,0x33,0x39,0x38,0x36,0x33,0x37,0xF0,0x08,0xFC,0x17,0x25,0x36,0x25,0x3A,0x2D,
0x30,0x2C,0x25,0xE5,0x00,0x17,0x39,0x2D,0xF0,0x01,0xFC,0x38,0x33,0x00,0x33,0x26,
0x36,0x2D,0x2B,0x25,0x28,0x25,0xE5,0xE5,0xFF,0x0D,0x13,0x0F,0x16,0xF0,0x04,0x0D,
0x33,0x32,0x38,0x33,0x00,0x27,0x33,0x31,0x00,0x3A,0x33,0x27,0x29,0xF0,0xEC,0xFD,
0x0D,0x13,0x0F,0x16,0xF0,0x04,0x24,0x29,0x36,0x33,0xF0,0xE9,0xFF,0xF8,0x9B,0x0D,
0x13,0x0F,0x16,0xF0,0x04,0x12,0xF0,0x10,0x00,0x39,0x31,0x25,0x00,0x25,0x36,0x31,
0x25,0x28,0x2D,0x30,0x2C,0x25,0xE5,0xFD,0x0D,0x13,0x0F,0x16,0xF0,0x04,0x0F,0x37,
0x34,0x29,0x36,0x29,0x00,0x39,0x31,0x00,0x31,0x33,0x31,0x29,0x32,0x38,0x33,0xF0,
0xEC,0xFD,0x0D,0x13,0x0F,0x16,0xF0,0x04,0x3A,0x33,0x39,0x00,0x28,0x29,0x37,0x25,
0x36,0x31,0xF0,0x10,0xF0,0x01,0x30,0x25,0xE5,0xFD,0x0D,0x13,0x0F,0x16,0xF0,0x04,
0xF0,0xE9,0xF0,0xE9,0xF0,0xE9,0xF0,0xE9,0xF0,0xE9,0xF0,0xE9,0xFD,0x0D,0x13,0x0F,
0x16,0xF0,0x04,0x1A,0x36,0x33,0x32,0x38,0x33,0xE5,0xFD,0x0D,0x13,0x0F,0x16,0xF0,
0x04,0x1A,0x33,0x28,0x29,0x00,0x34,0x36,0x33,0x37,0x37,0x29,0x2B,0x39,0x2D,0x36,
0xE5,0xFF,0x0D,0x13,0x0F,0x16,0xF0,0x04,0x0F,0x37,0x38,0x25,0x00,0xF0,0x11,0x00,
0x25,0x00,0x26,0x25,0x37,0x29,0xFD,0x0D,0x13,0x0F,0x16,0xF0,0x04,0x33,0x27,0x39,
0x30,0x38,0x25,0xE5,0xFD,0x0D,0x13,0x0F,0x16,0xF0,0x04,0x0F,0x37,0x34,0x29,0x36,
0x29,0x00,0x39,0x31,0x00,0x31,0x33,0x31,0x29,0x32,0x38,0x33,0xF0,0xEC,0xFD,0x0D,
0x13,0x0F,0x16,0xF0,0x04,0x3A,0x33,0x39,0x00,0x25,0x26,0x36,0x2D,0x36,0xFD,0x0D,
0x13,0x0F,0x16,0xF0,0x04,0x25,0x00,0x34,0x33,0x36,0x38,0x25,0x00,0x34,0x25,0x36,
0x25,0x00,0x3A,0x33,0x27,0x29,0xF0,0xE9,0xFD,0x0D,0x13,0x0F,0x16,0xF0,0x04,0xF0,
0xE9,0xF0,0xE9,0xF0,0xE9,0xF0,0xE9,0xF0,0xE9,0xF0,0xE9,0xFD,0x0D,0x13,0x0F,0x16,
0xF0,0x04,0x0F,0x37,0x38,0xF0,0x10,0x00,0x28,0x29,0x37,0x38,0x36,0x25,0x32,0x27,
0x25,0x28,0x25,0xF0,0xE9,0xFD,0x0D,0x13,0x0F,0x16,0xF0,0x04,0x10,0x2D,0x35,0x39,
0x29,0x00,0x25,0x30,0x29,0x36,0x38,0x25,0xF0,0xE9,0xF0,0xE9,0xF0,0xE9,0xFF,0x0D,
0x13,0x0F,0x16,0xF0,0x04,0x1E,0x29,0x31,0x33,0x37,0x00,0x39,0x31,0x00,0x34,0x36,
0x33,0x26,0x30,0x29,0x31,0x25,0xF0,0xE9,0xFD,0x0D,0x13,0x0F,0x16,0xF0,0x04,0x0B,
0x00,0x37,0x29,0x32,0x2C,0x25,0x00,0x28,0x25,0xFD,0x0D,0x13,0x0F,0x16,0xF0,0x04,
0x34,0x33,0x36,0x38,0x25,0x00,0x34,0x25,0x36,0x29,0x27,0x29,0xFD,0x0D,0x13,0x0F,
0x16,0xF0,0x04,0x38,0x29,0x36,0x00,0x37,0x2D,0x28,0x33,0x00,0x31,0x39,0x28,0x25,
0x28,0x25,0xE5,0xFD,0x0D,0x13,0x0F,0x16,0xF0,0x04,0x16,0x29,0x3A,0x25,0x36,0xF0,
0x10,0x00,0x39,0x31,0x00,0x34,0x33,0x39,0x27,0x33,0xFD,0x0D,0x13,0x0F,0x16,0xF0,
0x04,0x28,0x29,0x00,0x38,0x29,0x31,0x34,0x33,0x00,0x34,0x25,0x36,0x25,0xFD,0x0D,
0x13,0x0F,0x16,0xF0,0x04,0x28,0x29,0x27,0x2D,0x2A,0x36,0xF0,0x10,0xF0,0x01,0x30,
0x25,0xF0,0xE9,0xF0,0xE9,0xF0,0xE9,0xFF,0x0D,0x13,0x0F,0x16,0xF0,0x04,0x17,0x29,
0x00,0x34,0x29,0x36,0x2B,0x39,0x32,0x38,0x33,0x00,0x25,0x33,0x32,0x28,0x29,0xFD,
0x0D,0x13,0x0F,0x16,0xF0,0x04,0x30,0x29,0x3A,0x25,0x00,0x29,0x37,0x37,0x25,0x00,
0x34,0x33,0x36,0x38,0x25,0xF0,0xE9,0xF0,0xE9,0xF0,0xE9,0xFD,0x0D,0x13,0x0F,0x16,
0xF0,0x04,0x18,0x25,0x33,0x00,0x34,0x33,0x37,0x37,0x33,0x00,0x25,0x26,0x36,0x2D,
0xF0,0x01,0x30,0x25,0xFD,0x0D,0x13,0x0F,0x16,0xF0,0x04,0x25,0x2B,0x33,0x36,0x25,
0xF0,0xEC,0x00,0x29,0x30,0x25,0x00,0x29,0x37,0x38,0xF0,0x10,0xFD,0x0D,0x13,0x0F,
0x16,0xF0,0x04,0x31,0x39,0x2D,0x38,0x33,0x00,0x26,0x29,0x31,0x00,0x34,0x36,0x33,
0x38,0x29,0x2B,0x2D,0x28,0x25,0xE5,0xFF,0x0D,0x13,0x0F,0x16,0xF0,0x04,0x0F,0x30,
0x29,0x37,0x00,0x38,0x29,0x00,0x3A,0x2D,0x36,0x25,0x31,0xF0,0x08,0xFD,0x0D,0x13,
0x0F,0x16,0xF0,0x04,0x20,0x33,0x27,0x29,0x00,0x29,0x37,0x38,0xF0,0x10,0x00,0x26,
0x29,0x31,0xF0,0x08,0xFF,0x0D,0x13,0x0F,0x16,0xF0,0x04,0x19,0x00,0x2C,0x25,0x32,
0x2B,0x25,0x36,0x00,0x2A,0x2D,0x27,0x25,0xFD,0x0D,0x13,0x0F,0x16,0xF0,0x04,0x25,
0x30,0xF0,0x11,0x31,0x00,0x28,0x29,0x37,0x37,0x25,0x00,0x34,0x33,0x36,0x38,0x25,
0xF0,0xE9,0xFD,0x0D,0x13,0x0F,0x16,0xF0,0x04,0x0B,0x37,0x37,0x2D,0x31,0x00,0x35,
0x39,0x29,0x00,0x38,0x2D,0x3A,0x29,0x36,0xFD,0x0D,0x13,0x0F,0x16,0xF0,0x04,0x36,
0x29,0x37,0x2B,0x25,0x38,0x25,0x28,0x33,0x00,0x25,0x00,0x38,0x33,0x28,0x33,0x37,
0xF0,0xEC,0xFD,0x0D,0x13,0x0F,0x16,0xF0,0x04,0x3A,0x33,0x27,0x29,0x00,0x34,0x33,
0x28,0x29,0x00,0x29,0x3A,0x25,0x27,0x39,0x25,0x36,0xFD,0x0D,0x13,0x0F,0x16,0xF0,
0x04,0x34,0x33,0x36,0x00,0x25,0x35,0x39,0x2D,0xE5,0xFF,0xF3,0x2E,0x0B,0x00,0x34,
0x33,0x36,0x38,0x25,0x00,0x35,0x39,0x29,0xFC,0x30,0x29,0x3A,0x25,0x00,0x25,0x33,
0x00,0x2C,0x25,0x32,0x2B,0x25,0x36,0xFC,0x34,0x36,0x2D,0x32,0x27,0x2D,0x34,0x25,
0x30,0x00,0x29,0x37,0x38,0xF0,0x10,0xFC,0x30,0x33,0x2B,0x33,0x00,0x00,0x2A,0x36,
0x29,0x32,0x38,0x29,0xF0,0xE9,0xFD,0x1A,0x33,0x36,0x00,0x2A,0x25,0x3A,0x33,0x36,
0xF0,0xEC,0x00,0x36,0x29,0x37,0x2B,0x25,0x38,0x29,0xFC,0x33,0x37,0x00,0x28,0x29,
0x31,0x25,0x2D,0x37,0x00,0x29,0xFC,0x29,0x32,0x38,0x25,0x33,0x00,0x34,0x33,0x28,
0x29,0x36,0x29,0x31,0x33,0x37,0xFC,0x29,0x3A,0x25,0x27,0x39,0x25,0x36,0x00,0x34,
0x33,0x36,0xFD,0x25,0x35,0x39,0x2D,0xF0,0xE9,0xFF,0xF3,0x2C,0x0B,0x00,0x34,0x33,
0x36,0x38,0x25,0x00,0x35,0x39,0x29,0xFC,0x30,0x29,0x3A,0x25,0x00,0x25,0x33,0x00,
0x2C,0x25,0x32,0x2B,0x25,0x36,0xFC,0x34,0x36,0x2D,0x32,0x27,0x2D,0x34,0x25,0x30,
0x00,0x29,0x37,0x38,0xF0,0x10,0xFC,0x30,0x33,0x2B,0x33,0x00,0x00,0x2A,0x36,0x29,
0x32,0x38,0x29,0xF0,0xE9,0xFD,0x1A,0x33,0x36,0x00,0x2A,0x25,0x3A,0x33,0x36,0xF0,
0xEC,0x00,0x36,0x29,0x37,0x2B,0x25,0x38,0x29,0xFC,0x33,0x37,0x00,0x28,0x29,0x31,
0x25,0x2D,0x37,0x00,0x29,0xFC,0x29,0x32,0x38,0x25,0x33,0x00,0x34,0x33,0x28,0x29,
0x36,0x29,0x31,0x33,0x37,0xFC,0x29,0x3A,0x25,0x27,0x39,0x25,0x36,0x00,0x34,0x33,
0x36,0xFD,0x25,0x35,0x39,0x2D,0xF0,0xE9,0xFF,0xF3,0x2E,0x19,0x26,0x36,0x2D,0x2B,
0x25,0x28,0x25,0x00,0x34,0x33,0x36,0xFC,0x36,0x29,0x37,0x2B,0x25,0x38,0x25,0x36,
0x00,0x25,0xFC,0x38,0x33,0x28,0x33,0x37,0x00,0x32,0xF0,0x13,0x37,0xF0,0xE9,0xFD,
0x17,0x25,0x37,0x00,0x2D,0x37,0x37,0x33,0x00,0x25,0x2D,0x32,0x28,0x25,0xFC,0x32,
0x25,0x33,0x00,0x25,0x27,0x25,0x26,0x33,0x39,0xF0,0xE9,0xF0,0xE9,0xF0,0xE9,0xFD,
0x1F,0x31,0x00,0x27,0x2C,0x29,0x2A,0x29,0x00,0x29,0x37,0x38,0xF0,0x10,0xFC,0x34,
0x36,0x33,0x38,0x29,0x2B,0x29,0x32,0x28,0x33,0x00,0x33,0xFC,0x2C,0x25,0x32,0x2B,
0x25,0x36,0x00,0x33,0x32,0x28,0x29,0xFC,0x25,0x00,0x32,0x25,0x3A,0x29,0x00,0x29,
0x37,0x38,0xF0,0x10,0xF0,0xE9,0xF0,0xE9,0xF0,0xE9,0xFD,0x18,0x25,0x33,0x00,0x2C,
0xF0,0x10,0x00,0x27,0x33,0x31,0x33,0xFC,0x28,0x29,0x36,0x36,0x33,0x38,0xF0,0x10,
0xF0,0x01,0x30,0x33,0xFC,0x37,0x29,0x31,0x00,0x37,0x39,0x25,0x00,0x25,0x2E,0x39,
0x28,0x25,0xF0,0xE9,0xFD,0x24,0x29,0x36,0x33,0xF0,0xE9,0xF0,0xE9,0xF0,0xE9,0xFC,
0x1A,0x33,0x36,0x00,0x2A,0x25,0x3A,0x33,0x36,0xF0,0xEC,0xFC,0x32,0x33,0x37,0x00,
0x25,0x2E,0x39,0x28,0x29,0xE5,0xFF,0x0D,0x13,0x0F,0x16,0xF0,0x04,0x0C,0x33,0x25,
0x00,0x37,0x33,0x36,0x38,0x29,0xF0,0xEC,0x00,0x24,0x29,0x36,0x33,0xF0,0xE9,0xF0,
0xE9,0xF0,0xE9,0xFF,0xF3,0x16,0x12,0x31,0x31,0x31,0x31,0xF0,0xE9,0xF0,0xE9,0xF0,
0xE9,0xFC,0x20,0x33,0x27,0x29,0x00,0x28,0x29,0x3A,0x29,0x00,0x37,0x29,0x36,0xFC,
0x33,0x00,0x24,0x29,0x36,0x33,0xF0,0xE9,0xF0,0xE9,0xF0,0xE9,0xFD,0x20,0x33,0x27,
0x29,0x00,0x2A,0x33,0x2D,0x00,0x26,0x29,0x31,0xFC,0x29,0x31,0x00,0x27,0x2C,0x29,
0x2B,0x25,0x36,0x00,0x25,0x38,0xF0,0x11,0xFC,0x25,0x35,0x39,0x2D,0xF0,0xEC,0x00,
0x31,0x25,0x37,0x00,0x29,0x37,0x38,0x29,0xFC,0xF0,0x11,0x00,0x33,0x00,0x30,0x39,
0x2B,0x25,0x36,0x00,0x33,0x32,0x28,0x29,0xFD,0x37,0x39,0x25,0x00,0x2E,0x33,0x36,
0x32,0x25,0x28,0x25,0xFC,0x38,0x29,0x36,0x31,0x2D,0x32,0x25,0xF0,0xE9,0xFD,0x0F,
0x39,0x00,0x37,0x33,0x39,0x00,0x0C,0x30,0x2D,0x3E,0x3E,0x25,0x27,0x2F,0xFC,0x1D,
0x38,0x25,0x2B,0x2B,0x36,0x33,0x2A,0x2A,0xF0,0xEC,0x00,0x33,0xFC,0x31,0x29,0x30,
0x2C,0x33,0x36,0x00,0x2B,0x39,0x29,0x36,0x36,0x29,0x2D,0x36,0x33,0xFC,0x28,0x25,
0x00,0x16,0x29,0x3A,0x2D,0x25,0x38,0x2C,0x25,0x32,0xF0,0xEC,0xFD,0x25,0x00,0x11,
0x39,0x25,0x36,0x28,0x2D,0xF0,0xE9,0xFD,0x20,0x33,0x27,0x29,0x00,0x32,0x25,0x33,
0x00,0x3A,0x25,0x2D,0xFC,0x31,0x29,0x00,0x3A,0x29,0x32,0x27,0x29,0x36,0xE5,0xFD,
0x1A,0x36,0x29,0x34,0x25,0x36,0x29,0xF0,0x01,0x37,0x29,0xE5,0xE5,0xFF,0xF3,0x04,
0x0B,0x35,0x39,0x2D,0x00,0xF0,0x11,0x00,0x33,0x00,0x24,0x29,0x36,0x33,0xF0,0xE9,
0xFC,0x0F,0x37,0x38,0x33,0x39,0x00,0x3A,0x33,0x30,0x38,0x25,0x32,0x28,0x33,0xFC,
0x34,0x25,0x36,0x25,0x00,0x25,0x00,0x26,0x25,0x37,0x29,0x00,0x27,0x33,0x31,0xFC,
0x33,0x37,0x00,0x34,0x36,0x2D,0x37,0x2D,0x33,0x32,0x29,0x2D,0x36,0x33,0x37,0xE5,
0xFF,0xF3,0x2A,0x0D,0x13,0x0F,0x16,0xF0,0x04,0xFC,0xF0,0xED,0x0F,0x32,0x38,0x29,
0x32,0x28,0x2D,0x28,0x33,0xE5,0x00,0x0F,0x00,0x32,0x25,0x33,0xFC,0x00,0x29,0x37,
0x35,0x39,0x29,0x27,0x25,0x00,0x28,0x29,0x00,0x38,0x36,0x25,0x3E,0x29,0x36,0xFC,
0x00,0x33,0x00,0x13,0x27,0x29,0x00,0x0D,0x2C,0x2D,0x34,0xE5,0xFD,0x0D,0x13,0x0F,
0x16,0xF0,0x04,0xFC,0x00,0x0F,0x37,0x38,0x33,0x39,0x00,0x29,0x37,0x34,0x29,0x36,
0x25,0x32,0x28,0x33,0x00,0x37,0x29,0x39,0xFC,0x00,0x36,0x29,0x38,0x33,0x36,0x32,
0x33,0xF0,0xEC,0x00,0x24,0x29,0x36,0x33,0xF0,0xE9,0xF0,0xED,0xFF,0x0F,0x1C,0x1C,
0x19,0xFF,0x0F,0x1C,0x1C,0x19,0xFF,0x0F,0x1C,0x1C,0x19,0xFF,0x0F,0x1C,0x1C,0x19,
0xFF,0x0F,0x1C,0x1C,0x19,0xFF,0x0F,0x1C,0x1C,0x19,0xFF,0x0F,0x1C,0x1C,0x19,0xFF,
0x0F,0x1C,0x1C,0x19,0xFF,0xF3,0x2C,0x19,0x26,0x36,0x2D,0x2B,0x25,0x28,0x33,0x00,
0x34,0x33,0x36,0xFC,0x36,0x29,0x37,0x2B,0x25,0x38,0x25,0x36,0x00,0x25,0xFC,0x38,
0x33,0x28,0x33,0x37,0x00,0x32,0xF0,0x13,0x37,0xF0,0xE9,0xFD,0x17,0x25,0x37,0x00,
0x2D,0x37,0x37,0x33,0x00,0x25,0x2D,0x32,0x28,0x25,0xFC,0x32,0x25,0x33,0x00,0x25,
0x27,0x25,0x26,0x33,0x39,0xF0,0xE9,0xF0,0xE9,0xF0,0xE9,0xFD,0x1F,0x31,0x00,0x27,
0x2C,0x29,0x2A,0x29,0x00,0x29,0x37,0x38,0xF0,0x10,0xFC,0x34,0x36,0x33,0x38,0x29,
0x2B,0x29,0x32,0x28,0x33,0x00,0x33,0xFC,0x2C,0x25,0x32,0x2B,0x25,0x36,0x00,0x33,
0x32,0x28,0x29,0xFC,0x25,0x00,0x32,0x25,0x3A,0x29,0x00,0x29,0x37,0x38,0xF0,0x10,
0xF0,0xE9,0xF0,0xE9,0xF0,0xE9,0xFD,0x18,0x25,0x33,0x00,0x2C,0xF0,0x10,0x00,0x27,
0x33,0x31,0x33,0xFC,0x28,0x29,0x36,0x36,0x33,0x38,0xF0,0x10,0xF0,0x01,0x30,0x33,
0xFC,0x37,0x29,0x31,0x00,0x37,0x39,0x25,0x00,0x25,0x2E,0x39,0x28,0x25,0xF0,0xE9,
0xFD,0x24,0x29,0x36,0x33,0xF0,0xE9,0xF0,0xE9,0xF0,0xE9,0xFC,0x1A,0x33,0x36,0x00,
0x2A,0x25,0x3A,0x33,0x36,0xF0,0xEC,0xFC,0x32,0x33,0x37,0x00,0x25,0x2E,0x39,0x28,
0x29,0xE5,0xFF,
};
alignas(16) inline constexpr uint16_t mmz1_msg0E_script_offsets[] = {
0x0000,0x00D4,0x01CC,0x022F,0x0299,0x032A,0x0397,0x04DA,
0x05A7,0x05FF,0x0691,0x06AD,0x06AD,
};
constexpr int mmz1_msg0E_num_entries = 13;
alignas(16) inline constexpr uint8_t mmz1_msg0E_script_data[] = {
0x0D,0x13,0x0F,0x16,0xF0,0x04,0x0B,0x26,0x36,0x2D,0x36,0x29,0x2D,0x00,0x25,0x00,
0x34,0x33,0x36,0x38,0x25,0xF0,0xE9,0xFD,0x0D,0x13,0x0F,0x16,0xF0,0x04,0x10,0x2D,
0x35,0x39,0x29,0x00,0x25,0xF0,0x12,0xF0,0xEC,0x00,0x24,0x29,0x36,0x33,0xF0,0xE9,
0xFD,0x0D,0x13,0x0F,0x16,0xF0,0x04,0x0F,0x37,0x38,0xF0,0x10,0x00,0x25,0x26,0x29,
0x36,0x38,0x25,0xE5,0xFD,0x0D,0x13,0x0F,0x16,0xF0,0x04,0x17,0x39,0x2D,0x38,0x33,
0x00,0x26,0x29,0x31,0xF0,0xEC,0x00,0x24,0x29,0x36,0x33,0xF0,0xE9,0xF0,0xE9,0xF0,
0xE9,0xFD,0x0D,0x13,0x0F,0x16,0xF0,0x04,0x0F,0x32,0x27,0x33,0x32,0x38,0x36,0x29,
0x00,0x25,0x00,0x1D,0x25,0x30,0x25,0x00,0x28,0x29,0xFD,0x0D,0x13,0x0F,0x16,0xF0,
0x04,0x0D,0x33,0x31,0x34,0x39,0x38,0x25,0x28,0x33,0x36,0x29,0x37,0xF0,0xE9,0xF0,
0xE9,0xF0,0xE9,0xFD,0x0D,0x13,0x0F,0x16,0xF0,0x04,0x0F,0x00,0x28,0x29,0x37,0x38,
0x36,0x39,0x25,0x00,0x38,0x33,0x28,0x25,0x37,0xFD,0x0D,0x13,0x0F,0x16,0xF0,0x04,
0x25,0x37,0x00,0x31,0xF0,0x10,0x35,0x39,0x2D,0x32,0x25,0x37,0xE5,0xFD,0x0D,0x13,
0x0F,0x16,0xF0,0x04,0x0C,0x33,0x25,0x00,0x37,0x33,0x36,0x38,0x29,0xF0,0xE9,0xF0,
0xE9,0xF0,0xE9,0xFF,0x0D,0x13,0x0F,0x16,0xF0,0x04,0x1A,0x36,0x29,0x37,0x39,0x31,
0x29,0xF0,0x01,0x37,0x29,0x00,0x35,0x39,0x29,0x00,0x33,0xFD,0x0D,0x13,0x0F,0x16,
0xF0,0x04,0x27,0x33,0x31,0x34,0x39,0x38,0x25,0x28,0x33,0x36,0x00,0x34,0x36,0x2D,
0x32,0x27,0x2D,0x34,0x25,0x30,0xFD,0x0D,0x13,0x0F,0x16,0xF0,0x04,0x29,0x37,0x38,
0x29,0x2E,0x25,0x00,0x32,0x29,0x37,0x38,0x25,0x00,0x37,0x25,0x30,0x25,0xF0,0xE9,
0xFD,0x0D,0x13,0x0F,0x16,0xF0,0x04,0x1E,0x39,0x28,0x33,0x00,0x35,0x39,0x29,0x00,
0x34,0x39,0x28,0x29,0xFD,0x0D,0x13,0x0F,0x16,0xF0,0x04,0x2A,0x25,0x3E,0x29,0x36,
0x00,0x27,0x33,0x31,0x00,0x33,0x00,0x32,0x33,0x37,0x37,0x33,0xFD,0x0D,0x13,0x0F,
0x16,0xF0,0x04,0x27,0x33,0x31,0x34,0x39,0x38,0x25,0x28,0x33,0x36,0x00,0x2A,0x33,
0x2D,0xF0,0xE9,0xF0,0xE9,0xF0,0xE9,0xFD,0x0D,0x13,0x0F,0x16,0xF0,0x04,0x28,0x29,
0x37,0x38,0x36,0x25,0x32,0x27,0x25,0x36,0x00,0x29,0x37,0x38,0x25,0xFD,0x0D,0x13,
0x0F,0x16,0xF0,0x04,0x34,0x33,0x36,0x38,0x25,0xF0,0xE9,0xF0,0xE9,0xF0,0xE9,0xFD,
0x0D,0x13,0x0F,0x16,0xF0,0x04,0xF0,0xE9,0xF0,0xE9,0xF0,0xE9,0xF0,0xE9,0xF0,0xE9,
0xF0,0xE9,0xFD,0x0D,0x13,0x0F,0x16,0xF0,0x04,0x0F,0x00,0x25,0xF0,0x12,0xF0,0x08,
0xFD,0x0D,0x13,0x0F,0x16,0xF0,0x04,0x0F,0x37,0x38,0xF0,0x10,0x00,0x28,0x29,0x37,
0x38,0x36,0x25,0x32,0x27,0x25,0x28,0x25,0xE5,0xF0,0x08,0xFF,0x0D,0x13,0x0F,0x16,
0xF0,0x04,0x20,0x33,0x27,0x29,0x00,0x28,0x29,0x37,0x38,0x36,0x39,0x2D,0x39,0xFD,
0x0D,0x13,0x0F,0x16,0xF0,0x04,0x39,0x31,0x00,0x27,0x33,0x31,0x34,0x39,0x38,0x25,
0x28,0x33,0x36,0xE5,0xFD,0x0D,0x13,0x0F,0x16,0xF0,0x04,0x19,0x00,0x25,0x38,0x25,
0x35,0x39,0x29,0xFD,0x0D,0x13,0x0F,0x16,0xF0,0x04,0x2C,0x25,0x27,0x2F,0x29,0x36,
0x00,0x28,0x29,0x30,0x29,0x37,0xFD,0x0D,0x13,0x0F,0x16,0xF0,0x04,0x29,0x32,0x2A,
0x36,0x25,0x35,0x39,0x29,0x27,0x29,0x39,0xF0,0xE9,0xF0,0xE9,0xF0,0xE9,0xFF,0x0D,
0x13,0x0F,0x16,0xF0,0x04,0x19,0x00,0x25,0x38,0x25,0x35,0x39,0x29,0x00,0x28,0x29,
0x30,0x29,0x37,0xFD,0x0D,0x13,0x0F,0x16,0xF0,0x04,0xF0,0x11,0x00,0x31,0x39,0x2D,
0x38,0x33,0x00,0x2A,0x33,0x36,0x38,0x29,0xF0,0xE9,0xF0,0xE9,0xF0,0xE9,0xFD,0x0D,
0x13,0x0F,0x16,0xF0,0x04,0x34,0x25,0x36,0x25,0x00,0x25,0x26,0x36,0x2D,0x36,0x00,
0x25,0x00,0x34,0x33,0x36,0x38,0x25,0xF0,0xE9,0xFD,0x0D,0x13,0x0F,0x16,0xF0,0x04,
0x1D,0x2D,0x32,0x38,0x33,0x00,0x31,0x39,0x2D,0x38,0x33,0xF0,0xEC,0x00,0x24,0x29,
0x36,0x33,0xF0,0xE9,0xF0,0xE9,0xF0,0xE9,0xFF,0x0D,0x13,0x0F,0x16,0xF0,0x04,0x19,
0x00,0x25,0x38,0x25,0x35,0x39,0x29,0x00,0x2C,0x25,0x27,0x2F,0x29,0x36,0xFD,0x0D,
0x13,0x0F,0x16,0xF0,0x04,0x27,0x29,0x37,0x37,0x33,0x39,0xFD,0x0D,0x13,0x0F,0x16,
0xF0,0x04,0x27,0x33,0x31,0x34,0x30,0x29,0x38,0x25,0x31,0x29,0x32,0x38,0x29,0xF0,
0xE9,0xFD,0x0D,0x13,0x0F,0x16,0xF0,0x04,0x19,0x26,0x36,0x2D,0x2B,0x25,0x28,0x25,
0xF0,0xEC,0x00,0x24,0x29,0x36,0x33,0xF0,0xE9,0xF0,0xE9,0xF0,0xE9,0xFD,0x0D,0x13,
0x0F,0x16,0xF0,0x04,0x0F,0x37,0x38,0x33,0x39,0x00,0x29,0x37,0x34,0x29,0x36,0x25,
0x32,0x28,0x33,0xFD,0x0D,0x13,0x0F,0x16,0xF0,0x04,0x3A,0x33,0x27,0x29,0x00,0x3A,
0x33,0x30,0x38,0x25,0x36,0xFD,0x0D,0x13,0x0F,0x16,0xF0,0x04,0x34,0x25,0x36,0x25,
0x00,0x25,0x00,0x26,0x25,0x37,0x29,0xF0,0xE9,0xFF,0x0D,0x13,0x0F,0x16,0xF0,0x04,
0x1E,0x29,0x32,0x2C,0x25,0x00,0x27,0x39,0x2D,0x28,0x25,0x28,0x33,0xF0,0xEC,0x00,
0x24,0x29,0x36,0x33,0xE5,0xFD,0x0D,0x13,0x0F,0x16,0xF0,0x04,0x0E,0x29,0x38,0x29,
0x27,0x38,0x33,0x00,0x39,0x31,0x25,0x00,0x30,0x29,0x2D,0x38,0x39,0x36,0x25,0xFD,
0x0D,0x13,0x0F,0x16,0xF0,0x04,0x28,0x29,0x00,0x29,0x32,0x29,0x36,0x2B,0x2D,0x25,
0x00,0x2D,0x31,0x29,0x32,0x37,0x25,0xF0,0xE9,0xFD,0x0D,0x13,0x0F,0x16,0xF0,0x04,
0x19,0x00,0x2D,0x32,0x2D,0x31,0x2D,0x2B,0x33,0x00,0x29,0x37,0x38,0xF0,0x10,0x00,
0x34,0x29,0x36,0x38,0x33,0xE5,0xFF,0xFB,0xF3,0x1F,0x19,0x00,0x31,0x29,0x39,0x00,
0x32,0x33,0x31,0x29,0x00,0xF0,0x11,0xFC,0x16,0x29,0x3A,0x2D,0x25,0x38,0x2C,0x25,
0x32,0xF0,0xEC,0x00,0x39,0x31,0x25,0xFC,0x28,0x33,0x37,0x00,0x35,0x39,0x25,0x38,
0x36,0x33,0xFC,0x11,0x39,0x25,0x36,0x28,0x2D,0x29,0x37,0x00,0x28,0x33,0xFD,0x31,
0x29,0x37,0x38,0x36,0x29,0x00,0x22,0xF0,0xE9,0xFD,0x0B,0x34,0xF0,0x13,0x37,0x00,
0x33,0x39,0x3A,0x2D,0x36,0xFC,0x38,0x25,0x32,0x38,0x33,0x00,0x37,0x33,0x26,0x36,
0x29,0x00,0x3A,0x33,0x27,0x29,0xFC,0x28,0x25,0x35,0x39,0x29,0x30,0x29,0x00,0x2B,
0x25,0x36,0x33,0x38,0x33,0xFC,0x2A,0x33,0x2A,0x33,0x00,0x29,0x00,0x28,0x33,0x00,
0x33,0x39,0x38,0x36,0x33,0xFD,0x33,0x26,0x27,0x29,0x27,0x25,0x28,0x33,0x00,0x34,
0x33,0x36,0xFC,0x26,0x25,0x38,0x25,0x30,0x2C,0x25,0xF0,0xEC,0x00,0x29,0x37,0x38,
0x2D,0x3A,0x29,0xFC,0x29,0x37,0x34,0x29,0x36,0x25,0x32,0x28,0x33,0x00,0x34,0x25,
0x36,0x25,0xFC,0x3A,0x29,0x36,0x00,0x3A,0x33,0x27,0x29,0xF0,0xE9,0xFD,0x17,0x25,
0x30,0x00,0x34,0x33,0x37,0x37,0x33,0x00,0x29,0x37,0x34,0x29,0x36,0x25,0x36,0xFC,
0x34,0x25,0x36,0x25,0x00,0x3A,0x29,0x36,0x00,0x25,0x00,0x27,0x25,0x36,0x25,0xFC,
0x28,0x29,0x30,0x29,0x37,0x00,0x35,0x39,0x25,0x32,0x28,0x33,0xFC,0x28,0x29,0x37,
0x27,0x33,0x26,0x36,0x2D,0x36,0x29,0x31,0xFD,0x35,0x39,0x29,0x00,0x2A,0x39,0x2D,
0x00,0x29,0x39,0x00,0x35,0x39,0x29,0x31,0xFC,0x38,0x29,0x00,0x28,0x29,0x36,0x36,
0x33,0x38,0x33,0x39,0xE5,0xFD,0x0B,0x2B,0x33,0x36,0x25,0xF0,0xEC,0x00,0x32,0x25,
0x33,0x00,0x37,0x29,0xFC,0x37,0x29,0x2B,0x39,0x36,0x29,0x00,0x37,0xF0,0x13,0xFC,
0x34,0x33,0x36,0x35,0x39,0x29,0x00,0x29,0x39,0x00,0x37,0x33,0x39,0xFC,0x39,0x31,
0x25,0x00,0x31,0x39,0x30,0x2C,0x29,0x36,0xE5,0xFF,0xFB,0xF3,0x1E,0x1A,0x33,0x36,
0x00,0x35,0x39,0x29,0x00,0x32,0x25,0x33,0xFC,0x31,0x29,0x00,0x29,0x30,0x2D,0x31,
0x2D,0x32,0x33,0x39,0xF0,0xE9,0xF0,0xE9,0xF0,0xE9,0xF0,0x08,0xFC,0x0F,0x37,0x38,
0xF0,0x10,0x00,0x38,0x29,0x32,0x28,0x33,0x00,0x34,0x29,0x32,0x25,0xFC,0x28,0x29,
0x00,0x31,0x2D,0x31,0xF0,0x08,0xFD,0x1B,0x39,0x29,0x00,0x2D,0x32,0x28,0x29,0x30,
0x2D,0x27,0x25,0x28,0x33,0xF0,0xE9,0xF0,0xE9,0xF0,0xE9,0xFC,0x0F,0x39,0x00,0x38,
0x29,0x00,0x28,0x2D,0x37,0x37,0x29,0x00,0x34,0x25,0x36,0x25,0xFC,0x32,0x25,0x33,
0x00,0x37,0x29,0x00,0x37,0x29,0x2B,0x39,0x36,0x25,0x36,0xFC,0x28,0x29,0x00,0x2A,
0x33,0x36,0x31,0x25,0x00,0x25,0x30,0x2B,0x39,0x31,0x25,0xF0,0xE9,0xFD,0x0E,0x25,
0x00,0x34,0x36,0xF0,0x13,0x3C,0x2D,0x31,0x25,0x00,0x3A,0x29,0x3E,0xFC,0x35,0x39,
0x29,0x00,0x32,0x33,0x37,0x00,0x3A,0x2D,0x36,0x31,0x33,0x37,0xF0,0xEC,0xFC,0xF0,
0x11,0x00,0x31,0x29,0x30,0x2C,0x33,0x36,0x00,0x31,0x29,0x00,0x28,0x25,0x36,0xFC,
0x38,0x39,0x28,0x33,0x00,0x33,0x00,0x35,0x39,0x29,0x00,0x38,0x29,0x31,0xE5,0xFD,
0x0B,0x28,0x29,0x39,0x37,0xE5,0xFF,0x0D,0x13,0x0F,0x16,0xF0,0x04,0x20,0x33,0x27,
0x29,0x00,0x37,0x29,0x00,0x30,0x29,0x31,0x26,0x36,0x25,0xFD,0x0D,0x13,0x0F,0x16,
0xF0,0x04,0x33,0x32,0x28,0x29,0x00,0x2A,0x2D,0x27,0x25,0xFD,0x0D,0x13,0x0F,0x16,
0xF0,0x04,0x25,0x00,0x29,0x32,0x38,0x36,0x25,0x28,0x25,0xF0,0x08,0xFD,0x0D,0x13,
0x0F,0x16,0xF0,0x04,0x0C,0x33,0x25,0x00,0x37,0x33,0x36,0x38,0x29,0xF0,0xE9,0xF0,
0xE9,0xF0,0xE9,0x00,0x24,0x29,0x36,0x33,0xF0,0xE9,0xF0,0xE9,0xF0,0xE9,0xFF,0x0D,
0x13,0x0F,0x16,0xF0,0x04,0x0F,0x37,0x34,0x29,0x36,0x29,0x00,0x39,0x31,0x00,0x31,
0x33,0x31,0x29,0x32,0x38,0x33,0xF0,0xE9,0xF0,0xE9,0xF0,0xE9,0xFD,0x0D,0x13,0x0F,
0x16,0xF0,0x04,0x20,0x33,0x39,0x00,0x28,0x29,0x37,0x38,0x36,0x25,0x32,0x27,0xF0,
0x10,0xF0,0x01,0x30,0x25,0xFD,0x0D,0x13,0x0F,0x16,0xF0,0x04,0x34,0x25,0x36,0x25,
0x00,0x3A,0x33,0x27,0x29,0xF0,0xE9,0xFD,0x0D,0x13,0x0F,0x16,0xF0,0x04,0xF0,0xE9,
0xF0,0xE9,0xF0,0xE9,0xF0,0xE9,0xF0,0xE9,0xF0,0xE9,0xFD,0x0D,0x13,0x0F,0x16,0xF0,
0x04,0x0F,0x37,0x38,0xF0,0x10,0x00,0x25,0x26,0x29,0x36,0x38,0x25,0xF0,0xE9,0xF0,
0xE9,0xF0,0xE9,0xFD,0x0D,0x13,0x0F,0x16,0xF0,0x04,0x1E,0x29,0x32,0x2C,0x25,0x00,
0x27,0x39,0x2D,0x28,0x25,0x28,0x33,0xF0,0xEC,0x00,0x24,0x29,0x36,0x33,0xF0,0xE9,
0xFF,0x0D,0x13,0x0F,0x16,0xF0,0x04,0x0C,0x33,0x31,0x00,0x38,0x36,0x25,0x26,0x25,
0x30,0x2C,0x33,0xF0,0xEC,0x00,0x24,0x29,0x36,0x33,0xF0,0xE9,0xFF,0x0D,0x13,0x0F,
0x16,0xF0,0x04,0x20,0x33,0x27,0x29,0x00,0x2E,0xF0,0x10,0x00,0x28,0x29,0x37,0x38,
0x36,0x39,0x2D,0x39,0xFD,0x0D,0x13,0x0F,0x16,0xF0,0x04,0x38,0x33,0x28,0x33,0x37,
0x00,0x33,0x37,0xFD,0x0D,0x13,0x0F,0x16,0xF0,0x04,0x27,0x33,0x31,0x34,0x39,0x38,
0x25,0x28,0x33,0x36,0x29,0x37,0xF0,0x08,0xFF,
};
alignas(16) inline constexpr uint16_t mmz1_msg0F_script_offsets[] = {
0x0000,0x009A,0x03E6,0x041F,0x0553,0x0598,0x06D9,0x07F2,

};
constexpr int mmz1_msg0F_num_entries = 8;
alignas(16) inline constexpr uint8_t mmz1_msg0F_script_data[] = {
0xF3,0x2A,0x1D,0x19,0x16,0x0E,0x0B,0x0E,0x19,0xF0,0x04,0xFC,0xF0,0xED,0x1E,0x29,
0x31,0x33,0x37,0x00,0x39,0x31,0xFC,0x00,0x34,0x36,0x33,0x26,0x30,0x29,0x31,0x25,
0xE5,0xE5,0xFD,0x1D,0x19,0x16,0x0E,0x0B,0x0E,0x19,0xF0,0x04,0xFC,0x00,0x0B,0x37,
0x00,0x38,0x36,0x33,0x34,0x25,0x37,0xFC,0x00,0x2D,0x32,0x2D,0x31,0x2D,0x2B,0x25,
0x37,0x00,0x29,0x37,0x38,0x33,0x00,0xFC,0x00,0x25,0x38,0x25,0x27,0x25,0x32,0x28,
0x33,0x00,0x32,0x33,0x37,0x37,0x25,0xFD,0x1D,0x19,0x16,0x0E,0x0B,0x0E,0x19,0xF0,
0x04,0xFC,0x00,0x26,0x25,0x37,0x29,0xE5,0xE5,0xFD,0x1D,0x19,0x16,0x0E,0x0B,0x0E,
0x19,0xF0,0x04,0xFC,0x00,0x18,0x25,0x33,0x00,0x34,0x33,0x28,0x29,0x31,0x33,0x37,
0xFC,0x00,0x25,0x2B,0x39,0x29,0x32,0x38,0x25,0x36,0x00,0x31,0x39,0x2D,0x38,0x33,
0xFC,0x00,0x31,0x25,0x2D,0x37,0xE5,0xF0,0xED,0xFF,0xF3,0x2A,0x1D,0x19,0x16,0x0E,
0x0B,0x0E,0x19,0xF0,0x04,0xFC,0xF0,0xED,0x0B,0x00,0x34,0x33,0x36,0x38,0x25,0xFC,
0x00,0x34,0x36,0x2D,0x32,0x27,0x2D,0x34,0x25,0x30,0x00,0x37,0x29,0x36,0xF0,0x10,
0xFC,0x00,0x28,0x29,0x37,0x38,0x36,0x39,0xF0,0x12,0x28,0x25,0x00,0x25,0xFD,0x1D,
0x19,0x16,0x0E,0x0B,0x0E,0x19,0xF0,0x04,0xFC,0x00,0x35,0x39,0x25,0x30,0x35,0x39,
0x29,0x36,0xFC,0x00,0x31,0x33,0x31,0x29,0x32,0x38,0x33,0xE5,0xF0,0xED,0xFD,0xF3,
0x07,0x0D,0x33,0x31,0x29,0x27,0x29,0x31,0x00,0x25,0xFC,0x29,0x3A,0x25,0x27,0x39,
0x25,0x27,0x33,0xFC,0x2D,0x31,0x29,0x28,0x2D,0x25,0x38,0x25,0x31,0x29,0x32,0x38,
0x29,0xE5,0xFC,0x16,0x29,0x31,0x26,0x36,0x29,0x31,0xF0,0x01,0x37,0x29,0x00,0x35,
0x39,0x29,0xFD,0x33,0x37,0x00,0x2D,0x28,0x33,0x37,0x33,0x37,0x00,0x29,0xFC,0x25,
0x37,0x00,0x27,0x36,0x2D,0x25,0x32,0x27,0x25,0x37,0x00,0x38,0x31,0xFC,0x34,0x36,
0x2D,0x33,0x36,0x2D,0x28,0x25,0x28,0x29,0xE5,0xFD,0x20,0x33,0x27,0x29,0x00,0x38,
0x25,0x31,0x26,0xF0,0x11,0x31,0x00,0x28,0x29,0x3A,0x29,0xFC,0x29,0x3A,0x25,0x27,
0x39,0x25,0x36,0xF0,0xEC,0x00,0x24,0x29,0x36,0x33,0xF0,0xE9,0xFD,0x19,0x26,0x36,
0x2D,0x2B,0x25,0x28,0x25,0x00,0x34,0x33,0x36,0xFC,0x38,0x29,0x36,0x00,0x32,0x33,
0x37,0x00,0x25,0x2E,0x39,0x28,0x25,0x28,0x33,0xFC,0x38,0x25,0x32,0x38,0x33,0xF0,
0xE9,0xF0,0xE9,0xF0,0xE9,0xFD,0xF3,0x04,0x0D,0x2D,0x29,0x30,0xF0,0xEC,0x00,0x3A,
0xF0,0x10,0x00,0x28,0x29,0x34,0x36,0x29,0x37,0x37,0x25,0xFC,0x34,0x25,0x36,0x25,
0x00,0x33,0x00,0x37,0x29,0x39,0xFC,0x38,0x36,0x25,0x32,0x37,0x34,0x33,0x36,0x38,
0x29,0x00,0x28,0x29,0xFC,0x29,0x3A,0x25,0x27,0x39,0x25,0x27,0x33,0xF0,0xE9,0xFD,
0xF3,0x07,0x1E,0x39,0x28,0x33,0x00,0x26,0x29,0x31,0xF0,0xE9,0x00,0x13,0x37,0x37,
0x33,0xFC,0xF0,0x11,0x00,0x27,0x39,0x30,0x34,0x25,0x00,0x31,0x2D,0x32,0x2C,0x25,
0xF0,0xE9,0xFD,0xF3,0x04,0x0D,0x39,0x30,0x34,0x25,0x00,0x37,0x39,0x25,0xF0,0x08,
0xFD,0xF3,0x07,0x19,0x00,0x31,0x39,0x32,0x28,0x33,0x00,0x37,0x25,0x2D,0x39,0xFC,
0x28,0x33,0x00,0x27,0x33,0x32,0x38,0x36,0x33,0x30,0x29,0xF0,0xE9,0xFD,0x1E,0x39,
0x28,0x33,0x00,0x2D,0x37,0x37,0x33,0xFC,0xF0,0x11,0x00,0x34,0x33,0x36,0x00,0x27,
0x39,0x30,0x34,0x25,0x00,0x28,0x29,0xFC,0x18,0x29,0x33,0x00,0x0B,0x36,0x27,0x25,
0x28,0x2D,0x25,0xF0,0xE9,0xF0,0xE9,0xF0,0xE9,0xFD,0x14,0x39,0x37,0x38,0x2D,0x27,
0x25,0x00,0x29,0x3C,0x38,0x36,0x29,0x31,0x25,0xF0,0xEC,0xFC,0x33,0x32,0x28,0x29,
0x00,0x25,0x00,0x34,0x25,0x3E,0x00,0x37,0x29,0xFC,0x31,0x25,0x32,0x38,0xF0,0x11,
0x31,0x00,0x34,0x29,0x30,0x25,0xFC,0x2A,0x33,0x36,0x27,0x25,0xF0,0xE9,0xFD,0x1C,
0x29,0x34,0x30,0x33,0x2D,0x28,0x37,0x00,0x37,0x33,0xFC,0x37,0x25,0x27,0x36,0x2D,
0x2A,0x2D,0x27,0x25,0x28,0x33,0x37,0x00,0x34,0x29,0x30,0x25,0xFC,0x2A,0x29,0x30,
0x2D,0x27,0x2D,0x28,0x25,0x28,0x29,0xFC,0x28,0x33,0x37,0x00,0x2C,0x39,0x31,0x25,
0x32,0x33,0x37,0xF0,0xE9,0xFD,0x10,0x39,0x2D,0x00,0x29,0x39,0x00,0x35,0x39,0x29,
0x31,0xFC,0x27,0x36,0x2D,0x33,0x39,0x00,0x18,0x29,0x33,0xFC,0x0B,0x36,0x27,0x25,
0x28,0x2D,0x25,0xF0,0xE9,0xF0,0xE9,0xF0,0xE9,0xFD,0x0F,0x00,0x2A,0x39,0x2D,0x00,
0x29,0x39,0x00,0x35,0x39,0x29,0x31,0xFC,0x36,0x29,0x2B,0x29,0x32,0x29,0x36,0x33,
0x39,0x00,0x33,0x00,0x22,0xF0,0xE9,0xF0,0xE9,0xF0,0xE9,0xFD,0x10,0x39,0x2D,0x00,
0x29,0x39,0xF0,0xE9,0xF0,0xE9,0xF0,0xE9,0xFD,0xF3,0x04,0x19,0x00,0x35,0x39,0xF0,
0x08,0x00,0x19,0x00,0x35,0x39,0x29,0x00,0x3A,0x33,0x27,0x29,0xFC,0x35,0x39,0x29,
0x36,0x00,0x28,0x2D,0x3E,0x29,0x36,0x00,0x27,0x33,0x31,0xFC,0xF0,0xED,0x36,0x29,
0x2B,0x29,0x32,0x29,0x36,0x33,0x39,0xF0,0xED,0xF0,0xE9,0xF0,0xE9,0xF0,0xE9,0xF0,
0x08,0xFD,0x1C,0x29,0x37,0x37,0x39,0x37,0x27,0x2D,0x38,0x33,0x39,0x00,0x33,0x00,
0x22,0xFC,0x27,0x33,0x31,0x33,0x00,0x3A,0x33,0x27,0x29,0x00,0x31,0x29,0xFC,0x36,
0x29,0x37,0x37,0x39,0x37,0x27,0x2D,0x38,0x33,0x39,0xF0,0x08,0xFD,0xF3,0x07,0x18,
0x25,0x33,0xF0,0xE9,0x00,0xF0,0x16,0xFC,0x28,0x2D,0x2A,0x29,0x36,0x29,0x32,0x38,
0x29,0xF0,0xE9,0xF0,0xE9,0xF0,0xE9,0xFD,0x20,0x33,0x27,0x29,0x00,0xF0,0x11,0x00,
0x39,0x31,0xFC,0x33,0x36,0x2D,0x2B,0x2D,0x32,0x25,0x30,0xF0,0xEC,0xFC,0x33,0x00,
0x35,0x39,0x29,0x00,0x37,0x2D,0x2B,0x32,0x2D,0x2A,0x2D,0x27,0x25,0xFD,0x35,0x39,
0x29,0x00,0xF0,0x11,0x00,0x29,0x3C,0x25,0x38,0x25,0x31,0x29,0x32,0x38,0x29,0xFC,
0x27,0x33,0x31,0x33,0x00,0x29,0x36,0x25,0x00,0x25,0x32,0x38,0x29,0x37,0xF0,0xE9,
0xF0,0xE9,0xF0,0xE9,0xFD,0x17,0x25,0x37,0x00,0x33,0x00,0x22,0x00,0xF0,0x11,0xF0,
0xE9,0xF0,0xE9,0xF0,0xE9,0xFF,0xF3,0x07,0x20,0x33,0x27,0x29,0x00,0x28,0x29,0x3A,
0x29,0x00,0x2D,0x36,0xFC,0x25,0x2B,0x33,0x36,0x25,0xF0,0xE9,0xF0,0xE9,0xF0,0xE9,
0xFD,0x0B,0x2E,0x39,0x28,0x29,0x00,0x25,0x00,0x38,0x33,0x28,0x33,0x37,0xFC,0x25,
0x00,0x29,0x3A,0x25,0x27,0x39,0x25,0x36,0xF0,0xE9,0xF0,0xE9,0xF0,0xE9,0xFF,0xF3,
0x2A,0x1D,0x19,0x16,0x0E,0x0B,0x0E,0x19,0xF0,0x04,0xFC,0xF0,0xED,0x24,0x29,0x36,
0x33,0xF0,0xEC,0x00,0x34,0x33,0x28,0x29,0x00,0x31,0x29,0xFC,0x00,0x33,0x39,0x3A,
0x2D,0x36,0xF0,0x08,0xFD,0x1D,0x19,0x16,0x0E,0x0B,0x0E,0x19,0xF0,0x04,0xFC,0x00,
0x0B,0x00,0x37,0x25,0x30,0x25,0x00,0x28,0x29,0x00,0x31,0x33,0x38,0x33,0x36,0x29,
0x37,0xFC,0x00,0x27,0x25,0x2D,0x39,0x00,0x32,0x25,0x37,0x00,0x31,0x33,0x37,0xFC,
0x00,0x28,0x33,0x00,0x2D,0x32,0x2D,0x31,0x2D,0x2B,0x33,0xF0,0xE9,0xFD,0x1D,0x19,
0x16,0x0E,0x0B,0x0E,0x19,0xF0,0x04,0xFC,0x00,0x0D,0x33,0x31,0x33,0x00,0x32,0x25,
0x33,0x00,0x34,0x33,0x28,0x29,0x31,0x33,0x37,0xFC,0x00,0x25,0x38,0x2D,0x3A,0x25,
0x36,0x00,0x33,0xFC,0x00,0x29,0x30,0x29,0x3A,0x25,0x28,0x33,0x36,0xF0,0xEC,0x00,
0x33,0x37,0xFD,0x1D,0x19,0x16,0x0E,0x0B,0x0E,0x19,0xF0,0x04,0xFC,0x00,0x1C,0x29,
0x34,0x30,0x33,0x2D,0x28,0x37,0x00,0x32,0x33,0x37,0xFC,0x00,0x32,0xF0,0x12,0x3A,
0x29,0x2D,0x37,0x00,0x37,0x39,0x34,0x29,0x36,0x2D,0x33,0x36,0x29,0x37,0xFC,0x00,
0x32,0x25,0x33,0x00,0x34,0x33,0x28,0x29,0x31,0x00,0x2D,0x36,0xFD,0x1D,0x19,0x16,
0x0E,0x0B,0x0E,0x19,0xF0,0x04,0xFC,0x00,0x34,0x25,0x36,0x25,0x00,0x33,0x00,0x38,
0x36,0x25,0x32,0x37,0x34,0x33,0x36,0x38,0x29,0xFC,0x00,0x28,0x29,0x00,0x29,0x3A,
0x25,0x27,0x39,0x25,0x27,0x33,0xF0,0xE9,0xFD,0x1D,0x19,0x16,0x0E,0x0B,0x0E,0x19,
0xF0,0x04,0xFC,0x00,0x0B,0x27,0x25,0x26,0x29,0x00,0x27,0x33,0x31,0x00,0x33,0x37,
0xFC,0x00,0x2D,0x32,0x2D,0x31,0x2D,0x2B,0x33,0x37,0x00,0x32,0x25,0xFC,0x00,0x37,
0x25,0x30,0x25,0x00,0x28,0x29,0x00,0x31,0x33,0x38,0x33,0x36,0x29,0x37,0xE5,0xE5,
0xF0,0xED,0xFF,0xF3,0x33,0x19,0x26,0x36,0x2D,0x2B,0x25,0x28,0x33,0xF0,0xEC,0xFC,
0x24,0x29,0x36,0x33,0xF0,0xE9,0xF0,0xE9,0xF0,0xE9,0xFC,0x20,0x33,0x39,0x00,0x30,
0x2D,0x2B,0x25,0x36,0xFC,0x33,0x00,0x29,0x30,0x29,0x3A,0x25,0x28,0x33,0x36,0xF0,
0xE9,0xFD,0x19,0x15,0xF0,0xE9,0x00,0x18,0xF0,0x13,0x37,0xFC,0x38,0x29,0x36,0x31,
0x2D,0x32,0x25,0x31,0x33,0x37,0xE5,0xFF,0xF3,0x2A,0x1D,0x19,0x16,0x0E,0x0B,0x0E,
0x19,0xF0,0x04,0xFC,0xF0,0xED,0x24,0x29,0x36,0x33,0xF0,0xEC,0x00,0x34,0x33,0x28,
0x29,0x00,0x31,0x29,0xFC,0x00,0x33,0x39,0x3A,0x2D,0x36,0xF0,0x08,0xFD,0x1D,0x19,
0x16,0x0E,0x0B,0x0E,0x19,0xF0,0x04,0xFC,0x00,0x19,0x00,0x27,0x33,0x31,0x25,0x32,
0x28,0x25,0x32,0x38,0x29,0xFC,0x00,0x2D,0x32,0x2D,0x31,0x2D,0x2B,0x33,0x00,0x29,
0x37,0x38,0xF0,0x10,0xFC,0x00,0x33,0x27,0x39,0x34,0x25,0x32,0x28,0x33,0x00,0x33,
0xFD,0x1D,0x19,0x16,0x0E,0x0B,0x0E,0x19,0xF0,0x04,0xFC,0x00,0x25,0x36,0x31,0x25,
0x3E,0xF0,0x11,0x31,0x00,0x33,0x32,0x28,0x29,0xFC,0x00,0x2A,0x2D,0x27,0x25,0x31,
0x00,0x2B,0x39,0x25,0x36,0x28,0x25,0x28,0x33,0x37,0xFD,0x1D,0x19,0x16,0x0E,0x0B,
0x0E,0x19,0xF0,0x04,0xFC,0x00,0x33,0x37,0x00,0x0D,0x36,0x2D,0x37,0x38,0x25,0x2D,
0x37,0x00,0x28,0x29,0xFC,0x00,0x0F,0x32,0x29,0x36,0x2B,0x2D,0x25,0xF0,0xE9,0xFD,
0x1D,0x19,0x16,0x0E,0x0B,0x0E,0x19,0xF0,0x04,0xFC,0x00,0x1D,0x29,0x00,0x34,0x29,
0x36,0x28,0x29,0x36,0x31,0x33,0x37,0x00,0x33,0x37,0xFC,0x00,0x0D,0x36,0x2D,0x37,
0x38,0x25,0x2D,0x37,0x00,0x28,0x29,0xFC,0x00,0x0F,0x32,0x29,0x36,0x2B,0x2D,0x25,
0xF0,0xEC,0xFD,0x1D,0x19,0x16,0x0E,0x0B,0x0E,0x19,0xF0,0x04,0xFC,0x00,0x29,0x37,
0x38,0x25,0x31,0x33,0x37,0x00,0x34,0x29,0x36,0x28,0x2D,0x28,0x33,0x37,0xF0,0xE9,
0xFC,0x00,0x20,0xF0,0x10,0x00,0x25,0x38,0xF0,0x11,0x00,0x33,0xFC,0x00,0x25,0x36,
0x31,0x25,0x3E,0xF0,0x11,0x31,0x00,0x29,0xFD,0x1D,0x19,0x16,0x0E,0x0B,0x0E,0x19,
0xF0,0x04,0xFC,0x00,0x36,0x29,0x27,0x39,0x34,0x29,0x36,0x29,0x00,0x33,0x37,0xFC,
0x00,0x0D,0x36,0x2D,0x37,0x38,0x25,0x2D,0x37,0x00,0x28,0x29,0xFC,0x00,0x0F,0x32,
0x29,0x36,0x2B,0x2D,0x25,0xE5,0xF0,0xED,0xFF,0xF3,0x15,0x19,0x36,0x25,0x00,0x33,
0x36,0x25,0x00,0x33,0x36,0x25,0xF0,0xE9,0xFC,0x19,0x39,0x3A,0x2D,0x00,0x2A,0x25,
0x30,0x25,0x36,0x00,0x31,0x39,0x2D,0x38,0x33,0xFC,0x37,0x33,0x26,0x36,0x29,0x00,
0x3A,0x33,0x27,0x29,0xF0,0xE9,0xFD,0x20,0x33,0x27,0x29,0x00,0x28,0x29,0x3A,0x29,
0x00,0x37,0x29,0x36,0xFC,0x33,0x00,0x24,0x29,0x36,0x33,0xF0,0xEC,0x00,0x33,0xFC,
0x1C,0x29,0x34,0x30,0x33,0x2D,0x28,0xFC,0x30,0x29,0x32,0x28,0xF0,0x10,0x36,0x2D,
0x33,0xF0,0xE9,0xF0,0xE9,0xF0,0xE9,0xFD,0x19,0x39,0x00,0x29,0x39,0x00,0x28,0x29,
0x3A,0x29,0x36,0x2D,0x25,0x00,0x28,0x2D,0x3E,0x29,0x36,0xFC,0x33,0x00,0x1C,0x29,
0x34,0x30,0x33,0x2D,0x28,0xFC,0x3A,0x29,0x30,0x2C,0x33,0x00,0x29,0xFC,0x33,0x26,
0x37,0x33,0x30,0x29,0x38,0x33,0xF0,0x08,0xFD,0x17,0x29,0x39,0x00,0x32,0x33,0x31,
0x29,0x00,0xF0,0x11,0xFC,0x12,0x25,0x32,0x39,0x31,0x25,0x27,0x2C,0x2D,0x32,0x29,
0xF0,0xEC,0xFC,0x37,0x33,0x39,0x00,0x33,0x00,0x25,0x34,0x36,0x29,0x32,0x28,0x2D,
0x3E,0xFC,0x32,0xF0,0x14,0x31,0x29,0x36,0x33,0x00,0x39,0x31,0x00,0x28,0x33,0xFD,
0x1A,0x2C,0x25,0x32,0x38,0x33,0x31,0xF0,0xEC,0x00,0x33,0xFC,0x11,0x39,0x25,0x36,
0x28,0x2D,0x33,0xF0,0xE9,0xFD,0x20,0x33,0x39,0x00,0x38,0x29,0x00,0x29,0x30,0x2D,
0x31,0x2D,0x32,0x25,0x36,0xFC,0x34,0x29,0x30,0x25,0x00,0x2B,0x30,0xF0,0x13,0x36,
0x2D,0x25,0x00,0x28,0x25,0xFC,0x1F,0x32,0x2D,0x28,0x25,0x28,0x29,0x00,0x1D,0x38,
0x29,0x25,0x30,0x38,0x2C,0xE5,0xFD,0x0F,0x31,0x00,0x2B,0x39,0x25,0x36,0x28,0x25,
0xE5,0xFF,0x1D,0x19,0x16,0x0E,0x0B,0x0E,0x19,0xF0,0x04,0x0F,0x37,0x38,0xF0,0x10,
0x00,0x38,0x36,0x25,0x32,0x27,0x25,0x28,0x33,0xE5,0xFF,
};
alignas(16) inline constexpr uint16_t mmz1_msg10_script_offsets[] = {
0x0000,0x0005,
};
constexpr int mmz1_msg10_num_entries = 2;
alignas(16) inline constexpr uint8_t mmz1_msg10_script_data[] = {
0x0F,0x1C,0x1C,0x19,0xFF,0xF3,0x1B,0x0F,0x37,0x38,0xF0,0x10,0x00,0x34,0x36,0x33,
0x2A,0x25,0x32,0x25,0x32,0x28,0x33,0xFC,0x33,0x00,0x37,0x25,0x32,0x38,0x39,0xF0,
0x10,0x36,0x2D,0x33,0x00,0x28,0x33,0xFC,0x31,0x29,0x37,0x38,0x36,0x29,0x00,0x22,
0xF0,0xE9,0xFD,0x0F,0x39,0xF0,0xEC,0x00,0x12,0x29,0x36,0x27,0x39,0x30,0x2D,0x33,
0x39,0x37,0xFC,0x0B,0x32,0x27,0x2C,0x33,0x36,0x38,0x39,0x37,0xF0,0xEC,0x00,0x38,
0x29,0xFC,0x29,0x30,0x2D,0x31,0x2D,0x32,0x25,0x36,0x29,0x2D,0xF0,0xEC,0xFC,0x29,
0x31,0x00,0x32,0x33,0x31,0x29,0x00,0x28,0x29,0xFD,0x12,0x25,0x36,0x34,0x39,0x2D,
0x25,0xF0,0xEC,0xFC,0x11,0x39,0x25,0x36,0x28,0x2D,0x33,0x00,0x28,0x33,0xFC,0x31,
0x29,0x37,0x38,0x36,0x29,0x00,0x22,0xF0,0xE9,0xFD,0x0E,0x29,0x3A,0x29,0x36,0x2D,
0x25,0xFC,0x27,0x33,0x32,0x37,0x2D,0x28,0x29,0x36,0x25,0x36,0x00,0x39,0x31,0x25,
0x00,0xFC,0x3A,0x29,0x36,0x28,0x25,0x28,0x29,0x2D,0x36,0x25,0x00,0x2C,0x33,0x32,
0x36,0x25,0xFC,0x37,0x29,0x36,0x00,0x29,0x30,0x2D,0x31,0x2D,0x32,0x25,0x28,0x33,
0xFD,0x34,0x29,0x30,0x25,0x00,0x31,0x2D,0x32,0x2C,0x25,0x00,0x29,0x37,0x34,0x25,
0x28,0x25,0xE5,0xFF,
};
alignas(16) inline constexpr uint16_t mmz1_msg11_script_offsets[] = {
0x0000,0x0001,
};
constexpr int mmz1_msg11_num_entries = 2;
alignas(16) inline constexpr uint8_t mmz1_msg11_script_data[] = {
0xFF,0xF3,0x04,0x20,0x33,0x27,0x29,0x00,0xF0,0x11,0x00,0x00,0x31,0x39,0x2D,0x38,
0x33,0x00,0x2B,0x36,0x25,0x32,0x28,0x29,0xFC,0x34,0x36,0x25,0xFC,0x37,0x29,0x36,
0x00,0x39,0x31,0x25,0x00,0x30,0x29,0x37,0x31,0x25,0xF0,0xE9,0xFD,0x1D,0x2D,0x31,
0x34,0x30,0x29,0x37,0x31,0x29,0x32,0x38,0x29,0xFC,0x37,0x39,0x31,0x25,0x00,0x28,
0x25,0x35,0x39,0x2D,0xF0,0xE9,0xFF,
};
alignas(16) inline constexpr uint16_t mmz1_msg12_script_offsets[] = {
0x0000,0x0011,0x005C,0x00C9,0x0189,0x01E6,0x023F,0x0267,
0x02D0,0x0369,0x0409,0x049B,0x04FE,0x0606,0x060F,0x0638,
0x0645,0x0653,0x06CD,0x09CC,0x0ACC,0x0B2B,0x0C89,0x0D2A,
0x0E47,0x0EE2,0x0F71,0x0F86,
};
constexpr int mmz1_msg12_num_entries = 28;
alignas(16) inline constexpr uint8_t mmz1_msg12_script_data[] = {
0x0D,0x13,0x0F,0x16,0xF0,0x04,0x24,0x29,0x36,0x33,0xF0,0xE9,0xF0,0xE9,0xF0,0xE9,
0xFF,0xF3,0x10,0x1E,0x39,0x28,0x33,0x00,0x3A,0x33,0x30,0x38,0x25,0xFC,0x00,0x38,
0x29,0x36,0x36,0x25,0x00,0x32,0x33,0xFC,0x2A,0x2D,0x31,0xF0,0xE9,0xF0,0xE9,0xF0,
0xE9,0xFD,0x0B,0x2B,0x33,0x36,0x25,0x00,0xF0,0x11,0x00,0x2C,0x33,0x36,0x25,0xFC,
0x28,0x29,0x00,0x3A,0x33,0x27,0x29,0xFC,0x2A,0x25,0x3E,0x29,0x36,0x00,0x33,0x00,
0x31,0x29,0x37,0x31,0x33,0xF0,0xE9,0xF0,0xE9,0xF0,0xE9,0xFF,0xF3,0x1B,0x0B,0x2D,
0x32,0x28,0x25,0x00,0x32,0x25,0x33,0xFC,0x25,0x27,0x36,0x29,0x28,0x2D,0x38,0x33,
0x00,0x35,0x39,0x29,0x00,0x31,0x29,0xFC,0x28,0x29,0x36,0x36,0x33,0x38,0x33,0x39,
0xF0,0xE9,0xF0,0xE9,0xF0,0xE9,0xFD,0xF0,0x16,0x00,0x39,0x31,0x25,0xFC,0x3A,0x29,
0x36,0x2B,0x33,0x32,0x2C,0x25,0xF0,0xE9,0xF0,0xE9,0xF0,0xE9,0xFD,0x0E,0x29,0x3A,
0x33,0x00,0x31,0x29,0x00,0x36,0x29,0x28,0x2D,0x31,0x2D,0x36,0xFC,0x38,0x29,0x00,
0x29,0x30,0x2D,0x31,0x2D,0x32,0x25,0x32,0x28,0x33,0xE5,0xFD,0x1A,0x36,0x29,0x34,
0x25,0x36,0x29,0xF0,0x01,0x37,0x29,0xE5,0xFF,0xF3,0x16,0x12,0x31,0x31,0x31,0x31,
0x31,0x31,0xF0,0xE9,0xFC,0x16,0x2D,0x3C,0x33,0x00,0x28,0x29,0xFC,0x1C,0x29,0x34,
0x30,0x33,0x2D,0x28,0x00,0x33,0x26,0x37,0x33,0x30,0x29,0x38,0x33,0xF0,0xE9,0xFD,
0x0E,0x29,0x3A,0x29,0x36,0x2D,0x25,0x00,0x38,0x29,0x36,0xFC,0x2A,0x2D,0x27,0x25,
0x28,0x33,0x00,0x32,0x33,0x00,0x37,0x29,0x39,0xFC,0x30,0x39,0x2B,0x25,0x36,0x00,
0x28,0x29,0x00,0x28,0x29,0x37,0x27,0x25,0x32,0x37,0x33,0xF0,0xE9,0xF0,0xE9,0xF0,
0xE9,0xFD,0x0D,0x33,0x31,0x00,0x25,0x00,0x31,0x2D,0x32,0x2C,0x25,0x00,0x32,0x29,
0x3A,0x25,0x37,0x27,0x25,0xF0,0xEC,0xFC,0x37,0x29,0x00,0x25,0x36,0x36,0x29,0x34,
0x29,0x32,0x28,0x29,0x36,0xF0,0x10,0xFC,0x28,0x29,0x00,0x32,0x25,0x33,0x00,0x38,
0x29,0x36,0xFC,0x2A,0x2D,0x27,0x25,0x28,0x33,0x00,0x30,0xF0,0x10,0xE5,0xFD,0x12,
0x31,0x31,0x31,0x31,0x31,0x31,0xE5,0x00,0xF0,0x16,0xFC,0x2C,0x33,0x36,0x25,0x00,
0x28,0x29,0x00,0x3A,0x33,0x30,0x38,0x25,0x36,0xFC,0x25,0x00,0x28,0x33,0x36,0x31,
0x2D,0x36,0xF0,0xE9,0xF0,0xE9,0xF0,0xE9,0xFF,0xF3,0x18,0x0F,0x39,0x00,0x25,0x32,
0x25,0x30,0x2D,0x37,0x29,0x2D,0xFC,0x27,0x33,0x31,0x34,0x30,0x29,0x38,0x25,0x31,
0x29,0x32,0x38,0x29,0xFC,0x38,0x33,0x28,0x25,0x37,0x00,0x25,0x37,0x00,0x37,0x39,
0x25,0x37,0xFC,0x29,0x37,0x38,0x36,0x25,0x38,0xF0,0x11,0x2B,0x2D,0x25,0x37,0xF0,
0xE9,0xFD,0x0E,0x29,0x2D,0x3C,0x29,0xF0,0x01,0x31,0x29,0x00,0x31,0x33,0x37,0x38,
0x36,0x25,0x36,0xFC,0x33,0x00,0x35,0x39,0x29,0x00,0x29,0x39,0xFC,0x25,0x34,0x36,
0x29,0x32,0x28,0x2D,0xE5,0xFF,0xF3,0x23,0x0F,0x37,0x38,0x29,0x00,0x32,0x25,0x33,
0x00,0xF0,0x11,0xFC,0x39,0x31,0x00,0x30,0x39,0x2B,0x25,0x36,0x00,0x34,0x25,0x36,
0x25,0xFC,0x25,0x30,0x2B,0x39,0xF0,0x11,0x31,0x00,0x27,0x33,0x31,0x33,0x00,0x3A,
0x33,0x27,0x29,0xE5,0xFD,0x20,0x25,0x2D,0x00,0x37,0x29,0x00,0x25,0x36,0x36,0x29,
0x34,0x29,0x32,0x28,0x29,0x36,0xFC,0x28,0x29,0x00,0x38,0x29,0x36,0x00,0x3A,0x2D,
0x32,0x28,0x33,0xFC,0x25,0x38,0xF0,0x11,0x00,0x25,0x35,0x39,0x2D,0xE5,0xFF,0xF3,
0x23,0x18,0x25,0x33,0xF0,0xE9,0xF0,0xE9,0xF0,0xE9,0xFD,0x18,0x39,0x32,0x27,0x25,
0xFC,0x29,0x37,0x35,0x39,0x29,0x27,0x29,0x36,0x29,0x2D,0x00,0x2D,0x37,0x37,0x33,
0xF0,0xE9,0xF0,0xE9,0xF0,0xE9,0xFF,0xF3,0x21,0x0E,0x00,0x30,0x39,0x3E,0x00,0x25,
0x33,0xFC,0x34,0x33,0x3A,0x33,0xF0,0xE9,0xFD,0x0E,0x00,0x25,0x00,0x31,0x33,0x36,
0x38,0x29,0xFC,0x25,0x33,0x37,0x00,0x17,0x25,0x3A,0x29,0x36,0x2D,0x27,0x2F,0x37,
0xF0,0xE9,0xFD,0x18,0x2D,0x32,0x2B,0x39,0xF0,0x11,0x31,0x00,0x28,0x29,0x37,0x33,
0x32,0x36,0x25,0x36,0xF0,0x10,0xFC,0x33,0x00,0x31,0x29,0x37,0x38,0x36,0x29,0x00,
0x22,0xF0,0xE9,0xFD,0x1D,0x39,0x25,0x00,0x29,0x30,0x2D,0x31,0x2D,0x32,0x25,0x27,
0x33,0xFC,0x27,0x33,0x31,0x29,0x27,0x25,0x00,0x25,0x2B,0x33,0x36,0x25,0xE5,0xFF,
0xF3,0x21,0x13,0x31,0x34,0x33,0x37,0x37,0xF0,0x12,0x3A,0x29,0x30,0xF0,0xE9,0xF0,
0xE9,0xF0,0xE9,0xFC,0x0D,0x33,0x31,0x33,0x00,0x29,0x39,0x00,0x34,0x39,0x28,0x29,
0xF0,0xE9,0xF0,0xE9,0xF0,0xE9,0xFD,0x18,0x25,0x33,0xF0,0xE9,0xF0,0xE9,0xF0,0xE9,
0xFD,0x18,0x25,0x33,0x00,0x34,0x29,0x36,0x31,0x2D,0x38,0x2D,0x36,0x29,0x2D,0xFC,
0x35,0x39,0x29,0x00,0x3A,0x33,0x27,0x29,0x00,0x27,0x2C,0x29,0x2B,0x39,0x29,0xFC,
0x25,0x38,0xF0,0x11,0x00,0x33,0x32,0x28,0x29,0x00,0x29,0x37,0x38,0xF0,0x10,0xFC,
0x33,0x00,0x31,0x29,0x37,0x38,0x36,0x29,0x00,0x22,0xF0,0xE9,0xF0,0xE9,0xF0,0xE9,
0xFD,0x20,0x33,0x39,0x00,0x38,0x29,0x00,0x30,0x29,0x3A,0x25,0x36,0xFC,0x27,0x33,
0x31,0x2D,0x2B,0x33,0xF0,0xE9,0xF0,0xE9,0xF0,0xE9,0xFD,0x0B,0x36,0x36,0x36,0x2B,
0x2B,0x2B,0x2B,0x2C,0x2C,0x2C,0x2C,0xE5,0xFF,0xF3,0x25,0x12,0x29,0x00,0x2C,0x29,
0x00,0x2C,0x29,0x00,0x2C,0x29,0xF0,0xE9,0xFC,0x0C,0x29,0x31,0xF0,0x01,0x3A,0x2D,
0x32,0x28,0x33,0xF0,0xEC,0x00,0x24,0x29,0x36,0x33,0xF0,0xE9,0xFC,0x0F,0x39,0x00,
0x29,0x37,0x38,0x2D,0x3A,0x29,0xFC,0x38,0x29,0x00,0x29,0x37,0x34,0x29,0x36,0x25,
0x32,0x28,0x33,0xF0,0xE9,0xFD,0x20,0x33,0x27,0x29,0x00,0x31,0x29,0x00,0x2A,0x29,
0x3E,0xFC,0x29,0x37,0x34,0x29,0x36,0x25,0x36,0x00,0x26,0x25,0x37,0x38,0x25,0x32,
0x38,0x29,0xFC,0x38,0x29,0x31,0x34,0x33,0xF0,0xEC,0x00,0x29,0x32,0x38,0x25,0x33,
0x00,0xFC,0x34,0x33,0x36,0x00,0x2A,0x25,0x3A,0x33,0x36,0xFD,0x32,0x25,0x33,0x00,
0x37,0x29,0x00,0x36,0x29,0x32,0x28,0x25,0xFC,0x38,0x33,0x00,0x2A,0x25,0x27,0x2D,
0x30,0x31,0x29,0x32,0x38,0x29,0xF0,0xE9,0xFD,0x20,0x25,0x31,0x33,0x37,0x00,0x27,
0x33,0x31,0x29,0x27,0x25,0x36,0xE5,0xE5,0xFF,0xF3,0x25,0x18,0x25,0x33,0xE5,0xFC,
0x0B,0x2D,0x32,0x28,0x25,0x00,0x32,0x25,0x33,0xF0,0xE9,0xF0,0xE9,0xF0,0xE9,0xFD,
0x17,0x25,0x37,0xF0,0xE9,0xF0,0xE9,0xF0,0xE9,0xFC,0x18,0x25,0x33,0xE5,0x00,0x1A,
0x33,0x36,0x00,0x35,0x39,0x29,0x00,0x32,0x25,0x33,0xFC,0x27,0x33,0x32,0x37,0x2D,
0x2B,0x33,0x00,0x31,0x33,0x3A,0x29,0x36,0xFC,0x25,0x00,0x31,0x2D,0x32,0x2C,0x25,
0x00,0x34,0x29,0x36,0x32,0x25,0xF0,0xE9,0xF0,0xE9,0xF0,0xE9,0xF0,0x08,0xFD,0x1B,
0x39,0x29,0x00,0x25,0x37,0x37,0x2D,0x31,0x00,0x37,0x29,0x2E,0x25,0xF0,0xE9,0xFC,
0x0E,0x29,0x2D,0x3C,0x25,0x36,0x29,0x2D,0x00,0x3A,0x33,0x27,0x29,0x00,0x3A,0x2D,
0x3A,0x29,0x36,0xFC,0x39,0x31,0x00,0x34,0x33,0x39,0x27,0x33,0x00,0x31,0x25,0x2D,
0x37,0xF0,0xE9,0xFD,0x0B,0x28,0x29,0x39,0x37,0xE5,0xFF,0xFB,0xF3,0x1F,0x0F,0x39,
0x00,0x29,0x37,0x38,0x2D,0x3A,0x29,0xFC,0x29,0x37,0x34,0x29,0x36,0x25,0x32,0x28,
0x33,0xFC,0x26,0x36,0x2D,0x32,0x27,0x25,0x36,0x00,0x27,0x33,0x31,0x00,0x3A,0x33,
0x27,0x29,0xFC,0x28,0x29,0x00,0x32,0x33,0x3A,0x33,0xF0,0xE9,0xFD,0x20,0x33,0x27,
0x29,0x00,0x32,0x25,0x33,0x00,0x38,0x29,0x31,0xFC,0x27,0x2C,0x25,0x32,0x27,0x29,
0x00,0x32,0x29,0x32,0x2C,0x39,0x31,0x25,0x00,0x28,0x29,0xFC,0x2B,0x25,0x32,0x2C,
0x25,0x36,0x00,0x28,0x29,0x37,0x38,0x25,0x00,0x3A,0x29,0x3E,0xE5,0xFF,0xFB,0xF3,
0x1F,0x1A,0x39,0x2A,0x2A,0xF0,0xEC,0x00,0x1A,0x39,0x2A,0x2A,0xF0,0xE9,0xF0,0xE9,
0xF0,0xE9,0xFD,0x14,0xF0,0x10,0x00,0xF0,0x11,0x00,0x33,0x00,0x26,0x25,0x37,0x38,
0x25,0x32,0x38,0x29,0xF0,0xE9,0xFD,0x20,0x33,0x27,0x29,0x00,0x3A,0x29,0x32,0x27,
0x29,0x39,0xF0,0xE9,0xFC,0x0F,0x39,0x00,0x25,0x27,0x29,0x2D,0x38,0x33,0x00,0x25,
0xFC,0x31,0x2D,0x32,0x2C,0x25,0x00,0x28,0x29,0x36,0x36,0x33,0x38,0x25,0xF0,0xE9,
0xF0,0xE9,0xF0,0xE9,0xFD,0x12,0x25,0x00,0x2C,0x25,0xF0,0xE9,0xF0,0xE9,0xF0,0xE9,
0xFD,0x10,0x2D,0x27,0x33,0x00,0x2A,0x29,0x30,0x2D,0x3E,0x00,0x28,0x29,0xFC,0x38,
0x29,0x36,0x00,0x27,0x33,0x32,0x2C,0x29,0x27,0x2D,0x28,0x33,0x00,0xFC,0x25,0x30,
0x2B,0x39,0xF0,0x11,0x31,0x00,0x35,0x39,0x29,0xFC,0x34,0x33,0x37,0x37,0x25,0x00,
0x31,0x29,0x00,0x28,0x29,0x36,0x36,0x33,0x38,0x25,0x36,0xF0,0xE9,0xF0,0xE9,0xF0,
0xE9,0xFD,0x0F,0x37,0x38,0x2D,0x3A,0x29,0x00,0x34,0x36,0x33,0x27,0x39,0x36,0x25,
0x32,0x28,0x33,0xFC,0x34,0x33,0x36,0x00,0x39,0x31,0x00,0x1C,0x29,0x34,0x30,0x33,
0x2D,0x28,0xFC,0x27,0x33,0x31,0x33,0x00,0x3A,0x33,0x27,0x29,0xF0,0xE9,0xF0,0xE9,
0xF0,0xE9,0xFD,0x20,0x33,0x39,0x00,0x38,0x29,0x00,0x29,0x30,0x2D,0x31,0x2D,0x32,
0x25,0x36,0xFC,0x34,0x29,0x37,0x37,0x33,0x25,0x30,0x31,0x29,0x32,0x38,0x29,0xF0,
0xE9,0xF0,0xE9,0xF0,0xE9,0xFD,0x0B,0x30,0x2B,0x39,0x31,0x00,0x28,0x2D,0x25,0xF0,
0xE9,0xF0,0xE9,0xF0,0xE9,0xFF,0xF3,0x23,0xFB,0x1A,0x25,0x36,0x29,0xE5,0xFF,0xF3,
0x25,0x18,0x25,0x33,0x00,0x34,0x29,0x36,0x31,0x2D,0x38,0x2D,0x36,0x29,0x2D,0xFC,
0x35,0x39,0x29,0x00,0x27,0x33,0x32,0x38,0x2D,0x32,0x39,0x29,0xFC,0x25,0x3A,0x25,
0x32,0x27,0x25,0x32,0x28,0x33,0xE5,0xFF,0xF3,0x1F,0x1C,0x29,0x32,0x28,0x25,0xF0,
0x01,0x37,0x29,0xE5,0xFF,0xF3,0x27,0x14,0xF0,0x10,0x00,0x27,0x2C,0x29,0x2B,0x25,
0xF0,0xE9,0xFF,0xF3,0x27,0x20,0x33,0x27,0x29,0x37,0x00,0x32,0x25,0x33,0x00,0x37,
0x33,0xFC,0x34,0xF0,0x10,0x36,0x29,0x33,0x37,0x00,0x34,0x25,0x36,0x25,0x00,0x29,
0x30,0x29,0xF0,0xE9,0xFC,0x1C,0x29,0x38,0x2D,0x36,0x29,0x31,0xF0,0x01,0x37,0x29,
0xE5,0xFD,0xF3,0x22,0x17,0x29,0x37,0x38,0x36,0x29,0x00,0x22,0xE5,0xFD,0x17,0x25,
0x37,0xF0,0xE9,0xF0,0xE9,0xF0,0xE9,0xFD,0xF3,0x24,0xF0,0xE9,0xF0,0xE9,0xF0,0xE9,
0x18,0x25,0x33,0xE5,0xFD,0xF3,0x1E,0xF0,0xE9,0xF0,0xE9,0xF0,0xE9,0x0D,0x33,0x31,
0x33,0x00,0x28,0x29,0x37,0x29,0x2E,0x25,0x36,0xF0,0xEC,0xFC,0x31,0x29,0x39,0x00,
0x31,0x29,0x37,0x38,0x36,0x29,0xF0,0xE9,0xF0,0xE9,0xF0,0xE9,0xFF,0xF3,0x27,0x10,
0x2D,0x32,0x25,0x30,0x31,0x29,0x32,0x38,0x29,0x00,0x32,0x33,0x37,0xFC,0x29,0x32,
0x27,0x33,0x32,0x38,0x36,0x25,0x31,0x33,0x37,0xF0,0xEC,0xFC,0x24,0x29,0x36,0x33,
0xF0,0xE9,0xFC,0x0F,0x39,0x00,0x29,0x37,0x38,0x2D,0x3A,0x29,0xFD,0x29,0x37,0x34,
0x29,0x36,0x25,0x32,0x28,0x33,0x00,0x27,0x33,0x31,0xFC,0x25,0x32,0x37,0x2D,0x29,
0x28,0x25,0x28,0x29,0x00,0x34,0x33,0x36,0xFC,0x29,0x37,0x38,0x29,0x00,0x31,0x33,
0x31,0x29,0x32,0x38,0x33,0xF0,0xE9,0xFD,0xF3,0x04,0x20,0x33,0x27,0x29,0xF0,0xE9,
0xF0,0xE9,0xF0,0xE9,0xFC,0x20,0x33,0x27,0x29,0x00,0x28,0x29,0x3A,0x29,0x00,0x37,
0x29,0x36,0x00,0x25,0xFC,0x27,0xF0,0x13,0x34,0x2D,0x25,0x00,0x34,0x2D,0x36,0x25,
0x38,0x25,0x00,0x28,0x33,0xFC,0x22,0xF0,0xE9,0xF0,0xE9,0xF0,0xE9,0xFD,0xF3,0x27,
0x18,0x25,0x33,0xF0,0xE9,0xF0,0xE9,0xF0,0xE9,0xFC,0x1F,0x31,0x25,0x00,0x27,0xF0,
0x13,0x34,0x2D,0x25,0xFC,0x34,0x29,0x36,0x2A,0x29,0x2D,0x38,0x25,0x00,0x28,0x33,
0x00,0x22,0xFC,0x33,0x36,0x2D,0x2B,0x2D,0x32,0x25,0x30,0xF0,0xE9,0xFD,0x19,0x00,
0x32,0x33,0x3A,0x33,0x00,0x2C,0x29,0x36,0xF0,0x13,0x2D,0x00,0x35,0x39,0x29,0x00,
0xFC,0x37,0x25,0x30,0x3A,0x33,0x39,0x00,0x25,0x00,0x2C,0x39,0x31,0x25,0x32,0x2D,
0x28,0x25,0x28,0x29,0xFC,0x28,0x29,0x37,0x38,0x29,0x00,0x31,0x39,0x32,0x28,0x33,
0xFC,0x28,0x29,0x3A,0x25,0x37,0x38,0x25,0x28,0x33,0xF0,0xE9,0xFD,0x18,0x25,0x33,
0x00,0x34,0x29,0x36,0x27,0x29,0x26,0x29,0x39,0xF0,0xE9,0xF0,0xE9,0xF0,0xE9,0xF0,
0x08,0xFC,0x19,0x37,0x00,0x2C,0x39,0x31,0x25,0x32,0x33,0x37,0xFC,0x29,0x32,0x27,
0x33,0x32,0x38,0x36,0x25,0x36,0x25,0x31,0x00,0x25,0xFC,0x2A,0x29,0x30,0x2D,0x27,
0x2D,0x28,0x25,0x28,0x29,0xF0,0xEC,0xFD,0x29,0x37,0x38,0x33,0x00,0x31,0x25,0x2D,
0x37,0x00,0x2A,0x29,0x30,0x2D,0x3E,0x29,0x37,0xFC,0x28,0x33,0x00,0x35,0x39,0x29,
0x00,0x32,0x39,0x32,0x27,0x25,0xF0,0xE9,0xF0,0xE9,0xF0,0xE9,0xFD,0x0B,0x00,0x39,
0x38,0x33,0x34,0x2D,0x25,0x00,0x35,0x39,0x29,0xFC,0x33,0x37,0x00,0x2C,0x39,0x31,
0x25,0x32,0x33,0x37,0x00,0x38,0x31,0xFC,0x26,0x39,0x37,0x27,0x25,0x28,0x33,0xF0,
0xEC,0x00,0x29,0x37,0x38,0xF0,0x10,0xFC,0x25,0x35,0x39,0x2D,0xF0,0xEC,0x00,0x29,
0x31,0xFD,0x18,0x29,0x33,0x00,0x0B,0x36,0x27,0x25,0x28,0x2D,0x25,0xF0,0xE9,0xFD,
0x13,0x37,0x38,0x33,0x00,0xF0,0x11,0x00,0x25,0x30,0x2B,0x33,0x00,0x35,0x39,0x29,
0xFC,0x32,0x29,0x31,0x00,0x3A,0x33,0x27,0x29,0x00,0x32,0x29,0x31,0x00,0x33,0x00,
0x22,0xFC,0x33,0x36,0x2D,0x2B,0x2D,0x32,0x25,0x30,0x00,0x34,0x39,0x28,0x29,0x36,
0x25,0x31,0xFC,0x27,0x36,0x2D,0x25,0x36,0xF0,0xE9,0xF0,0xE9,0xF0,0xE9,0xFD,0x1D,
0xF0,0x13,0x00,0x29,0x39,0x00,0x27,0x33,0x32,0x37,0x29,0x2B,0x39,0x2D,0xFC,0x25,
0x30,0x27,0x25,0x32,0x27,0x25,0x36,0x00,0x2D,0x37,0x37,0x33,0xE5,0xFD,0xF3,0x04,
0x0F,0x37,0x38,0x25,0x00,0xF0,0x11,0x00,0x39,0x31,0x25,0x00,0x34,0x25,0x3E,0xFC,
0x35,0x39,0x29,0x00,0x37,0xF0,0x13,0x00,0x34,0x33,0x28,0x29,0x00,0x37,0x29,0x36,
0xFC,0x25,0x30,0x27,0x25,0x32,0x27,0x25,0x28,0x25,0xFC,0x37,0x25,0x27,0x36,0x2D,
0x2A,0x2D,0x27,0x25,0x32,0x28,0x33,0xFD,0x2D,0x32,0x27,0x33,0x32,0x38,0xF0,0x10,
0x3A,0x29,0x2D,0x37,0xFC,0x1C,0x29,0x34,0x30,0x33,0x2D,0x28,0x37,0xFC,0x2D,0x32,
0x33,0x27,0x29,0x32,0x38,0x29,0x37,0xF0,0xE9,0xF0,0xE9,0xF0,0xE9,0xFD,0x18,0x2D,
0x32,0x2B,0x39,0xF0,0x11,0x31,0x00,0x35,0x39,0x29,0x36,0x2D,0x25,0x00,0x2D,0x37,
0x37,0x33,0xE5,0xFC,0x0F,0x37,0x38,0x29,0x00,0x30,0x39,0x2B,0x25,0x36,0x00,0xF0,
0x11,0xFC,0x25,0x34,0x29,0x32,0x25,0x37,0x00,0x39,0x31,0x25,0x00,0x2A,0x25,0x36,
0x37,0x25,0xE5,0xFD,0xF3,0x27,0x12,0x25,0x00,0x2C,0x25,0x00,0x2C,0x25,0xF0,0xE9,
0xFD,0x20,0x33,0x27,0x29,0x00,0xF0,0x11,0x00,0x38,0x33,0xFC,0x29,0x32,0x2B,0x36,
0x25,0x27,0x25,0x28,0x33,0xF0,0xE9,0xF0,0xE9,0xF0,0xE9,0xFD,0x1E,0x29,0x31,0x00,
0x37,0x2D,0x28,0x33,0xFC,0x28,0x2D,0x3A,0x29,0x36,0x38,0x2D,0x28,0x33,0xF0,0xE9,
0xF0,0xE9,0xF0,0xE9,0xFD,0x0B,0x2B,0x33,0x36,0x25,0xF0,0xEC,0x00,0x34,0x25,0x37,
0x37,0x29,0x31,0x33,0x37,0xFC,0x25,0x33,0x00,0x25,0x37,0x37,0x39,0x32,0x38,0x33,
0x00,0x34,0x36,0x2D,0x32,0x27,0x2D,0x34,0x25,0x30,0xE5,0xFF,0xF3,0x04,0x1B,0x39,
0x29,0x00,0x2A,0x36,0x25,0x27,0x33,0xF0,0xE9,0xFD,0x19,0x00,0x22,0x00,0x33,0x36,
0x2D,0x2B,0x2D,0x32,0x25,0x30,0xFC,0x29,0x36,0x25,0x00,0x25,0x37,0x37,0x2D,0x31,
0xFC,0x38,0x33,0x00,0x2A,0x36,0x25,0x27,0x33,0xF0,0x08,0xFD,0xF3,0x1D,0x19,0xF0,
0x01,0x19,0x00,0x35,0x39,0x29,0xF0,0xE9,0xF0,0xE9,0xF0,0xE9,0xE5,0xFD,0xF3,0x04,
0x0F,0x39,0x00,0x34,0x33,0x37,0x37,0x33,0x00,0x38,0x29,0x36,0xFC,0x34,0x29,0x36,
0x28,0x2D,0x28,0x33,0x00,0x25,0x00,0x31,0x29,0x31,0xF0,0x13,0x36,0x2D,0x25,0xF0,
0xEC,0xFC,0x31,0x25,0x37,0x00,0x31,0x29,0x39,0x00,0x27,0x33,0x36,0x34,0x33,0xFC,
0x34,0x25,0x36,0x29,0x27,0x29,0x00,0x30,0x29,0x31,0x26,0x36,0x25,0x36,0xF0,0xE9,
0xF0,0xE9,0xF0,0xE9,0xFD,0x35,0x39,0x29,0x00,0x33,0x00,0x22,0xFC,0x33,0x36,0x2D,
0x2B,0x2D,0x32,0x25,0x30,0x00,0x29,0x36,0x25,0xFC,0x31,0x25,0x2D,0x37,0x00,0x34,
0x33,0x28,0x29,0x36,0x33,0x37,0x33,0xFC,0x35,0x39,0x29,0x00,0x3A,0x33,0x27,0x29,
0xF0,0xE9,0xF0,0xE9,0xF0,0xE9,0xFD,0xF3,0x1D,0x1D,0x2D,0x30,0x32,0x27,0x2D,0x33,
0xF0,0xE9,0xFC,0x0B,0x2B,0x33,0x36,0x25,0x00,0x3A,0x33,0x27,0x29,0x00,0x37,0x29,
0x32,0x38,0x2D,0x36,0xF0,0x10,0xFC,0x33,0x00,0x31,0x29,0x39,0x00,0x3A,0x29,0x36,
0x28,0x25,0x28,0x29,0x2D,0x36,0x33,0xFC,0x34,0x33,0x28,0x29,0x36,0xE5,0xE5,0xFD,
0x12,0x25,0x25,0x25,0x25,0x25,0x25,0x25,0x25,0x25,0xE5,0xFF,0xF3,0x27,0x16,0x2D,
0x3C,0x33,0x00,0x28,0x29,0x00,0x1C,0x29,0x34,0x30,0x33,0x2D,0x28,0xFC,0x33,0x26,
0x37,0x33,0x30,0x29,0x38,0x33,0xE5,0xFC,0x20,0x25,0x2D,0x00,0x37,0x29,0x00,0x25,
0x36,0x36,0x29,0x34,0x29,0x32,0x28,0x29,0x36,0xFC,0x28,0x29,0x00,0x31,0x29,0x00,
0x2D,0x32,0x37,0x39,0x30,0x38,0x25,0x36,0xE5,0xFD,0x1A,0x36,0x29,0x34,0x25,0x36,
0x29,0xF0,0x01,0x37,0x29,0xFC,0x34,0x25,0x36,0x25,0x00,0x37,0x29,0x36,0xFC,0x25,
0x32,0x2D,0x35,0x39,0x2D,0x30,0x25,0x28,0x33,0xE5,0xFF,0xF3,0x29,0x1A,0x33,0x36,
0xF0,0xE9,0xF0,0xE9,0xF0,0xE9,0x00,0x1B,0x39,0xF0,0xE9,0xF0,0xE9,0xF0,0xE9,0xFD,
0x0F,0x39,0x00,0x28,0x29,0x3A,0x29,0x36,0x2D,0x25,0xF0,0xE9,0xF0,0xE9,0xF0,0xE9,
0xFC,0x37,0x29,0x36,0x00,0x25,0xF0,0xE9,0xF0,0xE9,0xF0,0xE9,0xFC,0x27,0xF0,0x13,
0x34,0x2D,0x25,0xFC,0x34,0x29,0x36,0x2A,0x29,0x2D,0x38,0x25,0xF0,0xE9,0xF0,0xE9,
0xF0,0xE9,0xFD,0x0D,0x33,0x31,0x33,0x00,0x2D,0x37,0x37,0x33,0xF0,0xE9,0xF0,0xE9,
0xF0,0xE9,0xFC,0x34,0x33,0x28,0x29,0x00,0x37,0x29,0x36,0xF0,0xE9,0xF0,0xE9,0xF0,
0xE9,0xFC,0x34,0x33,0x37,0x37,0xF0,0x12,0x3A,0x29,0x30,0xF0,0xE9,0xF0,0xE9,0xF0,
0xE9,0xFD,0x0F,0x39,0x00,0x28,0x29,0x3A,0x29,0x36,0x2D,0x25,0xFC,0x37,0x29,0x36,
0xF0,0xE9,0xF0,0xE9,0xF0,0xE9,0xFD,0x39,0x31,0x00,0x2C,0x29,0x36,0xF0,0x13,0x2D,
0xF0,0xE9,0xF0,0xE9,0xF0,0xE9,0xFD,0xF3,0x04,0x0B,0x27,0x25,0x26,0x29,0x2D,0x00,
0x28,0x29,0xFC,0x30,0x29,0x31,0x26,0x36,0x25,0x36,0xFC,0x28,0x29,0x00,0x25,0x30,
0x2B,0x33,0xF0,0xE9,0xF0,0xE9,0xF0,0xE9,0xFD,0x0F,0x30,0x29,0x00,0x32,0x25,0x33,
0x00,0x29,0x36,0x25,0xFC,0x38,0x33,0x00,0x2D,0x32,0x2B,0x32,0x39,0x33,0xFC,0x35,
0x39,0x25,0x32,0x38,0x33,0x00,0x3A,0x33,0x27,0x29,0xF0,0xE9,0xFD,0x13,0x37,0x37,
0x33,0x00,0x2A,0x33,0x2D,0x00,0x33,0x00,0x35,0x39,0x29,0xFC,0x33,0x00,0x38,0x36,
0x25,0x32,0x37,0x2A,0x33,0x36,0x31,0x33,0x39,0x00,0x29,0x31,0xFC,0x39,0x31,0x00,
0x2C,0x29,0x36,0xF0,0x13,0x2D,0xF0,0xE9,0xFD,0xF3,0x29,0x18,0x25,0x33,0x00,0x38,
0x29,0x00,0x34,0x29,0x36,0x28,0x33,0x25,0x36,0x29,0x2D,0xF0,0xE9,0xFC,0x20,0x33,
0x39,0x00,0x38,0x29,0x00,0x30,0x29,0x3A,0x25,0x36,0xFC,0x27,0x33,0x31,0x2D,0x2B,
0x33,0xF0,0xE9,0xF0,0xE9,0xF0,0xE9,0xFD,0xF0,0xE9,0xF0,0xE9,0xF0,0xE9,0xF0,0xE9,
0xF0,0xE9,0xF0,0xE9,0xF0,0xE9,0xF0,0xE9,0xF0,0xE9,0xF0,0xE9,0xF0,0xE9,0xF0,0xE9,
0xF0,0xE9,0xF0,0xE9,0xF0,0xE9,0xF0,0xE9,0xFF,0xF3,0x3A,0x0B,0x00,0x16,0x13,0x18,
0x12,0x0B,0x00,0x0E,0x0F,0xFC,0x0E,0x0F,0x10,0x0F,0x1D,0x0B,0x00,0x10,0x13,0x18,
0x0B,0x16,0xFC,0x10,0x19,0x13,0xFC,0x0E,0x0F,0x1D,0x1E,0x1C,0x1F,0xF0,0x17,0x0E,
0x0B,0xFD,0x17,0x19,0x0E,0x19,0x00,0x0E,0x0F,0xFC,0x0B,0x1F,0x1E,0x19,0x0E,0x0F,
0x1D,0x1E,0x1C,0x1F,0x13,0x0D,0x19,0xFC,0x0B,0x1E,0x13,0x20,0x0B,0x0E,0x19,0x00,
0x18,0x0B,0xFC,0xF0,0x15,0x1C,0x0F,0x0B,0x00,0x22,0xFD,0x1E,0x19,0x0E,0x19,0x1D,
0x00,0x19,0x1D,0x00,0x0F,0x16,0x0F,0x17,0x0F,0x18,0x1E,0x19,0x1D,0xFC,0x1A,0x0F,
0x1C,0x13,0x11,0x19,0x1D,0x19,0x1D,0x00,0x0E,0x0F,0x20,0x0F,0x17,0xFC,0x1D,0x0F,
0x1C,0x00,0x0F,0x16,0x13,0x17,0x13,0x18,0x0B,0x0E,0x19,0x1D,0xFD,0xF3,0x04,0xF0,
0x16,0x00,0x2C,0x33,0x36,0x25,0x00,0x28,0x29,0xFC,0x2D,0x36,0x00,0x29,0x31,0x26,
0x33,0x36,0x25,0xF0,0xE9,0xF0,0xE9,0xF0,0xE9,0xFF,0xF3,0x0E,0x0E,0x29,0x37,0x28,
0x29,0x00,0x35,0x39,0x29,0x00,0x3A,0x33,0x27,0x29,0xFC,0x28,0x29,0x37,0x25,0x34,
0x25,0x36,0x29,0x27,0x29,0x39,0x00,0x29,0x37,0x38,0x2D,0x3A,0x29,0xFC,0x30,0x39,
0x38,0x25,0x32,0x28,0x33,0x00,0x37,0x33,0x3E,0x2D,0x32,0x2C,0x33,0xFC,0x32,0x29,
0x37,0x38,0x25,0x00,0x2B,0x39,0x29,0x36,0x36,0x25,0xFD,0x27,0x33,0x32,0x38,0x36,
0x25,0x00,0x39,0x31,0xFC,0x32,0xF0,0x14,0x31,0x29,0x36,0x33,0x00,0x2D,0x32,0x27,
0x33,0x32,0x38,0xF0,0x10,0x3A,0x29,0x30,0xFC,0x28,0x29,0x00,0x17,0x25,0x3A,0x29,
0x36,0x2D,0x27,0x2F,0x37,0x00,0x34,0x33,0x36,0xFD,0x35,0x39,0x25,0x37,0x29,0x00,
0x27,0x29,0x31,0xFC,0x25,0x32,0x33,0x37,0xF0,0xE9,0xF0,0xE9,0xF0,0xE9,0xFD,0x0D,
0x33,0x31,0x26,0x25,0x38,0x29,0x00,0x25,0x34,0xF0,0x13,0x37,0xFC,0x27,0x33,0x31,
0x26,0x25,0x38,0x29,0xF0,0xE9,0xF0,0xE9,0xF0,0xE9,0xFD,0x1E,0x33,0x00,0x28,0x33,
0x30,0x33,0x36,0x33,0x37,0x33,0x00,0x29,0xFC,0x38,0x33,0x00,0x38,0x36,0x2D,0x37,
0x38,0x29,0xF0,0xE9,0xF0,0xE9,0xF0,0xE9,0xFD,0x17,0x25,0x37,0x00,0x33,0x00,0x31,
0x25,0x2D,0x37,0xFC,0x28,0x2D,0x2A,0xF0,0x12,0x27,0x2D,0x30,0x00,0x2A,0x33,0x2D,
0xFC,0x34,0x29,0x36,0x27,0x29,0x26,0x29,0x36,0x00,0x35,0x39,0x29,0xFC,0x29,0x39,
0x00,0x32,0x25,0x33,0x00,0x38,0x2D,0x32,0x2C,0x25,0x00,0x31,0x25,0x2D,0x37,0xFD,
0x3A,0x33,0x32,0x38,0x25,0x28,0x29,0x00,0x28,0x29,0xFC,0x29,0x32,0x2A,0x36,0x29,
0x32,0x38,0x25,0x36,0xFC,0x33,0x37,0x00,0x2D,0x32,0x2D,0x31,0x2D,0x2B,0x33,0x37,
0xF0,0xE9,0xF0,0xE9,0xF0,0xE9,0xFF,0xF3,0x0E,0x20,0x33,0x39,0x00,0x28,0x29,0x2D,
0x3C,0x25,0x36,0xFC,0x29,0x37,0x38,0x29,0x00,0x31,0x39,0x32,0x28,0x33,0xFC,0x27,
0x33,0x31,0x00,0x3A,0x33,0x27,0x29,0xF0,0xE9,0xF0,0xE9,0xF0,0xE9,0xFD,0x1A,0x33,
0x36,0x00,0x2A,0x25,0x3A,0x33,0x36,0xF0,0xEC,0xFC,0x34,0x29,0x36,0x31,0x2D,0x38,
0x25,0xF0,0x01,0x31,0x29,0xF0,0xE9,0xF0,0xE9,0xF0,0xE9,0xFD,0x28,0x29,0x37,0x27,
0x25,0x32,0x37,0x25,0x36,0x00,0x29,0x31,0xFC,0x34,0x25,0x3E,0xF0,0xE9,0xF0,0xE9,
0xF0,0xE9,0xFD,0x34,0x33,0x36,0x00,0x39,0x31,0x00,0x38,0x29,0x31,0x34,0x33,0xF0,
0xE9,0xF0,0xE9,0xF0,0xE9,0xFD,0xF0,0xE9,0xF0,0xE9,0xF0,0xE9,0xF0,0xE9,0xF0,0xE9,
0xF0,0xE9,0xF0,0xE9,0xF0,0xE9,0xF0,0xE9,0xFD,0x17,0x29,0x00,0x28,0x29,0x37,0x27,
0x39,0x30,0x34,0x29,0xF0,0xEC,0xFC,0x24,0x29,0x36,0x33,0xF0,0xE9,0xF0,0xE9,0xF0,
0xE9,0xFF,0xF3,0x04,0xF0,0xE9,0xF0,0xE9,0xF0,0xE9,0xF0,0xE9,0xF0,0xE9,0xF0,0xE9,
0xF0,0xE9,0xF0,0xE9,0xF0,0xE9,0xF0,0xE9,0xF0,0xE9,0xF0,0xE9,0xF0,0xE9,0xF0,0xE9,
0xF0,0xE9,0xF0,0xE9,0xFD,0xF0,0xE9,0xF0,0xE9,0xF0,0xE9,0xF0,0xE9,0xF0,0xE9,0xF0,
0xE9,0xF0,0xE9,0xF0,0xE9,0xF0,0xE9,0xF0,0xE9,0xF0,0xE9,0xF0,0xE9,0xF0,0xE9,0xF0,
0xE9,0xF0,0xE9,0xF0,0xE9,0xFD,0x1B,0x39,0x29,0x00,0x25,0x37,0x37,0x2D,0x31,0x00,
0x37,0x29,0x2E,0x25,0xF0,0xE9,0xF0,0xE9,0xF0,0xE9,0xFD,0x17,0x25,0x37,0x00,0xF0,
0x11,0x00,0x34,0x33,0x36,0xFC,0x2D,0x37,0x37,0x33,0x00,0x35,0x39,0x29,0x00,0x37,
0x33,0x31,0x33,0x37,0xFC,0x33,0x37,0x00,0x31,0x29,0x30,0x2C,0x33,0x36,0x29,0x37,
0xFC,0x34,0x25,0x36,0x27,0x29,0x2D,0x36,0x33,0x37,0xF0,0xE9,0xF0,0xE9,0xF0,0xE9,
0xFF,0xF3,0x04,0xF0,0xE9,0xF0,0xE9,0xF0,0xE9,0xF0,0xE9,0xF0,0xE9,0xF0,0xE9,0xF0,
0xE9,0xF0,0xE9,0xF0,0xE9,0xFF,0xF3,0x04,0x10,0x25,0x36,0x29,0x2D,0x00,0x33,0x00,
0x35,0x39,0x29,0xFC,0x3A,0x33,0x27,0x29,0x00,0x35,0x39,0x2D,0x37,0x29,0x36,0xF0,
0xE9,0xF0,0xE9,0xF0,0xE9,0xFD,0x0E,0x29,0x37,0x27,0x25,0x32,0x37,0x29,0x00,0x39,
0x31,0x00,0x38,0x29,0x31,0x34,0x33,0xF0,0xE9,0xFC,0x0F,0x39,0x00,0x25,0x37,0x37,
0x39,0x31,0x33,0x00,0x25,0x2B,0x33,0x36,0x25,0xF0,0xEC,0xFD,0x34,0x33,0x28,0x29,
0x00,0x27,0x33,0x32,0x38,0x25,0x36,0xFC,0x27,0x33,0x31,0x2D,0x2B,0x33,0xF0,0xE9,
0xFD,0x18,0x25,0x33,0x00,0x31,0x29,0x00,0x28,0x29,0x38,0x29,0x36,0x29,0x2D,0xE5,
0xFD,0x1D,0x29,0x31,0x34,0x36,0x29,0x00,0x35,0x39,0x29,0x00,0x37,0x39,0x36,0x2B,
0x2D,0x36,0xFC,0x39,0x31,0x00,0x2D,0x32,0x2D,0x31,0x2D,0x2B,0x33,0xF0,0xE9,0xF0,
0xE9,0xF0,0xE9,0xFD,0x29,0x39,0x00,0x33,0x00,0x29,0x30,0x2D,0x31,0x2D,0x32,0x25,
0x36,0x29,0x2D,0xF0,0xE9,0xF0,0xE9,0xF0,0xE9,0xFF,
};
