#pragma once
#include <cstdint>

alignas(16) inline constexpr uint16_t mmz2_misc_text_script_offsets[] = {
0x0000,0x0002,0x000C,0x0015,0x0018,0x001A,0x001D,0x001F,
0x0021,0x0024,0x01A5,0x01A5,0x01A5,0x01A5,0x01A5,0x01A5,
0x01A5,0x01A5,0x01A5,0x01A5,0x01A5,0x01A5,0x01A5,0x01A5,
0x01A5,0x01A5,0x01A5,0x01A5,0x01A5,0x01A5,0x01A5,0x01A7,
0x01A9,0x01AB,0x01AD,0x01AF,0x01B1,0x01B3,0x01B5,0x01B7,
0x01B9,0x01BE,0x01C3,0x01C8,0x01CD,0x01D2,0x01D7,0x01DC,
0x01EC,0x01FC,0x020D,0x0218,0x021E,0x022F,0x023F,0x024C,
0x025C,0x0269,0x0279,0x0284,0x0293,0x02A1,0x02B0,0x02B0,
0x02F0,0x032D,0x0369,0x03AD,0x03F2,0x0438,0x0478,0x04BE,
0x04C5,0x04CB,0x04D2,0x04D9,0x04E3,0x04E9,0x04EF,0x04F7,
0x04FE,0x0506,0x050E,0x0515,0x051E,0x0528,0x052F,0x0536,
0x053C,0x0544,0x054B,0x0552,0x0572,0x0572,0x0572,0x0572,
0x0589,0x059A,0x05A9,0x05BE,0x05C5,0x05CD,0x05D4,0x05DB,
0x05E2,0x05E9,0x05EF,0x05F6,0x05FC,0x0604,0x060B,0x0612,
0x0619,0x0620,0x0626,0x062D,0x0633,0x063A,0x0641,0x0648,
0x0650,0x0658,0x0660,0x0668,0x0670,0x0678,0x0680,0x0688,
0x068F,0x0696,0x069B,0x06A1,0x06A9,0x06B0,0x06B8,0x06C1,
0x06C9,0x06D1,0x06D9,0x06E1,0x06E9,0x06F1,0x06F9,0x0701,
0x0709,0x0712,0x071A,0x0722,0x072A,0x0732,0x073A,0x0742,
0x074B,0x0753,0x075B,0x0761,0x0768,0x076F,0x0778,0x0781,
0x0789,0x0791,0x079A,0x07A2,0x07AB,0x07B4,0x07BC,0x07C5,
0x07CE,0x07D7,0x07E0,0x07E8,0x07F0,0x07F7,0x0800,0x0809,
0x0813,0x081C,0x0822,0x0829,0x0831,0x0839,0x083F,0x0846,
0x084D,0x084D,0x084D,0x084D,0x084D,0x084D,0x084D,0x084D,
0x084D,0x084D,0x084D,0x084D,0x084D,0x084D,0x084D,0x084D,
0x084D,0x0864,0x0885,0x08A0,0x08B9,0x08D8,0x08F0,0x0907,
0x091F,0x0937,0x0956,0x0971,0x0991,0x09AA,0x09CB,0x09E2,
0x0A03,0x0A22,0x0A38,0x0A4D,0x0A69,0x0A85,0x0A9C,0x0ABE,
0x0AD8,0x0AF3,0x0B0E,0x0B27,0x0B3F,0x0B5C,0x0B74,0x0B92,
0x0BAB,0x0BC3,0x0BE1,0x0BF8,0x0C1A,0x0C35,0x0C55,0x0C72,
0x0C88,0x0CA4,0x0CC0,0x0CD0,0x0CEB,0x0D01,0x0D1D,0x0D38,
0x0D56,0x0D75,0x0D93,0x0DB4,0x0DD4,0x0DF2,0x0E11,0x0E25,
0x0E48,0x0E66,0x0E83,0x0E9F,0x0EB7,0x0ED2,0x0EED,0x0F0A,
0x0F24,0x0F3F,0x0F5D,0x0F7A,0x0F96,0x0FB7,0x0FD4,0x0FF2,
0x100E,0x102A,0x104B,0x106C,0x108B,0x10AB,0x10C6,0x10DB,
0x10ED,0x110C,0x1127,0x1146,0x1162,0x1179,0x118E,0x118E,
0x11A7,0x11A7,0x11A7,0x11A7,0x11A7,0x11A7,0x11A7,0x11A7,
0x11A7,0x11A7,0x11A7,0x11A7,0x11A7,0x11BA,0x11CE,0x11E3,
0x11F8,0x120D,0x120D,0x1222,0x1237,0x124C,0x1261,0x1276,
0x1276,0x1276,0x1289,0x129C,0x12AF,0x12AF,0x12AF,0x12C9,
0x12E3,0x12FD,0x1312,0x132A,0x133B,0x134C,0x1364,0x1379,
0x1391,0x13AB,0x13C5,0x13E0,0x13F6,0x1415,0x142C,0x1446,
0x145C,0x1471,0x148C,0x14A6,0x14C0,0x14DC,0x14F8,0x1515,
0x1533,0x154D,0x156B,0x1587,0x15A2,0x15BC,0x15D9,0x15F4,
0x1610,0x1629,0x1642,0x165B,0x1678,0x1695,0x16AF,0x16AF,
0x16AF,0x16BA,0x16D8,0x16E7,0x16F8,0x170E,0x172D,0x1743,
0x174E,0x176B,0x178A,0x179D,0x17B6,0x17D2,0x17E8,0x17E8,
0x17E8,0x17E8,0x17E8,0x17E8,0x17E8,0x17FE,0x180D,0x1826,
0x1837,0x184E,0x1865,0x1883,0x1888,0x18A0,0x18BA,0x18CB,
0x18DF,0x18F5,0x18F5,0x18F5,0x191F,0x1933,0x1951,0x196D,
0x198E,0x19D7,0x1A24,0x1A6D,0x1ABA,0x1B04,0x1B55,0x1BA4,
0x1BF0,0x1C3B,0x1C8B,0x1CA8,0x1CBE,0x1CBE,0x1CBE,0x1CBE,
0x1CBE,0x1CBE,0x1CBE,0x1CBE,0x1CBE,0x1CBE,0x1CBE,0x1CBE,
0x1CBE,0x1CBE,0x1CBE,0x1CBE,0x1CBE,0x1CBE,0x1CBE,0x1CBE,
0x1CBE,0x1CBE,0x1CBE,0x1CBE,0x1CBE,0x1CBE,0x1CBE,0x1CBE,
0x1CBE,0x1CBE,0x1CBE,0x1CBE,0x1CBE,0x1CBE,0x1CBE,0x1CBE,
0x1CBE,0x1CBE,0x1CBE,0x1CF2,0x1D2E,0x1D6B,0x1DAA,0x1DDF,
0x1E17,0x1E56,0x1E88,0x1EC5,0x1EFE,0x1EFE,0x1EFE,0x1EFE,
0x1EFE,0x1EFE,0x1EFE,0x1EFE,0x1EFE,0x1EFE,0x1EFE,0x1EFE,
0x1EFE,0x1EFE,0x1EFE,0x1EFE,0x1EFE,0x1EFE,0x1EFE,0x1EFE,
0x1EFE,0x1EFE,0x1EFE,0x1EFE,0x1EFE,0x1EFE,0x1EFE,0x1EFE,
0x1EFE,0x1EFE,0x1EFE,0x1EFE,0x1EFE,0x1EFE,0x1EFE,0x1EFE,
0x1EFE,0x1EFE,0x1EFE,0x1EFE,0x1EFE,0x1EFE,0x1F66,0x202F,
0x202F,0x202F,0x202F,0x202F,0x202F,0x202F,0x202F,0x203D,
0x2048,0x2053,0x205E,0x2069,0x2075,0x2081,0x2092,0x20A4,
0x20B5,0x20C4,0x20D3,0x20E2,0x20F1,0x20FF,0x210D,0x211F,
0x2132,0x2132,0x2132,0x2132,0x2132,0x2132,0x2144,0x2153,
0x2162,0x2178,0x218E,0x21A7,0x21C0,0x21D1,0x21D1,0x21D1,
0x21D1,0x21D1,0x21D1,0x21D1,0x21D1,0x21D1,0x21D1,0x2728,
0x2728,0x2728,0x2728,0x2728,0x2728,0x2728,0x2728,0x2728,
0x2728,0x2728,0x2728,0x2728,0x2728,0x2728,0x2728,0x2728,
0x2728,0x2728,0x2728,0x2728,0x2728,0x2728,0x2728,0x2728,
0x2728,0x2728,0x2728,0x2728,0x2728,0x2728,0x2728,0x2728,
0x2728,0x2728,0x2728,0x2728,0x2728,0x2728,0x2728,0x2728,
0x2728,0x2728,0x2728,0x2728,0x2728,0x2728,0x2728,0x2728,
0x2728,0x2728,0x2728,0x2728,0x2728,0x2728,0x2728,0x2728,
0x2728,0x2728,0x2728,0x2728,0x2728,0x2728,0x2728,0x2728,
0x2728,0x2728,0x2728,0x2728,0x2728,0x2728,0x2728,0x2728,
0x2728,0x2728,0x2728,0x2728,0x2728,0x2728,0x2728,0x2728,
0x2728,0x2728,0x2728,0x2728,0x2728,0x2728,0x2728,0x2728,
0x2728,0x2728,0x2728,0x2728,0x2728,0x2728,0x2728,0x2728,
0x2728,0x2728,0x2728,0x2728,0x2728,0x2728,0x2728,0x2728,
0x2728,0x2728,0x2728,0x2728,0x2728,0x2728,0x2728,0x2728,
0x2728,0x2728,0x2728,0x2728,0x2728,0x2728,0x2728,0x2746,
0x2764,0x2782,0x27A0,0x27BE,0x27DC,0x27FA,0x2818,0x2836,
0x2854,0x2872,0x2890,0x28AE,0x28CC,0x28EA,0x2908,0x2926,
0x2944,0x2962,0x2980,0x299E,0x29BC,0x2A08,
};
constexpr int mmz2_misc_text_num_entries = 694;
alignas(16) inline constexpr uint8_t mmz2_misc_text_script_data[] = {
0xE8,0xFF,0x1D,0x13,0x18,0x00,0x0E,0x0B,0x1E,0x19,0x1D,0xFF,0x0D,0x0B,0x18,0x0D,
0x0F,0x16,0x0B,0x1C,0xFF,0xF2,0x12,0xFF,0x22,0xFF,0xF0,0x03,0xFF,0xE3,0xFF,0xEB,
0xFF,0xF0,0xED,0xFF,0x00,0x00,0x00,0x00,0x00,0x00,0x00,0x00,0x00,0x12,0x25,0x00,
0x34,0x25,0x37,0x25,0x28,0x33,0x00,0x39,0x32,0x00,0x25,0xF0,0x1C,0x33,0xFC,0x00,
0x00,0x00,0x00,0x00,0x00,0x28,0x29,0x37,0x28,0x29,0x00,0x35,0x39,0x29,0x00,0x24,
0x29,0x36,0x33,0x00,0x28,0x29,0x27,0x2D,0x28,0x2D,0xF0,0x13,0xFC,0x00,0x00,0x00,
0x00,0x00,0x00,0x00,0x00,0x00,0x38,0x33,0x31,0x25,0x36,0x00,0x39,0x32,0x00,0x27,
0x25,0x31,0x2D,0x32,0x33,0xFC,0x00,0x00,0x00,0x00,0x00,0x00,0x28,0x2D,0x37,0x38,
0x2D,0x32,0x38,0x33,0x00,0x25,0x30,0x00,0x28,0x29,0x00,0x0D,0x2D,0x29,0x30,0xE2,
0xE2,0xE2,0xFC,0xFC,0xFC,0x00,0x00,0x00,0x00,0x00,0x00,0x00,0x0B,0xF0,0x14,0x32,
0x00,0x37,0x2D,0x2B,0x39,0x29,0x00,0x30,0x39,0x27,0x2C,0x25,0x32,0x28,0x33,0xFC,
0x00,0x00,0x00,0x00,0x00,0x00,0x00,0x27,0x33,0x32,0x38,0x36,0x25,0x00,0x18,0x29,
0x33,0x00,0x0B,0x36,0x27,0x25,0x28,0x2D,0x25,0xE2,0xFC,0xFC,0xFC,0xFC,0x00,0x00,
0x00,0x00,0x00,0x00,0x00,0x1A,0x29,0x36,0x33,0x00,0x29,0x37,0x25,0x37,0x00,0x26,
0x25,0x38,0x25,0x30,0x30,0x25,0x37,0xFC,0x00,0x00,0x00,0x00,0x00,0x00,0x00,0x2C,
0x25,0x32,0x00,0x34,0x29,0x36,0x28,0x2D,0x28,0x33,0x00,0x37,0x29,0x32,0x38,0x2D,
0x28,0x33,0xFC,0x00,0x00,0x00,0x00,0x00,0x00,0x00,0x00,0x00,0x00,0x00,0x34,0x25,
0x36,0x25,0x00,0xF0,0x11,0x30,0xE2,0xFC,0xFC,0xFC,0xFC,0x00,0x00,0x00,0x00,0x00,
0x00,0x00,0x24,0x29,0x36,0x33,0x00,0x37,0x25,0x26,0x29,0x00,0x35,0x39,0x29,0xE4,
0x00,0x34,0x25,0x36,0x25,0xFC,0x00,0x00,0x00,0x00,0x00,0x29,0x32,0x27,0x33,0x32,
0x38,0x36,0x25,0x36,0x00,0x37,0x39,0x00,0x34,0x36,0x33,0x34,0xF0,0x13,0x37,0x2D,
0x38,0x33,0xE4,0xFC,0x00,0x00,0x00,0x00,0x00,0x00,0x00,0x00,0x28,0x29,0x26,0x29,
0x00,0x2C,0x25,0x30,0x30,0x25,0x36,0x00,0x25,0x00,0x0D,0x2D,0x29,0x30,0xFC,0x00,
0x00,0x00,0x00,0x00,0x00,0x00,0x00,0x00,0x3D,0x00,0x25,0x00,0x30,0x33,0x37,0x00,
0x37,0x33,0x30,0x28,0x25,0x28,0x33,0x37,0xFC,0x00,0x00,0x00,0x00,0x00,0x00,0x00,
0x28,0x29,0x00,0x30,0x25,0x00,0x36,0x29,0x37,0x2D,0x37,0x38,0x29,0x32,0x27,0x2D,
0x25,0xE2,0xE2,0xE2,0xFF,0x01,0xFF,0x02,0xFF,0x03,0xFF,0x04,0xFF,0x05,0xFF,0x06,
0xFF,0x07,0xFF,0x08,0xFF,0x09,0xFF,0x0A,0xFF,0x16,0x3A,0xE2,0x10,0xFF,0x16,0x3A,
0xE2,0x0F,0xFF,0x16,0x3A,0xE2,0x0E,0xFF,0x16,0x3A,0xE2,0x0D,0xFF,0x16,0x3A,0xE2,
0x0C,0xFF,0x16,0x3A,0xE2,0x0B,0xFF,0x16,0x3A,0xE2,0x1D,0xFF,0x1D,0x0B,0x18,0x0E,
0x00,0x21,0x13,0x16,0x0E,0x0F,0x1C,0x18,0x0F,0x1D,0x1D,0xFF,0x10,0x19,0x1C,0x0F,
0x1D,0x1E,0x00,0x19,0x10,0x00,0x0E,0x23,0x1D,0x13,0x1D,0xFF,0x0F,0x18,0x1E,0x1C,
0x0B,0x18,0x0D,0x0F,0x00,0x19,0x10,0x00,0x0D,0xE2,0x10,0xE2,0xFF,0x1A,0x19,0x21,
0x0F,0x1C,0x00,0x1C,0x19,0x19,0x17,0xFF,0x1E,0x1C,0x0B,0x13,0x18,0xFF,0x1C,0x0F,
0x1D,0x13,0x0E,0x0F,0x18,0x1E,0x13,0x0B,0x16,0x00,0x0B,0x1C,0x0F,0x0B,0xFF,0x0C,
0x1C,0x19,0x15,0x0F,0x18,0x00,0x0B,0x13,0x1C,0x0D,0x1C,0x0B,0x10,0x1E,0xFF,0x1C,
0x19,0x19,0x10,0x00,0x19,0x10,0x00,0x0D,0xE2,0x10,0xE2,0xFF,0x10,0x19,0x1C,0x0F,
0x1D,0x1E,0x00,0x19,0x10,0x00,0x18,0x19,0x1E,0x1F,0x1D,0xFF,0x0D,0x1C,0x23,0x1D,
0x1E,0x0B,0x16,0x00,0x0D,0x0B,0x20,0x0F,0xFF,0x1D,0x12,0x1F,0x1E,0x1E,0x16,0x0F,
0x00,0x10,0x0B,0x0D,0x1E,0x19,0x1C,0x23,0xFF,0x18,0xE2,0x0B,0xE2,0x1E,0x0F,0x17,
0x1A,0x16,0x0F,0xFF,0x1E,0x0F,0x17,0x1A,0x16,0x0F,0x00,0x19,0x10,0x00,0x10,0x13,
0x1C,0x0F,0xFF,0x1E,0x0F,0x17,0x1A,0x16,0x0F,0x00,0x19,0x10,0x00,0x13,0x0D,0x0F,
0xFF,0x1E,0x0F,0x17,0x1A,0x16,0x0F,0x00,0x19,0x10,0x00,0x21,0x13,0x18,0x0E,0xFF,
0xF0,0x15,0x1C,0x0F,0x0B,0xE3,0x10,0x19,0x1C,0x0F,0x1D,0x1E,0x00,0x19,0x10,0x00,
0x0E,0x23,0x1D,0x13,0x1D,0xFC,0x14,0x0F,0x10,0x0F,0xE3,0x12,0x23,0x16,0x0F,0x11,
0x00,0x19,0x1F,0x1C,0x19,0x0C,0x19,0x0D,0x15,0x16,0x0F,0xFC,0x17,0x13,0x1D,0x13,
0xF0,0x18,0x18,0xE3,0x1C,0x0F,0x1D,0x0D,0x0B,0x1E,0x0B,0x1C,0x00,0x1C,0xE2,0xFF,
0xF0,0x15,0x1C,0x0F,0x0B,0xE3,0x0D,0x19,0x17,0x1A,0x1F,0x1E,0x0F,0x1C,0x00,0x24,
0x19,0x18,0x0F,0xFC,0x14,0x0F,0x10,0x0F,0xE3,0x1A,0x19,0x16,0x0F,0x1C,0x00,0x15,
0x0B,0x17,0x1C,0x19,0x1F,0x1D,0xFC,0x17,0x13,0x1D,0x13,0xF0,0x18,0x18,0xE3,0x0E,
0x0F,0x1D,0x1E,0x1C,0x1F,0x13,0x1C,0x00,0x0D,0xE2,0x24,0xE2,0xFF,0xF0,0x15,0x1C,
0x0F,0x0B,0xE3,0x1A,0x19,0x21,0x0F,0x1C,0x00,0x1C,0x19,0x19,0x17,0xFC,0x14,0x0F,
0x10,0x0F,0xE3,0x1A,0x12,0x19,0x0F,0x18,0x13,0x22,0x00,0x17,0x0B,0x11,0x18,0x13,
0x19,0x18,0xFC,0x17,0x13,0x1D,0x13,0xF0,0x18,0x18,0xE3,0x0E,0x0F,0x1D,0x1E,0x1C,
0x1F,0x13,0x1C,0x00,0x1A,0xE2,0x1C,0xE2,0xFF,0xF0,0x15,0x1C,0x0F,0x0B,0xE3,0x1E,
0x1C,0x0B,0x13,0x18,0x00,0x19,0x10,0x00,0x18,0xE2,0x0B,0xE2,0xFC,0x14,0x0F,0x10,
0x0F,0xE3,0x1A,0x0B,0x18,0x1E,0x0F,0x1C,0x00,0x10,0x16,0x0B,0x1F,0x0D,0x16,0x0B,
0x21,0x1D,0xFC,0x17,0x13,0x1D,0x13,0xF0,0x18,0x18,0xE3,0x1C,0x19,0x0C,0x0B,0x1C,
0x00,0x1D,0x1F,0x17,0x13,0x18,0x13,0x1D,0x1E,0x1C,0x19,0x1D,0xFF,0xF0,0x15,0x1C,
0x0F,0x0B,0xE3,0x10,0x19,0x1C,0x0F,0x1D,0x1E,0x00,0x19,0x10,0x00,0x18,0x19,0x1E,
0x1F,0x1D,0xFC,0x14,0x0F,0x10,0x0F,0xE3,0x0C,0x1F,0x1C,0x0C,0x16,0x0F,0x00,0x12,
0x0F,0x15,0x0F,0x16,0x19,0x1E,0xFC,0x17,0x13,0x1D,0x13,0xF0,0x18,0x18,0xE3,0x1A,
0x0F,0x1C,0x1D,0x0F,0x11,0x1F,0x13,0x1C,0x00,0x0B,0x00,0x0F,0x16,0x1A,0x13,0x24,
0x19,0xFF,0xF0,0x15,0x1C,0x0F,0x0B,0xE3,0x0D,0x19,0x17,0x1A,0x1F,0x1E,0x0F,0x1C,
0x00,0x24,0x19,0x18,0x0F,0x00,0x03,0xFC,0x14,0x0F,0x10,0x0F,0xE3,0x10,0x0B,0x13,
0x1C,0x23,0x00,0x16,0x0F,0x20,0x13,0x0B,0x1E,0x12,0x0B,0x18,0xFC,0x17,0x13,0x1D,
0x13,0xF0,0x18,0x18,0xE3,0x1A,0x0F,0x1C,0x1D,0x0F,0x11,0x1F,0x13,0x1C,0x00,0x0B,
0x00,0x0F,0x16,0x1A,0x13,0x24,0x19,0xFF,0xF0,0x15,0x1C,0x0F,0x0B,0xE3,0x0D,0x1C,
0x23,0x1D,0x1E,0x0B,0x16,0x00,0x0D,0x0B,0x20,0x0F,0xFC,0x14,0x0F,0x10,0x0F,0xE3,
0x1D,0x0B,0x11,0x0F,0x00,0x12,0x0B,0x1C,0x1A,0x1F,0x13,0x0B,0xFC,0x17,0x13,0x1D,
0x13,0xF0,0x18,0x18,0xE3,0x1A,0x0F,0x1C,0x1D,0x0F,0x11,0x1F,0x13,0x1C,0x00,0x0B,
0x00,0x0F,0x16,0x1A,0x13,0x24,0x19,0xFF,0xF0,0x15,0x1C,0x0F,0x0B,0xE3,0x1D,0x12,
0x1F,0x1E,0x1E,0x16,0x0F,0x00,0x10,0x0B,0x0D,0x1E,0x19,0x1C,0x23,0xFC,0x14,0x0F,
0x10,0x0F,0xE3,0x10,0x13,0x11,0x12,0x1E,0x13,0x18,0x11,0x00,0x10,0x0F,0x10,0x18,
0x13,0x1C,0xFC,0x17,0x13,0x1D,0x13,0xF0,0x18,0x18,0xE3,0x1A,0x0F,0x1C,0x1D,0x0F,
0x11,0x1F,0x13,0x1C,0x00,0x0B,0x00,0x0F,0x16,0x1A,0x13,0x24,0x19,0xFF,0xF2,0xBF,
0xE1,0xAF,0x3F,0xF1,0xFF,0xF2,0xAB,0xE1,0xA7,0xF1,0xFF,0xF2,0xD6,0x96,0xA7,0xD3,
0xF1,0xFF,0xF2,0x98,0x94,0xD6,0x96,0xF1,0xFF,0xF2,0x9D,0xD5,0x96,0xAB,0x94,0xA7,
0xD5,0xF1,0xFF,0xF2,0xA4,0xB3,0xB9,0xF1,0xFF,0xF2,0xBF,0xD4,0xB6,0xF1,0xFF,0xF2,
0xBF,0x9B,0x94,0xA7,0xE1,0xF1,0xFF,0xF2,0xA1,0xE1,0xA4,0x96,0xF1,0xFF,0xF2,0xA9,
0xBA,0x94,0xC1,0x3F,0xF1,0xFF,0xF2,0xA8,0xD3,0xE1,0x9D,0x3F,0xF1,0xFF,0xF2,0x96,
0xA9,0xBE,0xDD,0xF1,0xFF,0xF2,0xC8,0x94,0xDF,0xA7,0xD5,0x9E,0xF1,0xFF,0xF2,0xAC,
0xE1,0xCE,0x94,0xA8,0x9B,0xA1,0xF1,0xFF,0xF2,0x9A,0xE1,0xCC,0xDD,0xF1,0xFF,0xF2,
0xB6,0xB4,0x9F,0xAA,0xF1,0xFF,0xF2,0xD0,0xBE,0x96,0xF1,0xFF,0xF2,0xA3,0xDC,0x9F,
0xAF,0x3F,0xF1,0xFF,0xF2,0xCE,0xA1,0x94,0xBC,0xF1,0xFF,0xF2,0xCE,0xA9,0xAF,0x3F,
0xF1,0xFF,0x23,0x25,0x00,0x2C,0x25,0x37,0x00,0x27,0x33,0x31,0x34,0x30,0x29,0x38,
0x25,0x28,0x33,0xFC,0x29,0x37,0x38,0x25,0x00,0x31,0x2D,0x37,0x2D,0xF0,0x13,0x32,
0xE2,0xFF,0xF0,0x1F,0x0D,0xF0,0x13,0x31,0x33,0x00,0x34,0x39,0x29,0x28,0x33,0x00,
0x25,0x3D,0x39,0x28,0x25,0x36,0xF0,0x08,0xFF,0x0D,0x19,0x17,0x0F,0x18,0x24,0x0B,
0x1C,0x00,0x17,0x13,0x1D,0x13,0xF0,0x18,0x18,0xFF,0x1A,0x1C,0x19,0x0D,0x0F,0x1D,
0x0B,0x1C,0x00,0x0E,0x0B,0x1E,0x19,0x1D,0xFF,0x1A,0x1C,0x19,0x0D,0x0F,0x1D,0x0B,
0x1C,0x00,0x0D,0x13,0x0C,0x0F,0x1C,0xF0,0x01,0x0F,0x16,0x10,0x19,0xFF,0x12,0x0B,
0x0C,0x16,0x0B,0x1C,0xFF,0x11,0x36,0x25,0x32,0x28,0x2D,0x29,0xFF,0x23,0x29,0x34,
0x34,0x2D,0x29,0xFF,0x10,0x39,0x34,0x34,0x2D,0x29,0xFF,0x17,0x25,0x34,0x34,0x2D,
0x29,0xFF,0x0F,0x39,0x34,0x34,0x2D,0x29,0xFF,0x0F,0x37,0x38,0x25,0x32,0xFF,0x1A,
0x29,0x25,0x38,0x25,0x32,0xFF,0x0B,0x36,0x32,0x39,0x29,0xFF,0x0D,0x2C,0x25,0x36,
0x32,0x39,0x29,0xFF,0x15,0x29,0x36,0x29,0x2A,0x2A,0xFF,0x1C,0x2D,0x36,0x29,0x2A,
0x2A,0xFF,0x17,0x39,0x36,0x29,0x2A,0x2A,0xFF,0x18,0x39,0x36,0x29,0x2A,0x2A,0xFF,
0x19,0x36,0x29,0x2A,0x2A,0xFF,0x1A,0x2D,0x36,0x29,0x2A,0x2A,0xFF,0x0F,0x31,0x2D,
0x27,0x2F,0xFF,0x1D,0x25,0x38,0x2D,0x27,0x2F,0xFF,0x1A,0x25,0x36,0x2D,0x27,0x2F,
0xFF,0x17,0x2D,0x38,0x2D,0x27,0x2F,0xFF,0x13,0x37,0x2C,0x2D,0x30,0x25,0x36,0xFF,
0x1E,0x33,0x31,0x2D,0x30,0x25,0x36,0xFF,0x17,0x2D,0x2F,0x2D,0x30,0x25,0x36,0xFF,
0x1C,0x29,0x31,0x2D,0x30,0x25,0x36,0xFF,0x0D,0x39,0x30,0x33,0x34,0x34,0x29,0xFF,
0x17,0x2D,0x30,0x33,0x34,0x34,0x29,0xFF,0x17,0x29,0x30,0x33,0x34,0x34,0x29,0xFF,
0x1C,0x29,0x30,0x33,0x34,0x34,0x29,0xFF,0x1A,0x39,0x38,0x2D,0x27,0x2F,0xFF,0x14,
0x29,0x38,0x38,0x25,0x2C,0xFF,0x0B,0x38,0x38,0x2D,0xFF,0x15,0x29,0x30,0x33,0x32,
0xFF,0x10,0x39,0x26,0x39,0x2A,0x2A,0x25,0xFF,0x0C,0x2D,0x36,0x3B,0x2D,0x32,0xFF,
0x0C,0x2D,0x36,0x25,0x29,0x36,0x33,0xFF,0x0C,0x2D,0x36,0x27,0x25,0x36,0x36,0x3D,
0xFF,0x0C,0x2D,0x36,0x2C,0x25,0x32,0x2B,0xFF,0x0C,0x2D,0x36,0x2A,0x30,0x33,0x3B,
0xFF,0x0C,0x2D,0x36,0x2C,0x29,0x30,0x34,0xFF,0x0C,0x29,0x29,0x37,0x39,0x30,0x38,
0xFF,0x0C,0x29,0x29,0x37,0x2C,0x33,0x38,0xFF,0x0C,0x29,0x29,0x37,0x38,0x2D,0x32,
0xFF,0x0C,0x29,0x29,0x26,0x2D,0x38,0x29,0xFF,0x0C,0x29,0x29,0x2C,0x2D,0x38,0x38,
0xFF,0x0C,0x29,0x29,0x2A,0x2D,0x36,0x29,0xFF,0x0C,0x29,0x29,0x30,0x25,0x32,0x27,
0x2C,0xFF,0x0C,0x29,0x29,0x30,0x30,0x29,0x38,0xFF,0x1D,0x38,0x2D,0x27,0x2F,0x25,
0x2C,0xFF,0x1D,0x38,0x2D,0x27,0x2F,0x33,0x33,0xFF,0x1D,0x38,0x2D,0x27,0x2F,0x2D,
0x29,0xFF,0x1D,0x38,0x2D,0x27,0x2F,0x33,0x2C,0xFF,0x0C,0x33,0x31,0x2B,0x36,0x33,
0x3B,0xFF,0x0C,0x33,0x31,0x37,0x29,0x36,0x33,0x3B,0xFF,0x0C,0x33,0x31,0x34,0x2C,
0x29,0x3B,0xFF,0x0C,0x33,0x31,0x26,0x30,0x33,0x3B,0xFF,0x0E,0x25,0x26,0x30,0x29,
0xFF,0x17,0x29,0x32,0x2D,0x38,0x29,0xFF,0x16,0x25,0x32,0x2D,0x38,0x29,0xFF,0x12,
0x25,0x2A,0x31,0x25,0x36,0x28,0x33,0xFF,0x12,0x25,0x2A,0x31,0x25,0x36,0x31,0x32,
0xFF,0x1D,0x38,0x33,0x27,0x27,0x39,0x31,0xFF,0x1D,0x38,0x33,0x27,0x2F,0x29,0x30,
0xFF,0x1D,0x38,0x33,0x27,0x38,0x38,0x39,0x37,0xFF,0x1D,0x38,0x33,0x27,0x38,0x29,
0x31,0xFF,0x1D,0x38,0x33,0x27,0x34,0x39,0x37,0x37,0xFF,0x1D,0x38,0x33,0x27,0x34,
0x29,0x30,0x30,0xFF,0x0D,0x30,0x33,0x27,0x2F,0x30,0x29,0xFF,0x0D,0x30,0x33,0x27,
0x37,0x39,0x30,0x29,0xFF,0x0D,0x30,0x33,0x27,0x38,0x29,0x30,0x30,0xFF,0x0D,0x30,
0x33,0x27,0x34,0x39,0x30,0x30,0xFF,0x13,0x38,0x29,0x31,0x29,0x38,0x29,0x36,0xFF,
0x13,0x38,0x29,0x36,0x33,0x38,0x2C,0xFF,0x13,0x38,0x29,0x31,0x25,0x37,0x37,0xFF,
0x13,0x38,0x29,0x36,0x29,0x3C,0xFF,0x17,0xF0,0x01,0x33,0x36,0x25,0x34,0x34,0xFF,
0x17,0xF0,0x01,0x33,0x36,0x2D,0x32,0x25,0xFF,0x17,0xF0,0x01,0x33,0x36,0x33,0x37,
0x37,0x25,0xFF,0x17,0xF0,0x01,0x33,0x36,0x29,0x32,0x33,0xFF,0x0B,0x27,0x33,0x33,
0x30,0xFF,0x0B,0x37,0x2C,0x2D,0x36,0x33,0xFF,0x0B,0x38,0x29,0x36,0x32,0x29,0x36,
0xFF,0x0B,0x32,0x39,0x36,0x36,0x25,0x3D,0xFF,0x18,0x39,0x36,0x37,0x29,0xFF,0x0B,
0x32,0x2D,0x31,0x25,0x30,0xFF,0x12,0x25,0x27,0x2F,0x29,0x36,0xFF,0x23,0x33,0x00,
0x28,0x33,0x26,0x30,0x33,0xFC,0x38,0x39,0xFC,0x3A,0x2D,0x38,0x25,0x30,0x2D,0x28,
0x25,0x28,0xE2,0xFF,0x23,0x33,0x00,0x25,0x39,0x31,0x29,0x32,0x38,0x33,0xFC,0x39,
0x32,0x00,0x34,0x33,0x27,0x33,0x00,0x38,0x39,0xFC,0x3A,0x2D,0x38,0x25,0x30,0x2D,
0x28,0x25,0x28,0xE2,0xFF,0xF0,0x1F,0x1B,0x39,0x2D,0x29,0x36,0x29,0x37,0xFC,0x31,
0xF0,0x10,0x37,0xFC,0x20,0x2D,0x38,0x25,0x30,0x2D,0x28,0x25,0x28,0xF0,0x08,0xFF,
0x0B,0x39,0x31,0x29,0x32,0x38,0x25,0x36,0xF0,0x11,0xFC,0x38,0x39,0xFC,0x3A,0x2D,
0x38,0x25,0x30,0x2D,0x28,0x25,0x28,0xE2,0xFF,0xF0,0x19,0x37,0x25,0x31,0x29,0x00,
0x34,0x25,0x36,0x25,0xFC,0x33,0x26,0x38,0x29,0x32,0x29,0x36,0xFC,0x3A,0x2D,0x38,
0x25,0x30,0x2D,0x28,0x25,0x28,0xE2,0xFF,0x17,0x29,0x00,0x3A,0x39,0x29,0x30,0x3A,
0x33,0xFC,0x39,0x32,0x00,0xFC,0x1D,0x39,0x26,0x00,0x1E,0x25,0x32,0x2F,0xE2,0xFF,
0x1A,0x39,0x29,0x28,0x33,0x00,0x37,0x29,0x36,0xFC,0x38,0x39,0xFC,0x1D,0x39,0x26,
0x00,0x1E,0x25,0x32,0x2F,0xE2,0xFF,0x1E,0x29,0x00,0x28,0x25,0x36,0xF0,0x11,0xFC,
0x28,0x33,0x37,0xFC,0x27,0x33,0x32,0x38,0x2D,0x32,0x39,0x29,0x37,0xE2,0xFF,0x1E,
0x29,0x00,0x28,0x25,0x36,0xF0,0x11,0xFC,0x28,0x33,0x37,0xFC,0x27,0x33,0x32,0x38,
0x2D,0x32,0x39,0x29,0x37,0xE2,0xFF,0x1C,0x29,0x27,0x39,0x34,0x29,0x36,0x33,0xFC,
0x39,0x32,0x00,0x34,0x33,0x27,0x33,0x00,0x28,0x29,0xFC,0x3A,0x2D,0x38,0x25,0x30,
0x2D,0x28,0x25,0x28,0xE2,0xFF,0x1F,0x37,0x25,0x00,0x31,0x2D,0xFC,0x29,0x32,0x29,
0x36,0x2B,0xF0,0x12,0x25,0xFC,0x34,0x25,0x36,0x25,0x00,0x3A,0x2D,0x28,0x25,0xE2,
0xFF,0x1A,0x39,0x29,0x28,0x33,0x00,0x28,0x25,0x36,0xFC,0x39,0x32,0x00,0x34,0x33,
0x27,0x33,0x00,0x28,0x29,0xFC,0x3A,0x2D,0x38,0x25,0x30,0x2D,0x28,0x25,0x28,0xE2,
0xFF,0x1A,0x39,0x29,0x28,0x33,0xFC,0x27,0x39,0x36,0x25,0x36,0x00,0x38,0x39,0x37,
0xFC,0x2C,0x29,0x36,0x2D,0x28,0x25,0x37,0xE2,0xFF,0x1A,0x39,0x29,0x28,0x33,0x00,
0x27,0x39,0x36,0xF0,0x01,0xFC,0x25,0x36,0x38,0x29,0x00,0x30,0x2D,0x2B,0x29,0xF0,
0x01,0xFC,0x36,0x25,0x31,0x29,0x32,0x38,0x29,0xE2,0xFF,0xF0,0x1F,0x1E,0x29,0x00,
0x25,0x3D,0x39,0x28,0x33,0xFC,0x25,0x00,0x27,0x39,0x36,0x25,0x36,0x38,0x29,0xF0,
0x08,0xFF,0xF0,0x1E,0x1A,0x39,0x29,0x28,0x33,0x00,0x27,0x39,0xF0,0x01,0xFC,0x36,
0x25,0x36,0x38,0x29,0x00,0x34,0x33,0x36,0xFC,0x27,0x33,0x31,0x34,0x30,0x29,0x38,
0x33,0xE5,0xFF,0xF0,0x1F,0x1B,0x39,0x2D,0x29,0x36,0x29,0x37,0xFC,0x27,0x39,0x36,
0x25,0x27,0x2D,0xF0,0x13,0x32,0xFC,0x27,0x33,0x31,0x34,0x30,0x29,0x38,0x25,0xF0,
0x08,0xFF,0x17,0x2D,0x00,0x34,0x33,0x28,0x29,0x36,0xFC,0x38,0x29,0xFC,0x37,0x25,
0x30,0x3A,0x25,0x36,0xF0,0x10,0xE2,0xFF,0x0F,0x37,0x00,0x31,0x2D,0xFC,0x28,0x29,
0x26,0x29,0x36,0xFC,0x27,0x39,0x36,0x25,0x36,0x38,0x29,0xE2,0xFF,0x0D,0x25,0x31,
0x26,0x2D,0x33,0xFC,0x26,0x25,0x30,0x25,0x37,0x00,0x34,0x33,0x36,0xFC,0x3A,0x2D,
0x38,0x25,0x30,0x2D,0x28,0x25,0x28,0xE2,0xFF,0x0D,0x25,0x31,0x26,0x2D,0x33,0xFC,
0x26,0x25,0x30,0x25,0x37,0x00,0x34,0x33,0x36,0xFC,0x3A,0x2D,0x38,0x25,0x30,0x2D,
0x28,0x25,0x28,0xE2,0xFF,0x0D,0x33,0x32,0x3A,0x29,0x36,0x38,0x2D,0x36,0xF0,0x11,
0xFC,0x30,0x25,0x37,0x00,0x26,0x25,0x30,0x25,0x37,0xE2,0xFF,0x16,0x33,0x37,0x00,
0x2B,0x33,0x30,0x34,0x29,0x37,0xFC,0x35,0x39,0x29,0x00,0x36,0x29,0x27,0x2D,0x26,
0x25,0xFC,0x38,0x29,0x00,0x27,0x39,0x36,0x25,0x36,0xF0,0x10,0x32,0xFF,0x20,0x33,
0x30,0x25,0x36,0xF0,0x11,0x00,0x3D,0xFC,0x28,0x29,0x2E,0x25,0x36,0xF0,0x11,0xFC,
0xF0,0x12,0x38,0x29,0x31,0x37,0xE2,0xFF,0x0F,0x37,0x34,0x25,0x36,0x27,0x2D,0x36,
0xF0,0x11,0xFC,0x25,0x30,0x2B,0x39,0x32,0x33,0x37,0xFC,0xF0,0x12,0x38,0x29,0x31,
0x37,0xE2,0xFF,0x0F,0x37,0x34,0x25,0x36,0x27,0x2D,0x36,0xF0,0x11,0xFC,0x25,0x30,
0x2B,0x39,0x32,0x33,0x37,0xFC,0xF0,0x12,0x38,0x29,0x31,0x37,0xE2,0xFF,0x1E,0x29,
0x00,0x28,0x25,0x36,0xF0,0x11,0xFC,0x25,0x30,0x2B,0x39,0x32,0x33,0x37,0xFC,0xF0,
0x12,0x38,0x29,0x31,0x37,0xE2,0xFF,0x0B,0x3D,0x39,0x28,0x33,0x00,0x29,0x32,0xFC,
0x30,0x25,0x00,0x3E,0x33,0x32,0x25,0xFC,0x2A,0x25,0x38,0x25,0x30,0xE2,0xFF,0x1E,
0x29,0x00,0x29,0x32,0x37,0x29,0xF0,0x1C,0x33,0xFC,0x25,0x00,0x27,0x33,0x36,0x36,
0x29,0x36,0xFC,0x36,0xF0,0x10,0x34,0x2D,0x28,0x33,0xE2,0xFF,0xF0,0x1E,0x0F,0x37,
0x27,0x25,0x30,0x25,0x36,0xFC,0x29,0x37,0x00,0x31,0x2D,0xFC,0x2A,0x39,0x29,0x36,
0x3E,0x25,0xE5,0xFF,0x1E,0x29,0x00,0x25,0x3D,0x39,0x28,0x33,0x00,0x25,0xFC,0x28,
0x29,0x37,0x25,0x2A,0x2D,0x25,0x36,0xFC,0x2B,0x36,0x25,0x3A,0x29,0x28,0x25,0x28,
0xE2,0xFF,0xF0,0x1E,0x18,0x39,0x32,0x27,0x25,0xFC,0x27,0x25,0x29,0x36,0xF0,0x10,
0x37,0xFC,0x27,0x33,0x32,0x31,0x2D,0x2B,0x33,0xE5,0xFF,0x1E,0x29,0x00,0x37,0x25,
0x30,0x3A,0x25,0x36,0xF0,0x11,0xFC,0x28,0x29,0x00,0x39,0x32,0xFC,0x34,0x33,0x3E,
0x33,0xE2,0xFF,0xF0,0x1E,0x0E,0x29,0x26,0x33,0x00,0x37,0x25,0x30,0xF0,0x01,0xFC,
0x3A,0x25,0x36,0x00,0x25,0xFC,0x35,0x39,0x2D,0x29,0x32,0x00,0x27,0x25,0x29,0xE5,
0xFF,0xF0,0x1E,0x1E,0x29,0x00,0x37,0x25,0x30,0x3A,0x33,0xFC,0x28,0x29,0xFC,0x27,
0x25,0xF0,0x12,0x28,0x25,0x37,0xE5,0xFF,0x1E,0x29,0x00,0x25,0x3D,0x39,0x28,0x25,
0x36,0xF0,0x11,0xFC,0x25,0x00,0x37,0x25,0x30,0x2D,0x36,0x00,0x28,0x29,0xFC,0x39,
0x32,0x00,0x25,0x2B,0x39,0x2E,0x29,0x36,0x33,0xFF,0x1E,0x29,0x00,0x37,0x25,0x27,
0x33,0x00,0x28,0x29,0xFC,0x27,0x39,0x25,0x30,0x35,0x39,0x2D,0x29,0x36,0xFC,0x34,
0x33,0x3E,0x33,0xE5,0xFF,0x1E,0x29,0x00,0x37,0x25,0x27,0x25,0x36,0xF0,0x11,0xFC,
0x28,0x29,0x00,0x27,0x39,0x25,0x30,0xF0,0x01,0xFC,0x35,0x39,0x2D,0x29,0x36,0x00,
0x34,0x33,0x3E,0x33,0xFF,0x1E,0x29,0x00,0x28,0x25,0x36,0xF0,0x11,0xFC,0x2A,0x39,
0x29,0x2B,0x33,0x00,0x28,0x29,0xFC,0x27,0x33,0x26,0x29,0x36,0x38,0x39,0x36,0x25,
0xE2,0xFF,0x1E,0x29,0x00,0x25,0x3D,0x39,0x28,0x25,0x36,0xF0,0x11,0xFC,0x25,0x00,
0x30,0x39,0x27,0x2C,0x25,0x36,0xE2,0xFF,0x17,0x2D,0x00,0x25,0x36,0x31,0x25,0xFC,
0x38,0x29,0x00,0x28,0x25,0x36,0xF0,0x10,0xFC,0x27,0x33,0x26,0x29,0x36,0x38,0x39,
0x36,0x25,0xE2,0xFF,0x0E,0x2D,0x37,0x34,0x25,0x36,0x25,0x36,0xF0,0x11,0xFC,0x25,
0x00,0x38,0x39,0x37,0xFC,0x25,0x38,0x25,0x27,0x25,0x32,0x38,0x29,0x37,0xE2,0xFF,
0x1E,0x29,0x00,0x28,0x25,0x36,0xF0,0x11,0xFC,0x25,0x34,0x33,0x3D,0x33,0xE2,0xFF,
0x17,0x2D,0x37,0x00,0x26,0x25,0x30,0x25,0x37,0xFC,0x38,0x29,0x00,0x28,0x25,0x36,
0xF0,0x10,0x32,0xFC,0x25,0x34,0x33,0x3D,0x33,0xE2,0xFF,0xF0,0x1E,0x1E,0x29,0xFC,
0x28,0x25,0x36,0xF0,0x11,0xFC,0x27,0x33,0x26,0x29,0x36,0x38,0x39,0x36,0x25,0xE5,
0xFF,0xF0,0x19,0x37,0x25,0x31,0x29,0xE4,0x00,0x37,0x2D,0xFC,0x32,0x29,0x27,0x29,
0x37,0x2D,0x38,0x25,0x37,0xFC,0x25,0x34,0x33,0x3D,0x33,0xE2,0xFF,0x0B,0x38,0x39,
0x36,0x28,0x33,0x00,0x25,0xFC,0x27,0x2D,0x29,0x36,0x38,0x33,0x37,0xFC,0x29,0x32,
0x29,0x31,0x2D,0x2B,0x33,0x37,0xE2,0xFF,0x0B,0x38,0x39,0x36,0x28,0x2D,0x36,0xF0,
0x11,0xFC,0x25,0x00,0x27,0x2D,0x29,0x36,0x38,0x33,0x37,0xFC,0x29,0x32,0x29,0x31,
0x2D,0x2B,0x33,0x37,0xE2,0xFF,0x1E,0x39,0x00,0x29,0x32,0x29,0x31,0x2D,0x2B,0x33,
0xFC,0x32,0x33,0x00,0x34,0x39,0x29,0x28,0x29,0xFC,0x37,0x25,0x27,0x39,0x28,0x2D,
0x36,0x31,0x29,0xE5,0xFF,0xF0,0x19,0x37,0x25,0x31,0x29,0x00,0x34,0x25,0x36,0x25,
0xFC,0x25,0x38,0x39,0x36,0x28,0x2D,0x36,0xFC,0x29,0x32,0x29,0x31,0x2D,0x2B,0x33,
0x37,0xE2,0xFF,0xF0,0x1E,0x0F,0x3C,0x34,0x30,0x33,0x38,0x25,0x36,0xF0,0x11,0xFC,
0x37,0x33,0x26,0x36,0x29,0x00,0x38,0x39,0x37,0xFC,0x29,0x32,0x29,0x31,0x2D,0x2B,
0x33,0x37,0xE5,0xFF,0x1A,0x39,0x29,0x28,0x33,0x00,0x39,0x37,0x25,0x36,0xFC,0x26,
0x25,0x30,0x25,0x37,0x00,0x34,0x25,0x36,0x25,0xFC,0x29,0x3C,0x34,0x30,0x33,0x38,
0x25,0x36,0xE5,0xFF,0xF0,0x1E,0x0D,0x33,0x31,0x29,0x36,0xF0,0x11,0xFC,0x26,0x25,
0x30,0x25,0x37,0x00,0x3D,0xFC,0x29,0x3C,0x34,0x30,0x33,0x38,0x25,0x36,0xF0,0x11,
0xE5,0xFF,0xF0,0x1E,0x16,0x25,0x37,0x00,0x26,0x25,0x30,0x25,0x37,0xFC,0x31,0x29,
0x00,0x2C,0x25,0x27,0x29,0x32,0xFC,0x29,0x3C,0x34,0x30,0x33,0x38,0x25,0x36,0xE5,
0xFF,0x0E,0x33,0x26,0x30,0x25,0x36,0xF0,0x11,0xFC,0x38,0x39,0x37,0xFC,0x2D,0x38,
0x29,0x31,0x37,0xE2,0xFF,0xF0,0x1E,0x0F,0x30,0x2D,0x31,0x2D,0x32,0x25,0x36,0xF0,
0x11,0xFC,0x25,0x00,0x29,0x32,0x29,0x31,0x2D,0x2B,0x33,0x37,0xFC,0x34,0x29,0x35,
0x39,0x29,0xF0,0x1C,0x33,0x37,0xE5,0xFF,0xF0,0x1E,0x0F,0x30,0x2D,0x31,0x2D,0x32,
0x33,0xFC,0x29,0x32,0x29,0x31,0x2D,0x2B,0x33,0x37,0xFC,0x34,0x29,0x35,0x39,0x29,
0xF0,0x1C,0x33,0x37,0xE5,0xFF,0xF0,0x1E,0x1C,0x29,0x28,0x39,0x27,0x2D,0x36,0xF0,
0x11,0xFC,0x29,0x32,0x29,0x36,0x2B,0x2D,0x25,0xFC,0x28,0x29,0x00,0x2E,0x29,0x2A,
0x29,0xE5,0xFF,0xF0,0x1E,0x0D,0x33,0x36,0x38,0x33,0xFC,0x29,0x32,0x29,0x36,0x2B,
0x2D,0x25,0x00,0x28,0x29,0xFC,0x39,0x32,0x00,0x2E,0x29,0x2A,0x29,0xE5,0xFF,0x1A,
0x39,0x29,0x28,0x33,0xFC,0x25,0x38,0x39,0x36,0x28,0x2D,0x36,0xFC,0x29,0x32,0x29,
0x31,0x2D,0x2B,0x33,0x37,0xE2,0xFF,0x0B,0x38,0x39,0x36,0x28,0x33,0x00,0x25,0xFC,
0x27,0x2D,0x29,0x36,0x38,0x33,0x37,0xFC,0x29,0x32,0x29,0x31,0x2D,0x2B,0x33,0x37,
0xE2,0xFF,0x0B,0x38,0x39,0x36,0x28,0x2D,0x36,0xF0,0x11,0xFC,0x29,0x32,0x29,0x31,
0x2D,0x2B,0x33,0x37,0xFC,0x34,0x33,0x36,0x00,0x38,0x2D,0xE2,0xFF,0xF0,0x1E,0x0F,
0x32,0x29,0x31,0x2D,0x2B,0x33,0x37,0xFC,0x37,0x29,0x36,0xF0,0x10,0x32,0xFC,0x25,
0x38,0x39,0x36,0x28,0x2D,0x28,0x33,0x37,0xE5,0xFF,0x17,0x2D,0x00,0x34,0x33,0x28,
0x29,0x36,0xFC,0x25,0x38,0x39,0x36,0x28,0x29,0xFC,0x29,0x32,0x29,0x31,0x2D,0x2B,
0x33,0x37,0xE2,0xFF,0x0F,0x32,0x29,0x31,0x2D,0x2B,0x33,0x37,0xFC,0x37,0x29,0x36,
0xF0,0x10,0x32,0xFC,0x25,0x38,0x39,0x36,0x28,0x2D,0x28,0x33,0x37,0xE2,0xFF,0xF0,
0x1E,0x0D,0x25,0x36,0x2B,0x25,0x00,0x31,0xF0,0x10,0x37,0xFC,0x36,0xF0,0x10,0x34,
0x2D,0x28,0x33,0xFC,0x27,0x33,0x32,0x31,0x2D,0x2B,0x33,0xE5,0xFF,0xF0,0x1E,0x0B,
0x27,0x33,0x36,0x38,0x33,0x00,0x29,0x30,0xFC,0x38,0x2D,0x29,0x31,0x34,0x33,0x00,
0x28,0x29,0xFC,0x27,0x25,0x36,0x2B,0x25,0xE5,0xFF,0x1C,0x29,0x28,0x39,0x3E,0x27,
0x33,0x00,0x29,0x30,0xFC,0x38,0x2D,0x29,0x31,0x34,0x33,0x00,0x28,0x29,0xFC,0x27,
0x25,0x36,0x2B,0x25,0xE2,0xFF,0xF0,0x19,0x37,0x25,0x31,0x29,0x00,0x34,0x25,0x36,
0x25,0xFC,0x27,0x25,0x36,0x2B,0x25,0x36,0x00,0x31,0xF0,0x10,0x37,0xFC,0x36,0xF0,
0x10,0x34,0x2D,0x28,0x33,0xE2,0xFF,0x0F,0x32,0x29,0x31,0x2D,0x2B,0x33,0x37,0xFC,
0x37,0x33,0x30,0x38,0x25,0x36,0xF0,0x10,0x32,0xFC,0x39,0x32,0x00,0xF0,0x12,0x38,
0x29,0x31,0xE2,0xFF,0x0F,0x32,0x29,0x31,0x2D,0x2B,0x33,0xFC,0x34,0x29,0x35,0xE2,
0x00,0x37,0x39,0x29,0x30,0xF0,0x01,0xFC,0x38,0x25,0x00,0xF0,0x12,0x38,0x29,0x31,
0xE2,0xFF,0xF0,0x19,0x37,0x25,0x31,0x29,0x00,0x34,0x25,0x36,0x25,0xFC,0x33,0x26,
0x38,0x29,0x32,0x29,0x36,0xFC,0xF0,0x12,0x38,0x29,0x31,0x37,0xE2,0xFF,0xF0,0x1E,
0x0F,0x32,0x29,0x31,0x2D,0x2B,0x33,0x37,0xFC,0x28,0x29,0x2E,0x25,0x36,0xF0,0x10,
0x32,0xFC,0xF0,0x12,0x38,0x29,0x31,0x37,0xE5,0xFF,0x0D,0x33,0x32,0x3A,0x29,0x36,
0x38,0x2D,0x36,0xF0,0x11,0xFC,0x29,0x32,0x29,0x31,0x2D,0x2B,0x33,0x37,0x00,0x25,
0xFC,0x17,0x29,0x38,0x38,0x25,0x30,0x30,0x37,0xE2,0xFF,0x0D,0x33,0x32,0x3A,0x29,
0x36,0x38,0x2D,0x36,0xF0,0x11,0xFC,0x29,0x32,0x29,0x31,0x2D,0x2B,0x33,0x37,0x00,
0x25,0xFC,0x17,0x29,0x38,0x38,0x25,0x30,0x30,0x37,0xE2,0xFF,0x0D,0x33,0x32,0x3A,
0x2D,0x29,0x36,0x38,0x33,0xFC,0x29,0x32,0x29,0x31,0x2D,0x2B,0x33,0x37,0x00,0x25,
0xFC,0x17,0x29,0x38,0x38,0x25,0x30,0x30,0x37,0xE2,0xFF,0xF0,0x1E,0x0F,0x32,0x29,
0x31,0x2D,0x2B,0x33,0x37,0xFC,0x37,0x29,0x00,0x3A,0x39,0x29,0x30,0x3A,0x29,0x32,
0xFC,0x17,0x29,0x38,0x38,0x25,0x30,0x30,0x37,0xE5,0xFF,0x0F,0x30,0x29,0x3A,0x25,
0x36,0xF0,0x11,0x00,0x38,0x39,0xFC,0x32,0x2D,0x3A,0x29,0x30,0xFC,0x2C,0x25,0x37,
0x38,0x25,0x00,0x0B,0xE2,0xFF,0x0F,0x37,0x38,0x25,0x36,0xF0,0x10,0x37,0xFC,0x29,
0x32,0x00,0x32,0x2D,0x3A,0x29,0x30,0xFC,0x0B,0xE2,0xFF,0x1E,0x29,0x00,0x28,0x25,
0x36,0xF0,0x11,0xFC,0x36,0x25,0x32,0x2B,0x33,0x00,0x0B,0xE2,0xFF,0xF0,0x1F,0x1B,
0x39,0x2D,0x29,0x36,0x29,0x37,0xFC,0x35,0x39,0x29,0x00,0x38,0x29,0x00,0x28,0xF0,
0x11,0xFC,0x36,0x25,0x32,0x2B,0x33,0x00,0x0B,0xF0,0x08,0xFF,0x18,0x33,0x00,0x34,
0x39,0x29,0x28,0x29,0x37,0xFC,0x38,0x29,0x32,0x29,0x36,0xFC,0x29,0x37,0x38,0x29,
0x00,0x25,0xF0,0x14,0x32,0xE2,0xFF,0x0F,0x37,0x38,0x29,0x00,0x28,0x29,0x37,0xF0,
0x01,0xFC,0x27,0x25,0x32,0x37,0x25,0x00,0x29,0x32,0xFC,0x34,0x25,0x3E,0x00,0x25,
0x2C,0x33,0x36,0x25,0xE2,0xFF,0x1E,0x29,0x00,0x27,0x39,0x2D,0x28,0x25,0x32,0xFC,
0x34,0x25,0x36,0x25,0x00,0x28,0x25,0x36,0x38,0x29,0xFC,0x37,0x25,0x30,0x39,0x28,
0xE2,0xFF,0x0B,0x39,0x31,0x29,0x32,0x38,0x25,0x32,0xFC,0x38,0x39,0xFC,0x2C,0x25,
0x26,0x2D,0x30,0x2D,0x28,0x25,0x28,0xE2,0xFF,0x0F,0x30,0x30,0x33,0x37,0xFC,0x27,
0x25,0x31,0x26,0x2D,0x25,0x32,0xFC,0x28,0x25,0x38,0x33,0x37,0xE2,0xFF,0x0F,0x37,
0x38,0x29,0x00,0x3D,0x25,0xFC,0x28,0x29,0x37,0x27,0x25,0x32,0x37,0x25,0xFC,0x29,
0x32,0x00,0x34,0x25,0x3E,0xE2,0xFF,0x1E,0x39,0x00,0x25,0x36,0x31,0x25,0x00,0x34,
0x36,0x2D,0x32,0x27,0x2D,0x34,0x25,0x30,0xE2,0xFF,0x1E,0x39,0x00,0x25,0x36,0x31,
0x25,0x00,0x37,0x29,0x27,0x39,0x32,0x28,0x25,0x36,0x2D,0x25,0xE2,0xFF,0x0C,0x1F,
0x1D,0x1E,0x0F,0x1C,0x00,0x1D,0x12,0x19,0x1E,0x00,0xF2,0xF0,0xEA,0xF1,0xF0,0xEB,
0xF0,0xEB,0xFF,0x0C,0x1F,0x1D,0x1E,0x0F,0x1C,0x00,0x1D,0x12,0x19,0x1E,0x00,0xF2,
0xF0,0xEA,0xF0,0xEA,0xF1,0xF0,0xEB,0xFF,0x0C,0x1F,0x1D,0x1E,0x0F,0x1C,0x00,0x1D,
0x12,0x19,0x1E,0x00,0xF2,0xF0,0xEA,0xF0,0xEA,0xF0,0xEA,0xF1,0xFF,0x24,0x00,0x1D,
0x0B,0x0C,0x0F,0x1C,0x00,0xF2,0xF0,0xEA,0xF1,0xF0,0xEB,0xF0,0xEB,0xF0,0xEB,0xF0,
0xEB,0xFF,0x24,0x00,0x1D,0x0B,0x0C,0x0F,0x1C,0x00,0xF2,0xF0,0xEA,0xF0,0xEA,0xF1,
0xF0,0xEB,0xF0,0xEB,0xF0,0xEB,0xFF,0x24,0x00,0x1D,0x0B,0x0C,0x0F,0x1C,0x00,0xF2,
0xF0,0xEA,0xF0,0xEA,0xF0,0xEA,0xF1,0xF0,0xEB,0xF0,0xEB,0xFF,0x24,0x00,0x1D,0x0B,
0x0C,0x0F,0x1C,0x00,0xF2,0xF0,0xEA,0xF0,0xEA,0xF0,0xEA,0xF0,0xEA,0xF1,0xF0,0xEB,
0xFF,0x24,0x00,0x1D,0x0B,0x0C,0x0F,0x1C,0x00,0xF2,0xF0,0xEA,0xF0,0xEA,0xF0,0xEA,
0xF0,0xEA,0xF0,0xEA,0xF1,0xFF,0x0D,0x12,0x0B,0x13,0x18,0x00,0x1C,0x19,0x0E,0x00,
0xF2,0xF0,0xEA,0xF1,0xF0,0xEB,0xF0,0xEB,0xFF,0x0D,0x12,0x0B,0x13,0x18,0x00,0x1C,
0x19,0x0E,0x00,0xF2,0xF0,0xEA,0xF0,0xEA,0xF1,0xF0,0xEB,0xFF,0x0D,0x12,0x0B,0x13,
0x18,0x00,0x1C,0x19,0x0E,0x00,0xF2,0xF0,0xEA,0xF0,0xEA,0xF0,0xEA,0xF1,0xFF,0x1D,
0x12,0x13,0x0F,0x16,0x0E,0x00,0x0C,0x19,0x19,0x17,0x0F,0x1C,0x0B,0x18,0x11,0x00,
0xF2,0xF0,0xEA,0xF1,0xF0,0xEB,0xF0,0xEB,0xFF,0x1D,0x12,0x13,0x0F,0x16,0x0E,0x00,
0x0C,0x19,0x19,0x17,0x0F,0x1C,0x0B,0x18,0x11,0x00,0xF2,0xF0,0xEA,0xF0,0xEA,0xF1,
0xF0,0xEB,0xFF,0x1D,0x12,0x13,0x0F,0x16,0x0E,0x00,0x0C,0x19,0x19,0x17,0x0F,0x1C,
0x0B,0x18,0x11,0x00,0xF2,0xF0,0xEA,0xF0,0xEA,0xF0,0xEA,0xF1,0xFF,0x1E,0x39,0x00,
0x29,0x30,0x29,0x31,0x29,0x32,0x38,0x33,0x00,0x29,0x30,0x29,0x2E,0x2D,0x28,0x33,
0xE2,0xFF,0x0F,0x2A,0x29,0x27,0x38,0x33,0x00,0x28,0x29,0x00,0x29,0x30,0x29,0x27,
0x38,0x36,0x2D,0x27,0x2D,0x28,0x25,0x28,0xE2,0xFF,0x0F,0x2A,0x29,0x27,0x38,0x33,
0x00,0x28,0x29,0x00,0x30,0x30,0x25,0x31,0x25,0xE2,0xFF,0x0F,0x2A,0x29,0x27,0x38,
0x33,0x00,0x28,0x29,0x00,0x2C,0x2D,0x29,0x30,0x33,0xE2,0xFF,0x1E,0x39,0x00,0x0D,
0x2D,0x26,0x29,0x36,0xF0,0x01,0x29,0x30,0x2A,0x33,0x00,0x29,0x30,0x29,0x2B,0x2D,
0x28,0x33,0xE2,0xFF,0x0E,0x39,0x34,0x30,0x2D,0x27,0x25,0x00,0x38,0x39,0x00,0x29,
0x32,0x29,0x36,0x2B,0xF0,0x12,0x25,0xE2,0xFF,0x17,0x29,0x2E,0x33,0x36,0x25,0x00,
0x38,0x39,0x00,0x29,0x32,0x29,0x36,0x2B,0xF0,0x12,0x25,0x00,0x17,0x0B,0x22,0xE2,
0xFF,0x1D,0x29,0x00,0x27,0x33,0x32,0x3A,0x2D,0x29,0x36,0x38,0x29,0x00,0x29,0x32,
0x00,0x1D,0x39,0x26,0x00,0x1E,0x25,0x32,0x2F,0xE2,0xFF,0x13,0x32,0x27,0x36,0x29,
0x31,0x29,0x32,0x38,0x25,0x00,0x30,0x33,0x37,0x00,0x27,0x33,0x32,0x38,0x2D,0x32,
0x39,0x29,0x37,0xE2,0xFF,0x1C,0x29,0x27,0x39,0x34,0x29,0x36,0x25,0x00,0x25,0x30,
0x2B,0x33,0x00,0x28,0x29,0x00,0x29,0x32,0x29,0x36,0x2B,0xF0,0x12,0x25,0xE2,0xFF,
0x1C,0x29,0x37,0x38,0x25,0x39,0x36,0x25,0x00,0x38,0x39,0x00,0x29,0x32,0x29,0x36,
0x2B,0xF0,0x12,0x25,0xE2,0xFF,0xF0,0x1E,0x0D,0x33,0x32,0x3A,0x2D,0x29,0x36,0x38,
0x29,0x00,0x26,0x25,0x30,0x25,0x37,0x00,0x29,0x32,0x00,0x29,0x32,0x29,0x36,0x2B,
0xF0,0x12,0x25,0xE5,0xFF,0x0E,0x2D,0x37,0x34,0x29,0x36,0x37,0x25,0x00,0xF0,0x12,
0x38,0x29,0x31,0x00,0x28,0x29,0x00,0x27,0x39,0x36,0x25,0xFF,0x1E,0x29,0x00,0x34,
0x36,0x33,0x38,0x29,0x2B,0x29,0x00,0x29,0x32,0x00,0x3E,0x33,0x32,0x25,0x00,0x2A,
0x25,0x38,0x25,0x30,0xE2,0xFF,0x0B,0x39,0x31,0x29,0x32,0x38,0x25,0x00,0x38,0x39,
0x00,0x3A,0x29,0x30,0x33,0x27,0x2D,0x28,0x25,0x28,0xE2,0xFF,0x0B,0x27,0x29,0x30,
0x29,0x36,0x25,0x00,0x38,0x39,0x00,0x29,0x37,0x27,0x25,0x30,0x25,0x28,0x25,0xE2,
0xFF,0x1C,0x29,0x28,0x39,0x27,0x29,0x00,0x3A,0x29,0x30,0xE2,0x00,0x3B,0x25,0x30,
0x30,0xF0,0x01,0x37,0x30,0x2D,0x28,0x2D,0x32,0x2B,0xE2,0xFF,0x1A,0x29,0x36,0x31,
0x2D,0x38,0x29,0x00,0x31,0x25,0x32,0x38,0x29,0x32,0x29,0x36,0x37,0x29,0x00,0x2A,
0x2D,0x36,0x31,0x29,0xE2,0xFF,0x1E,0x29,0x00,0x36,0x29,0x37,0x27,0x25,0x38,0x25,
0x00,0x28,0x29,0x00,0x39,0x32,0x00,0x25,0x2B,0x39,0x2E,0x29,0x36,0x33,0xE2,0xFF,
0x0E,0x2D,0x37,0x34,0x25,0x36,0x25,0x00,0x26,0x25,0x30,0x25,0x37,0x00,0x28,0x29,
0x00,0x27,0x33,0x26,0x29,0x36,0x38,0x39,0x36,0x25,0xE2,0xFF,0x1D,0x29,0x00,0x34,
0x29,0x2B,0x25,0x00,0x25,0x00,0x25,0x30,0x2B,0x39,0x32,0x33,0x37,0x00,0x29,0x32,
0x29,0x31,0x2D,0x2B,0x33,0x37,0xE2,0xFF,0x0D,0x33,0x32,0x37,0x39,0x31,0x29,0x00,
0x26,0x25,0x30,0x25,0x37,0x00,0x34,0x25,0x36,0x25,0x00,0x29,0x3C,0x34,0x30,0x33,
0x38,0x25,0x36,0xE2,0xFF,0x0E,0x39,0x34,0x30,0x2D,0x27,0x25,0x00,0x30,0x33,0x37,
0x00,0xF0,0x12,0x38,0x29,0x31,0x37,0x00,0x33,0x26,0x38,0x29,0x32,0x2D,0x28,0x33,
0x37,0xE2,0xFF,0x0F,0x30,0x2D,0x31,0x2D,0x32,0x25,0x00,0x25,0x30,0x2B,0x39,0x32,
0x33,0x37,0x00,0x29,0x32,0x29,0x31,0x2D,0x2B,0x33,0x37,0xE2,0xFF,0x1C,0x29,0x28,
0x39,0x27,0x29,0x00,0x29,0x32,0x29,0x36,0x2B,0xF0,0x12,0x25,0x00,0x28,0x29,0x30,
0x00,0x2E,0x29,0x2A,0x29,0x00,0x06,0x01,0xE9,0xE2,0xFF,0x0B,0x38,0x39,0x36,0x28,
0x29,0x00,0x38,0x29,0x31,0x34,0x33,0x36,0x25,0x30,0x00,0x25,0x00,0x29,0x32,0x29,
0x31,0x2D,0x2B,0x33,0x37,0xE2,0xFF,0x0B,0x27,0x33,0x36,0x38,0x25,0x00,0x29,0x30,
0x00,0x38,0x2D,0x29,0x31,0x34,0x33,0x00,0x28,0x29,0x00,0x27,0x25,0x36,0x2B,0x25,
0xE2,0xFF,0x0F,0x32,0x29,0x31,0x2D,0x2B,0x33,0x37,0x00,0x28,0x29,0x2E,0x25,0x36,
0xF0,0x10,0x32,0x00,0xF0,0x12,0x38,0x29,0x31,0x37,0xE2,0xFF,0x0D,0x33,0x32,0x3A,
0x2D,0x29,0x36,0x38,0x29,0x00,0x29,0x32,0x29,0x31,0x2D,0x2B,0x33,0x00,0x25,0x00,
0x17,0x29,0x38,0x38,0x25,0x30,0x30,0xE2,0xFF,0x1D,0x39,0x26,0x29,0x00,0x29,0x30,
0x00,0x32,0x2D,0x3A,0x29,0x30,0x00,0x28,0x29,0x00,0x24,0x29,0x36,0x33,0x00,0x25,
0x00,0x0B,0xE2,0xFF,0x0B,0x26,0x33,0x36,0x38,0x25,0x36,0x00,0x3D,0x00,0x28,0x29,
0x2E,0x25,0x36,0x00,0x30,0x25,0x00,0x31,0x2D,0x37,0x2D,0xF0,0x13,0x32,0xE2,0xFF,
0x1A,0x36,0x29,0x37,0x2D,0x33,0x32,0x25,0x00,0x0B,0x00,0x34,0x25,0x36,0x25,0x00,
0x29,0x37,0x27,0x25,0x34,0x25,0x36,0xE2,0xFF,0x18,0x33,0x00,0x34,0x39,0x29,0x28,
0x29,0x37,0x00,0x29,0x37,0x27,0x25,0x34,0x25,0x36,0x00,0x25,0x2C,0x33,0x36,0x25,
0xE2,0xFF,0x0B,0x30,0x31,0x25,0x27,0x29,0x32,0x25,0x00,0x39,0x32,0x25,0x00,0x3A,
0x2D,0x28,0x25,0x00,0x29,0x3C,0x38,0x36,0x25,0xE2,0xFF,0x1C,0x29,0x38,0x2D,0x36,
0x25,0x36,0x00,0x29,0x30,0x00,0x0F,0x30,0x29,0x31,0x29,0x32,0x38,0x33,0x00,0x29,
0x30,0x29,0x2B,0x2D,0x28,0x33,0xE2,0xFF,0x1D,0x33,0x30,0x33,0x00,0x37,0x29,0x00,
0x34,0x29,0x36,0x31,0x2D,0x38,0x29,0x32,0x00,0x04,0x00,0x25,0x00,0x30,0x25,0x00,
0x3A,0x29,0x3E,0xE2,0xFF,0x1D,0x33,0x30,0x33,0x00,0x2A,0x39,0x32,0x27,0x2D,0x33,
0x32,0x25,0x00,0x29,0x32,0x00,0x31,0x2D,0x37,0x2D,0xF0,0x13,0x32,0xE2,0xFF,0xF0,
0x1E,0x11,0x36,0x25,0x27,0x2D,0x25,0x37,0xE5,0xFF,0xF0,0x1E,0x23,0x25,0x2C,0x33,
0x33,0xE5,0xFC,0x14,0x39,0x37,0x38,0x33,0x00,0x30,0x33,0xFC,0x35,0x39,0x29,0x00,
0x35,0x39,0x29,0x36,0xF0,0x12,0x25,0xFF,0x11,0x36,0x25,0x27,0x2D,0x25,0x37,0xE4,
0xFC,0x24,0x29,0x36,0x33,0xE2,0xFF,0xF0,0x1E,0x11,0x36,0x25,0x27,0x2D,0x25,0x37,
0xE4,0xFC,0x24,0x29,0x36,0x33,0xE5,0xFF,0x11,0x36,0x25,0x27,0x2D,0x25,0x37,0xFC,
0x34,0x33,0x36,0x00,0x30,0x25,0xFC,0x27,0x33,0x31,0x2D,0x28,0x25,0xFF,0x12,0x29,
0x00,0x27,0x36,0x29,0x27,0x2D,0x28,0x33,0xFC,0x2B,0x36,0x25,0x27,0x2D,0x25,0x37,
0x00,0x25,0xFC,0x38,0x2D,0xE4,0x00,0x24,0x29,0x36,0x33,0xE2,0xFF,0x0E,0x29,0x30,
0x2D,0x27,0x2D,0x33,0x37,0x33,0xE5,0xFC,0x0E,0x29,0x30,0x2D,0x27,0x2D,0x33,0x37,
0x33,0xE5,0xFF,0xF0,0x1E,0x11,0x36,0x25,0x27,0x2D,0x25,0x37,0xE5,0xFF,0x18,0x29,
0x27,0x29,0x37,0x2D,0x38,0x33,0xFC,0x31,0xF0,0x10,0x37,0x00,0x34,0x25,0x36,0x25,
0xFC,0x27,0x36,0x29,0x27,0x29,0x36,0xE2,0xE2,0xE2,0xFF,0x24,0x29,0x36,0x33,0xE4,
0x00,0x28,0x25,0x31,0x29,0xFC,0x31,0xF0,0x10,0x37,0xE4,0x00,0x34,0x33,0x36,0xFC,
0x2A,0x25,0x3A,0x33,0x36,0xE2,0xE2,0xE2,0xE5,0xFF,0x1D,0x33,0x30,0x33,0x00,0x39,
0x32,0xFC,0x34,0x33,0x27,0x33,0xFC,0x31,0xF0,0x10,0x37,0xE2,0xFF,0x17,0x29,0x00,
0x37,0x2D,0x29,0x32,0x38,0x33,0xFC,0x26,0x2D,0x29,0x32,0xE4,0xFC,0x2B,0x36,0x25,
0x27,0x2D,0x25,0x37,0xE2,0xFF,0xF0,0x1E,0x18,0x29,0x27,0x29,0x37,0x2D,0x38,0x33,
0xFC,0x0F,0x32,0x29,0x36,0x2B,0x3D,0xFC,0x0D,0x36,0x3D,0x37,0x38,0x25,0x30,0x37,
0xE5,0xFF,0x1A,0x33,0x36,0x00,0x2A,0x25,0x3A,0x33,0x36,0xFC,0x25,0x30,0x2D,0x31,
0xF0,0x11,0x32,0x38,0x25,0x31,0x29,0xFF,0x1A,0x36,0x29,0x37,0x2D,0x33,0x32,0x25,
0x00,0x29,0x30,0x00,0x26,0x33,0x38,0xF0,0x13,0x32,0x00,0x0B,0xE2,0xFF,0x0F,0x30,
0x2D,0x2B,0x29,0x00,0x39,0x32,0x00,0x0F,0x30,0x2A,0x33,0xE2,0xFF,0x1A,0x36,0x29,
0x37,0x2D,0x33,0x32,0x25,0x00,0x0B,0x00,0x34,0x25,0x36,0x25,0x00,0x36,0x29,0x31,
0x33,0x3A,0x29,0x36,0xE2,0xFF,0x23,0x25,0x00,0x30,0x33,0x00,0x2C,0x25,0x37,0x00,
0x39,0x37,0x25,0x28,0x33,0xE2,0xFF,0x0F,0x30,0x00,0x0F,0x30,0x2A,0x33,0x00,0x32,
0x33,0x00,0x2C,0x25,0x00,0x27,0x36,0x29,0x27,0x2D,0x28,0x33,0xE2,0xFF,0x23,0x25,
0x00,0x2C,0x25,0x00,0x37,0x2D,0x28,0x33,0x00,0x28,0x29,0x37,0x27,0x25,0x36,0x2B,
0x25,0x28,0x33,0xE2,0xFF,0x0F,0x30,0x2D,0x2B,0x29,0x00,0x3D,0x00,0x34,0x36,0x29,
0x37,0x2D,0x33,0x32,0x25,0x00,0x29,0x30,0x00,0x26,0x33,0x38,0xF0,0x13,0x32,0x00,
0x0B,0xE2,0xFF,0x0D,0x36,0xE2,0xE3,0xFF,0x0B,0x00,0x0F,0x32,0x38,0x36,0x29,0x2B,
0x25,0x36,0x00,0xF0,0x03,0x00,0x1C,0x29,0x35,0x39,0x29,0x36,0x2D,0x28,0x33,0xFF,
0x23,0x25,0x00,0x27,0x36,0x29,0x27,0x2D,0xF0,0x13,0x00,0x27,0x33,0x31,0x34,0x30,
0x29,0x38,0x25,0x31,0x29,0x32,0x38,0x29,0xE2,0xFF,0x23,0x25,0x00,0x30,0x33,0x00,
0x2C,0x25,0x37,0x00,0x39,0x37,0x25,0x28,0x33,0xE2,0xFF,0x18,0x33,0x00,0x32,0x29,
0x27,0x29,0x37,0x2D,0x38,0x25,0x00,0x27,0x36,0x29,0x27,0x29,0x36,0xE2,0xFF,0x0F,
0x30,0x2D,0x2B,0x29,0x00,0x39,0x32,0x00,0x0D,0x2D,0x26,0x29,0x36,0xF0,0x01,0x0F,
0x30,0x2A,0x33,0xE2,0xFF,0xF0,0x1F,0x11,0x39,0x25,0x36,0x28,0x25,0x36,0x00,0x30,
0x33,0x37,0x00,0x28,0x25,0x38,0x33,0x37,0x00,0x25,0x27,0x38,0x39,0x25,0x30,0x29,
0x37,0xF0,0x08,0xFC,0x00,0x00,0x1D,0xF0,0x17,0xFC,0x00,0x00,0x18,0x19,0xFF,0xF0,
0x1F,0x0F,0x32,0x00,0x35,0x39,0xF0,0x11,0x00,0x25,0x36,0x27,0x2C,0x2D,0x3A,0x33,
0xF0,0x08,0xFF,0x16,0x33,0x37,0x00,0x28,0x25,0x38,0x33,0x37,0x00,0x2C,0x25,0x32,
0x00,0x37,0x2D,0x28,0x33,0xFC,0x2B,0x39,0x25,0x36,0x28,0x25,0x28,0x33,0x37,0xE2,
0xFF,0xF0,0x1F,0x1D,0x33,0x26,0x36,0x29,0x37,0x27,0x36,0x2D,0x26,0x2D,0x36,0xF0,
0x08,0xFC,0x00,0x00,0x1D,0xF0,0x17,0xFC,0x00,0x00,0x18,0x19,0xFF,0x16,0x33,0x37,
0x00,0x28,0x25,0x38,0x33,0x37,0x00,0x2C,0x25,0x32,0x00,0x37,0x2D,0x28,0x33,0xFC,
0x37,0x33,0x26,0x36,0x29,0x37,0x27,0x36,0x2D,0x38,0x33,0x37,0xE2,0xFF,0xF2,0x18,
0x19,0x1C,0x17,0x0B,0x16,0x00,0x10,0xE2,0xF1,0xFC,0x10,0x33,0x36,0x31,0x25,0xFC,
0x26,0x25,0x37,0x2D,0x27,0x25,0xFC,0x2D,0x32,0x2D,0x27,0x2D,0x25,0x30,0xE2,0xFC,
0x1A,0x19,0x21,0x0F,0x1C,0x00,0xF2,0xF0,0xEA,0xF0,0xEA,0xF1,0xFC,0x0E,0x0F,0x10,
0x0F,0x18,0x0E,0xF2,0xF0,0xEA,0xF0,0xEA,0xF1,0xFC,0x1D,0x1A,0x0F,0x0F,0x0E,0x00,
0xF2,0xF0,0xEA,0xF0,0xEA,0xF1,0xFF,0xF2,0x0F,0x18,0x0F,0x1C,0x11,0x23,0x00,0x10,
0xE2,0xF1,0xFC,0x17,0x39,0x27,0x2C,0x25,0x37,0xFC,0x29,0x32,0x29,0x36,0x2B,0xF0,
0x12,0x25,0x37,0xFC,0x28,0x29,0x00,0x3A,0x2D,0x28,0x25,0xE2,0xFC,0x1A,0x19,0x21,
0x0F,0x1C,0x00,0xF2,0xF0,0xEA,0xF0,0xEA,0xF0,0xEA,0xF1,0xFC,0x0E,0x0F,0x10,0x0F,
0x18,0x0E,0xF2,0xF0,0xEA,0xF0,0xEA,0xF1,0xFC,0x1D,0x1A,0x0F,0x0F,0x0E,0x00,0xF2,
0xF0,0xEA,0xF1,0xFF,0xF2,0x22,0x00,0x10,0xE2,0xF1,0xFC,0x19,0x26,0x38,0xF0,0x11,
0x32,0x00,0x29,0x30,0xFC,0x0C,0x39,0x37,0x38,0x29,0x36,0xFC,0x1D,0x2C,0x33,0x38,
0xE2,0xFC,0x1A,0x19,0x21,0x0F,0x1C,0x00,0xF2,0xF0,0xEA,0xF0,0xEA,0xF0,0xEA,0xF1,
0xFC,0x0E,0x0F,0x10,0x0F,0x18,0x0E,0xF2,0xF0,0xEA,0xF0,0xEA,0xF1,0xFC,0x1D,0x1A,
0x0F,0x0F,0x0E,0x00,0xF2,0xF0,0xEA,0xF0,0xEA,0xF0,0xEA,0xF1,0xFF,0xF2,0x0E,0x0F,
0x10,0x0F,0x18,0x1D,0x0F,0x00,0x10,0xE2,0xF1,0xFC,0x11,0x25,0x32,0x25,0xFC,0x34,
0x33,0x28,0x29,0x36,0x00,0x28,0x29,0xFC,0x28,0x29,0x2A,0x29,0x32,0x37,0x25,0xE2,
0xFC,0x1A,0x19,0x21,0x0F,0x1C,0x00,0xF2,0xF0,0xEA,0xF1,0xFC,0x0E,0x0F,0x10,0x0F,
0x18,0x0E,0xF2,0xF0,0xEA,0xF0,0xEA,0xF0,0xEA,0xF0,0xEA,0xF1,0xFC,0x1D,0x1A,0x0F,
0x0F,0x0E,0x00,0xF2,0xF0,0xEA,0xF0,0xEA,0xF1,0xFF,0xF2,0x0F,0x1C,0x0B,0x1D,0x0F,
0x00,0x10,0xE2,0xF1,0xFC,0x0C,0x33,0x36,0x36,0x25,0xFC,0x26,0x25,0x30,0x25,0x37,
0xFC,0x29,0x32,0x29,0x31,0x2D,0x2B,0x25,0x37,0xE2,0xFC,0x1A,0x19,0x21,0x0F,0x1C,
0x00,0xF2,0xF0,0xEA,0xF0,0xEA,0xF1,0xFC,0x0E,0x0F,0x10,0x0F,0x18,0x0E,0xF2,0xF0,
0xEA,0xF0,0xEA,0xF0,0xEA,0xF1,0xFC,0x1D,0x1A,0x0F,0x0F,0x0E,0x00,0xF2,0xF0,0xEA,
0xF0,0xEA,0xF1,0xFF,0xF2,0x0B,0x0D,0x1E,0x13,0x20,0x0F,0x00,0x10,0xE2,0xF1,0xFC,
0x1C,0x33,0x30,0x30,0x2D,0x32,0x2B,0xFC,0x37,0x30,0x25,0x37,0x2C,0x29,0x37,0xFC,
0x37,0x25,0x30,0x38,0x25,0x32,0x28,0x33,0xE2,0xFC,0x1A,0x19,0x21,0x0F,0x1C,0x00,
0xF2,0xF0,0xEA,0xF0,0xEA,0xF1,0xFC,0x0E,0x0F,0x10,0x0F,0x18,0x0E,0xF2,0xF0,0xEA,
0xF0,0xEA,0xF1,0xFC,0x1D,0x1A,0x0F,0x0F,0x0E,0x00,0xF2,0xF0,0xEA,0xF0,0xEA,0xF0,
0xEA,0xF0,0xEA,0xF1,0xFF,0xF2,0x1A,0x19,0x21,0x0F,0x1C,0x00,0x10,0xE2,0xF1,0xFC,
0x1F,0x37,0x25,0x00,0x29,0x30,0xFC,0x37,0x30,0x25,0x37,0x2C,0x00,0x27,0x33,0x32,
0xFC,0x29,0x30,0x00,0x37,0x25,0x26,0x29,0x36,0xE2,0xFC,0x1A,0x19,0x21,0x0F,0x1C,
0x00,0xF2,0xF0,0xEA,0xF0,0xEA,0xF0,0xEA,0xF0,0xEA,0xF1,0xFC,0x0E,0x0F,0x10,0x0F,
0x18,0x0E,0xF2,0xF0,0xEA,0xF0,0xEA,0xF1,0xFC,0x1D,0x1A,0x0F,0x0F,0x0E,0x00,0xF2,
0xF0,0xEA,0xF1,0xFF,0xF2,0x1C,0x13,0x1D,0x0F,0x00,0x10,0xE2,0xF1,0xFC,0x04,0x36,
0x28,0x00,0x37,0x30,0x25,0x37,0x2C,0xFC,0x25,0x37,0x27,0x29,0x32,0x28,0x29,0x32,
0xF0,0x01,0xFC,0x38,0x29,0xE2,0xFC,0x1A,0x19,0x21,0x0F,0x1C,0x00,0xF2,0xF0,0xEA,
0xF0,0xEA,0xF1,0xFC,0x0E,0x0F,0x10,0x0F,0x18,0x0E,0xF2,0xF0,0xEA,0xF0,0xEA,0xF1,
0xFC,0x1D,0x1A,0x0F,0x0F,0x0E,0x00,0xF2,0xF0,0xEA,0xF0,0xEA,0xF0,0xEA,0xF1,0xFF,
0xF2,0x1A,0x1C,0x19,0x1E,0x19,0x00,0x10,0xE2,0xF1,0xFC,0x18,0x2D,0x3A,0x29,0x30,
0x00,0x28,0x29,0xFC,0x25,0x38,0x25,0x35,0x39,0x29,0xFC,0x31,0x25,0x3D,0x33,0x36,
0xE2,0xFC,0x1A,0x19,0x21,0x0F,0x1C,0x00,0xF2,0xF0,0xEA,0xF0,0xEA,0xF0,0xEA,0xF0,
0xEA,0xF1,0xFC,0x0E,0x0F,0x10,0x0F,0x18,0x0E,0xF2,0xF0,0xEA,0xF1,0xFC,0x1D,0x1A,
0x0F,0x0F,0x0E,0x00,0xF2,0xF0,0xEA,0xF0,0xEA,0xF1,0xFF,0xF2,0x1F,0x16,0x1E,0x13,
0x17,0x00,0x10,0xE2,0xF1,0xFC,0x0D,0x31,0x28,0xE2,0x00,0x29,0x30,0xFC,0x25,0x38,
0x25,0x35,0x39,0x29,0xFC,0x27,0x25,0x36,0x2B,0x25,0x28,0x33,0xE2,0xFC,0x1A,0x19,
0x21,0x0F,0x1C,0x00,0xF2,0xF0,0xEA,0xF0,0xEA,0xF0,0xEA,0xF1,0xFC,0x0E,0x0F,0x10,
0x0F,0x18,0x0E,0xF2,0xF0,0xEA,0xF0,0xEA,0xF0,0xEA,0xF1,0xFC,0x1D,0x1A,0x0F,0x0F,
0x0E,0x00,0xF2,0xF0,0xEA,0xF0,0xEA,0xF0,0xEA,0xF1,0xFF,0x18,0x1F,0x0F,0x20,0x0B,
0x00,0x0C,0x0B,0x1D,0x0F,0x00,0x0E,0x0F,0xFC,0x16,0x0B,0x00,0x1C,0x0F,0x1D,0x13,
0x1D,0x1E,0x0F,0x18,0x0D,0x13,0x0B,0xFF,0x1D,0x0B,0x16,0x0B,0x00,0x0E,0x0F,0xFC,
0x17,0x0B,0x18,0x1E,0x0F,0x18,0x13,0x17,0x13,0x0F,0x18,0x1E,0x19,0xFF,0xF2,0x16,
0x0B,0x1D,0x0F,0x1C,0x00,0x1D,0xE2,0xF1,0xFC,0xEC,0x0C,0x1F,0x1D,0x1E,0x0F,0x1C,
0xED,0xFC,0x0B,0x38,0x25,0x27,0x25,0xFC,0x27,0x33,0x32,0x00,0x29,0x30,0xFC,0x37,
0x2C,0x25,0x36,0x34,0xFC,0x0C,0x39,0x37,0x38,0x29,0x36,0xFC,0x1D,0x2C,0x33,0x38,
0xE2,0xFF,0xF2,0x1E,0x1C,0x13,0x1A,0x16,0x0F,0x00,0x1D,0xE2,0xF1,0xFC,0xEC,0x0C,
0x1F,0x1D,0x1E,0x0F,0x1C,0xED,0xFC,0x0F,0x35,0x39,0x2D,0x34,0x25,0xFC,0x13,0x27,
0x29,0x00,0x0D,0x2C,0x2D,0x34,0xE2,0xFC,0x1D,0x29,0x00,0x37,0x29,0x34,0x25,0x36,
0x25,0xFC,0x29,0x32,0x00,0x04,0xFC,0x26,0x25,0x30,0x25,0x37,0xE2,0xFF,0xF2,0x1D,
0x1A,0x0B,0x1C,0x15,0x00,0x1D,0xE2,0xF1,0xFC,0xEC,0x0C,0x1F,0x1D,0x1E,0x0F,0x1C,
0xED,0xFC,0x0F,0x35,0x39,0x2D,0x34,0x25,0xFC,0x1E,0x2C,0x39,0x32,0x28,0x29,0x36,
0xFC,0x0D,0x2C,0x2D,0x34,0x00,0x34,0x25,0x36,0x25,0xFC,0x39,0x37,0x25,0x36,0x00,
0x29,0x37,0x38,0x25,0xFC,0x25,0x36,0x31,0x25,0xE2,0xFF,0xF2,0x1E,0x0F,0x18,0x1D,
0x12,0x19,0x1F,0x24,0x0B,0x18,0xF1,0xFC,0xEC,0x1D,0x0B,0x0C,0x0F,0x1C,0xED,0xFC,
0x1A,0x39,0x30,0x37,0x25,0xFC,0xEF,0x0D,0x33,0x32,0x38,0x36,0x33,0x30,0xFC,0x1A,
0x25,0x28,0x00,0x0B,0x36,0x36,0x2D,0x26,0x25,0xFC,0x3D,0x00,0x0C,0x33,0x38,0x33,
0x32,0xFC,0x0B,0x38,0x25,0x27,0x25,0x36,0xE2,0xFF,0xF2,0x1D,0x0F,0x18,0x11,0x0B,
0x1E,0x19,0x1E,0x1D,0x1F,0xF1,0xFC,0xEC,0x1D,0x0B,0x0C,0x0F,0x1C,0xED,0xFC,0x1F,
0x37,0x25,0xFC,0x0C,0x33,0x38,0x33,0x32,0xFC,0x0B,0x38,0x25,0x27,0x25,0x36,0xFC,
0x25,0x30,0x00,0x2C,0x25,0x27,0x29,0x36,0xFC,0x28,0x25,0x37,0x2C,0xE2,0xFF,0xF2,
0x0F,0xE2,0x0D,0x12,0x0B,0x13,0x18,0xF1,0xFC,0xEC,0x0D,0x12,0x0B,0x13,0x18,0xED,
0xFC,0x0D,0x30,0x25,0x3A,0x25,0xFC,0x29,0x32,0x29,0x31,0x2D,0x2B,0x33,0xFC,0x3D,
0x00,0x31,0x25,0x32,0x38,0xF0,0x11,0x32,0xFC,0x0C,0x33,0x38,0x33,0x32,0xFC,0x0B,
0x38,0x25,0x27,0x25,0x36,0xE2,0xFF,0xF2,0x1D,0x12,0x0B,0x1C,0x1A,0x00,0x0F,0x0E,
0x11,0x0F,0xF1,0xFC,0xEC,0x1D,0x0B,0x0C,0x0F,0x1C,0xED,0xFC,0x1A,0x39,0x30,0x37,
0x25,0xFC,0xEF,0x0D,0x33,0x32,0x38,0x36,0x33,0x30,0xFC,0x1A,0x25,0x28,0x00,0x0B,
0x26,0x25,0x2E,0x33,0xFC,0x3D,0x00,0x27,0x30,0x25,0x3A,0x25,0xFC,0x29,0x32,0x29,
0x31,0x2D,0x2B,0x33,0xE2,0xFF,0xF2,0x0C,0x16,0x0B,0x1D,0x1E,0x00,0x1D,0xE2,0xF1,
0xFC,0xEC,0x0C,0x1F,0x1D,0x1E,0x0F,0x1C,0xED,0xFC,0xFC,0x0F,0x35,0x39,0x2D,0x34,
0x25,0xFC,0x10,0x30,0x25,0x31,0x29,0xFC,0x0D,0x2C,0x2D,0x34,0xFC,0x34,0x25,0x36,
0x25,0x00,0x39,0x37,0x25,0x36,0xE2,0xFF,0xF2,0x15,0x19,0x1F,0x11,0x0F,0x18,0x14,
0x13,0x18,0xF1,0xFC,0xEC,0x1D,0x0B,0x0C,0x0F,0x1C,0xED,0xFC,0x1A,0x39,0x30,0x37,
0x25,0xFC,0xEF,0x0D,0x33,0x32,0x38,0x36,0x33,0x30,0xFC,0x1A,0x25,0x28,0x00,0x0B,
0x26,0x25,0x2E,0x33,0xFC,0x3D,0x00,0x0C,0x33,0x38,0x33,0x32,0xFC,0x0B,0x38,0x25,
0x27,0x25,0x36,0xE2,0xFF,0xF2,0x10,0xE2,0x1D,0x12,0x13,0x0F,0x16,0x0E,0xF1,0xFC,
0xEC,0x1D,0x12,0x13,0x0F,0x16,0x0E,0xED,0xFC,0x0F,0x37,0x35,0x39,0x2D,0x3A,0x25,
0xFC,0x39,0x32,0x25,0xFC,0x26,0x25,0x30,0x25,0x00,0x3D,0xFC,0x37,0x29,0x36,0xF0,
0x10,0x00,0x39,0x32,0xFC,0x27,0x36,0x3D,0x37,0x38,0x25,0x30,0xE2,0xFF,0x1A,0x25,
0x36,0x25,0x00,0x2E,0x39,0x2B,0x25,0x36,0x00,0x29,0x32,0x00,0x12,0x0B,0x1C,0x0E,
0x00,0x31,0x33,0x28,0x29,0xE4,0xFC,0x2B,0x39,0x25,0x36,0x28,0x25,0x00,0x30,0x33,
0x37,0x00,0x28,0x25,0x38,0x33,0x37,0xE4,0x00,0x30,0x39,0x29,0x2B,0x33,0xFC,0x31,
0x25,0x32,0x38,0xF0,0x11,0x32,0x00,0x34,0x36,0x29,0x37,0x2D,0x33,0x32,0x25,0x28,
0x33,0x00,0x29,0x30,0x00,0x0C,0x33,0x38,0xF0,0x13,0x32,0xFC,0x16,0x00,0x25,0x30,
0x00,0x29,0x30,0x29,0x2B,0x2D,0x36,0x00,0xF0,0xED,0x18,0x0F,0x21,0x00,0x11,0x0B,
0x17,0x0F,0xF0,0xED,0xE2,0xFF,0x0E,0x29,0x37,0x34,0x39,0xF0,0x11,0x37,0x00,0x28,
0x29,0x00,0x2B,0x39,0x25,0x36,0x28,0x25,0x36,0x00,0x30,0x33,0x37,0x00,0x28,0x25,
0x38,0x33,0x37,0xFC,0x28,0x29,0x00,0x2E,0x39,0x29,0x2B,0x33,0x00,0x27,0x33,0x31,
0x34,0x30,0x29,0x38,0x25,0x28,0x33,0x00,0x29,0x32,0x00,0x31,0x33,0x28,0x33,0xFC,
0x0E,0x13,0x10,0xF0,0x17,0x0D,0x13,0x16,0xE4,0x00,0x31,0x25,0x32,0x38,0xF0,0x11,
0x32,0x00,0x34,0x36,0x29,0x37,0x2D,0x33,0x32,0x25,0x28,0x33,0x37,0xFC,0x1D,0x29,
0x30,0x29,0x27,0x38,0x00,0x3D,0x00,0x16,0xE4,0x00,0x3D,0x00,0x37,0x29,0x30,0x29,
0x27,0x27,0x2D,0x33,0x32,0x25,0xFC,0xF0,0xED,0x18,0x0F,0x21,0x00,0x11,0x0B,0x17,
0x0F,0xF0,0xED,0x00,0x34,0x25,0x36,0x25,0x00,0x34,0x33,0x28,0x29,0x36,0xFC,0x25,
0x27,0x27,0x29,0x28,0x29,0x36,0x00,0x25,0x00,0x30,0x25,0x00,0x11,0x25,0x30,0x29,
0x36,0xF0,0x12,0x25,0xE2,0x00,0x0B,0x30,0xFC,0x37,0x25,0x30,0x2D,0x36,0x00,0x28,
0x29,0x00,0x30,0x25,0x00,0x11,0x25,0x30,0x29,0x36,0xF0,0x12,0x25,0xE4,0xFC,0x34,
0x36,0x29,0x37,0x2D,0x33,0x32,0x25,0x00,0x1D,0x38,0x25,0x36,0x38,0xE2,0xFF,0xF7,
0x00,0x1A,0x1C,0x0F,0x1D,0x1D,0x00,0x1D,0x1E,0x0B,0x1C,0x1E,0xFF,0xF7,0x00,0x18,
0x0F,0x21,0x00,0x11,0x0B,0x17,0x0F,0xFF,0xF7,0x01,0x18,0x0F,0x21,0x00,0x11,0x0B,
0x17,0x0F,0xFF,0xF7,0x00,0x0D,0x19,0x18,0x1E,0x13,0x18,0x1F,0x0F,0xFF,0xF7,0x01,
0x0D,0x19,0x18,0x1E,0x13,0x18,0x1F,0x0F,0xFF,0xF7,0x00,0x11,0x0B,0x17,0x0F,0x00,
0x16,0x13,0x18,0x15,0xFF,0xF7,0x01,0x11,0x0B,0x17,0x0F,0x00,0x16,0x13,0x18,0x15,
0xFF,0xF7,0x05,0x1A,0x16,0x0F,0x0B,0x1D,0x0F,0x00,0x21,0x0B,0x13,0x1E,0xE2,0xE2,
0xE2,0xFF,0xF7,0x00,0x0C,0x00,0x0C,0x1F,0x1E,0x1E,0x19,0x18,0xE3,0x0D,0x0B,0x18,
0x0D,0x0F,0x16,0xFF,0xF7,0x02,0x1D,0x0F,0x16,0x0F,0x0D,0x1E,0x00,0x0B,0x00,0x17,
0x19,0x0E,0x0F,0xE2,0xFF,0x00,0xF7,0x00,0x1E,0x13,0x17,0x0F,0x00,0x0B,0x1E,0x1E,
0x0B,0x0D,0x15,0xFF,0x00,0xF7,0x01,0x1E,0x13,0x17,0x0F,0x00,0x0B,0x1E,0x1E,0x0B,
0x0D,0x15,0xFF,0xF7,0x00,0x0F,0x18,0x0F,0x17,0x23,0x00,0x0C,0x0B,0x1E,0x1E,0x16,
0x0F,0xFF,0xF7,0x01,0x0F,0x18,0x0F,0x17,0x23,0x00,0x0C,0x0B,0x1E,0x1E,0x16,0x0F,
0xFF,0x00,0xF7,0x00,0x00,0x11,0x0F,0x1E,0x00,0x13,0x1E,0x0F,0x17,0x1D,0xFF,0x00,
0xF7,0x01,0x00,0x11,0x0F,0x1E,0x00,0x13,0x1E,0x0F,0x17,0x1D,0xFF,0x00,0xF7,0x05,
0x1A,0x02,0x00,0x0E,0x0F,0x0D,0x13,0x0E,0x13,0x18,0x11,0xE2,0xE2,0xE2,0xFF,0xF1,
0x00,0xF7,0x02,0x1D,0x0F,0x16,0x0F,0x0D,0x1E,0x00,0x0E,0x0B,0x1E,0x0B,0xE2,0xE2,
0xE2,0xFF,0xF7,0x04,0x16,0x13,0x18,0x15,0x00,0x1E,0x0F,0x1C,0x17,0x13,0x18,0x0B,
0x1E,0x0F,0x0E,0xFF,0xF7,0x00,0x00,0x00,0x00,0x0D,0x19,0x18,0x1E,0x13,0x18,0x1F,
0x0B,0x1C,0xFF,0xF7,0x01,0x00,0x00,0x00,0x0D,0x19,0x18,0x1E,0x13,0x18,0x1F,0x0B,
0x1C,0xFF,0x00,0xF7,0x00,0x0D,0x0B,0x1C,0x11,0x0B,0x1C,0xF1,0x00,0x00,0xF7,0x00,
0x1A,0x0B,0x1C,0x1E,0x13,0x0E,0x0B,0xFF,0x00,0xF7,0x01,0x0D,0x0B,0x1C,0x11,0x0B,
0x1C,0xF1,0x00,0x00,0xF7,0x01,0x1A,0x0B,0x1C,0x1E,0x13,0x0E,0x0B,0xFF,0x00,0xF7,
0x00,0x1D,0x0B,0x16,0x13,0x1C,0xF1,0x00,0xF7,0x00,0x0E,0x0F,0x16,0xF1,0x00,0xF7,
0x00,0x14,0x1F,0x0F,0x11,0x19,0xFF,0x00,0xF7,0x01,0x1D,0x0B,0x16,0x13,0x1C,0xF1,
0x00,0xF7,0x01,0x0E,0x0F,0x16,0xF1,0x00,0xF7,0x01,0x14,0x1F,0x0F,0x11,0x19,0xFF,
0xF7,0x04,0x18,0x0F,0x0F,0x0E,0x00,0x1D,0x0B,0x20,0x0F,0x00,0x0E,0x0B,0x1E,0x0B,
0xFF,0x00,0x00,0x00,0x00,0x00,0x00,0x1D,0x1E,0x0B,0x10,0x10,0xFC,0xFC,0xFC,0xFC,
0xFC,0xFC,0x0E,0x13,0x1C,0x0F,0x0D,0x1E,0x19,0x1C,0xFC,0x00,0x00,0x00,0x1C,0x23,
0x19,0x1E,0x0B,0x00,0x13,0x1E,0x19,0xFC,0x00,0x00,0x00,0x23,0x19,0x1D,0x12,0x13,
0x18,0x19,0x1C,0x13,0x00,0x15,0x0B,0x21,0x0B,0x18,0x19,0xFC,0xFC,0xFC,0x11,0x0B,
0x17,0x0F,0x00,0x0E,0x0F,0x1D,0x13,0x11,0x18,0x0F,0x1C,0xFC,0x00,0x00,0x00,0x23,
0x19,0x1D,0x12,0x13,0x12,0x13,0x1D,0x0B,0x00,0x1E,0x1D,0x1F,0x0E,0x0B,0xFC,0xFC,
0xFC,0x0D,0x12,0x0B,0x1C,0x0B,0x0D,0x1E,0x0F,0x1C,0x00,0x0E,0x0F,0x1D,0x13,0x11,
0x18,0x0F,0x1C,0xFC,0x00,0x00,0x00,0x1E,0x19,0x1C,0x1F,0x00,0x18,0x0B,0x15,0x0B,
0x23,0x0B,0x17,0x0B,0xFC,0xFC,0xFC,0x0D,0x12,0x0B,0x1C,0x0B,0x0D,0x1E,0x0F,0x1C,
0x00,0x1D,0x1E,0x0B,0x10,0x10,0xFC,0x00,0x00,0x00,0x17,0x0B,0x1D,0x0B,0x23,0x0B,
0x00,0x1D,0x1F,0x24,0x1F,0x15,0x13,0xFC,0xFC,0x00,0x00,0x00,0x12,0x13,0x1C,0x19,
0x15,0x0B,0x1E,0x1D,0x1F,0x00,0x17,0x0B,0x0F,0x0E,0x0B,0xFC,0x00,0x00,0x00,0x0B,
0x15,0x13,0x12,0x13,0x1C,0x19,0x00,0x18,0x19,0x1E,0x1D,0x1F,0xFC,0x00,0x00,0x00,
0x1C,0x13,0x0F,0x00,0x19,0x19,0x18,0x13,0x1D,0x12,0x13,0xFC,0xFC,0x00,0x00,0x00,
0x1D,0x1E,0x1F,0x0E,0x13,0x19,0x00,0x0B,0xF0,0x01,0x0D,0x0B,0x1E,0xFC,0x00,0x00,
0x00,0x00,0x00,0x1E,0x0B,0x15,0x0B,0x12,0x13,0x15,0x19,0x00,0x15,0x13,0x17,0x1F,
0x1C,0x0B,0xFC,0x00,0x00,0x00,0x00,0x00,0x17,0x0B,0x1D,0x0B,0x17,0x13,0x00,0x1D,
0x1F,0x0F,0x19,0x15,0x0B,0xFC,0x00,0x00,0x00,0x00,0x00,0x17,0x0B,0x1D,0x0B,0x15,
0x19,0x00,0x1E,0x0B,0x18,0x0B,0x15,0x0B,0xFC,0x00,0x00,0x00,0x00,0x00,0x1E,0x19,
0x1D,0x12,0x13,0x17,0x13,0x00,0x10,0x1F,0x15,0x1F,0x1D,0x12,0x13,0x17,0x0B,0xFC,
0x00,0x00,0x00,0x00,0x00,0x15,0x0B,0x24,0x1F,0x18,0x19,0x1C,0x13,0x00,0x23,0x0B,
0x12,0x0B,0x1E,0x0B,0xFC,0xFC,0xFC,0x0C,0x0B,0x0D,0x15,0x11,0x1C,0x19,0x1F,0x18,
0x0E,0x00,0x0E,0x0F,0x1D,0x13,0x11,0x18,0x0F,0x1C,0xFC,0x00,0x00,0x00,0x18,0x19,
0x0C,0x19,0x1C,0x1F,0x00,0x12,0x19,0x18,0x0E,0x0B,0xFC,0xFC,0x00,0x00,0x00,0x12,
0x13,0x0E,0x0F,0x1E,0x0B,0x15,0x0B,0x00,0x15,0x0B,0x1E,0x1D,0x1F,0x15,0x13,0xFC,
0x00,0x00,0x00,0x23,0x1F,0x15,0x13,0x17,0x0B,0x1D,0x0B,0x00,0x1E,0x0B,0x17,0x1F,
0x1C,0x0B,0xFC,0x00,0x00,0x00,0x17,0x0B,0x15,0x19,0x1E,0x19,0x00,0x23,0x0B,0x0C,
0x0F,0xFC,0x00,0x00,0x00,0x1D,0x0B,0x1E,0x19,0x1C,0x1F,0x00,0x18,0x0B,0x1C,0x13,
0x1E,0x0B,0xFC,0xFC,0xFC,0x1A,0x1C,0x19,0x11,0x1C,0x0B,0x17,0x17,0x0F,0x1C,0xFC,
0x00,0x00,0x00,0x1E,0x0B,0x15,0x0B,0x23,0x1F,0x15,0x13,0x00,0x13,0x18,0x19,0x1F,
0x0F,0xFC,0xFC,0x00,0x00,0x00,0x15,0x0B,0x24,0x1F,0x1E,0x0B,0x15,0x0B,0x00,0x23,
0x0B,0x18,0x0B,0x11,0x13,0x1D,0x0B,0x21,0x0B,0xFC,0x00,0x00,0x00,0x0B,0x15,0x13,
0x12,0x13,0x1C,0x19,0x00,0x1D,0x12,0x13,0x1D,0x12,0x13,0x0E,0x19,0xFC,0x00,0x00,
0x00,0x1E,0x19,0x17,0x19,0x23,0x1F,0x15,0x13,0x00,0x15,0x0B,0x14,0x13,0x12,0x0B,
0x1C,0x0B,0xFC,0xFC,0xFC,0x1D,0x19,0x1F,0x18,0x0E,0x00,0x1A,0x1C,0x19,0x0E,0x1F,
0x0D,0x1E,0x13,0x19,0x18,0xFC,0x1D,0x19,0x1F,0x18,0x0E,0x00,0x0E,0x0F,0x1D,0x13,
0x11,0x18,0x0F,0x1C,0xFC,0x00,0x00,0x00,0x13,0x1A,0x1A,0x19,0x00,0x23,0x0B,0x17,
0x0B,0x0E,0x0B,0xFC,0xFC,0xFC,0x17,0x1F,0x1D,0x13,0x0D,0xFC,0x00,0x00,0x00,0x17,
0x0B,0x1D,0x0B,0x15,0x13,0x00,0x1D,0x1F,0x24,0x1F,0x15,0x13,0xFC,0x00,0x00,0x00,
0x16,0x1F,0x18,0x0B,0x00,0x1F,0x17,0x0F,0x11,0x0B,0x15,0x13,0xFC,0x00,0x00,0x00,
0x0D,0x12,0x13,0x0D,0x15,0x0F,0x18,0x00,0x17,0x19,0x0C,0xFC,0x00,0x00,0x00,0x1E,
0x1D,0x1F,0x1E,0x19,0x17,0x1F,0x00,0x15,0x1F,0x1C,0x13,0x12,0x0B,0x1C,0x0B,0xFC,
0xFC,0xFC,0x20,0x19,0x13,0x0D,0x0F,0x00,0x0D,0x0B,0x1D,0x1E,0xFC,0x00,0x00,0x00,
0x23,0x1F,0x1E,0x19,0x00,0x15,0x0B,0x24,0x0B,0x17,0x0B,0xFC,0x00,0x00,0x00,0x1C,
0x13,0x0F,0x00,0x1E,0x0B,0x18,0x0B,0x15,0x0B,0xFC,0x00,0x00,0x00,0x17,0x0F,0x11,
0x1F,0x17,0x13,0x00,0x19,0x11,0x0B,0x1E,0x0B,0xFC,0x00,0x00,0x00,0x15,0x0B,0x24,
0x1F,0x23,0x0B,0x00,0x18,0x0B,0x15,0x0B,0x13,0xFC,0x00,0x00,0x00,0x23,0x1F,0x15,
0x0B,0x00,0x13,0x17,0x0B,0x13,0xFC,0x00,0x00,0x00,0x1E,0x1D,0x1F,0x1E,0x19,0x17,
0x1F,0x00,0x15,0x0B,0x1D,0x12,0x13,0x21,0x0B,0x15,0x1F,0x1C,0x0B,0xFC,0xFC,0xFC,
0x1A,0x0B,0x0D,0x15,0x0B,0x11,0x0F,0x00,0x0E,0x0F,0x1D,0x13,0x11,0x18,0x0F,0x1C,
0xFC,0x00,0x00,0x00,0x0B,0x15,0x0F,0x17,0x13,0x00,0x13,0x21,0x0B,0x1D,0x0B,0x15,
0x13,0xFC,0xFC,0xFC,0x1E,0x0F,0x1D,0x1E,0x00,0x1A,0x16,0x0B,0x23,0x0F,0x1C,0x1D,
0xFC,0x00,0x00,0x00,0x0B,0x15,0x13,0x18,0x19,0x1C,0x13,0x00,0x17,0x1F,0x1C,0x0B,
0x1E,0x0B,0xFC,0x00,0x00,0x00,0x1E,0x0B,0x15,0x0B,0x1D,0x12,0x13,0x00,0x12,0x0B,
0x1D,0x12,0x13,0x17,0x19,0x1E,0x19,0xFC,0x00,0x00,0x00,0x18,0x0B,0x19,0x15,0x13,
0x00,0x15,0x0B,0x17,0x1F,0x1C,0x0B,0xFC,0xFC,0xFC,0x1D,0x1A,0x0F,0x0D,0x13,0x0B,
0x16,0x00,0x1E,0x12,0x0B,0x18,0x15,0x1D,0xFC,0x00,0x00,0x00,0x17,0x0B,0x1D,0x0B,
0x12,0x13,0x1C,0x19,0x00,0x17,0x13,0x24,0x1F,0x15,0x19,0x1D,0x12,0x13,0xFC,0x00,
0x00,0x00,0x15,0x1F,0x18,0x13,0x12,0x13,0x1E,0x19,0x00,0x1E,0x0B,0x15,0x0B,0x1D,
0x12,0x13,0x17,0x0B,0xFC,0x00,0x00,0x00,0x1D,0x0B,0x1E,0x19,0x1D,0x12,0x13,0x00,
0x1F,0x15,0x0B,0x13,0xFC,0x00,0x00,0x00,0x1E,0x0B,0x15,0x0B,0x23,0x1F,0x15,0x13,
0x00,0x1D,0x0B,0x18,0x19,0xFC,0x00,0x00,0x00,0x18,0x0B,0x19,0x1E,0x19,0x00,0x1D,
0x0B,0x1E,0x19,0xFC,0x00,0x00,0x00,0x1D,0x12,0x13,0x11,0x0F,0x23,0x19,0x1D,0x12,
0x13,0x00,0x15,0x19,0x0C,0x0B,0x23,0x0B,0x1D,0x12,0x13,0xFC,0x00,0x00,0x00,0x0B,
0x1D,0x1F,0x15,0x0B,0x00,0x12,0x0B,0x23,0x0B,0x1D,0x12,0x13,0xFC,0x00,0x00,0x00,
0x1E,0x0B,0x15,0x0F,0x1D,0x12,0x13,0x00,0x12,0x19,0x1C,0x13,0x18,0x19,0x1F,0x0D,
0x12,0x13,0xFC,0xFC,0x00,0x00,0x00,0x0B,0x19,0x18,0x13,0x00,0x1A,0x1C,0x19,0x0E,
0x1F,0x0D,0x1E,0x13,0x19,0x18,0xFC,0x00,0x00,0x00,0x00,0x00,0x15,0x0B,0x24,0x1F,
0x1D,0x12,0x13,0x00,0x15,0x13,0x1D,0x0F,0x18,0xFC,0x00,0x00,0x00,0x12,0x19,0x16,
0x23,0x00,0x1A,0x0F,0x0B,0x15,0xFC,0x00,0x00,0x00,0x0B,0x15,0x1D,0x0F,0x18,0x1E,
0xFC,0x00,0x00,0x00,0x0E,0x1C,0x0B,0x17,0x0B,0x1E,0x13,0x0D,0x00,0x0E,0x0F,0x1A,
0x0B,0x1C,0x1E,0x17,0x0F,0x18,0x1E,0xFC,0x00,0x00,0x00,0x1D,0x1E,0x1F,0x0E,0x13,
0x19,0x00,0x09,0x09,0x03,0xFC,0x00,0x00,0x00,0x0D,0x1C,0x23,0x1D,0x1E,0x0B,0xFC,
0x00,0x00,0x00,0x1C,0x13,0x20,0x0F,0x1C,0x1D,0x13,0x0E,0x0F,0x00,0x17,0x1F,0x1D,
0x13,0x0D,0xFC,0x00,0x00,0x00,0x00,0x00,0x1E,0x0B,0x15,0x0F,0x12,0x13,0x1C,0x19,
0x00,0x15,0x0B,0x21,0x0B,0x0C,0x0F,0xFC,0x00,0x00,0x00,0x00,0x00,0x0B,0x15,0x13,
0x00,0x1E,0x0B,0x1E,0x1D,0x1F,0x18,0x19,0xFC,0xFC,0x00,0x00,0x00,0x0D,0x0B,0x1A,
0x0D,0x19,0x17,0x00,0x0B,0x16,0x16,0x00,0x1D,0x1E,0x0B,0x10,0x10,0xFC,0xFC,0xFC,
0x1A,0x1C,0x19,0x0E,0x1F,0x0D,0x0F,0x1C,0xFC,0x00,0x00,0x00,0x1E,0x0B,0x15,0x1F,
0x23,0x0B,0x00,0x0B,0x13,0x24,0x1F,0xFC,0x00,0x00,0x00,0x15,0x0F,0x13,0x14,0x13,
0x00,0x13,0x18,0x0B,0x10,0x1F,0x18,0x0F,0xFC,0xFC,0xFC,0xFC,0x1A,0x1C,0x19,0x0E,
0x1F,0x0D,0x0F,0x0E,0x00,0x0B,0x18,0x0E,0x00,0x0D,0x19,0x1A,0x23,0x1C,0x13,0x11,
0x12,0x1E,0xFC,0x00,0x00,0x00,0x00,0x00,0x00,0x00,0x00,0x0C,0x23,0xFC,0x00,0x00,
0x00,0x00,0x00,0x00,0x0D,0x0B,0x1A,0x0D,0x19,0x17,0xFC,0xFC,0xFC,0xFC,0xFC,0xFC,
0xFC,0x1E,0x2C,0x25,0x32,0x2F,0x00,0x3D,0x33,0x39,0x00,0x2A,0x33,0x36,0x00,0x34,
0x30,0x25,0x3D,0x2D,0x32,0x2B,0xE5,0xFF,0x16,0x00,0x0C,0x39,0x38,0x38,0x33,0x32,
0x00,0xF2,0x0C,0x0F,0x11,0x13,0x18,0x18,0x13,0x18,0x11,0xF1,0x00,0x1C,0x00,0x0C,
0x39,0x38,0x38,0x33,0x32,0xFF,0x16,0x00,0x0C,0x39,0x38,0x38,0x33,0x32,0x00,0xF2,
0x1E,0x21,0x13,0x16,0x13,0x11,0x12,0x1E,0xF1,0x00,0x00,0x1C,0x00,0x0C,0x39,0x38,
0x38,0x33,0x32,0xFF,0x16,0x00,0x0C,0x39,0x38,0x38,0x33,0x32,0x00,0x00,0xF2,0x0B,
0x1A,0x1A,0x0F,0x0B,0x1C,0xF1,0x00,0x00,0x00,0x1C,0x00,0x0C,0x39,0x38,0x38,0x33,
0x32,0xFF,0x16,0x00,0x0C,0x39,0x38,0x38,0x33,0x32,0x00,0x00,0xF2,0x12,0x0B,0x1C,
0x1A,0x1F,0x13,0x0B,0xF1,0x00,0x00,0x1C,0x00,0x0C,0x39,0x38,0x38,0x33,0x32,0xFF,
0x16,0x00,0x0C,0x39,0x38,0x38,0x33,0x32,0x00,0x00,0xF2,0x0F,0x16,0x1A,0x13,0x24,
0x19,0xF1,0x00,0x00,0x00,0x1C,0x00,0x0C,0x39,0x38,0x38,0x33,0x32,0xFF,0x16,0x00,
0x0C,0x39,0x38,0x38,0x33,0x32,0x00,0x00,0x00,0xF2,0x0C,0x0B,0x1D,0x0F,0xF1,0x00,
0x00,0x00,0x00,0x1C,0x00,0x0C,0x39,0x38,0x38,0x33,0x32,0xFF,0x16,0x00,0x0C,0x39,
0x38,0x38,0x33,0x32,0x00,0x00,0x00,0xF2,0x0D,0x13,0x0F,0x16,0xF1,0x00,0x00,0x00,
0x00,0x1C,0x00,0x0C,0x39,0x38,0x38,0x33,0x32,0xFF,0x16,0x00,0x0C,0x39,0x38,0x38,
0x33,0x32,0x00,0x00,0x00,0xF2,0x1C,0x0F,0x0B,0x0E,0x23,0xF1,0x00,0x00,0x00,0x1C,
0x00,0x0C,0x39,0x38,0x38,0x33,0x32,0xFF,0x16,0x00,0x0C,0x39,0x38,0x38,0x33,0x32,
0x00,0x00,0xF2,0x12,0x0B,0x1E,0x1C,0x0F,0x0E,0xF1,0x00,0x00,0x00,0x1C,0x00,0x0C,
0x39,0x38,0x38,0x33,0x32,0xFF,0x16,0x00,0x0C,0x39,0x38,0x38,0x33,0x32,0x00,0x00,
0x00,0xF2,0x21,0x0B,0x1E,0x0D,0x12,0xF1,0x00,0x00,0x00,0x1C,0x00,0x0C,0x39,0x38,
0x38,0x33,0x32,0xFF,0x16,0x00,0x0C,0x39,0x38,0x38,0x33,0x32,0x00,0xF2,0x0E,0x0B,
0x1C,0x15,0x00,0x0F,0x16,0x10,0xF1,0x00,0x00,0x1C,0x00,0x0C,0x39,0x38,0x38,0x33,
0x32,0xFF,0x16,0x00,0x0C,0x39,0x38,0x38,0x33,0x32,0x00,0xF2,0x10,0x0B,0x1C,0x0F,
0x21,0x0F,0x16,0x16,0xF1,0x00,0x00,0x1C,0x00,0x0C,0x39,0x38,0x38,0x33,0x32,0xFF,
0x16,0x00,0x0C,0x39,0x38,0x38,0x33,0x32,0x00,0xF2,0x1D,0x1E,0x1C,0x0F,0x18,0x11,
0x1E,0x12,0xF1,0x00,0x00,0x1C,0x00,0x0C,0x39,0x38,0x38,0x33,0x32,0xFF,0x16,0x00,
0x0C,0x39,0x38,0x38,0x33,0x32,0x00,0x00,0xF2,0x17,0x0B,0x0E,0x18,0x0F,0x1D,0x1D,
0xF1,0x00,0x00,0x1C,0x00,0x0C,0x39,0x38,0x38,0x33,0x32,0xFF,0x16,0x00,0x0C,0x39,
0x38,0x38,0x33,0x32,0x00,0xF2,0x10,0x1F,0x1D,0x13,0x19,0x18,0x00,0x02,0xF1,0x00,
0x00,0x1C,0x00,0x0C,0x39,0x38,0x38,0x33,0x32,0xFF,0x16,0x00,0x0C,0x39,0x38,0x38,
0x33,0x32,0x00,0xF2,0x10,0x1F,0x1D,0x13,0x19,0x18,0x00,0x03,0xF1,0x00,0x00,0x1C,
0x00,0x0C,0x39,0x38,0x38,0x33,0x32,0xFF,0x16,0x00,0x0C,0x39,0x38,0x38,0x33,0x32,
0x00,0xF2,0x10,0x1F,0x1D,0x13,0x19,0x18,0x00,0x04,0xF1,0x00,0x00,0x1C,0x00,0x0C,
0x39,0x38,0x38,0x33,0x32,0xFF,0x16,0x00,0x0C,0x39,0x38,0x38,0x33,0x32,0x00,0xF2,
0x1C,0xE2,0x0F,0x16,0x1A,0x13,0x24,0x19,0xF1,0x00,0x00,0x1C,0x00,0x0C,0x39,0x38,
0x38,0x33,0x32,0xFF,0x16,0x00,0x0C,0x39,0x38,0x38,0x33,0x32,0x00,0xF2,0x0E,0x0F,
0x10,0x0F,0x0B,0x1E,0x0F,0x0E,0xF1,0x00,0x00,0x1C,0x00,0x0C,0x39,0x39,0x38,0x33,
0x32,0xFF,0x16,0x00,0x0C,0x39,0x38,0x38,0x33,0x32,0x00,0x00,0xF2,0x1D,0x0B,0x0E,
0x18,0x0F,0x1D,0x1D,0xF1,0x00,0x00,0x1C,0x00,0x0C,0x39,0x38,0x38,0x33,0x32,0xFF,
0x16,0x00,0x0C,0x39,0x38,0x38,0x33,0x32,0x00,0x00,0x00,0x00,0xF2,0x1D,0x15,0x23,
0xF1,0x00,0x00,0x00,0x00,0x1C,0x00,0x0C,0x39,0x38,0x38,0x33,0x32,0xFF,0x16,0x00,
0x0C,0x39,0x38,0x38,0x33,0x32,0x00,0xF2,0x0E,0x0B,0x1C,0x15,0x18,0x0F,0x1D,0x1D,
0xF1,0x00,0x00,0x1C,0x00,0x0C,0x39,0x38,0x38,0x33,0x32,0xFF,0x1D,0x25,0x30,0x2D,
0x36,0x00,0x28,0x29,0x30,0x00,0x2E,0x39,0x29,0x2B,0x33,0x00,0x3D,0x00,0x3A,0x33,
0x30,0x3A,0x29,0x36,0xFC,0x25,0x00,0x30,0x25,0x00,0x34,0x25,0x32,0x38,0x25,0x30,
0x30,0x25,0x00,0x28,0x29,0x00,0x38,0xF0,0x12,0x38,0x39,0x30,0x33,0xE2,0xFC,0x0F,
0x30,0x00,0x34,0x36,0x33,0x2B,0x36,0x29,0x37,0x33,0x00,0x37,0x29,0x00,0x34,0x29,
0x36,0x28,0x29,0x36,0xF0,0x10,0xE2,0xFF,0x1D,0x25,0x30,0x2D,0x36,0x00,0x25,0x00,
0x30,0x25,0x00,0x34,0x25,0x32,0x38,0x25,0x30,0x30,0x25,0xFC,0x34,0x36,0x2D,0x32,
0x27,0x2D,0x34,0x25,0x30,0xE2,0x00,0x0F,0x30,0x00,0x34,0x36,0x33,0x2B,0x36,0x29,
0x37,0x33,0xFC,0x32,0x33,0x00,0x2B,0x39,0x25,0x36,0x28,0x25,0x28,0x33,0x00,0x37,
0x29,0x00,0x34,0x29,0x36,0x28,0x29,0x36,0xF0,0x10,0xE2,0xFF,
};
alignas(16) inline constexpr uint16_t mmz2_msg00_script_offsets[] = {
0x0000,0x0055,0x0079,0x00BA,0x0140,0x0176,0x024D,0x02F2,
0x031F,0x034D,0x0411,0x043C,0x0479,0x047C,0x047C,0x047C,
0x04B1,0x04D2,0x0505,0x056F,0x0573,0x0716,0x0734,0x0869,
0x0887,0x09DD,0x09F9,0x0ADB,0x0AFA,0x0BEE,0x0C11,0x0D41,
0x0D64,0x0E9C,0x0EBC,0x0FD1,0x0FF3,0x1048,0x1067,0x10BB,
0x10DB,0x1169,0x118A,0x11C4,0x11DE,0x11DE,0x11DE,0x11DE,
0x11DE,0x11DE,0x11DE,0x1220,0x1250,0x126D,0x127D,0x1296,
0x12BD,0x12D1,0x12FE,0x12FE,0x131A,0x135D,0x1376,0x1376,
0x1376,0x1376,0x1376,0x1376,0x1376,0x1376,0x1376,0x1390,
0x13B6,0x13DC,0x1403,0x1424,0x1440,0x1467,0x148D,0x14B0,
0x14D6,0x14F9,0x151F,0x1548,0x156D,0x1591,0x15B6,0x15B6,
0x15B6,0x15B6,0x15B6,0x15B6,0x15B6,0x15B6,0x15B6,0x15B6,
0x15B6,0x15B6,0x15B6,0x15B6,0x15B6,0x15EE,0x161E,0x164E,
0x17A3,0x17D3,0x17E6,0x1807,0x181F,0x183D,0x1853,0x1871,
0x188F,0x18AC,0x18C9,0x1902,0x1902,0x1902,0x1902,0x1902,
0x1902,0x19F6,0x1AC4,0x1B69,0x1C46,0x1D2A,0x1DEF,0x1EA7,
0x1FB3,0x201A,0x2075,0x20B8,
};
constexpr int mmz2_msg00_num_entries = 132;
alignas(16) inline constexpr uint8_t mmz2_msg00_script_data[] = {
0xF3,0x04,0x16,0x33,0x00,0x37,0x2D,0x29,0x32,0x38,0x33,0xE2,0x00,0x10,0x39,0x2D,
0xFC,0x28,0x29,0x31,0x25,0x37,0x2D,0x25,0x28,0x33,0x00,0x28,0x39,0x36,0x33,0xE2,
0xE2,0xE2,0xFD,0x0E,0x29,0x00,0x38,0x33,0x28,0x33,0x37,0x00,0x31,0x33,0x28,0x33,
0x37,0xE4,0xFC,0x25,0x34,0x36,0x29,0x27,0x2D,0x25,0x31,0x33,0x37,0x00,0x31,0x39,
0x27,0x2C,0x33,0xFC,0x38,0x39,0x00,0x27,0x33,0x33,0x34,0x29,0x36,0x25,0x27,0x2D,
0xF0,0x13,0x32,0xE2,0xFF,0xF3,0x04,0x0F,0x31,0xE2,0xE2,0xE2,0x00,0xF0,0x1F,0x17,
0x29,0x00,0x25,0x3D,0x39,0x28,0x25,0x36,0xF0,0x10,0x37,0xF0,0x08,0xFC,0x00,0x00,
0x1D,0xF0,0x17,0xFC,0x00,0x00,0x18,0x19,0xFF,0xF3,0x04,0x11,0x36,0x25,0x27,0x2D,
0x25,0x37,0xE2,0x00,0x0B,0x2C,0x33,0x36,0x25,0xE4,0xFC,0x29,0x37,0x38,0x25,0x37,
0x00,0x37,0x33,0x32,0x00,0x30,0x25,0x37,0xFC,0x31,0x2D,0x37,0x2D,0x33,0x32,0x29,
0x37,0x00,0x35,0x39,0x29,0xFD,0x35,0x39,0x2D,0x37,0x2D,0x29,0x36,0x25,0x00,0x34,
0x29,0x28,0x2D,0x36,0x38,0x29,0xE2,0xE2,0xE2,0xFF,0xF3,0x04,0xFB,0x17,0x2D,0x36,
0x25,0x00,0x29,0x30,0x00,0x31,0x33,0x32,0x2D,0x38,0x33,0x36,0xE2,0xFC,0xF0,0x1F,
0x1A,0x39,0x29,0x28,0x29,0x37,0x00,0x3A,0x29,0x36,0x30,0x33,0x37,0xF0,0x08,0xFC,
0x1B,0x39,0x2D,0x3E,0xF0,0x10,0x37,0x00,0x32,0x33,0x00,0x37,0x29,0x25,0x32,0xFD,
0x39,0x32,0x00,0x2B,0x36,0x25,0x32,0x00,0x28,0x29,0x37,0x25,0x2A,0xF0,0x12,0x33,
0xFC,0x34,0x25,0x36,0x25,0x00,0x39,0x32,0x00,0x2C,0xF0,0x11,0x36,0x33,0x29,0xFC,
0x30,0x29,0x2B,0x29,0x32,0x28,0x25,0x36,0x2D,0x33,0xE4,0xFD,0x34,0x29,0x36,0x33,
0x00,0x25,0x34,0x36,0x29,0x27,0x2D,0x25,0x36,0xF0,0x12,0x25,0x31,0x33,0x37,0xFC,
0x31,0x39,0x27,0x2C,0x33,0x00,0x38,0x39,0x00,0x25,0x3D,0x39,0x28,0x25,0xE2,0xFF,
0xF3,0x06,0xFB,0x0B,0x34,0x39,0x29,0x37,0x38,0x33,0x00,0x25,0x00,0x35,0x39,0x29,
0xFC,0x0F,0x30,0x34,0x2D,0x3E,0x33,0x00,0x29,0x37,0x38,0xF0,0x10,0x00,0x29,0x32,
0xFC,0x39,0x32,0x25,0x00,0x28,0x29,0x00,0x29,0x37,0x38,0x25,0x37,0x00,0xF0,0x10,
0x36,0x29,0x25,0x37,0xE2,0xFF,0xF3,0x04,0x14,0x25,0x00,0x2E,0x25,0x00,0x2E,0x25,
0xE2,0x00,0x18,0x33,0x00,0x38,0x29,0xFC,0x34,0x36,0x29,0x33,0x27,0x39,0x34,0x29,
0x37,0xE2,0x00,0x12,0x25,0x37,0x00,0x37,0x2D,0x28,0x33,0xFC,0x28,0x29,0x00,0x2B,
0x36,0x25,0x32,0x00,0x25,0x3D,0x39,0x28,0x25,0xE4,0xFD,0x3D,0x00,0x32,0x33,0x00,
0x34,0x33,0x28,0x29,0x31,0x33,0x37,0xFC,0x35,0x39,0x29,0x2E,0x25,0x36,0x32,0x33,
0x37,0xE4,0x00,0x2D,0x32,0x27,0x30,0x39,0x37,0x33,0xFC,0x37,0x2D,0x00,0x25,0x2C,
0x33,0x36,0x25,0x00,0x38,0x29,0x00,0x32,0x2D,0x29,0x2B,0x25,0x37,0xFD,0x25,0x00,
0x25,0x3D,0x39,0x28,0x25,0x36,0x32,0x33,0x37,0xE2,0xFC,0x0E,0x29,0x2E,0x25,0x00,
0x38,0x33,0x28,0x33,0x00,0x29,0x32,0x00,0x31,0x2D,0x37,0xFC,0x31,0x25,0x32,0x33,
0x37,0xE4,0x00,0x28,0x29,0x26,0x29,0x36,0xF0,0x12,0x25,0x37,0xFD,0x28,0x29,0x37,
0x27,0x25,0x32,0x37,0x25,0x36,0x00,0x39,0x32,0x00,0x34,0x33,0x27,0x33,0xE2,0xFC,
0x0E,0x29,0x37,0x38,0x36,0x39,0x2D,0x36,0x29,0x31,0x33,0x37,0x00,0x18,0x29,0x33,
0xFC,0x0B,0x36,0x27,0x25,0x28,0x2D,0x25,0x00,0x34,0x33,0x36,0xFD,0x32,0x39,0x29,
0x37,0x38,0x36,0x25,0x00,0x27,0x39,0x29,0x32,0x38,0x25,0xE2,0xFF,0xF3,0x04,0xF0,
0x1F,0x12,0x31,0x31,0xF0,0x08,0x00,0xF0,0x1F,0x1B,0x39,0xF0,0x11,0x00,0x34,0x25,
0x37,0x25,0xFC,0x25,0x2C,0x33,0x36,0x25,0xF0,0x08,0xFD,0x18,0x39,0x29,0x37,0x38,
0x36,0x25,0x37,0x00,0x33,0x34,0x29,0x36,0x25,0x27,0x2D,0x33,0x32,0x29,0x37,0xFC,
0x3A,0x25,0x32,0x00,0x26,0x2D,0x29,0x32,0x00,0x3D,0x00,0x38,0x33,0x28,0x33,0x00,
0x29,0x37,0x38,0xF0,0x10,0xFC,0x29,0x32,0x00,0x31,0x25,0x36,0x27,0x2C,0x25,0xE2,
0xFD,0x18,0x33,0x00,0x32,0x29,0x27,0x29,0x37,0x2D,0x38,0x25,0x37,0xFC,0x34,0x36,
0x29,0x33,0x27,0x39,0x34,0x25,0x36,0x38,0x29,0xE2,0xE2,0xE2,0xFD,0xF0,0x1F,0x19,
0x00,0x3D,0x25,0x00,0x38,0x29,0x00,0x29,0x37,0x38,0xF0,0x10,0x37,0xFC,0x25,0x26,
0x39,0x36,0x36,0x2D,0x29,0x32,0x28,0x33,0x00,0x28,0x29,0x00,0x29,0x37,0x38,0x25,
0xFC,0x3A,0x2D,0x28,0x25,0x00,0x38,0x36,0x25,0x32,0x35,0x39,0x2D,0x30,0x25,0xF0,
0x08,0xFF,0xF3,0x02,0xF0,0x1F,0x0D,0x33,0x32,0x00,0x35,0x39,0x2D,0xF0,0x11,0x32,
0x00,0x2C,0x25,0x26,0x30,0x25,0x36,0xF0,0x08,0xFC,0x00,0x00,0x0F,0x16,0x1A,0x13,
0x24,0x19,0xFC,0x00,0x00,0x19,0x1A,0x0F,0x1C,0x0B,0x0E,0x19,0x1C,0x0B,0xFF,0xF3,
0x04,0xF0,0x1F,0x1B,0x39,0xF0,0x11,0x00,0x33,0x27,0x39,0x36,0x36,0x29,0xF0,0x08,
0xFC,0x00,0x00,0x0D,0x19,0x17,0x0F,0x18,0x24,0x0B,0x1C,0x00,0x17,0x13,0x1D,0x13,
0xF0,0x18,0x18,0xFC,0x00,0x00,0x12,0x0B,0x0C,0x16,0x0B,0x1C,0xFF,0xF3,0x04,0x11,
0x36,0x25,0x27,0x2D,0x25,0x37,0x00,0x25,0x00,0x38,0x2D,0xE4,0x00,0x2C,0x29,0x31,
0x33,0x37,0xFC,0x27,0x33,0x31,0x34,0x30,0x29,0x38,0x25,0x28,0x33,0x00,0x32,0x39,
0x29,0x37,0x38,0x36,0x33,0x37,0xFC,0x34,0x36,0x29,0x34,0x25,0x36,0x25,0x38,0x2D,
0x3A,0x33,0x37,0x00,0x34,0x25,0x36,0x25,0xFD,0x32,0x39,0x29,0x37,0x38,0x36,0x33,
0x00,0x25,0x38,0x25,0x35,0x39,0x29,0xFC,0x25,0x00,0x2B,0x36,0x25,0x32,0x00,0x29,
0x37,0x27,0x25,0x30,0x25,0xE2,0xFC,0x0B,0x2C,0x33,0x36,0x25,0x00,0x28,0xF0,0x11,
0x2E,0x25,0x32,0x33,0x37,0xFD,0x29,0x30,0x00,0x36,0x29,0x37,0x38,0x33,0x00,0x25,
0x00,0x32,0x33,0x37,0x33,0x38,0x36,0x33,0x37,0xE2,0xFC,0x1A,0x39,0x29,0x28,0x29,
0x37,0x00,0x2B,0x39,0x25,0x36,0x28,0x25,0x36,0x00,0x38,0x39,0x37,0xFC,0x28,0x25,
0x38,0x33,0x37,0x00,0x25,0x27,0x38,0x39,0x25,0x30,0x29,0x37,0x00,0x3D,0xFD,0x28,
0x29,0x37,0x27,0x25,0x32,0x37,0x25,0x36,0x00,0x39,0x32,0x00,0x34,0x33,0x27,0x33,
0xE2,0xFC,0x1E,0x29,0x00,0x30,0x33,0x00,0x31,0x29,0x36,0x29,0x27,0x29,0x37,0xE2,
0xFF,0xF3,0x02,0xF0,0x1F,0x0D,0x33,0x32,0x00,0x35,0x39,0x2D,0xF0,0x11,0x32,0x00,
0x2C,0x25,0x26,0x30,0x25,0x36,0xF0,0x08,0xFC,0x00,0x00,0x0D,0x13,0x0F,0x16,0xFC,
0x00,0x00,0x19,0x1A,0x0F,0x1C,0x0B,0x0E,0x19,0x1C,0x0B,0xFF,0xF3,0x06,0xF0,0x1F,
0x0D,0xF0,0x13,0x31,0x33,0x00,0x34,0x39,0x29,0x28,0x33,0x00,0x25,0x3D,0x39,0x28,
0x25,0x36,0xF0,0x08,0xFC,0x00,0x00,0x0D,0x19,0x17,0x0F,0x18,0x24,0x0B,0x1C,0x00,
0x17,0x13,0x1D,0x13,0xF0,0x18,0x18,0xFC,0x00,0x00,0x1A,0x1C,0x19,0x0D,0x0F,0x1D,
0x0B,0x1C,0x00,0x0E,0x0B,0x1E,0x19,0x1D,0xFF,0xF3,0x06,0xFF,0xF3,0x04,0xF0,0x1F,
0x1A,0x33,0x36,0x00,0x35,0x39,0xF0,0x11,0x00,0x32,0x33,0xFC,0x36,0x29,0x3A,0x2D,
0x37,0x25,0x31,0x33,0x37,0x00,0x39,0x32,0x25,0xFC,0x31,0x2D,0x37,0x2D,0xF0,0x13,
0x32,0x00,0x28,0x2D,0x2A,0x29,0x36,0x29,0x32,0x38,0x29,0xE2,0xE2,0xE2,0xF0,0x08,
0xFF,0xF3,0x06,0xF0,0x1F,0x0F,0x32,0x00,0x27,0x39,0xF0,0x10,0x30,0x00,0x29,0x37,
0x38,0xF0,0x10,0x37,0xFC,0x2D,0x32,0x38,0x29,0x36,0x29,0x37,0x25,0x28,0x33,0xF0,
0x08,0xFF,0xF3,0x04,0x0D,0x36,0x29,0x33,0x00,0x35,0x39,0x29,0x00,0x34,0x33,0x28,
0x36,0xF0,0x12,0x25,0x37,0xFC,0x29,0x37,0x38,0x25,0x36,0x00,0x30,0x2D,0x37,0x38,
0x33,0x00,0x34,0x25,0x36,0x25,0xFC,0x29,0x37,0x38,0x25,0x00,0x31,0x2D,0x37,0x2D,
0xF0,0x13,0x32,0xE2,0xFF,0xF3,0x06,0x24,0x29,0x36,0x33,0xE4,0x00,0x29,0x37,0x38,
0x29,0x00,0x29,0x37,0x00,0x29,0x30,0xFC,0xF0,0x14,0x32,0x2D,0x27,0x33,0x00,0x30,
0x39,0x2B,0x25,0x36,0x00,0x35,0x39,0x29,0x00,0x32,0x33,0xFC,0x2C,0x25,0x37,0x00,
0x36,0x29,0x3A,0x2D,0x37,0x25,0x28,0x33,0xE2,0xE2,0xE2,0xFD,0x1D,0x2D,0x00,0x35,
0x39,0x2D,0x29,0x36,0x29,0x37,0x00,0x2D,0x36,0x00,0x25,0x30,0x30,0xF0,0x12,0xE4,
0xFC,0x2C,0x25,0x26,0x30,0x25,0x00,0x27,0x33,0x32,0x31,0x2D,0x2B,0x33,0xE4,0xFC,
0xF0,0x1F,0x28,0x29,0x00,0x25,0x27,0x39,0x29,0x36,0x28,0x33,0xF0,0x08,0xFF,0xF3,
0x02,0xFB,0xFF,0xF3,0x04,0xFB,0x0F,0x32,0x00,0x29,0x37,0x38,0x25,0x00,0x31,0x2D,
0x37,0x2D,0xF0,0x13,0x32,0xFC,0x35,0x39,0x2D,0x29,0x36,0x33,0x00,0x35,0x39,0x29,
0x00,0x36,0x29,0x37,0x27,0x25,0x38,0x29,0x37,0xFC,0x25,0x00,0x32,0x39,0x29,0x37,
0x38,0x36,0x33,0x37,0xFD,0x27,0x33,0x31,0x34,0x25,0xF0,0x1C,0x29,0x36,0x33,0x37,
0xE2,0xFD,0x12,0x25,0x3D,0x00,0x39,0x32,0x25,0x37,0x00,0x36,0x39,0x2D,0x32,0x25,
0x37,0xFC,0x27,0x33,0x32,0x33,0x27,0x2D,0x28,0x25,0x37,0x00,0x27,0x33,0x31,0x33,
0xFC,0x0E,0x3D,0x37,0x2D,0x37,0xE4,0x00,0x29,0x32,0x00,0x30,0x33,0xFD,0x34,0x36,
0x33,0x2A,0x39,0x32,0x28,0x33,0x00,0x28,0x29,0x30,0x00,0x26,0x33,0x37,0x35,0x39,
0x29,0xE2,0xFD,0x16,0x33,0x37,0x00,0x29,0x3C,0x34,0x30,0x33,0x36,0x25,0x28,0x33,
0x36,0x29,0x37,0xFC,0x35,0x39,0x29,0x00,0x2A,0x39,0x29,0x36,0x33,0x32,0x00,0x25,
0x30,0x30,0xF0,0x12,0x00,0x25,0xFC,0x2D,0x32,0x3A,0x29,0x37,0x38,0x2D,0x2B,0x25,
0x36,0x00,0x32,0x33,0x00,0x2C,0x25,0x32,0xFD,0x36,0x29,0x2B,0x36,0x29,0x37,0x25,
0x28,0x33,0x00,0x25,0xF0,0x14,0x32,0xE2,0xFC,0x1B,0x39,0x2D,0x37,0x2D,0x29,0x36,
0x25,0x00,0x29,0x32,0x3A,0x2D,0x25,0x36,0x00,0x25,0xFC,0x25,0x30,0x2B,0x39,0x2D,
0x29,0x32,0x00,0x25,0xFD,0x36,0x29,0x37,0x27,0x25,0x38,0x25,0x36,0x30,0x33,0x37,
0xE4,0x00,0x34,0x29,0x36,0x33,0xFC,0x27,0x33,0x32,0x37,0x2D,0x28,0x29,0x36,0x25,
0x32,0x28,0x33,0x00,0x32,0x39,0x29,0x37,0x38,0x36,0x33,0xFC,0x29,0x37,0x38,0x25,
0x28,0x33,0x00,0x25,0x27,0x38,0x39,0x25,0x30,0x00,0x28,0x29,0xFD,0x34,0x36,0x29,
0x34,0x25,0x36,0x25,0x27,0x2D,0xF0,0x13,0x32,0x00,0x34,0x25,0x36,0x25,0xFC,0x30,
0x25,0x37,0x00,0x34,0x36,0xF0,0x13,0x3C,0x2D,0x31,0x25,0x37,0xFC,0x33,0x34,0x29,
0x36,0x25,0x27,0x2D,0x33,0x32,0x29,0x37,0xE4,0xFD,0x32,0x33,0x00,0x38,0x29,0x32,
0x29,0x31,0x33,0x37,0x00,0x32,0x2D,0x32,0x2B,0xF0,0x14,0x32,0xFC,0x37,0x33,0x30,
0x28,0x25,0x28,0x33,0x00,0x28,0x2D,0x37,0x34,0x33,0x32,0x2D,0x26,0x30,0x29,0xE2,
0xFD,0x16,0x25,0x31,0x29,0x32,0x38,0x33,0x00,0x31,0x33,0x30,0x29,0x37,0x38,0x25,
0x36,0x38,0x29,0xE4,0xFC,0x34,0x29,0x36,0x33,0x00,0xF0,0x1F,0x34,0x33,0x28,0x36,
0xF0,0x12,0x25,0x37,0x00,0x2D,0x36,0x00,0x25,0xFC,0x26,0x39,0x37,0x27,0x25,0x36,
0x30,0x33,0x37,0xF0,0x08,0xFF,0xF3,0x04,0xFB,0xF0,0x1F,0x1C,0x29,0x37,0x27,0x25,
0x38,0x25,0x36,0x30,0x33,0x37,0xF0,0x08,0xFC,0x00,0x00,0x1D,0xF0,0x17,0xFC,0x00,
0x00,0x18,0x19,0xFF,0xF3,0x04,0xFB,0x0F,0x37,0x38,0x25,0x00,0x31,0x2D,0x37,0x2D,
0xF0,0x13,0x32,0x00,0x38,0x36,0x25,0x38,0x25,0xFC,0x28,0x29,0x00,0x37,0x25,0x26,
0x33,0x38,0x25,0x2E,0x29,0xE2,0xFD,0x0F,0x32,0x00,0x30,0x25,0x00,0x0B,0x32,0x38,
0xF0,0x10,0x36,0x38,0x2D,0x28,0x25,0x00,0x37,0x29,0xFC,0x29,0x32,0x27,0x39,0x29,
0x32,0x38,0x36,0x25,0x00,0x39,0x32,0x33,0x00,0x28,0x29,0x00,0x30,0x33,0x37,0xFC,
0x33,0x36,0x28,0x29,0x32,0x25,0x28,0x33,0x36,0x29,0x37,0x00,0x35,0x39,0x29,0xFD,
0x27,0x33,0x32,0x38,0x36,0x33,0x30,0x25,0x00,0x29,0x30,0x00,0x37,0x2D,0x37,0x38,
0x29,0x31,0x25,0xFC,0x28,0x29,0x00,0x28,0x29,0x2A,0x29,0x32,0x37,0x25,0x00,0x28,
0x29,0xFC,0x18,0x29,0x33,0x00,0x0B,0x36,0x27,0x25,0x28,0x2D,0x25,0xE2,0xFD,0x0D,
0x39,0x25,0x32,0x28,0x33,0x00,0x28,0x29,0x37,0x38,0x36,0x39,0x3D,0x25,0x37,0x00,
0x25,0x30,0xFC,0x2E,0x29,0x2A,0x29,0x00,0x2B,0x39,0x25,0x36,0x28,0x2D,0xF0,0x10,
0x32,0x00,0x3D,0x00,0x30,0x25,0xFC,0x37,0x25,0x30,0x25,0x00,0x28,0x29,0x00,0x37,
0x29,0x36,0x3A,0x2D,0x28,0x33,0x36,0x29,0x37,0xE4,0xFD,0x30,0x25,0x00,0x28,0x29,
0x2A,0x29,0x32,0x37,0x25,0x00,0x28,0x29,0x00,0x30,0x25,0xFC,0x2A,0x33,0x36,0x38,
0x25,0x30,0x29,0x3E,0x25,0x00,0x29,0x32,0x29,0x31,0x2D,0x2B,0x25,0xFC,0x37,0x29,
0x00,0x28,0x29,0x26,0x2D,0x30,0x2D,0x38,0x25,0x36,0xF0,0x10,0x00,0x30,0x33,0xFD,
0x37,0x39,0x2A,0x2D,0x27,0x2D,0x29,0x32,0x38,0x29,0x00,0x34,0x25,0x36,0x25,0xFC,
0x30,0x30,0x29,0x3A,0x25,0x36,0x00,0x25,0x00,0x27,0x25,0x26,0x33,0x00,0x30,0x25,
0xFD,0x19,0x34,0x29,0x36,0x25,0x27,0x2D,0xF0,0x13,0x32,0x00,0x11,0x33,0x30,0x34,
0x29,0xFC,0x14,0x39,0x37,0x38,0x33,0xE2,0xFF,0xF3,0x04,0xFB,0xF0,0x1F,0x12,0x25,
0x36,0xF0,0x10,0x37,0x00,0x29,0x37,0x38,0x33,0xF0,0x08,0xFC,0x00,0x00,0x1D,0xF0,
0x17,0xFC,0x00,0x00,0x18,0x19,0xFF,0xF3,0x04,0xFB,0x18,0x33,0x00,0x2C,0x25,0x3D,
0x00,0x2A,0x33,0x36,0x31,0x25,0x00,0x28,0x29,0xFC,0x29,0x3C,0x38,0x29,0x36,0x31,
0x2D,0x32,0x25,0x36,0x00,0x25,0xFC,0x38,0x33,0x28,0x25,0x00,0x18,0x29,0x33,0x00,
0x0B,0x36,0x27,0x25,0x28,0x2D,0x25,0xE2,0xFD,0x16,0x33,0x37,0x00,0x36,0x39,0x31,
0x33,0x36,0x29,0x37,0x00,0x28,0x2D,0x27,0x29,0x32,0xFC,0x35,0x39,0x29,0x00,0x2C,
0x25,0x3D,0x00,0x39,0x32,0x25,0x00,0x2A,0xF0,0x10,0x26,0x36,0x2D,0x27,0x25,0xFC,
0x28,0x29,0x00,0x25,0x36,0x31,0x25,0x37,0x00,0x29,0x32,0x00,0x39,0x32,0x25,0xFD,
0x27,0x2D,0x39,0x28,0x25,0x28,0x00,0x37,0x2D,0x38,0x39,0x25,0x28,0x25,0x00,0x25,
0xFC,0x39,0x32,0x33,0x37,0x00,0x02,0x01,0x01,0x00,0x2F,0x31,0x00,0x25,0x30,0xFC,
0x32,0x33,0x36,0x38,0x29,0x00,0x28,0x29,0x00,0x32,0x39,0x29,0x37,0x38,0x36,0x25,
0xFD,0x0C,0x25,0x37,0x29,0x00,0x28,0x29,0x00,0x30,0x25,0xFC,0x1C,0x29,0x37,0x2D,
0x37,0x38,0x29,0x32,0x27,0x2D,0x25,0xE2,0xE2,0xE2,0xFD,0x12,0x29,0x31,0x33,0x37,
0x00,0x29,0x32,0x27,0x33,0x32,0x38,0x36,0x25,0x28,0x33,0xFC,0x39,0x32,0x00,0x36,
0x29,0x25,0x27,0x38,0x33,0x36,0x00,0x35,0x39,0x29,0xFC,0x37,0x39,0x31,0x2D,0x32,
0x2D,0x37,0x38,0x36,0x25,0xFD,0x29,0x30,0x29,0x27,0x38,0x36,0x2D,0x27,0x2D,0x28,
0x25,0x28,0x00,0x25,0x00,0x30,0x25,0xFC,0x2A,0xF0,0x10,0x26,0x36,0x2D,0x27,0x25,
0x00,0x27,0x29,0x36,0x27,0x25,0xFC,0x28,0x29,0x00,0x25,0x30,0x30,0xF0,0x12,0xE2,
0xFD,0x1D,0x2D,0x00,0x28,0x29,0x37,0x38,0x36,0x39,0x2D,0x31,0x33,0x37,0x00,0x29,
0x30,0xFC,0x36,0x29,0x25,0x27,0x38,0x33,0x36,0xE4,0x00,0x34,0x33,0x28,0x36,0x29,
0x31,0x33,0x37,0xFC,0x36,0x29,0x28,0x39,0x27,0x2D,0x36,0x00,0x29,0x30,0x00,0x32,
0xF0,0x14,0x31,0x29,0x36,0x33,0xFD,0x28,0x29,0x00,0x37,0x33,0x30,0x28,0x25,0x28,
0x33,0x37,0xFC,0x29,0x32,0x29,0x31,0x2D,0x2B,0x33,0x37,0xE2,0xFF,0xF3,0x04,0xFB,
0xF0,0x1F,0x16,0x33,0x00,0x2C,0x25,0x36,0xF0,0x10,0x37,0xF0,0x08,0xFC,0x00,0x00,
0x1D,0xF0,0x17,0xFC,0x00,0x00,0x18,0x19,0xFF,0xF3,0x04,0xFB,0x0F,0x32,0x00,0x29,
0x37,0x38,0x25,0x00,0x31,0x2D,0x37,0x2D,0xF0,0x13,0x32,0xFC,0x35,0x39,0x2D,0x29,
0x36,0x33,0x00,0x35,0x39,0x29,0x00,0x38,0x29,0xFC,0x25,0x34,0x33,0x28,0x29,0x36,
0x29,0x37,0x00,0x28,0x29,0xFD,0x30,0x33,0x37,0x00,0x37,0x39,0x31,0x2D,0x32,0x2D,
0x37,0x38,0x36,0x33,0x37,0xE2,0xFC,0x0B,0x2C,0x33,0x36,0x25,0x00,0x29,0x37,0x38,
0x25,0x31,0x33,0x37,0xFC,0x31,0x33,0x3A,0x2D,0x29,0x32,0x28,0x33,0x00,0x39,0x32,
0x25,0x00,0x2B,0x36,0x25,0x32,0xFD,0x27,0x25,0x32,0x38,0x2D,0x28,0x25,0x28,0x00,
0x28,0x29,0x00,0x38,0x36,0x33,0x34,0x25,0x37,0xE4,0xFC,0x34,0x29,0x36,0x33,0x00,
0x32,0x33,0x37,0x00,0x2A,0x25,0x30,0x38,0x25,0x32,0xFC,0x37,0x39,0x31,0x2D,0x32,
0x2D,0x37,0x38,0x36,0x33,0x37,0xE2,0xFD,0x1A,0x33,0x36,0x00,0x29,0x30,0x30,0x33,
0xE4,0x00,0x34,0x29,0x32,0x37,0x25,0x31,0x33,0x37,0xFC,0x25,0x37,0x25,0x30,0x38,
0x25,0x36,0x00,0x39,0x32,0xFC,0x38,0x36,0x25,0x32,0x37,0x34,0x33,0x36,0x38,0x29,
0x00,0x29,0x32,0x29,0x31,0x2D,0x2B,0x33,0xFD,0x3D,0x00,0x25,0x34,0x33,0x28,0x29,
0x36,0x25,0x36,0x32,0x33,0x37,0x00,0x28,0x29,0xFC,0x37,0x39,0x37,0x00,0x37,0x39,
0x31,0x2D,0x32,0x2D,0x37,0x38,0x36,0x33,0x37,0xE2,0xFF,0xF3,0x04,0xFB,0xF0,0x1F,
0x17,0x29,0x00,0x25,0x3D,0x39,0x28,0x25,0x36,0xF0,0x10,0x37,0xF0,0x08,0xFC,0x00,
0x00,0x1D,0xF0,0x17,0xFC,0x00,0x00,0x18,0x19,0xFF,0xF3,0x06,0xFB,0x0F,0x37,0x38,
0x25,0x37,0x00,0x28,0x29,0x26,0x29,0x32,0x00,0x37,0x29,0x36,0xFC,0x30,0x25,0x37,
0x00,0x36,0x39,0x2D,0x32,0x25,0x37,0x00,0x28,0x29,0x00,0x30,0x25,0xFC,0x27,0x2D,
0x3A,0x2D,0x30,0x2D,0x3E,0x25,0x27,0x2D,0xF0,0x13,0x32,0x00,0x34,0x29,0x36,0x28,
0x2D,0x28,0x25,0xFD,0x35,0x39,0x29,0x00,0x18,0x29,0x33,0x00,0x0B,0x36,0x27,0x25,
0x28,0x2D,0x25,0xFC,0x2C,0x25,0x00,0x29,0x37,0x38,0x25,0x28,0x33,0xFC,0x25,0x28,
0x31,0x2D,0x32,0x2D,0x37,0x38,0x36,0x25,0x32,0x28,0x33,0xE2,0xFD,0x0F,0x37,0x38,
0x25,0x00,0x3E,0x33,0x32,0x25,0x00,0x37,0x29,0xFC,0x27,0x33,0x32,0x37,0x2D,0x28,
0x29,0x36,0x25,0x00,0x38,0x2D,0x29,0x36,0x36,0x25,0xFD,0x34,0x36,0x33,0x2C,0x2D,
0x26,0x2D,0x28,0x25,0xE4,0x00,0x28,0x33,0x32,0x28,0x29,0xFC,0x2D,0x32,0x27,0x30,
0x39,0x37,0x33,0x00,0x30,0x33,0x37,0xFD,0x27,0x2D,0x39,0x28,0x25,0x28,0x25,0x32,
0x33,0x37,0x00,0x28,0x29,0x00,0x18,0x29,0x33,0xFC,0x0B,0x36,0x27,0x25,0x28,0x2D,
0x25,0x00,0x32,0x33,0x00,0x34,0x39,0x29,0x28,0x29,0x32,0xFC,0x29,0x32,0x38,0x36,
0x25,0x36,0xE2,0xE2,0xE2,0xFD,0x18,0x33,0x00,0x29,0x32,0x38,0x2D,0x29,0x32,0x28,
0x33,0x00,0x34,0x33,0x36,0xFC,0x35,0x39,0xF0,0x11,0x00,0x0F,0x30,0x34,0x2D,0x3E,
0x33,0x00,0x2A,0x39,0x29,0xFC,0x25,0x2C,0xF0,0x12,0xE2,0xE2,0xE2,0xFF,0xF3,0x06,
0xFB,0xF0,0x1F,0x1B,0x39,0x2D,0x29,0x36,0x29,0x37,0x00,0x2D,0x36,0x00,0x25,0x30,
0x30,0xF0,0x12,0xF0,0x08,0xFC,0x00,0x00,0x1D,0xF0,0x17,0xFC,0x00,0x00,0x18,0x19,
0xFF,0xF3,0x06,0xFB,0x0F,0x37,0x38,0x25,0x00,0x29,0x37,0x00,0x30,0x25,0xFC,0x2D,
0x32,0x37,0x38,0x25,0x30,0x25,0x27,0x2D,0xF0,0x13,0x32,0xFD,0x2D,0x32,0x2A,0x33,
0x36,0x31,0xF0,0x10,0x38,0x2D,0x27,0x25,0x00,0x28,0x29,0xFC,0x18,0x29,0x33,0x00,
0x0B,0x36,0x27,0x25,0x28,0x2D,0x25,0x00,0x29,0x32,0xFD,0x30,0x25,0x00,0x0B,0x32,
0x38,0xF0,0x10,0x36,0x38,0x2D,0x28,0x25,0xE2,0x00,0x12,0x25,0x37,0xFC,0x28,0x29,
0x37,0x38,0x36,0x39,0x2D,0x28,0x33,0x00,0x30,0x25,0x00,0x31,0x25,0x3D,0x33,0x36,
0xFC,0x34,0x25,0x36,0x38,0x29,0xE4,0x00,0x34,0x29,0x36,0x33,0x00,0x25,0x30,0x2B,
0x39,0x32,0x33,0x37,0xFD,0x37,0x2D,0x37,0x38,0x29,0x31,0x25,0x37,0x00,0x37,0x2D,
0x2B,0x39,0x29,0x32,0xFC,0x2A,0x39,0x32,0x27,0x2D,0x33,0x32,0x25,0x32,0x28,0x33,
0xE2,0x00,0x1A,0x25,0x36,0x29,0x27,0x29,0xFC,0x35,0x39,0x29,0x00,0x0F,0x30,0x34,
0x2D,0x3E,0x33,0x00,0x2D,0x32,0x38,0x29,0x32,0x38,0x25,0xFD,0x28,0x29,0x37,0x27,
0x39,0x26,0x36,0x2D,0x36,0x00,0x29,0x30,0x00,0x27,0xF0,0x13,0x28,0x2D,0x2B,0x33,
0xFC,0x37,0x29,0x27,0x36,0x29,0x38,0x33,0x00,0x34,0x25,0x36,0x25,0x00,0x29,0x32,
0x38,0x36,0x25,0x36,0xFC,0x29,0x32,0x00,0x30,0x25,0x37,0x00,0x2D,0x32,0x37,0x38,
0x25,0x30,0x25,0x27,0x2D,0x33,0x32,0x29,0x37,0xFD,0x28,0x29,0x00,0x18,0x29,0x33,
0x00,0x0B,0x36,0x27,0x25,0x28,0x2D,0x25,0xE2,0xE2,0xE2,0x00,0x17,0x29,0xFC,0x34,
0x36,0x29,0x2B,0x39,0x32,0x38,0x33,0x00,0x37,0x2D,0x00,0x34,0x2D,0x29,0x32,0x37,
0x25,0xFC,0x29,0x32,0x38,0x36,0x25,0x36,0x00,0x25,0x00,0x18,0x29,0x33,0xFD,0x0B,
0x36,0x27,0x25,0x28,0x2D,0x25,0x00,0x37,0x33,0x30,0x33,0xE2,0xE2,0xE2,0xFE,0xFC,
0xFF,0xF3,0x06,0xFB,0xF0,0x1F,0x1B,0x39,0x2D,0x29,0x36,0x29,0x37,0x00,0x2D,0x36,
0x00,0x25,0x30,0x30,0xF0,0x12,0xF0,0x08,0xFC,0x00,0x00,0x1D,0xF0,0x17,0xFC,0x00,
0x00,0x18,0x19,0xFF,0xF3,0x06,0xFB,0x0F,0x37,0x38,0x25,0x00,0x29,0x37,0x00,0x30,
0x25,0x00,0x27,0x39,0x29,0x3A,0x25,0x00,0x28,0x29,0xFC,0x27,0x36,0x2D,0x37,0x38,
0x25,0x30,0x00,0x28,0x33,0x32,0x28,0x29,0x00,0x37,0x29,0xFC,0x29,0x37,0x38,0x36,
0x29,0x30,0x30,0xF0,0x13,0x00,0x30,0x25,0x00,0x32,0x25,0x3A,0x29,0xFD,0x28,0x29,
0x00,0x26,0x33,0x31,0x26,0x25,0x36,0x28,0x29,0x33,0x00,0x35,0x39,0x29,0xFC,0x28,
0x29,0x37,0x38,0x36,0x39,0x2D,0x31,0x33,0x37,0xE2,0xE2,0xE2,0x00,0x1A,0x25,0x36,
0x29,0x27,0x29,0xFC,0x35,0x39,0x29,0x00,0x0F,0x30,0x34,0x2D,0x3E,0x33,0x00,0x29,
0x37,0x38,0x39,0x3A,0x33,0xFD,0x25,0x30,0x30,0xF0,0x12,0x00,0x26,0x39,0x37,0x27,
0x25,0x32,0x28,0x33,0x00,0x25,0x30,0x2B,0x33,0xE4,0xFC,0x34,0x29,0x36,0x33,0x00,
0x32,0x33,0x00,0x37,0xF0,0x11,0x00,0x35,0x39,0xF0,0x11,0x00,0x29,0x37,0xE2,0xE2,
0xE2,0xFC,0x0D,0x33,0x31,0x33,0x00,0x29,0x30,0x00,0xF0,0x10,0x36,0x29,0x25,0x00,
0x29,0x37,0x38,0xF0,0x10,0xFD,0x31,0x39,0x3D,0x00,0x27,0x29,0x36,0x27,0x25,0x00,
0x28,0x29,0x00,0x32,0x39,0x29,0x37,0x38,0x36,0x25,0xFC,0x26,0x25,0x37,0x29,0xE4,
0x00,0x34,0x29,0x28,0xF0,0x12,0x00,0x25,0x00,0x25,0x30,0x2B,0x39,0x32,0x33,0x37,
0xFC,0x37,0x33,0x30,0x28,0x25,0x28,0x33,0x37,0x00,0x28,0x29,0x00,0x30,0x25,0xFD,
0x1C,0x29,0x37,0x2D,0x37,0x38,0x29,0x32,0x27,0x2D,0x25,0x00,0x35,0x39,0x29,0xFC,
0x26,0x39,0x37,0x35,0x39,0x29,0x32,0x00,0x25,0x00,0x0F,0x30,0x34,0x2D,0x3E,0x33,
0xE2,0x00,0x18,0x33,0xFC,0x37,0xF0,0x11,0x00,0x37,0x2D,0x00,0x34,0x33,0x28,0x36,
0xF0,0x10,0x32,0x00,0x2C,0x25,0x27,0x29,0x36,0x30,0x33,0xFD,0x34,0x33,0x36,0x00,
0x37,0xF0,0x12,0x00,0x31,0x2D,0x37,0x31,0x33,0x37,0xE2,0xFF,0xF3,0x06,0xFB,0xF0,
0x1F,0x16,0x33,0x37,0x00,0x25,0x3D,0x39,0x28,0x25,0x36,0xF0,0x10,0x37,0xF0,0x08,
0xFC,0x00,0x00,0x1D,0xF0,0x17,0xFC,0x00,0x00,0x18,0x19,0xFF,0xF3,0x06,0xFB,0x0F,
0x37,0x38,0x25,0x00,0x29,0x37,0x00,0x39,0x32,0x25,0xFC,0x2A,0xF0,0x10,0x26,0x36,
0x2D,0x27,0x25,0x00,0x29,0x32,0x00,0x28,0x29,0x37,0x39,0x37,0x33,0xE2,0xFD,0x1A,
0x29,0x36,0x33,0x00,0x37,0x39,0x34,0x33,0x32,0x2B,0x33,0x00,0x35,0x39,0x29,0x00,
0x30,0x25,0xFC,0x36,0x29,0x27,0x33,0x32,0x37,0x38,0x36,0x39,0x3D,0x29,0x36,0x33,
0x32,0x00,0x3D,0x00,0x35,0x39,0x29,0xFC,0x2A,0x39,0x32,0x27,0x2D,0x33,0x32,0x25,
0x26,0x25,0x00,0x25,0xFD,0x34,0x29,0x35,0x39,0x29,0xF0,0x1C,0x25,0x00,0x29,0x37,
0x27,0x25,0x30,0x25,0xE2,0xE2,0xE2,0xFC,0xF0,0x1F,0x1A,0x33,0x36,0x00,0x35,0x39,
0xF0,0x11,0x00,0x29,0x37,0x38,0x29,0x00,0x30,0x39,0x2B,0x25,0x36,0xE4,0xFC,0x28,
0x29,0x00,0x38,0x33,0x28,0x33,0x37,0x00,0x31,0x33,0x28,0x33,0x37,0xF0,0x08,0xFD,
0xF0,0x1F,0x0B,0x00,0x35,0x39,0xF0,0x11,0x00,0x2A,0x39,0x29,0x00,0x0F,0x30,0x34,
0x2D,0x3E,0x33,0x00,0x25,0xFC,0x29,0x37,0x38,0x25,0x00,0x2A,0xF0,0x10,0x26,0x36,
0x2D,0x27,0x25,0xF0,0x08,0x00,0x18,0x33,0x00,0x30,0x33,0xFC,0x29,0x32,0x38,0x2D,
0x29,0x32,0x28,0x33,0xE2,0xFD,0x0B,0x39,0x32,0x00,0x25,0x37,0xF0,0x12,0xE4,0x00,
0x25,0x30,0x2B,0x33,0x00,0x28,0x29,0x00,0x30,0x33,0xFC,0x35,0x39,0x29,0x00,0x29,
0x37,0x38,0x33,0x3D,0x00,0x37,0x29,0x2B,0x39,0x36,0x25,0x00,0x29,0x37,0xFC,0x35,
0x39,0x29,0x00,0x29,0x37,0x00,0x31,0x39,0x3D,0x00,0x34,0x29,0x30,0x2D,0x2B,0x36,
0x33,0x37,0x33,0xFD,0x25,0x27,0x38,0x39,0x25,0x36,0x00,0x37,0x33,0x30,0x33,0xE2,
0xFF,0xF3,0x06,0x1A,0x33,0x36,0x00,0x2A,0x25,0x3A,0x33,0x36,0xE4,0x00,0x28,0x29,
0x38,0xF0,0x11,0x32,0x30,0x33,0xE2,0xFC,0x00,0x00,0x1D,0xF0,0x17,0xFC,0x00,0x00,
0x18,0x19,0xFF,0xF3,0x06,0x0F,0x37,0x38,0xF0,0x10,0x37,0x00,0x25,0x00,0x34,0x39,
0x32,0x38,0x33,0x00,0x28,0x29,0x00,0x2D,0x36,0xFC,0x25,0x00,0x30,0x25,0x00,0x34,
0x36,0x2D,0x31,0x29,0x36,0x00,0xF0,0x10,0x36,0x29,0x25,0x00,0x28,0x29,0xFC,0x18,
0x29,0x33,0x00,0x0B,0x36,0x27,0x25,0x28,0x2D,0x25,0xE2,0xE2,0xE2,0xFD,0x0F,0x37,
0x00,0x29,0x30,0x00,0x38,0x29,0x31,0x34,0x30,0x33,0x00,0x28,0x29,0xFC,0x30,0x25,
0x00,0x30,0x30,0x25,0x31,0x25,0xE2,0xFF,0xF3,0x06,0xF0,0x1F,0x0F,0x37,0x38,0xF0,
0x10,0x37,0x00,0x37,0x29,0x2B,0x39,0x36,0x33,0xF0,0x08,0xFC,0x00,0x00,0x1D,0xF0,
0x17,0xFC,0x00,0x00,0x18,0x19,0xFF,0xF3,0x06,0x0F,0x37,0x38,0xF0,0x10,0x37,0x00,
0x25,0x00,0x34,0x39,0x32,0x38,0x33,0x00,0x28,0x29,0x00,0x2D,0x36,0xFC,0x25,0x00,
0x30,0x25,0x00,0x37,0x29,0x2B,0x39,0x32,0x28,0x25,0x00,0xF0,0x10,0x36,0x29,0x25,
0xFC,0x28,0x29,0x00,0x18,0x29,0x33,0x00,0x0B,0x36,0x27,0x25,0x28,0x2D,0x25,0xE2,
0xE2,0xE2,0xFD,0x0F,0x37,0x00,0x29,0x30,0x00,0x38,0x29,0x31,0x34,0x30,0x33,0x00,
0x28,0x29,0x30,0xFC,0x2C,0x2D,0x29,0x30,0x33,0xE2,0xFF,0xF3,0x06,0xF0,0x1F,0x1A,
0x39,0x29,0x28,0x29,0x37,0x00,0x2C,0x25,0x27,0x29,0x36,0x30,0x33,0xF0,0x08,0xFC,
0x00,0x00,0x1D,0xF0,0x17,0xFC,0x00,0x00,0x18,0x19,0xFF,0xF3,0x06,0x0F,0x37,0x38,
0xF0,0x10,0x37,0x00,0x25,0x00,0x34,0x39,0x32,0x38,0x33,0x00,0x28,0x29,0x00,0x2D,
0x36,0xFC,0x25,0x00,0x30,0x25,0x00,0x38,0x29,0x36,0x27,0x29,0x36,0x25,0x00,0xF0,
0x10,0x36,0x29,0x25,0xFC,0x28,0x29,0x00,0x18,0x29,0x33,0x00,0x0B,0x36,0x27,0x25,
0x28,0x2D,0x25,0xE2,0xE2,0xE2,0xFD,0x0F,0x37,0x00,0x29,0x30,0x00,0x38,0x29,0x31,
0x34,0x30,0x33,0x00,0x28,0x29,0x30,0xFC,0x3A,0x2D,0x29,0x32,0x38,0x33,0xE2,0x00,
0x0F,0x37,0x38,0x25,0x00,0x29,0x37,0x00,0x30,0x25,0xFC,0xF0,0x14,0x30,0x38,0x2D,
0x31,0x25,0x00,0xF0,0x10,0x36,0x29,0x25,0x00,0x25,0x32,0x38,0x29,0x37,0xFD,0x28,
0x29,0x00,0x30,0x25,0x00,0x27,0x25,0x34,0x2D,0x38,0x25,0x30,0x00,0x28,0x29,0xFC,
0x0B,0x36,0x27,0x25,0x28,0x2D,0x25,0xE2,0xFF,0xF3,0x06,0xF0,0x1F,0x1B,0x39,0x2D,
0x29,0x36,0x29,0x37,0x00,0x2D,0x36,0x00,0x25,0x2C,0xF0,0x12,0xF0,0x08,0xFC,0x00,
0x00,0x1D,0xF0,0x17,0xFC,0x00,0x00,0x18,0x19,0xFF,0xF3,0x06,0x0B,0x30,0x00,0x2A,
0x2D,0x32,0xE2,0xE2,0xE2,0x00,0x0B,0x35,0x39,0xF0,0x12,0x00,0x29,0x37,0x38,0xF0,
0x10,0xFC,0x29,0x30,0x00,0xF0,0x10,0x36,0x29,0x25,0x00,0x2A,0x2D,0x32,0x25,0x30,
0x00,0x28,0x29,0xE2,0xE2,0xE2,0xFC,0x18,0x29,0x33,0x00,0x0B,0x36,0x27,0x25,0x28,
0x2D,0x25,0xE2,0xFF,0xF3,0x06,0xF0,0x1F,0x13,0x36,0xF0,0x10,0x37,0xE2,0xE2,0xE2,
0xF0,0x08,0xFC,0x00,0x00,0x1D,0xF0,0x17,0xFC,0x00,0x00,0x18,0x19,0xFF,0xF3,0x4B,
0x17,0x2D,0x37,0x2D,0xF0,0x13,0x32,0xFC,0x27,0x33,0x31,0x29,0x32,0x3E,0x25,0x32,
0x28,0x33,0xE2,0xE2,0xE2,0xFD,0x1E,0x33,0x28,0x33,0x37,0xE4,0x00,0x34,0x36,0x29,
0x34,0xF0,0x10,0x36,0x29,0x32,0x37,0x29,0xFC,0x34,0x25,0x36,0x25,0x00,0x30,0x25,
0xFC,0x38,0x36,0x25,0x32,0x37,0x2A,0x29,0x36,0x29,0x32,0x27,0x2D,0x25,0xE2,0xFF,
0xF3,0x4C,0x0B,0x2C,0x33,0x36,0x25,0x00,0x29,0x37,0x38,0x25,0x31,0x33,0x37,0x00,
0x30,0x2D,0x37,0x38,0x33,0x37,0xFC,0x34,0x25,0x36,0x25,0x00,0x30,0x25,0xFC,0x38,
0x36,0x25,0x32,0x37,0x2A,0x29,0x36,0x29,0x32,0x27,0x2D,0x25,0xE2,0xE2,0xE2,0xFF,
0xF3,0x4C,0xF0,0x1E,0x13,0x32,0x2D,0x27,0x2D,0x25,0x32,0x28,0x33,0xFC,0x38,0x36,
0x25,0x32,0x37,0x2A,0x29,0x36,0x29,0x32,0x27,0x2D,0x25,0xE5,0xFF,0xF3,0x04,0x0C,
0x39,0x29,0x32,0x25,0x00,0x37,0x39,0x29,0x36,0x38,0x29,0xE2,0xFF,0xF3,0x06,0x1E,
0x29,0x00,0x28,0x29,0x37,0x29,0x33,0xFC,0x26,0x39,0x29,0x32,0x25,0x00,0x37,0x39,
0x29,0x36,0x38,0x29,0xE2,0xFF,0xF3,0x06,0x1A,0x33,0x36,0x00,0x2A,0x25,0x3A,0x33,
0x36,0xE4,0x00,0x32,0x33,0x00,0x38,0x29,0xFC,0x29,0x3C,0x2D,0x2E,0x25,0x37,0x00,
0x28,0x29,0x31,0x25,0x37,0x2D,0x25,0x28,0x33,0xE2,0xE2,0xE2,0xFF,0xF3,0x4B,0x17,
0x2D,0x37,0x2D,0xF0,0x13,0x32,0xFC,0x27,0x39,0x31,0x34,0x30,0x2D,0x28,0x25,0xE2,
0xFF,0xF3,0x4C,0x1E,0x36,0x25,0x32,0x37,0x2A,0x29,0x36,0x29,0x32,0x27,0x2D,0x25,
0x00,0x29,0x32,0xFC,0x34,0x36,0x33,0x2B,0x36,0x29,0x37,0x33,0xE2,0xE2,0xE2,0xFD,
0x0E,0x33,0x37,0xE2,0xE2,0xE2,0xFD,0x1F,0x32,0x33,0xE2,0xE2,0xE2,0xFF,0xF3,0x4B,
0x1E,0x36,0x25,0x32,0x37,0x2A,0x29,0x36,0x29,0x32,0x27,0x2D,0x25,0xFC,0x27,0x33,
0x31,0x34,0x30,0x29,0x38,0x25,0x28,0x25,0xE2,0xFF,0xF3,0x4B,0x24,0x29,0x36,0x33,
0x00,0x3A,0x25,0x00,0x25,0x00,0x29,0x32,0x38,0x36,0x25,0x36,0xFC,0x29,0x32,0x00,
0x25,0x27,0x27,0x2D,0xF0,0x13,0x32,0xE2,0xFD,0x1E,0x33,0x28,0x33,0x37,0xE4,0x00,
0x34,0x36,0x29,0x34,0xF0,0x10,0x36,0x29,0x32,0x37,0x29,0xFC,0x34,0x25,0x36,0x25,
0x00,0x38,0x36,0x25,0x32,0x37,0x2A,0x29,0x36,0x2D,0x36,0xE2,0xFF,0xF3,0x4B,0x24,
0x29,0x36,0x33,0x00,0x29,0x37,0x38,0xF0,0x10,0xFC,0x36,0x29,0x2B,0x36,0x29,0x37,
0x25,0x32,0x28,0x33,0xE2,0xFF,0xF3,0x4C,0xF0,0x1F,0x0B,0x00,0x28,0xF0,0x13,0x32,
0x28,0x29,0x00,0x38,0x36,0x25,0x32,0x37,0x2A,0x29,0x36,0x2D,0x36,0xF0,0x08,0xFF,
0xF3,0x4C,0xF0,0x1F,0x1D,0x0B,0x18,0x0E,0x00,0x21,0x13,0x16,0x0E,0x0F,0x1C,0x18,
0x0F,0x1D,0x1D,0xF0,0x08,0xFC,0x00,0x00,0x19,0x15,0xFC,0x00,0x00,0x0D,0x0B,0x18,
0x0D,0x0F,0x16,0x0B,0x1C,0xFF,0xF3,0x4C,0xF0,0x1F,0x10,0x19,0x1C,0x0F,0x1D,0x1E,
0x00,0x19,0x10,0x00,0x0E,0x23,0x1D,0x13,0x1D,0xF0,0x08,0xFC,0x00,0x00,0x19,0x15,
0xFC,0x00,0x00,0x0D,0x0B,0x18,0x0D,0x0F,0x16,0x0B,0x1C,0xFF,0xF3,0x4C,0xF0,0x1F,
0x0F,0x18,0x1E,0x1C,0x0B,0x18,0x0D,0x0F,0x00,0x19,0x10,0x00,0x0D,0xE2,0x10,0xE2,
0xF0,0x08,0xFC,0x00,0x00,0x19,0x15,0xFC,0x00,0x00,0x0D,0x0B,0x18,0x0D,0x0F,0x16,
0x0B,0x1C,0xFF,0xF3,0x4C,0xF0,0x1F,0x1A,0x19,0x21,0x0F,0x1C,0x00,0x1C,0x19,0x19,
0x17,0xF0,0x08,0xFC,0x00,0x00,0x19,0x15,0xFC,0x00,0x00,0x0D,0x0B,0x18,0x0D,0x0F,
0x16,0x0B,0x1C,0xFF,0xF3,0x4C,0xF0,0x1F,0x1E,0x1C,0x0B,0x13,0x18,0xF0,0x08,0xFC,
0x00,0x00,0x19,0x15,0xFC,0x00,0x00,0x0D,0x0B,0x18,0x0D,0x0F,0x16,0x0B,0x1C,0xFF,
0xF3,0x4C,0xF0,0x1F,0x1C,0x0F,0x1D,0x13,0x0E,0x0F,0x18,0x1E,0x13,0x0B,0x16,0x00,
0x0B,0x1C,0x0F,0x0B,0xF0,0x08,0xFC,0x00,0x00,0x19,0x15,0xFC,0x00,0x00,0x0D,0x0B,
0x18,0x0D,0x0F,0x16,0x0B,0x1C,0xFF,0xF3,0x4C,0xF0,0x1F,0x0C,0x1C,0x19,0x15,0x0F,
0x18,0x00,0x0B,0x13,0x1C,0x0D,0x1C,0x0B,0x10,0x1E,0xF0,0x08,0xFC,0x00,0x00,0x19,
0x15,0xFC,0x00,0x00,0x0D,0x0B,0x18,0x0D,0x0F,0x16,0x0B,0x1C,0xFF,0xF3,0x4C,0xF0,
0x1F,0x1C,0x19,0x19,0x10,0x00,0x19,0x10,0x00,0x0D,0xE2,0x10,0xE2,0xF0,0x08,0xFC,
0x00,0x00,0x19,0x15,0xFC,0x00,0x00,0x0D,0x0B,0x18,0x0D,0x0F,0x16,0x0B,0x1C,0xFF,
0xF3,0x4C,0xF0,0x1F,0x10,0x19,0x1C,0x0F,0x1D,0x1E,0x00,0x19,0x10,0x00,0x18,0x19,
0x1E,0x1F,0x1D,0xF0,0x08,0xFC,0x00,0x00,0x19,0x15,0xFC,0x00,0x00,0x0D,0x0B,0x18,
0x0D,0x0F,0x16,0x0B,0x1C,0xFF,0xF3,0x4C,0xF0,0x1F,0x0D,0x1C,0x23,0x1D,0x1E,0x0B,
0x16,0x00,0x0D,0x0B,0x20,0x0F,0xF0,0x08,0xFC,0x00,0x00,0x19,0x15,0xFC,0x00,0x00,
0x0D,0x0B,0x18,0x0D,0x0F,0x16,0x0B,0x1C,0xFF,0xF3,0x4C,0xF0,0x1F,0x1D,0x12,0x1F,
0x1E,0x1E,0x16,0x0F,0x00,0x10,0x0B,0x0D,0x1E,0x19,0x1C,0x23,0xF0,0x08,0xFC,0x00,
0x00,0x19,0x15,0xFC,0x00,0x00,0x0D,0x0B,0x18,0x0D,0x0F,0x16,0x0B,0x1C,0xFF,0xF3,
0x4C,0xF0,0x1F,0x18,0x0F,0x19,0x00,0x0B,0x1C,0x0D,0x0B,0x0E,0x13,0x0B,0x00,0x1E,
0x0F,0x17,0x1A,0x16,0x0F,0xF0,0x08,0xFC,0x00,0x00,0x19,0x15,0xFC,0x00,0x00,0x0D,
0x0B,0x18,0x0D,0x0F,0x16,0x0B,0x1C,0xFF,0xF3,0x4C,0xF0,0x1F,0x1E,0x0F,0x17,0x1A,
0x16,0x0F,0x00,0x19,0x10,0x00,0x10,0x13,0x1C,0x0F,0xF0,0x08,0xFC,0x00,0x00,0x19,
0x15,0xFC,0x00,0x00,0x0D,0x0B,0x18,0x0D,0x0F,0x16,0x0B,0x1C,0xFF,0xF3,0x4C,0xF0,
0x1F,0x1E,0x0F,0x17,0x1A,0x16,0x0F,0x00,0x19,0x10,0x00,0x13,0x0D,0x0F,0xF0,0x08,
0xFC,0x00,0x00,0x19,0x15,0xFC,0x00,0x00,0x0D,0x0B,0x18,0x0D,0x0F,0x16,0x0B,0x1C,
0xFF,0xF3,0x4C,0xF0,0x1F,0x1E,0x0F,0x17,0x1A,0x16,0x0F,0x00,0x19,0x10,0x00,0x21,
0x13,0x18,0x0E,0xF0,0x08,0xFC,0x00,0x00,0x19,0x15,0xFC,0x00,0x00,0x0D,0x0B,0x18,
0x0D,0x0F,0x16,0x0B,0x1C,0xFF,0xF3,0x06,0xF0,0x1F,0x1B,0x39,0xF0,0x11,0x00,0x33,
0x27,0x39,0x36,0x36,0x29,0xF0,0x08,0xFD,0x1A,0x33,0x36,0x00,0x2A,0x25,0x3A,0x33,
0x36,0xE4,0x00,0x28,0x2D,0x31,0x29,0xFC,0x35,0x39,0xF0,0x11,0x00,0x35,0x39,0x2D,
0x29,0x36,0x29,0x37,0x00,0x2C,0x25,0x27,0x29,0x36,0xE2,0xE2,0xE2,0xFF,0xF3,0x06,
0x00,0x00,0x1A,0x1C,0x19,0x0D,0x0F,0x1D,0x0B,0x1C,0x00,0x0E,0x0B,0x1E,0x19,0x1D,
0xFC,0x00,0x00,0x1D,0x19,0x0C,0x1C,0x0F,0x00,0x0D,0x13,0x0C,0x0F,0x1C,0xF0,0x01,
0x0F,0x16,0x10,0x19,0xFC,0x00,0x00,0x12,0x0B,0x0C,0x16,0x0B,0x1C,0xFF,0xF3,0x06,
0x00,0x00,0x1A,0x1C,0x19,0x0D,0x0F,0x1D,0x0B,0x1C,0x00,0x0E,0x0B,0x1E,0x19,0x1D,
0xFC,0x00,0x00,0x1D,0x19,0x0C,0x1C,0x0F,0x00,0x0D,0x13,0x0C,0x0F,0x1C,0xF0,0x01,
0x0F,0x16,0x10,0x19,0xFC,0x00,0x00,0x12,0x0B,0x0C,0x16,0x0B,0x1C,0xFF,0xF3,0x06,
0x1A,0x33,0x36,0x00,0x37,0x2D,0x00,0x30,0x33,0x00,0x33,0x30,0x3A,0x2D,0x28,0x25,
0x37,0x38,0x29,0xE4,0xFC,0x39,0x32,0x00,0x0D,0x2D,0x26,0x29,0x36,0xF0,0x01,0x29,
0x30,0x2A,0x33,0x00,0x29,0x37,0x00,0x39,0x32,0xFC,0x38,0x2D,0x34,0x33,0x00,0x28,
0x29,0x00,0x34,0x36,0x33,0x2B,0x36,0x25,0x31,0x25,0xFD,0x35,0x39,0x29,0x00,0x2A,
0x39,0x29,0x00,0x27,0x36,0x29,0x25,0x28,0x33,0xFC,0x34,0x25,0x36,0x25,0x00,0x25,
0x34,0x33,0x3D,0x25,0x36,0x32,0x33,0x37,0xE2,0xFD,0x18,0x33,0x36,0x31,0x25,0x30,
0x31,0x29,0x32,0x38,0x29,0x00,0x34,0x39,0x29,0x28,0x29,0x37,0xFC,0x39,0x38,0x2D,
0x30,0x2D,0x3E,0x25,0x36,0x30,0x33,0x00,0x38,0x36,0x25,0x37,0xFC,0x28,0x29,0x37,
0x27,0x25,0x36,0x2B,0x25,0x36,0x30,0x33,0xE2,0xFD,0x1A,0x29,0x36,0x33,0x00,0x25,
0x30,0x2B,0x39,0x32,0x33,0x37,0x00,0x32,0x33,0x00,0x37,0x29,0xFC,0x34,0x39,0x29,
0x28,0x29,0x32,0x00,0x39,0x37,0x25,0x36,0x00,0x37,0x2D,0x00,0x32,0x33,0xFC,0x2C,
0x25,0x32,0x00,0x37,0x2D,0x28,0x33,0xFD,0x27,0x36,0x2D,0x25,0x28,0x33,0x37,0xE2,
0xFD,0x1E,0x25,0x31,0x26,0x2D,0xF0,0x11,0x32,0xE4,0x00,0x25,0x39,0x32,0x35,0x39,
0x29,0xFC,0x30,0x33,0x37,0x00,0x27,0x36,0x29,0x25,0x31,0x33,0x37,0x00,0x27,0x33,
0x32,0xFC,0x30,0x25,0x00,0x31,0xF0,0x10,0x37,0x00,0x25,0x3A,0x25,0x32,0x3E,0x25,
0x28,0x25,0xFD,0x38,0x29,0x27,0x32,0x33,0x30,0x33,0x2B,0xF0,0x12,0x25,0xE4,0xFC,
0x39,0x32,0x00,0x0D,0x2D,0x26,0x29,0x36,0xF0,0x01,0x29,0x30,0x2A,0x33,0x00,0x32,
0x33,0xFC,0x34,0x39,0x29,0x28,0x29,0x00,0x37,0x29,0x36,0x00,0x36,0x29,0x37,0x39,
0x27,0x2D,0x38,0x25,0x28,0x33,0xE2,0xFD,0x0B,0x37,0xF0,0x12,0x00,0x35,0x39,0x29,
0xE4,0x00,0x34,0x33,0x36,0x00,0x2A,0x25,0x3A,0x33,0x36,0xE4,0xFC,0xF0,0x14,0x37,
0x25,0x30,0x33,0x37,0x00,0x37,0x25,0x26,0x2D,0x25,0x31,0x29,0x32,0x38,0x29,0xE2,
0xE2,0xE2,0xFF,0xF3,0x06,0x00,0x00,0x11,0x1F,0x0B,0x1C,0x0E,0x0B,0x1C,0x00,0x0E,
0x0B,0x1E,0x19,0x1D,0xFC,0x00,0x00,0x0D,0x0B,0x1C,0x11,0x0B,0x1C,0x00,0x0E,0x0B,
0x1E,0x19,0x1D,0xFC,0x00,0x00,0x0C,0x19,0x1C,0x1C,0x0B,0x1C,0x00,0x0E,0x0B,0x1E,
0x19,0x1D,0xFF,0xF0,0x1F,0x0E,0xF0,0x13,0x32,0x28,0x29,0x00,0x2B,0x39,0x25,0x36,
0x28,0x25,0x36,0xF0,0x08,0xFF,0x00,0x00,0xF0,0x1F,0x1D,0x19,0x0C,0x1C,0x0F,0xF0,
0x01,0x0F,0x1D,0x0D,0x1C,0x13,0x0C,0x13,0x1C,0xF0,0x08,0xFC,0x00,0x00,0x1D,0xF0,
0x17,0xFC,0x00,0x00,0x18,0x19,0xFF,0xF3,0x06,0xF0,0x1F,0x1B,0x39,0xF0,0x11,0x00,
0x28,0x25,0x38,0x33,0x37,0x00,0x27,0x25,0x36,0x2B,0x25,0x36,0xF0,0x08,0xFF,0x00,
0x00,0xF0,0x1F,0x0D,0x0B,0x1C,0x11,0x0B,0x1C,0x00,0x0E,0x0B,0x1E,0x19,0x1D,0xF0,
0x08,0xFC,0x00,0x00,0x1D,0xF0,0x17,0xFC,0x00,0x00,0x18,0x19,0xFF,0xF0,0x1F,0x1B,
0x39,0xF0,0x11,0x00,0x28,0x25,0x38,0x33,0x37,0x00,0x26,0x33,0x36,0x36,0x25,0x36,
0xF0,0x08,0xFF,0x00,0x00,0xF0,0x1F,0x0C,0x19,0x1C,0x1C,0x0B,0x1C,0x00,0x0E,0x0B,
0x1E,0x19,0x1D,0xF0,0x08,0xFC,0x00,0x00,0x1D,0xF0,0x17,0xFC,0x00,0x00,0x18,0x19,
0xFF,0x16,0x33,0x37,0x00,0x28,0x25,0x38,0x33,0x37,0x00,0x2C,0x25,0x32,0x00,0x37,
0x2D,0x28,0x33,0xFC,0x2B,0x39,0x25,0x36,0x28,0x25,0x28,0x33,0x37,0xE2,0xFF,0x16,
0x33,0x37,0x00,0x28,0x25,0x38,0x33,0x37,0x00,0x2C,0x25,0x32,0x00,0x37,0x2D,0x28,
0x33,0xFC,0x27,0x25,0x36,0x2B,0x25,0x28,0x33,0x37,0xE2,0xFF,0x16,0x33,0x37,0x00,
0x28,0x25,0x38,0x33,0x37,0x00,0x2C,0x25,0x32,0x00,0x37,0x2D,0x28,0x33,0xFC,0x26,
0x33,0x36,0x36,0x25,0x28,0x33,0x37,0xE2,0xFF,0xF3,0x06,0x00,0x00,0x0E,0x0F,0x1D,
0x0D,0x0B,0x1C,0x11,0x0B,0x1C,0x00,0x0F,0x16,0x10,0x19,0xFC,0x00,0x00,0x0B,0x16,
0x13,0x17,0x0F,0x18,0x1E,0x0B,0x1C,0x00,0x0F,0x16,0x10,0x19,0xFC,0x00,0x00,0x1A,
0x1C,0x0F,0x11,0x1F,0x18,0x1E,0x0B,0x1C,0x00,0x1A,0x19,0x1C,0x00,0x0F,0x16,0x10,
0x19,0xFF,0xF3,0x04,0x0C,0x2D,0x29,0x32,0x00,0x2C,0x29,0x27,0x2C,0x33,0xE4,0x00,
0x24,0x29,0x36,0x33,0xE2,0xFC,0xF0,0x1E,0x12,0x25,0x37,0x00,0x37,0x2D,0x28,0x33,
0x00,0x28,0x29,0x00,0x2B,0x36,0x25,0x32,0xFC,0x25,0x3D,0x39,0x28,0x25,0xE5,0xFD,
0x0D,0x33,0x32,0x00,0x38,0x39,0x00,0x3A,0x25,0x30,0x2D,0x33,0x37,0x25,0xFC,0x27,
0x33,0x30,0x25,0x26,0x33,0x36,0x25,0x27,0x2D,0xF0,0x13,0x32,0xE4,0x00,0x2C,0x29,
0x31,0x33,0x37,0xFC,0x30,0x33,0x2B,0x36,0x25,0x28,0x33,0xFD,0x36,0x29,0x27,0x39,
0x34,0x29,0x36,0x25,0x36,0x00,0x33,0x38,0x36,0x33,0xFC,0x0F,0x30,0x2A,0x33,0x00,
0x0C,0x29,0x26,0xF0,0x11,0xE2,0xFD,0x0B,0x2C,0x33,0x36,0x25,0x00,0x38,0x29,0x32,
0x29,0x31,0x33,0x37,0x00,0x25,0x31,0x26,0x33,0x37,0xFC,0x0F,0x30,0x2A,0x33,0x37,
0x00,0x0C,0x29,0x26,0xF0,0x11,0x00,0x35,0x39,0x29,0x00,0x18,0x29,0x33,0xFC,0x0B,
0x36,0x27,0x25,0x28,0x2D,0x25,0x00,0x31,0x25,0x32,0x38,0x29,0x32,0xF0,0x12,0x25,
0xFD,0x28,0x29,0x32,0x38,0x36,0x33,0x00,0x28,0x29,0x00,0x37,0x39,0x00,0x26,0xF0,
0x13,0x3A,0x29,0x28,0x25,0xE2,0xFD,0x1F,0x32,0x25,0x00,0x3A,0x29,0x3E,0x00,0x31,
0xF0,0x10,0x37,0xE4,0x00,0x35,0x39,0x2D,0x29,0x36,0x33,0xFC,0x25,0x2B,0x36,0x25,
0x28,0x29,0x27,0x29,0x36,0x38,0x29,0x00,0x34,0x33,0x36,0xFC,0x38,0x39,0x00,0x25,
0x34,0x33,0x3D,0x33,0xE2,0xFF,0xF3,0x04,0x0C,0x2D,0x29,0x32,0x00,0x2C,0x29,0x27,
0x2C,0x33,0xE2,0x00,0x0F,0x36,0x29,0x37,0xFC,0x38,0x25,0x32,0x00,0x2D,0x32,0x27,
0x36,0x29,0xF0,0x12,0x26,0x30,0x29,0x00,0x27,0x33,0x31,0x33,0xFC,0x3D,0x33,0x00,
0x34,0x29,0x32,0x37,0x25,0x26,0x25,0x00,0x35,0x39,0x29,0xFD,0x37,0x29,0x36,0xF0,
0x12,0x25,0x37,0xE2,0x00,0x18,0x39,0x32,0x27,0x25,0x00,0x2C,0x29,0xFC,0x28,0x39,
0x28,0x25,0x28,0x33,0x00,0x28,0x29,0x00,0x38,0x39,0xFC,0xF0,0x11,0x3C,0x2D,0x38,
0x33,0xE2,0xE2,0xE2,0xFD,0x11,0x36,0x25,0x27,0x2D,0x25,0x37,0x00,0x25,0x00,0x38,
0x39,0x00,0x27,0x33,0x30,0x25,0x26,0x33,0xF0,0x01,0xFC,0x36,0x25,0x27,0x2D,0xF0,
0x13,0x32,0xE4,0x00,0x32,0x39,0x29,0x37,0x38,0x36,0x25,0x37,0xFC,0x33,0x34,0x29,
0x36,0x25,0x27,0x2D,0x33,0x32,0x29,0x37,0x00,0x29,0x37,0x38,0xF0,0x10,0x32,0xFD,
0x34,0x36,0x33,0x2B,0x36,0x29,0x37,0x25,0x32,0x28,0x33,0x00,0x26,0x2D,0x29,0x32,
0xE2,0xFC,0x0F,0x36,0x29,0x37,0x00,0x28,0x29,0x00,0x2B,0x36,0x25,0x32,0x00,0x25,
0x3D,0x39,0x28,0x25,0xFC,0x34,0x25,0x36,0x25,0x00,0x32,0x33,0x37,0x33,0x38,0x36,
0x33,0x37,0xE2,0xFF,0xF3,0x04,0x17,0x39,0x27,0x2C,0x25,0x37,0x00,0x2B,0x36,0x25,
0x27,0x2D,0x25,0x37,0xE4,0xFC,0x24,0x29,0x36,0x33,0xE2,0x00,0x19,0x38,0x36,0x25,
0x00,0x37,0x2D,0x38,0x39,0x25,0x27,0x2D,0xF0,0x13,0x32,0xFC,0x2C,0x25,0x00,0x37,
0x2D,0x28,0x33,0x00,0x36,0x29,0x37,0x39,0x29,0x30,0x38,0x25,0xFD,0x2B,0x36,0x25,
0x27,0x2D,0x25,0x37,0x00,0x25,0x00,0x38,0x2D,0xE4,0x00,0x3D,0xFC,0x32,0x39,0x29,
0x37,0x38,0x36,0x25,0x37,0x00,0x33,0x34,0x29,0x36,0x25,0x27,0x2D,0x33,0x32,0x29,
0x37,0xFD,0x25,0x3A,0x25,0x32,0x3E,0x25,0x32,0x00,0x37,0x2D,0x32,0xFC,0x34,0x36,
0x33,0x26,0x30,0x29,0x31,0x25,0x37,0xE2,0x00,0x0B,0x2C,0x33,0x36,0x25,0x00,0xFC,
0x38,0x29,0x32,0x2B,0x33,0x00,0x31,0x39,0x27,0x2C,0x25,0x00,0x27,0x33,0x32,0x2A,
0x2D,0x25,0x32,0x3E,0x25,0xFD,0x29,0x32,0x00,0x32,0x39,0x29,0x37,0x38,0x36,0x33,
0x00,0xF0,0x11,0x3C,0x2D,0x38,0x33,0xE2,0xFF,0xF3,0x04,0x0F,0x3C,0x27,0x29,0x30,
0x29,0x32,0x38,0x29,0xE2,0x00,0x0B,0x2C,0x33,0x36,0x25,0xFC,0x38,0x29,0x32,0x29,
0x31,0x33,0x37,0x00,0x37,0x39,0x2A,0x2D,0x27,0x2D,0x29,0x32,0x38,0x29,0x37,0xFC,
0x37,0x39,0x31,0x2D,0x32,0x2D,0x37,0x38,0x36,0x33,0x37,0x00,0x34,0x25,0x36,0x25,
0xFD,0x30,0x25,0x32,0x3E,0x25,0x36,0x00,0x32,0x39,0x29,0x37,0x38,0x36,0x33,0xFC,
0x25,0x38,0x25,0x35,0x39,0x29,0x00,0x25,0x00,0x2B,0x36,0x25,0x32,0x00,0x29,0x37,
0x27,0x25,0x30,0x25,0xE2,0xFC,0x16,0x33,0x37,0x00,0x34,0x36,0x29,0x34,0x25,0x36,
0x25,0x38,0x2D,0x3A,0x33,0x37,0xFD,0x27,0x25,0x37,0x2D,0x00,0x2C,0x25,0x32,0x00,
0x38,0x29,0x36,0x31,0x2D,0x32,0x25,0x28,0x33,0xE4,0xFC,0x3D,0x00,0x34,0x36,0x33,
0x32,0x38,0x33,0x00,0x25,0x26,0x36,0x2D,0x36,0x29,0x31,0x33,0x37,0xFC,0x2A,0x39,
0x29,0x2B,0x33,0xE2,0x00,0x17,0x39,0x27,0x2C,0x25,0x37,0xFD,0x2B,0x36,0x25,0x27,
0x2D,0x25,0x37,0x00,0x34,0x33,0x36,0x00,0x38,0x39,0xFC,0x25,0x34,0x33,0x3D,0x33,
0xE4,0x00,0x24,0x29,0x36,0x33,0xE2,0xFC,0x0B,0x34,0x36,0x29,0x27,0x2D,0x25,0x31,
0x33,0x37,0x00,0x38,0x39,0xFD,0x25,0x34,0x33,0x3D,0x33,0x00,0x27,0x33,0x32,0x38,
0x2D,0x32,0x39,0x33,0xE2,0xFF,0xF3,0x06,0x0F,0x30,0x00,0x0E,0x25,0x36,0x2F,0x00,
0x0F,0x30,0x2A,0xE2,0xE2,0xE2,0xFC,0x1F,0x32,0x25,0x00,0x30,0x30,0x25,0x3A,0x29,
0x00,0x34,0x25,0x36,0x25,0xFC,0x36,0x33,0x31,0x34,0x29,0x36,0x00,0x29,0x30,0x00,
0x37,0x29,0x30,0x30,0x33,0xE2,0xE2,0xE2,0xFD,0x1A,0x33,0x28,0x29,0x36,0x00,0x2D,
0x32,0x3A,0x29,0x32,0x27,0x2D,0x26,0x30,0x29,0xE2,0xE2,0xE2,0xFD,0x18,0x33,0x00,
0x29,0x37,0x38,0x33,0x3D,0x00,0x37,0x29,0x2B,0x39,0x36,0x25,0xE2,0xE2,0xE2,0xFC,
0xF0,0x1F,0x1B,0x39,0xF0,0x11,0x00,0x34,0x36,0x29,0x38,0x29,0x32,0x28,0x29,0xFC,
0x2C,0x25,0x27,0x29,0x36,0x00,0x0F,0x30,0x34,0x2D,0x3E,0x33,0xE2,0xE2,0xE2,0xF0,
0x08,0xFD,0x0D,0x36,0x29,0x33,0x00,0x35,0x39,0x29,0x00,0x29,0x37,0x38,0xF0,0x10,
0x00,0x31,0x25,0x30,0xFC,0x38,0x36,0x25,0x38,0x25,0x36,0x00,0x28,0x29,0x00,0x38,
0x36,0x25,0x29,0x36,0xFC,0x30,0x25,0x00,0x34,0x25,0x3E,0x00,0x25,0x30,0x00,0x31,
0x39,0x32,0x28,0x33,0xFD,0x27,0x33,0x32,0x00,0x34,0x33,0x28,0x29,0x36,0xE2,0xFD,
0x1A,0x33,0x36,0x00,0x2A,0x25,0x3A,0x33,0x36,0xE4,0x00,0x24,0x29,0x36,0x33,0xE2,
0xE2,0xE2,0xFC,0xF0,0x1E,0x0E,0x29,0x38,0xF0,0x11,0x32,0x30,0x33,0xE4,0x00,0x34,
0x33,0x36,0x00,0x2A,0x25,0x3A,0x33,0x36,0xE5,0xFF,0xF3,0x06,0x1A,0x25,0x36,0x29,
0x27,0x29,0x00,0x35,0x39,0x29,0x00,0x0F,0x30,0x34,0x2D,0x3E,0x33,0xFC,0x2C,0x25,
0x00,0x27,0x33,0x32,0x37,0x29,0x2B,0x39,0x2D,0x28,0x33,0x00,0x29,0x30,0xFC,0x27,
0xF0,0x13,0x28,0x2D,0x2B,0x33,0x00,0x37,0x29,0x27,0x36,0x29,0x38,0x33,0xE2,0xFD,
0x0F,0x30,0x00,0x27,0xF0,0x13,0x28,0x2D,0x2B,0x33,0x00,0x37,0x29,0x27,0x36,0x29,
0x38,0x33,0xFC,0x34,0x39,0x29,0x28,0x29,0x00,0x25,0x26,0x36,0x2D,0x36,0x00,0x30,
0x25,0xFC,0x34,0x39,0x29,0x36,0x38,0x25,0x00,0x2C,0x25,0x27,0x2D,0x25,0x00,0x29,
0x30,0xFD,0xF0,0x10,0x36,0x29,0x25,0x00,0x28,0x29,0x00,0x31,0xF0,0x10,0x3C,0x2D,
0x31,0x25,0xFC,0x37,0x29,0x2B,0x39,0x36,0x2D,0x28,0x25,0x28,0x00,0x29,0x32,0x00,
0x18,0x29,0x33,0xFC,0x0B,0x36,0x27,0x25,0x28,0x2D,0x25,0xE2,0xE2,0xE2,0xFD,0x1D,
0x39,0x34,0x33,0x32,0x2B,0x33,0xE2,0xE2,0xE2,0xFC,0x0F,0x30,0x00,0x0E,0x25,0x36,
0x2F,0x00,0x0F,0x30,0x2A,0x00,0x29,0x37,0x38,0xF0,0x10,0xFC,0x29,0x32,0x27,0x29,
0x36,0x36,0x25,0x28,0x33,0x00,0x25,0x30,0x30,0xF0,0x12,0xE2,0xE2,0xE2,0xFF,0xF3,
0x06,0x1A,0x25,0x36,0x29,0x27,0x29,0x00,0x35,0x39,0x29,0x00,0x2C,0x25,0xFC,0x36,
0x33,0x26,0x25,0x28,0x33,0x00,0x39,0x32,0x00,0x38,0x36,0x25,0x32,0x37,0x34,0x33,
0x36,0x38,0x29,0xFC,0x28,0x29,0x00,0x30,0x25,0x00,0x2A,0xF0,0x10,0x26,0x36,0x2D,
0x27,0x25,0xE2,0xFD,0x0F,0x37,0x00,0x27,0x2D,0x29,0x36,0x38,0x33,0x00,0x35,0x39,
0x29,0x00,0x32,0x33,0xFC,0x34,0x39,0x29,0x28,0x29,0x37,0x00,0x3A,0x2D,0x25,0x2E,
0x25,0x36,0x00,0x25,0x00,0x18,0x29,0x33,0xFC,0x0B,0x36,0x27,0x25,0x28,0x2D,0x25,
0x00,0x27,0x33,0x32,0x00,0x39,0x32,0xFD,0x1E,0x36,0x25,0x32,0x37,0x00,0x1D,0x29,
0x36,0x3A,0x29,0x36,0xFC,0x34,0x33,0x36,0x38,0xF0,0x10,0x38,0x2D,0x30,0xE4,0x00,
0x34,0x29,0x36,0x33,0xE2,0xE2,0xE2,0xFD,0xF0,0x1E,0x0F,0x30,0x34,0x2D,0x3E,0x33,
0x00,0x34,0x36,0x29,0x38,0x29,0x32,0x28,0x29,0xFC,0x27,0x33,0x30,0x25,0x36,0x37,
0x29,0x00,0x29,0x32,0x00,0x18,0x29,0x33,0xFC,0x0B,0x36,0x27,0x25,0x28,0x2D,0x25,
0x00,0x37,0x33,0x30,0x33,0xE5,0xFF,0xF3,0x06,0x16,0x25,0x00,0x26,0x25,0x30,0x2D,
0x3E,0x25,0x00,0x13,0x10,0x10,0x00,0x35,0x39,0x29,0xFC,0x0F,0x30,0x34,0x2D,0x3E,
0x33,0x00,0x29,0x37,0x38,0x25,0x26,0x25,0xFC,0x26,0x39,0x37,0x27,0x25,0x32,0x28,
0x33,0x00,0x29,0x37,0xE2,0xE2,0xE2,0xFD,0x1F,0x38,0x2D,0x30,0x2D,0x3E,0x25,0x28,
0x25,0x00,0x34,0x25,0x36,0x25,0x00,0x35,0x39,0x29,0xFC,0x29,0x30,0x00,0x36,0x25,
0x28,0x25,0x36,0x00,0x28,0x29,0x00,0x18,0x29,0x33,0xFC,0x0B,0x36,0x27,0x25,0x28,
0x2D,0x25,0x00,0x2D,0x28,0x29,0x32,0x38,0x2D,0x2A,0x2D,0x35,0x39,0x29,0xFD,0x37,
0x2D,0x00,0x29,0x37,0x00,0x25,0x31,0x2D,0x2B,0x33,0x00,0x33,0xFC,0x29,0x32,0x29,
0x31,0x2D,0x2B,0x33,0xE2,0xE2,0xE2,0xFD,0x1D,0xF0,0x11,0x00,0x35,0x39,0x29,0x00,
0x32,0x29,0x27,0x29,0x37,0x2D,0x38,0x25,0x37,0xFC,0x39,0x32,0x25,0x00,0x27,0x39,
0x25,0x32,0x28,0x33,0x00,0x35,0x39,0x2D,0x29,0x36,0x29,0x37,0xFC,0x27,0x33,0x30,
0x25,0x36,0x38,0x29,0x00,0x29,0x32,0x00,0x39,0x32,0x25,0x00,0x26,0x25,0x37,0x29,
0xFD,0x29,0x32,0x29,0x31,0x2D,0x2B,0x25,0x00,0x37,0x2D,0x32,0x00,0x37,0x29,0x36,
0xFC,0x32,0x33,0x38,0x25,0x28,0x33,0xE2,0xE2,0xE2,0x00,0x1A,0x29,0x36,0x33,0x00,
0x32,0x33,0xFD,0x29,0x32,0x38,0x2D,0x29,0x32,0x28,0x33,0x00,0x34,0x33,0x36,0x00,
0x35,0x39,0xF0,0x11,0xFC,0x29,0x37,0x38,0xF0,0x10,0x00,0x2D,0x32,0x38,0x29,0x32,
0x38,0x25,0x32,0x28,0x33,0xFC,0x2C,0x25,0x27,0x29,0x36,0x00,0x29,0x37,0x33,0xE2,
0xE2,0xE2,0xFF,0xF3,0x06,0xF0,0x1E,0x24,0x29,0x36,0x33,0xE5,0x00,0x17,0x29,0x00,
0x25,0x30,0x29,0x2B,0x36,0x25,0xFC,0x35,0x39,0x29,0x00,0x29,0x37,0x38,0xF0,0x11,
0x37,0x00,0x26,0x2D,0x29,0x32,0xE2,0xE2,0xE2,0xFC,0x17,0x39,0x27,0x2C,0x25,0x37,
0x00,0x2B,0x36,0x25,0x27,0x2D,0x25,0x37,0xFD,0x34,0x33,0x36,0x00,0x38,0x39,0x00,
0x29,0x37,0x2A,0x39,0x29,0x36,0x3E,0x33,0xE2,0xFC,0x1A,0x33,0x36,0x00,0x2A,0x25,
0x3A,0x33,0x36,0xE4,0x00,0x28,0x29,0x37,0x27,0x25,0x32,0x37,0x25,0xFC,0x39,0x32,
0x00,0x31,0x33,0x31,0x29,0x32,0x38,0x33,0xE2,0xFF,0xF3,0x06,0x24,0x29,0x36,0x33,
0xE4,0x00,0x2B,0x36,0x25,0x27,0x2D,0x25,0x37,0xFC,0x34,0x33,0x36,0x00,0x38,0x39,
0x00,0x29,0x37,0x2A,0x39,0x29,0x36,0x3E,0x33,0xE2,0xFD,0x1A,0x29,0x36,0x33,0x00,
0x32,0x33,0x00,0x38,0x29,0x00,0x29,0x3C,0x2D,0x2E,0x25,0x37,0xFC,0x28,0x29,0x31,
0x25,0x37,0x2D,0x25,0x28,0x33,0xE2,0xE2,0xE2,0xFC,0x1D,0x2D,0x00,0x25,0x30,0x2B,
0x33,0x00,0x38,0x29,0x00,0x34,0x25,0x37,0x25,0x36,0x25,0xE2,0xE2,0xE2,0xFD,0x23,
0x33,0xE2,0xE2,0xE2,0xFF,0xF3,0x06,0xF0,0x1E,0x24,0x29,0x36,0x33,0xE5,0x00,0xF0,
0x1F,0x0F,0x37,0x38,0xF0,0x10,0x37,0x00,0x26,0x2D,0x29,0x32,0xF0,0x08,0xFD,0x1A,
0x29,0x36,0x28,0xF0,0x13,0x32,0x00,0x34,0x33,0x36,0x00,0x34,0x29,0x28,0x2D,0x36,
0x38,0x29,0xFC,0x25,0x36,0x36,0x2D,0x29,0x37,0x2B,0x25,0x36,0x00,0x38,0x39,0x00,
0x3A,0x2D,0x28,0x25,0xE2,0xE2,0xE2,0xFF,0xF3,0x06,0xF0,0x1E,0x24,0x29,0x36,0x33,
0xE5,0x00,0x0F,0x37,0x38,0x39,0x3A,0x29,0x00,0x31,0x39,0x3D,0xFC,0x34,0x36,0x29,
0x33,0x27,0x39,0x34,0x25,0x28,0x25,0x00,0x34,0x33,0x36,0x00,0x38,0x2D,0xE2,0xE2,
0xE2,0xFD,0x1A,0x36,0x33,0x32,0x38,0x33,0x00,0x34,0x33,0x28,0x36,0xF0,0x10,0x37,
0xFC,0x30,0x30,0x29,0x2B,0x25,0x36,0x00,0x25,0x00,0x30,0x25,0x00,0x34,0x25,0x36,
0x38,0x29,0xFC,0x31,0xF0,0x10,0x37,0x00,0x34,0x36,0x33,0x2A,0x39,0x32,0x28,0x25,
0x00,0x28,0x29,0xFD,0x18,0x29,0x33,0x00,0x0B,0x36,0x27,0x25,0x28,0x2D,0x25,0xE4,
0x00,0x28,0x33,0x32,0x28,0x29,0xFC,0x29,0x37,0x38,0xF0,0x10,0x00,0x37,0x29,0x30,
0x30,0x25,0x28,0x33,0x00,0x29,0x30,0xFC,0x0E,0x25,0x36,0x2F,0x00,0x0F,0x30,0x2A,
0xE2,0xFF,
};
alignas(16) inline constexpr uint16_t mmz2_msg01_script_offsets[] = {
0x0000,0x0019,0x0034,0x0051,0x009B,0x00E5,0x0130,0x0173,
0x01B7,0x01F4,0x0232,0x0267,0x02AC,0x02F2,0x0339,0x0381,
0x03C8,0x0410,0x0450,0x0491,0x04C9,0x0512,0x0562,0x05B5,
0x05D2,0x05D2,0x05D2,0x05D2,0x05D2,0x05D2,0x05D2,0x0618,
0x065C,0x06A2,0x06E7,0x072C,0x0772,0x07B1,0x07ED,0x0829,
0x0873,0x0873,0x08B5,0x08F2,0x0935,0x0976,0x09B8,0x09F9,
0x0A39,0x0A7A,0x0ABE,0x0AF7,0x0B14,0x0B31,0x0B4E,0x0B6B,
0x0B87,0x0BA4,0x0BC0,0x0BDE,0x0BFB,0x0C18,0x0C35,0x0C52,
0x0C6E,0x0C8B,0x0CA7,0x0CC4,0x0CE1,0x0CFE,0x0D1C,0x0D3A,
0x0D58,0x0D76,0x0D94,0x0DB2,0x0DD0,0x0DEE,0x0E2E,0x0E4B,
0x0E66,0x0E82,0x0EA0,0x0EBD,0x0EDB,0x0EFA,0x0F18,0x0F36,
0x0F54,0x0F72,0x0F90,0x0FAE,0x0FCC,0x0FEA,0x1008,0x1027,
0x1045,0x1063,0x1081,0x109F,0x10BD,0x10DB,0x10FA,0x1118,
0x1136,0x1175,0x1192,0x11AF,0x11CE,0x11ED,0x120B,0x1229,
0x1248,0x1266,0x1285,0x12A5,0x12C3,0x12E2,0x1301,0x1320,
0x1340,0x135E,0x137C,0x1399,0x13B8,0x13D7,0x13F7,0x1416,
0x1432,0x144F,0x146D,0x148B,0x14A6,
};
constexpr int mmz2_msg01_num_entries = 133;
alignas(16) inline constexpr uint8_t mmz2_msg01_script_data[] = {
0xF0,0x1E,0x19,0x26,0x38,0x39,0x3A,0x2D,0x37,0x38,0x29,0x00,0x29,0x30,0x00,0x13,
0x27,0x29,0x00,0x0D,0x2C,0x2D,0x34,0xE5,0xFF,0xF0,0x1E,0x19,0x26,0x38,0x39,0x3A,
0x2D,0x37,0x38,0x29,0x00,0x29,0x30,0x00,0x10,0x30,0x25,0x31,0x29,0x00,0x0D,0x2C,
0x2D,0x34,0xE5,0xFF,0xF0,0x1E,0x19,0x26,0x38,0x39,0x3A,0x2D,0x37,0x38,0x29,0x00,
0x29,0x30,0x00,0x1E,0x2C,0x39,0x32,0x28,0x29,0x36,0x00,0x0D,0x2C,0x2D,0x34,0xE5,
0xFF,0xF0,0x1E,0x0C,0x39,0x37,0x38,0x29,0x36,0x00,0x1D,0x2C,0x33,0x38,0x00,0x1D,
0x2F,0x2D,0x30,0x30,0x00,0x1F,0x34,0xE5,0xFD,0xF0,0x1E,0x0B,0x2C,0x33,0x36,0x25,
0x00,0x34,0x39,0x29,0x28,0x29,0x37,0x00,0x27,0x25,0x36,0x2B,0x25,0x36,0x00,0x38,
0x39,0xFD,0x0C,0x39,0x37,0x38,0x29,0x36,0x00,0x2C,0x25,0x37,0x38,0x25,0x00,0x03,
0x00,0x32,0x2D,0x3A,0x29,0x30,0x29,0x37,0xE5,0xE5,0xFF,0xF0,0x1E,0x0C,0x39,0x37,
0x38,0x29,0x36,0x00,0x1D,0x2C,0x33,0x38,0x00,0x1D,0x2F,0x2D,0x30,0x30,0x00,0x1F,
0x34,0xE5,0xFD,0xF0,0x1E,0x0B,0x2C,0x33,0x36,0x25,0x00,0x34,0x39,0x29,0x28,0x29,
0x37,0x00,0x27,0x25,0x36,0x2B,0x25,0x36,0x00,0x38,0x39,0xFD,0x0C,0x39,0x37,0x38,
0x29,0x36,0x00,0x29,0x32,0x00,0x31,0x29,0x32,0x33,0x36,0x00,0x38,0x2D,0x29,0x31,
0x34,0x33,0xE5,0xE5,0xFF,0xF0,0x1E,0x0C,0x39,0x37,0x38,0x29,0x36,0x00,0x1D,0x2C,
0x33,0x38,0x00,0x1D,0x2F,0x2D,0x30,0x30,0x00,0x17,0x0B,0x22,0xE5,0xFD,0xF0,0x1E,
0x0B,0x2C,0x33,0x36,0x25,0x00,0x34,0x39,0x29,0x28,0x29,0x37,0x00,0x27,0x25,0x36,
0x2B,0x25,0x36,0x00,0x38,0x39,0xFD,0x0C,0x39,0x37,0x38,0x29,0x36,0x00,0x29,0x32,
0x00,0x31,0x29,0x32,0x33,0x36,0x00,0x38,0x2D,0x29,0x31,0x34,0x33,0xE5,0xE5,0xFF,
0xF0,0x1E,0x0C,0x39,0x37,0x38,0x29,0x36,0x00,0x1D,0x2C,0x33,0x38,0x00,0x1D,0x2F,
0x2D,0x30,0x30,0x00,0x1F,0x34,0xE5,0xFD,0xF0,0x1E,0x0B,0x2C,0x33,0x36,0x25,0x00,
0x34,0x39,0x29,0x28,0x29,0x37,0x00,0x28,0x2D,0x37,0x34,0x25,0x36,0x25,0x36,0x00,
0x05,0xFD,0x26,0x25,0x30,0x25,0x37,0x00,0x25,0x00,0x30,0x25,0x00,0x3A,0x29,0x3E,
0xE5,0xE5,0xFF,0xF0,0x1E,0x0C,0x39,0x37,0x38,0x29,0x36,0x00,0x1D,0x2C,0x33,0x38,
0x00,0x1D,0x2F,0x2D,0x30,0x30,0x00,0x17,0x0B,0x22,0xE5,0xFD,0xF0,0x1E,0x0B,0x2C,
0x33,0x36,0x25,0x00,0x34,0x39,0x29,0x28,0x29,0x37,0x00,0x28,0x2D,0x37,0x34,0x25,
0x36,0x25,0x36,0x00,0x05,0xFD,0x26,0x25,0x30,0x25,0x37,0x00,0x25,0x00,0x30,0x25,
0x00,0x3A,0x29,0x3E,0xE5,0xE5,0xFF,0xF0,0x1E,0x24,0x00,0x1D,0x25,0x26,0x29,0x36,
0x00,0x1D,0x2F,0x2D,0x30,0x30,0x00,0x1F,0x34,0xE5,0xFD,0xF0,0x1E,0x0B,0x2C,0x33,
0x36,0x25,0x00,0x34,0x39,0x29,0x28,0x29,0x37,0x00,0x36,0x29,0x25,0x30,0x2D,0x3E,
0x25,0x36,0x00,0x39,0x32,0xFD,0x28,0x33,0x26,0x30,0x29,0x00,0x37,0x30,0x25,0x37,
0x2C,0xE5,0xE5,0xFF,0xF0,0x1E,0x24,0x00,0x1D,0x25,0x26,0x29,0x36,0x00,0x1D,0x2F,
0x2D,0x30,0x30,0x00,0x1F,0x34,0xE5,0xFD,0xF0,0x1E,0x0B,0x2C,0x33,0x36,0x25,0x00,
0x34,0x39,0x29,0x28,0x29,0x37,0x00,0x36,0x29,0x25,0x30,0x2D,0x3E,0x25,0x36,0x00,
0x39,0x32,0xFD,0x38,0x36,0x2D,0x34,0x30,0x29,0x00,0x37,0x30,0x25,0x37,0x2C,0xE5,
0xE5,0xFF,0xF0,0x1E,0x24,0x00,0x1D,0x25,0x26,0x29,0x36,0x00,0x1D,0x2F,0x2D,0x30,
0x30,0x00,0x1F,0x34,0xE5,0xFD,0xF0,0x1E,0x0B,0x2C,0x33,0x36,0x25,0x00,0x34,0x39,
0x29,0x28,0x29,0x37,0x00,0x27,0x25,0x36,0x2B,0x25,0x36,0x00,0x38,0x39,0xFD,0x37,
0x30,0x25,0x37,0x2C,0xE5,0xE5,0xFF,0xF0,0x1E,0x24,0x00,0x1D,0x25,0x26,0x29,0x36,
0x00,0x1D,0x2F,0x2D,0x30,0x30,0x00,0x1F,0x34,0xE5,0xFD,0xF0,0x1E,0x0B,0x2C,0x33,
0x36,0x25,0x00,0x34,0x39,0x29,0x28,0x29,0x37,0x00,0x27,0x25,0x36,0x2B,0x25,0x36,
0x00,0x38,0x39,0xFD,0x37,0x30,0x25,0x37,0x2C,0x00,0x29,0x32,0x00,0x31,0x29,0x32,
0x33,0x36,0x00,0x38,0x2D,0x29,0x31,0x34,0x33,0xE5,0xE5,0xFF,0xF0,0x1E,0x24,0x00,
0x1D,0x25,0x26,0x29,0x36,0x00,0x1D,0x2F,0x2D,0x30,0x30,0x00,0x17,0x0B,0x22,0xE5,
0xFD,0xF0,0x1E,0x0B,0x2C,0x33,0x36,0x25,0x00,0x34,0x39,0x29,0x28,0x29,0x37,0x00,
0x27,0x25,0x36,0x2B,0x25,0x36,0x00,0x38,0x39,0xFD,0x37,0x30,0x25,0x37,0x2C,0x00,
0x29,0x32,0x00,0x31,0x29,0x32,0x33,0x36,0x00,0x38,0x2D,0x29,0x31,0x34,0x33,0xE5,
0xE5,0xFF,0xF0,0x1E,0x24,0x00,0x1D,0x25,0x26,0x29,0x36,0x00,0x1D,0x2F,0x2D,0x30,
0x30,0x00,0x1F,0x34,0xE5,0xFD,0xF0,0x1E,0x0B,0x2C,0x33,0x36,0x25,0x00,0x34,0x39,
0x29,0x28,0x29,0x37,0x00,0x36,0x29,0x25,0x30,0x2D,0x3E,0x25,0x36,0x00,0x39,0x32,
0xFD,0x2E,0x39,0x31,0x34,0x2D,0x32,0x2B,0x00,0x36,0x33,0x30,0x30,0x2D,0x32,0x2B,
0x00,0x37,0x30,0x25,0x37,0x2C,0xE5,0xE5,0xFF,0xF0,0x1E,0x24,0x00,0x1D,0x25,0x26,
0x29,0x36,0x00,0x1D,0x2F,0x2D,0x30,0x30,0x00,0x17,0x0B,0x22,0xE5,0xFD,0xF0,0x1E,
0x0B,0x2C,0x33,0x36,0x25,0x00,0x34,0x39,0x29,0x28,0x29,0x37,0x00,0x36,0x29,0x25,
0x30,0x2D,0x3E,0x25,0x36,0x00,0x39,0x32,0xFD,0x2E,0x39,0x31,0x34,0x2D,0x32,0x2B,
0x00,0x36,0x33,0x30,0x30,0x2D,0x32,0x2B,0x00,0x37,0x30,0x25,0x37,0x2C,0xE5,0xE5,
0xFF,0xF0,0x1E,0x24,0x00,0x1D,0x25,0x26,0x29,0x36,0x00,0x1D,0x2F,0x2D,0x30,0x30,
0x00,0x1F,0x34,0xE5,0xFD,0xF0,0x1E,0x0B,0x2C,0x33,0x36,0x25,0x00,0x34,0x39,0x29,
0x28,0x29,0x37,0x00,0x36,0x29,0x25,0x30,0x2D,0x3E,0x25,0x36,0x00,0x39,0x32,0xFD,
0x28,0x25,0x37,0x2C,0x2D,0x32,0x2B,0x00,0x36,0x33,0x30,0x30,0x2D,0x32,0x2B,0x00,
0x37,0x30,0x25,0x37,0x2C,0xE5,0xE5,0xFF,0xF0,0x1E,0x24,0x00,0x1D,0x25,0x26,0x29,
0x36,0x00,0x1D,0x2F,0x2D,0x30,0x30,0x00,0x17,0x0B,0x22,0xE5,0xFD,0xF0,0x1E,0x0B,
0x2C,0x33,0x36,0x25,0x00,0x34,0x39,0x29,0x28,0x29,0x37,0x00,0x36,0x29,0x25,0x30,
0x2D,0x3E,0x25,0x36,0x00,0x39,0x32,0xFD,0x28,0x25,0x37,0x2C,0x2D,0x32,0x2B,0x00,
0x36,0x33,0x30,0x30,0x2D,0x32,0x2B,0x00,0x37,0x30,0x25,0x37,0x2C,0xE5,0xE5,0xFF,
0xF0,0x1E,0x0D,0x2C,0x25,0x2D,0x32,0x00,0x1C,0x33,0x28,0x00,0x1D,0x2F,0x2D,0x30,
0x30,0x00,0x1F,0x34,0xE5,0xFD,0xF0,0x1E,0x0B,0x2C,0x33,0x36,0x25,0x00,0x34,0x39,
0x29,0x28,0x29,0x37,0x00,0x36,0x29,0x25,0x30,0x2D,0x3E,0x25,0x36,0x00,0x39,0x32,
0xFD,0x28,0x33,0x26,0x30,0x29,0x00,0x25,0x38,0x25,0x35,0x39,0x29,0xE5,0xE5,0xFF,
0xF0,0x1E,0x0D,0x2C,0x25,0x2D,0x32,0x00,0x1C,0x33,0x28,0x00,0x1D,0x2F,0x2D,0x30,
0x30,0x00,0x1F,0x34,0xE5,0xFD,0xF0,0x1E,0x0B,0x2C,0x33,0x36,0x25,0x00,0x34,0x39,
0x29,0x28,0x29,0x37,0x00,0x36,0x29,0x25,0x30,0x2D,0x3E,0x25,0x36,0x00,0x39,0x32,
0xFD,0x38,0x36,0x2D,0x34,0x30,0x29,0x00,0x25,0x38,0x25,0x35,0x39,0x29,0xE5,0xE5,
0xFF,0xF0,0x1E,0x0D,0x2C,0x25,0x2D,0x32,0x00,0x1C,0x33,0x28,0x00,0x1D,0x2F,0x2D,
0x30,0x30,0x00,0x1F,0x34,0xE5,0xFD,0xF0,0x1E,0x0B,0x2C,0x33,0x36,0x25,0x00,0x34,
0x39,0x29,0x28,0x29,0x37,0x00,0x27,0x25,0x36,0x2B,0x25,0x36,0x00,0x38,0x39,0xFD,
0x25,0x38,0x25,0x35,0x39,0x29,0xE5,0xE5,0xFF,0xF0,0x1E,0x0D,0x2C,0x25,0x2D,0x32,
0x00,0x1C,0x33,0x28,0x00,0x1D,0x2F,0x2D,0x30,0x30,0x00,0x17,0x0B,0x22,0xE5,0xFD,
0xF0,0x1E,0x0B,0x2C,0x33,0x36,0x25,0x00,0x34,0x39,0x29,0x28,0x29,0x37,0x00,0x27,
0x25,0x36,0x2B,0x25,0x36,0x00,0x38,0x39,0xFD,0x25,0x38,0x25,0x35,0x39,0x29,0x00,
0x29,0x32,0x00,0x31,0x29,0x32,0x33,0x37,0x00,0x38,0x2D,0x29,0x31,0x34,0x33,0xE5,
0xE5,0xFF,0xF0,0x1E,0x1D,0x2C,0x2D,0x29,0x30,0x28,0x00,0x0C,0x33,0x33,0x31,0x29,
0x36,0x25,0x32,0x2B,0x00,0x1D,0x2F,0x2D,0x30,0x30,0x00,0x1F,0x34,0xE5,0xFD,0xF0,
0x1E,0x0B,0x2C,0x33,0x36,0x25,0x00,0x34,0x39,0x29,0x28,0x29,0x37,0x00,0x36,0x29,
0x25,0x30,0x2D,0x3E,0x25,0x36,0x00,0x39,0x32,0xFD,0x25,0x38,0x25,0x35,0x39,0x29,
0x00,0x28,0x29,0x00,0x36,0x25,0x32,0x2B,0x33,0x00,0x31,0x29,0x28,0x2D,0x33,0xE5,
0xE5,0xFF,0xF0,0x1E,0x1D,0x2C,0x2D,0x29,0x30,0x28,0x00,0x0C,0x33,0x33,0x31,0x29,
0x36,0x25,0x32,0x2B,0x00,0x1D,0x2F,0x2D,0x30,0x30,0x00,0x17,0x0B,0x22,0xE5,0xFD,
0xF0,0x1E,0x0B,0x2C,0x33,0x36,0x25,0x00,0x34,0x39,0x29,0x28,0x29,0x37,0x00,0x36,
0x29,0x25,0x30,0x2D,0x3E,0x25,0x36,0x00,0x39,0x32,0xFD,0x25,0x38,0x25,0x35,0x39,
0x29,0x00,0x28,0x29,0x00,0x30,0x25,0x36,0x2B,0x33,0x00,0x25,0x30,0x27,0x25,0x32,
0x27,0x29,0xE5,0xE5,0xFF,0xF0,0x1E,0x19,0x26,0x38,0x39,0x3A,0x2D,0x37,0x38,0x29,
0x00,0x39,0x32,0x00,0x0D,0x2D,0x26,0x29,0x36,0xF0,0x01,0x29,0x30,0x2A,0x33,0xE5,
0xE5,0xFF,0xF0,0x1E,0x0D,0x25,0x34,0x38,0x39,0x36,0x25,0x37,0x00,0x30,0x25,0x00,
0x0F,0x22,0x00,0x1D,0x2F,0x2D,0x30,0x30,0xFD,0x28,0x29,0x00,0x12,0x3D,0x30,0x29,
0x2B,0x00,0x19,0x39,0x36,0x33,0x26,0x33,0x27,0x2F,0x30,0x29,0xE5,0xFD,0xF0,0x1E,
0x19,0x26,0x38,0x2D,0x29,0x32,0x29,0x37,0x00,0x29,0x30,0x00,0x16,0x25,0x37,0x29,
0x36,0x00,0x1D,0x2C,0x33,0x38,0xE5,0xFF,0xF0,0x1E,0x0D,0x25,0x34,0x38,0x39,0x36,
0x25,0x37,0x00,0x30,0x25,0x00,0x0F,0x22,0x00,0x1D,0x2F,0x2D,0x30,0x30,0xFD,0x28,
0x29,0x00,0x1A,0x33,0x30,0x29,0x36,0x00,0x15,0x25,0x31,0x36,0x33,0x39,0x37,0xE5,
0xFD,0xF0,0x1E,0x19,0x26,0x38,0x2D,0x29,0x32,0x29,0x37,0x00,0x29,0x30,0x00,0x1E,
0x36,0x2D,0x34,0x30,0x29,0x00,0x1D,0x2C,0x33,0x38,0xE5,0xFF,0xF0,0x1E,0x0D,0x25,
0x34,0x38,0x39,0x36,0x25,0x37,0x00,0x30,0x25,0x00,0x0F,0x22,0x00,0x1D,0x2F,0x2D,
0x30,0x30,0xFD,0x28,0x29,0x00,0x1A,0x25,0x32,0x38,0x29,0x36,0x00,0x10,0x30,0x25,
0x39,0x27,0x30,0x25,0x3B,0x37,0xE5,0xFD,0xF0,0x1E,0x19,0x26,0x38,0x2D,0x29,0x32,
0x29,0x37,0x00,0x29,0x30,0x00,0x1D,0x34,0x25,0x36,0x2F,0x00,0x1D,0x2C,0x33,0x38,
0xE5,0xFF,0xF0,0x1E,0x0D,0x25,0x34,0x38,0x39,0x36,0x25,0x37,0x00,0x30,0x25,0x00,
0x0F,0x22,0x00,0x1D,0x2F,0x2D,0x30,0x30,0xFD,0x28,0x29,0x00,0x1A,0x2C,0x33,0x29,
0x32,0x2D,0x3C,0x00,0x17,0x25,0x2B,0x32,0x2D,0x33,0x32,0xE5,0xFD,0xF0,0x1E,0x19,
0x26,0x38,0x2D,0x29,0x32,0x29,0x37,0x00,0x29,0x30,0x00,0x1E,0x29,0x32,0x37,0x2C,
0x33,0x39,0x3E,0x25,0x32,0xE5,0xFF,0xF0,0x1E,0x0D,0x25,0x34,0x38,0x39,0x36,0x25,
0x37,0x00,0x30,0x25,0x00,0x0F,0x22,0x00,0x1D,0x2F,0x2D,0x30,0x30,0xFD,0x28,0x29,
0x00,0x15,0x39,0x3B,0x25,0x2B,0x39,0x37,0x38,0x00,0x0B,0x32,0x27,0x2C,0x39,0x37,
0xE5,0xFD,0xF0,0x1E,0x19,0x26,0x38,0x2D,0x29,0x32,0x29,0x37,0x00,0x29,0x30,0x00,
0x1D,0x29,0x32,0x2B,0x25,0x38,0x33,0x38,0x37,0x39,0xE5,0xFF,0xF0,0x1E,0x0D,0x25,
0x34,0x38,0x39,0x36,0x25,0x37,0x00,0x30,0x25,0x00,0x0F,0x22,0x00,0x1D,0x2F,0x2D,
0x30,0x30,0xFD,0x28,0x29,0x00,0x0C,0x39,0x36,0x26,0x30,0x29,0x00,0x12,0x29,0x2F,
0x29,0x30,0x33,0x38,0xE5,0xFD,0xF0,0x1E,0x19,0x26,0x38,0x2D,0x29,0x32,0x29,0x37,
0x00,0x29,0x30,0x00,0x0F,0x32,0x29,0x36,0x2B,0x3D,0x00,0x0D,0x2C,0x25,0x2D,0x32,
0xE5,0xFF,0xF0,0x1E,0x0D,0x25,0x34,0x38,0x39,0x36,0x25,0x37,0x00,0x30,0x25,0x00,
0x0F,0x22,0x00,0x1D,0x2F,0x2D,0x30,0x30,0xFD,0x28,0x29,0x00,0x16,0x29,0x3A,0x2D,
0x25,0x38,0x2C,0x25,0x32,0xE5,0xFD,0xF0,0x1E,0x19,0x26,0x38,0x2D,0x29,0x32,0x29,
0x37,0x00,0x29,0x30,0x00,0x1D,0x2C,0x25,0x36,0x34,0x00,0x0F,0x28,0x2B,0x29,0xE5,
0xFF,0xF0,0x1E,0x0D,0x25,0x34,0x38,0x39,0x36,0x25,0x37,0x00,0x30,0x25,0x00,0x0F,
0x22,0x00,0x1D,0x2F,0x2D,0x30,0x30,0xFD,0x28,0x29,0x00,0x10,0x29,0x2A,0x32,0x2D,
0x36,0xE5,0xFD,0xF0,0x1E,0x19,0x26,0x38,0x2D,0x29,0x32,0x29,0x37,0x00,0x29,0x30,
0x00,0x0C,0x30,0x25,0x37,0x38,0x00,0x1D,0x2C,0x33,0x38,0xE5,0xFF,0xF0,0x1E,0x0D,
0x25,0x34,0x38,0x39,0x36,0x25,0x37,0x00,0x30,0x25,0x00,0x0F,0x22,0x00,0x1D,0x2F,
0x2D,0x30,0x30,0xFD,0x28,0x29,0x00,0x12,0x25,0x36,0x34,0x39,0x2D,0x25,0xE5,0xFD,
0xF0,0x1E,0x19,0x26,0x38,0x2D,0x29,0x32,0x29,0x37,0x00,0x29,0x30,0x00,0x15,0x33,
0x39,0x2B,0x29,0x32,0x2E,0x2D,0x32,0xE5,0xFF,0xF0,0x1E,0x0D,0x25,0x34,0x38,0x39,
0x36,0x25,0x37,0x00,0x30,0x25,0x00,0x0F,0x22,0x00,0x1D,0x2F,0x2D,0x30,0x30,0xFD,
0x28,0x29,0x00,0x1C,0x25,0x2D,0x32,0x26,0x33,0x3B,0x00,0x0E,0x29,0x3A,0x2D,0x30,
0x00,0x17,0x15,0x03,0xE5,0xFD,0xF0,0x1E,0x19,0x26,0x38,0x2D,0x29,0x32,0x29,0x37,
0x00,0x29,0x30,0x00,0x10,0x2D,0x30,0x38,0x29,0x36,0x00,0x1D,0x2C,0x2D,0x29,0x30,
0x28,0xE5,0xFF,0x1F,0x32,0x25,0x00,0x32,0x39,0x29,0x3A,0x25,0x00,0x2A,0x33,0x36,
0x31,0x25,0x00,0x2C,0x25,0xFD,0x28,0x29,0x37,0x34,0x29,0x36,0x38,0x25,0x28,0x33,
0xE2,0xE2,0xE2,0xFD,0x16,0x25,0x00,0x0F,0x32,0x29,0x36,0x2B,0x3D,0x00,0x10,0x33,
0x36,0x31,0x00,0x29,0x37,0x38,0xF0,0x10,0xFD,0x28,0x2D,0x37,0x34,0x33,0x32,0x2D,
0x26,0x30,0x29,0xE2,0xFF,0x1F,0x32,0x25,0x00,0x32,0x39,0x29,0x3A,0x25,0x00,0x2A,
0x33,0x36,0x31,0x25,0x00,0x2C,0x25,0xFD,0x28,0x29,0x37,0x34,0x29,0x36,0x38,0x25,
0x28,0x33,0xE2,0xE2,0xE2,0xFD,0x16,0x25,0x00,0x22,0x00,0x10,0x33,0x36,0x31,0x00,
0x29,0x37,0x38,0xF0,0x10,0xFD,0x28,0x2D,0x37,0x34,0x33,0x32,0x2D,0x26,0x30,0x29,
0xE2,0xFF,0x1F,0x32,0x25,0x00,0x32,0x39,0x29,0x3A,0x25,0x00,0x2A,0x33,0x36,0x31,
0x25,0x00,0x2C,0x25,0xFD,0x28,0x29,0x37,0x34,0x29,0x36,0x38,0x25,0x28,0x33,0xE2,
0xE2,0xE2,0xFD,0x16,0x25,0x00,0x0E,0x29,0x2A,0x29,0x32,0x37,0x29,0x00,0x10,0x33,
0x36,0x31,0x00,0x29,0x37,0x38,0xF0,0x10,0xFD,0x28,0x2D,0x37,0x34,0x33,0x32,0x2D,
0x26,0x30,0x29,0xE2,0xFF,0x1F,0x32,0x25,0x00,0x32,0x39,0x29,0x3A,0x25,0x00,0x2A,
0x33,0x36,0x31,0x25,0x00,0x2C,0x25,0xFD,0x28,0x29,0x37,0x34,0x29,0x36,0x38,0x25,
0x28,0x33,0xE2,0xE2,0xE2,0xFD,0x16,0x25,0x00,0x0F,0x36,0x25,0x37,0x29,0x00,0x10,
0x33,0x36,0x31,0x00,0x29,0x37,0x38,0xF0,0x10,0xFD,0x28,0x2D,0x37,0x34,0x33,0x32,
0x2D,0x26,0x30,0x29,0xE2,0xFF,0x1F,0x32,0x25,0x00,0x32,0x39,0x29,0x3A,0x25,0x00,
0x2A,0x33,0x36,0x31,0x25,0x00,0x2C,0x25,0xFD,0x28,0x29,0x37,0x34,0x29,0x36,0x38,
0x25,0x28,0x33,0xE2,0xE2,0xE2,0xFD,0x16,0x25,0x00,0x0B,0x27,0x38,0x2D,0x3A,0x29,
0x00,0x10,0x33,0x36,0x31,0x00,0x29,0x37,0x38,0xF0,0x10,0xFD,0x28,0x2D,0x37,0x34,
0x33,0x32,0x2D,0x26,0x30,0x29,0xE2,0xFF,0x1F,0x32,0x25,0x00,0x32,0x39,0x29,0x3A,
0x25,0x00,0x2A,0x33,0x36,0x31,0x25,0x00,0x2C,0x25,0xFD,0x28,0x29,0x37,0x34,0x29,
0x36,0x38,0x25,0x28,0x33,0xE2,0xE2,0xE2,0xFD,0x16,0x25,0x00,0x1A,0x33,0x3B,0x29,
0x36,0x00,0x10,0x33,0x36,0x31,0x00,0x29,0x37,0x38,0xF0,0x10,0xFD,0x28,0x2D,0x37,
0x34,0x33,0x32,0x2D,0x26,0x30,0x29,0xE2,0xFF,0x1F,0x32,0x25,0x00,0x32,0x39,0x29,
0x3A,0x25,0x00,0x2A,0x33,0x36,0x31,0x25,0x00,0x2C,0x25,0xFD,0x28,0x29,0x37,0x34,
0x29,0x36,0x38,0x25,0x28,0x33,0xE2,0xE2,0xE2,0xFD,0x16,0x25,0x00,0x1C,0x2D,0x37,
0x29,0x00,0x10,0x33,0x36,0x31,0x00,0x29,0x37,0x38,0xF0,0x10,0xFD,0x28,0x2D,0x37,
0x34,0x33,0x32,0x2D,0x26,0x30,0x29,0xE2,0xFF,0x1F,0x32,0x25,0x00,0x32,0x39,0x29,
0x3A,0x25,0x00,0x2A,0x33,0x36,0x31,0x25,0x00,0x2C,0x25,0xFD,0x28,0x29,0x37,0x34,
0x29,0x36,0x38,0x25,0x28,0x33,0xE2,0xE2,0xE2,0xFD,0x16,0x25,0x00,0x1A,0x36,0x33,
0x38,0x33,0x00,0x10,0x33,0x36,0x31,0x00,0x29,0x37,0x38,0xF0,0x10,0xFD,0x28,0x2D,
0x37,0x34,0x33,0x32,0x2D,0x26,0x30,0x29,0xE2,0xFF,0x1F,0x32,0x25,0x00,0x32,0x39,
0x29,0x3A,0x25,0x00,0x2A,0x33,0x36,0x31,0x25,0x00,0x2C,0x25,0xFD,0x28,0x29,0x37,
0x34,0x29,0x36,0x38,0x25,0x28,0x33,0xE2,0xE2,0xE2,0xFD,0x16,0x25,0x00,0x1F,0x30,
0x38,0x2D,0x31,0x25,0x38,0x29,0x00,0x10,0x33,0x36,0x31,0x00,0x29,0x37,0x38,0xF0,
0x10,0xFD,0x28,0x2D,0x37,0x34,0x33,0x32,0x2D,0x26,0x30,0x29,0xE2,0xFF,0x19,0x26,
0x38,0x2D,0x29,0x32,0x29,0x37,0x00,0x0D,0x2D,0x26,0x29,0x36,0xF0,0x01,0x29,0x30,
0x2A,0x33,0x00,0x11,0x36,0x25,0x32,0x28,0x2D,0x29,0xE2,0xFD,0x0D,0x2D,0x29,0x30,
0xE3,0xFD,0x0F,0x37,0x00,0x39,0x32,0x00,0x29,0x30,0x2A,0x33,0x00,0x34,0x36,0x29,
0x27,0x2D,0x33,0x37,0x33,0xE2,0xFF,0x19,0x26,0x38,0x2D,0x29,0x32,0x29,0x37,0x00,
0x0D,0x2D,0x26,0x29,0x36,0xF0,0x01,0x29,0x30,0x2A,0x33,0x00,0x23,0x29,0x34,0x34,
0x2D,0x29,0xE2,0xFF,0x19,0x26,0x38,0x2D,0x29,0x32,0x29,0x37,0x00,0x0D,0x2D,0x26,
0x29,0x36,0xF0,0x01,0x29,0x30,0x2A,0x33,0x00,0x10,0x39,0x34,0x34,0x2D,0x29,0xE2,
0xFF,0x19,0x26,0x38,0x2D,0x29,0x32,0x29,0x37,0x00,0x0D,0x2D,0x26,0x29,0x36,0xF0,
0x01,0x29,0x30,0x2A,0x33,0x00,0x17,0x25,0x34,0x34,0x2D,0x29,0xE2,0xFF,0x19,0x26,
0x38,0x2D,0x29,0x32,0x29,0x37,0x00,0x0D,0x2D,0x26,0x29,0x36,0xF0,0x01,0x29,0x30,
0x2A,0x33,0x00,0x0F,0x39,0x34,0x34,0x2D,0x29,0xE2,0xFF,0x19,0x26,0x38,0x2D,0x29,
0x32,0x29,0x37,0x00,0x0D,0x2D,0x26,0x29,0x36,0xF0,0x01,0x29,0x30,0x2A,0x33,0x00,
0x0F,0x37,0x38,0x25,0x32,0xE2,0xFF,0x19,0x26,0x38,0x2D,0x29,0x32,0x29,0x37,0x00,
0x0D,0x2D,0x26,0x29,0x36,0xF0,0x01,0x29,0x30,0x2A,0x33,0x00,0x1A,0x29,0x25,0x38,
0x25,0x32,0xE2,0xFF,0x19,0x26,0x38,0x2D,0x29,0x32,0x29,0x37,0x00,0x0D,0x2D,0x26,
0x29,0x36,0xF0,0x01,0x29,0x30,0x2A,0x33,0x00,0x0B,0x36,0x32,0x39,0x29,0xE2,0xFF,
0x19,0x26,0x38,0x2D,0x29,0x32,0x29,0x37,0x00,0x0D,0x2D,0x26,0x29,0x36,0xF0,0x01,
0x29,0x30,0x2A,0x33,0x00,0x0D,0x2C,0x25,0x36,0x32,0x39,0x29,0xE2,0xFF,0x19,0x26,
0x38,0x2D,0x29,0x32,0x29,0x37,0x00,0x0D,0x2D,0x26,0x29,0x36,0xF0,0x01,0x29,0x30,
0x2A,0x33,0x00,0x15,0x29,0x36,0x29,0x2A,0x2A,0xE2,0xFF,0x19,0x26,0x38,0x2D,0x29,
0x32,0x29,0x37,0x00,0x0D,0x2D,0x26,0x29,0x36,0xF0,0x01,0x29,0x30,0x2A,0x33,0x00,
0x1C,0x2D,0x36,0x29,0x2A,0x2A,0xE2,0xFF,0x19,0x26,0x38,0x2D,0x29,0x32,0x29,0x37,
0x00,0x0D,0x2D,0x26,0x29,0x36,0xF0,0x01,0x29,0x30,0x2A,0x33,0x00,0x17,0x39,0x36,
0x29,0x2A,0x2A,0xE2,0xFF,0x19,0x26,0x38,0x2D,0x29,0x32,0x29,0x37,0x00,0x0D,0x2D,
0x26,0x29,0x36,0xF0,0x01,0x29,0x30,0x2A,0x33,0x00,0x18,0x39,0x36,0x29,0x2A,0x2A,
0xE2,0xFF,0x19,0x26,0x38,0x2D,0x29,0x32,0x29,0x37,0x00,0x0D,0x2D,0x26,0x29,0x36,
0xF0,0x01,0x29,0x30,0x2A,0x33,0x00,0x19,0x36,0x29,0x2A,0x2A,0xE2,0xFF,0x19,0x26,
0x38,0x2D,0x29,0x32,0x29,0x37,0x00,0x0D,0x2D,0x26,0x29,0x36,0xF0,0x01,0x29,0x30,
0x2A,0x33,0x00,0x1A,0x2D,0x36,0x29,0x2A,0x2A,0xE2,0xFF,0x19,0x26,0x38,0x2D,0x29,
0x32,0x29,0x37,0x00,0x0D,0x2D,0x26,0x29,0x36,0xF0,0x01,0x29,0x30,0x2A,0x33,0x00,
0x0F,0x31,0x2D,0x27,0x2F,0xE2,0xFF,0x19,0x26,0x38,0x2D,0x29,0x32,0x29,0x37,0x00,
0x0D,0x2D,0x26,0x29,0x36,0xF0,0x01,0x29,0x30,0x2A,0x33,0x00,0x1D,0x25,0x38,0x2D,
0x27,0x2F,0xE2,0xFF,0x19,0x26,0x38,0x2D,0x29,0x32,0x29,0x37,0x00,0x0D,0x2D,0x26,
0x29,0x36,0xF0,0x01,0x29,0x30,0x2A,0x33,0x00,0x1A,0x25,0x36,0x2D,0x27,0x2F,0xE2,
0xFF,0x19,0x26,0x38,0x2D,0x29,0x32,0x29,0x37,0x00,0x0D,0x2D,0x26,0x29,0x36,0xF0,
0x01,0x29,0x30,0x2A,0x33,0x00,0x17,0x2D,0x38,0x2D,0x27,0x2F,0xE2,0xFF,0x19,0x26,
0x38,0x2D,0x29,0x32,0x29,0x37,0x00,0x0D,0x2D,0x26,0x29,0x36,0xF0,0x01,0x29,0x30,
0x2A,0x33,0x00,0x13,0x37,0x2C,0x2D,0x30,0x25,0x36,0xE2,0xFF,0x19,0x26,0x38,0x2D,
0x29,0x32,0x29,0x37,0x00,0x0D,0x2D,0x26,0x29,0x36,0xF0,0x01,0x29,0x30,0x2A,0x33,
0x00,0x1E,0x33,0x31,0x2D,0x30,0x25,0x36,0xE2,0xFF,0x19,0x26,0x38,0x2D,0x29,0x32,
0x29,0x37,0x00,0x0D,0x2D,0x26,0x29,0x36,0xF0,0x01,0x29,0x30,0x2A,0x33,0x00,0x17,
0x2D,0x2F,0x2D,0x30,0x25,0x36,0xE2,0xFF,0x19,0x26,0x38,0x2D,0x29,0x32,0x29,0x37,
0x00,0x0D,0x2D,0x26,0x29,0x36,0xF0,0x01,0x29,0x30,0x2A,0x33,0x00,0x1C,0x29,0x31,
0x2D,0x30,0x25,0x36,0xE2,0xFF,0x19,0x26,0x38,0x2D,0x29,0x32,0x29,0x37,0x00,0x0D,
0x2D,0x26,0x29,0x36,0xF0,0x01,0x29,0x30,0x2A,0x33,0x00,0x0D,0x39,0x30,0x33,0x34,
0x34,0x29,0xE2,0xFF,0x19,0x26,0x38,0x2D,0x29,0x32,0x29,0x37,0x00,0x0D,0x2D,0x26,
0x29,0x36,0xF0,0x01,0x29,0x30,0x2A,0x33,0x00,0x17,0x2D,0x30,0x33,0x34,0x34,0x29,
0xE2,0xFF,0x19,0x26,0x38,0x2D,0x29,0x32,0x29,0x37,0x00,0x0D,0x2D,0x26,0x29,0x36,
0xF0,0x01,0x29,0x30,0x2A,0x33,0x00,0x17,0x29,0x30,0x33,0x34,0x34,0x29,0xE2,0xFF,
0x19,0x26,0x38,0x2D,0x29,0x32,0x29,0x37,0x00,0x0D,0x2D,0x26,0x29,0x36,0xF0,0x01,
0x29,0x30,0x2A,0x33,0x00,0x1C,0x29,0x30,0x33,0x34,0x34,0x29,0xE2,0xFF,0x19,0x26,
0x38,0x2D,0x29,0x32,0x29,0x37,0x00,0x0D,0x2D,0x26,0x29,0x36,0xF0,0x01,0x29,0x30,
0x2A,0x33,0x00,0x1A,0x39,0x38,0x2D,0x27,0x2F,0xE2,0xFD,0x0D,0x2D,0x29,0x30,0xE3,
0xFD,0x12,0x25,0x30,0x30,0x25,0x37,0x38,0x29,0x00,0x39,0x32,0x00,0x0F,0x30,0x2A,
0x33,0x00,0x1C,0x25,0x36,0x33,0xE4,0x00,0x24,0x29,0x36,0x33,0xE2,0xFF,0x19,0x26,
0x38,0x2D,0x29,0x32,0x29,0x37,0x00,0x0D,0x2D,0x26,0x29,0x36,0xF0,0x01,0x29,0x30,
0x2A,0x33,0x00,0x14,0x29,0x38,0x38,0x25,0x2C,0xE2,0xFF,0x19,0x26,0x38,0x2D,0x29,
0x32,0x29,0x37,0x00,0x0D,0x2D,0x26,0x29,0x36,0xF0,0x01,0x29,0x30,0x2A,0x33,0x00,
0x0B,0x38,0x38,0x2D,0xE2,0xFF,0x19,0x26,0x38,0x2D,0x29,0x32,0x29,0x37,0x00,0x0D,
0x2D,0x26,0x29,0x36,0xF0,0x01,0x29,0x30,0x2A,0x33,0x00,0x15,0x29,0x30,0x33,0x32,
0xE2,0xFF,0x19,0x26,0x38,0x2D,0x29,0x32,0x29,0x37,0x00,0x0D,0x2D,0x26,0x29,0x36,
0xF0,0x01,0x29,0x30,0x2A,0x33,0x00,0x10,0x39,0x26,0x39,0x2A,0x2A,0x25,0xE2,0xFF,
0x19,0x26,0x38,0x2D,0x29,0x32,0x29,0x37,0x00,0x0D,0x2D,0x26,0x29,0x36,0xF0,0x01,
0x29,0x30,0x2A,0x33,0x00,0x0C,0x2D,0x36,0x3B,0x2D,0x32,0xE2,0xFF,0x19,0x26,0x38,
0x2D,0x29,0x32,0x29,0x37,0x00,0x0D,0x2D,0x26,0x29,0x36,0xF0,0x01,0x29,0x30,0x2A,
0x33,0x00,0x0C,0x2D,0x36,0x25,0x29,0x36,0x33,0xE2,0xFF,0x19,0x26,0x38,0x2D,0x29,
0x32,0x29,0x37,0x00,0x0D,0x2D,0x26,0x29,0x36,0xF0,0x01,0x29,0x30,0x2A,0x33,0xFD,
0x0C,0x2D,0x36,0x27,0x25,0x36,0x36,0x3D,0xE2,0xFF,0x19,0x26,0x38,0x2D,0x29,0x32,
0x29,0x37,0x00,0x0D,0x2D,0x26,0x29,0x36,0xF0,0x01,0x29,0x30,0x2A,0x33,0x00,0x0C,
0x2D,0x36,0x2C,0x25,0x32,0x2B,0xE2,0xFF,0x19,0x26,0x38,0x2D,0x29,0x32,0x29,0x37,
0x00,0x0D,0x2D,0x26,0x29,0x36,0xF0,0x01,0x29,0x30,0x2A,0x33,0x00,0x0C,0x2D,0x36,
0x2A,0x30,0x33,0x3B,0xE2,0xFF,0x19,0x26,0x38,0x2D,0x29,0x32,0x29,0x37,0x00,0x0D,
0x2D,0x26,0x29,0x36,0xF0,0x01,0x29,0x30,0x2A,0x33,0x00,0x0C,0x2D,0x36,0x2C,0x29,
0x30,0x34,0xE2,0xFF,0x19,0x26,0x38,0x2D,0x29,0x32,0x29,0x37,0x00,0x0D,0x2D,0x26,
0x29,0x36,0xF0,0x01,0x29,0x30,0x2A,0x33,0x00,0x0C,0x29,0x29,0x37,0x39,0x30,0x38,
0xE2,0xFF,0x19,0x26,0x38,0x2D,0x29,0x32,0x29,0x37,0x00,0x0D,0x2D,0x26,0x29,0x36,
0xF0,0x01,0x29,0x30,0x2A,0x33,0x00,0x0C,0x29,0x29,0x37,0x2C,0x33,0x38,0xE2,0xFF,
0x19,0x26,0x38,0x2D,0x29,0x32,0x29,0x37,0x00,0x0D,0x2D,0x26,0x29,0x36,0xF0,0x01,
0x29,0x30,0x2A,0x33,0x00,0x0C,0x29,0x29,0x37,0x38,0x2D,0x32,0xE2,0xFF,0x19,0x26,
0x38,0x2D,0x29,0x32,0x29,0x37,0x00,0x0D,0x2D,0x26,0x29,0x36,0xF0,0x01,0x29,0x30,
0x2A,0x33,0x00,0x0C,0x29,0x29,0x26,0x2D,0x38,0x29,0xE2,0xFF,0x19,0x26,0x38,0x2D,
0x29,0x32,0x29,0x37,0x00,0x0D,0x2D,0x26,0x29,0x36,0xF0,0x01,0x29,0x30,0x2A,0x33,
0x00,0x0C,0x29,0x29,0x2C,0x2D,0x38,0x38,0xE2,0xFF,0x19,0x26,0x38,0x2D,0x29,0x32,
0x29,0x37,0x00,0x0D,0x2D,0x26,0x29,0x36,0xF0,0x01,0x29,0x30,0x2A,0x33,0x00,0x0C,
0x29,0x29,0x2A,0x2D,0x36,0x29,0xE2,0xFF,0x19,0x26,0x38,0x2D,0x29,0x32,0x29,0x37,
0x00,0x0D,0x2D,0x26,0x29,0x36,0xF0,0x01,0x29,0x30,0x2A,0x33,0xFD,0x0C,0x29,0x29,
0x30,0x25,0x32,0x27,0x2C,0xE2,0xFF,0x19,0x26,0x38,0x2D,0x29,0x32,0x29,0x37,0x00,
0x0D,0x2D,0x26,0x29,0x36,0xF0,0x01,0x29,0x30,0x2A,0x33,0x00,0x0C,0x29,0x29,0x30,
0x30,0x29,0x38,0xE2,0xFF,0x19,0x26,0x38,0x2D,0x29,0x32,0x29,0x37,0x00,0x0D,0x2D,
0x26,0x29,0x36,0xF0,0x01,0x29,0x30,0x2A,0x33,0x00,0x1D,0x38,0x2D,0x27,0x2F,0x25,
0x2C,0xE2,0xFF,0x19,0x26,0x38,0x2D,0x29,0x32,0x29,0x37,0x00,0x0D,0x2D,0x26,0x29,
0x36,0xF0,0x01,0x29,0x30,0x2A,0x33,0x00,0x1D,0x38,0x2D,0x27,0x2F,0x33,0x33,0xE2,
0xFF,0x19,0x26,0x38,0x2D,0x29,0x32,0x29,0x37,0x00,0x0D,0x2D,0x26,0x29,0x36,0xF0,
0x01,0x29,0x30,0x2A,0x33,0x00,0x1D,0x38,0x2D,0x27,0x2F,0x2D,0x29,0xE2,0xFF,0x19,
0x26,0x38,0x2D,0x29,0x32,0x29,0x37,0x00,0x0D,0x2D,0x26,0x29,0x36,0xF0,0x01,0x29,
0x30,0x2A,0x33,0x00,0x1D,0x38,0x2D,0x27,0x2F,0x33,0x2C,0xE2,0xFF,0x19,0x26,0x38,
0x2D,0x29,0x32,0x29,0x37,0x00,0x0D,0x2D,0x26,0x29,0x36,0xF0,0x01,0x29,0x30,0x2A,
0x33,0x00,0x0C,0x33,0x31,0x2B,0x36,0x33,0x3B,0xE2,0xFF,0x19,0x26,0x38,0x2D,0x29,
0x32,0x29,0x37,0x00,0x0D,0x2D,0x26,0x29,0x36,0xF0,0x01,0x29,0x30,0x2A,0x33,0xFD,
0x0C,0x33,0x31,0x37,0x29,0x36,0x33,0x3B,0xE2,0xFF,0x19,0x26,0x38,0x2D,0x29,0x32,
0x29,0x37,0x00,0x0D,0x2D,0x26,0x29,0x36,0xF0,0x01,0x29,0x30,0x2A,0x33,0x00,0x0C,
0x33,0x31,0x34,0x2C,0x29,0x3B,0xE2,0xFF,0x19,0x26,0x38,0x2D,0x29,0x32,0x29,0x37,
0x00,0x0D,0x2D,0x26,0x29,0x36,0xF0,0x01,0x29,0x30,0x2A,0x33,0x00,0x0C,0x33,0x31,
0x26,0x30,0x33,0x3B,0xE2,0xFF,0x19,0x26,0x38,0x2D,0x29,0x32,0x29,0x37,0x00,0x0D,
0x2D,0x26,0x29,0x36,0xF0,0x01,0x29,0x30,0x2A,0x33,0x00,0x0E,0x25,0x26,0x30,0x29,
0xE2,0xFD,0x0D,0x2D,0x29,0x30,0xE3,0xFD,0x0F,0x37,0x38,0x29,0x00,0x29,0x30,0x2A,
0x33,0x00,0x29,0x37,0x00,0x32,0x39,0x29,0x3A,0x33,0x00,0x34,0x25,0x36,0x25,0x00,
0x31,0xF0,0x12,0xE2,0xFF,0x19,0x26,0x38,0x2D,0x29,0x32,0x29,0x37,0x00,0x0D,0x2D,
0x26,0x29,0x36,0xF0,0x01,0x29,0x30,0x2A,0x33,0x00,0x17,0x29,0x32,0x2D,0x38,0x29,
0xE2,0xFF,0x19,0x26,0x38,0x2D,0x29,0x32,0x29,0x37,0x00,0x0D,0x2D,0x26,0x29,0x36,
0xF0,0x01,0x29,0x30,0x2A,0x33,0x00,0x16,0x25,0x32,0x2D,0x38,0x29,0xE2,0xFF,0x19,
0x26,0x38,0x2D,0x29,0x32,0x29,0x37,0x00,0x0D,0x2D,0x26,0x29,0x36,0xF0,0x01,0x29,
0x30,0x2A,0x33,0xFD,0x12,0x25,0x2A,0x31,0x25,0x36,0x28,0x33,0xE2,0xFF,0x19,0x26,
0x38,0x2D,0x29,0x32,0x29,0x37,0x00,0x0D,0x2D,0x26,0x29,0x36,0xF0,0x01,0x29,0x30,
0x2A,0x33,0xFD,0x12,0x25,0x2A,0x31,0x25,0x36,0x31,0x32,0xE2,0xFF,0x19,0x26,0x38,
0x2D,0x29,0x32,0x29,0x37,0x00,0x0D,0x2D,0x26,0x29,0x36,0xF0,0x01,0x29,0x30,0x2A,
0x33,0x00,0x1D,0x38,0x33,0x27,0x27,0x39,0x31,0xE2,0xFF,0x19,0x26,0x38,0x2D,0x29,
0x32,0x29,0x37,0x00,0x0D,0x2D,0x26,0x29,0x36,0xF0,0x01,0x29,0x30,0x2A,0x33,0x00,
0x1D,0x38,0x33,0x27,0x2F,0x29,0x30,0xE2,0xFF,0x19,0x26,0x38,0x2D,0x29,0x32,0x29,
0x37,0x00,0x0D,0x2D,0x26,0x29,0x36,0xF0,0x01,0x29,0x30,0x2A,0x33,0xFD,0x1D,0x38,
0x33,0x27,0x38,0x38,0x39,0x37,0xE2,0xFF,0x19,0x26,0x38,0x2D,0x29,0x32,0x29,0x37,
0x00,0x0D,0x2D,0x26,0x29,0x36,0xF0,0x01,0x29,0x30,0x2A,0x33,0x00,0x1D,0x38,0x33,
0x27,0x38,0x29,0x31,0xE2,0xFF,0x19,0x26,0x38,0x2D,0x29,0x32,0x29,0x37,0x00,0x0D,
0x2D,0x26,0x29,0x36,0xF0,0x01,0x29,0x30,0x2A,0x33,0xFD,0x1D,0x38,0x33,0x27,0x34,
0x39,0x37,0x37,0xE2,0xFF,0x19,0x26,0x38,0x2D,0x29,0x32,0x29,0x37,0x00,0x0D,0x2D,
0x26,0x29,0x36,0xF0,0x01,0x29,0x30,0x2A,0x33,0x00,0xFD,0x1D,0x38,0x33,0x27,0x34,
0x29,0x30,0x30,0xE2,0xFF,0x19,0x26,0x38,0x2D,0x29,0x32,0x29,0x37,0x00,0x0D,0x2D,
0x26,0x29,0x36,0xF0,0x01,0x29,0x30,0x2A,0x33,0x00,0x0D,0x30,0x33,0x27,0x2F,0x30,
0x29,0xE2,0xFF,0x19,0x26,0x38,0x2D,0x29,0x32,0x29,0x37,0x00,0x0D,0x2D,0x26,0x29,
0x36,0xF0,0x01,0x29,0x30,0x2A,0x33,0xFD,0x0D,0x30,0x33,0x27,0x37,0x39,0x30,0x29,
0xE2,0xFF,0x19,0x26,0x38,0x2D,0x29,0x32,0x29,0x37,0x00,0x0D,0x2D,0x26,0x29,0x36,
0xF0,0x01,0x29,0x30,0x2A,0x33,0xFD,0x0D,0x30,0x33,0x27,0x38,0x29,0x30,0x30,0xE2,
0xFF,0x19,0x26,0x38,0x2D,0x29,0x32,0x29,0x37,0x00,0x0D,0x2D,0x26,0x29,0x36,0xF0,
0x01,0x29,0x30,0x2A,0x33,0xFD,0x0D,0x30,0x33,0x27,0x34,0x39,0x30,0x30,0xE2,0xFF,
0x19,0x26,0x38,0x2D,0x29,0x32,0x29,0x37,0x00,0x0D,0x2D,0x26,0x29,0x36,0xF0,0x01,
0x29,0x30,0x2A,0x33,0x00,0xFD,0x13,0x38,0x29,0x31,0x29,0x38,0x29,0x36,0xE2,0xFF,
0x19,0x26,0x38,0x2D,0x29,0x32,0x29,0x37,0x00,0x0D,0x2D,0x26,0x29,0x36,0xF0,0x01,
0x29,0x30,0x2A,0x33,0x00,0x13,0x38,0x29,0x36,0x33,0x38,0x2C,0xE2,0xFF,0x19,0x26,
0x38,0x2D,0x29,0x32,0x29,0x37,0x00,0x0D,0x2D,0x26,0x29,0x36,0xF0,0x01,0x29,0x30,
0x2A,0x33,0x00,0x13,0x38,0x29,0x31,0x25,0x37,0x37,0xE2,0xFF,0x19,0x26,0x38,0x2D,
0x29,0x32,0x29,0x37,0x00,0x0D,0x2D,0x26,0x29,0x36,0xF0,0x01,0x29,0x30,0x2A,0x33,
0x00,0x13,0x38,0x29,0x36,0x29,0x3C,0xE2,0xFF,0x19,0x26,0x38,0x2D,0x29,0x32,0x29,
0x37,0x00,0x0D,0x2D,0x26,0x29,0x36,0xF0,0x01,0x29,0x30,0x2A,0x33,0x00,0x17,0xF0,
0x01,0x33,0x36,0x25,0x34,0x34,0xE2,0xFF,0x19,0x26,0x38,0x2D,0x29,0x32,0x29,0x37,
0x00,0x0D,0x2D,0x26,0x29,0x36,0xF0,0x01,0x29,0x30,0x2A,0x33,0x00,0x17,0xF0,0x01,
0x33,0x36,0x2D,0x32,0x25,0xE2,0xFF,0x19,0x26,0x38,0x2D,0x29,0x32,0x29,0x37,0x00,
0x0D,0x2D,0x26,0x29,0x36,0xF0,0x01,0x29,0x30,0x2A,0x33,0xFD,0x17,0xF0,0x01,0x33,
0x36,0x33,0x37,0x37,0x25,0xE2,0xFF,0x19,0x26,0x38,0x2D,0x29,0x32,0x29,0x37,0x00,
0x0D,0x2D,0x26,0x29,0x36,0xF0,0x01,0x29,0x30,0x2A,0x33,0x00,0x17,0xF0,0x01,0x33,
0x36,0x29,0x32,0x33,0xE2,0xFF,0x19,0x26,0x38,0x2D,0x29,0x32,0x29,0x37,0x00,0x0D,
0x2D,0x26,0x29,0x36,0xF0,0x01,0x29,0x30,0x2A,0x33,0x00,0x0B,0x27,0x33,0x33,0x30,
0xE2,0xFF,0x19,0x26,0x38,0x2D,0x29,0x32,0x29,0x37,0x00,0x0D,0x2D,0x26,0x29,0x36,
0xF0,0x01,0x29,0x30,0x2A,0x33,0x00,0x0B,0x37,0x2C,0x2D,0x36,0x33,0xE2,0xFF,0x19,
0x26,0x38,0x2D,0x29,0x32,0x29,0x37,0x00,0x0D,0x2D,0x26,0x29,0x36,0xF0,0x01,0x29,
0x30,0x2A,0x33,0x00,0x0B,0x38,0x29,0x36,0x32,0x29,0x36,0xE2,0xFF,0x19,0x26,0x38,
0x2D,0x29,0x32,0x29,0x37,0x00,0x0D,0x2D,0x26,0x29,0x36,0xF0,0x01,0x29,0x30,0x2A,
0x33,0x00,0x0B,0x32,0x39,0x36,0x36,0x25,0x3D,0xE2,0xFF,0xF0,0x1E,0x19,0x26,0x38,
0x39,0x3A,0x2D,0x37,0x38,0x29,0x00,0x29,0x30,0x00,0x0D,0x2C,0x25,0x2D,0x32,0x00,
0x1C,0x33,0x28,0xE5,0xE5,0xFF,0xF0,0x1E,0x19,0x26,0x38,0x39,0x3A,0x2D,0x37,0x38,
0x29,0x00,0x29,0x30,0x00,0x1D,0x2C,0x2D,0x29,0x30,0x28,0xFD,0x0C,0x33,0x33,0x31,
0x29,0x36,0x25,0x32,0x2B,0xE5,0xE5,0xFF,
};
alignas(16) inline constexpr uint16_t mmz2_msg02_script_offsets[] = {
0x0000,0x0037,0x00F6,0x0129,0x0159,0x01FE,0x02DE,0x03CC,
0x0480,0x0533,0x05B1,0x0605,0x0698,0x0698,0x0698,0x0698,
0x0698,0x0698,0x0698,0x06EE,0x0707,0x072A,0x07B4,0x0807,
0x0909,0x0AE2,0x0CF1,0x0D10,0x0D4C,0x0D4C,0x0EC0,0x1185,
0x13BE,0x13BE,0x13BE,0x13BE,0x13BE,0x13BE,0x13BE,0x13BE,
0x13BE,0x1514,0x154D,0x15BC,0x171A,0x178F,0x17D4,0x1808,
0x1A40,0x1AD6,0x1B24,0x1BAA,0x1BC2,0x1CC6,0x1D05,0x1D57,
0x1D77,0x1E31,0x1F03,0x1F2B,0x1F54,0x1F6A,0x2000,0x2093,
0x2169,0x2505,0x2A30,0x2A87,0x2AD9,0x2B5C,0x2C08,0x2D04,
0x2DB1,0x2DFA,0x2F15,0x2F4E,0x2F8E,0x2FAA,0x309E,0x3143,
0x31DD,0x3228,0x328D,0x32D0,0x336B,0x3391,0x33FC,0x34B5,
0x3578,0x35D9,0x3631,0x365E,0x3695,0x36C2,0x3718,0x37A1,
0x37DA,0x380F,0x3887,0x3901,0x3928,0x39A1,0x39D8,0x3A07,
0x3A6F,0x3A91,0x3AE0,0x3B43,0x3B7E,0x3C4C,0x3D24,0x3EB8,
0x3F0C,0x3F63,0x3FE4,0x40AC,0x4109,0x41B6,0x4245,0x42B8,
0x4392,0x444E,0x44A1,0x4550,0x4607,0x4730,0x483D,0x48D8,
0x497B,0x4A00,0x4A7A,0x4BA3,0x4BFF,0x4C6C,0x4D10,0x4D52,
0x4FBA,0x52A2,0x5587,0x55D0,0x5612,0x563E,0x5681,0x56E2,
0x572C,0x5774,0x57E6,0x5806,0x5876,0x58F0,0x5944,0x59B3,
0x59E4,0x5A31,0x5A6F,0x5AA0,0x5AF9,0x5B53,0x5B8E,0x5BE3,
0x5C18,0x5CBB,0x5D17,0x5DB7,0x5E4F,0x5E9D,0x5F45,0x5F74,

};
constexpr int mmz2_msg02_num_entries = 168;
alignas(16) inline constexpr uint8_t mmz2_msg02_script_data[] = {
0xF3,0x04,0x1F,0x31,0xE4,0x00,0x29,0x37,0x34,0x29,0x36,0x25,0x00,0x39,0x32,0xFC,
0x37,0x29,0x2B,0x39,0x32,0x28,0x33,0xE2,0xFD,0x1A,0x29,0x36,0x31,0xF0,0x12,0x38,
0x29,0x31,0x29,0xFC,0x34,0x36,0x29,0x37,0x29,0x32,0x38,0x25,0x36,0x31,0x29,0xE4,
0xFC,0x24,0x29,0x36,0x33,0xE2,0xFF,0xF3,0x04,0x17,0x2D,0x00,0x32,0x33,0x31,0x26,
0x36,0x29,0x00,0x29,0x37,0x00,0x0F,0x30,0x34,0x2D,0x3E,0x33,0xE2,0xFD,0x12,0x29,
0x00,0x37,0x2D,0x28,0x33,0x00,0x32,0x33,0x31,0x26,0x36,0x25,0x28,0x33,0xFC,0x27,
0x33,0x31,0x25,0x32,0x28,0x25,0x32,0x38,0x29,0x00,0x28,0x29,0x00,0x29,0x37,0x38,
0x25,0xFD,0x32,0x39,0x29,0x3A,0x25,0x00,0x0C,0x25,0x37,0x29,0x00,0x28,0x29,0x00,
0x30,0x25,0xFC,0x1C,0x29,0x37,0x2D,0x37,0x38,0x29,0x32,0x27,0x2D,0x25,0xE2,0x00,
0x12,0x29,0x00,0x33,0xF0,0x12,0x28,0x33,0xFC,0x31,0x39,0x27,0x2C,0x33,0x00,0x37,
0x33,0x26,0x36,0x29,0x00,0x38,0x2D,0xE2,0xFD,0x1A,0x33,0x36,0x00,0x2A,0x25,0x3A,
0x33,0x36,0xE4,0x00,0x26,0x36,0xF0,0x12,0x32,0x28,0x25,0x32,0x33,0x37,0xFC,0x38,
0x39,0x00,0x25,0x34,0x33,0x3D,0x33,0xE2,0xFD,0xF0,0x1E,0x16,0x39,0x27,0x2C,0x29,
0x31,0x33,0x37,0x00,0x2E,0x39,0x32,0x38,0x33,0x37,0xFC,0x3D,0x00,0x28,0x29,0x37,
0x38,0x36,0x39,0x3D,0x25,0x31,0x33,0x37,0xFC,0x18,0x29,0x33,0x00,0x0B,0x36,0x27,
0x25,0x28,0x2D,0x25,0xE5,0xFF,0xF3,0x09,0xF0,0x1F,0x0E,0x29,0x37,0x38,0x36,0x39,
0x2D,0x36,0x00,0x18,0x29,0x33,0xFC,0x0B,0x36,0x27,0x25,0x28,0x2D,0x25,0xE4,0x00,
0x29,0x2C,0xF0,0x08,0xFD,0x18,0x33,0x00,0x29,0x37,0x00,0x38,0x25,0x32,0xFC,0x2A,
0xF0,0x10,0x27,0x2D,0x30,0xE2,0xE2,0xE2,0xFF,0xF3,0x04,0x0F,0x32,0x38,0x33,0x32,
0x27,0x29,0x37,0xE4,0x00,0xF0,0x1F,0x35,0x39,0xF0,0x11,0xFC,0x34,0x2D,0x29,0x32,
0x37,0x25,0x37,0x00,0x2C,0x25,0x27,0x29,0x36,0xF0,0x08,0xFD,0xF3,0x09,0x18,0x33,
0x00,0x30,0x33,0x00,0x37,0xF0,0x11,0xE2,0xFF,0xF3,0x04,0x12,0x31,0x31,0xE2,0xE2,
0xE2,0x00,0x1E,0x29,0x32,0x2B,0x33,0xFC,0x30,0x25,0x00,0x37,0x29,0x32,0x37,0x25,
0x27,0x2D,0xF0,0x13,0x32,0x00,0x28,0x29,0xFC,0x35,0x39,0x29,0x00,0x32,0x33,0x00,
0x38,0x29,0x00,0x27,0x25,0x2D,0x2B,0x33,0xFD,0x31,0x39,0x3D,0x00,0x26,0x2D,0x29,
0x32,0xE2,0xFC,0x1B,0x39,0xF0,0x11,0x00,0x28,0x29,0x37,0x25,0x2A,0x33,0x36,0x38,
0x39,0x32,0x25,0x28,0x33,0xE2,0xFD,0x1C,0x29,0x25,0x30,0x31,0x29,0x32,0x38,0x29,
0x00,0x29,0x37,0x34,0x29,0x36,0x25,0x26,0x25,0xFC,0x30,0x30,0x29,0x3A,0x25,0x36,
0x31,0x29,0x00,0x26,0x2D,0x29,0x32,0xFC,0x27,0x33,0x32,0x38,0x2D,0x2B,0x33,0xE2,
0x00,0x1E,0x25,0x30,0x00,0x3A,0x29,0x3E,0xFD,0x28,0x29,0x26,0x29,0x36,0xF0,0x12,
0x25,0x37,0x00,0x2C,0x25,0x26,0x30,0x25,0x36,0xFC,0x27,0x33,0x32,0x00,0x25,0x30,
0x2B,0x39,0x2D,0x29,0x32,0x00,0x31,0xF0,0x10,0x37,0xE2,0xE2,0xE2,0xFF,0xF3,0x04,
0xE2,0xE2,0xE2,0x00,0xE2,0xE2,0xE2,0x00,0xE2,0xE2,0xE2,0xFD,0x0B,0x37,0xF0,0x12,
0x00,0x35,0x39,0x29,0x00,0x29,0x37,0x25,0x00,0x29,0x37,0xFC,0x30,0x25,0x00,0xF0,
0xED,0x19,0x34,0x29,0x36,0x25,0x27,0x2D,0xF0,0x13,0x32,0xFC,0x11,0x33,0x30,0x34,
0x29,0x00,0x14,0x39,0x37,0x38,0x33,0xF0,0xED,0xE2,0xFD,0x20,0x25,0x31,0x33,0x37,
0x00,0x25,0x00,0x25,0x34,0x36,0x33,0x3A,0x29,0x27,0x2C,0x25,0x36,0xFC,0x30,0x25,
0x00,0x25,0x39,0x37,0x29,0x32,0x27,0x2D,0x25,0x00,0x28,0x29,0x00,0x22,0xFD,0x34,
0x25,0x36,0x25,0x00,0x30,0x25,0x32,0x3E,0x25,0x36,0xFC,0x32,0x39,0x29,0x37,0x38,
0x36,0x25,0x37,0x00,0x2A,0x39,0x29,0x36,0x3E,0x25,0x37,0xFC,0x37,0x33,0x26,0x36,
0x29,0x00,0x18,0x29,0x33,0x00,0x0B,0x36,0x27,0x25,0x28,0x2D,0x25,0xE2,0xFD,0x16,
0x25,0x00,0x3A,0x2D,0x27,0x38,0x33,0x36,0x2D,0x25,0x00,0x29,0x37,0x38,0xF0,0x10,
0xFC,0x29,0x32,0x00,0x38,0x39,0x37,0x00,0x31,0x25,0x32,0x33,0x37,0xE2,0xFC,0x1A,
0x33,0x36,0x00,0x39,0x32,0x00,0x31,0x29,0x2E,0x33,0x36,0xFD,0x31,0x25,0xF0,0x1C,
0x25,0x32,0x25,0x00,0x34,0x25,0x36,0x25,0x00,0x38,0x33,0x28,0x33,0x37,0xFC,0x30,
0x33,0x37,0x00,0x1C,0x29,0x34,0x30,0x33,0x2D,0x28,0x29,0x37,0xE2,0xFF,0xF3,0x04,
0x20,0x25,0x3D,0x25,0xE4,0x00,0x37,0x2D,0x00,0x29,0x36,0x29,0x37,0x00,0x38,0xF0,
0x14,0xE4,0xFC,0x24,0x29,0x36,0x33,0xE2,0xE2,0xE2,0x00,0x0B,0x2C,0x33,0x36,0x25,
0xFC,0x29,0x37,0x38,0x25,0x31,0x33,0x37,0x00,0x34,0x36,0x29,0x34,0x25,0x36,0x25,
0x32,0x28,0x33,0xFD,0x39,0x32,0x25,0x00,0x33,0x34,0x29,0x36,0x25,0x27,0x2D,0xF0,
0x13,0x32,0xE2,0xFC,0x0B,0x00,0x28,0x2D,0x2A,0x29,0x36,0x29,0x32,0x27,0x2D,0x25,
0x00,0x28,0x29,0xFC,0x30,0x25,0x37,0x00,0x28,0x29,0x00,0x31,0x29,0x32,0x33,0x36,
0x00,0x29,0x37,0x27,0x25,0x30,0x25,0xFD,0x25,0x32,0x38,0x29,0x36,0x2D,0x33,0x36,
0x29,0x37,0xE4,0x00,0x29,0x37,0x38,0x25,0x00,0xFC,0x33,0x34,0x29,0x36,0x25,0x27,
0x2D,0xF0,0x13,0x32,0x00,0x2D,0x32,0x2A,0x30,0x2D,0x2B,0x2D,0x36,0xF0,0x10,0xFC,
0x39,0x32,0x00,0x2B,0x33,0x30,0x34,0x29,0x00,0x25,0x34,0x30,0x25,0x37,0x38,0x25,
0x32,0x38,0x29,0xFD,0x25,0x00,0x29,0x30,0x30,0x33,0x37,0xE2,0x00,0x1F,0x32,0x25,
0x00,0x3A,0x29,0x3E,0xFC,0x35,0x39,0x29,0x00,0x38,0x29,0x32,0x2B,0x25,0x00,0xF0,
0x11,0x3C,0x2D,0x38,0x33,0xE4,0xFC,0x29,0x30,0x29,0x3A,0x25,0x36,0xF0,0x10,0x00,
0x30,0x25,0x00,0x31,0x33,0x36,0x25,0x30,0xFD,0x28,0x29,0x00,0x30,0x25,0x00,0x1C,
0x29,0x37,0x2D,0x37,0x38,0x29,0x32,0x27,0x2D,0x25,0xE2,0xFF,0xF3,0x09,0xFB,0x18,
0x29,0x33,0x00,0x0B,0x36,0x27,0x25,0x28,0x2D,0x25,0x00,0x32,0x33,0x00,0x29,0x37,
0xFC,0x39,0x32,0x00,0x26,0x30,0x25,0x32,0x27,0x33,0x00,0x2A,0xF0,0x10,0x27,0x2D,
0x30,0xE2,0xFC,0x18,0x33,0x00,0x28,0x29,0x26,0x29,0x36,0xF0,0x12,0x25,0x31,0x33,
0x37,0x00,0x30,0x25,0x32,0x3E,0x25,0x36,0xFD,0x39,0x32,0x00,0x25,0x38,0x25,0x35,
0x39,0x29,0x00,0x2A,0x36,0x33,0x32,0x38,0x25,0x30,0xE2,0xFC,0x0E,0x29,0x26,0x29,
0x31,0x33,0x37,0x00,0x2B,0x25,0x32,0x25,0x36,0xFC,0x38,0x2D,0x29,0x31,0x34,0x33,
0x00,0x27,0x33,0x32,0xFD,0x33,0x34,0x29,0x36,0x25,0x27,0x2D,0x33,0x32,0x29,0x37,
0x00,0x28,0x29,0xFC,0x2B,0x39,0x29,0x36,0x36,0x2D,0x30,0x30,0x25,0x00,0x3D,0x00,
0x29,0x37,0x34,0x29,0x36,0x25,0x36,0xFC,0x25,0x00,0x35,0x39,0x29,0x00,0x0D,0x2D,
0x29,0x30,0x00,0x38,0x29,0x36,0x31,0x2D,0x32,0x29,0xFD,0x37,0x39,0x00,0x2D,0x32,
0x3A,0x29,0x37,0x38,0x2D,0x2B,0x25,0x27,0x2D,0xF0,0x13,0x32,0xE2,0xE2,0xE2,0xFF,
0xF3,0x04,0x11,0x36,0x25,0x27,0x2D,0x25,0x37,0x00,0x34,0x33,0x36,0x00,0x29,0x30,
0xFC,0x27,0x33,0x32,0x37,0x29,0x2E,0x33,0xE2,0x00,0x1D,0xF0,0x12,0xE4,0xFC,0x3A,
0x25,0x31,0x33,0x37,0x00,0x25,0x00,0x27,0x33,0x32,0x38,0x2D,0x32,0x39,0x25,0x36,
0xFD,0x27,0x33,0x32,0x00,0x32,0x39,0x29,0x37,0x38,0x36,0x25,0x37,0xFC,0x33,0x34,
0x29,0x36,0x25,0x27,0x2D,0x33,0x32,0x29,0x37,0x00,0x28,0x29,0xFC,0x2B,0x39,0x29,
0x36,0x36,0x2D,0x30,0x30,0x25,0xE2,0x00,0x12,0x29,0x31,0x33,0x37,0xFD,0x2B,0x25,
0x32,0x25,0x28,0x33,0x00,0x2A,0x39,0x29,0x36,0x3E,0x25,0xE2,0xE2,0xE2,0xFC,0x23,
0x00,0x29,0x37,0x38,0x25,0x31,0x33,0x37,0x00,0x30,0x2D,0x37,0x38,0x33,0x37,0xFC,
0x34,0x25,0x36,0x25,0x00,0x36,0x29,0x37,0x33,0x30,0x3A,0x29,0x36,0x30,0x33,0xFD,
0x34,0x33,0x36,0x00,0x32,0x39,0x29,0x37,0x38,0x36,0x25,0x00,0x27,0x39,0x29,0x32,
0x38,0x25,0xE2,0xFD,0xF3,0x09,0xFB,0xE2,0xE2,0xE2,0x00,0xE2,0xE2,0xE2,0x00,0xE2,
0xE2,0xE2,0xFF,0xF3,0x04,0xF0,0x1E,0x0F,0x37,0x38,0x39,0x3A,0x2D,0x37,0x38,0x29,
0xFC,0x2D,0x32,0x27,0x36,0x29,0xF0,0x12,0x26,0x30,0x29,0xE4,0x00,0x24,0x29,0x36,
0x33,0xE5,0xFC,0xF0,0x1E,0x16,0x33,0x00,0x2C,0x2D,0x27,0x2D,0x37,0x38,0x29,0x00,
0x31,0x39,0x27,0x2C,0x33,0xFD,0x31,0x29,0x2E,0x33,0x36,0x00,0x28,0x29,0x00,0x30,
0x33,0x00,0x35,0x39,0x29,0xFC,0x29,0x37,0x34,0x29,0x36,0x25,0x26,0x25,0xE5,0xFD,
0xF0,0x1E,0x17,0x29,0x00,0x2B,0x39,0x37,0x38,0x25,0x36,0xF0,0x12,0x25,0x00,0x28,
0x29,0x2E,0x25,0x36,0x38,0x29,0xFC,0x30,0x25,0x37,0x00,0x28,0x29,0x31,0xF0,0x10,
0x37,0x00,0x31,0x2D,0x37,0x2D,0x33,0x32,0x29,0x37,0xFC,0x25,0x00,0x38,0x2D,0xE5,
0xFF,0xF3,0x04,0x16,0x33,0x00,0x2C,0x2D,0x27,0x2D,0x37,0x38,0x29,0x00,0x31,0x39,
0x3D,0x00,0x26,0x2D,0x29,0x32,0xE4,0xFC,0x24,0x29,0x36,0x33,0xE2,0xFD,0x17,0x29,
0x00,0x2B,0x39,0x37,0x38,0x25,0x36,0xF0,0x12,0x25,0x00,0x35,0x39,0x29,0x00,0x38,
0x29,0xFC,0x29,0x32,0x27,0x25,0x36,0x2B,0x25,0x36,0x25,0x37,0x00,0x28,0x29,0x00,
0x30,0x25,0x37,0xFC,0x28,0x29,0x31,0xF0,0x10,0x37,0x00,0x31,0x2D,0x37,0x2D,0x33,
0x32,0x29,0x37,0xE2,0xFF,0xF3,0x04,0xF0,0x1F,0x0F,0x37,0x38,0xF0,0x10,0x37,0x00,
0x26,0x2D,0x29,0x32,0xE4,0xFC,0x24,0x29,0x36,0x33,0xF0,0x08,0xFD,0x1A,0x29,0x32,
0x37,0xF0,0x11,0x00,0x35,0x39,0x29,0x00,0x34,0x33,0x28,0x36,0xF0,0x12,0x25,0x37,
0xFC,0x2C,0x25,0x26,0x29,0x36,0x30,0x33,0x00,0x2C,0x29,0x27,0x2C,0x33,0xFC,0x31,
0x29,0x2E,0x33,0x36,0xE2,0xE2,0xE2,0xFD,0xF0,0x1F,0x1E,0x33,0x28,0x25,0x3A,0xF0,
0x12,0x25,0x00,0x38,0x29,0x00,0x31,0x33,0x30,0x29,0x37,0x38,0x25,0x32,0xFC,0x38,
0x39,0x37,0x00,0x30,0x29,0x37,0x2D,0x33,0x32,0x29,0x37,0xF0,0x08,0xFD,0x0F,0x37,
0x34,0x29,0x36,0x33,0x00,0x35,0x39,0x29,0x00,0x30,0x25,0xFC,0x34,0x36,0xF0,0x13,
0x3C,0x2D,0x31,0x25,0x00,0x30,0x33,0x00,0x2C,0x25,0x2B,0x25,0x37,0x00,0xFC,0x31,
0x29,0x2E,0x33,0x36,0xE2,0xE2,0xE2,0xFF,0xF3,0x04,0x14,0x25,0x00,0x2E,0x25,0x00,
0x2E,0x25,0x00,0x2E,0x25,0xE2,0xFC,0x0F,0x36,0x29,0x37,0x00,0x39,0x32,0x00,0x1C,
0x29,0x34,0x30,0x33,0x2D,0x28,0x29,0xFC,0x2B,0x36,0x25,0x27,0x2D,0x33,0x37,0x33,
0xE2,0xFD,0x0F,0x32,0x00,0x2A,0x2D,0x32,0xE4,0x00,0x39,0x32,0x00,0x2B,0x39,0x37,
0x38,0x33,0xFC,0x27,0x33,0x32,0x33,0x27,0x29,0x36,0x38,0x29,0xE4,0xFC,0x1D,0x29,
0xF0,0x1C,0x33,0x36,0x00,0x16,0x29,0x3D,0x29,0x32,0x28,0x25,0xE2,0xFF,0xF3,0x46,
0xFB,0xF0,0x1E,0x1A,0x33,0x36,0x00,0x32,0x39,0x29,0x37,0x38,0x36,0x33,0x00,0x2A,
0x39,0x38,0x39,0x36,0x33,0xE5,0xFF,0xF3,0x07,0xF0,0x1E,0x24,0x29,0x36,0x33,0xE5,
0x00,0xF0,0x1F,0x0F,0x37,0x38,0xF0,0x10,0x37,0x00,0x26,0x2D,0x29,0x32,0xF0,0x08,
0xFD,0xF3,0x08,0x1D,0xF0,0x12,0xE2,0xE2,0xE2,0xFF,0xF3,0x07,0x17,0x29,0x00,0x25,
0x30,0x29,0x2B,0x36,0x25,0xE2,0xE2,0xE2,0x00,0x0F,0x37,0x38,0x25,0x26,0x25,0xFC,
0x31,0x39,0x3D,0x00,0x34,0x36,0x29,0x33,0x27,0x39,0x34,0x25,0x28,0x25,0x00,0x34,
0x33,0x36,0xFC,0x38,0x2D,0xE2,0x00,0x12,0x29,0x31,0x33,0x37,0x00,0x29,0x37,0x38,
0x25,0x28,0x33,0xFD,0x29,0x37,0x2A,0x33,0x36,0x3E,0xF0,0x10,0x32,0x28,0x33,0x32,
0x33,0x37,0x00,0x31,0x39,0x27,0x2C,0x33,0xFC,0x34,0x33,0x36,0x00,0x29,0x32,0x27,
0x33,0x32,0x38,0x36,0x25,0x36,0x38,0x29,0xE2,0xE2,0xE2,0xFD,0x17,0x29,0x00,0x25,
0x30,0x29,0x2B,0x36,0x25,0x00,0x35,0x39,0x29,0x00,0x38,0xF0,0x14,0x00,0x32,0x33,
0x37,0xFC,0x2C,0x25,0x3D,0x25,0x37,0x00,0x29,0x32,0x27,0x33,0x32,0x38,0x36,0x25,
0x28,0x33,0xE2,0xFF,0xF3,0x08,0xF0,0x1F,0x16,0x33,0x37,0x00,0x29,0x32,0x27,0x33,
0x32,0x38,0x36,0xF0,0x11,0xF0,0x08,0xFD,0xF0,0x1F,0x16,0x30,0x29,0x2B,0x39,0xF0,
0x11,0x00,0x25,0x35,0x39,0xF0,0x12,0xE2,0xE2,0xE2,0xFC,0x25,0x32,0x38,0x29,0x37,
0x00,0x28,0x29,0x00,0x34,0x29,0x36,0x28,0x29,0x36,0xFC,0x30,0x25,0x00,0x27,0x33,
0x32,0x27,0x2D,0x29,0x32,0x27,0x2D,0x25,0xF0,0x08,0xFD,0xE2,0xE2,0xE2,0x00,0xE2,
0xE2,0xE2,0x00,0xE2,0xE2,0xE2,0xFF,0xF3,0x07,0xF0,0x1F,0x1C,0x29,0x27,0x39,0x29,
0x36,0x28,0x25,0x37,0x00,0x29,0x32,0x00,0x35,0x39,0xF0,0x11,0xFC,0x29,0x37,0x38,
0x33,0x3D,0x00,0x38,0x36,0x25,0x26,0x25,0x2E,0x25,0x32,0x28,0x33,0xF0,0x08,0xFD,
0x0F,0x37,0x38,0x33,0x3D,0x00,0x30,0x30,0x29,0x3A,0x25,0x32,0x28,0x33,0x00,0x25,
0xFC,0x27,0x25,0x26,0x33,0x00,0x39,0x32,0x25,0x00,0x2D,0x32,0x3A,0x29,0x37,0x38,
0x2D,0x2B,0x25,0xF0,0x01,0xFC,0x27,0x2D,0xF0,0x13,0x32,0x00,0x35,0x39,0x29,0x00,
0x25,0x3D,0x39,0x28,0x25,0x36,0xF0,0x10,0x00,0x25,0xFD,0x28,0x29,0x37,0x25,0x36,
0x36,0x33,0x30,0x30,0x25,0x36,0x00,0x39,0x32,0x25,0xFC,0x32,0x39,0x29,0x3A,0x25,
0x00,0x2A,0x39,0x29,0x32,0x38,0x29,0x00,0x28,0x29,0x00,0xFD,0x29,0x32,0x29,0x36,
0x2B,0xF0,0x12,0x25,0x00,0x34,0x25,0x36,0x25,0x00,0x30,0x33,0x37,0xFC,0x0F,0x32,
0x29,0x36,0x2B,0x3D,0x00,0x0D,0x36,0x3D,0x37,0x38,0x25,0x30,0x37,0xE2,0xE2,0xE2,
0xFC,0x0F,0x37,0x00,0x39,0x32,0x00,0x2B,0x36,0x25,0x32,0x00,0x2D,0x32,0x3A,0x29,
0x32,0x38,0x33,0xFD,0x35,0x39,0x29,0x00,0x34,0x39,0x29,0x28,0x29,0x00,0x27,0x25,
0x31,0x26,0x2D,0x25,0x36,0xFC,0x28,0x36,0xF0,0x10,0x37,0x38,0x2D,0x27,0x25,0x31,
0x29,0x32,0x38,0x29,0x00,0x29,0x30,0xFC,0x31,0x39,0x32,0x28,0x33,0xE2,0xFD,0xF3,
0x08,0xE2,0xE2,0xE2,0xF0,0x1F,0x0D,0x25,0x31,0x26,0x2D,0x25,0x36,0x00,0x29,0x30,
0xFC,0x31,0x39,0x32,0x28,0x33,0xF0,0x08,0xFF,0xF3,0x07,0xFB,0x18,0x29,0x33,0x00,
0x0B,0x36,0x27,0x25,0x28,0x2D,0x25,0x00,0x2D,0x32,0x2D,0x27,0x2D,0xF0,0x13,0xFC,
0x37,0x39,0x00,0x34,0x33,0x30,0xF0,0x12,0x38,0x2D,0x27,0x25,0x00,0x28,0x29,0x00,
0x34,0x39,0xF0,0x1C,0x33,0xFC,0x28,0x29,0x00,0x2C,0x2D,0x29,0x36,0x36,0x33,0x00,
0x28,0x29,0x26,0x2D,0x28,0x33,0x00,0x25,0xFD,0xFB,0x30,0x25,0x00,0x29,0x37,0x27,
0x25,0x37,0x29,0x3E,0x00,0x28,0x29,0xFC,0x29,0x32,0x29,0x36,0x2B,0xF0,0x12,0x25,
0xE2,0xE2,0xE2,0x00,0x1A,0x25,0x36,0x25,0xFC,0x34,0x36,0x33,0x38,0x29,0x2B,0x29,
0x36,0x00,0x25,0x00,0x30,0x25,0xFD,0xFB,0x37,0x33,0x27,0x2D,0x29,0x28,0x25,0x28,
0x00,0x2C,0x39,0x31,0x25,0x32,0x25,0xE4,0xFC,0x30,0x33,0x37,0x00,0x1C,0x29,0x34,
0x30,0x33,0x2D,0x28,0x29,0x37,0x00,0x2A,0x39,0x29,0x36,0x33,0x32,0xFC,0x28,0x2D,
0x37,0x27,0x36,0x2D,0x31,0x2D,0x32,0x25,0x28,0x33,0x37,0xE4,0xFD,0xFB,0x29,0x38,
0x2D,0x35,0x39,0x29,0x38,0x25,0x28,0x33,0x37,0x00,0x27,0x33,0x31,0x33,0xFC,0x27,
0x2D,0x39,0x28,0x25,0x28,0x25,0x32,0x33,0x37,0xFC,0x2D,0x32,0x2A,0x29,0x36,0x2D,
0x33,0x36,0x29,0x37,0xE4,0x00,0x3D,0xFD,0xFB,0x29,0x32,0x3A,0x2D,0x25,0x28,0x33,
0x37,0x00,0x25,0x00,0x27,0x25,0x31,0x34,0x33,0x37,0xFC,0x28,0x29,0x00,0x27,0x33,
0x32,0x27,0x29,0x32,0x38,0x36,0x25,0x27,0x2D,0xF0,0x13,0x32,0xFC,0x34,0x25,0x36,
0x25,0x00,0x37,0x39,0x00,0xF0,0xED,0x36,0x29,0x38,0x2D,0x36,0x33,0xE2,0xE2,0xE2,
0xF0,0xED,0xFD,0xFB,0x16,0x25,0x00,0x2C,0x2D,0x37,0x38,0x33,0x36,0x2D,0x25,0x00,
0x31,0x39,0x29,0x37,0x38,0x36,0x25,0xFC,0x35,0x39,0x29,0x00,0x39,0x32,0x25,0x00,
0x29,0x37,0x27,0x25,0x37,0x29,0x3E,0x00,0x28,0x29,0xFC,0x29,0x32,0x29,0x36,0x2B,
0xF0,0x12,0x25,0x00,0x29,0x32,0x00,0x39,0x32,0x25,0xFD,0xFB,0xF0,0x11,0x34,0x33,
0x27,0x25,0x00,0x37,0x39,0x29,0x30,0x29,0x00,0x27,0x25,0x39,0x37,0x25,0x36,0xFC,
0x39,0x32,0x00,0x27,0x33,0x32,0x2A,0x30,0x2D,0x27,0x38,0x33,0x00,0x25,0xFC,0x2B,
0x36,0x25,0x32,0x00,0x29,0x37,0x27,0x25,0x30,0x25,0xE2,0xE2,0xE2,0xFD,0xFB,0x1F,
0x32,0x25,0x00,0x3A,0x29,0x3E,0x00,0x35,0x39,0x29,0x00,0x37,0x29,0x00,0x2C,0x25,
0xFC,0x28,0x29,0x37,0x25,0x36,0x36,0x33,0x30,0x30,0x25,0x28,0x33,0x00,0x39,0x32,
0x25,0xFC,0x29,0x32,0x29,0x36,0x2B,0xF0,0x12,0x25,0x00,0x37,0x39,0x37,0x38,0x2D,
0x38,0x39,0x38,0x25,0xE4,0xFD,0xFB,0x29,0x30,0x00,0x27,0x33,0x32,0x2A,0x30,0x2D,
0x27,0x38,0x33,0xFC,0x28,0x29,0x37,0x38,0x36,0x39,0x27,0x38,0x2D,0x3A,0x33,0x00,
0x30,0x30,0x29,0x2B,0x25,0xFC,0x25,0x00,0x37,0x39,0x00,0x2A,0x2D,0x32,0xE2,0xE2,
0xE2,0xFF,0xF3,0x07,0x0D,0x39,0x25,0x32,0x28,0x33,0x00,0x30,0x29,0x00,0x27,0x33,
0x32,0x38,0xF0,0x11,0xFC,0x29,0x37,0x38,0x25,0x00,0x2C,0x2D,0x37,0x38,0x33,0x36,
0x2D,0x25,0x00,0x25,0x30,0xFC,0x27,0x33,0x31,0x25,0x32,0x28,0x25,0x32,0x38,0x29,
0x00,0x0F,0x30,0x34,0x2D,0x3E,0x33,0xE4,0xFD,0x37,0x29,0x00,0x36,0x2D,0xF0,0x13,
0x00,0x28,0x29,0x00,0x29,0x30,0x30,0x33,0xE2,0xFC,0x0E,0x2D,0x27,0x29,0x00,0x35,
0x39,0x29,0x00,0x29,0x37,0x34,0x29,0x36,0x25,0x36,0xF0,0x10,0xFC,0x2C,0x25,0x37,
0x38,0x25,0x00,0x35,0x39,0x29,0x00,0x30,0x33,0x2B,0x36,0x29,0xFD,0x28,0x29,0x37,
0x25,0x36,0x36,0x33,0x30,0x30,0x25,0x36,0x00,0x39,0x32,0x25,0xFC,0x29,0x32,0x29,
0x36,0x2B,0xF0,0x12,0x25,0x00,0x37,0x39,0x27,0x29,0x37,0x33,0x36,0x25,0xE4,0xFD,
0x34,0x29,0x36,0x33,0xE2,0xE2,0xE2,0x00,0x0F,0x32,0x00,0x3A,0x29,0x36,0x28,0x25,
0x28,0xE4,0xFC,0x0F,0x30,0x34,0x2D,0x3E,0x33,0x00,0x27,0x36,0x29,0x29,0x00,0x35,
0x39,0x29,0xFC,0x28,0x29,0x36,0x36,0x33,0x38,0x25,0x36,0x00,0x25,0x00,0x18,0x29,
0x33,0xFD,0x0B,0x36,0x27,0x25,0x28,0x2D,0x25,0x00,0x29,0x37,0x00,0x30,0x25,0x00,
0xF0,0x14,0x32,0x2D,0x27,0x25,0xFC,0x2A,0x33,0x36,0x31,0x25,0x00,0x28,0x29,0x00,
0x36,0x29,0x27,0x39,0x34,0x29,0x36,0x25,0x36,0xFC,0x30,0x25,0x00,0x34,0x25,0x3E,
0xE2,0xE2,0xE2,0xFD,0x1E,0x29,0x32,0x2B,0x33,0x00,0x35,0x39,0x29,0x00,0x38,0x29,
0x36,0x31,0x2D,0x32,0x25,0x36,0xFC,0x29,0x37,0x38,0x33,0xE2,0xE2,0xE2,0x00,0x1E,
0x36,0x25,0x29,0x36,0xF0,0x11,0x00,0x33,0x36,0x28,0x29,0x32,0xFC,0x25,0x30,0x00,
0x31,0x39,0x32,0x28,0x33,0x00,0x32,0x33,0x00,0x27,0x33,0x32,0xFD,0x30,0x25,0x00,
0x28,0x29,0x37,0x38,0x36,0x39,0x27,0x27,0x2D,0xF0,0x13,0x32,0xE4,0xFC,0x37,0x2D,
0x32,0x33,0x00,0x27,0x33,0x32,0x00,0x29,0x30,0x00,0x34,0x33,0x28,0x29,0x36,0xFC,
0x28,0x29,0x00,0x30,0x25,0x00,0x27,0x2D,0x29,0x32,0x27,0x2D,0x25,0xE2,0xFD,0x17,
0x2D,0x00,0x2D,0x32,0x3A,0x29,0x37,0x38,0x2D,0x2B,0x25,0x27,0x2D,0xF0,0x13,0x32,
0xFC,0x3D,0x25,0x00,0x27,0x25,0x37,0x2D,0x00,0x38,0x29,0x36,0x31,0x2D,0x32,0x25,
0xE2,0xE2,0xE2,0xFC,0x0B,0xF0,0x14,0x32,0x00,0x32,0x29,0x27,0x29,0x37,0x2D,0x38,
0x33,0x00,0x39,0x32,0xFD,0x34,0x33,0x27,0x33,0x00,0x31,0xF0,0x10,0x37,0x00,0x28,
0x29,0xFC,0x2D,0x32,0x2A,0x33,0x36,0x31,0x25,0x27,0x2D,0xF0,0x13,0x32,0xE2,0xE2,
0xE2,0xFD,0x0E,0x29,0x00,0x38,0x33,0x28,0x33,0x37,0x00,0x31,0x33,0x28,0x33,0x37,
0xE4,0xFC,0x25,0x28,0x31,0x2D,0x32,0x2D,0x37,0x38,0x36,0x25,0x36,0xF0,0x11,0x00,
0x38,0x39,0x37,0xFC,0x28,0x25,0x38,0x33,0x37,0x00,0x34,0x33,0x36,0x00,0x38,0x2D,
0xE2,0x00,0x1D,0x2D,0xFD,0x31,0x29,0x00,0x32,0x29,0x27,0x29,0x37,0x2D,0x38,0x25,
0x37,0xE4,0x00,0x3A,0x29,0x32,0xFC,0x3D,0x00,0x2C,0xF0,0x10,0x26,0x30,0x25,0x31,
0x29,0xFC,0xF0,0x1F,0x28,0x29,0x00,0x25,0x27,0x39,0x29,0x36,0x28,0x33,0xF0,0x08,
0xFF,0xF3,0x07,0xF0,0x1F,0x11,0x39,0x25,0x36,0x28,0x25,0x36,0x00,0x25,0x2C,0x33,
0x36,0x25,0xF0,0x08,0xFC,0x00,0x00,0x1D,0xF0,0x12,0xFC,0x00,0x00,0x18,0x19,0xFF,
0xF3,0x07,0x1D,0x2D,0x00,0x35,0x39,0x2D,0x29,0x36,0x29,0x37,0x00,0x2B,0x39,0x25,
0x36,0x28,0x25,0x36,0xFC,0x30,0x33,0x37,0x00,0x28,0x25,0x38,0x33,0x37,0xE4,0x00,
0x32,0x33,0x00,0x28,0x39,0x28,0x29,0x37,0xFC,0x29,0x32,0x00,0x2C,0x25,0x26,0x30,
0x25,0x36,0x00,0x27,0x33,0x32,0x31,0x2D,0x2B,0x33,0xE2,0xFF,0xF3,0x06,0x17,0x2D,
0x36,0x25,0x00,0x25,0x00,0x29,0x37,0x38,0x29,0xFC,0x0D,0x2D,0x26,0x29,0x36,0xF0,
0x01,0x29,0x30,0x2A,0x33,0xE2,0x00,0xF0,0x1F,0x18,0x33,0x00,0x29,0x37,0xFC,0x25,
0x37,0x33,0x31,0x26,0x36,0x33,0x37,0x33,0xF0,0x08,0xFD,0x0F,0x31,0x2D,0x38,0x29,
0x00,0x29,0x32,0x29,0x36,0x2B,0xF0,0x12,0x25,0x00,0x28,0x29,0xFC,0x25,0x30,0x38,
0x25,0x00,0x38,0x29,0x32,0x37,0x2D,0xF0,0x13,0x32,0x00,0x28,0x29,0x37,0x28,0x29,
0xFC,0x39,0x32,0x00,0x27,0x39,0x29,0x36,0x34,0x33,0x00,0x38,0x25,0x32,0xFD,0x34,
0x29,0x35,0x39,0x29,0xF0,0x1C,0x33,0xE2,0xE2,0xE2,0x00,0x0F,0x37,0x38,0x29,0xFC,
0x0D,0x2D,0x26,0x29,0x36,0xF0,0x01,0x29,0x30,0x2A,0x33,0x00,0x29,0x37,0x00,0x39,
0x32,0xFC,0x36,0x29,0x2B,0x25,0x30,0x33,0x00,0x28,0x29,0x30,0xFD,0x0D,0x33,0x31,
0x25,0x32,0x28,0x25,0x32,0x38,0x29,0x00,0x0F,0x30,0x34,0x2D,0x3E,0x33,0xE2,0xFD,
0x16,0x33,0x00,0x38,0x36,0x25,0x2E,0x33,0x00,0x28,0x29,0x37,0x28,0x29,0x00,0x18,
0x29,0x33,0xFC,0x0B,0x36,0x27,0x25,0x28,0x2D,0x25,0xE4,0x00,0x28,0x33,0x32,0x28,
0x29,0x00,0xF0,0x11,0x30,0xFC,0x38,0x36,0x25,0x26,0x25,0x2E,0x25,0x26,0x25,0x00,
0x25,0x32,0x38,0x29,0x37,0xE2,0xFD,0x0F,0x37,0x38,0x33,0x3D,0x00,0x36,0x29,0x25,
0x30,0x2D,0x3E,0x25,0x32,0x28,0x33,0xFC,0x34,0x36,0x39,0x29,0x26,0x25,0x37,0x00,
0x27,0x33,0x32,0x00,0x29,0x37,0x38,0x29,0xFC,0x29,0x30,0x2A,0x33,0x00,0x34,0x25,
0x36,0x25,0x00,0x29,0x32,0x38,0x29,0x32,0x28,0x29,0x36,0xFD,0x37,0x39,0x00,0x31,
0x29,0x27,0x25,0x32,0x2D,0x37,0x31,0x33,0xE2,0x00,0x1D,0xF0,0x11,0xFC,0x35,0x39,
0x29,0x00,0x29,0x37,0x00,0x30,0x25,0x00,0x27,0x30,0x25,0x3A,0x29,0xFC,0x34,0x25,
0x36,0x25,0x00,0x28,0x29,0x37,0x25,0x36,0x36,0x33,0x30,0x30,0x25,0x36,0xFD,0x39,
0x32,0x25,0x00,0x29,0x32,0x29,0x36,0x2B,0xF0,0x12,0x25,0x00,0x37,0x29,0x2B,0x39,
0x36,0x25,0xFC,0x3D,0x00,0x30,0x2D,0x31,0x34,0x2D,0x25,0xE2,0xFD,0x16,0x33,0x00,
0x30,0x33,0x2B,0x36,0x25,0x36,0xF0,0x11,0xE4,0x00,0x24,0x29,0x36,0x33,0xE2,0xFF,
0xF3,0x29,0xF0,0x1F,0x0D,0xF0,0x13,0x31,0x33,0x00,0x29,0x37,0x38,0xF0,0x10,0x37,
0xE4,0xFC,0x24,0x29,0x36,0x33,0xF0,0x08,0xFD,0x0F,0x32,0x00,0x37,0x29,0x36,0x2D,
0x33,0xE2,0xE2,0xE2,0x00,0xF0,0x1F,0x27,0xF0,0x13,0x31,0x33,0xFC,0x34,0x39,0x29,
0x28,0x29,0x37,0x00,0x28,0x29,0x37,0x2B,0x25,0x37,0x38,0x25,0x36,0x00,0x25,0x37,
0xF0,0x12,0xFC,0x38,0x39,0x37,0x00,0x25,0x36,0x31,0x25,0x37,0xF0,0x08,0xFD,0x1A,
0x29,0x36,0x33,0x00,0x32,0x33,0xFC,0x38,0x29,0x00,0x34,0x36,0x29,0x33,0x27,0x39,
0x34,0x29,0x37,0xE2,0xFC,0x16,0x25,0x37,0x00,0x2C,0x29,0x00,0x36,0x29,0x34,0x25,
0x36,0x25,0x28,0x33,0xE2,0xFD,0x13,0x32,0x27,0x30,0x39,0x37,0x33,0x00,0x27,0x36,
0x29,0xF0,0x11,0x00,0x39,0x32,0x25,0xFC,0x32,0x39,0x29,0x3A,0x25,0x00,0x25,0x36,
0x31,0x25,0x00,0x30,0x30,0x25,0x31,0x25,0x28,0x25,0xFC,0x0D,0x2C,0x25,0x2D,0x32,
0x00,0x1C,0x33,0x28,0x00,0x34,0x25,0x36,0x25,0xFD,0x38,0x2D,0xE2,0xFD,0x0F,0x37,
0x00,0x39,0x32,0x00,0x25,0x36,0x31,0x25,0xFC,0x29,0x3C,0x27,0x29,0x34,0x27,0x2D,
0x33,0x32,0x25,0x30,0xE2,0xFD,0xF6,0x00,0xF0,0x1F,0x20,0x29,0x36,0x00,0x27,0xF0,
0x13,0x31,0x33,0x00,0x39,0x37,0x25,0x36,0x30,0x33,0xF0,0x08,0xFC,0x00,0x00,0x1D,
0xF0,0x17,0xFC,0x00,0x00,0x18,0x19,0xFD,0x0D,0x33,0x32,0x00,0x29,0x30,0x00,0x0D,
0x2C,0x25,0x2D,0x32,0x00,0x1C,0x33,0x28,0xE4,0xFC,0x34,0x39,0x29,0x28,0x29,0x37,
0x00,0x29,0x32,0x2B,0x25,0x32,0x27,0x2C,0x25,0x36,0x38,0x29,0xFC,0x3D,0x00,0x27,
0x33,0x30,0x2B,0x25,0x36,0x38,0x29,0x00,0x28,0x29,0x30,0xFD,0x38,0x29,0x27,0x2C,
0x33,0xE4,0x00,0x33,0x00,0x25,0x38,0x36,0x25,0x29,0x36,0x00,0x39,0x32,0xFC,0x33,
0x26,0x2E,0x29,0x38,0x33,0xE2,0xFD,0x1A,0x39,0x29,0x28,0x29,0x37,0x00,0x25,0x34,
0x39,0xF0,0x1C,0x25,0x30,0x25,0x36,0x00,0x25,0x00,0x39,0x32,0xFC,0x29,0x32,0x29,
0x31,0x2D,0x2B,0x33,0x00,0x31,0x25,0x32,0x38,0x29,0x32,0x2D,0x29,0x32,0x28,0x33,
0xFC,0x34,0x39,0x30,0x37,0x25,0x28,0x33,0x00,0x29,0x30,0x00,0x26,0x33,0x38,0xF0,
0x13,0x32,0x00,0x28,0x29,0xFD,0x25,0x38,0x25,0x35,0x39,0x29,0xE4,0x00,0x25,0x28,
0x29,0x31,0xF0,0x10,0x37,0xFC,0x28,0x29,0x00,0x2B,0x33,0x30,0x34,0x29,0x25,0x36,
0x30,0x33,0x00,0xFC,0x32,0x33,0x36,0x31,0x25,0x30,0x31,0x29,0x32,0x38,0x29,0xE2,
0xFD,0x0F,0x37,0x00,0x39,0x32,0x00,0x25,0x36,0x31,0x25,0x00,0xF0,0x14,0x38,0x2D,
0x30,0xE2,0xFC,0x1E,0x25,0x31,0x26,0x2D,0xF0,0x11,0x32,0x00,0x34,0x39,0x29,0x28,
0x29,0x37,0xFC,0x25,0x38,0x36,0x25,0x29,0x36,0x00,0x25,0x00,0x39,0x32,0x00,0x29,
0x32,0x29,0x31,0x2D,0x2B,0x33,0xFD,0x39,0x32,0x25,0x00,0x3A,0x29,0x3E,0x00,0x35,
0x39,0x29,0x00,0x30,0x33,0x00,0x2C,0x25,0x3D,0x25,0x37,0xFC,0x25,0x34,0x39,0xF0,
0x1C,0x25,0x30,0x25,0x28,0x33,0x00,0x34,0x39,0x30,0x37,0x25,0x32,0x28,0x33,0xFC,
0x29,0x30,0x00,0xEF,0x0D,0x33,0x32,0x38,0x36,0x33,0x30,0x00,0x1A,0x25,0x28,0xE2,
0xFD,0xF0,0x1E,0x1A,0x33,0x36,0x00,0x35,0x39,0xF0,0x11,0x00,0x32,0x33,0x00,0x34,
0x36,0x39,0x29,0x26,0x25,0x37,0xFC,0x25,0x00,0x29,0x32,0x2B,0x25,0x32,0x27,0x2C,
0x25,0x36,0x38,0x29,0x00,0x25,0x30,0xFC,0x38,0x29,0x27,0x2C,0x33,0x00,0x34,0x25,
0x36,0x25,0x00,0x27,0x33,0x30,0x2B,0x25,0x36,0x38,0x29,0xE5,0xF5,0x01,0xFD,0xF4,
0x00,0xF0,0x1F,0x0F,0x2C,0xF0,0x08,0x00,0x18,0x33,0x00,0x35,0x39,0x2D,0x29,0x36,
0x29,0x37,0xFC,0x37,0x25,0x26,0x29,0x36,0xE2,0xE2,0xE2,0xFD,0x0F,0x37,0x00,0x30,
0x25,0x00,0x2D,0x32,0x3A,0x29,0x32,0x27,0x2D,0xF0,0x13,0x32,0xFC,0x28,0x29,0x30,
0x00,0x37,0x2D,0x2B,0x30,0x33,0xE2,0xE2,0xE2,0xFD,0xF4,0x01,0x0C,0x2D,0x29,0x32,
0xE2,0x00,0x20,0x33,0x30,0x3A,0x29,0x36,0xF0,0x11,0x00,0x25,0x00,0x31,0x2D,0xFC,
0x2D,0x32,0x3A,0x29,0x37,0x38,0x2D,0x2B,0x25,0x27,0x2D,0xF0,0x13,0x32,0xE2,0xFC,
0xF0,0x19,0x37,0x25,0x30,0x33,0x00,0x37,0x25,0x26,0x2D,0x25,0x31,0x29,0x32,0x38,
0x29,0xE2,0xE2,0xE2,0xFF,0xF3,0x29,0xF0,0x1F,0x12,0x31,0xF0,0x08,0x00,0xF0,0x1F,
0x1B,0x39,0xF0,0x11,0x00,0x34,0x25,0x37,0x25,0xF0,0x08,0xFD,0xF0,0x1F,0x1B,0x39,
0xF0,0x11,0x00,0x38,0x29,0x00,0x34,0x25,0x36,0x29,0x27,0x29,0x00,0x29,0x30,0xFC,
0x0D,0x2C,0x25,0x2D,0x32,0x00,0x1C,0x33,0x28,0xF0,0x08,0xFD,0xF6,0x00,0xF0,0x1F,
0x23,0x25,0x00,0x30,0x33,0x00,0x28,0x33,0x31,0x2D,0x32,0x25,0x37,0x38,0x29,0xF0,
0x08,0xFC,0x00,0x00,0x1D,0xF0,0x17,0xFC,0x00,0x00,0x18,0x19,0xFD,0x0C,0x2D,0x29,
0x32,0xE2,0x00,0x17,0x29,0x00,0x25,0x30,0x29,0x2B,0x36,0x25,0xFC,0x33,0xF0,0x12,
0x36,0x00,0x29,0x37,0x33,0xE2,0xF5,0x01,0xFD,0xF4,0x00,0x0C,0x2D,0x29,0x32,0xE2,
0x00,0x1E,0x29,0x00,0x30,0x33,0xFC,0x29,0x3C,0x34,0x30,0x2D,0x27,0x25,0x36,0xF0,
0x11,0xE2,0x00,0x0F,0x37,0x27,0x39,0x27,0x2C,0x25,0xFC,0x27,0x33,0x32,0x00,0x25,
0x38,0x29,0x32,0x27,0x2D,0xF0,0x13,0x32,0xE2,0xE2,0xE2,0xFD,0x0D,0x33,0x32,0x00,
0x29,0x30,0x00,0x0D,0x2C,0x25,0x2D,0x32,0x00,0x1C,0x33,0x28,0xE4,0xFC,0x34,0x39,
0x29,0x28,0x29,0x37,0x00,0x29,0x32,0x2B,0x25,0x32,0x27,0x2C,0x25,0x36,0x38,0x29,
0xFC,0x3D,0x00,0x27,0x33,0x30,0x2B,0x25,0x36,0x38,0x29,0x00,0x28,0x29,0x30,0xFD,
0x38,0x29,0x27,0x2C,0x33,0xE4,0x00,0x33,0x00,0x25,0x38,0x36,0x25,0x29,0x36,0x00,
0x39,0x32,0xFC,0x33,0x26,0x2E,0x29,0x38,0x33,0xE2,0xFD,0x1A,0x39,0x29,0x28,0x29,
0x37,0x00,0x25,0x34,0x39,0xF0,0x1C,0x25,0x30,0x25,0x36,0x00,0x25,0x00,0x39,0x32,
0xFC,0x29,0x32,0x29,0x31,0x2D,0x2B,0x33,0x00,0x31,0x25,0x32,0x38,0x29,0x32,0x2D,
0x29,0x32,0x28,0x33,0xFC,0x34,0x39,0x30,0x37,0x25,0x28,0x33,0x00,0x29,0x30,0x00,
0x26,0x33,0x38,0xF0,0x13,0x32,0x00,0x28,0x29,0xFD,0x25,0x38,0x25,0x35,0x39,0x29,
0xE4,0x00,0x25,0x28,0x29,0x31,0xF0,0x10,0x37,0xFC,0x28,0x29,0x00,0x2B,0x33,0x30,
0x34,0x29,0x25,0x36,0x30,0x33,0x00,0xFC,0x32,0x33,0x36,0x31,0x25,0x30,0x31,0x29,
0x32,0x38,0x29,0xE2,0xFD,0x0F,0x37,0x00,0x39,0x32,0x00,0x25,0x36,0x31,0x25,0x00,
0xF0,0x14,0x38,0x2D,0x30,0xE2,0xFC,0x1E,0x25,0x31,0x26,0x2D,0xF0,0x11,0x32,0x00,
0x34,0x39,0x29,0x28,0x29,0x37,0xFC,0x25,0x38,0x36,0x25,0x29,0x36,0x00,0x25,0x00,
0x39,0x32,0x00,0x29,0x32,0x29,0x31,0x2D,0x2B,0x33,0xFD,0x39,0x32,0x25,0x00,0x3A,
0x29,0x3E,0x00,0x35,0x39,0x29,0x00,0x30,0x33,0x00,0x2C,0x25,0x3D,0x25,0x37,0xFC,
0x25,0x34,0x39,0xF0,0x1C,0x25,0x30,0x25,0x28,0x33,0x00,0x34,0x39,0x30,0x37,0x25,
0x32,0x28,0x33,0xFC,0x29,0x30,0x00,0xEF,0x0D,0x33,0x32,0x38,0x36,0x33,0x30,0x00,
0x1A,0x25,0x28,0xE2,0xFD,0x13,0x32,0x38,0x29,0x32,0x38,0x25,0x00,0x25,0x34,0x39,
0xF0,0x1C,0x25,0x30,0x25,0x36,0x00,0x29,0x37,0x25,0xFC,0x27,0x25,0x2E,0x25,0x00,
0x3D,0x00,0x25,0x38,0x36,0x25,0x29,0x36,0x30,0x25,0xFC,0x2C,0x25,0x27,0x2D,0x25,
0x00,0x38,0x2D,0xE2,0xFD,0xF4,0x01,0x1D,0x2D,0x00,0x25,0xF0,0x14,0x32,0x00,0x32,
0x33,0x00,0x30,0x33,0xFC,0x29,0x32,0x38,0x29,0x32,0x28,0x2D,0x37,0x38,0x29,0xE4,
0xFC,0x34,0x39,0x29,0x28,0x29,0x37,0x00,0x34,0x36,0x29,0x2B,0x39,0x32,0x38,0x25,
0x36,0x31,0x29,0xFD,0x33,0x38,0x36,0x25,0x00,0x3A,0x29,0x3E,0xE2,0xFF,0xF3,0x44,
0x1E,0x29,0x00,0x2C,0x25,0x37,0x00,0x36,0x29,0x27,0x39,0x34,0x29,0x36,0x25,0x28,
0x33,0xE4,0xFC,0x24,0x29,0x36,0x33,0xE2,0xFD,0x1E,0x33,0x28,0x33,0x37,0x00,0x30,
0x33,0x37,0x00,0x37,0x33,0x30,0x28,0x25,0x28,0x33,0x37,0xFC,0x28,0x29,0x00,0x30,
0x25,0x00,0x36,0x29,0x37,0x2D,0x37,0x38,0x29,0x32,0x27,0x2D,0x25,0xFC,0x38,0x29,
0x00,0x27,0x33,0x32,0x33,0x27,0x29,0x32,0xE4,0x00,0x24,0x29,0x36,0x33,0xE2,0xFD,
0x0C,0x39,0x29,0x32,0x33,0xE4,0x00,0x29,0x3C,0x27,0x29,0x34,0x38,0x33,0x00,0x30,
0x33,0x37,0xFC,0x31,0x2D,0x29,0x31,0x26,0x36,0x33,0x37,0x00,0x32,0x39,0x29,0x3A,
0x33,0x37,0x00,0x35,0x39,0x29,0xFC,0x25,0x27,0x25,0x26,0x25,0x32,0x00,0x28,0x29,
0x00,0x30,0x30,0x29,0x2B,0x25,0x36,0xFD,0x36,0x29,0x27,0x2D,0x29,0x32,0x38,0x29,
0x31,0x29,0x32,0x38,0x29,0xE2,0xFD,0x1D,0x2D,0x00,0x38,0x29,0x00,0x29,0x32,0x27,
0x39,0x29,0x32,0x38,0x36,0x25,0x37,0x00,0x27,0x33,0x32,0x00,0xFC,0x25,0x30,0x2B,
0x39,0x2D,0x29,0x32,0xE4,0x00,0x34,0x33,0x36,0x00,0x2A,0x25,0x3A,0x33,0x36,0xFC,
0x34,0x39,0x30,0x37,0x25,0x00,0xEF,0x0D,0x33,0x32,0x38,0x36,0x33,0x30,0x00,0x1A,
0x25,0x28,0xFD,0x2C,0x25,0x27,0x2D,0x25,0x00,0x25,0x36,0x36,0x2D,0x26,0x25,0x00,
0x3D,0xFC,0x2C,0x25,0x26,0x30,0x25,0x36,0xF0,0x10,0x37,0x00,0x27,0x33,0x32,0x00,
0x29,0x30,0x30,0x33,0x37,0xE2,0xFC,0x0F,0x37,0x38,0x25,0x36,0xF0,0x10,0x32,0x00,
0x29,0x32,0x27,0x25,0x32,0x38,0x25,0x28,0x33,0x37,0xFD,0x28,0x29,0x00,0x27,0x33,
0x32,0x3A,0x29,0x36,0x37,0x25,0x36,0xFC,0x27,0x33,0x32,0x38,0x2D,0x2B,0x33,0xE2,
0xFD,0xF0,0x1E,0x0B,0x2C,0xE4,0x00,0x36,0x29,0x27,0x39,0x29,0x36,0x28,0x25,0xE5,
0xFC,0x0D,0x2D,0x29,0x30,0x00,0x3D,0x00,0x0D,0x29,0x36,0x3A,0x29,0x25,0x39,0x00,
0x38,0x29,0xFC,0x29,0x37,0x38,0xF0,0x10,0x32,0x00,0x26,0x39,0x37,0x27,0x25,0x32,
0x28,0x33,0xE2,0xFF,0xF3,0x44,0xF0,0x1F,0x1B,0x39,0xF0,0x11,0x00,0x38,0x25,0x30,
0x00,0x37,0x2D,0x00,0x3A,0x25,0x37,0x00,0x25,0xFC,0x3A,0x2D,0x37,0x2D,0x38,0x25,
0x36,0x00,0x34,0x36,0x2D,0x31,0x29,0x36,0x33,0x00,0x25,0xFC,0x0D,0x2D,0x29,0x30,
0x00,0x3D,0x00,0x0D,0x29,0x36,0x3A,0x29,0x25,0x39,0xF0,0x08,0xFF,0xF3,0x06,0x24,
0x29,0x36,0x33,0xE2,0xE2,0xE2,0x00,0x30,0x25,0x31,0x29,0x32,0x38,0x33,0xFC,0x2C,
0x25,0x27,0x29,0x36,0x38,0x29,0x00,0x37,0x29,0x32,0x38,0x2D,0x36,0xFC,0x2D,0x32,
0x27,0xF0,0x13,0x31,0x33,0x28,0x33,0xE2,0xE2,0xE2,0xFD,0x1E,0x33,0x28,0x33,0x00,
0x38,0x29,0x36,0x31,0x2D,0x32,0x25,0x36,0xF0,0x10,0x00,0x27,0x39,0x25,0x32,0x28,
0x33,0xFC,0x27,0x33,0x31,0x34,0x30,0x29,0x38,0x29,0x00,0x30,0x25,0x00,0x2D,0x32,
0x3A,0x29,0x37,0x38,0x2D,0xF0,0x01,0xFC,0x2B,0x25,0x27,0x2D,0xF0,0x13,0x32,0xE4,
0x00,0xF0,0x1F,0x3A,0x29,0x36,0x28,0x25,0x28,0xF0,0x08,0xFF,0xF3,0x06,0xF0,0x1F,
0x0F,0x37,0x38,0xF0,0x10,0x37,0x00,0x26,0x2D,0x29,0x32,0xE4,0xFC,0x24,0x29,0x36,
0x33,0xF0,0x08,0xFD,0x17,0x29,0x00,0x34,0x36,0x29,0x2B,0x39,0x32,0x38,0x33,0x00,
0x34,0x33,0x36,0xFC,0x35,0x39,0xF0,0x11,0x00,0x0F,0x30,0x34,0x2D,0x3E,0x33,0x00,
0x38,0x29,0xFC,0x29,0x37,0x38,0xF0,0x10,0x00,0x31,0x33,0x30,0x29,0x37,0x38,0x25,
0x32,0x28,0x33,0xFD,0x27,0x33,0x32,0x00,0x29,0x37,0x38,0x25,0x37,0x00,0xF0,0x13,
0x36,0x28,0x29,0x32,0x29,0x37,0xFC,0x38,0x25,0x32,0x00,0x28,0x2D,0x2A,0xF0,0x12,
0x27,0x2D,0x30,0x29,0x37,0xE2,0xE2,0xE2,0xFD,0x1D,0x2D,0x00,0x2C,0x25,0x3D,0x00,
0x39,0x32,0x25,0xFC,0x31,0x2D,0x37,0x2D,0xF0,0x13,0x32,0x00,0x31,0x39,0x3D,0xFC,
0x28,0x2D,0x2A,0xF0,0x12,0x27,0x2D,0x30,0xE4,0x00,0x3D,0x33,0xFD,0x38,0x29,0x00,
0x25,0x3D,0x39,0x28,0x25,0x36,0xF0,0x11,0xE2,0xFD,0x1A,0x33,0x36,0x00,0x2A,0x25,
0x3A,0x33,0x36,0x00,0x28,0x2D,0x31,0x29,0xFC,0x37,0x2D,0x00,0x32,0x29,0x27,0x29,
0x37,0x2D,0x38,0x25,0x37,0x00,0x29,0x30,0xFC,0x34,0x33,0x28,0x29,0x36,0x00,0x28,
0x29,0x30,0xFD,0x0D,0x2D,0x26,0x29,0x36,0xF0,0x01,0x29,0x30,0x2A,0x33,0xE2,0xFD,
0x23,0xE4,0x00,0xF0,0x1E,0x25,0x27,0x25,0x26,0x33,0x00,0x28,0x29,0xFC,0x36,0x29,
0x27,0x33,0x36,0x28,0x25,0x36,0xE5,0xFD,0x16,0x25,0x00,0x27,0x33,0x31,0x34,0x39,
0x38,0x25,0x28,0x33,0x36,0x25,0xFC,0x29,0x32,0x00,0x30,0x25,0x00,0x29,0x32,0x38,
0x36,0x25,0x28,0x25,0xFC,0x38,0x2D,0x29,0x32,0x29,0x00,0x30,0x33,0x37,0x00,0x28,
0x25,0x38,0x33,0x37,0xFD,0x35,0x39,0x29,0x00,0x2C,0x29,0xFC,0x29,0x37,0x38,0x39,
0x28,0x2D,0x25,0x28,0x33,0xE2,0xFD,0x1A,0x33,0x36,0x00,0x2A,0x25,0x3A,0x33,0x36,
0x00,0xF0,0x11,0x27,0x2C,0x25,0x30,0x29,0xFC,0x39,0x32,0x00,0x3A,0x2D,0x37,0x38,
0x25,0x3E,0x33,0x00,0x27,0x39,0x25,0x32,0x28,0x33,0xFC,0x38,0x29,0x32,0x2B,0x25,
0x37,0x00,0x38,0x2D,0x29,0x31,0x34,0x33,0xE2,0xFF,0xF3,0x06,0x16,0x25,0x37,0x00,
0x27,0x33,0x37,0x25,0x37,0x00,0x29,0x37,0x38,0xF0,0x10,0x32,0xFC,0x38,0x29,0x36,
0x36,0x2D,0x26,0x30,0x29,0x37,0xE4,0x00,0x24,0x29,0x36,0x33,0xE2,0xE2,0xE2,0xFD,
0x0F,0x37,0x38,0x33,0x3D,0x00,0x31,0x39,0x3D,0xFC,0x34,0x36,0x29,0x33,0x27,0x39,
0x34,0x25,0x28,0x25,0x00,0x34,0x33,0x36,0xFC,0x0F,0x30,0x34,0x2D,0x3E,0x33,0xE2,
0xFD,0x0F,0x37,0x00,0x2D,0x31,0x34,0x33,0x36,0x38,0x25,0x32,0x38,0x29,0xFC,0x28,
0x29,0x37,0x27,0x39,0x26,0x36,0x2D,0x36,0x00,0x28,0xF0,0x13,0x32,0x28,0x29,0xFC,
0x29,0x37,0x38,0xF0,0x10,0x00,0x25,0x2C,0x33,0x36,0x25,0xE2,0xE2,0xE2,0xFF,0xF3,
0x06,0x0C,0x39,0x29,0x32,0x25,0x00,0x37,0x39,0x29,0x36,0x38,0x29,0xE4,0xFC,0x24,
0x29,0x36,0x33,0xE2,0xE2,0xE2,0xFD,0x1D,0xF0,0x13,0x30,0x33,0x00,0x38,0xF0,0x14,
0x00,0x34,0x39,0x29,0x28,0x29,0x37,0xFC,0x28,0x29,0x38,0x29,0x32,0x29,0x36,0x00,
0x25,0x00,0x0F,0x30,0x34,0x2D,0x3E,0x33,0xE2,0xE2,0xE2,0xFD,0x24,0x29,0x36,0x33,
0xE2,0xE2,0xE2,0xFF,0xF3,0x06,0x0F,0x37,0x34,0x29,0x36,0x33,0x00,0x35,0x39,0x29,
0x00,0x34,0x39,0x29,0x28,0x25,0x37,0xFC,0x30,0x33,0x2B,0x36,0x25,0x36,0x30,0x33,
0xE2,0xE2,0xE2,0xFC,0x0C,0x39,0x29,0x32,0x25,0x00,0x37,0x39,0x29,0x36,0x38,0x29,
0xE4,0x00,0x24,0x29,0x36,0x33,0xE2,0xFF,0xF3,0x29,0x0B,0x2C,0xE4,0x00,0x24,0x29,
0x36,0x33,0xE2,0xFD,0xF0,0x1F,0x1E,0x29,0x00,0x31,0x25,0x32,0x29,0x2E,0x25,0x37,
0x00,0x26,0x2D,0x29,0x32,0xFC,0x27,0x33,0x32,0x00,0x38,0x39,0x37,0x00,0x25,0x36,
0x31,0x25,0x37,0xF0,0x08,0xFD,0x1A,0x33,0x36,0x00,0x27,0x2D,0x29,0x36,0x38,0x33,
0xE2,0xE2,0xE2,0xFC,0x2C,0x25,0x3D,0x00,0x25,0x30,0x2B,0x33,0x00,0x35,0x39,0x29,
0xFC,0x35,0x39,0x29,0x36,0xF0,0x12,0x25,0x00,0x28,0x29,0x27,0x2D,0x36,0x38,0x29,
0xFD,0x28,0x29,0x37,0x34,0x39,0xF0,0x11,0x37,0x00,0x28,0x29,0xFC,0x3A,0x29,0x36,
0x38,0x29,0x00,0x34,0x29,0x30,0x29,0x25,0x36,0xE2,0xE2,0xE2,0xFD,0x1A,0x25,0x36,
0x29,0x27,0x29,0x00,0x35,0x39,0x29,0x00,0x38,0x2D,0x29,0x32,0x29,0x37,0xFC,0x39,
0x32,0x25,0x00,0x2C,0x25,0x26,0x2D,0x30,0x2D,0x28,0x25,0x28,0xFC,0x33,0x27,0x39,
0x30,0x38,0x25,0xE2,0xE2,0xE2,0xFD,0x1A,0x33,0x36,0x00,0x29,0x2E,0x29,0x31,0x34,
0x30,0x33,0xE4,0x00,0x37,0x2D,0xFC,0x28,0x29,0x36,0x36,0x33,0x38,0x25,0x37,0x00,
0x25,0x00,0x39,0x32,0x00,0x2E,0x29,0x2A,0x29,0xFC,0x27,0x39,0x25,0x32,0x28,0x33,
0x00,0x38,0x39,0x00,0x32,0x2D,0x3A,0x29,0x30,0x00,0x29,0x37,0xFD,0x25,0x30,0x38,
0x33,0xE4,0x00,0x34,0x39,0x29,0x28,0x29,0x37,0xFC,0x25,0x34,0x36,0x29,0x32,0x28,
0x29,0x36,0x00,0x25,0x00,0x39,0x37,0x25,0x36,0xFC,0x37,0x39,0x00,0x38,0xF0,0x11,
0x27,0x32,0x2D,0x27,0x25,0xE2,0xE2,0xE2,0xFD,0x23,0x00,0x25,0x28,0x29,0x31,0xF0,
0x10,0x37,0xE2,0xE2,0xE2,0xFD,0x1D,0x2D,0x00,0x34,0x29,0x30,0x29,0x25,0x37,0x00,
0x37,0x33,0x30,0x33,0xFC,0x27,0x33,0x32,0x00,0x29,0x30,0x00,0x0C,0x39,0x37,0x38,
0x29,0x36,0xE4,0xFC,0x38,0x39,0x37,0x00,0x28,0x2D,0x37,0x34,0x25,0x36,0x33,0x37,
0xFD,0x37,0x29,0x36,0xF0,0x10,0x32,0x00,0x31,0xF0,0x10,0x37,0xFC,0x34,0x33,0x28,
0x29,0x36,0x33,0x37,0x33,0x37,0xE2,0xE2,0xE2,0xFD,0x23,0x00,0x37,0x2D,0x00,0x3A,
0x29,0x32,0x27,0x29,0x37,0x00,0x25,0xFC,0x31,0x39,0x27,0x2C,0x33,0x37,0x00,0x29,
0x32,0x29,0x31,0x2D,0x2B,0x33,0x37,0xFC,0x27,0x33,0x32,0x00,0x29,0x30,0x00,0x0F,
0x37,0x27,0x39,0x28,0x33,0xE4,0xFD,0x38,0x39,0x00,0x28,0x29,0x2A,0x29,0x32,0x37,
0x25,0xFC,0x31,0x29,0x2E,0x33,0x36,0x25,0xE2,0xFD,0x1A,0x25,0x36,0x29,0x27,0x29,
0x00,0x35,0x39,0x29,0x00,0x25,0xF0,0x14,0x32,0xFC,0x38,0x2D,0x29,0x32,0x29,0x37,
0x00,0x31,0xF0,0x10,0x37,0xFC,0x2C,0x25,0x26,0x2D,0x30,0x2D,0x28,0x25,0x28,0x29,
0x37,0xFD,0x29,0x32,0x00,0x38,0x39,0x00,0x2D,0x32,0x38,0x29,0x36,0x2D,0x33,0x36,
0xE2,0xE2,0xE2,0xFD,0x0F,0x37,0x00,0x36,0x29,0x25,0x30,0x31,0x29,0x32,0x38,0x29,
0xFC,0x25,0x37,0x33,0x31,0x26,0x36,0x33,0x37,0x33,0xE2,0xE2,0xE2,0xFD,0x0F,0x36,
0x29,0x37,0x00,0x39,0x32,0x00,0x1C,0x29,0x34,0x30,0x33,0x2D,0x28,0x29,0xFC,0x27,
0x36,0x29,0x25,0x28,0x33,0x00,0x2C,0x25,0x27,0x29,0x00,0x31,0x39,0x27,0x2C,0x33,
0xFC,0x38,0x2D,0x29,0x31,0x34,0x33,0xE4,0x00,0x34,0x29,0x36,0x33,0xFD,0x38,0x2D,
0x29,0x32,0x29,0x37,0x00,0x2C,0x25,0x26,0x2D,0x30,0x2D,0x28,0x25,0x28,0x29,0x37,
0xFC,0x2D,0x32,0x27,0x36,0x29,0xF0,0x12,0x26,0x30,0x29,0x37,0xE2,0xE2,0xE2,0xFF,
0xF3,0x29,0x24,0x29,0x36,0x33,0xE4,0x00,0x34,0x25,0x36,0x29,0x27,0x29,0x00,0x35,
0x39,0x29,0xFC,0x30,0x25,0x00,0x26,0x25,0x37,0x29,0x00,0x29,0x37,0x38,0xF0,0x10,
0x00,0x31,0x39,0x3D,0xFC,0x36,0x39,0x2D,0x28,0x33,0x37,0x25,0xE4,0x00,0xF0,0x1F,
0x35,0x39,0xF0,0x11,0xFD,0x29,0x37,0x38,0xF0,0x10,0x00,0x34,0x25,0x37,0x25,0x32,
0x28,0x33,0xF0,0x08,0xFD,0xF0,0x1F,0xE2,0xE2,0xE2,0x1B,0x39,0xF0,0x11,0xF0,0x08,
0xFC,0xF0,0x1F,0x0F,0x30,0x34,0x2D,0x3E,0x33,0xF0,0x08,0xFD,0x0F,0x37,0x00,0x34,
0x29,0x30,0x2D,0x2B,0x36,0x33,0x37,0x33,0xE2,0xFC,0xF0,0x16,0x30,0x00,0x28,0x29,
0x26,0x29,0x36,0xF0,0x12,0x25,0x00,0x37,0x29,0x36,0xFC,0x30,0x33,0x00,0x34,0x36,
0x2D,0x31,0x29,0x36,0x33,0x00,0x35,0x39,0x29,0xFD,0x29,0x32,0x27,0x39,0x29,0x32,
0x38,0x36,0x29,0x37,0xE2,0xFF,0xF3,0x29,0x24,0x29,0x36,0x33,0xE4,0x00,0x25,0x38,
0x36,0x25,0x34,0x25,0x00,0x25,0xFC,0x0F,0x30,0x34,0x2D,0x3E,0x33,0x00,0x30,0x33,
0x00,0x25,0x32,0x38,0x29,0x37,0xFC,0x34,0x33,0x37,0x2D,0x26,0x30,0x29,0xE2,0xFD,
0x0B,0x32,0x38,0x29,0x37,0x00,0x28,0x29,0x00,0x35,0x39,0x29,0x00,0x37,0x29,0x25,
0xFC,0x28,0x29,0x31,0x25,0x37,0x2D,0x25,0x28,0x33,0x00,0x38,0x25,0x36,0x28,0x29,
0xE2,0xE2,0xE2,0xFF,0xF3,0x29,0x24,0x29,0x36,0x33,0xE2,0xE2,0xE2,0xFC,0x0D,0x33,
0x32,0x2A,0xF0,0x12,0x33,0x00,0x29,0x32,0x00,0x38,0x2D,0xE2,0xFD,0x1D,0x2D,0x2B,
0x32,0x2D,0x2A,0x2D,0x27,0x25,0x00,0x35,0x39,0x29,0xFC,0x2C,0x25,0x36,0xF0,0x11,
0x00,0x38,0x33,0x28,0x33,0x37,0x00,0x30,0x33,0x37,0xFC,0x29,0x37,0x38,0x39,0x28,
0x2D,0x33,0x37,0x00,0x28,0x2D,0x2A,0xF0,0x12,0x27,0x2D,0x30,0x29,0x37,0xFD,0x3D,
0x00,0x34,0x36,0x39,0x29,0x26,0x25,0x37,0x00,0x34,0x25,0x36,0x25,0xFC,0x38,0x2D,
0xE2,0xFD,0x1D,0x33,0x30,0x33,0x00,0x34,0x36,0x33,0x31,0xF0,0x11,0x38,0x29,0x31,
0x29,0xFC,0x35,0x39,0x29,0x00,0x3A,0x33,0x30,0x3A,0x29,0x36,0xF0,0x10,0x37,0xFC,
0x27,0x33,0x32,0x00,0x3A,0x2D,0x28,0x25,0xE2,0xFF,0xF3,0x29,0x0C,0x39,0x29,0x32,
0x25,0x00,0x37,0x39,0x29,0x36,0x38,0x29,0xE4,0xFC,0x24,0x29,0x36,0x33,0xE2,0xE2,
0xE2,0xFF,0xF3,0x44,0x1D,0x2D,0x00,0x35,0x39,0x2D,0x29,0x36,0x29,0x37,0x00,0x3A,
0x33,0x30,0x3A,0x29,0x36,0xFC,0x25,0x00,0x25,0x30,0x2B,0x39,0x32,0x25,0x00,0x28,
0x29,0x00,0x30,0x25,0x37,0xFC,0xF0,0x10,0x36,0x29,0x25,0x37,0x00,0x35,0x39,0x29,
0x00,0x3D,0x25,0xFD,0x37,0x39,0x34,0x29,0x36,0x25,0x37,0x38,0x29,0xE4,0x00,0x39,
0x37,0x25,0x00,0x29,0x30,0x00,0xFC,0x1E,0x36,0x25,0x32,0x37,0x00,0x1D,0x29,0x36,
0x3A,0x29,0x36,0xE2,0xFD,0x0F,0x37,0x38,0xF0,0x10,0x00,0x2E,0x39,0x37,0x38,0x33,
0x00,0x29,0x32,0x00,0x29,0x30,0xFC,0x27,0x29,0x32,0x38,0x36,0x33,0x00,0x28,0x29,
0x00,0x30,0x25,0x00,0x37,0x25,0x30,0x25,0xFC,0x28,0x29,0x30,0x00,0x27,0x33,0x31,
0x25,0x32,0x28,0x25,0x32,0x38,0x29,0xE2,0xFD,0x0E,0x29,0x37,0x28,0x29,0x00,0x25,
0x2C,0xF0,0x12,0x00,0x34,0x39,0x29,0x28,0x29,0x37,0xFC,0x3A,0x2D,0x25,0x2E,0x25,
0x36,0x00,0x25,0x00,0x27,0x39,0x25,0x30,0x35,0x39,0x2D,0x29,0x36,0xFC,0x33,0x38,
0x36,0x25,0x00,0xF0,0x10,0x36,0x29,0x25,0xE2,0xFD,0x1A,0x25,0x36,0x25,0x00,0x39,
0x37,0x25,0x36,0x00,0x29,0x30,0x00,0x1E,0x36,0x25,0x32,0x37,0xFC,0x1D,0x29,0x36,
0x3A,0x29,0x36,0xE4,0x00,0x27,0x33,0x30,0xF0,0x13,0x27,0x25,0x38,0x29,0xFC,0x29,
0x32,0x00,0x29,0x30,0x00,0x27,0x29,0x32,0x38,0x36,0x33,0xFD,0x3D,0x00,0x2C,0x25,
0x26,0x30,0x25,0x00,0x27,0x33,0x32,0x00,0x30,0x25,0xFC,0x33,0x34,0x29,0x36,0x25,
0x28,0x33,0x36,0x25,0xE2,0xFF,0xF3,0x44,0x24,0x29,0x36,0x33,0xE2,0xE2,0xE2,0xFC,
0xF0,0x1F,0x0F,0x37,0x38,0xF0,0x10,0x37,0x00,0x39,0x37,0x25,0x32,0x28,0x33,0x00,
0x26,0x2D,0x29,0x32,0xFC,0x29,0x30,0x00,0x1E,0x36,0x25,0x32,0x37,0x00,0x1D,0x29,
0x36,0x3A,0x29,0x36,0xF0,0x08,0xFD,0x0F,0x37,0x00,0x31,0x39,0x3D,0x00,0xF0,0x14,
0x38,0x2D,0x30,0xE2,0xFF,0xF3,0x44,0x24,0x29,0x36,0x33,0xE4,0x00,0x32,0x33,0x37,
0x33,0x38,0x36,0x33,0x37,0xFC,0x34,0x33,0x28,0x29,0x31,0x33,0x37,0x00,0x29,0x32,
0x27,0x25,0x36,0x2B,0x25,0x36,0x32,0x33,0x37,0xFC,0x28,0x29,0x00,0x3A,0x2D,0x2B,
0x2D,0x30,0x25,0x36,0x00,0x30,0x25,0x00,0x26,0x25,0x37,0x29,0xE2,0xFD,0x0E,0xF0,
0x11,0x2E,0x25,0x32,0x33,0x37,0x00,0x29,0x37,0x33,0xFC,0x25,0x00,0x32,0x33,0x37,
0x33,0x38,0x36,0x33,0x37,0xE2,0xFF,0xF3,0x2A,0xF0,0x1E,0x19,0x2C,0xE4,0x00,0x24,
0x29,0x36,0x33,0xE5,0xFC,0xF0,0x1E,0x0F,0x37,0x38,0xF0,0x10,0x37,0x00,0x25,0x00,
0x37,0x25,0x30,0x3A,0x33,0xE5,0xFF,0xF3,0x2A,0x1A,0x25,0x36,0x29,0x27,0x29,0x00,
0x35,0x39,0x29,0x00,0x2C,0x25,0x3D,0xFC,0x25,0x30,0x2B,0xF0,0x14,0x32,0x00,0x34,
0x36,0x33,0x26,0x30,0x29,0x31,0x25,0xFC,0x27,0x33,0x32,0x00,0x29,0x30,0x00,0x25,
0x37,0x27,0x29,0x32,0x37,0x33,0x36,0xE4,0xFD,0x3D,0x00,0x32,0x33,0x00,0x34,0x39,
0x29,0x28,0x29,0x37,0x00,0x2D,0x36,0xFC,0x32,0x2D,0x00,0x25,0x30,0x00,0x02,0x29,
0x36,0x00,0x34,0x2D,0x37,0x33,0xFC,0x32,0x2D,0x00,0x25,0x30,0x00,0x06,0x38,0x33,
0xE2,0xFD,0x1E,0x25,0x31,0x34,0x33,0x27,0x33,0x00,0x29,0x37,0x00,0x34,0x33,0x37,
0x2D,0x26,0x30,0x29,0xFC,0x37,0x39,0x26,0x2D,0x36,0x00,0x31,0xF0,0x10,0x37,0x00,
0x25,0x30,0x30,0xF0,0x10,0xFC,0x28,0x29,0x30,0x00,0x06,0x38,0x33,0x00,0x34,0x2D,
0x37,0x33,0xE2,0xFD,0x1A,0x29,0x36,0x33,0x00,0x27,0x36,0x29,0x33,0x00,0x35,0x39,
0x29,0xFC,0x3A,0x33,0x30,0x3A,0x29,0x36,0xF0,0x10,0x00,0x25,0x00,0x2A,0x39,0x32,
0x27,0x2D,0x33,0x32,0x25,0x36,0xFC,0x34,0x36,0x33,0x32,0x38,0x33,0xE2,0xE2,0xE2,
0xFF,0xF3,0x2A,0x16,0x25,0x37,0x00,0x2A,0x33,0x38,0x33,0x37,0x00,0x28,0x29,0x00,
0x30,0x33,0x37,0xFC,0x2E,0x29,0x2A,0x29,0x37,0x00,0x35,0x39,0x29,0x00,0x3A,0x29,
0x37,0x00,0x29,0x32,0xFC,0x30,0x33,0x37,0x00,0x31,0x33,0x32,0x2D,0x38,0x33,0x36,
0x29,0x37,0x00,0x28,0x29,0xFD,0x30,0x25,0x00,0x37,0x25,0x30,0x25,0x00,0x28,0x29,
0x30,0xFC,0x27,0x33,0x31,0x25,0x32,0x28,0x25,0x32,0x38,0x29,0x00,0x2A,0x39,0x29,
0x36,0x33,0x32,0xFC,0x38,0x33,0x31,0x25,0x28,0x25,0x37,0x00,0x34,0x33,0x36,0x00,
0x39,0x32,0xFD,0x29,0x35,0x39,0x2D,0x34,0x33,0x00,0x25,0x3A,0x25,0x32,0x3E,0x25,
0x28,0x33,0x00,0x35,0x39,0x29,0xFC,0x39,0x37,0xF0,0x13,0x00,0x38,0xF0,0x11,0x27,
0x32,0x2D,0x27,0x25,0x37,0x00,0x28,0x29,0xFC,0x29,0x37,0x34,0x2D,0x33,0x32,0x25,
0x2E,0x29,0x00,0x31,0x39,0x3D,0xFD,0x2D,0x31,0x34,0x36,0x29,0x37,0x2D,0x33,0x32,
0x25,0x32,0x38,0x29,0x37,0xE2,0xFD,0x0E,0x29,0x26,0x2D,0xF0,0x13,0x00,0x37,0x29,
0x36,0x00,0x31,0x39,0x3D,0xFC,0x25,0x36,0x36,0x2D,0x29,0x37,0x2B,0x25,0x28,0x33,
0x00,0x37,0x25,0x27,0x25,0x36,0xFC,0x29,0x37,0x25,0x37,0x00,0x2A,0x33,0x38,0x33,
0x37,0xE2,0xFF,0xF3,0x2A,0xF0,0x1E,0x0B,0x2C,0xE4,0x00,0x24,0x29,0x36,0x33,0xE5,
0xFD,0xF0,0x1F,0x1B,0x39,0xF0,0x11,0x00,0x34,0x25,0x37,0xF0,0x13,0x00,0x27,0x33,
0x32,0xFC,0x0F,0x30,0x34,0x2D,0x3E,0x33,0xF0,0x08,0xFF,0xF3,0x2A,0x0F,0x37,0x38,
0x33,0x3D,0x00,0x36,0x29,0x25,0x30,0x31,0x29,0x32,0x38,0x29,0xFC,0x34,0x36,0x29,
0x33,0x27,0x39,0x34,0x25,0x28,0x33,0x00,0x34,0x33,0x36,0xFC,0x0F,0x30,0x34,0x2D,
0x3E,0x33,0xE2,0xFF,0xF3,0x2A,0x0C,0x39,0x29,0x32,0x25,0x00,0x37,0x39,0x29,0x36,
0x38,0x29,0xE4,0xFC,0x24,0x29,0x36,0x33,0xE2,0xFF,0xF3,0x24,0x0F,0x36,0x29,0x37,
0x00,0x32,0x39,0x29,0x3A,0x33,0x00,0x34,0x33,0x36,0x00,0x25,0x35,0x39,0xF0,0x12,
0xE2,0xFC,0x0C,0x2D,0x29,0x32,0x3A,0x29,0x32,0x2D,0x28,0x33,0x00,0x25,0x00,0x32,
0x39,0x29,0x37,0x38,0x36,0x25,0xFC,0x26,0x25,0x37,0x29,0xE4,0x00,0x2C,0x2D,0x2E,
0x33,0xE2,0xFD,0x17,0x2D,0x00,0x32,0x33,0x31,0x26,0x36,0x29,0x00,0x29,0x37,0x00,
0x0B,0x32,0x28,0x36,0x29,0x3B,0xE2,0xFC,0x1D,0x2D,0x00,0x38,0x2D,0x29,0x32,0x29,
0x37,0x00,0x38,0x2D,0x29,0x31,0x34,0x33,0xE4,0xFC,0x3A,0x29,0x32,0x00,0x25,0x00,
0x31,0x2D,0x00,0x30,0x39,0x2B,0x25,0x36,0xE2,0xFD,0x1E,0x29,0x00,0x27,0x33,0x32,
0x38,0x25,0x36,0xF0,0x11,0x00,0x39,0x32,0x25,0xFC,0x2C,0x2D,0x37,0x38,0x33,0x36,
0x2D,0x25,0x00,0x2D,0x32,0x38,0x29,0x36,0x29,0x37,0x25,0x32,0x38,0x29,0xE2,0xFF,
0xF3,0x24,0xF0,0x1F,0x0D,0xF0,0x13,0x31,0x33,0x00,0x38,0x29,0x00,0x30,0x30,0x25,
0x31,0x25,0x37,0xE4,0xFC,0x2E,0x33,0x3A,0x29,0x32,0xF0,0x08,0xFD,0x24,0x29,0x36,
0x33,0xE2,0xE2,0xE2,0x00,0x1E,0x2D,0x29,0x32,0x29,0x37,0x00,0x29,0x30,0xFC,0x31,
0x2D,0x37,0x31,0x33,0x00,0x32,0x33,0x31,0x26,0x36,0x29,0x00,0x35,0x39,0x29,0xFC,
0x25,0x35,0x39,0x29,0x30,0x00,0x30,0x29,0x2B,0x29,0x32,0x28,0x25,0x36,0x2D,0x33,
0xFD,0x1C,0x29,0x34,0x30,0x33,0x2D,0x28,0x29,0xE2,0xE2,0xE2,0xFD,0xF0,0x1E,0x0F,
0x37,0x2A,0x39,0xF0,0x11,0x36,0x3E,0x25,0x38,0x29,0x00,0x3D,0x00,0x32,0x33,0xFC,
0x28,0x29,0x37,0x2C,0x33,0x32,0x36,0x29,0x37,0x00,0x29,0x30,0x00,0x32,0x33,0x31,
0x26,0x36,0x29,0xFC,0x28,0x29,0x00,0x29,0x37,0x29,0x00,0x2C,0xF0,0x11,0x36,0x33,
0x29,0xE5,0xFF,0xF3,0x24,0x19,0x2C,0xE4,0x00,0x24,0x29,0x36,0x33,0xE2,0xE2,0xE2,
0xFD,0xF0,0x1F,0x1E,0x29,0x00,0x29,0x37,0x38,0xF0,0x10,0x00,0x3D,0x29,0x32,0x28,
0x33,0x00,0x26,0x2D,0x29,0x32,0xF0,0x08,0xFD,0x0D,0x39,0x25,0x32,0x28,0x33,0x00,
0x3D,0x33,0x00,0x29,0x36,0x25,0xFC,0x32,0x39,0x29,0x3A,0x33,0xE4,0x00,0x37,0x33,
0x30,0xF0,0x12,0x25,0xFC,0x27,0x25,0x39,0x37,0x25,0x36,0x30,0x29,0x00,0x34,0x36,
0x33,0x26,0x30,0x29,0x31,0x25,0x37,0xFD,0x25,0x00,0x38,0x33,0x28,0x33,0x37,0x00,
0x34,0x33,0x36,0x35,0x39,0x29,0x00,0x32,0x33,0xFC,0x34,0x33,0x28,0xF0,0x12,0x25,
0x00,0x25,0x34,0x36,0x29,0x32,0x28,0x29,0x36,0xFC,0x36,0xF0,0x10,0x34,0x2D,0x28,
0x25,0x31,0x29,0x32,0x38,0x29,0xE2,0xFD,0x1A,0x29,0x36,0x33,0x00,0x38,0xF0,0x14,
0x00,0x29,0x37,0x38,0xF0,0x10,0x37,0xFC,0x38,0x36,0x25,0x26,0x25,0x2E,0x25,0x32,
0x28,0x33,0x00,0x31,0x39,0x3D,0xFC,0x28,0x39,0x36,0x33,0x00,0x37,0x2D,0x32,0xFD,
0x35,0x39,0x29,0x2E,0x25,0x36,0x38,0x29,0x00,0x28,0x29,0x00,0x32,0x25,0x28,0x25,
0xE2,0xE2,0xE2,0xFD,0x0C,0x39,0x29,0x32,0x25,0x00,0x37,0x39,0x29,0x36,0x38,0x29,
0xE4,0xFC,0x2E,0x33,0x3A,0x29,0x32,0xE2,0xFF,0xF3,0x24,0x24,0x29,0x36,0x33,0xE2,
0xE2,0xE2,0xFD,0x1D,0x2D,0x00,0x38,0x2D,0x29,0x32,0x29,0x37,0x00,0x38,0x2D,0x29,
0x31,0x34,0x33,0xE4,0xFC,0x34,0x39,0x29,0x28,0x33,0x00,0x27,0x33,0x32,0x38,0x25,
0x36,0x38,0x29,0xFC,0x37,0x33,0x26,0x36,0x29,0x00,0x31,0x2D,0x37,0x00,0x28,0xF0,
0x12,0x25,0x37,0x00,0x28,0x29,0xFD,0x2E,0x39,0x3A,0x29,0x32,0x38,0x39,0x28,0xE2,
0xFD,0xF6,0x01,0xF0,0x1F,0x1B,0x39,0x2D,0x29,0x36,0x29,0x37,0x00,0x29,0x37,0x27,
0x39,0x27,0x2C,0x25,0x36,0xF0,0x08,0xFC,0x00,0x00,0x1D,0xF0,0x17,0xFC,0x00,0x00,
0x18,0x19,0xFD,0xF0,0x1E,0x19,0x2C,0xE5,0x00,0xF0,0x1E,0x1B,0x39,0x2D,0x29,0x36,
0x29,0x37,0xFC,0x29,0x37,0x27,0x39,0x27,0x2C,0x25,0x36,0xE5,0xFD,0x1E,0x36,0x25,
0x26,0x25,0x2E,0x25,0x26,0x25,0x00,0x29,0x32,0x00,0x39,0x32,0x25,0xFC,0x34,0x25,
0x32,0x25,0x28,0x29,0x36,0xF0,0x12,0x25,0x00,0x29,0x32,0x00,0x39,0x32,0xFC,0x34,
0x29,0x35,0x39,0x29,0xF0,0x1C,0x33,0x00,0x34,0x39,0x29,0x26,0x30,0x33,0xE2,0xE2,
0xE2,0xFD,0x12,0x25,0x26,0xF0,0x12,0x25,0x00,0x39,0x32,0x00,0x25,0x36,0x36,0x33,
0x3D,0x33,0xFC,0x30,0x2D,0x31,0x34,0x2D,0x33,0x00,0x3D,0x00,0x2C,0x29,0x36,0x31,
0x33,0x37,0x33,0xFC,0x27,0x29,0x36,0x27,0x25,0x00,0x28,0x29,0x30,0x00,0x30,0x39,
0x2B,0x25,0x36,0xE2,0xFD,0x0F,0x36,0x25,0x00,0x29,0x30,0x00,0x37,0x2D,0x38,0x2D,
0x33,0x00,0x2D,0x28,0x29,0x25,0x30,0xFC,0x34,0x25,0x36,0x25,0x00,0x2C,0x25,0x27,
0x29,0x36,0x00,0x34,0x25,0x32,0xE2,0xFD,0x1E,0x33,0x28,0x33,0x00,0x29,0x30,0x00,
0x34,0x25,0x32,0x00,0x35,0x39,0x29,0xFC,0x2C,0x25,0x27,0xF0,0x12,0x25,0x31,0x33,
0x37,0x00,0x37,0x29,0x00,0x3A,0x29,0x32,0x28,0xF0,0x12,0x25,0xFC,0x31,0x39,0x3D,
0x00,0x26,0x2D,0x29,0x32,0xE2,0x00,0x23,0x00,0x29,0x30,0x00,0x34,0x25,0x32,0xFD,
0x35,0x39,0x29,0x00,0x31,0xF0,0x10,0x37,0x00,0x3A,0x29,0x32,0x28,0xF0,0x12,0x25,
0x31,0x33,0x37,0xE2,0xE2,0xE2,0xFC,0x0F,0x37,0x34,0x29,0x36,0x25,0xE4,0x00,0x37,
0xF0,0x11,0x00,0x35,0x39,0x29,0x00,0x34,0x39,0x29,0x28,0x33,0xFC,0x36,0x29,0x27,
0x33,0x36,0x28,0x25,0x36,0x30,0x33,0xE2,0xE2,0xE2,0xFD,0x1D,0xF0,0x12,0xE4,0x00,
0x29,0x36,0x25,0x32,0x00,0x26,0x33,0x30,0x30,0x33,0x37,0xFC,0x27,0x33,0x32,0x00,
0x31,0x29,0x36,0x31,0x29,0x30,0x25,0x28,0x25,0xE2,0xE2,0xE2,0xFD,0x18,0x33,0xE4,
0x00,0x32,0x33,0xE4,0x00,0x32,0x33,0xE4,0x00,0x30,0x33,0x37,0xFC,0x26,0x33,0x30,
0x30,0x33,0x37,0x00,0x27,0x33,0x32,0x00,0x27,0x36,0x29,0x31,0x25,0xFC,0x29,0x36,
0x25,0x32,0x00,0x30,0x33,0x37,0x00,0x31,0xF0,0x10,0x37,0xFD,0x34,0x33,0x34,0x39,
0x30,0x25,0x36,0x29,0x37,0xE2,0xFD,0x0B,0x30,0x2B,0x39,0x32,0x25,0x37,0x00,0x34,
0x29,0x36,0x37,0x33,0x32,0x25,0x37,0xFC,0x3A,0x29,0x32,0xF0,0x12,0x25,0x32,0x00,
0x28,0x29,0x37,0x28,0x29,0x00,0x30,0x29,0x2E,0x33,0x37,0xFC,0x34,0x25,0x36,0x25,
0x00,0x27,0x33,0x31,0x34,0x36,0x25,0x36,0x00,0x34,0x25,0x32,0xFD,0x34,0x33,0x36,
0x35,0x39,0x29,0x00,0x33,0xF0,0x12,0x25,0x32,0x00,0x27,0x33,0x37,0x25,0x37,0xFC,
0x38,0x25,0x32,0x00,0x26,0x39,0x29,0x32,0x25,0x37,0x00,0x37,0x33,0x26,0x36,0x29,
0xFC,0x32,0x39,0x29,0x37,0x38,0x36,0x33,0x00,0x34,0x25,0x32,0xE2,0xFD,0x1E,0x36,
0x25,0x26,0x25,0x2E,0x25,0x26,0x25,0x00,0x28,0x39,0x36,0x33,0x00,0x3D,0x00,0x32,
0x33,0xFC,0x28,0x29,0x37,0x27,0x25,0x32,0x37,0x25,0x26,0x25,0x00,0x34,0x33,0x36,
0x35,0x39,0x29,0x00,0x31,0x29,0xFC,0x25,0x30,0x29,0x2B,0x36,0x25,0x26,0x25,0x00,
0x3A,0x29,0x36,0x00,0x30,0x25,0x37,0xFD,0x37,0x33,0x32,0x36,0x2D,0x37,0x25,0x37,
0x00,0x28,0x29,0x00,0x35,0x39,0x2D,0x29,0x32,0x29,0x37,0xFC,0x27,0x33,0x31,0xF0,
0x12,0x25,0x32,0x00,0x32,0x39,0x29,0x37,0x38,0x36,0x33,0x00,0x34,0x25,0x32,0xE2,
0xFD,0x10,0x39,0x29,0x36,0x33,0x32,0x00,0x28,0xF0,0x12,0x25,0x37,0x00,0x31,0x39,
0x3D,0xFC,0x2A,0x29,0x30,0x2D,0x27,0x29,0x37,0x00,0x27,0x33,0x31,0x33,0xFC,0x34,
0x25,0x32,0x25,0x28,0x29,0x36,0x33,0xE2,0xE2,0xE2,0xFD,0x1A,0x29,0x36,0x33,0xE2,
0xE2,0xE2,0x00,0x35,0x39,0x2D,0xF0,0x11,0x32,0x00,0x2D,0x26,0x25,0xFC,0x25,0x00,
0x29,0x37,0x34,0x29,0x36,0x25,0x36,0x00,0x25,0x35,0x39,0x29,0x30,0xFC,0x2D,0x32,
0x27,0x2D,0x28,0x29,0x32,0x38,0x29,0xE2,0xE2,0xE2,0xFD,0x17,0x29,0x00,0x28,0x25,
0x00,0x38,0x36,0x2D,0x37,0x38,0x29,0x3E,0x25,0xFC,0x36,0x29,0x27,0x33,0x36,0x28,
0x25,0x36,0x30,0x33,0xE2,0xE2,0xE2,0xFD,0x16,0x33,0x00,0x37,0x2D,0x29,0x32,0x38,
0x33,0xE4,0x00,0x32,0x33,0x00,0x34,0x39,0x29,0x28,0x33,0xFC,0x27,0x33,0x32,0x38,
0x25,0x36,0x38,0x29,0x00,0x31,0xF0,0x10,0x37,0xE2,0x00,0x0F,0x37,0x38,0x33,0x3D,
0xFC,0x28,0x29,0x31,0x25,0x37,0x2D,0x25,0x28,0x33,0x00,0x38,0x36,0x2D,0x37,0x38,
0x29,0xE2,0xE2,0xE2,0xFE,0xF4,0x01,0xF0,0x1F,0x0F,0x37,0x38,0xF0,0x10,0x37,0x00,
0x33,0x27,0x39,0x34,0x25,0x28,0x33,0xE2,0xE2,0xE2,0xF0,0x08,0xFC,0x1B,0x39,0xF0,
0x11,0x00,0x2A,0x36,0xF0,0x12,0x33,0x37,0x00,0x37,0x33,0x32,0x00,0x30,0x33,0x37,
0xFC,0x1C,0x29,0x34,0x30,0x33,0x2D,0x28,0x29,0x37,0x00,0x28,0x29,0x00,0x2C,0x33,
0x3D,0xE2,0xE2,0xE2,0xFF,0xF3,0x24,0x0B,0x2C,0xE4,0x00,0x24,0x29,0x36,0x33,0xE2,
0xE2,0xE2,0xFD,0xF0,0x1F,0x1E,0x29,0x00,0x27,0x33,0x32,0x38,0xF0,0x11,0x00,0x37,
0x33,0x26,0x36,0x29,0xFC,0x31,0x2D,0x00,0x30,0x25,0x36,0x2B,0x33,0x00,0x29,0xFD,
0xF6,0x01,0x2D,0x32,0x38,0x29,0x36,0x29,0x37,0x25,0x32,0x38,0x29,0x00,0x34,0x25,
0x37,0x25,0x28,0x33,0xF0,0x08,0xFC,0x00,0x00,0x1D,0xF0,0x17,0xFC,0x00,0x00,0x18,
0x19,0xFD,0x19,0x2C,0xE4,0x00,0x3D,0x25,0x00,0x3A,0x29,0x33,0xE2,0xE2,0xE2,0xFD,
0xF6,0x02,0xF0,0x1F,0x16,0x33,0x00,0x36,0x29,0x27,0x39,0x29,0x36,0x28,0x25,0x37,
0xF0,0x08,0xFC,0x00,0x00,0x1D,0xF0,0x17,0xFC,0x00,0x00,0x18,0x19,0xFD,0xF0,0x1F,
0x0F,0x32,0x00,0x37,0x29,0x36,0x2D,0x33,0xF0,0x08,0xFD,0x1E,0x29,0x00,0x34,0x33,
0x32,0x28,0x36,0xF0,0x11,0x00,0x25,0x00,0x34,0x36,0x39,0x29,0x26,0x25,0xFC,0x34,
0x25,0x36,0x25,0x00,0x25,0x37,0x29,0x2B,0x39,0x36,0x25,0x36,0x31,0x29,0xFC,0x28,
0x29,0x00,0x35,0x39,0x29,0x00,0x32,0x33,0x00,0x31,0x2D,0x29,0x32,0x38,0x29,0x37,
0xE2,0xE2,0xE2,0xFD,0xF6,0x03,0xF0,0x1F,0x0E,0xF0,0x13,0x32,0x28,0x29,0x00,0x38,
0x36,0x25,0x26,0x25,0x2E,0x25,0x26,0x25,0xF0,0x08,0xFC,0x00,0x00,0x0F,0x1D,0x1E,
0x0B,0x0D,0x13,0xF0,0x18,0x18,0x00,0x0E,0x0F,0x00,0x1E,0x20,0xFC,0x00,0x00,0x1A,
0x0B,0x18,0x0B,0x0E,0x0F,0x1C,0xF0,0x17,0x0B,0xFD,0x18,0x33,0x00,0x28,0x2D,0x2E,
0x29,0x00,0x29,0x37,0x33,0xE2,0xFC,0x16,0x33,0x37,0x00,0x2E,0xF0,0x13,0x3A,0x29,
0x32,0x29,0x37,0x00,0x28,0x29,0x00,0x2C,0x33,0x3D,0xFC,0x32,0x33,0x00,0x29,0x37,
0x38,0xF0,0x10,0x32,0xFD,0x28,0x2D,0x37,0x34,0x39,0x29,0x37,0x38,0x33,0x37,0x00,
0x25,0xFC,0x29,0x37,0x27,0x39,0x27,0x2C,0x25,0x36,0x31,0x29,0xE2,0xE2,0xE2,0xFC,
0x1B,0x39,0xF0,0x11,0x00,0x38,0x36,0x2D,0x37,0x38,0x29,0xE2,0xE2,0xE2,0xFE,0xF4,
0x01,0x0B,0x2C,0xE4,0x00,0x25,0xF0,0x14,0x32,0x00,0x32,0x33,0x00,0x38,0x29,0x00,
0x30,0x33,0xFC,0x27,0x33,0x32,0x38,0x25,0x26,0x25,0xE2,0xFD,0x0F,0x37,0x00,0x39,
0x32,0x25,0x00,0x2C,0x2D,0x37,0x38,0x33,0x36,0x2D,0x25,0xFC,0x31,0x39,0x3D,0x00,
0x38,0x36,0x2D,0x3A,0x2D,0x25,0x30,0xE2,0xE2,0xE2,0xFE,0xF4,0x02,0x0F,0x37,0x00,
0x37,0x33,0x30,0x33,0x00,0x29,0x30,0x00,0x3A,0x2D,0x29,0x2E,0x33,0xFC,0x36,0x29,
0x30,0x25,0x38,0x33,0x00,0x28,0x29,0x00,0x39,0x32,0xFC,0x25,0x32,0x27,0x2D,0x25,
0x32,0x33,0xE2,0xE2,0xE2,0xFD,0x18,0x33,0x00,0x2C,0x25,0x27,0x29,0x00,0x2A,0x25,
0x30,0x38,0x25,0xFC,0x36,0x29,0x27,0x33,0x36,0x28,0x25,0x36,0x30,0x33,0xE2,0xE2,
0xE2,0xFE,0xF4,0x03,0xF0,0x1E,0x0D,0x33,0x36,0x36,0x29,0x27,0x38,0x33,0xE5,0x00,
0x1A,0x29,0x36,0x33,0xFC,0x38,0x33,0x28,0x33,0x37,0x00,0x36,0x29,0x37,0x34,0x33,
0x32,0x28,0x29,0x32,0xFC,0x29,0x37,0x25,0x00,0x26,0x2D,0x29,0x32,0xE2,0xFD,0x0B,
0x37,0xF0,0x12,0x00,0x35,0x39,0x29,0xE4,0x00,0x30,0x25,0xFC,0x37,0x2D,0x2B,0x39,
0x2D,0x29,0x32,0x38,0x29,0xFC,0x34,0x36,0x29,0x2B,0x39,0x32,0x38,0x25,0xE2,0xE2,
0xE2,0xFD,0xF0,0x1F,0x1C,0x29,0x27,0x39,0x29,0x36,0x28,0x25,0x37,0x00,0x29,0x30,
0xFC,0x30,0x39,0x2B,0x25,0x36,0x00,0x28,0x33,0x32,0x28,0x29,0xFD,0xF6,0x04,0x29,
0x37,0x38,0x25,0x26,0x25,0x00,0x30,0x25,0x00,0x2A,0xF0,0x10,0x26,0x36,0x2D,0x27,
0x25,0xF0,0x08,0xFC,0x00,0x00,0x0D,0x0F,0x1C,0x0D,0x0B,0x00,0x0E,0x0F,0x00,0x1F,
0x18,0x00,0x0B,0x1C,0x1C,0x19,0x23,0x19,0xFC,0x00,0x00,0x0D,0x0F,0x1C,0x0D,0x0B,
0x00,0x0E,0x0F,0x00,0x1F,0x18,0x0B,0x00,0x16,0x0B,0x11,0x1F,0x18,0x0B,0xFD,0xF0,
0x1E,0x0D,0x33,0x36,0x36,0x29,0x27,0x38,0x33,0xE5,0xFC,0x0F,0x32,0x38,0x33,0x32,
0x27,0x29,0x37,0xE4,0x00,0xF0,0x1F,0x35,0x39,0xF0,0x11,0xFC,0x38,0x25,0x30,0x00,
0x29,0x37,0x38,0x25,0xF0,0x08,0xFD,0xF0,0x1F,0x1C,0x29,0x27,0x39,0x29,0x36,0x28,
0x25,0x37,0x00,0x27,0x39,0xF0,0x10,0x30,0xFC,0x29,0x36,0x25,0x00,0x29,0x30,0x00,
0x34,0x25,0x32,0x00,0x35,0x39,0x29,0xFD,0xF6,0x05,0x31,0xF0,0x10,0x37,0x00,0x3A,
0x29,0x32,0x28,0xF0,0x12,0x25,0x31,0x33,0x37,0xF0,0x08,0xFC,0x00,0x00,0x0C,0x19,
0x16,0x16,0x19,0x00,0x0D,0x19,0x18,0x00,0x17,0x0F,0x1C,0x17,0x0F,0x16,0x0B,0x0E,
0x0B,0xFC,0x00,0x00,0x0C,0x19,0x16,0x16,0x19,0x00,0x0D,0x19,0x18,0x00,0x0D,0x1C,
0x0F,0x17,0x0B,0xFD,0x18,0x33,0x00,0x29,0x37,0x00,0x27,0x33,0x36,0x36,0x29,0x27,
0x38,0x33,0xE2,0xE2,0xE2,0xFD,0x1B,0x39,0xF0,0x11,0x00,0x34,0x29,0x32,0x25,0xE2,
0xE2,0xE2,0xFE,0xF4,0x04,0x18,0x25,0x28,0x2D,0x29,0x00,0x35,0x39,0x2D,0x29,0x36,
0x29,0xFC,0x29,0x37,0x27,0x39,0x27,0x2C,0x25,0x36,0x00,0x30,0x25,0xFC,0x2C,0x2D,
0x37,0x38,0x33,0x36,0x2D,0x25,0x00,0x28,0x29,0x00,0x39,0x32,0xFD,0x25,0x32,0x27,
0x2D,0x25,0x32,0x33,0x00,0x27,0x33,0x31,0x33,0x00,0x3D,0x33,0xE2,0xE2,0xE2,0xFE,
0xF4,0x05,0xF0,0x1E,0x0B,0x37,0xF0,0x12,0x00,0x29,0x37,0xE5,0xFD,0x0F,0x32,0x38,
0x33,0x32,0x27,0x29,0x37,0xE4,0x00,0xF0,0x1F,0x27,0x39,0xF0,0x10,0x32,0x28,0x33,
0xFC,0x2A,0x39,0x2D,0x00,0x31,0xF0,0x10,0x37,0x00,0x2A,0x29,0x30,0x2D,0x3E,0xF0,
0x08,0xFD,0xF6,0x06,0xF0,0x1F,0x1D,0x25,0x26,0x29,0x37,0x00,0x30,0x25,0x00,0x36,
0x29,0x37,0x34,0x39,0x29,0x37,0x38,0x25,0xF0,0x08,0xFC,0x00,0x00,0x11,0x0F,0x18,
0x1E,0x0F,0x00,0x1D,0x19,0x18,0x1C,0x13,0x0F,0x18,0x0E,0x19,0xFC,0x00,0x00,0x12,
0x0B,0x0D,0x0F,0x1C,0x17,0x0F,0x00,0x10,0x0B,0x17,0x19,0x1D,0x19,0xFD,0x1D,0xF0,
0x12,0xE4,0x00,0x29,0x37,0x00,0x27,0x33,0x36,0x36,0x29,0x27,0x38,0x33,0xE2,0xFD,
0x14,0x33,0x3A,0x29,0x32,0xE2,0xE2,0xE2,0x00,0x0E,0x29,0x26,0x29,0x37,0xFC,0x28,
0x25,0x36,0x38,0x29,0x00,0x27,0x39,0x29,0x32,0x38,0x25,0x00,0x28,0x29,0xFC,0x35,
0x39,0x29,0x00,0x25,0x30,0x2B,0xF0,0x14,0x32,0x00,0x28,0xF0,0x12,0x25,0xE2,0xE2,
0xE2,0xFD,0x16,0x25,0x37,0x00,0x37,0x33,0x32,0x36,0x2D,0x37,0x25,0x37,0x00,0x28,
0x29,0x00,0x30,0x25,0xFC,0x2B,0x29,0x32,0x38,0x29,0x00,0x37,0x29,0x36,0xF0,0x10,
0x32,0x00,0x29,0x30,0xFC,0x37,0x2D,0x2B,0x32,0x33,0x00,0x35,0x39,0x29,0xFD,0x36,
0x29,0x34,0x36,0x29,0x37,0x29,0x32,0x38,0x25,0x36,0xF0,0x10,0x00,0x30,0x25,0xFC,
0x34,0x25,0x3E,0xE2,0xFD,0x11,0x36,0x25,0x27,0x2D,0x25,0x37,0x00,0x34,0x33,0x36,
0xFC,0x29,0x37,0x27,0x39,0x27,0x2C,0x25,0x36,0x00,0x31,0x2D,0xFC,0x30,0x25,0x36,
0x2B,0x25,0x00,0x2C,0x2D,0x37,0x38,0x33,0x36,0x2D,0x25,0xE2,0xFD,0x0B,0x35,0x39,
0xF0,0x12,0x00,0x38,0x2D,0x29,0x32,0x29,0x37,0x00,0x39,0x32,0xFC,0x36,0x29,0x2B,
0x25,0x30,0x33,0x00,0x34,0x33,0x36,0xFC,0x36,0x29,0x37,0x34,0x33,0x32,0x28,0x29,
0x36,0x00,0x31,0x2D,0x37,0xFD,0x34,0x36,0x29,0x2B,0x39,0x32,0x38,0x25,0x37,0x00,
0x26,0x2D,0x29,0x32,0xE2,0xFC,0x16,0x30,0x29,0x3A,0x25,0x00,0x29,0x37,0x38,0x29,
0xFC,0x0D,0x2D,0x26,0x29,0x36,0xF0,0x01,0x29,0x30,0x2A,0x33,0x00,0x27,0x33,0x32,
0x38,0x2D,0x2B,0x33,0xE2,0xF5,0x09,0xFE,0xF4,0x06,0x18,0x33,0xE2,0xE2,0xE2,0x00,
0x18,0x33,0x00,0x29,0x37,0xFC,0x2D,0x31,0x34,0x33,0x36,0x38,0x25,0x32,0x38,0x29,
0x00,0x34,0x25,0x36,0x25,0x00,0x31,0xF0,0x12,0xFC,0x37,0x29,0x36,0x00,0x2A,0x25,
0x31,0x33,0x37,0x33,0xE2,0xFD,0x0D,0x36,0x29,0xF0,0x12,0x00,0x35,0x39,0x29,0x00,
0x31,0x29,0xFC,0x29,0x37,0x27,0x39,0x27,0x2C,0x25,0x26,0x25,0x37,0xE2,0xE2,0xE2,
0xFC,0x1B,0x39,0xF0,0x11,0x00,0x38,0x36,0x2D,0x37,0x38,0x29,0xE2,0xE2,0xE2,0xFF,
0xF3,0x24,0x19,0x3D,0x29,0xE4,0x00,0x2E,0x33,0x3A,0x29,0x32,0xE2,0xFC,0x0F,0x37,
0x38,0xF0,0x10,0x37,0x00,0x29,0x31,0x34,0x29,0x3E,0x25,0x32,0x28,0x33,0xFC,0x25,
0x00,0x34,0x25,0x36,0x29,0x27,0x29,0x36,0x38,0x29,0x00,0x25,0xFD,0x25,0x00,0x29,
0x37,0x29,0x00,0x2C,0xF0,0x11,0x36,0x33,0x29,0xFC,0x30,0x29,0x2B,0x29,0x32,0x28,
0x25,0x36,0x2D,0x33,0xE2,0xFD,0x17,0x29,0x00,0x37,0x2D,0x29,0x32,0x38,0x33,0x00,
0x38,0x25,0x32,0xE2,0xE2,0xE2,0xFF,0xF3,0x24,0x12,0x25,0x26,0x36,0xF0,0x10,0x00,
0x31,0x39,0x27,0x2C,0x25,0x37,0xFC,0x28,0x2D,0x2A,0x2D,0x27,0x39,0x30,0x38,0x25,
0x28,0x29,0x37,0xE4,0x00,0x34,0x29,0x36,0x33,0xFC,0x37,0x29,0x36,0xF0,0x10,0x37,
0x00,0x27,0x25,0x34,0x25,0x3E,0x00,0x28,0x29,0xFD,0x30,0x33,0x2B,0x36,0x25,0x36,
0x30,0x33,0xE2,0xFD,0x0C,0x39,0x29,0x32,0x25,0x00,0x37,0x39,0x29,0x36,0x38,0x29,
0xE4,0xFC,0x2E,0x33,0x3A,0x29,0x32,0xE2,0xFF,0xF3,0x22,0xF0,0x1E,0x24,0x29,0x36,
0x33,0xE5,0x00,0xF0,0x1E,0x0E,0x29,0x00,0x3A,0x29,0x36,0x28,0x25,0x28,0xFC,0x35,
0x39,0x29,0x36,0xF0,0x12,0x25,0x00,0x3A,0x29,0x36,0x38,0x29,0xE5,0xFD,0x1E,0x29,
0x00,0x34,0x29,0x28,0xF0,0x12,0x00,0x35,0x39,0x29,0xFC,0x38,0x29,0x00,0x35,0x39,
0x29,0x28,0x25,0x36,0x25,0x37,0x00,0x27,0x33,0x32,0xFC,0x32,0x33,0x37,0x33,0x38,
0x36,0x33,0x37,0xE2,0xE2,0xE2,0xFD,0xF0,0x1E,0x17,0x29,0x00,0x31,0x29,0x32,0x38,
0x2D,0x37,0x38,0x29,0xE5,0xFD,0x1A,0x29,0x36,0x33,0x00,0x38,0x29,0x00,0x34,0x29,
0x36,0x28,0x33,0x32,0x25,0x36,0xF0,0x11,0xFC,0x34,0x33,0x36,0x35,0x39,0x29,0x00,
0x2C,0x25,0x37,0x00,0x3A,0x39,0x29,0x30,0x38,0x33,0xE2,0xFF,0xF3,0x22,0x0D,0x2D,
0x29,0x30,0x00,0x2C,0x25,0x00,0x29,0x37,0x38,0x25,0x28,0x33,0xFC,0x38,0x36,0x2D,
0x37,0x38,0x29,0x00,0x28,0x29,0x37,0x28,0x29,0x00,0x35,0x39,0x29,0xFC,0x29,0x37,
0x27,0x25,0x34,0x25,0x31,0x33,0x37,0x00,0x28,0x29,0xFD,0x32,0x39,0x29,0x37,0x38,
0x36,0x25,0x00,0x25,0x32,0x38,0x2D,0x2B,0x39,0x25,0xFC,0x26,0x25,0x37,0x29,0xE2,
0x00,0x17,0x29,0x00,0x29,0x32,0x27,0x25,0x32,0x38,0x25,0x26,0x25,0xFC,0x32,0x39,
0x29,0x37,0x38,0x36,0x25,0x00,0x25,0x32,0x38,0x2D,0x2B,0x39,0x25,0xFD,0x0C,0x25,
0x37,0x29,0x00,0x28,0x29,0x00,0x30,0x25,0xFC,0x1C,0x29,0x37,0x2D,0x37,0x38,0x29,
0x32,0x27,0x2D,0x25,0xE4,0xFC,0x34,0x33,0x36,0x35,0x39,0x29,0x00,0x25,0x00,0x31,
0xF0,0x12,0xE2,0xE2,0xE2,0xFD,0x18,0x33,0x00,0x31,0x29,0x00,0x2B,0x39,0x37,0x38,
0x25,0xFC,0x29,0x30,0x00,0x0D,0x33,0x31,0x25,0x32,0x28,0x25,0x32,0x38,0x29,0xFC,
0x0F,0x30,0x34,0x2D,0x3E,0x33,0xE2,0xFF,0xF3,0x22,0xF0,0x1E,0x19,0x2C,0xE4,0x00,
0x24,0x29,0x36,0x33,0xE5,0xFD,0xF0,0x1F,0x0D,0xF0,0x13,0x31,0x33,0x00,0x38,0x29,
0x00,0x2C,0x25,0x00,0x2D,0x28,0x33,0xFC,0x29,0x32,0x00,0x30,0x25,0x00,0x32,0x39,
0x29,0x3A,0x25,0x00,0x0C,0x25,0x37,0x29,0xFC,0x28,0x29,0x00,0x30,0x25,0x00,0x1C,
0x29,0x37,0x2D,0x37,0x38,0x29,0x32,0x27,0x2D,0x25,0xF0,0x08,0xFD,0x17,0x29,0x00,
0x28,0x2D,0x2E,0x29,0x36,0x33,0x32,0x00,0x35,0x39,0x29,0x00,0x32,0x33,0xFC,0x29,
0x32,0x38,0x36,0x25,0x36,0x25,0x00,0x25,0x00,0x30,0x25,0x00,0x33,0x38,0x36,0x25,
0xFC,0x2C,0x25,0x26,0x2D,0x38,0x25,0x27,0x2D,0xF0,0x13,0x32,0xE4,0x00,0x25,0x37,
0xF0,0x12,0xFD,0x35,0x39,0x29,0x00,0x29,0x37,0x38,0x33,0x3D,0xFC,0x2C,0x25,0x26,
0x30,0x25,0x32,0x28,0x33,0x00,0x25,0x35,0x39,0xF0,0x12,0xE2,0xE2,0xE2,0xFD,0x0D,
0x25,0x28,0x25,0x00,0x3A,0x29,0x3E,0x00,0x29,0x37,0x38,0xF0,0x10,0xFC,0x34,0x29,
0x33,0x36,0xE4,0x00,0x3D,0x00,0x35,0x39,0x2D,0x29,0x36,0x33,0x00,0x35,0x39,0x29,
0xFC,0x0D,0x2D,0x29,0x30,0x00,0x30,0x33,0x00,0x25,0x36,0x36,0x29,0x2B,0x30,0x29,
0xE2,0xE2,0xE2,0xFD,0x1A,0x29,0x36,0x33,0x00,0x0D,0x2D,0x29,0x30,0x00,0x29,0x37,
0x38,0xF0,0x10,0xFC,0x31,0x39,0x3D,0x00,0x33,0x27,0x39,0x34,0x25,0x28,0x25,0xE2,
0xE2,0xE2,0xFD,0xF0,0x1E,0x1B,0x39,0xF0,0x11,0x00,0x25,0x26,0x39,0x36,0x36,0x2D,
0x28,0x33,0xE5,0xFF,0xF3,0x22,0x0D,0x2D,0x29,0x30,0x00,0x31,0x29,0x00,0x31,0x33,
0x37,0x38,0x36,0xF0,0x13,0xFC,0x39,0x32,0x00,0x0F,0x30,0x2A,0x33,0x00,0x0C,0x29,
0x26,0xF0,0x11,0xFC,0x31,0x39,0x3D,0x00,0x26,0x33,0x32,0x2D,0x38,0x33,0x00,0x29,
0x32,0x00,0x37,0x39,0xFD,0x2C,0x25,0x26,0x2D,0x38,0x25,0x27,0x2D,0xF0,0x13,0x32,
0xE2,0xE2,0xE2,0xFC,0xF0,0x1F,0x17,0x29,0x00,0x34,0x36,0x29,0x2B,0x39,0x32,0x38,
0x33,0x00,0x27,0xF0,0x13,0x31,0x33,0xFC,0x37,0x29,0x00,0x3A,0x29,0x36,0xF0,0x10,
0x00,0x27,0x39,0x25,0x32,0x28,0x33,0xFD,0x27,0x36,0x29,0x3E,0x27,0x25,0xE2,0xE2,
0xE2,0xF0,0x08,0xFD,0xF0,0x1E,0x16,0x29,0x00,0x34,0x39,0x37,0x29,0x00,0x29,0x30,
0xFC,0x32,0x33,0x31,0x26,0x36,0x29,0x00,0x0D,0x36,0x29,0x25,0xE5,0xFD,0xF0,0x1E,
0x0D,0x2D,0x29,0x30,0x00,0x28,0x2D,0x2E,0x33,0x00,0x35,0x39,0x29,0xFC,0x29,0x37,
0x00,0x39,0x32,0x00,0x26,0x39,0x29,0x32,0xFC,0x32,0x33,0x31,0x26,0x36,0x29,0xE5,
0xFF,0xF3,0x22,0xF0,0x1E,0x24,0x29,0x36,0x33,0xE5,0xFD,0xF0,0x1F,0x1B,0x39,0xF0,
0x11,0x00,0x34,0x25,0x37,0xF0,0x13,0x00,0x27,0x33,0x32,0xFC,0x0F,0x30,0x34,0x2D,
0x3E,0x33,0xF0,0x08,0xFD,0x18,0x25,0x28,0x2D,0x29,0x00,0x35,0x39,0x2D,0x29,0x36,
0x29,0xFC,0x27,0x33,0x32,0x38,0x25,0x36,0x31,0x29,0x00,0x32,0x25,0x28,0x25,0xFC,
0x28,0x29,0x00,0xF0,0x11,0x30,0xE2,0xE2,0xE2,0xFF,0xF3,0x22,0x1D,0x25,0x26,0x29,
0x37,0xE4,0x00,0x29,0x32,0x27,0x33,0x32,0x38,0x36,0xF0,0x11,0xFC,0x33,0x38,0x36,
0x33,0x00,0x0F,0x30,0x2A,0x33,0x00,0x0C,0x29,0x26,0xF0,0x11,0x00,0x29,0x32,0x00,
0x30,0x25,0xFC,0x2C,0x25,0x26,0x2D,0x38,0x25,0x27,0x2D,0xF0,0x13,0x32,0x00,0x28,
0x29,0x00,0x0D,0x2D,0x29,0x30,0xE2,0xFD,0x1A,0x29,0x36,0x33,0x00,0x37,0x29,0x00,
0x2A,0x39,0x29,0x00,0x25,0xFC,0x25,0x30,0x2B,0xF0,0x14,0x32,0x00,0x30,0x39,0x2B,
0x25,0x36,0x00,0x27,0x33,0x32,0xFC,0x0D,0x36,0x29,0x25,0xE2,0xE2,0xE2,0xFD,0x1B,
0x39,0x29,0x36,0xF0,0x12,0x25,0x00,0x32,0x33,0x31,0x26,0x36,0x25,0x36,0x30,0x33,
0xFC,0x1A,0x36,0x29,0x25,0xE2,0xE2,0xE2,0xFD,0x1F,0x31,0x31,0xE4,0x00,0x26,0x39,
0x29,0x32,0x33,0xE2,0xE2,0xE2,0xFC,0x0E,0x29,0x00,0x38,0x33,0x28,0x33,0x37,0x00,
0x31,0x33,0x28,0x33,0x37,0xE4,0xFD,0xF6,0x01,0xF0,0x1F,0x27,0x36,0x29,0x29,0x37,
0x00,0x35,0x39,0x29,0x00,0x3A,0x33,0x30,0x3A,0x29,0x36,0xF0,0x10,0x32,0xF0,0x08,
0xFC,0x00,0x00,0x1D,0xF0,0x17,0xE2,0xE2,0xE2,0xFC,0x00,0x00,0x18,0x19,0xE2,0xE2,
0xE2,0xFD,0xF0,0x1E,0x23,0x25,0x2C,0x33,0x33,0xE5,0x00,0xF0,0x1E,0x0D,0x36,0x29,
0x33,0x00,0x35,0x39,0x29,0xFC,0x29,0x30,0x30,0x25,0x37,0x00,0x3A,0x33,0x30,0x3A,
0x29,0x36,0xF0,0x10,0x32,0xE4,0xFC,0x38,0x25,0x31,0x26,0x2D,0xF0,0x11,0x32,0xE5,
0xFE,0xF4,0x01,0xF0,0x1F,0x1A,0x33,0x36,0x00,0x35,0x39,0xF0,0x11,0x00,0x28,0x2D,
0x27,0x29,0x37,0xFC,0x29,0x37,0x33,0xF0,0x08,0x00,0xF0,0x1E,0x1E,0x29,0x00,0x33,
0x28,0x2D,0x33,0xE5,0xFF,0xF3,0x22,0xF0,0x1E,0x1B,0x39,0x2D,0x29,0x36,0x33,0x00,
0x35,0x39,0x29,0x00,0x0D,0x2D,0x29,0x30,0xFC,0x31,0x29,0x00,0x31,0x39,0x29,0x37,
0x38,0x36,0x29,0x00,0x30,0x33,0x37,0xFC,0x0F,0x30,0x2A,0x33,0x37,0x00,0x0C,0x29,
0x26,0xF0,0x11,0x00,0x33,0x38,0x36,0x25,0x00,0x3A,0x29,0x3E,0xE5,0xFF,0xF3,0x22,
0x17,0x2D,0x00,0x0D,0x36,0x29,0x25,0x00,0x3D,0xFC,0x1A,0x36,0x29,0x25,0xE2,0xE2,
0xE2,0xFD,0x24,0x29,0x36,0x33,0xE4,0x00,0xF0,0x1F,0x27,0x39,0xF0,0x10,0x32,0x28,
0x33,0xFC,0x3A,0x33,0x30,0x3A,0x29,0x36,0xF0,0x10,0x32,0x00,0x31,0x2D,0x37,0xFC,
0x0F,0x30,0x2A,0x33,0x37,0x00,0x0C,0x29,0x26,0xF0,0x11,0xF0,0x08,0xFF,0xF3,0x22,
0x24,0x29,0x36,0x33,0xE2,0xE2,0xE2,0xFC,0x17,0x29,0x00,0x37,0x2D,0x29,0x32,0x38,
0x33,0x00,0x37,0x33,0x30,0x25,0xE2,0xE2,0xE2,0xFF,0xF3,0x26,0xF0,0x1E,0xF0,0x1E,
0x24,0x29,0x36,0x33,0xE5,0xE5,0x00,0xF0,0x1E,0x0F,0x37,0x38,0x25,0x26,0x25,0xFC,
0x31,0x39,0x3D,0x00,0x34,0x36,0x29,0x33,0x27,0x39,0x34,0x25,0x28,0x33,0xFC,0x34,
0x33,0x36,0x00,0x38,0x2D,0xE5,0xFD,0xF0,0x1E,0x0E,0x29,0x26,0x33,0x00,0x25,0x34,
0x39,0x36,0x25,0x36,0x31,0x29,0xE5,0xFC,0xF0,0x1E,0xF0,0x1E,0x0E,0x29,0x26,0x33,
0x00,0x25,0x34,0x39,0x36,0x25,0x36,0x31,0x29,0xE5,0xE5,0xFC,0xF0,0x1E,0xF0,0x1E,
0xF0,0x1E,0x0E,0x29,0x26,0x33,0x00,0x25,0x34,0x39,0x36,0x25,0x36,0x31,0x29,0xE5,
0xE5,0xE5,0xFD,0x12,0x29,0x00,0x29,0x37,0x38,0x25,0x28,0x33,0xFC,0x38,0x36,0x25,
0x26,0x25,0x2E,0x25,0x32,0x28,0x33,0x00,0x31,0x39,0x3D,0xFC,0x28,0x39,0x36,0x33,
0x00,0x29,0x37,0x38,0x33,0x37,0x00,0x28,0xF0,0x12,0x25,0x37,0xFD,0x34,0x25,0x36,
0x25,0x00,0x27,0x33,0x31,0x34,0x30,0x25,0x27,0x29,0x36,0xFC,0x25,0x00,0x0F,0x30,
0x34,0x2D,0x3E,0x33,0xE2,0xFD,0x0E,0x29,0x37,0x29,0x25,0x36,0xF0,0x12,0x25,0x00,
0x34,0x33,0x28,0x29,0x36,0xFC,0x29,0x32,0x27,0x25,0x36,0x2B,0x25,0x36,0x31,0x29,
0x00,0x28,0x29,0x00,0x30,0x25,0x37,0xFC,0x33,0x34,0x29,0x36,0x25,0x27,0x2D,0x33,
0x32,0x29,0x37,0x00,0x29,0x32,0x00,0x29,0x37,0x25,0xFD,0x37,0x25,0x30,0x25,0x00,
0x28,0x29,0x00,0x27,0x33,0x32,0x38,0x36,0x33,0x30,0xE2,0xE2,0xE2,0xFF,0xF3,0x26,
0xF0,0x1E,0x0E,0x29,0x26,0x33,0x00,0x25,0x34,0x39,0x36,0x25,0x36,0x31,0x29,0xE5,
0xFC,0xF0,0x1E,0x0E,0x29,0x26,0x33,0x00,0x25,0x34,0x39,0x36,0x25,0x36,0x31,0x29,
0xE5,0xE5,0xFC,0xF0,0x1E,0x0E,0x29,0x26,0x33,0x00,0x25,0x34,0x39,0x36,0x25,0x36,
0x31,0x29,0xE5,0xE5,0xE5,0xFD,0x0D,0x36,0x29,0x33,0x00,0x35,0x39,0x29,0x00,0x37,
0x33,0x3D,0xFC,0x29,0x30,0x00,0x35,0x39,0x29,0x00,0x31,0xF0,0x10,0x37,0xFC,0x38,
0x36,0x25,0x26,0x25,0x2E,0x25,0x00,0x29,0x32,0x00,0x38,0x33,0x28,0x25,0xFD,0x30,
0x25,0x00,0x26,0x25,0x37,0x29,0xE2,0xFD,0x24,0x29,0x36,0x33,0xE4,0x00,0x37,0x2D,
0x00,0x3A,0x29,0x37,0x00,0x25,0xFC,0x0F,0x30,0x34,0x2D,0x3E,0x33,0xE4,0x00,0x28,
0x2D,0x30,0x29,0x00,0x35,0x39,0x29,0xFC,0x29,0x37,0x38,0x33,0x3D,0x00,0x38,0x36,
0x25,0x26,0x25,0x2E,0x25,0x32,0x28,0x33,0xFD,0x31,0x39,0x3D,0x00,0x28,0x39,0x36,
0x33,0xE2,0xFF,0xF3,0x26,0xF0,0x1E,0x24,0x29,0x36,0x33,0xE5,0xFC,0xF0,0x1F,0x1B,
0x39,0xF0,0x11,0x00,0x2C,0x25,0x3D,0x00,0x28,0x29,0xFC,0x0F,0x30,0x34,0x2D,0x3E,
0x33,0xF0,0x08,0xFD,0x0F,0x30,0x34,0x2D,0x3E,0x33,0xE2,0xE2,0xE2,0xFC,0x1D,0x2D,
0x00,0x36,0x29,0x32,0x39,0x32,0x27,0x2D,0x25,0x00,0x27,0x33,0x31,0x33,0xFC,0x27,
0x33,0x31,0x25,0x32,0x28,0x25,0x32,0x38,0x29,0xE4,0x00,0x3D,0x33,0xFD,0x35,0x39,
0x2D,0x29,0x36,0x33,0x00,0x37,0x29,0x36,0x00,0x37,0x39,0xFC,0x37,0x39,0x27,0x29,
0x37,0x33,0x36,0xE2,0xFD,0x1D,0x29,0x36,0x00,0x33,0x34,0x29,0x36,0x25,0x28,0x33,
0x36,0xFC,0x29,0x37,0x00,0x26,0x39,0x29,0x32,0x33,0xE4,0x00,0x34,0x29,0x36,0x33,
0xFC,0x37,0x29,0x36,0x00,0x27,0x33,0x31,0x25,0x32,0x28,0x25,0x32,0x38,0x29,0x00,
0x29,0x37,0xFD,0x30,0x33,0x00,0x31,0x29,0x2E,0x33,0x36,0xE2,0xFF,0xF3,0x26,0x24,
0x29,0x36,0x33,0xE2,0xE2,0xE2,0xFC,0x1E,0x36,0x25,0x26,0x25,0x2E,0x25,0x37,0xFC,
0x31,0x39,0x3D,0x00,0x28,0x39,0x36,0x33,0xE2,0xFD,0x1E,0x29,0x00,0x36,0x29,0x37,
0x34,0x29,0x38,0x33,0xFC,0x34,0x33,0x36,0x35,0x39,0x29,0x00,0x37,0x2D,0x29,0x31,
0x34,0x36,0x29,0xFC,0x28,0x25,0x37,0x00,0x30,0x33,0x00,0x31,0x29,0x2E,0x33,0x36,
0xFD,0x28,0x29,0x00,0x38,0x2D,0xE2,0xFF,0xF3,0x2E,0xF0,0x1E,0x12,0x33,0x30,0x25,
0xE5,0x00,0xF0,0x1E,0x17,0x2D,0x00,0x32,0x33,0x31,0x26,0x36,0x29,0xFC,0x29,0x37,
0x00,0x17,0x29,0x32,0x25,0x36,0x38,0xE5,0xFD,0xF0,0x1E,0x0B,0x00,0x32,0x25,0x28,
0x2D,0x29,0x00,0x30,0x29,0x00,0x27,0x25,0x2D,0x2B,0x33,0xFC,0x26,0x2D,0x29,0x32,
0x00,0x37,0x33,0x30,0x33,0x00,0x34,0x33,0x36,0x35,0x39,0x29,0xFC,0x37,0x2D,0x29,
0x31,0x34,0x36,0x29,0x00,0x28,0x29,0x2E,0x33,0xFD,0x29,0x30,0x00,0x38,0x36,0x25,
0x26,0x25,0x2E,0x33,0x00,0x38,0x2D,0x36,0x25,0x28,0x33,0xE5,0xFF,0xF3,0x2E,0xF0,
0x1E,0x18,0x33,0x00,0x38,0x36,0x25,0x26,0x25,0x2E,0x29,0x37,0xFC,0x38,0x25,0x32,
0x38,0x33,0xE4,0x00,0x34,0x33,0x36,0x35,0x39,0x29,0x00,0x37,0x2D,0xFC,0x32,0x33,
0xE4,0x00,0x32,0x33,0x00,0x28,0x29,0x36,0x36,0x33,0x38,0x25,0x36,0xF0,0x10,0x37,
0xFD,0x25,0x00,0x18,0x29,0x33,0x00,0x0B,0x36,0x27,0x25,0x28,0x2D,0x25,0xE5,0xFF,
0xF3,0x2E,0xF0,0x1E,0x19,0x3D,0x29,0xE4,0x00,0x24,0x29,0x36,0x33,0xE5,0xFC,0x0E,
0x29,0x26,0x29,0x00,0x37,0x29,0x36,0x00,0x31,0x39,0x3D,0xFC,0x28,0x2D,0x2A,0xF0,
0x12,0x27,0x2D,0x30,0xE2,0xFD,0x1F,0x32,0x25,0x00,0x3A,0x29,0x3E,0x00,0x35,0x39,
0x29,0x00,0x30,0x33,0xFC,0x3A,0x2D,0xE4,0x00,0x28,0x29,0x00,0x2D,0x32,0x31,0x29,
0x28,0x2D,0x25,0x38,0x33,0xFC,0x37,0x29,0x32,0x38,0xF0,0x12,0x00,0x35,0x39,0x29,
0x00,0x2C,0x25,0x26,0xF0,0x12,0x25,0xFD,0x25,0x30,0x2B,0x33,0x00,0x31,0x25,0x30,
0x00,0x27,0x33,0x32,0x00,0xF0,0x11,0x30,0xE2,0xFC,0xF0,0x1E,0x1A,0x33,0x36,0x00,
0x29,0x37,0x33,0xE4,0x00,0x32,0x33,0x00,0x35,0x39,0x2D,0x29,0x36,0x33,0xFC,0x38,
0x36,0x25,0x26,0x25,0x2E,0x25,0x36,0xFD,0x26,0x25,0x2E,0x33,0x00,0x37,0x39,0x37,
0x00,0xF0,0x13,0x36,0x28,0x29,0x32,0x29,0x37,0xE5,0xFF,0xF3,0x2E,0x16,0x25,0x00,
0x34,0x36,0x2D,0x31,0x29,0x36,0x25,0xFC,0x34,0x36,0x2D,0x33,0x36,0x2D,0x28,0x25,
0x28,0x00,0x29,0x37,0xFC,0x27,0x25,0x34,0x38,0x39,0x36,0x25,0x36,0x30,0x33,0xE2,
0xFF,0xF3,0x2E,0xF0,0x1F,0x0F,0x37,0x38,0xF0,0x10,0x37,0x00,0x26,0x2D,0x29,0x32,
0xE4,0xFC,0x24,0x29,0x36,0x33,0xF0,0x08,0xFC,0x18,0x39,0x32,0x27,0x25,0x00,0x28,
0x29,0x26,0x29,0x37,0xFD,0x31,0x33,0x36,0x2D,0x36,0xE2,0xE2,0xE2,0xFD,0xF0,0x1E,
0x1D,0x2D,0x00,0x31,0x39,0x29,0x36,0x29,0x37,0xE4,0xFC,0x2C,0x25,0x3D,0x00,0x31,
0x39,0x27,0x2C,0x25,0x37,0xFC,0x34,0x29,0x36,0x37,0x33,0x32,0x25,0x37,0x00,0x35,
0x39,0x29,0xFD,0x37,0x29,0x00,0x34,0x33,0x32,0x28,0x36,0xF0,0x10,0x32,0xFC,0x31,
0x39,0x3D,0x00,0x38,0x36,0x2D,0x37,0x38,0x29,0x37,0xE5,0xFF,0xF3,0x32,0xF0,0x1F,
0x0F,0x36,0x29,0x37,0x00,0x38,0xF0,0x14,0x00,0x25,0x00,0x35,0x39,0x2D,0x29,0x32,
0xFC,0x38,0x36,0x25,0x2E,0x29,0x36,0x33,0x32,0x00,0x25,0x35,0x39,0xF0,0x12,0xF0,
0x08,0xFC,0x19,0x2C,0xE4,0x00,0x38,0x29,0x00,0x3A,0x29,0x37,0xFD,0x27,0x33,0x31,
0x34,0x30,0x29,0x38,0x25,0x31,0x29,0x32,0x38,0x29,0xFC,0x36,0x29,0x27,0x39,0x34,
0x29,0x36,0x25,0x28,0x33,0xE2,0xFD,0x1D,0x33,0x3D,0x00,0x1C,0x33,0x27,0x2D,0x32,
0x33,0x30,0x30,0x29,0xE2,0xE2,0xE2,0xFC,0x0D,0x39,0x2D,0x28,0x33,0x00,0x28,0x29,
0x00,0x30,0x33,0x37,0xFC,0x1C,0x29,0x34,0x30,0x33,0x2D,0x28,0x29,0x37,0x00,0x2C,
0x29,0x36,0x2D,0x28,0x33,0x37,0xE2,0xFD,0x0D,0x39,0x25,0x32,0x28,0x33,0x00,0x29,
0x30,0x00,0x28,0x25,0xF0,0x1C,0x33,0x00,0x29,0x37,0xFC,0x2B,0x36,0x25,0x3A,0x29,
0xE4,0x00,0x0D,0x29,0x36,0x3A,0x29,0x25,0x39,0xFC,0x37,0x29,0x36,0xF0,0x10,0x00,
0x35,0x39,0x2D,0x29,0x32,0x00,0x37,0x29,0x00,0x2C,0x25,0x2B,0x25,0xFD,0x27,0x25,
0x36,0x2B,0x33,0xE2,0xFF,0xF3,0x32,0xF0,0x1F,0x1B,0x39,0xF0,0x11,0x00,0x37,0x39,
0x27,0x29,0x28,0x29,0xE4,0xFC,0x24,0x29,0x36,0x33,0xF0,0x08,0xFD,0x1D,0x2D,0x00,
0x38,0x2D,0x29,0x32,0x29,0x37,0x00,0x38,0x2D,0x29,0x31,0x34,0x33,0xE4,0xFC,0x34,
0x33,0x36,0x00,0x2A,0x25,0x3A,0x33,0x36,0x00,0x2C,0x25,0x26,0x30,0x25,0x00,0x27,
0x33,0x32,0xFC,0x29,0x30,0x00,0x3A,0x2D,0x29,0x2E,0x33,0x00,0x0B,0x32,0x28,0x36,
0x29,0x3B,0xE2,0xFD,0x1B,0x39,0x2D,0x37,0x2D,0x29,0x36,0x25,0x00,0x29,0x37,0x27,
0x39,0x27,0x2C,0x25,0x36,0xFC,0x37,0x39,0x37,0x00,0x2C,0x2D,0x37,0x38,0x33,0x36,
0x2D,0x25,0x37,0xE4,0xFC,0x34,0x29,0x36,0x33,0x00,0x31,0x29,0x00,0x32,0x29,0x27,
0x29,0x37,0x2D,0x38,0x25,0x32,0xFD,0x25,0x35,0x39,0xF0,0x12,0xE2,0xFD,0x1D,0x2D,
0x00,0x2C,0x25,0x26,0x30,0x25,0x37,0x00,0x27,0x33,0x32,0x00,0xF0,0x11,0x30,0xE4,
0xFC,0x35,0x39,0x2D,0x3E,0xF0,0x10,0x37,0x00,0x27,0x33,0x32,0x37,0x2D,0x2B,0x25,
0x37,0xFC,0x25,0x30,0x2B,0x33,0x00,0x26,0x39,0x29,0x32,0x33,0xFD,0x28,0x29,0x00,
0x29,0x30,0x30,0x33,0xE2,0xE2,0xE2,0xFF,0xF3,0x32,0x19,0x3D,0x29,0xE4,0x00,0x24,
0x29,0x36,0x33,0xE2,0xFD,0x0F,0x37,0x27,0x39,0x27,0x2C,0xF0,0x11,0x00,0x37,0x33,
0x26,0x36,0x29,0xFC,0x0F,0x30,0x34,0x2D,0x3E,0x33,0xE2,0xE2,0xE2,0xFD,0xF0,0x1F,
0x0F,0x32,0x00,0x35,0x39,0xF0,0x11,0x00,0x28,0x2D,0x25,0x26,0x30,0x33,0x37,0x00,
0x29,0x37,0x38,0xF0,0x10,0xFC,0x34,0x29,0x32,0x37,0x25,0x32,0x28,0x33,0xF0,0x08,
0x00,0x1A,0x33,0x36,0x00,0x2A,0x25,0x3A,0x33,0x36,0xE4,0xFC,0x38,0x29,0x32,0x00,
0x27,0x39,0x2D,0x28,0x25,0x28,0x33,0xE2,0xFF,0xF3,0x32,0x24,0x29,0x36,0x33,0xE4,
0x00,0xF0,0x1F,0x32,0x33,0x00,0x2C,0x25,0x37,0xFC,0x3A,0x2D,0x37,0x38,0x33,0x00,
0x25,0x00,0x0F,0x30,0x34,0x2D,0x3E,0x33,0xF0,0x08,0xFD,0x18,0x33,0x00,0x37,0xF0,
0x11,0x00,0x34,0x33,0x36,0x00,0x35,0x39,0xF0,0x11,0xFC,0x34,0x25,0x37,0xF0,0x13,
0x00,0x25,0x30,0x2B,0x33,0x00,0x25,0x37,0xF0,0x12,0xE2,0xE2,0xE2,0xFD,0x1E,0x29,
0x32,0x00,0x27,0x39,0x2D,0x28,0x25,0x28,0x33,0xE4,0xFC,0x24,0x29,0x36,0x33,0xE2,
0xFF,0xF3,0x46,0x17,0x29,0x00,0x37,0x25,0x30,0x3A,0x25,0x37,0x38,0x29,0x00,0x30,
0x25,0x00,0x3A,0x2D,0x28,0x25,0xE4,0xFC,0x24,0x29,0x36,0x33,0xE2,0x00,0x17,0x39,
0x27,0x2C,0x25,0x37,0xFC,0x2B,0x36,0x25,0x27,0x2D,0x25,0x37,0xE2,0xFF,0xF3,0x46,
0xF0,0x1F,0x1B,0x39,0xF0,0x11,0x00,0x2C,0x25,0x00,0x37,0x2D,0x28,0x33,0x00,0x28,
0x29,0x30,0xFC,0x17,0x25,0x29,0x37,0x38,0x36,0x33,0x00,0x0F,0x30,0x34,0x2D,0x3E,
0x33,0xF0,0x08,0xFC,0xF0,0x1F,0x0E,0xF0,0x13,0x32,0x28,0x29,0x00,0x29,0x37,0x38,
0xF0,0x10,0xF0,0x08,0xFF,0xF3,0x46,0x17,0x25,0x29,0x37,0x38,0x36,0x33,0x00,0x0F,
0x30,0x34,0x2D,0x3E,0x33,0xE2,0xE2,0xE2,0xFC,0x0F,0x37,0x34,0x29,0x36,0x33,0x00,
0x35,0x39,0x29,0x00,0x29,0x37,0x38,0xF0,0x11,0xFC,0x26,0x2D,0x29,0x32,0xE2,0xE2,
0xE2,0xFF,0xF3,0x46,0x11,0x36,0x25,0x27,0x2D,0x25,0x37,0x00,0x34,0x33,0x36,0xFC,
0x37,0x25,0x30,0x3A,0x25,0x36,0x31,0x29,0xE2,0xFD,0x18,0x33,0x00,0x34,0x29,0x32,
0x37,0xF0,0x11,0x00,0x35,0x39,0x29,0xFC,0x30,0x33,0x2B,0x36,0x25,0x36,0xF0,0x12,
0x25,0x00,0x36,0x29,0x2B,0x36,0x29,0x37,0x25,0x36,0xFC,0x37,0x25,0x32,0x33,0x00,
0x3D,0x00,0x37,0x25,0x30,0x3A,0x33,0xFD,0x28,0x29,0x00,0x29,0x37,0x38,0x25,0x00,
0x31,0x25,0x32,0x29,0x36,0x25,0xE2,0xFF,0xF3,0x46,0x1A,0x2D,0x29,0x32,0x37,0x33,
0x00,0x35,0x39,0x29,0xFC,0x29,0x30,0x00,0x17,0x25,0x29,0x37,0x38,0x36,0x33,0x00,
0x0F,0x30,0x34,0x2D,0x3E,0x33,0xFC,0x38,0x2D,0x29,0x32,0x29,0x00,0x29,0x32,0x00,
0x31,0x29,0x32,0x38,0x29,0x00,0x25,0x30,0x2B,0x33,0xFD,0x31,0x39,0x3D,0x00,0x2D,
0x31,0x34,0x33,0x36,0x38,0x25,0x32,0x38,0x29,0xE2,0x00,0x23,0xFC,0x34,0x33,0x36,
0x00,0x29,0x37,0x33,0x00,0x25,0x27,0x38,0xF0,0x14,0x25,0x00,0x25,0x37,0xF0,0x12,
0xE2,0xFD,0x18,0x33,0x00,0x27,0x36,0x29,0x33,0x00,0x35,0x39,0x29,0x00,0x38,0x29,
0x32,0x2B,0x25,0x31,0x33,0x37,0xFC,0x35,0x39,0x29,0x00,0x34,0x36,0x29,0x33,0x27,
0x39,0x34,0x25,0x36,0x32,0x33,0x37,0xFC,0x34,0x33,0x36,0x00,0xF0,0x11,0x30,0xE2,
0xFF,0xF3,0x46,0x17,0x25,0x29,0x37,0x38,0x36,0x33,0x00,0x0F,0x30,0x34,0x2D,0x3E,
0x33,0xE2,0xE2,0xE2,0xFC,0x0F,0x37,0x34,0x29,0x36,0x33,0x00,0x35,0x39,0x29,0x00,
0x37,0x33,0x30,0x33,0xFC,0x37,0x29,0x25,0x00,0x39,0x32,0x25,0x00,0x34,0x29,0x37,
0x25,0x28,0x2D,0x30,0x30,0x25,0xE2,0xE2,0xE2,0xFF,0xF3,0x46,0x24,0x29,0x36,0x33,
0xE4,0x00,0x31,0x39,0x27,0x2C,0x25,0x37,0xFC,0x2B,0x36,0x25,0x27,0x2D,0x25,0x37,
0xE2,0x00,0xF0,0x1E,0x0F,0x36,0x29,0x37,0xFC,0x29,0x30,0x00,0x2C,0xF0,0x11,0x36,
0x33,0x29,0x00,0x30,0x29,0x2B,0x29,0x32,0x28,0x25,0x36,0x2D,0x33,0xE5,0xFF,0xF3,
0x46,0x0F,0x30,0x00,0x17,0x25,0x29,0x37,0x38,0x36,0x33,0x00,0x0F,0x30,0x34,0x2D,
0x3E,0x33,0xFC,0x37,0x2D,0x29,0x31,0x34,0x36,0x29,0x00,0x37,0x29,0x00,0x34,0x36,
0x29,0x33,0x27,0x39,0x34,0x25,0xFC,0x34,0x33,0x36,0x00,0x32,0x33,0x37,0x33,0x38,
0x36,0x33,0x37,0xE2,0xFD,0x19,0x2E,0x25,0x30,0xF0,0x10,0x00,0x18,0x29,0x33,0x00,
0x0B,0x36,0x27,0x25,0x28,0x2D,0x25,0xFC,0x27,0x25,0x2D,0x2B,0x25,0x00,0x30,0x33,
0x00,0x31,0xF0,0x10,0x37,0xFC,0x34,0x36,0x33,0x32,0x38,0x33,0x00,0x34,0x33,0x37,
0x2D,0x26,0x30,0x29,0xE4,0xFD,0x3D,0x00,0x30,0x30,0x29,0x2B,0x39,0x29,0x00,0x30,
0x25,0x00,0x34,0x25,0x3E,0xE2,0xFF,0xF3,0x46,0x17,0x29,0x00,0x34,0x36,0x29,0x2B,
0x39,0x32,0x38,0x33,0x00,0x37,0x2D,0xFC,0x32,0x33,0x37,0x33,0x38,0x36,0x33,0x37,
0xE4,0xFD,0x30,0x33,0x37,0x00,0x37,0x33,0x30,0x28,0x25,0x28,0x33,0x37,0x00,0x28,
0x29,0xFC,0x30,0x25,0x00,0x36,0x29,0x37,0x2D,0x37,0x38,0x29,0x32,0x27,0x2D,0x25,
0xE4,0xFC,0x38,0x29,0x32,0x28,0x36,0x29,0x31,0x33,0x37,0xFD,0x25,0x30,0x2B,0x39,
0x32,0x25,0x00,0x33,0x34,0x33,0x36,0x38,0x39,0x32,0x2D,0x28,0x25,0x28,0xFC,0x28,
0x29,0x00,0x2B,0x25,0x32,0x25,0x36,0x00,0x37,0x2D,0x32,0xFC,0x29,0x30,0x00,0x17,
0x25,0x29,0x37,0x38,0x36,0x33,0x00,0x0F,0x30,0x34,0x2D,0x3E,0x33,0xE2,0xE2,0xE2,
0xFF,0xF3,0x46,0x1E,0x29,0x00,0x28,0x29,0x26,0x33,0x00,0x39,0x32,0x25,0xE4,0x00,
0x24,0x29,0x36,0x33,0xE2,0xE2,0xE2,0xFC,0x17,0x39,0x27,0x2C,0x25,0x37,0x00,0x2B,
0x36,0x25,0x27,0x2D,0x25,0x37,0xE2,0xFF,0xF3,0x46,0x13,0x32,0x27,0x30,0x39,0x37,
0x33,0x00,0x29,0x30,0x00,0x2D,0x32,0x3A,0x29,0x32,0x27,0x2D,0x26,0x30,0x29,0xFC,
0x17,0x25,0x29,0x37,0x38,0x36,0x33,0x00,0x0F,0x30,0x34,0x2D,0x3E,0x33,0x00,0x32,
0x33,0xFC,0x34,0x33,0x28,0x36,0xF0,0x10,0x00,0x28,0x29,0x37,0x38,0x36,0x39,0x2D,
0x36,0xFD,0x18,0x29,0x33,0x00,0x0B,0x36,0x27,0x25,0x28,0x2D,0x25,0x00,0x34,0x33,
0x36,0x00,0x37,0xF0,0x12,0xFC,0x31,0x2D,0x37,0x31,0x33,0xE2,0xFD,0x0B,0x37,0xF0,
0x12,0x00,0x35,0x39,0x29,0x00,0x34,0x33,0x36,0x00,0x2A,0x25,0x3A,0x33,0x36,0xE4,
0xFC,0x25,0x3D,0xF0,0x14,0x28,0x25,0x30,0x33,0xE4,0x00,0x24,0x29,0x36,0x33,0xE2,
0xFF,0xF3,0x46,0xF0,0x1F,0x0F,0x37,0x38,0xF0,0x10,0x00,0x0F,0x30,0x34,0x2D,0x3E,
0x33,0x00,0x25,0xFC,0x37,0x25,0x30,0x3A,0x33,0xE2,0xE2,0xE2,0xF0,0x08,0xFD,0x1C,
0x29,0x25,0x30,0x31,0x29,0x32,0x38,0x29,0x00,0x31,0x29,0xFC,0x34,0x36,0x29,0x33,
0x27,0x39,0x34,0x25,0xE2,0xE2,0xE2,0xFF,0xF3,0x46,0x1D,0x2D,0x32,0x00,0x38,0x2D,
0xE4,0x00,0x32,0x33,0x00,0xFC,0x29,0x37,0x38,0x25,0x36,0xF0,0x12,0x25,0x00,0x25,
0x35,0x39,0xF0,0x12,0xE2,0xE2,0xE2,0xFC,0x11,0x36,0x25,0x27,0x2D,0x25,0x37,0xE4,
0x00,0x24,0x29,0x36,0x33,0xE2,0xFF,0xF3,0x46,0x1D,0x2D,0x32,0x00,0x0F,0x30,0x34,
0x2D,0x3E,0x33,0xE4,0xFC,0x30,0x25,0x00,0x0C,0x25,0x37,0x29,0x00,0x28,0x29,0x00,
0x30,0x25,0xFC,0x1C,0x29,0x37,0x2D,0x37,0x38,0x29,0x32,0x27,0x2D,0x25,0x00,0x37,
0x29,0xFD,0x3A,0x33,0x30,0x3A,0x29,0x36,0xF0,0x10,0x00,0x39,0x32,0x00,0x27,0x25,
0x33,0x37,0xE2,0xFD,0x0F,0x37,0x34,0x29,0x36,0x33,0x00,0x35,0x39,0x29,0x00,0x36,
0x29,0x2B,0x36,0x29,0x37,0x29,0xFC,0x30,0x33,0x00,0x31,0xF0,0x10,0x37,0x00,0x34,
0x36,0x33,0x32,0x38,0x33,0xFC,0x34,0x33,0x37,0x2D,0x26,0x30,0x29,0xE2,0xFF,0xF3,
0x46,0x24,0x29,0x36,0x33,0xE4,0x00,0x38,0x33,0x28,0x33,0x00,0x28,0x29,0x34,0x29,
0x32,0x28,0x29,0xFC,0x28,0x29,0x00,0x38,0x39,0x00,0x34,0x33,0x28,0x29,0x36,0xE2,
0xFF,0xF3,0x46,0x1D,0x2D,0x32,0x00,0x38,0x2D,0xE4,0x00,0x29,0x30,0x00,0x31,0x33,
0x32,0x37,0x38,0x36,0x39,0x33,0xFC,0x35,0x39,0x29,0x00,0x34,0x25,0x36,0x29,0x27,
0xF0,0x12,0x25,0x00,0x37,0x29,0x36,0x34,0x2D,0x29,0x32,0x38,0x29,0xFC,0x31,0x29,
0x00,0x2C,0x25,0x26,0x36,0xF0,0x12,0x25,0x00,0x31,0x25,0x38,0x25,0x28,0x33,0xE2,
0xFD,0x11,0x36,0x25,0x27,0x2D,0x25,0x37,0xE4,0x00,0x24,0x29,0x36,0x33,0xE2,0xFF,
0xF3,0x46,0x0F,0x30,0x00,0x17,0x25,0x29,0x37,0x38,0x36,0x33,0x00,0x0F,0x30,0x34,
0x2D,0x3E,0x33,0xFC,0x29,0x37,0x38,0xF0,0x10,0x00,0x2D,0x32,0x38,0x29,0x36,0x29,
0x37,0x25,0x28,0x33,0x00,0x34,0x33,0x36,0xFC,0x30,0x33,0x37,0x00,0x34,0x29,0x35,
0x39,0x29,0xF0,0x1C,0x33,0x37,0x00,0x29,0x30,0x2A,0x33,0x37,0xE2,0xFD,0x0E,0x29,
0x26,0x29,0x32,0x00,0x38,0x29,0x32,0x29,0x36,0x00,0x25,0x30,0x2B,0xF0,0x14,0x32,
0xFC,0x34,0x33,0x28,0x29,0x36,0x00,0x2D,0x32,0x27,0x36,0x29,0xF0,0x12,0x26,0x30,
0x29,0xE2,0xFF,0xF3,0x46,0x24,0x29,0x36,0x33,0xE4,0x00,0x38,0x33,0x28,0x33,0x00,
0x28,0x29,0x34,0x29,0x32,0x28,0x29,0xFC,0x28,0x29,0x00,0x38,0x39,0x00,0x2D,0x32,
0x27,0x36,0x29,0xF0,0x12,0x26,0x30,0x29,0xFC,0x34,0x33,0x28,0x29,0x36,0xE2,0xFD,
0x0C,0x39,0x29,0x32,0x25,0x00,0x37,0x39,0x29,0x36,0x38,0x29,0xE2,0xFF,0xF3,0x2C,
0xF0,0x1E,0x19,0x3D,0x29,0xE4,0x00,0x24,0x29,0x36,0x33,0xE5,0xFC,0x18,0x25,0x28,
0x2D,0x29,0x00,0x31,0x29,0x00,0x30,0x33,0xFC,0x27,0x36,0x29,0x29,0x36,0xF0,0x12,
0x25,0xE4,0x00,0x34,0x29,0x36,0x33,0xFD,0x2D,0x2B,0x39,0x25,0x30,0x00,0x38,0x29,
0x00,0x30,0x33,0xFC,0x28,0x2D,0x36,0xF0,0x11,0xE2,0xFD,0x20,0x2D,0x00,0x39,0x32,
0x00,0x3A,0x2D,0x29,0x32,0x38,0x33,0x00,0x3A,0x29,0x36,0x28,0x29,0xFC,0x27,0x36,
0x39,0x3E,0x25,0x36,0x00,0x29,0x30,0x00,0x27,0x2D,0x29,0x30,0x33,0x00,0x34,0x33,
0x36,0xFC,0x39,0x32,0x00,0x31,0x33,0x31,0x29,0x32,0x38,0x33,0xE4,0x00,0x2E,0x39,
0x37,0x38,0x33,0xFD,0x27,0x39,0x25,0x32,0x28,0x33,0x00,0x38,0x29,0x00,0x29,0x37,
0x38,0x25,0x26,0x25,0x32,0xFC,0x30,0x30,0x29,0x3A,0x25,0x32,0x28,0x33,0x00,0x2C,
0x25,0x37,0x38,0x25,0xFC,0x25,0x35,0x39,0xF0,0x12,0xE2,0xFD,0x14,0x25,0x00,0x2E,
0x25,0x00,0x2E,0x25,0xE2,0xE2,0xE2,0x00,0xF0,0x1F,0x19,0x00,0x38,0x25,0x30,0xFC,
0x3A,0x29,0x3E,0x00,0x37,0x33,0x30,0x33,0x00,0x2A,0x39,0x29,0x00,0x39,0x32,0x25,
0xFC,0x2D,0x30,0x39,0x37,0x2D,0xF0,0x13,0x32,0xF0,0x08,0xFF,0xF3,0x2C,0xF0,0x1E,
0x19,0x3D,0x29,0xE4,0x00,0x24,0x29,0x36,0x33,0xE5,0xFD,0xF0,0x1F,0x1D,0x25,0x26,
0x29,0x37,0x00,0x35,0x39,0xF0,0x11,0xF0,0x08,0xFD,0x0F,0x32,0x38,0x36,0x29,0x00,
0x30,0x33,0x37,0x00,0x25,0x36,0x26,0x39,0x37,0x38,0x33,0x37,0xFC,0x28,0x29,0x30,
0x00,0x26,0x33,0x37,0x35,0x39,0x29,0x00,0x34,0x39,0x29,0x28,0x29,0x37,0xFC,0x29,
0x32,0x27,0x33,0x32,0x38,0x36,0x25,0x36,0x00,0x3A,0x25,0x36,0x2D,0x25,0x37,0xFD,
0x27,0x33,0x37,0x25,0x37,0xE2,0xE2,0xE2,0xFD,0x1E,0x25,0x31,0x26,0x2D,0xF0,0x11,
0x32,0x00,0x29,0x32,0x27,0x33,0x32,0x38,0x36,0x25,0x36,0xF0,0x10,0x37,0xFC,0x39,
0x32,0x25,0x00,0x36,0x39,0x2D,0x32,0x25,0x00,0x31,0xF0,0x10,0x37,0xFC,0x25,0x28,
0x29,0x30,0x25,0x32,0x38,0x29,0xE4,0x00,0x35,0x39,0x29,0xFD,0x2B,0x39,0x25,0x36,
0x28,0x25,0x00,0x31,0x39,0x27,0x2C,0x33,0x37,0xFC,0x37,0x29,0x27,0x36,0x29,0x38,
0x33,0x37,0xE2,0xFD,0x1A,0x36,0x33,0x3A,0x2D,0x29,0x32,0x29,0x32,0x00,0x28,0x29,
0x30,0xFC,0x31,0x2D,0x37,0x38,0x29,0x36,0x2D,0x33,0x00,0x28,0x29,0x00,0x30,0x25,
0x37,0xFC,0x11,0x39,0x29,0x36,0x36,0x25,0x37,0x00,0x17,0x25,0x3A,0x29,0x36,0x2D,
0x27,0x2F,0xE2,0xFF,0xF3,0x2C,0xF0,0x1E,0x19,0x3D,0x29,0xE4,0x00,0x24,0x29,0x36,
0x33,0xE5,0xFD,0xF0,0x1F,0x1D,0x25,0x26,0x29,0x37,0x00,0x35,0x39,0xF0,0x11,0xF0,
0x08,0xFD,0x0F,0x32,0x00,0x30,0x25,0x00,0x34,0x25,0x36,0x38,0x29,0x00,0x27,0x29,
0x32,0x38,0x36,0x25,0x30,0xFC,0x28,0x29,0x00,0x18,0x29,0x33,0x00,0x0B,0x36,0x27,
0x25,0x28,0x2D,0x25,0xE4,0xFC,0x2C,0x25,0x3D,0x00,0x39,0x32,0x00,0xF0,0x10,0x36,
0x26,0x33,0x30,0x00,0x31,0x39,0x3D,0xFD,0x2B,0x36,0x25,0x32,0x28,0x29,0xE4,0x00,
0x35,0x39,0x29,0x00,0x32,0x39,0x32,0x27,0x25,0xFC,0x2C,0x29,0x00,0x3A,0x2D,0x37,
0x38,0x33,0x00,0x29,0x32,0xFC,0x32,0x2D,0x32,0x2B,0xF0,0x14,0x32,0x00,0x33,0x38,
0x36,0x33,0x00,0x30,0x39,0x2B,0x25,0x36,0xE2,0xFD,0x0E,0x29,0x38,0x36,0xF0,0x10,
0x37,0x00,0x28,0x29,0x00,0x37,0x39,0x37,0x00,0x36,0x25,0xF0,0x12,0x27,0x29,0x37,
0xFC,0x34,0x33,0x28,0x36,0xF0,0x12,0x25,0x37,0x00,0x29,0x32,0x27,0x33,0x32,0x38,
0x36,0x25,0x36,0xFC,0x25,0x30,0x2B,0x33,0x00,0x2D,0x31,0x34,0x33,0x36,0x38,0x25,
0x32,0x38,0x29,0xE2,0xFD,0x1A,0x29,0x36,0x33,0xE4,0x00,0x32,0x33,0x00,0x38,0x29,
0x00,0x37,0x29,0x36,0xF0,0x10,0xFC,0x2A,0xF0,0x10,0x27,0x2D,0x30,0x00,0x30,0x30,
0x29,0x2B,0x25,0x36,0x00,0x25,0x30,0x30,0xF0,0x12,0xE2,0xFD,0x1A,0x39,0x29,0x37,
0x00,0x30,0x25,0x00,0x3E,0x33,0x32,0x25,0x00,0x29,0x37,0x38,0xF0,0x10,0xFC,0x34,
0x36,0x33,0x38,0x29,0x2B,0x2D,0x28,0x25,0x00,0x34,0x33,0x36,0xFC,0x31,0x39,0x27,
0x2C,0x33,0x37,0x00,0x29,0x28,0x2D,0x2A,0x2D,0x27,0x2D,0x33,0x37,0xE2,0xFD,0x0F,
0x32,0x00,0x36,0x29,0x25,0x30,0x2D,0x28,0x25,0x28,0xE4,0x00,0x29,0x37,0x38,0x33,
0xFC,0x29,0x37,0x00,0x37,0x33,0x30,0x33,0x00,0x39,0x32,0x00,0x36,0x39,0x31,0x33,
0x36,0xFC,0x35,0x39,0x29,0x00,0x29,0x37,0x27,0x39,0x27,0x2C,0xF0,0x11,0x00,0x28,
0x29,0xFD,0x25,0x30,0x2B,0x39,0x2D,0x29,0x32,0x00,0x31,0xF0,0x10,0x37,0xE2,0x00,
0x0B,0x37,0xF0,0x12,0xFC,0x35,0x39,0x29,0x00,0x37,0x39,0x34,0x33,0x32,0x2B,0x33,
0x00,0x35,0x39,0x29,0xFC,0x28,0x29,0x34,0x29,0x32,0x28,0x29,0x00,0x28,0x29,0x00,
0x38,0x39,0xFD,0x2A,0x29,0x00,0x29,0x32,0x00,0x30,0x33,0x37,0x00,0x36,0x39,0x31,
0x33,0x36,0x29,0x37,0xE2,0xE2,0xE2,0xFF,0xF3,0x2C,0xF0,0x1F,0x1B,0x39,0xF0,0x11,
0x00,0x38,0x25,0x30,0xE4,0x00,0x24,0x29,0x36,0x33,0xF0,0x08,0xFD,0xF0,0x1F,0x23,
0x25,0x00,0x29,0x32,0x27,0x33,0x32,0x38,0x36,0x25,0x37,0x38,0x29,0xFC,0x25,0x00,
0x0F,0x30,0x34,0x2D,0x3E,0x33,0xF0,0x08,0xFD,0x18,0x33,0x00,0x30,0x33,0x2B,0x36,
0x33,0x00,0x29,0x32,0x38,0x29,0x32,0x28,0x29,0x36,0xFC,0x30,0x33,0x00,0x35,0x39,
0x29,0x00,0x35,0x39,0x2D,0x29,0x36,0x29,0xE2,0xE2,0xE2,0xFF,0xF3,0x2C,0x1D,0xF0,
0x11,0x00,0x35,0x39,0x29,0x00,0x38,0xF0,0x14,0x00,0x34,0x39,0x29,0x28,0x29,0x37,
0xFC,0x28,0x29,0x37,0x38,0x36,0x39,0x2D,0x36,0x00,0x18,0x29,0x33,0xFC,0x0B,0x36,
0x27,0x25,0x28,0x2D,0x25,0xE2,0xE2,0xE2,0xFD,0x1D,0x2D,0x29,0x31,0x34,0x36,0x29,
0x00,0x38,0x29,0x00,0x29,0x37,0x38,0x25,0x36,0xF0,0x11,0xFC,0x3A,0x2D,0x2B,0x2D,
0x30,0x25,0x32,0x28,0x33,0x00,0x28,0x29,0x37,0x28,0x29,0xFC,0x25,0x35,0x39,0xF0,
0x12,0xE2,0xFF,0xF3,0x38,0x14,0x25,0x00,0x2E,0x25,0x00,0x2E,0x25,0xE2,0xE2,0xE2,
0xFC,0x16,0x33,0x00,0x29,0x37,0x38,0xF0,0x10,0x37,0x00,0x2C,0x25,0x27,0x2D,0x29,
0x32,0x28,0x33,0xFC,0x31,0x39,0x3D,0x00,0x26,0x2D,0x29,0x32,0xE4,0x00,0x32,0x33,
0x3A,0x25,0x38,0x33,0xE2,0xFD,0x0B,0x2C,0x33,0x36,0x25,0x00,0x28,0x29,0x26,0x29,
0x37,0xFC,0x28,0x29,0x36,0x36,0x33,0x38,0x25,0x36,0x31,0x29,0x00,0x34,0x25,0x36,
0x25,0xFC,0x37,0x29,0x2B,0x39,0x2D,0x36,0x00,0x25,0x28,0x29,0x30,0x25,0x32,0x38,
0x29,0xE2,0xFD,0xF0,0x1E,0x18,0x33,0xE4,0x00,0x32,0x33,0xE4,0x00,0x37,0x33,0x30,
0x33,0xFC,0x29,0x37,0x38,0x25,0x26,0x25,0x00,0x26,0x36,0x33,0x31,0x29,0x25,0x32,
0x28,0x33,0xE5,0xFF,0xF3,0x38,0xF0,0x1F,0x0D,0x33,0x32,0x33,0x27,0x29,0x37,0x00,
0x25,0x00,0x0D,0x2D,0x29,0x30,0xF0,0x08,0xFD,0x0D,0x36,0x29,0x33,0x00,0x35,0x39,
0x29,0x00,0x29,0x30,0x30,0x25,0x00,0x32,0x33,0xFC,0x28,0x29,0x26,0x29,0x36,0xF0,
0x12,0x25,0x00,0x37,0x29,0x36,0xFC,0x39,0x32,0x00,0x37,0x29,0x36,0x00,0x2C,0x39,
0x31,0x25,0x32,0x33,0xE2,0xFD,0x16,0x25,0x00,0x36,0x25,0x3E,0xF0,0x13,0x32,0x00,
0x29,0x37,0xE4,0x00,0x35,0x39,0x29,0x00,0x30,0x33,0x37,0xFC,0x2C,0x39,0x31,0x25,
0x32,0x33,0x37,0x00,0x29,0x32,0x3A,0x29,0x2E,0x29,0x27,0x29,0x32,0xFC,0x27,0x33,
0x32,0x00,0x29,0x30,0x00,0x38,0x2D,0x29,0x31,0x34,0x33,0xE2,0xFD,0x1A,0x29,0x36,
0x33,0x00,0x2C,0x25,0x3D,0x00,0x39,0x32,0x00,0x1C,0x29,0x34,0x30,0x33,0x2D,0x28,
0x29,0xFC,0x35,0x39,0x29,0x00,0x35,0x39,0x2D,0x37,0x33,0x00,0x25,0xFC,0x34,0x36,
0x33,0x34,0xF0,0x13,0x37,0x2D,0x38,0x33,0xFD,0x34,0x25,0x36,0x29,0x27,0x29,0x36,
0x00,0x39,0x32,0x00,0x3A,0x2D,0x29,0x2E,0x33,0xE2,0xE2,0xE2,0xFD,0x1B,0x39,0xF0,
0x11,0x00,0x2B,0x36,0x25,0x27,0x2D,0x33,0x37,0x33,0xE2,0xFF,0xF3,0x38,0xF0,0x1F,
0x1B,0x39,0xF0,0x11,0xF0,0x08,0x00,0xF0,0x1F,0x12,0x25,0x3D,0x00,0x25,0x30,0x2B,
0x33,0xFC,0x31,0xF0,0x10,0x37,0x00,0x35,0x39,0x29,0x00,0x35,0x39,0x2D,0x29,0x36,
0x25,0x37,0xFC,0x28,0x29,0x27,0x2D,0x36,0x31,0x29,0xF0,0x08,0xFD,0x1B,0x39,0x29,
0x36,0xF0,0x12,0x25,0x00,0x35,0x39,0x29,0x00,0x31,0x29,0xFC,0x27,0x33,0x32,0x38,
0x25,0x36,0x25,0x37,0x00,0x38,0x33,0x28,0x33,0xFC,0x30,0x33,0x00,0x35,0x39,0x29,
0x00,0x34,0x39,0x29,0x28,0x25,0x37,0xE2,0xFF,0xF3,0x38,0x18,0x33,0x3A,0x25,0x38,
0x33,0xE4,0x00,0xF0,0x1F,0x3A,0x2D,0x32,0x2D,0x37,0x38,0x29,0xFC,0x25,0x00,0x29,
0x37,0x27,0x39,0x27,0x2C,0x25,0x36,0x00,0x31,0x2D,0x37,0xFC,0x27,0x33,0x31,0x29,
0x32,0x38,0x25,0x36,0x2D,0x33,0x37,0xFD,0x37,0x25,0x36,0x27,0xF0,0x10,0x37,0x38,
0x2D,0x27,0x33,0x37,0xF0,0x08,0xFD,0x1A,0x33,0x36,0x00,0x27,0x2D,0x29,0x36,0x38,
0x33,0xE4,0xFC,0xF0,0x1F,0x1B,0x39,0xF0,0x11,0x00,0x29,0x37,0x38,0xF0,0x10,0x00,
0x34,0x25,0x37,0x25,0x32,0x28,0x33,0xFC,0x27,0x33,0x32,0x00,0x29,0x30,0x00,0x0D,
0x33,0x31,0x25,0x32,0x28,0x25,0x32,0x38,0x29,0xFD,0x0F,0x30,0x34,0x2D,0x3E,0x33,
0xF0,0x08,0xFD,0xF0,0x1F,0x18,0x33,0x00,0x28,0x29,0x26,0x29,0x36,0xF0,0x12,0x25,
0x37,0xFC,0x25,0x30,0x27,0x25,0x32,0x3E,0x25,0x36,0x30,0x33,0x00,0x30,0x33,0xFC,
0x31,0xF0,0x10,0x37,0x00,0x34,0x36,0x33,0x32,0x38,0x33,0x00,0x34,0x33,0x37,0x2D,
0x26,0x30,0x29,0xF0,0x08,0xFF,0xF3,0x38,0x19,0x3D,0x29,0xE4,0x00,0xF0,0x1F,0x34,
0x33,0x36,0x00,0x35,0x39,0xF0,0x11,0x00,0x38,0x29,0xFC,0x29,0x37,0x2A,0x39,0x29,
0x36,0x3E,0x25,0x37,0x00,0x38,0x25,0x32,0x38,0x33,0xF0,0x08,0xFD,0xF0,0x1F,0x0E,
0x29,0x00,0x3A,0x29,0x36,0x28,0x25,0x28,0x00,0x27,0x36,0x29,0x29,0x37,0xFC,0x35,
0x39,0x29,0x00,0x34,0x39,0x29,0x28,0x29,0x37,0x00,0x27,0x25,0x31,0x26,0x2D,0x25,
0x36,0xFC,0x29,0x30,0x00,0x31,0x39,0x32,0x28,0x33,0x00,0x38,0xF0,0x14,0x00,0x37,
0x33,0x30,0x33,0xF0,0x08,0xFD,0x1D,0x2D,0x00,0x29,0x37,0x00,0x25,0x37,0xF0,0x12,
0xE4,0xFC,0x29,0x36,0x29,0x37,0x00,0x29,0x30,0x00,0x38,0x2D,0x34,0x33,0xFC,0x31,
0xF0,0x10,0x37,0x00,0x2A,0x29,0x30,0x2D,0x3E,0x00,0x28,0x29,0x30,0xFD,0x31,0x39,
0x32,0x28,0x33,0xE2,0xFF,0xF3,0x38,0x0F,0x36,0x29,0x37,0x00,0x2D,0x32,0x27,0x36,
0x29,0xF0,0x12,0x26,0x30,0x29,0xE2,0xFC,0x12,0x25,0x37,0x38,0x25,0x00,0x25,0x30,
0x2B,0x39,0x2D,0x29,0x32,0x00,0x38,0x25,0x32,0xFC,0x2B,0x29,0x32,0x2D,0x25,0x30,
0x00,0x27,0x33,0x31,0x33,0x00,0x3D,0x33,0xFD,0x38,0x29,0x00,0x36,0x29,0x37,0x34,
0x29,0x38,0x25,0xE2,0xFD,0x1B,0x39,0x2D,0x3E,0xF0,0x10,0x00,0x32,0x33,0x00,0x35,
0x39,0x2D,0x29,0x36,0x25,0x37,0xFC,0x29,0x37,0x27,0x39,0x27,0x2C,0x25,0x36,0x31,
0x29,0xE4,0x00,0x34,0x29,0x36,0x33,0xFC,0xF0,0x1E,0x26,0x39,0x29,0x32,0x25,0x00,
0x37,0x39,0x29,0x36,0x38,0x29,0xE5,0xFF,0xF3,0x34,0x0F,0x32,0x27,0x25,0x32,0x38,
0x25,0x28,0x33,0x00,0x28,0x29,0xFC,0x27,0x33,0x32,0x33,0x27,0x29,0x36,0x38,0x29,
0xE4,0x00,0x24,0x29,0x36,0x33,0xE2,0x00,0x17,0x29,0x00,0xFC,0x30,0x30,0x25,0x31,
0x33,0x00,0x1A,0x29,0x36,0x36,0x33,0x35,0x39,0x2D,0x29,0x38,0xE2,0xFD,0x20,0x2D,
0x32,0x29,0x00,0x25,0x35,0x39,0xF0,0x12,0x00,0x34,0x25,0x36,0x25,0xFC,0x25,0x3D,
0x39,0x28,0x25,0x36,0x00,0x25,0x00,0x0D,0x2D,0x29,0x30,0x00,0x25,0xFC,0x30,0x33,
0x27,0x25,0x30,0x2D,0x3E,0x25,0x36,0x00,0x28,0x25,0x38,0x33,0x37,0xE4,0xFD,0x34,
0x29,0x36,0x33,0x00,0x2C,0x25,0x3D,0xFC,0x28,0x29,0x31,0x25,0x37,0x2D,0x25,0x28,
0x33,0x37,0x00,0x25,0x35,0x39,0xF0,0x12,0xE2,0xE2,0xE2,0xFD,0x1D,0x2D,0x32,0x00,
0x29,0x31,0x26,0x25,0x36,0x2B,0x33,0xE4,0x00,0x27,0x36,0x29,0x33,0xFC,0x35,0x39,
0x29,0x00,0x30,0x33,0x37,0x00,0x28,0x25,0x38,0x33,0x37,0x00,0x28,0x29,0xFC,0x30,
0x33,0x37,0x00,0x0F,0x30,0x2A,0x33,0x37,0x00,0x0C,0x29,0x26,0xF0,0x11,0x00,0x35,
0x39,0x29,0xFD,0x0D,0x2D,0x29,0x30,0x00,0x35,0x39,0x2D,0x29,0x36,0x29,0x00,0x32,
0x33,0xFC,0x29,0x37,0x38,0xF0,0x10,0x32,0x00,0x25,0x35,0x39,0xF0,0x12,0xE2,0xE2,
0xE2,0xFF,0xF3,0x34,0x1E,0x33,0x31,0x25,0x36,0xF0,0x10,0x00,0x39,0x32,0x00,0x31,
0x29,0x37,0xFC,0x36,0x29,0x3A,0x2D,0x37,0x25,0x36,0x00,0x38,0x33,0x28,0x33,0x37,
0xFC,0x30,0x33,0x37,0x00,0x28,0x25,0x38,0x33,0x37,0x00,0x25,0x35,0x39,0xF0,0x12,
0xE2,0xFD,0x0F,0x32,0x38,0x2D,0x29,0x32,0x28,0x33,0x00,0x35,0x39,0x29,0x00,0x29,
0x30,0x30,0x25,0xFC,0x35,0x39,0x2D,0x29,0x36,0x29,0x00,0x29,0x37,0x38,0x39,0x28,
0x2D,0x25,0x36,0x30,0x33,0xFC,0x3D,0x00,0x34,0x36,0x33,0x26,0x25,0x36,0x30,0x33,
0x00,0x30,0x33,0xFD,0x25,0x32,0x38,0x29,0x37,0x00,0x34,0x33,0x37,0x2D,0x26,0x30,
0x29,0xE4,0xFC,0x34,0x29,0x36,0x33,0x00,0x29,0x37,0x00,0x31,0x39,0x3D,0xFC,0x28,
0x2D,0x2A,0xF0,0x12,0x27,0x2D,0x30,0x00,0x30,0x33,0x2B,0x36,0x25,0x36,0x30,0x33,
0xE2,0xFD,0x1A,0x33,0x36,0x00,0x27,0x2D,0x29,0x36,0x38,0x33,0xE4,0x00,0x32,0x39,
0x32,0x27,0x25,0xFC,0x3A,0x2D,0x00,0x39,0x32,0x00,0x29,0x30,0x2A,0x33,0x00,0x38,
0x25,0x32,0xFC,0x2C,0x29,0x36,0x31,0x33,0x37,0x33,0xE2,0xE2,0xE2,0xFF,0xF3,0x34,
0xF0,0x1F,0x0C,0x39,0x37,0x27,0x25,0x37,0x00,0x25,0x30,0x2B,0x33,0xFC,0x38,0xF0,
0x14,0x00,0x38,0x25,0x31,0x26,0x2D,0xF0,0x11,0x32,0xE4,0xFC,0x24,0x29,0x36,0x33,
0xF0,0x08,0xFD,0x0B,0x2C,0xE4,0x00,0x26,0x39,0x37,0x27,0x25,0x37,0xFC,0x25,0x00,
0x0F,0x30,0x34,0x2D,0x3E,0x33,0xE2,0xE2,0xE2,0xFD,0xF0,0x1E,0x1A,0x29,0x36,0x33,
0x00,0x32,0x33,0x00,0x29,0x37,0x38,0xF0,0x10,0xFC,0x25,0x35,0x39,0xF0,0x12,0xE5,
0xFF,0xF3,0x34,0x24,0x29,0x36,0x33,0xE2,0xE2,0xE2,0xFD,0x0D,0x39,0x25,0x32,0x28,
0x33,0x00,0x38,0x29,0x36,0x31,0x2D,0x32,0x29,0x37,0xFC,0x38,0x39,0x00,0x38,0x36,
0x25,0x26,0x25,0x2E,0x33,0xE4,0x00,0x3A,0x29,0x32,0x00,0x3D,0xFC,0x25,0x3D,0xF0,
0x14,0x28,0x25,0x31,0x29,0x00,0x25,0x00,0x33,0x36,0x28,0x29,0x32,0x25,0x36,0xFD,
0x29,0x37,0x38,0x29,0x00,0x29,0x37,0x38,0x25,0x32,0x38,0x29,0xE2,0xFD,0x18,0x33,
0x00,0x25,0x30,0x27,0x25,0x32,0x3E,0x33,0x00,0x30,0x25,0x00,0x34,0x25,0x36,0x38,
0x29,0xFC,0x28,0x29,0x00,0x25,0x36,0x36,0x2D,0x26,0x25,0xE2,0xE2,0xE2,0xFD,0x0F,
0x37,0x34,0x29,0x36,0x25,0x26,0x25,0x00,0x35,0x39,0x29,0xFC,0x0B,0x39,0x38,0x36,
0x39,0x27,0x2C,0x29,0x00,0x28,0x29,0x30,0xFC,0x25,0x30,0x31,0x25,0x27,0xF0,0x11,
0x32,0xFD,0x2C,0x2D,0x27,0x2D,0x29,0x36,0x25,0x00,0x29,0x37,0x38,0x33,0xFC,0x29,
0x32,0x00,0x3A,0x29,0x3E,0x00,0x28,0x29,0x00,0x31,0xF0,0x12,0xE2,0xE2,0xE2,0xFF,
0xF3,0x34,0x24,0x29,0x36,0x33,0xE2,0xE2,0xE2,0xFC,0x18,0x33,0x00,0x34,0x29,0x32,
0x37,0xF0,0x11,0x00,0x35,0x39,0x29,0xFC,0x30,0x33,0x37,0x00,0x0F,0x30,0x2A,0x33,
0x37,0x00,0x0C,0x29,0x26,0xF0,0x11,0xFD,0x2A,0x39,0x29,0x36,0x25,0x32,0x00,0x29,
0x30,0x2A,0x33,0x37,0xFC,0x34,0x29,0x30,0x2D,0x2B,0x36,0x33,0x37,0x33,0x37,0xE2,
0xE2,0xE2,0xFD,0x0D,0x2D,0x29,0x30,0x00,0x27,0x36,0x29,0x29,0x00,0x35,0x39,0x29,
0xFC,0x34,0x39,0x29,0x28,0x29,0x00,0x31,0x29,0x2E,0x33,0x36,0x25,0x36,0x00,0x30,
0x25,0xFC,0x2A,0x25,0x30,0x38,0x25,0x00,0x28,0x29,0x00,0x29,0x32,0x29,0x36,0x2B,
0xF0,0x12,0x25,0xE4,0xFD,0x34,0x29,0x36,0x33,0xE2,0xE2,0xE2,0xFD,0x0E,0x29,0x00,
0x38,0x33,0x28,0x33,0x37,0x00,0x31,0x33,0x28,0x33,0x37,0xE4,0xFC,0x31,0x29,0x00,
0x25,0x30,0x29,0x2B,0x36,0x25,0x00,0x35,0x39,0x29,0x00,0x25,0x00,0x0D,0x2D,0x29,
0x30,0xFC,0x30,0x29,0x00,0x29,0x37,0x38,0xF0,0x11,0x00,0x3D,0x29,0x32,0x28,0x33,
0x00,0x26,0x2D,0x29,0x32,0xE2,0xFF,0xF3,0x34,0x0F,0x30,0x00,0x34,0x33,0x28,0x29,
0x36,0x00,0x28,0x29,0x00,0x30,0x33,0x37,0x00,0x29,0x30,0x2A,0x33,0x37,0xFC,0x28,
0x29,0x37,0x38,0x36,0x39,0x2D,0x36,0xF0,0x10,0x00,0x2D,0x32,0x27,0x30,0x39,0x37,
0x33,0xFC,0x25,0x00,0x18,0x29,0x33,0x00,0x0B,0x36,0x27,0x25,0x28,0x2D,0x25,0xE2,
0xE2,0xE2,0xFD,0x16,0x25,0x00,0x25,0x27,0x27,0x2D,0xF0,0x13,0x32,0xFC,0x25,0x36,
0x26,0x2D,0x38,0x36,0x25,0x36,0x2D,0x25,0x00,0x28,0x29,0x00,0x39,0x32,0xFC,0x0D,
0x33,0x31,0x25,0x32,0x28,0x25,0x32,0x38,0x29,0x00,0x1C,0x29,0x34,0x30,0x33,0x2D,
0x28,0x29,0xFD,0x29,0x37,0xE2,0xE2,0xE2,0xFC,0x0F,0x30,0x00,0x27,0x25,0x31,0x26,
0x2D,0x33,0x00,0x29,0x32,0xFC,0x0F,0x30,0x34,0x2D,0x3E,0x33,0x00,0x29,0x37,0xE2,
0xE2,0xE2,0xFD,0x0F,0x32,0x00,0x31,0x39,0x27,0x2C,0x33,0x37,0x00,0x37,0x29,0x32,
0x38,0x2D,0x28,0x33,0x37,0xFC,0x29,0x37,0x00,0x37,0x2D,0x31,0x2D,0x30,0x25,0x36,
0x00,0x25,0x30,0xFC,0x36,0x29,0x2B,0x2D,0x37,0x38,0x36,0x33,0x00,0x28,0x29,0x00,
0x25,0x35,0x39,0x29,0x30,0xFD,0x1C,0x29,0x34,0x30,0x33,0x2D,0x28,0x29,0x00,0x35,
0x39,0x29,0x00,0x27,0x25,0x39,0x37,0xF0,0x13,0xFC,0x30,0x25,0x37,0x00,0x11,0x39,
0x29,0x36,0x36,0x25,0x37,0xFC,0x17,0x25,0x3A,0x29,0x36,0x2D,0x27,0x2F,0xE2,0xE2,
0xE2,0xFD,0xF0,0x1E,0x1A,0x33,0x36,0x00,0x2A,0x25,0x3A,0x33,0x36,0xE4,0x00,0x28,
0x29,0x26,0x29,0x37,0xFC,0x28,0x29,0x38,0x29,0x32,0x29,0x36,0x00,0x25,0x00,0x0F,
0x30,0x34,0x2D,0x3E,0x33,0xE4,0xFD,0x33,0x00,0x37,0x29,0x36,0xF0,0x10,0x00,0x28,
0x29,0x31,0x25,0x37,0x2D,0x25,0x28,0x33,0xFC,0x38,0x25,0x36,0x28,0x29,0xE5,0xFF,
0xF3,0x36,0xF0,0x1F,0x12,0x31,0xF0,0x08,0xFC,0x0E,0x29,0x26,0x29,0x37,0x00,0x37,
0x29,0x36,0x00,0x24,0x29,0x36,0x33,0xE2,0xFD,0x17,0x2D,0x00,0x32,0x33,0x31,0x26,
0x36,0x29,0x00,0x29,0x37,0x00,0x0E,0x33,0x2D,0x2B,0x38,0xE2,0xFD,0x0D,0x33,0x31,
0x33,0x00,0x28,0x2D,0x2E,0x33,0x00,0x0D,0x29,0x36,0x3A,0x29,0x25,0x39,0xE4,0xFC,
0x29,0x37,0x38,0xF0,0x10,0x37,0x00,0x38,0x25,0x32,0x00,0x26,0x2D,0x29,0x32,0xFC,
0x28,0x2D,0x37,0x29,0xF0,0x1C,0x25,0x28,0x33,0x00,0x35,0x39,0x29,0xFD,0x27,0x39,
0x29,0x37,0x38,0x25,0x00,0x27,0x36,0x29,0x29,0x36,0x00,0x35,0x39,0x29,0xFC,0x37,
0x29,0x25,0x37,0x00,0x39,0x32,0x00,0x1C,0x29,0x34,0x30,0x33,0x2D,0x28,0x29,0xFC,
0x28,0x29,0x00,0x38,0x2D,0x34,0x33,0x00,0x25,0x32,0x38,0x2D,0x2B,0x39,0x33,0xE2,
0xFD,0x1B,0x39,0x2D,0x29,0x36,0x33,0x00,0x3A,0x29,0x36,0x00,0x38,0x39,0xFC,0x2D,
0x32,0x38,0x29,0x36,0x2D,0x33,0x36,0xE4,0x00,0xF0,0x1F,0x38,0x29,0xFC,0x31,0x33,
0x30,0x29,0x37,0x38,0x25,0x00,0x37,0x2D,0x00,0x38,0x29,0xFD,0x28,0x29,0x37,0x25,
0x36,0x31,0x33,0xF0,0x08,0xFD,0x14,0x25,0x00,0x2E,0x25,0x00,0x2E,0x25,0xE2,0xFC,
0x0F,0x37,0x00,0x26,0x36,0x33,0x31,0x25,0xE2,0xFD,0x0E,0x29,0x00,0x3A,0x29,0x36,
0x28,0x25,0x28,0xE4,0x00,0x37,0x33,0x30,0x33,0xFC,0x29,0x37,0x38,0x33,0x3D,0x00,
0x26,0x36,0x33,0x31,0x29,0x25,0x32,0x28,0x33,0xE2,0xFD,0x18,0x33,0x00,0x31,0x29,
0x00,0x31,0x2D,0x36,0x29,0x37,0xFC,0x25,0x37,0xF0,0x12,0xE2,0xFF,0xF3,0x36,0x1A,
0x33,0x36,0x00,0x27,0x2D,0x29,0x36,0x38,0x33,0xE4,0xFC,0x0D,0x29,0x36,0x3A,0x29,
0x25,0x39,0x00,0x29,0x37,0xFC,0x31,0x39,0x3D,0x00,0x2D,0x32,0x38,0x29,0x36,0x29,
0x37,0x25,0x32,0x38,0x29,0xE2,0xE2,0xE2,0xFD,0x0D,0x39,0x25,0x32,0x28,0x33,0x00,
0x37,0x29,0x00,0x31,0x29,0x38,0x29,0xFC,0x25,0x00,0x2A,0x33,0x32,0x28,0x33,0x00,
0x29,0x32,0x00,0x37,0x39,0x37,0xFC,0x2D,0x32,0x3A,0x29,0x37,0x38,0x2D,0x2B,0x25,
0x27,0x2D,0x33,0x32,0x29,0x37,0xE4,0xFD,0x32,0x33,0x00,0x33,0x3D,0x29,0xFC,0x32,
0x25,0x28,0x25,0xE2,0xE2,0xE2,0xFD,0x1A,0x25,0x36,0x29,0x27,0x29,0x00,0x35,0x39,
0x29,0x00,0x2E,0x25,0x31,0xF0,0x10,0x37,0xFC,0x34,0x33,0x28,0x36,0xF0,0x11,0x00,
0x29,0x37,0x38,0x25,0x36,0x00,0x25,0x00,0x37,0x39,0xFC,0x31,0x2D,0x37,0x31,0x33,
0x00,0x32,0x2D,0x3A,0x29,0x30,0xE2,0xFF,0xF3,0x36,0x19,0x2C,0xE4,0x00,0x2C,0x33,
0x30,0x25,0x00,0x24,0x29,0x36,0x33,0xE2,0xFC,0x19,0xF0,0x12,0x00,0x35,0x39,0x29,
0x00,0x38,0x29,0x00,0x29,0x37,0x38,0xF0,0x10,0xFC,0x3D,0x29,0x32,0x28,0x33,0x00,
0x31,0x39,0x3D,0x00,0x26,0x2D,0x29,0x32,0xE2,0xFD,0xF0,0x1E,0x1E,0x33,0x28,0x33,
0x00,0x29,0x37,0x00,0x2B,0x36,0x25,0x27,0x2D,0x25,0x37,0xFC,0x25,0x00,0x30,0x25,
0x37,0x00,0x25,0x36,0x31,0x25,0x37,0x00,0x35,0x39,0x29,0xFC,0x0D,0x29,0x36,0x3A,
0x29,0x25,0x39,0xFD,0x28,0x29,0x37,0x25,0x36,0x36,0x33,0x30,0x30,0xF0,0x13,0xE5,
0xFD,0xE2,0xE2,0xE2,0x0C,0x39,0x29,0x32,0x33,0xE4,0x00,0x32,0x33,0xFC,0x28,0x29,
0x26,0x29,0x36,0xF0,0x12,0x25,0x00,0x28,0x29,0x27,0x2D,0x36,0xFC,0x29,0x37,0x33,
0x00,0x34,0x33,0x36,0x35,0x39,0x29,0xFD,0x34,0x33,0x28,0x36,0xF0,0x12,0x25,0x37,
0x00,0x29,0x32,0x33,0x2E,0x25,0x36,0x38,0x29,0xE2,0xFF,0xF3,0x36,0x0D,0x29,0x36,
0x3A,0x29,0x25,0x39,0x00,0x3D,0x00,0x3D,0x33,0xFC,0x29,0x37,0x38,0x25,0x31,0x33,
0x37,0x00,0x2C,0x25,0x27,0x2D,0x29,0x32,0x28,0x33,0xFC,0x25,0x36,0x31,0x25,0x37,
0x00,0x34,0x25,0x36,0x25,0x00,0x38,0x33,0x28,0x33,0x37,0xFD,0x30,0x33,0x37,0x00,
0x37,0x33,0x30,0x28,0x25,0x28,0x33,0x37,0x00,0x28,0x29,0xFC,0x30,0x25,0x00,0x1C,
0x29,0x37,0x2D,0x37,0x38,0x29,0x32,0x27,0x2D,0x25,0xE2,0xFD,0x1A,0x29,0x36,0x33,
0x00,0x29,0x37,0x00,0x28,0x29,0x31,0x25,0x37,0x2D,0x25,0x28,0x33,0xFC,0x38,0x36,
0x25,0x26,0x25,0x2E,0x33,0x00,0x34,0x25,0x36,0x25,0xFC,0x37,0x33,0x30,0x33,0x00,
0x32,0x33,0x37,0x33,0x38,0x36,0x33,0x37,0x00,0x28,0x33,0x37,0xE2,0xE2,0xE2,0xFF,
0xF3,0x36,0x18,0x33,0x00,0x35,0x39,0x2D,0x29,0x36,0x33,0xFC,0x25,0x30,0x25,0x36,
0x28,0x29,0x25,0x36,0xE4,0x00,0x34,0x29,0x36,0x33,0xE2,0xE2,0xE2,0xFD,0x0F,0x37,
0x38,0x25,0x31,0x33,0x37,0x00,0x31,0x39,0x3D,0xFC,0x33,0x36,0x2B,0x39,0x30,0x30,
0x33,0x37,0x33,0x37,0x00,0x28,0x29,0x00,0x30,0x25,0x37,0xFC,0x25,0x36,0x31,0x25,
0x37,0x00,0x35,0x39,0x29,0x00,0x2C,0x2D,0x27,0x2D,0x31,0x33,0x37,0xE2,0xFD,0x0B,
0x37,0xF0,0x12,0x00,0x35,0x39,0x29,0x00,0x31,0xF0,0x10,0x37,0x00,0x38,0x29,0xFC,
0x3A,0x25,0x30,0x29,0x00,0x27,0x33,0x32,0x2A,0x2D,0x25,0x36,0x00,0x29,0x32,0xFC,
0x38,0x2D,0x00,0x31,0x2D,0x37,0x31,0x33,0xE2,0xFF,0xF3,0x30,0x12,0x33,0x30,0x25,
0xE4,0x00,0x1D,0x36,0xE2,0x00,0x24,0x29,0x36,0x33,0xE2,0xFD,0x17,0x29,0x00,0x30,
0x30,0x25,0x31,0x33,0xFC,0x0B,0x39,0x38,0x36,0x39,0x27,0x2C,0x29,0xE2,0xFD,0x17,
0x29,0x00,0x28,0x25,0x00,0x3A,0x29,0x36,0x2B,0xF0,0x1A,0x29,0x32,0x3E,0x25,0xFC,
0x28,0x29,0x27,0x2D,0x36,0x00,0x29,0x37,0x38,0x33,0xE2,0xE2,0xE2,0xFD,0x1D,0x33,
0x3D,0x00,0x25,0x30,0x38,0x33,0xE4,0x00,0x34,0x29,0x36,0x33,0x00,0x32,0x33,0xFC,
0x37,0x33,0x3D,0x00,0x26,0x39,0x29,0x32,0x33,0x00,0x34,0x25,0x36,0x25,0xFC,0x38,
0x36,0x25,0x26,0x25,0x2E,0x33,0x37,0x00,0x34,0x29,0x37,0x25,0x28,0x33,0x37,0xE2,
0xFD,0x0B,0x39,0x32,0x00,0x25,0x37,0xF0,0x12,0xE4,0x00,0x38,0x29,0x32,0x2B,0x33,
0xFC,0x35,0x39,0x29,0x00,0x27,0x25,0x36,0x2B,0x25,0x36,0x00,0x27,0x33,0x37,0x25,
0x37,0xFC,0x29,0x32,0x00,0x29,0x30,0x00,0x25,0x30,0x31,0x25,0x27,0xF0,0x11,0x32,
0xE2,0xE2,0xE2,0xFD,0x18,0x33,0x00,0x37,0xF0,0x11,0x00,0x35,0x39,0x2D,0xF0,0x11,
0x32,0xFC,0x28,0x29,0x27,0x2D,0x28,0x2D,0xF0,0x13,0x00,0x29,0x37,0x38,0x25,0xFC,
0x25,0x37,0x2D,0x2B,0x32,0x25,0x27,0x2D,0xF0,0x13,0x32,0xE4,0x00,0x34,0x29,0x36,
0x33,0xFD,0x32,0x33,0x00,0x38,0x2D,0x29,0x32,0x29,0x00,0x32,0x25,0x28,0x25,0x00,
0x28,0x29,0xFC,0x27,0x33,0x32,0x33,0x27,0x2D,0x31,0x2D,0x29,0x32,0x38,0x33,0x00,
0x28,0x29,0xFC,0x25,0x34,0x38,0x2D,0x38,0x39,0x28,0x29,0x37,0xE2,0xFD,0x19,0x2C,
0xE4,0x00,0x34,0x29,0x36,0x28,0x33,0x32,0x25,0xE2,0xE2,0xE2,0xFC,0x18,0x33,0x00,
0x28,0x29,0x26,0x29,0x36,0xF0,0x12,0x25,0xFC,0x35,0x39,0x29,0x2E,0x25,0x36,0x31,
0x29,0xE2,0xFF,0xF3,0x30,0x1D,0x2D,0x2B,0x25,0x00,0x25,0x37,0xF0,0x12,0x00,0x27,
0x33,0x32,0x00,0x29,0x30,0xFC,0x26,0x39,0x29,0x32,0x00,0x38,0x36,0x25,0x26,0x25,
0x2E,0x33,0xE4,0xFC,0x1D,0x36,0xE2,0x00,0x24,0x29,0x36,0x33,0xE2,0xFD,0x23,0x33,
0x00,0x38,0x25,0x31,0x26,0x2D,0xF0,0x11,0x32,0x00,0x37,0x2D,0x2B,0x33,0xFC,0x25,
0x2B,0x39,0x25,0x32,0x38,0x25,0x32,0x28,0x33,0xE2,0xE2,0xE2,0xFC,0x28,0x29,0x00,
0x25,0x30,0x2B,0xF0,0x14,0x32,0x00,0x31,0x33,0x28,0x33,0xE2,0xE2,0xE2,0xFF,0xF3,
0x30,0x12,0x33,0x30,0x25,0xE4,0x00,0x1D,0x36,0xE2,0x00,0x24,0x29,0x36,0x33,0xE2,
0xFD,0xF0,0x1F,0x20,0x2D,0x32,0x33,0x00,0x25,0x00,0x33,0xF0,0x12,0x36,0x00,0x31,
0x2D,0x37,0xFC,0x35,0x39,0x29,0x2E,0x25,0x37,0xF0,0x08,0xFD,0x19,0x2C,0xE4,0x00,
0x32,0x33,0x00,0x28,0x29,0x26,0x29,0x36,0xF0,0x12,0x25,0xFC,0x2C,0x25,0x27,0x29,
0x36,0x00,0x29,0x37,0x33,0xE2,0xE2,0xE2,0xFD,0x1D,0x33,0x30,0x33,0x00,0x30,0x33,
0x2B,0x36,0x25,0x36,0xF0,0x10,0x00,0x35,0x39,0x29,0xFC,0x37,0x29,0x00,0x37,0x2D,
0x29,0x32,0x38,0x25,0x00,0x31,0x25,0x30,0xE2,0xE2,0xE2,0xFF,0xF3,0x30,0x13,0x32,
0x27,0x30,0x39,0x37,0x33,0x00,0x3D,0x33,0x00,0x32,0x33,0xFC,0x38,0x29,0x32,0x2B,
0x33,0x00,0x38,0x25,0x32,0x38,0x25,0x37,0xFC,0x35,0x39,0x29,0x2E,0x25,0x37,0xE2,
0xFD,0x0C,0x39,0x29,0x32,0x33,0xE4,0x00,0x37,0x2D,0x00,0x31,0x29,0xFC,0x29,0x37,
0x2A,0x39,0x29,0x36,0x3E,0x33,0xE2,0xE2,0xE2,0xFD,0x16,0x25,0x00,0x27,0x25,0x32,
0x38,0x2D,0x28,0x25,0x28,0x00,0x28,0x29,0xFC,0x0F,0x32,0x29,0x36,0x2B,0x3D,0x00,
0x0D,0x36,0x3D,0x37,0x38,0x25,0x30,0xFC,0x35,0x39,0x29,0x00,0x36,0x29,0x27,0x2D,
0x26,0x33,0x00,0x34,0x33,0x36,0x00,0x28,0xF0,0x12,0x25,0xFD,0x29,0x37,0x00,0x30,
0x25,0x00,0x31,0x2D,0x37,0x31,0x25,0x00,0x35,0x39,0x29,0xFC,0x30,0x25,0x00,0x28,
0x29,0x00,0x1A,0x29,0x36,0x36,0x33,0x35,0x39,0x2D,0x29,0x38,0xE2,0xFD,0x18,0x33,
0x00,0x38,0x2D,0x29,0x32,0x29,0xFC,0x37,0x29,0x32,0x38,0x2D,0x28,0x33,0xE2,0xFF,
0xF3,0x30,0x1D,0x29,0xF0,0x1C,0x33,0x36,0x00,0x24,0x29,0x36,0x33,0xE2,0xFC,0x0C,
0x39,0x29,0x32,0x25,0x00,0x37,0x39,0x29,0x36,0x38,0x29,0xE2,0xFD,0x0B,0x39,0x32,
0x35,0x39,0x29,0x00,0x32,0x33,0xFC,0x34,0x39,0x29,0x28,0x33,0x00,0x2C,0x25,0x27,
0x29,0x36,0xFC,0x32,0x25,0x28,0x25,0x00,0x34,0x33,0x36,0x00,0x38,0x2D,0xE2,0xE2,
0xE2,0xFF,0xF3,0x02,0x0B,0x36,0x36,0x25,0x32,0x35,0x39,0x29,0xFC,0x27,0x33,0x31,
0x34,0x30,0x29,0x38,0x25,0x28,0x33,0xE2,0xFD,0xF6,0x01,0xF0,0x1F,0x1B,0x39,0x2D,
0x29,0x36,0x29,0x37,0x00,0x37,0x25,0x26,0x29,0x36,0xF0,0x08,0xFC,0x00,0x00,0x1D,
0xF0,0x17,0xFC,0x00,0x00,0x18,0x19,0xFD,0x1D,0x33,0x30,0x2D,0x27,0x2D,0x38,0x39,
0x28,0xFC,0x25,0x27,0x29,0x34,0x38,0x25,0x28,0x25,0xE2,0xFD,0xF6,0x02,0xF0,0x1F,
0x1B,0x39,0xF0,0x11,0x00,0x35,0x39,0x2D,0x29,0x36,0x29,0x37,0xF0,0x08,0xFC,0x00,
0x00,0x11,0x1F,0x0F,0x1C,0x1C,0x0B,0x1D,0x00,0x17,0x0B,0x20,0x0F,0x1C,0x13,0x0D,
0x15,0xFC,0x00,0x00,0x0D,0x13,0x0C,0x0F,0x1C,0xF0,0x01,0x0F,0x16,0x10,0x19,0xFD,
0x16,0x25,0x37,0x00,0x11,0x39,0x29,0x36,0x36,0x25,0x37,0xFC,0x17,0x25,0x3A,0x29,
0x36,0x2D,0x27,0x2F,0x00,0x27,0x33,0x31,0x29,0x32,0x3E,0x25,0x36,0x33,0x32,0xFC,
0x34,0x33,0x36,0x00,0x29,0x30,0x00,0x3A,0x2D,0x36,0x39,0x37,0x00,0x1D,0x2D,0x2B,
0x31,0x25,0xE4,0xFD,0x35,0x39,0x29,0x00,0x25,0x38,0x29,0x36,0x36,0x33,0x36,0x2D,
0x3E,0xF0,0x13,0xFC,0x25,0x30,0x00,0x31,0x39,0x32,0x28,0x33,0xE2,0xFD,0x0D,0x33,
0x32,0x00,0x29,0x30,0x00,0x38,0x2D,0x29,0x31,0x34,0x33,0xE4,0x00,0x30,0x25,0x37,
0xFC,0x11,0x39,0x29,0x36,0x36,0x25,0x37,0x00,0x17,0x25,0x3A,0x29,0x36,0x2D,0x27,
0x2F,0x00,0x37,0x29,0xFC,0x3A,0x33,0x30,0x3A,0x2D,0x29,0x36,0x33,0x32,0x00,0x39,
0x32,0x00,0x27,0x25,0x33,0x37,0xFD,0x28,0x33,0x32,0x28,0x29,0x00,0x38,0x33,0x28,
0x33,0x37,0xFC,0x27,0x33,0x31,0x29,0x32,0x3E,0x25,0x36,0x33,0x32,0x00,0x25,0x00,
0x25,0x26,0x39,0x37,0x25,0x36,0xFD,0x28,0x29,0x30,0x00,0x34,0x33,0x28,0x29,0x36,
0x00,0x28,0x29,0x00,0x30,0x33,0x37,0xFC,0x0D,0x2D,0x26,0x29,0x36,0xF0,0x01,0x29,
0x30,0x2A,0x33,0x37,0xE2,0xFD,0x11,0x36,0x25,0x27,0x2D,0x25,0x37,0x00,0x25,0x00,
0x22,0xE4,0x00,0x30,0x33,0x37,0xFC,0x0D,0x2D,0x26,0x29,0x36,0xF0,0x01,0x29,0x30,
0x2A,0x33,0x37,0x00,0x31,0x25,0x30,0x3A,0x25,0x28,0x33,0x37,0xFC,0x2A,0x39,0x29,
0x36,0x33,0x32,0x00,0x29,0x30,0x2D,0x31,0x2D,0x32,0x25,0x28,0x33,0x37,0xE2,0xFD,
0x18,0x33,0x00,0x37,0x29,0x00,0x34,0x39,0x29,0x28,0x29,0xFC,0x29,0x32,0x27,0x33,
0x32,0x38,0x36,0x25,0x36,0x00,0x31,0xF0,0x10,0x37,0xFC,0x2D,0x32,0x2A,0x33,0x36,
0x31,0x25,0x27,0x2D,0xF0,0x13,0x32,0xE2,0xFE,0xF4,0x01,0x1E,0x29,0x36,0x31,0x2D,
0x32,0x25,0x32,0x28,0x33,0xFC,0x34,0x36,0x33,0x2B,0x36,0x25,0x31,0x25,0xE2,0xE2,
0xE2,0xFE,0xF4,0x02,0x1F,0x32,0x00,0x0D,0x2D,0x26,0x29,0x36,0xF0,0x01,0x29,0x30,
0x2A,0x33,0x00,0x29,0x37,0x00,0x39,0x32,0xFC,0x34,0x36,0x33,0x2B,0x36,0x25,0x31,
0x25,0x00,0x27,0x36,0x29,0x25,0x28,0x33,0x00,0x34,0x25,0x36,0x25,0xFC,0x25,0x34,
0x33,0x3D,0x25,0x36,0x00,0x25,0x00,0x2C,0x39,0x31,0x25,0x32,0x33,0x37,0x00,0x3D,
0xFD,0x1C,0x29,0x34,0x30,0x33,0x2D,0x28,0x29,0x37,0xE2,0xFD,0x16,0x33,0x37,0x00,
0x0D,0x2D,0x26,0x29,0x36,0xF0,0x01,0x29,0x30,0x2A,0x33,0x37,0xFC,0x38,0x2D,0x29,
0x32,0x29,0x32,0x00,0x3A,0x33,0x30,0x39,0x32,0x38,0x25,0x28,0xFC,0x34,0x36,0x33,
0x34,0x2D,0x25,0x00,0x3D,0x00,0x34,0x39,0x29,0x28,0x29,0x32,0xFD,0x2C,0x25,0x26,
0x30,0x25,0x36,0xE2,0xFD,0x1D,0x2D,0x32,0x00,0x29,0x31,0x26,0x25,0x36,0x2B,0x33,
0xE4,0x00,0x39,0x32,0x25,0xFC,0x3A,0x29,0x3E,0x00,0x39,0x37,0x25,0x28,0x33,0x37,
0xE4,0x00,0x31,0x39,0x29,0x36,0x29,0x32,0xE2,0xFF,0xF3,0x02,0x0B,0x36,0x36,0x25,
0x32,0x35,0x39,0x29,0xFC,0x27,0x33,0x31,0x34,0x30,0x29,0x38,0x25,0x28,0x33,0xE2,
0xFD,0xF6,0x01,0xF0,0x1F,0x1B,0x39,0x2D,0x29,0x36,0x29,0x37,0x00,0x37,0x25,0x26,
0x29,0x36,0xF0,0x08,0xFC,0x00,0x00,0x1D,0xF0,0x17,0xFC,0x00,0x00,0x18,0x19,0xFD,
0x1D,0x33,0x30,0x2D,0x27,0x2D,0x38,0x39,0x28,0xFC,0x25,0x27,0x29,0x34,0x38,0x25,
0x28,0x25,0xE2,0xFD,0xF6,0x02,0xF0,0x1F,0x1B,0x39,0xF0,0x11,0x00,0x35,0x39,0x2D,
0x29,0x36,0x29,0x37,0xF0,0x08,0xFC,0x00,0x00,0x22,0xFC,0x00,0x00,0x0D,0x1F,0x0B,
0x1E,0x1C,0x19,0x00,0x11,0x1F,0x0B,0x1C,0x0E,0x13,0x0B,0x18,0x0F,0x1D,0xFD,0x22,
0x00,0x29,0x37,0xE2,0xE2,0xE2,0xFD,0x1F,0x32,0x00,0x1C,0x29,0x34,0x30,0x33,0x2D,
0x28,0x29,0x00,0x35,0x39,0x29,0x00,0x2A,0x39,0x29,0xFC,0x39,0x32,0x00,0x2A,0x25,
0x31,0x33,0x37,0x33,0x00,0x0D,0x25,0x3E,0x25,0x28,0x33,0x36,0xFC,0x28,0x29,0x00,
0x17,0x25,0x3A,0x29,0x36,0x2D,0x27,0x2F,0x37,0xE2,0xFD,0x1E,0x36,0x25,0x37,0x00,
0x34,0x33,0x32,0x29,0x36,0x00,0x2A,0x2D,0x32,0x00,0x25,0xFC,0x30,0x25,0x37,0x00,
0x11,0x39,0x29,0x36,0x36,0x25,0x37,0xFC,0x17,0x25,0x3A,0x29,0x36,0x2D,0x27,0x2F,
0xE4,0x00,0x27,0x36,0x29,0xF0,0x13,0x00,0x18,0x29,0x33,0xFD,0x0B,0x36,0x27,0x25,
0x28,0x2D,0x25,0x00,0x27,0x33,0x32,0x00,0x30,0x25,0xFC,0x29,0x37,0x34,0x29,0x36,
0x25,0x32,0x3E,0x25,0x00,0x28,0x29,0x00,0x30,0x33,0x2B,0x36,0x25,0x36,0xFC,0x39,
0x32,0x25,0x00,0x34,0x25,0x3E,0x00,0x28,0x39,0x36,0x25,0x28,0x29,0x36,0x25,0xE2,
0xFD,0x1D,0x2D,0x32,0x00,0x29,0x31,0x26,0x25,0x36,0x2B,0x33,0xE4,0xFC,0x28,0x29,
0x37,0x25,0x34,0x25,0x36,0x29,0x27,0x2D,0xF0,0x13,0x00,0x3D,0x00,0x37,0x39,0xFC,
0x34,0x25,0x36,0x25,0x28,0x29,0x36,0x33,0x00,0x25,0xF0,0x14,0x32,0xFD,0x37,0x29,
0x00,0x28,0x29,0x37,0x27,0x33,0x32,0x33,0x27,0x29,0xE2,0xE2,0xE2,0xFD,0x1D,0x2D,
0x00,0x29,0x30,0x00,0x0D,0x2D,0x26,0x29,0x36,0xF0,0x01,0x29,0x30,0x2A,0x33,0x00,
0x22,0xFC,0x29,0x37,0x00,0x36,0x29,0x25,0x30,0xE2,0xE2,0xE2,0xFD,0x0F,0x32,0x38,
0x33,0x32,0x27,0x29,0x37,0x00,0x29,0x30,0x00,0x27,0x39,0x29,0x36,0x34,0x33,0xFC,
0x28,0x29,0x30,0x00,0x22,0x00,0x33,0x36,0x2D,0x2B,0x2D,0x32,0x25,0x30,0xFC,0x38,
0x33,0x28,0x25,0x3A,0xF0,0x12,0x25,0x00,0x28,0x29,0x26,0x29,0x36,0xF0,0x12,0x25,
0xFD,0x29,0x3C,0x2D,0x37,0x38,0x2D,0x36,0x00,0x29,0x32,0x00,0x25,0x30,0x2B,0xF0,
0x14,0x32,0xFC,0x30,0x25,0x28,0x33,0xE2,0xFE,0xF4,0x01,0x1E,0x29,0x36,0x31,0x2D,
0x32,0x25,0x32,0x28,0x33,0xFC,0x34,0x36,0x33,0x2B,0x36,0x25,0x31,0x25,0xE2,0xE2,
0xE2,0xFE,0xF4,0x02,0x16,0x33,0x37,0x00,0x0D,0x39,0x25,0x38,0x36,0x33,0xFC,0x11,
0x39,0x25,0x36,0x28,0x2D,0x25,0x32,0x29,0x37,0x00,0x37,0x33,0x32,0xFC,0x12,0x25,
0x36,0x34,0x39,0x2D,0x25,0xE4,0x00,0x10,0x29,0x2A,0x32,0x2D,0x36,0xE4,0xFD,0x16,
0x29,0x3A,0x2D,0x25,0x38,0x2C,0x25,0x32,0x00,0x3D,0xFC,0x1A,0x2C,0x25,0x32,0x38,
0x33,0x31,0xE2,0xFD,0x10,0x39,0x29,0x36,0x33,0x32,0x00,0x28,0x2D,0x37,0x29,0xF0,
0x1C,0x25,0x28,0x33,0x37,0xFC,0x25,0x00,0x34,0x25,0x36,0x38,0x2D,0x36,0x00,0x28,
0x29,0x00,0x34,0x25,0x36,0x38,0x29,0x37,0xFC,0x28,0x29,0x30,0x00,0x22,0x00,0x33,
0x36,0x2D,0x2B,0x2D,0x32,0x25,0x30,0xE2,0xFD,0x1E,0x36,0x29,0x37,0x00,0x28,0x29,
0x00,0x30,0x33,0x37,0xFC,0x11,0x39,0x25,0x36,0x28,0x2D,0x25,0x32,0x29,0x37,0x00,
0x38,0x2D,0x29,0x32,0x29,0x32,0xFC,0x25,0x38,0x36,0x2D,0x26,0x39,0x38,0x33,0x37,
0x00,0x27,0x33,0x31,0x33,0xFD,0x1E,0x36,0x39,0x29,0x32,0x33,0xE4,0x00,0x10,0x39,
0x29,0x2B,0x33,0x00,0x33,0xFC,0x12,0x2D,0x29,0x30,0x33,0xE2,0xFD,0x1D,0x2D,0x32,
0x00,0x29,0x31,0x26,0x25,0x36,0x2B,0x33,0xE4,0xFC,0x1A,0x2C,0x25,0x32,0x38,0x33,
0x31,0x00,0x37,0x29,0x00,0x2C,0x2D,0x3E,0x33,0xFC,0x3A,0x33,0x30,0x25,0x36,0x00,
0x25,0x00,0x37,0xF0,0x12,0x00,0x31,0x2D,0x37,0x31,0x33,0xFD,0x29,0x32,0x00,0x39,
0x32,0x25,0x00,0x26,0x25,0x38,0x25,0x30,0x30,0x25,0x00,0x27,0x33,0x32,0xFC,0x24,
0x29,0x36,0x33,0x00,0x2C,0x25,0x27,0x29,0x00,0x39,0x32,0x00,0x25,0xF0,0x1C,0x33,
0xE2,0xFF,0xF3,0x02,0x0B,0x36,0x36,0x25,0x32,0x35,0x39,0x29,0xFC,0x27,0x33,0x31,
0x34,0x30,0x29,0x38,0x25,0x28,0x33,0xE2,0xFD,0xF6,0x01,0xF0,0x1F,0x1B,0x39,0x2D,
0x29,0x36,0x29,0x37,0x00,0x37,0x25,0x26,0x29,0x36,0xF0,0x08,0xFC,0x00,0x00,0x1D,
0xF0,0x17,0xFC,0x00,0x00,0x18,0x19,0xFD,0x1D,0x33,0x30,0x2D,0x27,0x2D,0x38,0x39,
0x28,0xFC,0x25,0x27,0x29,0x34,0x38,0x25,0x28,0x25,0xE2,0xFD,0xF6,0x02,0xF0,0x1F,
0x1B,0x39,0xF0,0x11,0x00,0x35,0x39,0x2D,0x29,0x36,0x29,0x37,0xF0,0x08,0xFC,0x00,
0x00,0x0E,0x0B,0x1C,0x15,0x00,0x0F,0x16,0x10,0xFC,0x00,0x00,0x0F,0x16,0x1A,0x13,
0x24,0x19,0xFD,0x0F,0x30,0x00,0x0E,0x25,0x36,0x2F,0x00,0x0F,0x30,0x2A,0x00,0x29,
0x37,0x00,0x39,0x32,0xFC,0x38,0x2D,0x34,0x33,0x00,0x29,0x37,0x34,0x29,0x27,0x2D,
0x25,0x30,0x00,0x28,0x29,0xFC,0x0D,0x2D,0x26,0x29,0x36,0xF0,0x01,0x29,0x30,0x2A,
0x33,0x00,0x27,0x36,0x29,0x25,0x28,0x33,0xFD,0x34,0x25,0x36,0x25,0x00,0x34,0x33,
0x32,0x29,0x36,0x00,0x2A,0x2D,0x32,0x00,0x25,0xFC,0x30,0x25,0x37,0x00,0x11,0x39,
0x29,0x36,0x36,0x25,0x37,0xFC,0x17,0x25,0x3A,0x29,0x36,0x2D,0x27,0x2F,0xE2,0xE2,
0xE2,0xFD,0x22,0x00,0x30,0x25,0x00,0x39,0x38,0x2D,0x30,0x2D,0x3E,0xF0,0x13,0x00,
0x3D,0x00,0x30,0x25,0x37,0xFC,0x2B,0x39,0x29,0x36,0x36,0x25,0x37,0x00,0x38,0x29,
0x36,0x31,0x2D,0x32,0x25,0x36,0x33,0x32,0xFC,0x36,0xF0,0x10,0x34,0x2D,0x28,0x25,
0x31,0x29,0x32,0x38,0x29,0xE2,0xE2,0xE2,0xFD,0x16,0x39,0x29,0x2B,0x33,0x00,0x28,
0x29,0x00,0x29,0x37,0x33,0xE4,0x00,0x2A,0x39,0x29,0xFC,0x36,0x33,0x26,0x25,0x28,
0x25,0x00,0x34,0x33,0x36,0xFC,0x25,0x30,0x2B,0x39,0x2D,0x29,0x32,0xE4,0x00,0x3D,
0x00,0x29,0x30,0x00,0x0E,0x25,0x36,0x2F,0xFD,0x0F,0x30,0x2A,0x00,0x34,0x36,0x33,
0x3A,0x33,0x27,0xF0,0x13,0x00,0x30,0x25,0x37,0xFC,0x11,0x39,0x29,0x36,0x36,0x25,
0x37,0x00,0xF0,0x16,0x30,0x2A,0x2D,0x27,0x25,0x37,0xE2,0xFD,0x0E,0x25,0x36,0x2F,
0x00,0x0F,0x30,0x2A,0xE2,0xE2,0xE2,0xFD,0x1A,0x33,0x28,0x29,0x36,0x00,0x28,0x29,
0x37,0x27,0x33,0x32,0x33,0x27,0x2D,0x28,0x33,0xE2,0xE2,0xE2,0xFD,0x0E,0x29,0x37,
0x27,0x33,0x32,0x33,0x27,0x2D,0x28,0x33,0xE2,0xE2,0xE2,0xFC,0x0E,0x29,0x37,0x27,
0x33,0x32,0x33,0x27,0x2D,0x28,0x33,0xE2,0xE2,0xE2,0xFC,0x0E,0x29,0x37,0x27,0x33,
0x32,0x33,0x27,0x2D,0x28,0x33,0xE2,0xE2,0xE2,0xFD,0x0F,0x1C,0x1C,0x19,0x1C,0xE3,
0x00,0x13,0x32,0x2D,0x27,0x2D,0x25,0x32,0x28,0x33,0xFC,0x38,0x29,0x36,0x31,0x2D,
0x32,0x25,0x27,0x2D,0xF0,0x13,0x32,0xE2,0xE2,0xE2,0xFE,0xF4,0x01,0x1E,0x29,0x36,
0x31,0x2D,0x32,0x25,0x32,0x28,0x33,0xFC,0x34,0x36,0x33,0x2B,0x36,0x25,0x31,0x25,
0xE2,0xE2,0xE2,0xFE,0xF4,0x02,0x0F,0x30,0x34,0x2D,0x3E,0x33,0x00,0x38,0x36,0x25,
0x26,0x25,0x2E,0xF0,0x13,0x00,0x29,0x32,0xFC,0x18,0x29,0x33,0x00,0x0B,0x36,0x27,
0x25,0x28,0x2D,0x25,0x00,0x29,0x32,0xFC,0x25,0x30,0x2B,0xF0,0x14,0x32,0x00,0x31,
0x33,0x31,0x29,0x32,0x38,0x33,0xE2,0xFD,0x16,0x39,0x29,0x2B,0x33,0x00,0x37,0x29,
0x00,0x36,0x29,0x26,0x29,0x30,0xF0,0x13,0xFC,0x27,0x33,0x32,0x38,0x36,0x25,0x00,
0x18,0x29,0x33,0xFC,0x0B,0x36,0x27,0x25,0x28,0x2D,0x25,0x00,0x3D,0x00,0x27,0x36,
0x29,0xF0,0x13,0xFD,0x30,0x25,0x00,0x0C,0x25,0x37,0x29,0x00,0x28,0x29,0x00,0x30,
0x25,0xFC,0x1C,0x29,0x37,0x2D,0x37,0x38,0x29,0x32,0x27,0x2D,0x25,0xE2,0xFD,0x0B,
0x27,0x38,0x39,0x25,0x30,0x31,0x29,0x32,0x38,0x29,0xE4,0x00,0x2C,0x25,0xFC,0x25,
0x26,0x25,0x32,0x28,0x33,0x32,0x25,0x28,0x33,0x00,0x30,0x25,0xFC,0x0C,0x25,0x37,
0x29,0x00,0x28,0x29,0x00,0x30,0x25,0xFD,0x1C,0x29,0x37,0x2D,0x37,0x38,0x29,0x32,
0x27,0x2D,0x25,0x00,0x34,0x33,0x36,0x35,0x39,0x29,0xFC,0x37,0x29,0x00,0x28,0x29,
0x2E,0xF0,0x13,0x00,0x37,0x29,0x28,0x39,0x27,0x2D,0x36,0xFC,0x34,0x33,0x36,0x00,
0x29,0x30,0x00,0x34,0x33,0x28,0x29,0x36,0x00,0x28,0x29,0x30,0xFD,0x0E,0x25,0x36,
0x2F,0x00,0x0F,0x30,0x2A,0xE2,0xE2,0xE2,0xFD,0x1D,0x39,0x00,0x34,0x25,0x36,0x25,
0x28,0x29,0x36,0x33,0x00,0x29,0x37,0xFC,0x28,0x29,0x37,0x27,0x33,0x32,0x33,0x27,
0x2D,0x28,0x33,0xE2,0xE2,0xE2,0xFF,0xF3,0x46,0xF0,0x1E,0xF0,0x1E,0xF0,0x1F,0x1B,
0x39,0xF0,0x11,0xF0,0x08,0xE5,0xE5,0xFC,0xF0,0x1F,0x12,0x29,0x00,0x25,0x38,0x25,
0x27,0x25,0x28,0x33,0xFC,0x25,0x30,0x00,0x1D,0x36,0xE2,0x00,0x24,0x29,0x36,0x33,
0xF0,0x08,0xFD,0xF0,0x1F,0xF0,0x1E,0x0E,0x29,0x26,0x29,0x00,0x37,0x29,0x36,0x00,
0x25,0x30,0x2B,0xF0,0x14,0x32,0xFC,0x29,0x36,0x36,0x33,0x36,0xE5,0xF0,0x08,0xFF,
0xF3,0x46,0x17,0x25,0x32,0x38,0x29,0x32,0x38,0x29,0x00,0x25,0x30,0x29,0x36,0x38,
0x25,0xE4,0xFC,0x1D,0x36,0xE2,0x00,0x24,0x29,0x36,0x33,0xE2,0xFD,0x18,0x29,0x33,
0x00,0x0B,0x36,0x27,0x25,0x28,0x2D,0x25,0x00,0x29,0x37,0x38,0xF0,0x10,0xFC,0x30,
0x30,0x29,0x32,0x25,0x00,0x28,0x29,0x00,0x34,0x29,0x30,0x2D,0x2B,0x36,0x33,0x37,
0xE2,0xFF,0xF3,0x46,0x1D,0x36,0xE2,0x00,0x24,0x29,0x36,0x33,0xE2,0xFC,0xF0,0x1F,
0x17,0x29,0x00,0x37,0x25,0x30,0x3A,0x25,0x37,0x38,0x29,0xF0,0x08,0xFD,0x17,0x39,
0x27,0x2C,0x25,0x37,0x00,0x2B,0x36,0x25,0x27,0x2D,0x25,0x37,0xE2,0xFF,0xF3,0x46,
0x1D,0x36,0xE2,0x00,0x24,0x29,0x36,0x33,0xE2,0x00,0x1A,0x33,0x36,0x00,0x2A,0x25,
0x3A,0x33,0x36,0xE4,0xFC,0x38,0x36,0x25,0x29,0x00,0x28,0x29,0x00,0x3A,0x39,0x29,
0x30,0x38,0x25,0x00,0x25,0xFC,0x32,0x39,0x29,0x37,0x38,0x36,0x33,0x00,0x0D,0x33,
0x31,0x25,0x32,0x28,0x25,0x32,0x38,0x29,0xFD,0x0F,0x30,0x34,0x2D,0x3E,0x33,0xE2,
0xFF,0xF3,0x46,0x1A,0x25,0x36,0x25,0x00,0x39,0x32,0x25,0x00,0x32,0x39,0x29,0x3A,
0x25,0xFC,0x0C,0x25,0x37,0x29,0x00,0x28,0x29,0x00,0x30,0x25,0xFC,0x1C,0x29,0x37,
0x2D,0x37,0x38,0x29,0x32,0x27,0x2D,0x25,0xE4,0x00,0xF0,0x1F,0x32,0x33,0xFD,0x27,
0x36,0x29,0x29,0x37,0x00,0x35,0x39,0x29,0x00,0x29,0x37,0x38,0x25,0xFC,0x2C,0x25,
0x26,0x2D,0x38,0x25,0x27,0x2D,0xF0,0x13,0x32,0x00,0x29,0x37,0xFC,0x28,0x29,0x31,
0x25,0x37,0x2D,0x25,0x28,0x33,0x00,0x34,0x29,0x35,0x39,0x29,0xF0,0x1C,0x25,0xF0,
0x08,0xFF,0xF3,0x46,0x1D,0x36,0xE2,0x00,0x24,0x29,0x36,0x33,0xE2,0xE2,0xE2,0xFC,
0xF0,0x1F,0x0D,0x36,0x29,0x29,0x37,0x00,0x35,0x39,0x29,0x00,0x25,0x30,0x2B,0xF0,
0x14,0x32,0x00,0x28,0xF0,0x12,0x25,0xFC,0x30,0x30,0x29,0x2B,0x25,0x36,0xF0,0x10,
0x00,0x39,0x32,0x25,0x00,0x29,0x36,0x25,0x00,0x28,0x29,0xFD,0x3A,0x29,0x36,0x28,
0x25,0x28,0x29,0x36,0x25,0x00,0x34,0x25,0x3E,0xF0,0x08,0xFF,0xF3,0x46,0xF0,0x1F,
0x0F,0x37,0x00,0x27,0x2D,0x29,0x36,0x38,0x33,0x00,0x35,0x39,0x29,0x00,0x31,0x29,
0xFC,0x30,0x25,0x3A,0x25,0x36,0x33,0x32,0x00,0x29,0x30,0x00,0x27,0x29,0x36,0x29,
0x26,0x36,0x33,0xF0,0x08,0xFC,0x18,0x33,0x00,0x36,0x29,0x27,0x39,0x29,0x36,0x28,
0x33,0x00,0x32,0x25,0x28,0x25,0xFD,0x29,0x32,0x00,0x25,0x26,0x37,0x33,0x30,0x39,
0x38,0x33,0xE2,0xFF,0xF3,0x46,0x1D,0x36,0xE2,0x00,0x24,0x29,0x36,0x33,0xE4,0x00,
0x32,0x33,0x37,0xFC,0x2B,0x39,0x37,0x38,0x25,0x36,0xF0,0x12,0x25,0x00,0x2D,0x36,
0x00,0x27,0x33,0x32,0x38,0x2D,0x2B,0x33,0xFC,0x25,0x00,0x18,0x29,0x33,0x00,0x0B,
0x36,0x27,0x25,0x28,0x2D,0x25,0xE2,0xFD,0x1A,0x29,0x36,0x33,0x00,0x34,0x25,0x36,
0x29,0x27,0x29,0xFC,0x2D,0x31,0x34,0x33,0x37,0x2D,0x26,0x30,0x29,0xFC,0x38,0x36,
0x25,0x32,0x37,0x2A,0x29,0x36,0x2D,0x36,0x32,0x33,0x37,0xFD,0x25,0x00,0x38,0x33,
0x28,0x33,0x37,0xFC,0x37,0x2D,0x31,0x39,0x30,0x38,0xF0,0x10,0x32,0x29,0x25,0x31,
0x29,0x32,0x38,0x29,0xE2,0xFF,0xF3,0x46,0x1D,0x36,0xE2,0x00,0x24,0x29,0x36,0x33,
0xE4,0x00,0x29,0x36,0x29,0x37,0xFC,0x39,0x32,0x00,0x37,0x25,0x30,0x3A,0x25,0x3A,
0x2D,0x28,0x25,0x37,0xE2,0xFF,0xF3,0x46,0x0F,0x37,0x38,0x25,0x00,0x32,0x39,0x29,
0x3A,0x25,0x00,0x0C,0x25,0x37,0x29,0x00,0x28,0x29,0xFC,0x30,0x25,0x00,0x1C,0x29,
0x37,0x2D,0x37,0x38,0x29,0x32,0x27,0x2D,0x25,0xFC,0x2C,0x25,0x26,0x36,0xF0,0x12,
0x25,0x00,0x37,0x2D,0x28,0x33,0xFD,0x2A,0xF0,0x10,0x27,0x2D,0x30,0x31,0x29,0x32,
0x38,0x29,0x00,0x28,0x29,0x37,0x38,0x36,0x39,0x2D,0x28,0x25,0xFC,0x37,0x2D,0x00,
0x32,0x33,0x00,0x29,0x37,0x38,0x39,0x3A,0x2D,0x29,0x36,0x25,0x37,0x00,0x25,0x35,
0x39,0xF0,0x12,0xFC,0x34,0x25,0x36,0x25,0x00,0x34,0x36,0x33,0x38,0x29,0x2B,0x29,
0x36,0x32,0x33,0x37,0xE2,0xFF,0xF3,0x46,0x0B,0x39,0x32,0x35,0x39,0x29,0x00,0x31,
0x29,0x00,0x2C,0x25,0x3D,0x25,0x32,0xFC,0x30,0x25,0x3A,0x25,0x28,0x33,0x00,0x29,
0x30,0x00,0x27,0x29,0x36,0x29,0x26,0x36,0x33,0xE4,0xFC,0x32,0x33,0x00,0x34,0x39,
0x29,0x28,0x33,0x00,0x27,0x36,0x29,0x29,0x36,0x00,0x35,0x39,0x29,0xFD,0x25,0x34,
0x39,0x32,0x38,0x25,0x36,0x25,0x00,0x39,0x32,0x00,0x25,0x36,0x31,0x25,0xFC,0x25,
0x00,0x38,0x2D,0xE4,0x00,0x1D,0x36,0xE2,0x00,0x24,0x29,0x36,0x33,0xE2,0xE2,0xE2,
0xFD,0x17,0x2D,0x37,0x00,0x28,0x2D,0x37,0x27,0x39,0x30,0x34,0x25,0x37,0x00,0x34,
0x33,0x36,0xFC,0x25,0x27,0x38,0x39,0x25,0x36,0x00,0x25,0x37,0xF0,0x12,0xE2,0xFF,
0xF3,0x46,0x1D,0x36,0xE2,0x00,0x24,0x29,0x36,0x33,0xE2,0xFD,0x0F,0x30,0x00,0x1E,
0x29,0x31,0x34,0x30,0x33,0x00,0x28,0x29,0x00,0x18,0x29,0x33,0xFC,0x0B,0x36,0x27,
0x25,0x28,0x2D,0x25,0x00,0x29,0x37,0x38,0xF0,0x10,0x00,0x30,0x30,0x29,0x32,0x33,
0xFC,0x28,0x29,0x00,0x38,0x36,0x25,0x31,0x34,0x25,0x37,0xE2,0xFD,0xF0,0x1E,0x17,
0x25,0x32,0x38,0x29,0x32,0x38,0x29,0x00,0x29,0x32,0xFC,0x2B,0x39,0x25,0x36,0x28,
0x2D,0x25,0xE5,0xFF,0xF3,0x46,0x1D,0x2D,0x00,0x32,0x33,0x00,0x31,0x29,0x00,0x2C,
0x39,0x26,0x2D,0x29,0x36,0x25,0x37,0xFC,0x36,0x29,0x37,0x27,0x25,0x38,0x25,0x28,
0x33,0xE4,0x00,0x34,0x33,0x28,0x36,0xF0,0x12,0x25,0xFC,0x2C,0x25,0x26,0x29,0x36,
0x00,0x31,0x25,0x38,0x25,0x28,0x33,0x00,0x25,0x00,0x31,0x2D,0xFD,0x27,0x25,0x31,
0x25,0x36,0x25,0x28,0x25,0xE2,0x00,0x17,0x29,0x00,0x37,0x2D,0x29,0x32,0x38,0x33,
0xFC,0x38,0x25,0x32,0x00,0x2D,0x32,0x28,0x2D,0x2B,0x32,0x25,0x28,0x33,0x00,0x28,
0x29,0xFC,0x37,0x33,0x30,0x33,0x00,0x34,0x29,0x32,0x37,0x25,0x36,0x30,0x33,0xE2,
0xE2,0xE2,0xFF,0xF3,0x46,0x0D,0x39,0x2D,0x28,0x25,0x28,0x33,0x00,0x27,0x33,0x32,
0x00,0x35,0x39,0x29,0x00,0x38,0x29,0xFC,0x30,0x25,0x3A,0x29,0x32,0x00,0x29,0x30,
0x00,0x27,0x29,0x36,0x29,0x26,0x36,0x33,0xE4,0xFC,0x1D,0x36,0xE2,0x00,0x24,0x29,
0x36,0x33,0xE2,0xFF,0xF3,0x46,0x0D,0x25,0x37,0x2D,0x00,0x36,0x29,0x32,0x39,0x32,
0x27,0x2D,0xF0,0x11,0x00,0x25,0xFC,0x36,0x29,0x2B,0x36,0x29,0x37,0x25,0x36,0x00,
0x25,0x00,0x30,0x25,0x00,0x26,0x25,0x37,0x29,0xE2,0xE2,0xE2,0xFC,0x0B,0xF0,0x14,
0x32,0x00,0x32,0x33,0x00,0x34,0x39,0x29,0x28,0x33,0xFD,0x27,0x36,0x29,0x29,0x36,
0x00,0x35,0x39,0x29,0xFC,0x37,0x33,0x26,0x36,0x29,0x3A,0x2D,0x3A,0xF0,0x12,0xE2,
0xFF,0xF3,0x46,0x1D,0x36,0xE2,0x00,0x24,0x29,0x36,0x33,0xE2,0xE2,0xE2,0xFC,0x11,
0x36,0x25,0x27,0x2D,0x25,0x37,0x00,0x34,0x33,0x36,0x00,0x38,0x33,0x28,0x33,0xFC,
0x38,0x39,0x00,0x29,0x37,0x2A,0x39,0x29,0x36,0x3E,0x33,0x00,0x3D,0xFD,0x34,0x33,
0x36,0x00,0x25,0x36,0x36,0x2D,0x29,0x37,0x2B,0x25,0x36,0x38,0x29,0xE2,0xFF,0xF3,
0x46,0xF0,0x1F,0x17,0x29,0x00,0x30,0x25,0x3A,0x25,0x36,0x33,0x32,0x00,0x29,0x30,
0xFC,0x27,0x29,0x36,0x29,0x26,0x36,0x33,0xF0,0x08,0xFC,0x18,0x33,0x00,0x38,0x29,
0x32,0xF0,0x12,0x25,0x00,0x32,0x2D,0x00,0x2D,0x28,0x29,0x25,0xE2,0xE2,0xE2,0xFF,
0xF3,0x46,0x0B,0x00,0x3A,0x29,0x27,0x29,0x37,0x00,0x38,0x29,0x32,0x2B,0x33,0xFC,
0x34,0x36,0x33,0x26,0x30,0x29,0x31,0x25,0x37,0x00,0x27,0x33,0x32,0xFC,0x31,0x2D,
0x00,0x31,0x29,0x31,0x33,0x36,0x2D,0x25,0xE2,0xFD,0xF0,0x1F,0x1D,0x29,0x36,0xF0,
0x10,0x00,0x29,0x37,0x38,0x29,0x00,0x39,0x32,0xFC,0x29,0x2A,0x29,0x27,0x38,0x33,
0x00,0x28,0x29,0x30,0x00,0x30,0x25,0x3A,0x25,0x28,0x33,0xFC,0x28,0x29,0x00,0x27,
0x29,0x36,0x29,0x26,0x36,0x33,0xF0,0x08,0xFF,0xF3,0x46,0x1C,0x29,0x27,0x39,0x29,
0x36,0x28,0x33,0x00,0x2C,0x25,0x37,0x38,0x25,0x00,0x35,0x39,0x29,0xFC,0x31,0x29,
0x00,0x28,0x2D,0x36,0x2D,0x2B,0xF0,0x12,0x00,0x2C,0x25,0x27,0x2D,0x25,0x00,0x30,
0x25,0xFC,0x32,0x25,0x3A,0x29,0x00,0x29,0x37,0x38,0x36,0x29,0x30,0x30,0x25,0x28,
0x25,0xE2,0xE2,0xE2,0xFD,0x18,0x29,0x33,0x00,0x0B,0x36,0x27,0x25,0x28,0x2D,0x25,
0x00,0x28,0x25,0xFC,0x31,0x39,0x27,0x2C,0x33,0x00,0x31,0x2D,0x29,0x28,0x33,0xE2,
0xE2,0xE2,0xFF,0xF3,0x46,0x1D,0x36,0xE2,0x00,0x24,0x29,0x36,0x33,0xE2,0x00,0x0E,
0xF0,0x11,0x2E,0x25,0x32,0x33,0x37,0xFC,0x25,0x00,0x27,0x25,0x36,0x2B,0x33,0x00,
0x28,0x29,0x00,0x30,0x25,0x00,0x26,0x25,0x37,0x29,0xFC,0x28,0x29,0x00,0x30,0x25,
0x00,0x1C,0x29,0x37,0x2D,0x37,0x38,0x29,0x32,0x27,0x2D,0x25,0xE2,0xFF,0xF3,0x40,
0x1D,0x36,0xE2,0x00,0x24,0x29,0x36,0x33,0xE4,0x00,0x28,0xF0,0x11,0x2E,0x25,0x31,
0x29,0xFC,0x29,0x37,0x38,0x25,0x00,0xF0,0x10,0x36,0x29,0x25,0x00,0x25,0x00,0x31,
0xF0,0x12,0xE2,0xFD,0x17,0x29,0x00,0x33,0x27,0x39,0x34,0x25,0x36,0xF0,0x11,0x00,
0x28,0x29,0xFC,0x27,0x39,0x25,0x30,0x35,0x39,0x2D,0x29,0x36,0x00,0x29,0x32,0x29,
0x31,0x2D,0x2B,0x33,0xFC,0x34,0x33,0x36,0x00,0x31,0x2D,0x00,0x31,0x2D,0x37,0x31,
0x33,0xE2,0xFF,0xF3,0x40,0x0B,0x27,0x25,0x26,0x33,0x00,0x28,0x29,0x00,0x28,0x29,
0x36,0x36,0x2D,0x26,0x25,0x36,0xFC,0x39,0x32,0x00,0x17,0x29,0x27,0x25,0x32,0x2D,
0x30,0x33,0x2D,0x28,0x29,0xFC,0x29,0x32,0x29,0x31,0x2D,0x2B,0x33,0x00,0x34,0x29,
0x35,0x39,0x29,0xF0,0x1C,0x33,0xE2,0xFF,0xF3,0x40,0x1A,0x25,0x36,0x25,0x00,0x37,
0x29,0x36,0x00,0x37,0x2D,0x32,0x27,0x29,0x36,0x33,0xE2,0xE2,0xE2,0xFC,0x17,0x2D,
0x00,0x31,0x25,0x32,0x33,0x00,0x38,0x29,0x31,0x26,0x30,0x25,0x26,0x25,0xFC,0x37,
0x33,0x26,0x36,0x29,0x00,0x29,0x30,0x00,0x2B,0x25,0x38,0x2D,0x30,0x30,0x33,0xFD,
0x27,0x39,0x25,0x32,0x28,0x33,0x00,0x3A,0x2D,0x00,0x29,0x30,0x00,0x25,0x3A,0x2D,
0xF0,0x13,0x32,0xFC,0x28,0x29,0x00,0x26,0x33,0x31,0x26,0x25,0x36,0x28,0x29,0x33,
0xE2,0xFD,0x0B,0x39,0x32,0x35,0x39,0x29,0x00,0x37,0x33,0x3D,0x00,0x39,0x32,0xFC,
0x37,0x33,0x30,0x28,0x25,0x28,0x33,0x00,0x28,0x29,0x00,0x30,0x25,0xFC,0x36,0x29,
0x37,0x2D,0x37,0x38,0x29,0x32,0x27,0x2D,0x25,0xE2,0xE2,0xE2,0xFD,0x17,0x29,0x00,
0x28,0x25,0x00,0x3A,0x29,0x36,0x2B,0xF0,0x1A,0x29,0x32,0x3E,0x25,0xFC,0x25,0x28,
0x31,0x2D,0x38,0x2D,0x36,0x30,0x33,0xE2,0xE2,0xE2,0xFF,0xF3,0x40,0x0F,0x37,0x38,
0x33,0x3D,0x00,0x33,0x36,0x2B,0x39,0x30,0x30,0x33,0x37,0x33,0xFC,0x28,0x29,0x00,
0x34,0x33,0x28,0x29,0x36,0x00,0x30,0x39,0x27,0x2C,0x25,0x36,0xFC,0x2E,0x39,0x32,
0x38,0x33,0x00,0x25,0x30,0x00,0x1D,0x36,0xE2,0x00,0x24,0x29,0x36,0x33,0xE2,0xFD,
0x11,0x36,0x25,0x27,0x2D,0x25,0x37,0x00,0x34,0x33,0x36,0x00,0x38,0x39,0xFC,0x27,
0x33,0x33,0x34,0x29,0x36,0x25,0x27,0x2D,0xF0,0x13,0x32,0xE4,0xFC,0x1D,0x36,0xE2,
0x00,0x24,0x29,0x36,0x33,0xE2,0xFF,0xF3,0x3E,0xF0,0x1E,0x19,0x2C,0xE4,0x00,0x1D,
0x36,0xE2,0x00,0x24,0x29,0x36,0x33,0xE5,0xFD,0x0F,0x32,0x27,0x33,0x32,0x38,0x36,
0xF0,0x11,0x00,0x39,0x32,0xFC,0x0D,0x2D,0x26,0x29,0x36,0xF0,0x01,0x29,0x30,0x2A,
0x33,0x00,0x34,0x29,0x36,0x28,0x2D,0x28,0x33,0xFC,0x2C,0x25,0x27,0x29,0x00,0x39,
0x32,0x00,0x31,0x33,0x31,0x29,0x32,0x38,0x33,0xE2,0xFD,0xF0,0x1F,0x1A,0x39,0x29,
0x28,0x29,0x37,0xFC,0x30,0x30,0x29,0x3A,0x25,0x36,0x30,0x33,0xF0,0x08,0xFD,0x0D,
0x36,0x29,0x33,0x00,0x35,0x39,0x29,0x00,0x29,0x37,0x38,0x29,0xFC,0x0D,0x2D,0x26,
0x29,0x36,0xF0,0x01,0x29,0x30,0x2A,0x33,0x00,0x37,0x29,0x36,0xF0,0x12,0x25,0xFC,
0x31,0xF0,0x10,0x37,0x00,0x2A,0x29,0x30,0x2D,0x3E,0x00,0x27,0x33,0x32,0xFD,0x30,
0x33,0x37,0x00,0x33,0x38,0x36,0x33,0x37,0xFC,0x0D,0x2D,0x26,0x29,0x36,0xF0,0x01,
0x29,0x30,0x2A,0x33,0x37,0xE2,0xFF,0xF3,0x3E,0x0F,0x37,0x27,0x39,0x27,0x2C,0xF0,
0x11,0x00,0x35,0x39,0x29,0x00,0x30,0x25,0xFC,0x1D,0x36,0x38,0x25,0xE2,0x00,0x0D,
0x2D,0x29,0x30,0x00,0x29,0x37,0x38,0xF0,0x10,0xFC,0x27,0x33,0x31,0x25,0x32,0x28,
0x25,0x32,0x28,0x33,0xFD,0x33,0x34,0x29,0x36,0x25,0x27,0x2D,0x33,0x32,0x29,0x37,
0xE2,0xFC,0xF0,0x1F,0x0F,0x30,0x30,0x25,0x00,0x29,0x37,0x38,0xF0,0x10,0x00,0x26,
0x2D,0x29,0x32,0xF0,0x08,0xFD,0x18,0x33,0x00,0x31,0x29,0xFC,0x31,0x25,0x30,0x2D,
0x32,0x38,0x29,0x36,0x34,0x36,0x29,0x38,0x29,0x37,0xE2,0xE2,0xE2,0xFC,0x32,0x33,
0x00,0x35,0x39,0x2D,0x29,0x36,0x33,0x00,0x28,0x29,0x27,0x2D,0x36,0x00,0x35,0x39,
0x29,0xFD,0x32,0x33,0x00,0x27,0x33,0x32,0x2A,0xF0,0x12,0x29,0x00,0x29,0x32,0x00,
0x30,0x25,0xFC,0x1D,0x36,0x38,0x25,0xE2,0x00,0x0D,0x2D,0x29,0x30,0xE2,0xFF,0xF3,
0x3E,0x17,0x2D,0x29,0x32,0x38,0x36,0x25,0x37,0x00,0x29,0x30,0x00,0x1D,0x36,0xE2,
0x00,0x24,0x29,0x36,0x33,0xFC,0x29,0x37,0x38,0xF0,0x11,0x00,0x27,0x33,0x32,0x00,
0x32,0x33,0x37,0x33,0x38,0x36,0x33,0x37,0xE4,0xFC,0x32,0x33,0x00,0x38,0x29,0x32,
0x28,0x36,0x29,0x31,0x33,0x37,0x00,0x31,0x2D,0x29,0x28,0x33,0xFD,0x28,0x29,0x00,
0x18,0x29,0x33,0x00,0x0B,0x36,0x27,0x25,0x28,0x2D,0x25,0xE2,0xFF,0xF3,0x2C,0xF0,
0x1E,0x19,0x3D,0x29,0xE4,0x00,0x24,0x29,0x36,0x33,0xE5,0xFD,0xF0,0x1E,0x1E,0x2D,
0x29,0x32,0x29,0x37,0x00,0x30,0x25,0xFC,0x10,0x33,0x36,0x31,0x25,0x00,0x1F,0x30,
0x38,0x2D,0x31,0x25,0x38,0x29,0xE5,0xFC,0xF0,0x1E,0x13,0x32,0x27,0x36,0x29,0xF0,
0x12,0x26,0x30,0x29,0xE5,0xFD,0x1A,0x33,0x36,0x00,0x27,0x2D,0x29,0x36,0x38,0x33,
0xE4,0xFC,0xF0,0x1F,0x37,0x25,0x26,0x29,0x37,0x00,0x35,0x39,0xF0,0x11,0xF0,0x08,
0xFD,0x17,0x29,0x00,0x38,0x29,0x31,0x33,0x00,0x35,0x39,0x29,0x00,0x2D,0x32,0x27,
0x30,0x39,0x37,0x33,0xFC,0x39,0x37,0x25,0x32,0x28,0x33,0x00,0x38,0x33,0x28,0x33,
0x37,0xFC,0x30,0x33,0x37,0x00,0x0D,0x2D,0x26,0x29,0x36,0xF0,0x01,0x29,0x30,0x2A,
0x33,0x37,0xE4,0xFD,0x32,0x33,0x00,0x34,0x33,0x28,0x36,0xF0,0x10,0x37,0x00,0x33,
0x26,0x38,0x29,0x32,0x29,0x36,0xFC,0x29,0x30,0x00,0x0F,0x30,0x2A,0x33,0x00,0x1C,
0x25,0x36,0x33,0xE2,0xFF,0xF3,0x24,0x19,0x2C,0xE4,0x00,0x24,0x29,0x36,0x33,0xE2,
0xE2,0xE2,0xFD,0x0F,0x37,0x27,0xF0,0x14,0x27,0x2C,0x25,0x31,0x29,0x00,0x27,0x39,
0x25,0x32,0x28,0x33,0xFC,0x38,0x29,0x32,0x2B,0x25,0x37,0x00,0x38,0x2D,0x29,0x31,
0x34,0x33,0xE2,0xFF,0xF3,0x3E,0x0C,0x39,0x29,0x32,0x33,0xE4,0x00,0x29,0x30,0x00,
0x34,0x25,0x2D,0x37,0x25,0x2E,0x29,0xFC,0x28,0x29,0x37,0x28,0x29,0x00,0x25,0x35,
0x39,0xF0,0x12,0x00,0x29,0x37,0xFC,0x29,0x37,0x34,0x29,0x27,0x38,0x25,0x27,0x39,
0x30,0x25,0x36,0xE2,0xE2,0xE2,0xFD,0x18,0x33,0x00,0x34,0x39,0x29,0x28,0x33,0x00,
0x29,0x3A,0x2D,0x38,0x25,0x36,0xFC,0x33,0x30,0x3A,0x2D,0x28,0x25,0x36,0x00,0x35,
0x39,0x29,0x00,0x29,0x37,0x38,0x25,0x31,0x33,0x37,0xFC,0x25,0x35,0x39,0xF0,0x12,
0x00,0x29,0x32,0x00,0x39,0x32,0x25,0x00,0x31,0x2D,0x37,0x2D,0xF0,0x13,0x32,0xE2,
0xFF,
};
alignas(16) inline constexpr uint16_t mmz2_msg03_script_offsets[] = {
0x0000,0x000B,0x0050,0x008F,0x0123,0x019C,0x01A8,0x01DE,
0x0280,0x02FA,0x035C,0x0370,0x03C4,0x0425,0x04BD,0x04DA,
0x0515,0x0524,0x0580,0x0597,0x05A4,0x05B6,0x05CC,0x05D9,
0x05FE,0x0683,0x0691,0x06A4,0x0778,0x08AA,0x0922,0x0922,
0x0922,0x0922,0x0922,0x0922,0x0922,0x0922,0x0922,0x0922,
0x0922,
};
constexpr int mmz2_msg03_num_entries = 41;
alignas(16) inline constexpr uint8_t mmz2_msg03_script_data[] = {
0xF3,0x08,0x20,0x25,0x31,0x33,0x37,0xE2,0xE2,0xE2,0xFF,0xF3,0x08,0x0E,0x29,0x00,
0x25,0x30,0x2B,0xF0,0x14,0x32,0x00,0x31,0x33,0x28,0x33,0xE2,0xE2,0xE2,0xFC,0x16,
0x33,0xE2,0xE2,0xE2,0x00,0x30,0x33,0x2B,0x36,0xF0,0x11,0xE2,0xE2,0xE2,0xFD,0x1A,
0x29,0x36,0x33,0xE2,0xE2,0xE2,0x00,0x29,0x37,0x33,0xE2,0xE2,0xE2,0xFD,0x17,0x29,
0x00,0x27,0x33,0x37,0x38,0xF0,0x13,0xFC,0x38,0x33,0x28,0x33,0xE2,0xE2,0xE2,0xFF,
0xF3,0x19,0xFB,0xE2,0xE2,0xE2,0x00,0xE2,0xE2,0xE2,0x00,0xE2,0xE2,0xE2,0xFD,0x24,
0x29,0x36,0x33,0xE2,0xE2,0xE2,0xFD,0xF0,0x1F,0x20,0x2D,0x3A,0x2D,0x36,0x00,0x33,
0x00,0x31,0x33,0x36,0x2D,0x36,0xE2,0xE2,0xE2,0xF0,0x08,0xFC,0x12,0x31,0x31,0xE2,
0xE2,0xE2,0xFD,0xE2,0xE2,0xE2,0x00,0xE2,0xE2,0xE2,0x00,0xE2,0xE2,0xE2,0xFF,0xF3,
0x04,0x0E,0x25,0x31,0x25,0x37,0x00,0x3D,0xFC,0x27,0x25,0x26,0x25,0x30,0x30,0x29,
0x36,0x33,0x37,0xE2,0xFC,0x11,0x36,0x25,0x27,0x2D,0x25,0x37,0x00,0x25,0x00,0x37,
0x39,0x37,0xFD,0x2B,0x36,0x25,0x32,0x28,0x29,0x37,0x00,0x29,0x37,0x2A,0x39,0x29,
0x36,0x3E,0x33,0x37,0xE4,0xFC,0x29,0x37,0x00,0x39,0x32,0x00,0x2B,0x36,0x25,0x32,
0x00,0x34,0x30,0x25,0x27,0x29,0x36,0xFC,0x34,0x25,0x36,0x25,0x00,0x31,0xF0,0x12,
0xFD,0x25,0x32,0x39,0x32,0x27,0x2D,0x25,0x36,0x00,0x30,0x25,0xFC,0x2A,0x2D,0x32,
0x25,0x30,0x2D,0x3E,0x25,0x27,0x2D,0xF0,0x13,0x32,0x00,0x28,0x29,0xFC,0x29,0x37,
0x38,0x25,0x00,0x32,0x39,0x29,0x3A,0x25,0x00,0x26,0x25,0x37,0x29,0xFD,0x28,0x29,
0x00,0x30,0x25,0xFC,0x1C,0x29,0x37,0x2D,0x37,0x38,0x29,0x32,0x27,0x2D,0x25,0xE2,
0xE2,0xE2,0xFF,0xF3,0x04,0x16,0x29,0x37,0x00,0x25,0x2B,0x36,0x25,0x28,0x29,0x3E,
0x27,0x33,0x00,0x25,0xFC,0x38,0x33,0x28,0x33,0x37,0x00,0x34,0x33,0x36,0x00,0x2C,
0x25,0x26,0x29,0x36,0x31,0x29,0xFC,0x25,0x27,0x29,0x34,0x38,0x25,0x28,0x33,0x00,
0x27,0x33,0x31,0x33,0x00,0x29,0x30,0xFD,0x27,0x33,0x31,0x25,0x32,0x28,0x25,0x32,
0x38,0x29,0x00,0x28,0x29,0x00,0x29,0x37,0x38,0x25,0xFC,0x32,0x39,0x29,0x3A,0x25,
0x00,0x26,0x25,0x37,0x29,0xE2,0x00,0x1A,0x36,0x33,0x31,0x29,0x38,0x33,0xFC,0x38,
0x36,0x25,0x29,0x36,0x00,0x39,0x32,0x25,0x00,0x32,0x39,0x29,0x3A,0x25,0x00,0xFD,
0x29,0x36,0x25,0x00,0x28,0x29,0x00,0x34,0x25,0x3E,0xE2,0xFF,0xF3,0x46,0xFB,0xF0,
0x1E,0x12,0x39,0x36,0x36,0x25,0xE5,0xFF,0xF3,0x02,0xF0,0x1E,0xF0,0x1E,0x23,0x25,
0x2C,0xE5,0xE5,0xFD,0xF3,0x46,0xF0,0x1E,0x20,0x2D,0x27,0x38,0x33,0x36,0x2D,0x25,
0xE5,0xFD,0xF3,0x47,0xF0,0x1E,0x1A,0x33,0x36,0x00,0x30,0x25,0x00,0x34,0x25,0x3E,
0xE5,0xFD,0xF3,0x02,0xF0,0x1E,0xF0,0x1E,0x23,0x25,0x2C,0xE5,0xE5,0xFF,0xF3,0x4F,
0x14,0x25,0x00,0x2E,0x25,0x00,0x2E,0x25,0xE2,0xE2,0xE2,0x00,0x0B,0xF0,0x14,0x32,
0xFC,0x31,0x29,0x00,0x37,0x2D,0x29,0x32,0x38,0x33,0x00,0x39,0x32,0x00,0x34,0x33,
0x27,0x33,0xFC,0x25,0x3A,0x29,0x36,0x2B,0x33,0x32,0x3E,0x25,0x28,0x33,0x00,0x25,
0x30,0xFD,0x34,0x29,0x32,0x37,0x25,0x36,0x00,0x29,0x32,0x00,0x37,0x29,0x36,0x00,
0x39,0x32,0xFC,0x27,0x33,0x31,0x25,0x32,0x28,0x25,0x32,0x38,0x29,0xE2,0xE2,0xE2,
0x00,0xF0,0x1F,0x0F,0x37,0x38,0xF0,0x10,0x37,0xFC,0x37,0x29,0x2B,0x39,0x36,0x25,
0x00,0x28,0x29,0x00,0x29,0x37,0x38,0x33,0xF0,0x08,0xFD,0xF0,0x1F,0x0D,0x33,0x32,
0x2A,0x2D,0x25,0x36,0x00,0x32,0x39,0x29,0x37,0x38,0x36,0x33,0xFC,0x28,0x29,0x37,
0x38,0x2D,0x32,0x33,0x00,0x25,0x00,0x39,0x32,0xFC,0x1C,0x29,0x34,0x30,0x33,0x2D,
0x28,0x29,0x00,0x27,0x33,0x31,0x33,0x00,0x3D,0x33,0xE2,0xE2,0xE2,0xF0,0x08,0xFF,
0xF3,0x06,0xFB,0x1A,0x33,0x36,0x00,0x37,0x39,0x34,0x39,0x29,0x37,0x38,0x33,0xE2,
0xFC,0x10,0x39,0x2D,0x37,0x38,0x29,0x00,0x38,0xF0,0x14,0x00,0x35,0x39,0x2D,0x29,
0x32,0xFC,0x32,0x33,0x37,0x00,0x33,0x36,0x2B,0x25,0x32,0x2D,0x3E,0xF0,0x13,0x00,
0x34,0x25,0x36,0x25,0xFD,0x30,0x39,0x27,0x2C,0x25,0x36,0x00,0x27,0x33,0x32,0x38,
0x36,0x25,0x00,0x18,0x29,0x33,0xFC,0x0B,0x36,0x27,0x25,0x28,0x2D,0x25,0xE4,0x00,
0x27,0x39,0x25,0x32,0x28,0x33,0xFC,0x25,0x34,0x29,0x32,0x25,0x37,0x00,0x34,0x39,
0x28,0x2D,0x31,0x33,0x37,0xFD,0x29,0x37,0x27,0x25,0x34,0x25,0x36,0xFC,0x28,0x29,
0x00,0x25,0x30,0x30,0xF0,0x12,0xE2,0xE2,0xE2,0xFF,0xF3,0x4F,0x17,0x29,0x00,0x2C,
0x25,0x30,0x25,0x2B,0x25,0x37,0xE2,0xE2,0xE2,0xFD,0x1A,0x29,0x36,0x33,0xE4,0x00,
0x38,0xF0,0x14,0x00,0x31,0x29,0x00,0x2C,0x25,0x37,0xFC,0x25,0x3D,0x39,0x28,0x25,
0x28,0x33,0x00,0x38,0x33,0x28,0x33,0x00,0x29,0x37,0x38,0x29,0xFC,0x38,0x2D,0x29,
0x31,0x34,0x33,0xE2,0x00,0x1D,0x25,0x26,0x29,0x37,0x00,0x35,0x39,0x29,0xFD,0x32,
0x33,0x00,0x37,0x33,0x3D,0x00,0x28,0x29,0x00,0x2A,0x2D,0x25,0x36,0xFC,0x37,0x2D,
0x32,0x00,0x38,0x2D,0xE4,0x00,0x0D,0x2D,0x29,0x30,0xE2,0xFF,0xF3,0x06,0xFB,0x1D,
0x33,0x30,0x33,0x00,0x36,0x29,0x27,0x39,0x29,0x36,0x28,0x25,0xE2,0xE2,0xE2,0xFF,
0xF3,0x06,0xFB,0xE2,0xE2,0xE2,0x35,0x39,0x29,0x00,0x38,0x39,0x3A,0x2D,0x31,0x33,
0x37,0x00,0x35,0x39,0x29,0xFC,0x33,0x36,0x2B,0x25,0x32,0x2D,0x3E,0x25,0x36,0x00,
0x39,0x32,0x25,0x00,0x2A,0x39,0x29,0x36,0x3E,0x25,0xFC,0x28,0x29,0x00,0x36,0x29,
0x37,0x2D,0x37,0x38,0x29,0x32,0x27,0x2D,0x25,0xFD,0x34,0x25,0x36,0x25,0x00,0x34,
0x33,0x28,0x29,0x36,0xFC,0x28,0x29,0x2A,0x29,0x32,0x28,0x29,0x36,0x32,0x33,0x37,
0xE2,0xE2,0xE2,0xFF,0xF3,0x4F,0x1D,0xF0,0x12,0xE4,0x00,0x30,0x33,0xFC,0x36,0x29,
0x27,0x33,0x36,0x28,0x25,0x36,0xF0,0x11,0xE2,0xFC,0x23,0x00,0x25,0x2C,0x33,0x36,
0x25,0x00,0x29,0x37,0x38,0x25,0x31,0x33,0x37,0xFD,0x2B,0x25,0x32,0x25,0x32,0x28,
0x33,0x00,0x38,0x2D,0x29,0x31,0x34,0x33,0xFC,0x34,0x25,0x36,0x25,0x00,0x35,0x39,
0x29,0x00,0x34,0x39,0x29,0x28,0x25,0x37,0xFC,0x38,0x29,0x36,0x31,0x2D,0x32,0x25,
0x36,0xFD,0x38,0x39,0x00,0x2D,0x32,0x3A,0x29,0x37,0x38,0x2D,0x2B,0x25,0x27,0x2D,
0xF0,0x13,0x32,0xE2,0xFF,0xF3,0x4F,0x0B,0x39,0x32,0x00,0x25,0x37,0xF0,0x12,0xE2,
0xE2,0xE2,0x00,0x0D,0x33,0x31,0x33,0x00,0x22,0xFC,0x32,0x33,0x00,0x2C,0x25,0x00,
0x37,0x2D,0x28,0x33,0xFC,0x36,0x29,0x37,0x39,0x27,0x2D,0x38,0x25,0x28,0x33,0x00,
0x25,0xF0,0x14,0x32,0xE4,0xFD,0x32,0x33,0x00,0x34,0x33,0x28,0x36,0xF0,0x12,0x25,
0x31,0x33,0x37,0x00,0x34,0x29,0x28,0x2D,0x36,0xFC,0x39,0x32,0x25,0x00,0x31,0x29,
0x2E,0x33,0x36,0xFC,0x33,0x34,0x33,0x36,0x38,0x39,0x32,0x2D,0x28,0x25,0x28,0x00,
0x35,0x39,0x29,0xFD,0x29,0x37,0x38,0x25,0xE2,0x00,0x1A,0x33,0x36,0x00,0x2A,0x25,
0x3A,0x33,0x36,0xE4,0xFC,0x34,0x29,0x36,0x31,0xF0,0x12,0x38,0x29,0x31,0x29,0x00,
0x30,0x30,0x29,0x3A,0x25,0x36,0x00,0x25,0xFC,0x27,0x25,0x26,0x33,0x00,0x31,0x2D,
0x00,0x33,0x34,0x29,0x36,0x25,0x27,0x2D,0xF0,0x13,0x32,0xE2,0xFF,0xF3,0x06,0xFB,
0xE2,0xE2,0xE2,0x00,0xE2,0xE2,0xE2,0x00,0xE2,0xE2,0xE2,0xFD,0x0F,0x37,0x38,0xF0,
0x10,0x00,0x26,0x2D,0x29,0x32,0xE2,0xE2,0xE2,0xFF,0xF3,0x06,0xFB,0x1A,0x29,0x36,
0x33,0x00,0x34,0x36,0x33,0x31,0xF0,0x11,0x38,0x29,0x31,0x29,0x00,0x39,0x32,0x25,
0xFC,0x27,0x33,0x37,0x25,0xE2,0xE2,0xE2,0x00,0x18,0x33,0x00,0x37,0x29,0x25,0x37,
0xFC,0x28,0x29,0x31,0x25,0x37,0x2D,0x25,0x28,0x33,0x00,0x29,0x37,0x38,0x36,0x2D,
0x27,0x38,0x33,0xE2,0xFF,0xF3,0x4F,0x1E,0x2D,0x29,0x32,0x29,0x37,0x00,0x31,0x2D,
0xE2,0xE2,0xE2,0xFF,0xF3,0x44,0xF0,0x1E,0x0E,0x2D,0x37,0x27,0x39,0x30,0x34,0x29,
0xE4,0x00,0x37,0x29,0xF0,0x1C,0x33,0x36,0xE5,0xFD,0x0F,0x37,0x00,0x37,0x33,0x26,
0x36,0x29,0x00,0x24,0x29,0x36,0x33,0xE2,0xFC,0xF0,0x1E,0x10,0x39,0x29,0x00,0x2C,
0x25,0x30,0x30,0x25,0x28,0x33,0xFC,0x2D,0x32,0x27,0x33,0x32,0x37,0x27,0x2D,0x29,
0x32,0x38,0x29,0xE2,0xE2,0xE2,0xFD,0x2E,0x39,0x37,0x38,0x33,0x00,0x25,0x2A,0x39,
0x29,0x36,0x25,0x00,0x28,0x29,0xFC,0x30,0x25,0x00,0x26,0x25,0x37,0x29,0xE5,0xFF,
0xF3,0x07,0xF0,0x1F,0x1B,0x39,0xF0,0x11,0xF0,0x08,0x00,0xF0,0x1E,0xF0,0x1F,0x24,
0x29,0x36,0x33,0xF0,0x08,0xE5,0xFF,0xF3,0x44,0x1A,0x33,0x36,0x00,0x25,0x35,0x39,
0xF0,0x12,0xE2,0xFF,0xF3,0x44,0xF0,0x1E,0x24,0x29,0x36,0x33,0xE5,0x00,0xF0,0x1E,
0x24,0x29,0x36,0x33,0xE5,0xFF,0xF3,0x4F,0xE2,0xE2,0xE2,0x00,0xE2,0xE2,0xE2,0x00,
0xE2,0xE2,0xE2,0xFD,0x24,0x29,0x36,0x33,0xE2,0xE2,0xE2,0xFF,0xF3,0x06,0xF0,0x1E,
0x24,0x29,0x36,0x33,0xE2,0xE2,0xE2,0xE5,0xFF,0xF3,0x06,0xF0,0x1E,0x17,0x29,0x00,
0x25,0x30,0x29,0x2B,0x36,0x25,0x00,0x35,0x39,0x29,0xFC,0x29,0x37,0x38,0xF0,0x11,
0x37,0x00,0x3A,0x2D,0x3A,0x33,0xE4,0xFC,0x24,0x29,0x36,0x33,0xE5,0xFF,0xF3,0x29,
0xF0,0x1E,0x24,0x29,0x36,0x33,0xE5,0x00,0xF0,0x1E,0x12,0x25,0x37,0xFC,0x3A,0x39,
0x29,0x30,0x38,0x33,0x00,0x25,0x00,0x29,0x37,0x38,0x25,0x36,0xFC,0x2A,0x39,0x32,
0x27,0x2D,0x33,0x32,0x25,0x30,0xE5,0xFD,0x0F,0x37,0x38,0x25,0x26,0x25,0x37,0x00,
0x29,0x32,0x00,0x31,0x39,0x3D,0xFC,0x31,0x25,0x30,0x25,0x37,0x00,0x27,0x33,0x32,
0x28,0x2D,0x27,0x2D,0x33,0x32,0x29,0x37,0xE2,0xE2,0xE2,0xFD,0x17,0x29,0x00,0x25,
0x37,0x33,0x31,0x26,0x36,0x25,0x00,0x35,0x39,0x29,0xFC,0x37,0x2D,0x2B,0x25,0x37,
0x00,0x27,0x33,0x32,0x00,0x3A,0x2D,0x28,0x25,0xE2,0xFD,0xF0,0x1E,0x0C,0x2D,0x29,
0x32,0x3A,0x29,0x32,0x2D,0x28,0x33,0x00,0x28,0x29,0xFC,0x3A,0x39,0x29,0x30,0x38,
0x25,0xE5,0xFF,0xF3,0x08,0xE2,0xE2,0xE2,0x00,0xE2,0xE2,0xE2,0x00,0xE2,0xE2,0xE2,
0xFF,0xF3,0x08,0xF0,0x1F,0x0E,0xF0,0x13,0x32,0x28,0x29,0x00,0x29,0x37,0x38,0x33,
0x3D,0xF0,0x08,0xFF,0xF3,0x06,0x0F,0x37,0x38,0xF0,0x10,0x37,0x00,0x29,0x32,0x00,
0x32,0x39,0x29,0x37,0x38,0x36,0x25,0xFC,0x32,0x39,0x29,0x3A,0x25,0x00,0x0C,0x25,
0x37,0x29,0x00,0x28,0x29,0x00,0x30,0x25,0xFC,0x1C,0x29,0x37,0x2D,0x37,0x38,0x29,
0x32,0x27,0x2D,0x25,0xE2,0x00,0x11,0x36,0x25,0x27,0x2D,0x25,0x37,0xFD,0x25,0x00,
0x38,0x2D,0xE4,0x00,0x34,0x39,0x28,0x2D,0x31,0x33,0x37,0xFC,0x29,0x37,0x27,0x25,
0x34,0x25,0x36,0x00,0x28,0x29,0x00,0x18,0x29,0x33,0xFC,0x0B,0x36,0x27,0x25,0x28,
0x2D,0x25,0x00,0x3D,0x00,0x27,0x33,0x31,0x29,0x32,0x3E,0x25,0x36,0xFD,0x39,0x32,
0x25,0x00,0x32,0x39,0x29,0x3A,0x25,0x00,0x3A,0x2D,0x28,0x25,0x00,0x29,0x32,0xFC,
0x29,0x37,0x38,0x29,0x00,0x30,0x39,0x2B,0x25,0x36,0xE2,0xFC,0x17,0x39,0x27,0x2C,
0x25,0x37,0x00,0x2B,0x36,0x25,0x27,0x2D,0x25,0x37,0xE2,0xE2,0xE2,0xFD,0x23,0x00,
0x30,0x25,0x31,0x29,0x32,0x38,0x33,0x00,0x31,0x39,0x27,0x2C,0x33,0xE2,0xE2,0xE2,
0xFC,0x35,0x39,0x29,0x00,0x32,0x33,0x00,0x2C,0x25,0x3D,0x25,0x31,0x33,0x37,0xFC,
0x34,0x33,0x28,0x2D,0x28,0x33,0x00,0x2D,0x36,0xFD,0x25,0x00,0x36,0x29,0x37,0x27,
0x25,0x38,0x25,0x36,0x38,0x29,0xE2,0xFF,0xF3,0x29,0x20,0x25,0x31,0x33,0x37,0xE4,
0x00,0x0D,0x2D,0x29,0x30,0xE2,0xE2,0xE2,0xFC,0x24,0x29,0x36,0x33,0x00,0x28,0x29,
0x26,0x29,0x00,0x29,0x37,0x38,0x25,0x36,0xFC,0x31,0x39,0x3D,0x00,0x27,0x25,0x32,
0x37,0x25,0x28,0x33,0xE2,0xFD,0x1D,0xF0,0x11,0x00,0x35,0x39,0x29,0x00,0x38,0x2D,
0x29,0x32,0x29,0x37,0xFC,0x31,0x39,0x27,0x2C,0x33,0x00,0x28,0x29,0x00,0x35,0x39,
0xF0,0x11,0xFC,0x2C,0x25,0x26,0x30,0x25,0x36,0x00,0x27,0x33,0x32,0x00,0xF0,0x11,
0x30,0xE4,0xFD,0x34,0x29,0x36,0x33,0xE2,0xE2,0xE2,0x00,0xF0,0x1F,0x34,0x33,0x36,
0x00,0x35,0x39,0xF0,0x11,0xFC,0x32,0x33,0x00,0x30,0x33,0x00,0x28,0x29,0x2E,0x25,
0x31,0x33,0x37,0xFC,0x28,0x29,0x37,0x27,0x25,0x32,0x37,0x25,0x36,0x00,0x39,0x32,
0x00,0x34,0x33,0x27,0x33,0xF0,0x08,0xFD,0x23,0x00,0x24,0x29,0x36,0x33,0xE4,0x00,
0x31,0x29,0x00,0x38,0x29,0x31,0x33,0xFC,0x35,0x39,0x29,0x00,0x30,0x25,0x00,0x31,
0x25,0x3D,0x33,0x36,0xF0,0x12,0x25,0x00,0x28,0x29,0xFC,0x38,0x39,0x37,0x00,0x25,
0x36,0x31,0x25,0x37,0x00,0x29,0x37,0x38,0x25,0x26,0x25,0x32,0xFD,0x28,0x25,0xF0,
0x1C,0x25,0x28,0x25,0x37,0xE2,0x00,0x0B,0x37,0xF0,0x12,0x00,0x35,0x39,0x29,0xFC,
0x30,0x25,0x37,0x00,0x36,0x29,0x34,0x25,0x36,0xF0,0x11,0xE2,0xFD,0x1E,0x25,0x31,
0x26,0x2D,0xF0,0x11,0x32,0x00,0x27,0x36,0x29,0xF0,0x11,0x00,0x39,0x32,0x25,0xFC,
0x32,0x39,0x29,0x3A,0x25,0x00,0x25,0x36,0x31,0x25,0xE4,0x00,0x25,0x37,0xF0,0x12,
0x00,0x35,0x39,0x29,0xFC,0x34,0x25,0x37,0x25,0x00,0x30,0x39,0x29,0x2B,0x33,0x00,
0x34,0x33,0x36,0x00,0x25,0x35,0x39,0xF0,0x12,0xFD,0x34,0x25,0x36,0x25,0x00,0x36,
0x29,0x27,0x33,0x2B,0x29,0x36,0x30,0x25,0xE2,0xFF,0xF3,0x06,0x0E,0x29,0x00,0x25,
0x27,0x39,0x29,0x36,0x28,0x33,0xE4,0x00,0x38,0x29,0xFC,0x28,0x29,0x2E,0x25,0x36,
0xF0,0x11,0x00,0x28,0x29,0x37,0x27,0x25,0x32,0x37,0x25,0x36,0xE2,0xFC,0x0F,0x37,
0x38,0x25,0x36,0xF0,0x11,0x00,0x39,0x32,0x00,0x31,0x33,0x31,0x29,0x32,0x38,0x33,
0xFD,0x29,0x32,0x00,0x31,0x2D,0x00,0x30,0x25,0x26,0x33,0x36,0x25,0x38,0x33,0x36,
0x2D,0x33,0xE2,0xFD,0x20,0x29,0x32,0x00,0x25,0x00,0x2C,0x25,0x26,0x30,0x25,0x36,
0xFC,0x27,0x33,0x32,0x31,0x2D,0x2B,0x33,0x00,0x27,0x39,0x25,0x32,0x28,0x33,0xFC,
0x38,0x29,0x00,0x37,0x2D,0x29,0x32,0x38,0x25,0x37,0x00,0x31,0x29,0x2E,0x33,0x36,
0xE2,0xFF,0xF3,0x08,0x0F,0x37,0x38,0x33,0x00,0x3D,0x25,0x00,0x32,0x33,0x00,0x29,
0x37,0xFC,0x28,0x2D,0x3A,0x29,0x36,0x38,0x2D,0x28,0x33,0xE2,0xE2,0xE2,0xFF,
};
alignas(16) inline constexpr uint16_t mmz2_msg04_script_offsets[] = {
0x0000,0x0094,0x010A,0x0193,0x01E5,0x0213,0x0253,0x028C,
0x02C6,0x0382,0x03BE,0x03E6,0x04CA,0x059A,0x05C4,0x05F6,
0x0626,0x0655,0x0682,0x06B3,
};
constexpr int mmz2_msg04_num_entries = 20;
alignas(16) inline constexpr uint8_t mmz2_msg04_script_data[] = {
0xF3,0x00,0x19,0x34,0x29,0x36,0x25,0x28,0x33,0x36,0x25,0xE3,0x00,0x16,0x25,0x37,
0x00,0x36,0x39,0x2D,0x32,0x25,0x37,0xFD,0x37,0x29,0x00,0x29,0x32,0x27,0x39,0x29,
0x32,0x38,0x36,0x25,0x32,0x00,0x31,0xF0,0x10,0x37,0x00,0x25,0x30,0x30,0xF0,0x10,
0xFD,0x28,0x29,0x00,0x29,0x37,0x38,0x29,0x00,0x26,0x33,0x37,0x35,0x39,0x29,0xE2,
0xFD,0x1F,0x37,0x25,0x00,0x29,0x30,0x00,0x1E,0x36,0x25,0x32,0x37,0x00,0x1D,0x29,
0x36,0x3A,0x29,0x36,0xFD,0x34,0x33,0x36,0x38,0xF0,0x10,0x38,0x2D,0x30,0x00,0x3D,
0x00,0x36,0x29,0x37,0x27,0x25,0x38,0x25,0xFD,0x25,0x00,0x30,0x33,0x37,0x00,0x37,
0x33,0x30,0x28,0x25,0x28,0x33,0x37,0x00,0x28,0x29,0x00,0x30,0x25,0xFD,0x36,0x29,
0x37,0x2D,0x37,0x38,0x29,0x32,0x27,0x2D,0x25,0x00,0x34,0x29,0x36,0x28,0x2D,0x28,
0x33,0x37,0xE2,0xFF,0xF3,0x15,0xF0,0x1E,0x12,0x2D,0x37,0x37,0xE5,0x00,0x0F,0x37,
0x38,0x25,0x00,0x29,0x37,0x00,0x39,0x32,0xFC,0xF0,0x10,0x36,0x29,0x25,0x00,0x36,
0x29,0x37,0x38,0x36,0x2D,0x32,0x2B,0x2D,0x28,0x25,0xE4,0xFC,0x2D,0x32,0x27,0x30,
0x39,0x37,0x33,0x00,0x34,0x25,0x36,0x25,0xFD,0x32,0x33,0x37,0x33,0x38,0x36,0x33,
0x37,0x00,0x18,0x29,0x33,0xFC,0x0B,0x36,0x27,0x25,0x28,0x2D,0x25,0x32,0x37,0xE2,
0xE2,0xE2,0xFD,0x18,0x39,0x32,0x27,0x25,0x00,0x37,0x25,0x30,0x28,0x36,0xF0,0x10,
0x32,0x00,0x28,0x29,0xFC,0x25,0x35,0x39,0xF0,0x12,0x00,0x3A,0x2D,0x3A,0x33,0x37,
0xE2,0x00,0xF0,0x1E,0x12,0x2D,0x37,0x37,0xE5,0xFF,0xF3,0x14,0x18,0x33,0xE2,0xE2,
0xE2,0x00,0x1D,0x2D,0x00,0x38,0x25,0x32,0x00,0x37,0x33,0x30,0x33,0x00,0x29,0x37,
0x29,0xFC,0x0F,0x30,0x2A,0x33,0x00,0x0C,0x29,0x26,0xF0,0x11,0x00,0x32,0x33,0x00,
0x2C,0x39,0x26,0x2D,0x29,0x36,0x25,0xFC,0x37,0x2D,0x28,0x33,0x00,0x36,0x33,0x26,
0x25,0x28,0x33,0xE2,0xE2,0xE2,0xFD,0x1A,0x33,0x28,0x36,0xF0,0x12,0x25,0x00,0x2C,
0x25,0x26,0x29,0x36,0x00,0x28,0x29,0x37,0x38,0x36,0x39,0xF0,0x01,0xFC,0x2D,0x28,
0x33,0x00,0x2A,0xF0,0x10,0x27,0x2D,0x30,0x31,0x29,0x32,0x38,0x29,0x00,0x25,0x30,
0xFC,0x37,0x33,0x30,0x28,0x25,0x28,0x33,0x00,0x37,0x2D,0x32,0x00,0x32,0x33,0x31,
0x26,0x36,0x29,0xE2,0xE2,0xE2,0xFD,0xF0,0x1E,0x12,0x2D,0x37,0x37,0x37,0x37,0x37,
0x37,0xE5,0xFF,0xF3,0x47,0x11,0x36,0x25,0x27,0x2D,0x25,0x37,0xE4,0x00,0x1D,0x36,
0xE2,0x00,0x24,0x29,0x36,0x33,0xE2,0xFC,0x16,0x25,0x37,0x00,0x36,0x39,0x2D,0x32,
0x25,0x37,0x00,0x29,0x37,0x38,0xF0,0x10,0x32,0xFC,0x30,0x30,0x29,0x32,0x25,0x37,
0x00,0x28,0x29,0x00,0x38,0x36,0x25,0x31,0x34,0x25,0x37,0xE2,0xFD,0x1A,0x33,0x36,
0x00,0x2A,0x25,0x3A,0x33,0x36,0xE4,0x00,0x38,0x29,0x32,0xFC,0x27,0x39,0x2D,0x28,
0x25,0x28,0x33,0xE2,0xFF,0xF3,0x47,0x11,0x36,0x25,0x27,0x2D,0x25,0x37,0xE2,0x00,
0x0F,0x37,0x34,0x29,0x36,0x33,0xFC,0x35,0x39,0x29,0x00,0x30,0x33,0x37,0x00,0x28,
0x29,0x31,0xF0,0x10,0x37,0xFC,0x29,0x37,0x38,0xF0,0x11,0x32,0x00,0x26,0x2D,0x29,
0x32,0xE2,0xFF,0xF3,0x46,0x17,0x39,0x27,0x2C,0x25,0x37,0x00,0x2B,0x36,0x25,0x27,
0x2D,0x25,0x37,0xE2,0xE2,0xE2,0xFC,0x10,0x39,0x2D,0x00,0x28,0x29,0x31,0x25,0x37,
0x2D,0x25,0x28,0x33,0x00,0x30,0x29,0x2E,0x33,0x37,0xFC,0x3D,0x00,0x31,0x29,0x00,
0x35,0x39,0x29,0x28,0xF0,0x11,0xFD,0x25,0x38,0x25,0x37,0x27,0x25,0x28,0x33,0xE2,
0xE2,0xE2,0xFF,0xF3,0x46,0x17,0x29,0x00,0x25,0x30,0x29,0x2B,0x36,0x25,0x00,0x35,
0x39,0x29,0xFC,0x2C,0x25,0x3D,0x25,0x37,0x00,0x3A,0x29,0x32,0x2D,0x28,0x33,0xFC,
0x25,0x00,0x25,0x3D,0x39,0x28,0x25,0x36,0x31,0x29,0xE2,0xFD,0x17,0x39,0x27,0x2C,
0x25,0x37,0x00,0x2B,0x36,0x25,0x27,0x2D,0x25,0x37,0xE2,0xFF,0xF3,0x46,0xF0,0x1E,
0x11,0x36,0x25,0x27,0x2D,0x25,0x37,0xE5,0x00,0x0D,0x25,0x37,0x2D,0x00,0x34,0x2D,
0x29,0x36,0x28,0x33,0xFC,0x30,0x25,0x00,0x29,0x37,0x34,0x29,0x36,0x25,0x32,0x3E,
0x25,0x00,0x28,0x29,0x00,0x37,0x29,0x36,0xFC,0x36,0x29,0x37,0x27,0x25,0x38,0x25,
0x28,0x33,0xE2,0xE2,0xE2,0xFF,0xF3,0x47,0x0F,0x30,0x00,0x27,0x33,0x31,0x25,0x32,
0x28,0x25,0x32,0x38,0x29,0x00,0x32,0x33,0x37,0xFC,0x29,0x32,0x3A,0x2D,0xF0,0x13,
0x00,0x25,0x00,0x2D,0x32,0x3A,0x29,0x37,0x38,0x2D,0x2B,0x25,0x36,0xFC,0x25,0x30,
0x2B,0x33,0x00,0x30,0x30,0x25,0x31,0x25,0x28,0x33,0xFD,0x0F,0x30,0x2A,0x33,0x00,
0x0C,0x29,0x26,0xF0,0x11,0xE2,0xE2,0xE2,0xFC,0x1A,0x29,0x36,0x33,0x00,0x32,0x33,
0x37,0x00,0x38,0x33,0x34,0x25,0x31,0x33,0x37,0xFC,0x27,0x33,0x32,0x00,0x29,0x30,
0x00,0x29,0x2E,0xF0,0x11,0x36,0x27,0x2D,0x38,0x33,0xFD,0x28,0x29,0x00,0x18,0x29,
0x33,0x00,0x0B,0x36,0x27,0x25,0x28,0x2D,0x25,0xE2,0xFC,0x17,0x2D,0x37,0x00,0x27,
0x33,0x31,0x34,0x25,0xF0,0x1C,0x29,0x36,0x33,0x37,0xFC,0x29,0x37,0x38,0xF0,0x10,
0x32,0x00,0x25,0xF0,0x14,0x32,0x00,0x29,0x32,0x00,0x29,0x30,0xFD,0x26,0x33,0x37,
0x35,0x39,0x29,0xE2,0x00,0xF0,0x1E,0x1A,0x33,0x36,0xFC,0x2A,0x25,0x3A,0x33,0x36,
0x00,0x37,0xF0,0x10,0x30,0x3A,0x25,0x30,0x33,0x37,0xE4,0xFC,0x24,0x29,0x36,0x33,
0xE5,0xFF,0xF3,0x15,0x0E,0x29,0x3A,0x39,0xF0,0x11,0x30,0x3A,0x29,0x30,0x33,0xE2,
0xE2,0xE2,0xFD,0x23,0x00,0x34,0x39,0x29,0x28,0x29,0x00,0x35,0x39,0x29,0x00,0x38,
0x39,0xFC,0x3A,0x2D,0x28,0x25,0x00,0x37,0x29,0x25,0x00,0x34,0x29,0x36,0x28,0x33,
0x32,0x25,0x28,0x25,0xE2,0xFC,0xF0,0x1E,0x12,0x2D,0x37,0x37,0xE5,0xFF,0xF3,0x08,
0xF0,0x1F,0x1B,0x39,0xF0,0x11,0x00,0x29,0x37,0x38,0xF0,0x10,0x37,0xFC,0x29,0x37,
0x34,0x29,0x36,0x25,0x32,0x28,0x33,0xE2,0xE2,0xE2,0xF0,0x08,0xFD,0xF0,0x1E,0x0D,
0x33,0x36,0x36,0x29,0xE5,0xFF,0xF3,0x55,0x12,0x25,0x00,0x34,0x25,0x37,0x25,0x28,
0x33,0x00,0x31,0x39,0x27,0x2C,0x33,0xFC,0x38,0x2D,0x29,0x31,0x34,0x33,0xE2,0xE2,
0xE2,0xFC,0x24,0x29,0x36,0x33,0xE2,0xE2,0xE2,0xFD,0xF3,0x08,0xF0,0x1E,0x22,0xE5,
0xFD,0xF3,0x55,0x23,0x25,0x00,0x32,0x33,0x00,0x34,0x39,0x29,0x28,0x33,0xFC,0x28,
0x29,0x37,0x27,0x25,0x32,0x37,0x25,0x36,0xE2,0xE2,0xE2,0xFD,0x0B,0x31,0x26,0x33,
0x37,0x00,0x0F,0x30,0x2A,0x33,0x37,0xFC,0x0C,0x29,0x26,0xF0,0x11,0x00,0x2C,0x25,
0x32,0xFC,0x28,0x29,0x37,0x34,0x29,0x36,0x38,0x25,0x28,0x33,0xE2,0xE2,0xE2,0xFD,
0x16,0x33,0x37,0x00,0x0F,0x30,0x2A,0x33,0x37,0x00,0x0C,0x29,0x26,0xF0,0x11,0xFC,
0x37,0x2D,0x2B,0x39,0x29,0x32,0x00,0x37,0x2D,0x29,0x32,0x28,0x33,0xFC,0x32,0x2D,
0xF0,0x1C,0x33,0x37,0xE2,0xE2,0xE2,0xFD,0x16,0x30,0x33,0x36,0x25,0x32,0x00,0x34,
0x33,0x36,0xFC,0x37,0x39,0x00,0x31,0x25,0x28,0x36,0x29,0x00,0x31,0x2D,0x29,0x32,
0x38,0x36,0x25,0x37,0xFC,0x38,0x2D,0x29,0x31,0x26,0x30,0x25,0x32,0xFD,0x28,0x29,
0x00,0x37,0x33,0x30,0x29,0x28,0x25,0x28,0xE2,0xFD,0xF3,0x08,0xE2,0xE2,0xE2,0x00,
0xE2,0xE2,0xE2,0x00,0xE2,0xE2,0xE2,0xFC,0xF0,0x1F,0x0B,0x00,0x35,0x39,0xF0,0x11,
0x00,0x3A,0x25,0x37,0xE4,0x00,0x22,0xF0,0x08,0xFF,0xF3,0x55,0x16,0x33,0x37,0x00,
0x0F,0x30,0x2A,0x33,0x37,0x00,0x0C,0x29,0x26,0xF0,0x11,0x00,0x2C,0x25,0x36,0xF0,
0x10,0x32,0xFC,0x27,0x39,0x25,0x30,0x35,0x39,0x2D,0x29,0x36,0x00,0x27,0x33,0x37,
0x25,0x00,0x34,0x25,0x36,0x25,0xFC,0x36,0x29,0x39,0x32,0x2D,0x36,0x37,0x29,0x00,
0x27,0x33,0x32,0xFD,0x37,0x39,0x00,0x31,0x25,0x28,0x36,0x29,0xE2,0xFD,0x0B,0x2B,
0x2D,0x38,0x25,0x36,0x00,0x30,0x25,0x37,0x00,0x31,0x29,0x32,0x38,0x29,0x37,0xFC,
0x28,0x29,0x00,0x30,0x33,0x37,0x00,0x2C,0x39,0x31,0x25,0x32,0x33,0x37,0x00,0x3D,
0xFC,0x38,0x36,0x25,0x29,0x36,0x00,0x27,0x25,0x33,0x37,0xE2,0xE2,0xE2,0xFD,0x1E,
0x33,0x28,0x33,0x00,0x29,0x37,0x00,0x34,0x25,0x36,0x25,0x00,0x34,0x33,0x28,0x29,
0x36,0xFC,0x36,0x29,0x29,0x32,0x27,0x33,0x32,0x38,0x36,0x25,0x36,0x37,0x29,0x00,
0x27,0x33,0x32,0xFC,0x37,0x39,0x00,0x31,0x25,0x28,0x36,0x29,0xE4,0xFD,0x29,0x30,
0x00,0x0E,0x25,0x36,0x2F,0x00,0x0F,0x30,0x2A,0xE2,0xE2,0xE2,0xFD,0x0F,0x30,0x00,
0x0E,0x25,0x36,0x2F,0x00,0x0F,0x30,0x2A,0xFC,0x35,0x39,0x29,0x00,0x3D,0x33,0x00,
0x37,0x29,0x30,0x30,0xF0,0x11,0xE2,0xE2,0xE2,0xFF,0xF3,0x08,0xF0,0x1E,0x0F,0x37,
0x34,0x29,0x36,0x25,0xE4,0x00,0x22,0xE5,0xFD,0xE2,0xE2,0xE2,0x00,0xE2,0xE2,0xE2,
0x00,0xE2,0xE2,0xE2,0xFD,0x0F,0x30,0x00,0x0E,0x25,0x36,0x2F,0x00,0x0F,0x30,0x2A,
0xE2,0xE2,0xE2,0xFF,0xF3,0x00,0x19,0x34,0x29,0x36,0x25,0x28,0x33,0x36,0x25,0xE3,
0x00,0x1E,0x2D,0x29,0x32,0x29,0x37,0x00,0x27,0x39,0x25,0x38,0x36,0x33,0xFD,0x37,
0x33,0x30,0x28,0x25,0x28,0x33,0x37,0x00,0x34,0x33,0x36,0x00,0x36,0x29,0x37,0x27,
0x25,0x38,0x25,0x36,0xE2,0xFF,0xF3,0x00,0x19,0x34,0x29,0x36,0x25,0x28,0x33,0x36,
0x25,0xE3,0x00,0x1E,0x2D,0x29,0x32,0x29,0x37,0x00,0x38,0x36,0x29,0x37,0xFD,0x37,
0x33,0x30,0x28,0x25,0x28,0x33,0x37,0x00,0x34,0x33,0x36,0x00,0x36,0x29,0x37,0x27,
0x25,0x38,0x25,0x36,0xE2,0xFF,0xF3,0x00,0x19,0x34,0x29,0x36,0x25,0x28,0x33,0x36,
0x25,0xE3,0x00,0x1E,0x2D,0x29,0x32,0x29,0x37,0x00,0x28,0x33,0x37,0xFD,0x37,0x33,
0x30,0x28,0x25,0x28,0x33,0x37,0x00,0x34,0x33,0x36,0x00,0x36,0x29,0x37,0x27,0x25,
0x38,0x25,0x36,0xE2,0xFF,0xF3,0x00,0x19,0x34,0x29,0x36,0x25,0x28,0x33,0x36,0x25,
0xE3,0x00,0x1E,0x2D,0x29,0x32,0x29,0x37,0x00,0x39,0x32,0xFD,0x37,0x33,0x30,0x28,
0x25,0x28,0x33,0x00,0x34,0x33,0x36,0x00,0x36,0x29,0x37,0x27,0x25,0x38,0x25,0x36,
0xE2,0xFF,0xF3,0x00,0x19,0x34,0x29,0x36,0x25,0x28,0x33,0x36,0x25,0xE3,0x00,0x12,
0x25,0x37,0x00,0x36,0x29,0x37,0x27,0x25,0x38,0x25,0x28,0x33,0xFD,0x25,0x00,0x38,
0x33,0x28,0x33,0x37,0x00,0x30,0x33,0x37,0x00,0x37,0x33,0x30,0x28,0x25,0x28,0x33,
0x37,0xE2,0xFF,0xF3,0x47,0x1F,0x2C,0xE2,0xE2,0xE2,0x00,0xF0,0x1E,0x1D,0xF0,0x12,
0xE2,0xE2,0xE2,0xE5,0xFF,
};
alignas(16) inline constexpr uint16_t mmz2_msg05_script_offsets[] = {
0x0000,0x00A5,0x011A,0x0176,0x01A9,0x01DB,0x020A,
};
constexpr int mmz2_msg05_num_entries = 7;
alignas(16) inline constexpr uint8_t mmz2_msg05_script_data[] = {
0xF3,0x00,0x19,0x34,0x29,0x36,0x25,0x28,0x33,0x36,0x25,0xE3,0x00,0x16,0x25,0x00,
0x37,0x25,0x30,0x25,0x00,0x28,0x29,0xFD,0x27,0x33,0x31,0x34,0x39,0x38,0x25,0x28,
0x33,0x36,0x25,0x37,0x00,0x28,0x29,0x30,0xFD,0x27,0x33,0x31,0x34,0x30,0x29,0x2E,
0x33,0x00,0x27,0x39,0x29,0x32,0x38,0x25,0x00,0x27,0x33,0x32,0xFD,0x27,0x39,0x25,
0x38,0x36,0x33,0x00,0x37,0x2D,0x37,0x38,0x29,0x31,0x25,0x37,0x00,0x28,0x29,0xFD,
0x36,0x29,0x2A,0x36,0x2D,0x2B,0x29,0x36,0x25,0x27,0x2D,0xF0,0x13,0x32,0xE2,0xFD,
0x1D,0x2D,0x00,0x30,0x33,0x37,0x00,0x28,0x29,0x37,0x38,0x36,0x39,0x3D,0x29,0x37,
0x00,0x38,0x33,0x28,0x33,0x37,0xE4,0xFD,0x30,0x25,0x00,0x27,0x25,0x34,0x25,0x27,
0x2D,0x28,0x25,0x28,0x00,0x28,0x29,0x00,0x30,0x25,0x00,0x37,0x25,0x30,0x25,0xFD,
0x37,0x29,0x00,0x3A,0x29,0x36,0xF0,0x10,0x00,0x28,0x29,0x26,0x2D,0x30,0x2D,0x38,
0x25,0x28,0x25,0xE2,0xFF,0xF3,0x0F,0xF0,0x1E,0x0C,0x3B,0x33,0x33,0x33,0x33,0x2C,
0xE5,0xFC,0xF0,0x1F,0xF0,0x1E,0x0F,0x36,0x29,0x37,0x00,0x38,0xF0,0x14,0xE5,0xF0,
0x08,0xFD,0xF0,0x1E,0x0F,0x37,0x38,0xF0,0x10,0x37,0x00,0x2D,0x32,0x38,0x29,0x32,
0x38,0x25,0x32,0x28,0x33,0xFC,0x28,0x29,0x37,0x38,0x36,0x39,0x2D,0x36,0x00,0x29,
0x37,0x38,0x33,0x00,0x3D,0xFC,0x27,0x33,0x32,0x2A,0x39,0x32,0x28,0x2D,0x36,0x32,
0x33,0x37,0xE5,0xFD,0xF0,0x1E,0x0C,0x3B,0x33,0x33,0x33,0x33,0x2C,0xE5,0x00,0xF0,
0x1E,0x18,0x33,0x00,0x28,0x29,0x2E,0x25,0x36,0xF0,0x11,0xFC,0x35,0x39,0x29,0x00,
0x30,0x33,0x00,0x2C,0x25,0x2B,0x25,0x37,0xE5,0xFF,0xF3,0x0E,0x11,0x2C,0x00,0x2B,
0x2C,0x00,0x2B,0x2C,0xE2,0xE2,0xE2,0xFD,0x18,0x33,0x00,0x34,0x39,0x29,0x28,0x33,
0x00,0x27,0x36,0x29,0x29,0x36,0x30,0x33,0xE2,0xFC,0x10,0x39,0x2D,0x00,0x28,0x29,
0x36,0x36,0x33,0x38,0x25,0x28,0x33,0x00,0x34,0x33,0x36,0xFC,0x29,0x37,0x38,0x29,
0x00,0x34,0x29,0x35,0x39,0x29,0xF0,0x1C,0x33,0xFD,0x2D,0x32,0x37,0x29,0x27,0x38,
0x33,0xE2,0xE2,0xE2,0xFD,0xF0,0x1E,0x0C,0x33,0x26,0x33,0x26,0x33,0x2C,0x2A,0x25,
0xE2,0xE2,0xE2,0xE2,0xE5,0xFF,0xF3,0x00,0x19,0x34,0x29,0x36,0x25,0x28,0x33,0x36,
0x25,0xE3,0x00,0x1E,0x29,0x00,0x35,0x39,0x29,0x28,0x25,0x32,0x00,0x38,0x36,0x29,
0x37,0xFD,0x37,0x2D,0x37,0x38,0x29,0x31,0x25,0x37,0x00,0x34,0x33,0x36,0x00,0x28,
0x29,0x37,0x38,0x36,0x39,0x2D,0x36,0xE2,0xFF,0xF3,0x00,0x19,0x34,0x29,0x36,0x25,
0x28,0x33,0x36,0x25,0xE3,0x00,0x1E,0x29,0x00,0x35,0x39,0x29,0x28,0x25,0x32,0x00,
0x28,0x33,0x37,0xFD,0x37,0x2D,0x37,0x38,0x29,0x31,0x25,0x37,0x00,0x34,0x33,0x36,
0x00,0x28,0x29,0x37,0x38,0x36,0x39,0x2D,0x36,0xE2,0xFF,0xF3,0x00,0x19,0x34,0x29,
0x36,0x25,0x28,0x33,0x36,0x25,0xE3,0x00,0x1E,0x29,0x00,0x35,0x39,0x29,0x28,0x25,
0x00,0x39,0x32,0xFD,0x37,0x2D,0x37,0x38,0x29,0x31,0x25,0x00,0x34,0x33,0x36,0x00,
0x28,0x29,0x37,0x38,0x36,0x39,0x2D,0x36,0xE2,0xFF,0xF3,0x00,0x19,0x34,0x29,0x36,
0x25,0x28,0x33,0x36,0x25,0xE3,0x00,0x1E,0x33,0x28,0x33,0x37,0x00,0x30,0x33,0x37,
0xFD,0x37,0x2D,0x37,0x38,0x29,0x31,0x25,0x37,0x00,0x2C,0x25,0x32,0x00,0x37,0x2D,
0x28,0x33,0xFD,0x28,0x29,0x37,0x38,0x36,0x39,0x2D,0x28,0x33,0x37,0xE2,0xFF,
};
alignas(16) inline constexpr uint16_t mmz2_msg06_script_offsets[] = {
0x0000,0x00AD,0x01B2,0x01FB,0x0242,0x0289,0x02D5,0x0369,
0x03AC,0x03EC,0x03F5,0x04A3,0x04F8,0x0536,
};
constexpr int mmz2_msg06_num_entries = 14;
alignas(16) inline constexpr uint8_t mmz2_msg06_script_data[] = {
0xF3,0x00,0x1A,0x2D,0x30,0x33,0x38,0x33,0xE3,0x00,0x18,0x33,0xE4,0x00,0x32,0x33,
0x00,0x34,0x33,0x28,0x29,0x31,0x33,0x37,0xFD,0x25,0x27,0x29,0x36,0x27,0x25,0x36,
0x32,0x33,0x37,0x00,0x31,0xF0,0x10,0x37,0xE2,0xE2,0xE2,0xFD,0x37,0x2D,0x32,0x33,
0x00,0x32,0x33,0x37,0x00,0x28,0x29,0x38,0x29,0x27,0x38,0x25,0x36,0xF0,0x10,0x32,
0xFD,0x29,0x32,0x00,0x29,0x30,0x00,0x36,0x25,0x28,0x25,0x36,0xE2,0xFD,0x0D,0x2D,
0x29,0x30,0xE3,0x00,0xE2,0xE2,0xE2,0x24,0x29,0x36,0x33,0xE2,0x00,0x0D,0x39,0x25,
0x32,0x28,0x33,0xFD,0x30,0x30,0x29,0x2B,0x39,0x29,0x37,0x00,0x25,0x30,0x00,0x25,
0x3A,0x2D,0xF0,0x13,0x32,0xFD,0x29,0x32,0x29,0x31,0x2D,0x2B,0x33,0xE4,0x00,0x25,
0x3A,0xF0,0x12,0x37,0x25,0x31,0x29,0xFD,0x25,0x27,0x38,0x2D,0x3A,0x25,0x32,0x28,
0x33,0x00,0x29,0x30,0x00,0x1E,0x36,0x25,0x32,0x37,0xFD,0x1D,0x29,0x36,0x3A,0x29,
0x36,0x00,0x34,0x33,0x36,0x38,0xF0,0x10,0x38,0x2D,0x30,0xE2,0xFF,0xF3,0x0B,0xF0,
0x1E,0x18,0x33,0x00,0x27,0x36,0x29,0x25,0x37,0x00,0x35,0x39,0x29,0xFC,0x34,0x33,
0x28,0x36,0xF0,0x10,0x37,0x00,0x3A,0x33,0x30,0x3A,0x29,0x36,0xFC,0x2A,0xF0,0x10,
0x27,0x2D,0x30,0x31,0x29,0x32,0x38,0x29,0xE4,0x00,0x24,0x29,0x36,0x33,0xE5,0xFD,
0x1D,0xF0,0x11,0x00,0x35,0x39,0x29,0x00,0x3D,0x25,0x00,0x2C,0x25,0x37,0xFC,0x30,
0x2D,0x26,0x29,0x36,0x25,0x28,0x33,0x00,0x30,0x25,0xFC,0x26,0x33,0x31,0x26,0x25,
0xE2,0xE2,0xE2,0xFD,0x1A,0x29,0x36,0x33,0xE4,0x00,0xF0,0x1E,0x25,0xF0,0x14,0x32,
0x00,0x34,0x39,0x29,0x28,0x33,0xFC,0x37,0x29,0x2B,0x39,0x2D,0x36,0x00,0x27,0x33,
0x32,0x00,0x32,0x39,0x29,0x37,0x38,0x36,0x25,0xFC,0x31,0x2D,0x37,0x2D,0xF0,0x13,
0x32,0x00,0x37,0x2D,0x00,0x2C,0x25,0x2B,0x33,0xFD,0x35,0x39,0x29,0x00,0x29,0x37,
0x38,0x29,0x00,0x25,0x3A,0x2D,0xF0,0x13,0x32,0xFC,0x37,0x29,0x00,0x29,0x37,0x38,
0x36,0x29,0x30,0x30,0x29,0x00,0x29,0x32,0xFC,0x38,0x39,0x00,0x26,0x25,0x37,0x29,
0xE5,0xFD,0xF0,0x1E,0x1D,0x33,0x3D,0x00,0x15,0x39,0x3B,0x25,0x2B,0x39,0x37,0x38,
0xFC,0x0B,0x32,0x27,0x2C,0x39,0x37,0xE5,0x00,0xF0,0x1E,0x1D,0x29,0x36,0x29,0x31,
0x33,0x37,0xFC,0x39,0x32,0x25,0x00,0x2A,0x30,0x29,0x27,0x2C,0x25,0x00,0x29,0x32,
0xFD,0x30,0x30,0x25,0x31,0x25,0x37,0x00,0x35,0x39,0x29,0x00,0x27,0x25,0x29,0x36,
0xF0,0x10,0xFC,0x37,0x33,0x26,0x36,0x29,0x00,0x38,0x39,0x00,0x26,0x25,0x37,0x29,
0xE5,0xFF,0xF3,0x0A,0xF0,0x1E,0x12,0xE2,0xE2,0xE2,0x00,0x2C,0x29,0x36,0x31,0x25,
0x32,0x33,0x33,0x33,0x33,0x33,0xE5,0xFD,0x16,0x33,0x00,0x37,0x2D,0x29,0x32,0x38,
0x33,0x33,0x33,0x33,0x33,0xE2,0xE2,0xE2,0xFC,0xF0,0x1E,0x10,0x25,0x30,0x30,0xF0,
0x11,0x00,0x29,0x32,0x00,0x3A,0x29,0x32,0x2B,0x25,0x36,0x38,0x29,0xE4,0xFC,0x2C,
0x29,0x36,0x31,0x25,0x32,0x33,0x33,0x33,0x33,0xE5,0xFF,0xF3,0x08,0x12,0x29,0x00,
0x2A,0x2D,0x2E,0x25,0x28,0x33,0x00,0x30,0x25,0x37,0xFC,0x27,0x33,0x33,0x36,0x28,
0x29,0x32,0x25,0x28,0x25,0x37,0x00,0x28,0x29,0xFC,0x38,0x36,0x25,0x32,0x37,0x2A,
0x29,0x36,0x29,0x32,0x27,0x2D,0x25,0xE2,0xFD,0x1E,0x36,0x25,0x32,0x37,0x2A,0x2D,
0x29,0x36,0x29,0x00,0x25,0x00,0x0D,0x2D,0x29,0x30,0xFC,0x25,0x35,0x39,0xF0,0x12,
0xE2,0xFF,0xF3,0x07,0x16,0x2D,0x26,0x29,0x36,0x25,0x36,0xF0,0x11,0xFC,0x36,0xF0,
0x10,0x34,0x2D,0x28,0x25,0x31,0x29,0x32,0x38,0x29,0xFC,0x30,0x25,0x00,0x26,0x33,
0x31,0x26,0x25,0xE2,0xE2,0xE2,0xFD,0x0F,0x30,0x00,0x28,0x2D,0x37,0x34,0x33,0x37,
0x2D,0x38,0x2D,0x3A,0x33,0xFC,0x29,0x37,0xE2,0xE2,0xE2,0xFD,0x0B,0x35,0x39,0xF0,
0x12,0x00,0x29,0x37,0x38,0xF0,0x10,0xE2,0xFF,0xF3,0x07,0x18,0x29,0x27,0x29,0x37,
0x2D,0x38,0x33,0x00,0x32,0x33,0x3A,0x29,0x32,0x38,0x25,0xFC,0x37,0x29,0x2B,0x39,
0x32,0x28,0x33,0x37,0x00,0x34,0x25,0x36,0x25,0xFC,0x30,0x2D,0x26,0x29,0x36,0x25,
0x36,0x00,0x29,0x30,0x00,0x2A,0x39,0x37,0x2D,0x26,0x30,0x29,0xE2,0xFD,0x1A,0x33,
0x36,0x00,0x2A,0x25,0x3A,0x33,0x36,0xE4,0xFC,0x27,0xF0,0x14,0x26,0x36,0x29,0x31,
0x29,0xE2,0xE2,0xE2,0xFF,0xF3,0x00,0x0D,0x2D,0x29,0x30,0xE3,0x00,0xF0,0x1E,0x0F,
0x30,0x00,0x2A,0x39,0x37,0x2D,0x26,0x30,0x29,0x00,0x2C,0x25,0x00,0x37,0x2D,0x28,
0x33,0xFD,0x30,0x2D,0x26,0x29,0x36,0x25,0x28,0x33,0xE5,0xFD,0x19,0x34,0x29,0x36,
0x25,0x28,0x33,0x36,0x25,0xE3,0x00,0x12,0x29,0x31,0x33,0x37,0x00,0x27,0x33,0x32,
0x2A,0x2D,0x36,0x31,0x25,0x28,0x33,0xFD,0x29,0x30,0x00,0x2A,0x39,0x37,0x2D,0x26,
0x30,0x29,0x00,0x2C,0x25,0x00,0x37,0x2D,0x28,0x33,0x00,0x30,0x2D,0x26,0x29,0x36,
0x25,0x28,0x33,0xE2,0xFD,0x1A,0x36,0x29,0x34,0x25,0x36,0x25,0x32,0x28,0x33,0x00,
0x30,0x25,0x00,0x38,0x36,0x25,0x32,0x37,0x2A,0x29,0x36,0x29,0x32,0x27,0x2D,0x25,
0xE2,0xFD,0x0B,0x37,0x29,0x2B,0x39,0x36,0x29,0x32,0x00,0x37,0x39,0x00,0x34,0x33,
0x37,0x2D,0x27,0x2D,0xF0,0x13,0x32,0xE2,0xFF,0xF3,0x08,0xF0,0x1E,0x0D,0x2D,0x29,
0x30,0xE5,0xFC,0xF0,0x1E,0xF0,0x1E,0x20,0x29,0x00,0x25,0x28,0x29,0x30,0x25,0x32,
0x38,0x29,0xE5,0xE5,0xFD,0xF3,0x07,0xF0,0x1E,0x0F,0x37,0x38,0xF0,0x10,0x00,0x26,
0x2D,0x29,0x32,0xE5,0xFC,0xF0,0x1E,0xF0,0x1E,0x1D,0xF0,0x12,0x2B,0x39,0x29,0x31,
0x29,0x00,0x36,0xF0,0x10,0x34,0x2D,0x28,0x33,0xE5,0xE5,0xFF,0xF3,0x00,0x19,0x34,
0x29,0x36,0x25,0x28,0x33,0x36,0x25,0xE3,0x00,0x1A,0x33,0x37,0x2D,0x27,0x2D,0xF0,
0x13,0x32,0x00,0xFD,0x25,0x37,0x29,0x2B,0x39,0x36,0x25,0x28,0x25,0xE2,0xFD,0x0D,
0x33,0x31,0x29,0x32,0x3E,0x25,0x32,0x28,0x33,0x00,0x30,0x25,0x00,0x38,0x36,0x25,
0x32,0x37,0x2A,0x29,0x36,0x29,0x32,0x27,0x2D,0x25,0xE2,0xFF,0xF3,0x08,0xE2,0xE2,
0xE2,0xE5,0xF0,0x08,0xFF,0xF3,0x00,0x0D,0x2D,0x29,0x30,0xE3,0x00,0xF0,0x1E,0x0F,
0x37,0x00,0x39,0x32,0x25,0x00,0x29,0x31,0x29,0x36,0x2B,0x29,0x32,0x27,0x2D,0x25,
0xE4,0xFD,0x24,0x29,0x36,0x33,0xE5,0xFD,0x0E,0x29,0x26,0x2D,0x28,0x33,0x00,0x25,
0x00,0x30,0x25,0x37,0x00,0x38,0x39,0x36,0x26,0x39,0x30,0x29,0x32,0x27,0x2D,0x25,
0x37,0xE2,0xE2,0xE2,0xFD,0xF0,0x1E,0x16,0x25,0x00,0x38,0x36,0x25,0x32,0x37,0x2A,
0x29,0x36,0x29,0x32,0x27,0x2D,0x25,0x00,0x32,0x33,0x00,0xFD,0x2A,0x39,0x32,0x27,
0x2D,0x33,0x32,0x25,0x36,0xF0,0x10,0xE5,0xFD,0x0F,0x30,0x00,0x25,0x30,0x31,0x25,
0x27,0x29,0x32,0x25,0x31,0x2D,0x29,0x32,0x38,0x33,0x00,0x28,0x29,0x30,0x00,0x25,
0x3A,0x2D,0xF0,0x13,0x32,0xFD,0x29,0x37,0x38,0xF0,0x10,0x00,0x28,0x25,0xF0,0x1C,
0x25,0x28,0x33,0xE2,0xFD,0xF0,0x1E,0x1A,0x33,0x36,0x00,0x2A,0x25,0x3A,0x33,0x36,
0xE4,0x00,0x29,0x37,0x27,0x25,0x34,0x25,0x00,0x34,0x33,0x36,0x00,0x25,0x2C,0xF0,
0x12,0xE5,0xFF,0xF3,0x00,0x0D,0x2D,0x29,0x30,0xE3,0x00,0xF0,0x1E,0x1A,0x33,0x36,
0x00,0x2A,0x25,0x3A,0x33,0x36,0xE4,0x00,0x37,0x25,0x30,0x38,0x25,0xE5,0xFD,0x18,
0x39,0x29,0x37,0x38,0x36,0x25,0x00,0x25,0x29,0x36,0x33,0x32,0x25,0x3A,0x29,0x00,
0x29,0x37,0x38,0xF0,0x10,0x00,0x29,0x32,0xFD,0x29,0x37,0x34,0x29,0x36,0x25,0x00,
0x3D,0x00,0x30,0x2D,0x37,0x38,0x25,0x00,0x34,0x25,0x36,0x25,0xFD,0x36,0x29,0x27,
0x33,0x2B,0x29,0x36,0x38,0x29,0xE2,0xFF,0xF3,0x00,0x0D,0x2D,0x29,0x30,0xE3,0x00,
0x1E,0x29,0x36,0x31,0x2D,0x32,0xF0,0x11,0x00,0xFD,0x25,0x34,0x36,0x33,0x3C,0x2D,
0x31,0x25,0x28,0x25,0x31,0x29,0x32,0x38,0x29,0xFD,0x30,0x25,0x00,0x31,0x2D,0x38,
0x25,0x28,0x00,0x28,0x29,0x00,0x31,0x2D,0x00,0x25,0x32,0xF0,0x10,0x30,0x2D,0x37,
0x2D,0x37,0xE2,0xE2,0xE2,0xFF,0xF3,0x00,0x0D,0x2D,0x29,0x30,0xE3,0x00,0x1B,0x39,
0x2D,0x3E,0xF0,0x10,0x00,0x29,0x37,0x38,0xF0,0x11,0x00,0x30,0x2D,0x37,0x38,0x33,
0xFD,0x34,0x36,0x33,0x32,0x38,0x33,0xE2,0xE2,0xE2,0xFF,
};
alignas(16) inline constexpr uint16_t mmz2_msg07_script_offsets[] = {
0x0000,0x00A0,0x016A,0x01DE,
};
constexpr int mmz2_msg07_num_entries = 4;
alignas(16) inline constexpr uint8_t mmz2_msg07_script_data[] = {
0xF3,0x00,0x19,0x34,0x29,0x36,0x25,0x28,0x33,0x36,0x25,0xE3,0x00,0x28,0x29,0x37,
0x38,0x36,0x39,0x3D,0x29,0x00,0x38,0x33,0x28,0x33,0x37,0xFD,0x30,0x33,0x37,0x00,
0x36,0x29,0x25,0x27,0x38,0x33,0x36,0x29,0x37,0x00,0x28,0x29,0x00,0x29,0x32,0x29,
0x36,0x2B,0xF0,0x12,0x25,0xFD,0x34,0x25,0x36,0x25,0x00,0x28,0x29,0x38,0x29,0x32,
0x29,0x36,0x00,0x30,0x25,0x37,0x00,0x2A,0x39,0x32,0x27,0x2D,0x33,0x32,0x29,0x37,
0xFD,0x28,0x29,0x00,0x30,0x25,0x00,0x2A,0xF0,0x10,0x26,0x36,0x2D,0x27,0x25,0x00,
0x28,0x29,0x00,0x39,0x32,0x25,0x00,0x3A,0x29,0x3E,0xFD,0x34,0x33,0x36,0x00,0x38,
0x33,0x28,0x25,0x37,0xE2,0xFD,0x0B,0x27,0x38,0x39,0x25,0x30,0x31,0x29,0x32,0x38,
0x29,0x00,0x2C,0x25,0x3D,0x00,0x27,0x39,0x25,0x38,0x36,0x33,0xFD,0x36,0x29,0x25,
0x27,0x38,0x33,0x36,0x29,0x37,0x00,0x25,0x27,0x38,0x2D,0x3A,0x33,0x37,0xE2,0xFF,
0xF3,0x13,0xF0,0x1F,0x1B,0x39,0xF0,0x11,0x00,0x29,0x37,0x38,0xF0,0x10,0x37,0xFC,
0x2C,0x25,0x27,0x2D,0x29,0x32,0x28,0x33,0x00,0x25,0x35,0x39,0xF0,0x12,0xF0,0x08,
0xFD,0xF0,0x1E,0x0D,0xF0,0x13,0x31,0x33,0x00,0x38,0x29,0x00,0x25,0x38,0x36,0x29,
0x3A,0x29,0x37,0x00,0x25,0xFC,0x31,0x29,0x36,0x33,0x28,0x29,0x25,0x36,0x00,0x29,
0x32,0x00,0x31,0x2D,0x00,0xF0,0x10,0x36,0x29,0x25,0xE5,0xFD,0x23,0x33,0x00,0x37,
0x33,0x3D,0x00,0x1A,0x2C,0x33,0x29,0x32,0x2D,0x3C,0xFC,0x17,0x25,0x2B,0x32,0x2D,
0x33,0x32,0xE2,0xFD,0x0C,0x39,0x29,0x32,0x33,0xE4,0x00,0x34,0x25,0x2B,0x25,0x36,
0xF0,0x10,0x37,0xFC,0x34,0x33,0x36,0x00,0x29,0x37,0x38,0x29,0x00,0x2D,0x32,0x37,
0x39,0x30,0x38,0x33,0xE2,0xE2,0xE2,0xFD,0xF0,0x1E,0x0D,0x33,0x32,0x00,0x31,0x2D,
0x00,0x30,0x30,0x25,0x31,0x25,0xFC,0x2A,0xF0,0x11,0x32,0x2D,0x3C,0xE5,0xFD,0x1A,
0x39,0x36,0x2D,0x2A,0x2D,0x27,0x25,0x36,0xF0,0x11,0x00,0x38,0x39,0xFC,0x31,0x29,
0x32,0x38,0x29,0x00,0x31,0x25,0x30,0x3A,0x25,0x28,0x25,0xFC,0x27,0x33,0x32,0x00,
0x31,0x2D,0x00,0x2A,0x39,0x29,0x2B,0x33,0xE2,0xFF,0xF3,0x12,0xE2,0xE2,0xE2,0x00,
0x23,0x33,0x00,0x37,0x33,0x3D,0xE2,0xE2,0xE2,0xFC,0xE2,0xE2,0xE2,0x39,0x32,0x00,
0x2A,0xF0,0x11,0x32,0x2D,0x3C,0xE2,0xE2,0xE2,0xFD,0x20,0x33,0x30,0x3A,0x29,0x36,
0xF0,0x11,0xE2,0xE2,0xE2,0xFC,0x39,0x32,0x25,0x00,0x3D,0x00,0x33,0x38,0x36,0x25,
0x00,0x3A,0x29,0x3E,0xE2,0xE2,0xE2,0xFD,0x12,0x25,0x37,0x38,0x25,0x00,0x35,0x39,
0x29,0x00,0x34,0x25,0x2B,0x39,0x29,0x37,0xFC,0x34,0x33,0x36,0x00,0x38,0x39,0x00,
0x2D,0x32,0x37,0x39,0x30,0x38,0x33,0xE2,0xE2,0xE2,0xFD,0x1F,0x2C,0xE2,0xE2,0xE2,
0x00,0xF0,0x1E,0x1F,0x3B,0x33,0x33,0x33,0x33,0x33,0x33,0x2C,0xE5,0xFF,0xF3,0x00,
0x19,0x34,0x29,0x36,0x25,0x28,0x33,0x36,0x25,0xE3,0x00,0x24,0x29,0x36,0x33,0xE4,
0x00,0xF0,0x1F,0x34,0x39,0x29,0x28,0x29,0x37,0xFD,0x33,0xF0,0x12,0x36,0x31,0x29,
0xF0,0x08,0x00,0x1F,0x37,0x25,0x00,0x39,0x32,0x25,0xFD,0x0F,0x37,0x27,0x25,0x34,
0x29,0x00,0x1F,0x32,0x2D,0x38,0x00,0x34,0x25,0x36,0x25,0x00,0x3A,0x33,0x30,0x3A,
0x29,0x36,0xFD,0x25,0x00,0x30,0x25,0x00,0x26,0x25,0x37,0x29,0x00,0x28,0x29,0x37,
0x28,0x29,0x00,0x29,0x37,0x38,0x25,0xFD,0xF0,0x10,0x36,0x29,0x25,0xE2,0xE2,0xFF,

};
alignas(16) inline constexpr uint16_t mmz2_msg08_script_offsets[] = {
0x0000,0x007C,0x00F7,0x0179,
};
constexpr int mmz2_msg08_num_entries = 4;
alignas(16) inline constexpr uint8_t mmz2_msg08_script_data[] = {
0xF3,0x00,0x19,0x34,0x29,0x36,0x25,0x28,0x33,0x36,0x25,0xE3,0x00,0x0D,0x33,0x32,
0x2A,0x2D,0x36,0x31,0x25,0x31,0x33,0x37,0x00,0x35,0x39,0x29,0xFD,0x2C,0x25,0x3D,
0x00,0x37,0x39,0x31,0x2D,0x32,0x2D,0x37,0x38,0x36,0x33,0x37,0xFD,0x29,0x32,0x00,
0x29,0x37,0x38,0x29,0x00,0x38,0x36,0x29,0x32,0x00,0x28,0x29,0x00,0x38,0x36,0x25,
0x32,0x37,0x34,0x33,0x36,0x38,0x29,0xE2,0xFD,0x0D,0x39,0x2D,0x28,0x25,0x28,0x33,
0x00,0x27,0x33,0x32,0x00,0x30,0x33,0x37,0x00,0x33,0x26,0x37,0x38,0xF0,0x10,0x27,
0x39,0x30,0x33,0x37,0xFD,0x3D,0x00,0x25,0x34,0x33,0x28,0xF0,0x11,0x36,0x25,0x38,
0x29,0x00,0x28,0x29,0x30,0x00,0x38,0x36,0x29,0x32,0xE2,0xFF,0xF3,0x11,0xF0,0x1E,
0x19,0x3D,0x29,0xE4,0x00,0x38,0xF0,0x14,0xE5,0xFD,0xF0,0x1F,0x18,0x33,0x00,0x37,
0x25,0x26,0x29,0x37,0x00,0x35,0x39,0x29,0xFC,0x29,0x37,0x38,0x29,0x00,0x29,0x37,
0xFC,0x38,0x29,0x36,0x36,0x2D,0x38,0x33,0x36,0x2D,0x33,0x00,0x28,0x29,0x30,0xFD,
0x17,0x25,0x29,0x37,0x38,0x36,0x33,0x00,0x12,0x25,0x36,0x34,0x39,0x2D,0x25,0xF0,
0x08,0xFD,0x12,0x39,0x2C,0xE4,0x00,0xF0,0x1E,0x39,0x32,0x00,0x29,0x37,0x26,0x2D,
0x36,0x36,0x33,0x00,0x28,0x29,0xFC,0x30,0x25,0x00,0x36,0x29,0x37,0x2D,0x37,0x38,
0x29,0x32,0x27,0x2D,0x25,0xE5,0xFD,0xF0,0x1E,0x1E,0x29,0x00,0x28,0x29,0x38,0x29,
0x32,0x28,0x36,0xF0,0x11,0xE5,0xFF,0xF3,0x10,0x18,0x33,0xE2,0xE2,0xE2,0x00,0x18,
0x33,0xE2,0xE2,0xE2,0xFC,0x18,0x33,0x00,0x34,0x39,0x29,0x28,0x33,0x00,0x27,0x36,
0x29,0x29,0x36,0xFC,0x29,0x37,0x38,0x33,0xE2,0xE2,0xE2,0xFD,0x17,0x25,0x29,0x37,
0x38,0x36,0x33,0x00,0x12,0x25,0x36,0x34,0x39,0x2D,0x25,0xE2,0xE2,0xE2,0xFD,0x0F,
0x37,0x38,0x33,0x3D,0x00,0x25,0x3A,0x29,0x36,0x2B,0x33,0x32,0x3E,0x25,0x28,0x33,
0xE2,0xE2,0xE2,0xFC,0x18,0x33,0x00,0x2A,0x39,0x2D,0x00,0x30,0x33,0x00,0x37,0x39,
0x2A,0x2D,0x27,0x2D,0x29,0x32,0xF0,0x01,0xFC,0x38,0x29,0x31,0x29,0x32,0x38,0x29,
0x00,0x26,0x39,0x29,0x32,0x33,0xE2,0xE2,0xE2,0xFD,0xF0,0x1E,0x11,0x39,0x2C,0x2C,
0x2C,0x25,0xE2,0xE2,0xE2,0xE2,0x2C,0xE5,0xFF,0xF3,0x00,0x19,0x34,0x29,0x36,0x25,
0x28,0x33,0x36,0x25,0xE3,0x00,0xF0,0x1E,0x1D,0x36,0xE2,0x00,0x24,0x29,0x36,0x33,
0xE5,0xFD,0xF0,0x1E,0x1A,0x33,0x36,0x00,0x2A,0x25,0x3A,0x33,0x36,0xE4,0x00,0x29,
0x37,0x27,0x39,0x27,0x2C,0x29,0xE5,0xFD,0x17,0x29,0x27,0x25,0x32,0x2D,0x30,0x33,
0x2D,0x28,0x29,0x37,0x00,0x29,0x32,0x29,0x31,0x2D,0x2B,0x33,0x37,0xFD,0x37,0x29,
0x00,0x25,0x27,0x29,0x36,0x27,0x25,0x32,0x00,0x25,0x00,0x39,0x37,0x38,0x29,0x28,
0xE2,0xFD,0x16,0x25,0x00,0x31,0x2D,0x37,0x2D,0xF0,0x13,0x32,0x00,0x28,0x29,0x00,
0x29,0x30,0x30,0x33,0x37,0x00,0x29,0x37,0xFD,0x36,0x29,0x27,0x39,0x34,0x29,0x36,
0x25,0x36,0x00,0x30,0x33,0x37,0x00,0x37,0x39,0x31,0x2D,0x32,0x2D,0x37,0x38,0x36,
0x33,0x37,0xE2,0xFD,0x1A,0x36,0x33,0x38,0x29,0x2B,0x29,0x00,0x30,0x33,0x37,0x00,
0x37,0x39,0x31,0x2D,0x32,0x2D,0x37,0x38,0x36,0x33,0x37,0xFD,0x3D,0x00,0x25,0x27,
0x25,0x26,0x25,0x00,0x27,0x33,0x32,0x00,0x30,0x33,0x37,0x00,0x29,0x32,0x29,0x31,
0x2D,0x2B,0x33,0x37,0xE2,0xFF,
};
alignas(16) inline constexpr uint16_t mmz2_msg09_script_offsets[] = {
0x0000,0x0044,0x0161,0x01CD,0x032E,0x0413,0x045F,0x0596,
0x06F6,0x0749,
};
constexpr int mmz2_msg09_num_entries = 10;
alignas(16) inline constexpr uint8_t mmz2_msg09_script_data[] = {
0xF3,0x00,0x0D,0x2D,0x29,0x30,0xE3,0x00,0xE2,0xE2,0xE2,0x00,0x16,0x33,0x00,0x29,
0x32,0x27,0x33,0x32,0x38,0x36,0x25,0x37,0x38,0x29,0xE2,0xFD,0x24,0x29,0x36,0x33,
0xE2,0xE2,0xE2,0x00,0x29,0x32,0x27,0xF0,0x10,0x36,0x2B,0x25,0x38,0x29,0x00,0x28,
0x29,0x00,0xF0,0x11,0x30,0xE2,0xE2,0xE2,0xFD,0x1A,0x33,0x36,0x00,0x2A,0x25,0x3A,
0x33,0x36,0xE2,0xFF,0xF3,0x17,0xF0,0x1E,0x0F,0xE2,0xE2,0xE2,0x00,0x0F,0x29,0x29,
0x29,0x37,0x34,0x29,0x36,0x25,0xE5,0xFD,0x0F,0x37,0x34,0x29,0x36,0x25,0xE2,0x00,
0x0F,0x37,0x34,0x29,0x36,0x25,0xE2,0xFC,0x0F,0x37,0x34,0x29,0x36,0x25,0xE2,0xFD,
0xF0,0x1E,0x18,0x25,0x28,0x2D,0x29,0x00,0x34,0x39,0x29,0x28,0x29,0x00,0x34,0x25,
0x37,0x25,0x36,0xFC,0x28,0x29,0x00,0x25,0x35,0x39,0xF0,0x12,0xE4,0x00,0x36,0x2D,
0x26,0x26,0x2D,0x38,0xE5,0xFD,0x0F,0x37,0x38,0x25,0x00,0x29,0x37,0x00,0x39,0x32,
0x25,0x00,0x33,0x36,0x28,0x29,0x32,0xFC,0x28,0x29,0x30,0x00,0x17,0x25,0x29,0x37,
0x38,0x36,0x33,0x00,0x12,0x25,0x36,0x34,0x39,0x2D,0x25,0xE4,0xFC,0xF0,0x1E,0x36,
0x2D,0x26,0x26,0x2D,0x38,0xE5,0xFD,0xE2,0xE2,0xE2,0x00,0xE2,0xE2,0xE2,0x00,0xE2,
0xE2,0xE2,0xF0,0x08,0xFD,0xF0,0x1F,0x12,0x31,0x31,0xF0,0x08,0x00,0xF0,0x1F,0x12,
0x25,0x3D,0x00,0x25,0x30,0x2B,0x39,0x2D,0x29,0x32,0xFC,0x28,0x29,0x30,0x00,0x33,
0x38,0x36,0x33,0x00,0x30,0x25,0x28,0x33,0x00,0x28,0x29,0xFC,0x30,0x25,0x00,0x34,
0x39,0x29,0x36,0x38,0x25,0xF0,0x08,0x00,0x1C,0x2D,0x26,0x26,0x2D,0x38,0xE2,0xFD,
0x18,0x33,0x00,0x34,0x39,0x29,0x28,0x29,0x00,0x37,0x29,0x36,0xE2,0xE2,0xE2,0xFC,
0x1D,0x29,0x2B,0x39,0x36,0x33,0x00,0x29,0x37,0x00,0x39,0x32,0x25,0xFC,0x2A,0x25,
0x30,0x37,0x25,0x00,0x25,0x30,0x25,0x36,0x31,0x25,0xE2,0xFD,0x18,0x29,0x27,0x29,
0x37,0x2D,0x38,0x33,0x00,0x35,0x39,0x29,0x00,0x31,0x29,0xFC,0x27,0x25,0x31,0x26,
0x2D,0x29,0x32,0x00,0x29,0x30,0x00,0x37,0x29,0x32,0x37,0x33,0x36,0xE2,0xE2,0xE2,
0xFF,0xF3,0x16,0x1F,0x31,0xE2,0xE2,0xE2,0x00,0x1F,0x2B,0x2C,0x25,0xE2,0xE2,0xE2,
0xE2,0xFD,0xF0,0x1E,0x17,0x25,0x29,0x37,0x38,0x36,0x33,0x00,0x12,0x25,0x36,0x34,
0x39,0x2D,0x25,0xE5,0xFD,0xF0,0x1F,0x0D,0xF0,0x13,0x31,0x33,0x00,0x34,0x39,0x29,
0x28,0x33,0xFC,0x28,0x2D,0x37,0x27,0x39,0x30,0x34,0x25,0x36,0x31,0x29,0x00,0x25,
0x32,0x38,0x29,0x00,0x29,0x30,0xFC,0x17,0x25,0x29,0x37,0x38,0x36,0x33,0x00,0x12,
0x25,0x36,0x34,0x39,0x2D,0x25,0xE2,0xE2,0xE2,0xF0,0x08,0xFD,0xF0,0x1E,0x1F,0x2B,
0xE2,0xE2,0xE2,0x00,0x11,0x3B,0x25,0x25,0x25,0x25,0x2C,0xE5,0xFF,0xF3,0x4F,0x14,
0x25,0x00,0x2E,0x25,0x00,0x2E,0x25,0xE4,0x00,0x24,0x29,0x36,0x33,0xE2,0xFC,0x1B,
0x39,0xF0,0x11,0x00,0x26,0x39,0x29,0x32,0x33,0x00,0x3A,0x29,0x36,0x38,0x29,0xFC,
0x28,0x29,0x00,0x32,0x39,0x29,0x3A,0x33,0xE2,0xFD,0xF0,0x1F,0x0B,0x27,0x25,0x37,
0x33,0xE2,0xE2,0xE2,0x00,0x31,0x29,0x00,0x29,0x37,0x38,0xF0,0x10,0x37,0xFC,0x26,
0x39,0x37,0x27,0x25,0x32,0x28,0x33,0xF0,0x08,0xFD,0xF3,0x08,0x1C,0x29,0x2B,0x36,
0x29,0x37,0x25,0x00,0x25,0x00,0x30,0x25,0x00,0x26,0x25,0x37,0x29,0xE2,0xFC,0xF0,
0x1F,0x1B,0x39,0xF0,0x11,0x00,0x34,0x39,0x29,0x28,0x29,0x37,0x00,0x2C,0x25,0x27,
0x29,0x36,0xFC,0x38,0xF0,0x14,0x00,0x37,0x33,0x30,0x33,0xE2,0xE2,0xE2,0xF0,0x08,
0xFD,0xF3,0x4F,0x0F,0x32,0x00,0x36,0x29,0x25,0x30,0x2D,0x28,0x25,0x28,0xE4,0x00,
0x34,0x39,0x29,0x28,0x33,0xFC,0x2C,0x25,0x27,0x29,0x36,0x00,0x27,0x39,0x25,0x30,
0x35,0x39,0x2D,0x29,0x36,0x00,0x27,0x33,0x37,0x25,0xFC,0x3D,0x00,0x38,0x33,0x28,
0x33,0xE2,0xE2,0xE2,0xFD,0x1D,0x33,0x30,0x33,0x00,0x32,0x29,0x27,0x29,0x37,0x2D,
0x38,0x33,0xFC,0x33,0x26,0x38,0x29,0x32,0x29,0x36,0x00,0x25,0x30,0x2B,0x33,0xE2,
0xFD,0x0E,0x29,0x37,0x27,0x39,0x26,0x36,0xF0,0x12,0x00,0x35,0x39,0x29,0xFC,0x2C,
0x25,0x3D,0x00,0x25,0x30,0x2B,0x33,0x00,0x35,0x39,0x29,0x00,0x38,0x29,0xFC,0x3A,
0x39,0x29,0x30,0x3A,0x29,0x00,0x2D,0x32,0x3A,0x29,0x32,0x27,0x2D,0x26,0x30,0x29,
0xFD,0x29,0x32,0x00,0x27,0x39,0x25,0x32,0x38,0x33,0x00,0x30,0x33,0xFC,0x27,0x33,
0x32,0x37,0x2D,0x2B,0x39,0x29,0x37,0xE2,0xE2,0xE2,0xFD,0x11,0x36,0x25,0x27,0x2D,
0x25,0x37,0x00,0x25,0x00,0x29,0x37,0x38,0x33,0x37,0xFC,0x0F,0x30,0x2A,0x33,0x37,
0x00,0x0C,0x29,0x26,0xF0,0x11,0xE2,0xE2,0xE2,0xFD,0xF3,0x08,0xF0,0x1F,0x1E,0x29,
0x00,0x36,0x29,0x2A,0x2D,0x29,0x36,0x29,0x37,0xE2,0xE2,0xE2,0x00,0x25,0x30,0xFC,
0x0E,0x25,0x36,0x2F,0x00,0x0F,0x30,0x2A,0xE2,0xE2,0xE2,0xF0,0x08,0xFF,0xF3,0x4F,
0x1D,0xF0,0x12,0xE2,0x00,0x14,0x29,0x00,0x2E,0x29,0x00,0x2E,0x29,0xE2,0xFC,0x0B,
0x32,0x38,0x29,0x37,0x00,0x34,0x29,0x32,0x37,0xF0,0x11,0x00,0x35,0x39,0x29,0xFC,
0x29,0x36,0x25,0x00,0x25,0x30,0x2B,0x33,0x00,0x28,0x29,0xFD,0x31,0x2D,0x38,0x33,
0x30,0x33,0x2B,0xF0,0x12,0x25,0xE2,0xE2,0xE2,0x00,0x1A,0x29,0x36,0x33,0xFC,0x29,
0x37,0x38,0x25,0x26,0x25,0x00,0x29,0x35,0x39,0x2D,0x3A,0x33,0x27,0x25,0x28,0x33,
0xE2,0xFC,0x12,0x29,0x00,0x30,0x30,0x29,0x2B,0x25,0x28,0x33,0x00,0x25,0x00,0x27,
0x36,0x29,0x29,0x36,0xFD,0x29,0x32,0x00,0x29,0x30,0x30,0x33,0xE2,0x00,0x16,0x25,
0x00,0x30,0x30,0x25,0x3A,0x29,0xFC,0x34,0x25,0x36,0x25,0x00,0x30,0x2D,0x26,0x29,
0x36,0x25,0x36,0x00,0x29,0x30,0xFC,0x37,0x29,0x30,0x30,0x33,0x00,0x28,0x29,0x30,
0x00,0x0E,0x25,0x36,0x2F,0x00,0x0F,0x30,0x2A,0xFD,0x29,0x37,0x38,0xF0,0x10,0x00,
0x29,0x32,0x00,0x25,0x30,0x2B,0xF0,0x14,0x32,0x00,0x30,0x39,0x2B,0x25,0x36,0xFC,
0x34,0x33,0x36,0x00,0x25,0x35,0x39,0xF0,0x12,0xE2,0xE2,0xE2,0xFD,0xF0,0x1E,0x20,
0x29,0x25,0x31,0x33,0x37,0x00,0x35,0x39,0x2D,0xF0,0x11,0x32,0xFC,0x30,0x25,0x00,
0x29,0x32,0x27,0x39,0x29,0x32,0x38,0x36,0x25,0x00,0x34,0x36,0x2D,0x31,0x29,0x36,
0x33,0xE5,0xFF,0xF3,0x4F,0x14,0x29,0x00,0x2E,0x29,0x00,0x2E,0x29,0xE2,0xFD,0xF0,
0x1E,0x10,0x2D,0x32,0x25,0x30,0x31,0x29,0x32,0x38,0x29,0xE4,0xFC,0x29,0x32,0x27,
0x33,0x32,0x38,0x36,0xF0,0x11,0x00,0x30,0x25,0x00,0x30,0x30,0x25,0x3A,0x29,0xE5,
0xFD,0x0C,0x39,0x29,0x32,0x00,0x2D,0x32,0x38,0x29,0x32,0x38,0x33,0xE4,0x00,0x24,
0x29,0x36,0x33,0xE2,0xFC,0x14,0x29,0x00,0x2E,0x29,0x00,0x2E,0x29,0xE2,0xFF,0xF3,
0x4F,0xF0,0x1E,0x11,0x2C,0x25,0x00,0x2E,0x25,0x00,0x2E,0x25,0x00,0x2E,0x25,0xE5,
0xFD,0x0B,0x2C,0x33,0x36,0x25,0xE2,0xE2,0xE2,0x00,0x1D,0x33,0x30,0x33,0x00,0x38,
0x29,0x32,0x2B,0x33,0xFC,0x35,0x39,0x29,0x00,0x36,0x33,0x31,0x34,0x29,0x36,0x00,
0x29,0x30,0x00,0x37,0x29,0x30,0x30,0x33,0xFC,0x28,0x29,0x30,0x00,0x0E,0x25,0x36,
0x2F,0x00,0x0F,0x30,0x2A,0xE2,0xFD,0x0F,0x32,0x38,0x33,0x32,0x27,0x29,0x37,0x00,
0x37,0x29,0x36,0xF0,0x11,0x00,0x38,0x25,0x32,0xFC,0x2A,0x39,0x29,0x36,0x38,0x29,
0x00,0x27,0x33,0x31,0x33,0x00,0x38,0xF0,0x14,0xE4,0xFC,0x24,0x29,0x36,0x33,0xE2,
0xFD,0xF0,0x1F,0x19,0x00,0x28,0x29,0x26,0x29,0x36,0xF0,0x12,0x25,0x00,0x28,0x29,
0x27,0x2D,0x36,0xE4,0xFC,0x31,0x25,0x37,0x00,0x2A,0x39,0x29,0x36,0x38,0x29,0x00,
0x35,0x39,0x29,0xFC,0x38,0xF0,0x14,0xE2,0xE2,0xE2,0xF0,0x08,0xFD,0x19,0x2C,0xE4,
0x00,0x32,0x33,0x00,0x31,0x29,0x00,0x31,0x25,0x30,0x2D,0x32,0x38,0x29,0x36,0xF0,
0x01,0xFC,0x34,0x36,0x29,0x38,0x29,0x37,0xE2,0xE2,0xE2,0x00,0x18,0x33,0x00,0x39,
0x37,0x25,0x36,0xF0,0x11,0xFC,0x29,0x37,0x38,0x29,0x00,0x34,0x33,0x28,0x29,0x36,
0x00,0x34,0x25,0x36,0x25,0xFD,0x29,0x30,0x00,0x31,0x25,0x30,0xE2,0xFC,0x16,0x33,
0x00,0x2C,0x25,0x36,0xF0,0x11,0x00,0x34,0x33,0x36,0x00,0x30,0x25,0xFC,0x34,0x25,
0x3E,0x00,0x31,0x39,0x32,0x28,0x2D,0x25,0x30,0xE2,0xFD,0x23,0x00,0x34,0x33,0x36,
0x00,0x30,0x25,0x00,0x1D,0x36,0x38,0x25,0xE2,0x00,0x0D,0x2D,0x29,0x30,0xE2,0xFD,
0xF3,0x3A,0x17,0x2D,0x00,0x31,0x2D,0x31,0x2D,0xE2,0xE2,0xE2,0xFD,0x17,0x25,0x31,
0xE2,0xE2,0x00,0x31,0x25,0xE2,0xE2,0xE2,0xFC,0x17,0x2D,0x00,0x17,0x2D,0x31,0x2D,
0x31,0x2D,0xE2,0xE2,0xE2,0xFF,0xF3,0x55,0xE2,0xE2,0xE2,0x00,0xE2,0xE2,0xE2,0x00,
0xE2,0xE2,0xE2,0xFD,0x1A,0x29,0x36,0x28,0xF0,0x13,0x32,0xE4,0x00,0x24,0x29,0x36,
0x33,0xE2,0xE2,0xE2,0xFD,0x18,0x33,0x00,0x29,0x37,0x34,0x29,0x36,0x25,0x26,0x25,
0x00,0x35,0x39,0x29,0xFC,0x37,0x29,0x00,0x3A,0x33,0x30,0x3A,0x2D,0x29,0x36,0x25,
0x32,0xFC,0x38,0x25,0x32,0x00,0x2A,0x39,0x29,0x36,0x38,0x29,0x37,0xE2,0xE2,0xFD,
0xF3,0x08,0x22,0xE2,0xE2,0xE2,0xFD,0xF3,0x55,0x17,0x2D,0x29,0x32,0x38,0x36,0x25,
0x37,0x00,0x29,0x37,0x38,0xF0,0x11,0x00,0x34,0x36,0x33,0x38,0x29,0xF0,0x01,0xFC,
0x2B,0x2D,0x29,0x32,0x28,0x33,0x00,0x29,0x30,0x00,0x37,0x29,0x30,0x30,0x33,0x00,
0x28,0x29,0x30,0xFC,0x27,0x39,0x29,0x36,0x34,0x33,0x00,0x34,0x36,0x2D,0x32,0x27,
0x2D,0x34,0x25,0x30,0xE4,0xFD,0x32,0x33,0x00,0x29,0x37,0x38,0x33,0x3D,0x00,0x29,
0x32,0xFC,0x27,0x33,0x32,0x28,0x2D,0x27,0x2D,0x33,0x32,0x29,0x37,0x00,0x28,0x29,
0xFC,0x29,0x32,0x2A,0x36,0x29,0x32,0x38,0x25,0x36,0x30,0x33,0x37,0xE2,0xE2,0xE2,
0xFD,0xF3,0x08,0x18,0x33,0x00,0x38,0x29,0x00,0x34,0x36,0x29,0x33,0x27,0x39,0x34,
0x29,0x37,0xE2,0xE2,0xE2,0xFD,0x23,0x33,0x00,0x31,0x29,0x00,0x29,0x32,0x27,0x25,
0x36,0x2B,0x25,0x36,0xF0,0x11,0xE2,0xE2,0xE2,0xFD,0xF3,0x55,0xE2,0xE2,0xE2,0x00,
0xE2,0xE2,0xE2,0x00,0xE2,0xE2,0xE2,0xFD,0x0F,0x37,0x38,0xF0,0x10,0x00,0x36,0x29,
0x37,0x34,0x33,0x32,0x28,0x2D,0x29,0x32,0x28,0x33,0xFC,0x25,0x00,0x37,0x39,0x37,
0x00,0x2C,0x2D,0x2E,0x33,0x37,0xE2,0xE2,0xE2,0xFC,0x24,0x29,0x36,0x33,0xE2,0xE2,
0xE2,0x00,0x18,0x33,0x00,0x38,0x29,0x32,0x29,0x31,0x33,0x37,0xFD,0x38,0x2D,0x29,
0x31,0x34,0x33,0xE2,0xE2,0xE2,0x00,0x0E,0x29,0x26,0x29,0x37,0xFC,0x29,0x32,0x27,
0x33,0x32,0x38,0x36,0x25,0x36,0x00,0x39,0x32,0x25,0x00,0x2A,0x33,0x36,0x31,0x25,
0xFC,0x28,0x29,0x00,0x28,0x29,0x38,0x29,0x32,0x29,0x36,0x00,0x25,0x00,0x0F,0x30,
0x34,0x2D,0x3E,0x33,0xE2,0xFF,0xF3,0x08,0xE2,0xE2,0xE2,0x00,0xE2,0xE2,0xE2,0x00,
0xE2,0xE2,0xE2,0xFD,0x0F,0x30,0x00,0x0E,0x25,0x36,0x2F,0x00,0x0F,0x30,0x2A,0xE2,
0xE2,0xE2,0xFD,0xE2,0xE2,0xE2,0x00,0xE2,0xE2,0xE2,0x00,0xE2,0xE2,0xE2,0xFD,0x17,
0x2D,0x37,0x2D,0x33,0x32,0x00,0x27,0x39,0x31,0x34,0x30,0x2D,0x28,0x25,0xE2,0xFC,
0x1E,0x36,0x25,0x32,0x37,0x2A,0x2D,0x29,0x36,0x25,0x32,0x31,0x29,0xFC,0x28,0x29,
0x00,0x3A,0x39,0x29,0x30,0x38,0x25,0xE2,0xFF,0xF3,0x00,0x19,0x34,0x29,0x36,0x25,
0x28,0x33,0x36,0x25,0xE3,0x00,0x1C,0x29,0x27,0x2D,0x26,0x2D,0x28,0x33,0xE2,0xFD,
0x13,0x32,0x2D,0x27,0x2D,0x25,0x32,0x28,0x33,0x00,0x38,0x36,0x25,0x32,0x37,0x2A,
0x29,0x36,0x29,0x32,0x27,0x2D,0x25,0xE2,0xFF,
};
alignas(16) inline constexpr uint16_t mmz2_msg0A_script_offsets[] = {
0x0000,0x0087,0x014F,
};
constexpr int mmz2_msg0A_num_entries = 3;
alignas(16) inline constexpr uint8_t mmz2_msg0A_script_data[] = {
0xF3,0x00,0x0D,0x2D,0x29,0x30,0xE3,0x00,0xE2,0xE2,0xE2,0x24,0x29,0x36,0x33,0xE4,
0x00,0xF0,0x1F,0x31,0x29,0x00,0x33,0x3D,0x29,0x37,0xF0,0x08,0xFD,0x1A,0x25,0x36,
0x29,0x27,0x29,0x00,0x35,0x39,0x29,0x00,0x32,0x33,0x00,0x34,0x39,0x29,0x28,0x29,
0x37,0xFD,0x29,0x32,0x38,0x36,0x25,0x36,0x00,0x25,0x00,0x38,0x36,0x25,0x3A,0xF0,
0x11,0x37,0xFD,0x28,0x29,0x00,0x30,0x25,0x00,0x2D,0x32,0x37,0x38,0x25,0x30,0x25,
0x27,0x2D,0xF0,0x13,0x32,0xE2,0xFD,0x0E,0x29,0x26,0x29,0x37,0x00,0x2D,0x32,0x2B,
0x36,0x29,0x37,0x25,0x36,0xFD,0x28,0x29,0x37,0x28,0x29,0x00,0x25,0x2A,0x39,0x29,
0x36,0x25,0xE2,0xFD,0x17,0x25,0x32,0x38,0x29,0x32,0x38,0x29,0x00,0x25,0x30,0x29,
0x36,0x38,0x25,0xE2,0xE2,0xE2,0xFF,0xF3,0x1D,0x12,0x33,0x30,0x25,0xE4,0x00,0x24,
0x29,0x36,0x33,0xE2,0xFC,0x1B,0x39,0xF0,0x11,0x00,0x2B,0x39,0x37,0x38,0x33,0x00,
0x3A,0x33,0x30,0x3A,0x29,0x36,0xFC,0x25,0x00,0x3A,0x29,0x36,0x38,0x29,0xE2,0xFD,
0x17,0x29,0x00,0x29,0x32,0x27,0x25,0x32,0x38,0x25,0x36,0xF0,0x12,0x25,0xFC,0x2E,
0x39,0x2B,0x25,0x36,0x00,0x27,0x33,0x32,0x38,0x2D,0x2B,0x33,0xE2,0xE2,0xE2,0xFC,
0x1A,0x29,0x36,0x33,0xE4,0x00,0x34,0x33,0x36,0x00,0x28,0x29,0x37,0x2B,0x36,0x25,
0x27,0x2D,0x25,0xE4,0xFD,0x32,0x33,0x00,0x38,0x29,0x32,0x2B,0x33,0x00,0x38,0x2D,
0x29,0x31,0x34,0x33,0xE2,0xFD,0x0F,0x32,0x00,0x27,0x39,0x25,0x32,0x38,0x33,0x00,
0x38,0x29,0x00,0x28,0x29,0x36,0x36,0x33,0x38,0x29,0xFC,0x38,0x29,0x32,0x28,0x36,
0xF0,0x11,0x00,0x35,0x39,0x29,0x00,0x33,0x27,0x39,0x34,0x25,0x36,0x31,0x29,0xFC,
0x28,0x29,0x30,0x00,0x27,0x33,0x31,0x25,0x32,0x28,0x25,0x32,0x38,0x29,0xFD,0x0F,
0x30,0x34,0x2D,0x3E,0x33,0xE2,0xFD,0xF0,0x1E,0x0B,0x37,0xF0,0x12,0x00,0x35,0x39,
0x29,0x00,0x3A,0x25,0x31,0x33,0x37,0xE4,0xFC,0x24,0x29,0x36,0x33,0xE5,0xFF,0xF3,
0x1C,0x14,0x25,0x00,0x2E,0x25,0x00,0x2E,0x25,0xE2,0xE2,0xE2,0xFD,0x17,0x2D,0x29,
0x32,0x38,0x36,0x25,0x37,0x00,0x2E,0x39,0x2B,0x25,0x26,0x25,0xFC,0x27,0x33,0x32,
0x38,0x2D,0x2B,0x33,0xE2,0xE2,0xE2,0x00,0x0F,0x30,0x34,0x2D,0x3E,0x33,0x00,0x37,
0x29,0xFC,0x2A,0x39,0x29,0x00,0x25,0x00,0x25,0x30,0x2B,0xF0,0x14,0x32,0x00,0x30,
0x25,0x28,0x33,0xE2,0xE2,0xE2,0xFD,0x17,0x29,0x00,0x28,0x29,0x2E,0xF0,0x11,0x00,
0x30,0x30,0x29,0x3A,0x25,0x36,0xFC,0x34,0x33,0x36,0x00,0x30,0x25,0x00,0x28,0x2D,
0x3A,0x29,0x36,0x37,0x2D,0xF0,0x13,0x32,0xFC,0x28,0x29,0x30,0x00,0x31,0x33,0x31,
0x29,0x32,0x38,0x33,0xE2,0x00,0x1B,0x39,0xF0,0x11,0xFD,0x38,0x33,0x32,0x38,0x25,
0x00,0x2A,0x39,0x2D,0xE2,0xE2,0xE2,0xFD,0x1E,0x39,0x00,0x2A,0x39,0x29,0x36,0x3E,
0x25,0xFC,0x31,0x29,0x00,0x29,0x32,0x30,0x33,0x35,0x39,0x29,0x27,0x29,0xE2,0xE2,
0xE2,0xFD,0x16,0x25,0x00,0x34,0x36,0xF0,0x13,0x3C,0x2D,0x31,0x25,0x00,0x3A,0x29,
0x3E,0xE2,0xE2,0xE2,0xFC,0x30,0x33,0x00,0x2C,0x25,0x36,0xF0,0x11,0x00,0x31,0x29,
0x2E,0x33,0x36,0xE2,0xE2,0xE2,0xFD,0x0B,0x37,0xF0,0x12,0x00,0x35,0x39,0x29,0xE4,
0x00,0x32,0x33,0x37,0xFC,0x3A,0x29,0x36,0x29,0x31,0x33,0x37,0x00,0x28,0x29,0x00,
0x32,0x39,0x29,0x3A,0x33,0xE2,0xE2,0xE2,0xFF,
};
alignas(16) inline constexpr uint16_t mmz2_msg0B_script_offsets[] = {
0x0000,0x0096,0x00E4,0x00F2,0x0254,0x028C,0x0347,0x03A5,

};
constexpr int mmz2_msg0B_num_entries = 8;
alignas(16) inline constexpr uint8_t mmz2_msg0B_script_data[] = {
0xF3,0x00,0x0D,0x2D,0x29,0x30,0xE3,0x00,0x0F,0x37,0x38,0x29,0x00,0x28,0x29,0x26,
0x29,0x36,0xF0,0x12,0x25,0x00,0x37,0x29,0x36,0xFD,0x29,0x30,0x00,0x34,0x39,0x32,
0x38,0x33,0x00,0x28,0x29,0x00,0x36,0x29,0x39,0x32,0x2D,0xF0,0x13,0x32,0x00,0x28,
0x29,0xFD,0x32,0x39,0x29,0x37,0x38,0x36,0x33,0x37,0x00,0x27,0x25,0x31,0x25,0x36,
0x25,0x28,0x25,0x37,0xE2,0xFD,0x1B,0x39,0xF0,0x11,0x00,0x29,0x3C,0x38,0x36,0x25,
0xF0,0x1C,0x33,0xE2,0xE2,0xE2,0xFD,0x18,0x25,0x28,0x2D,0x29,0x00,0x2C,0x25,0x00,
0x30,0x30,0x29,0x2B,0x25,0x28,0x33,0xE2,0xE2,0xE2,0xFD,0x24,0x29,0x36,0x33,0xE2,
0xE2,0xE2,0x00,0x38,0x29,0x32,0x2B,0x33,0x00,0x39,0x32,0x00,0x31,0x39,0x3D,0xFD,
0x31,0x25,0x30,0x00,0x34,0x36,0x29,0x37,0x29,0x32,0x38,0x2D,0x31,0x2D,0x29,0x32,
0x38,0x33,0xE2,0xE2,0xE2,0xFF,0xF3,0x4F,0x10,0x39,0x00,0x2A,0x39,0x00,0x2A,0x39,
0xE2,0xE2,0xE2,0xFC,0x0F,0x37,0x38,0x33,0x00,0x29,0x37,0xE2,0xE2,0xE2,0xFD,0x0F,
0x37,0x38,0x33,0x3D,0x00,0x39,0x32,0x00,0x34,0x25,0x37,0x33,0x00,0x31,0xF0,0x10,
0x37,0xFC,0x27,0x29,0x36,0x27,0x25,0x00,0x28,0x29,0x30,0x00,0x0E,0x25,0x36,0x2F,
0xFC,0x0F,0x30,0x2A,0xE2,0xE2,0xE2,0xFD,0x10,0x39,0x00,0x2A,0x39,0x00,0x2A,0x39,
0xE2,0xE2,0xE2,0xFF,0xF3,0x08,0xE2,0xE2,0xE2,0x00,0xE2,0xE2,0xE2,0x00,0xE2,0xE2,
0xE2,0xFF,0xF3,0x19,0x0F,0x37,0x29,0x00,0x27,0x33,0x31,0x25,0x32,0x28,0x25,0x32,
0x38,0x29,0x00,0x38,0x39,0x3D,0x33,0xFC,0x34,0x25,0x36,0x29,0x27,0x29,0x00,0x2C,
0x25,0x26,0x29,0x36,0x00,0x36,0x29,0x27,0x39,0x34,0x29,0xF0,0x01,0xFC,0x36,0x25,
0x28,0x33,0x00,0x30,0x25,0x00,0x26,0x25,0x30,0x2D,0x3E,0x25,0x00,0x13,0x10,0x10,
0xFD,0x17,0x29,0x00,0x34,0x36,0x29,0x2B,0x39,0x32,0x38,0x33,0x00,0x35,0x39,0xF0,
0x11,0xFC,0x29,0x37,0x38,0xF0,0x10,0x00,0x38,0x36,0x25,0x31,0x25,0x32,0x28,0x33,
0xE2,0xE2,0xE2,0xFC,0xF0,0x1F,0x1A,0x33,0x36,0x00,0x35,0x39,0xF0,0x11,0x00,0x25,
0x27,0x38,0xF0,0x14,0x25,0xFD,0x37,0x33,0x30,0x33,0xE4,0x00,0x2D,0x32,0x2A,0x2D,
0x30,0x38,0x36,0x25,0x32,0x28,0x33,0x37,0x29,0xFC,0x29,0x32,0x00,0x2D,0x32,0x37,
0x38,0x25,0x30,0x25,0x27,0x2D,0x33,0x32,0x29,0x37,0x00,0x28,0x29,0xFC,0x18,0x29,
0x33,0x00,0x0B,0x36,0x27,0x25,0x28,0x2D,0x25,0xE2,0xE2,0xE2,0xF0,0x08,0xFD,0x18,
0x33,0x00,0x29,0x32,0x38,0x2D,0x29,0x32,0x28,0x33,0x00,0x37,0x39,0xFC,0x30,0xF0,
0x13,0x2B,0x2D,0x27,0x25,0x00,0x29,0x32,0x00,0x30,0x33,0xFC,0x25,0x26,0x37,0x33,
0x30,0x39,0x38,0x33,0xE2,0xE2,0xE2,0xFD,0x0B,0x39,0x32,0x35,0x39,0x29,0x00,0x38,
0x25,0x31,0x34,0x33,0x27,0x33,0xFC,0x32,0x29,0x27,0x29,0x37,0x2D,0x38,0x33,0x00,
0x37,0x25,0x26,0x29,0x36,0x30,0x33,0xE2,0xE2,0xE2,0xFC,0x1E,0x33,0x28,0x25,0x37,
0x00,0x29,0x37,0x25,0x37,0x00,0x26,0x25,0x2E,0x25,0x37,0xFD,0x27,0x33,0x32,0x28,
0x39,0x27,0x38,0x25,0x37,0x00,0x28,0x29,0x00,0x30,0x25,0xFC,0x36,0x29,0x37,0x2D,
0x37,0x38,0x29,0x32,0x27,0x2D,0x25,0x00,0x32,0x33,0x00,0x37,0x33,0x32,0xFC,0x38,
0x25,0x32,0x00,0x28,0x2D,0x37,0x38,0x2D,0x32,0x38,0x25,0x37,0xE2,0xFD,0x0C,0x39,
0x29,0x32,0x33,0xE4,0x00,0x24,0x29,0x36,0x33,0xE4,0xFC,0xF0,0x1E,0x29,0x37,0x00,
0x2C,0x33,0x36,0x25,0x00,0x28,0x29,0x00,0x35,0x39,0x29,0xFC,0x31,0x39,0x29,0x36,
0x25,0x37,0xE5,0xFF,0xF3,0x18,0xF0,0x1F,0x12,0x25,0x26,0x30,0x25,0x37,0x00,0x29,
0x32,0x00,0x37,0x29,0x36,0x2D,0x33,0xF0,0x08,0xFC,0xF0,0x1F,0x0D,0xF0,0x13,0x31,
0x33,0x00,0x39,0x32,0x25,0x00,0x30,0x29,0x3D,0x29,0x32,0x28,0x25,0xFC,0x34,0x39,
0x29,0x28,0x29,0x00,0x31,0x33,0x36,0x2D,0x36,0xF0,0x08,0xFF,0xF3,0x18,0x14,0x25,
0x00,0x2E,0x25,0x00,0x2E,0x25,0xE2,0xE2,0xE2,0x00,0x1D,0x2D,0x2B,0x39,0x29,0x37,
0xFC,0x37,0x2D,0x29,0x32,0x28,0x33,0x00,0x38,0x25,0x32,0x00,0x2A,0x39,0x29,0x36,
0x38,0x29,0xE2,0xE2,0xE2,0xFC,0x17,0x29,0x00,0x2B,0x39,0x37,0x38,0x25,0xE2,0xE2,
0xE2,0xFD,0x18,0x33,0xE2,0xE2,0xE2,0x00,0x0B,0x37,0xF0,0x12,0x00,0x31,0x29,0xFC,
0x29,0x32,0x27,0x25,0x32,0x38,0x25,0xE2,0xFC,0x0F,0x36,0x29,0x37,0x00,0x29,0x30,
0x00,0xF0,0x14,0x32,0x2D,0x27,0x33,0xFD,0x35,0x39,0x29,0x00,0x34,0x39,0x29,0x28,
0x29,0x00,0x2C,0x25,0x27,0x29,0x36,0x31,0x29,0xFC,0x37,0x29,0x32,0x38,0x2D,0x36,
0x00,0x38,0x25,0x32,0x00,0x3A,0x2D,0x3A,0x33,0xE2,0xE2,0xE2,0xFC,0x0E,0x2D,0x37,
0x2A,0x36,0x39,0x38,0x33,0x00,0x29,0x37,0x38,0x25,0xFD,0x37,0x29,0x32,0x37,0x25,
0x27,0x2D,0xF0,0x13,0x32,0xE4,0x00,0x25,0x31,0x33,0xFC,0x29,0x37,0x38,0x29,0x00,
0x28,0x33,0x30,0x33,0x36,0xE2,0xE2,0xE2,0xFC,0x0F,0x36,0x29,0x37,0x00,0x28,0x2D,
0x2B,0x32,0x33,0xE2,0xE2,0xE2,0xFF,0xF3,0x08,0xE2,0xE2,0xE2,0x00,0xE2,0xE2,0xE2,
0x00,0xE2,0xE2,0xE2,0xFD,0x17,0x2D,0x37,0x2D,0xF0,0x13,0x32,0xFC,0x27,0x39,0x31,
0x34,0x30,0x2D,0x28,0x25,0xE2,0xFD,0x1E,0x36,0x25,0x32,0x37,0x2A,0x2D,0xF0,0x11,
0x36,0x29,0x31,0x29,0xFC,0x28,0x29,0x00,0x3A,0x39,0x29,0x30,0x38,0x25,0xE2,0xFD,
0xF3,0x48,0x1C,0x29,0x27,0x2D,0x26,0x2D,0x28,0x33,0xE2,0xFC,0x13,0x32,0x2D,0x27,
0x2D,0x25,0x32,0x28,0x33,0xFC,0x38,0x36,0x25,0x32,0x37,0x2A,0x29,0x36,0x29,0x32,
0x27,0x2D,0x25,0xE2,0xFF,0xF3,0x00,0x0D,0x2D,0x29,0x30,0xE3,0x00,0xE2,0xE2,0xE2,
0x00,0xF0,0x1E,0x24,0x29,0x36,0x33,0xE5,0x00,0xF0,0x1E,0x0F,0x30,0x30,0x33,0x37,
0xFD,0x29,0x37,0x38,0xF0,0x10,0x32,0x00,0x37,0x2D,0x29,0x32,0x28,0x33,0x00,0x27,
0x33,0x32,0x38,0x36,0x33,0x30,0x25,0x28,0x33,0x37,0xFD,0x34,0x33,0x36,0x00,0x25,
0x30,0x2B,0x33,0xE5,0xFD,0x0B,0x37,0x29,0x2B,0xF0,0x14,0x36,0x25,0x38,0x29,0x00,
0x28,0x29,0x00,0x32,0x33,0xFD,0x30,0x25,0x37,0x38,0x2D,0x31,0x25,0x36,0x30,0x33,
0x37,0xE4,0x00,0x24,0x29,0x36,0x33,0xE2,0xFF,
};
alignas(16) inline constexpr uint16_t mmz2_msg0C_script_offsets[] = {
0x0000,0x0024,0x0106,
};
constexpr int mmz2_msg0C_num_entries = 3;
alignas(16) inline constexpr uint8_t mmz2_msg0C_script_data[] = {
0xF3,0x00,0x0D,0x2D,0x29,0x30,0xE3,0x00,0xE2,0xE2,0xE2,0x24,0x29,0x36,0x33,0xE2,
0xFD,0x17,0x25,0x32,0x38,0x29,0x32,0x38,0x29,0x00,0x25,0x30,0x29,0x36,0x38,0x25,
0xE2,0xE2,0xE2,0xFF,0xF3,0x1B,0xF0,0x1E,0x19,0x2C,0xE5,0x00,0xF0,0x1E,0xF0,0x1E,
0x0E,0x29,0x26,0x29,0x37,0x00,0x37,0x29,0x36,0xFC,0x24,0x29,0x36,0x33,0xE5,0xE5,
0xFD,0xF0,0x1E,0x14,0x25,0x00,0x2E,0x25,0xE5,0xFC,0xF0,0x1E,0x17,0x29,0x00,0x25,
0x30,0x29,0x2B,0x36,0x25,0x00,0x38,0x25,0x32,0x38,0x33,0xFC,0x3A,0x29,0x36,0x38,
0x29,0x00,0x33,0x38,0x36,0x25,0x00,0x3A,0x29,0x3E,0xE5,0xFD,0x0F,0x37,0x38,0x25,
0x26,0x25,0x00,0x34,0x29,0x36,0x37,0x2D,0x2B,0x39,0x2D,0x29,0x32,0x28,0x33,0xFC,
0x25,0x00,0x39,0x32,0x00,0x38,0x25,0x30,0x00,0x0F,0x30,0x34,0x2D,0x3E,0x33,0xE4,
0xFC,0x16,0x33,0x00,0x27,0x33,0x32,0x33,0x27,0x29,0x37,0xE4,0xFD,0xF0,0x1F,0x3A,
0x29,0x36,0x28,0x25,0x28,0xF0,0x08,0xFD,0xF0,0x1E,0x14,0x25,0x00,0x2E,0x25,0xE5,
0xFD,0x1B,0x39,0xF0,0x11,0x00,0x37,0x39,0x29,0x36,0x38,0x29,0xFC,0x29,0x32,0x27,
0x33,0x32,0x38,0x36,0x25,0x36,0x38,0x29,0x00,0x25,0x35,0x39,0xF0,0x12,0xE2,0xFD,
0xF0,0x1E,0xF0,0x1E,0x0C,0x39,0x29,0x32,0x33,0xE4,0x00,0x3A,0x25,0x31,0x33,0x37,
0xE5,0xE5,0xFC,0xF0,0x1E,0x0F,0x31,0x34,0x29,0x27,0x29,0x31,0x33,0x37,0x00,0x3D,
0x25,0xE5,0xFD,0xF0,0x1E,0xF0,0x1E,0x0B,0x30,0x30,0xF0,0x10,0x00,0x3A,0x33,0x33,
0x33,0x33,0x3D,0xE5,0xE5,0xFF,0xF3,0x1A,0x12,0x39,0x2C,0x00,0x2C,0x39,0x2C,0x00,
0x2C,0x39,0x2C,0xE2,0xE2,0xE2,0xFD,0x1F,0x2A,0xE2,0x00,0xF0,0x1E,0x0F,0x37,0x33,
0x00,0x2A,0x39,0x29,0xFC,0x31,0x39,0x3D,0x00,0x28,0x2D,0x3A,0x29,0x36,0x38,0x2D,
0x28,0x33,0xE5,0xFC,0x11,0x36,0x25,0x27,0x2D,0x25,0x37,0xE4,0x00,0x24,0x29,0x36,
0x33,0xE2,0xFD,0x0E,0x2D,0x37,0x2A,0x36,0x39,0x38,0x33,0x00,0x28,0x29,0xFC,0x34,
0x29,0x30,0x29,0x25,0x37,0x00,0x28,0x29,0x37,0x25,0x2A,0x2D,0x25,0x32,0x38,0x29,
0x37,0xFD,0x27,0x33,0x31,0x33,0x00,0x29,0x37,0x38,0x25,0xE2,0xFC,0x14,0x29,0x00,
0x2E,0x29,0xE2,0xFD,0xF0,0x1E,0x16,0x25,0x00,0x34,0x36,0xF0,0x13,0x3C,0x2D,0x31,
0x25,0x00,0x3A,0x29,0x3E,0xE4,0xFC,0x3A,0x25,0x3D,0x25,0x31,0x33,0x37,0x00,0x34,
0x33,0x36,0xFC,0x25,0xF0,0x14,0x32,0x00,0x31,0xF0,0x10,0x37,0xE5,0xFD,0xF0,0x1E,
0xF0,0x1E,0x18,0x33,0x37,0x00,0x3A,0x29,0x31,0x33,0x37,0xE5,0xE5,0xFF,
};
alignas(16) inline constexpr uint16_t mmz2_msg0D_script_offsets[] = {
0x0000,
};
constexpr int mmz2_msg0D_num_entries = 1;
alignas(16) inline constexpr uint8_t mmz2_msg0D_script_data[] = {
0xF3,0x00,0x0D,0x2D,0x29,0x30,0xE3,0x00,0x12,0x29,0x00,0x2A,0x2D,0x2E,0x25,0x28,
0x33,0x00,0x39,0x32,0xFD,0x29,0x2E,0x29,0x00,0x28,0x29,0x00,0x27,0x33,0x33,0x36,
0x28,0x29,0x32,0x25,0x28,0x25,0x37,0xE2,0xE2,0xE2,0xFD,0x0B,0x2C,0x33,0x36,0x25,
0x00,0x34,0x39,0x29,0x28,0x29,0x37,0x00,0x3A,0x33,0x30,0x3A,0x29,0x36,0x00,0x25,
0x35,0x39,0xF0,0x12,0xFD,0x27,0x39,0x25,0x32,0x28,0x33,0x00,0x35,0x39,0x2D,0x29,
0x36,0x25,0x37,0xE2,0xE2,0xE2,0xFD,0x0B,0x37,0xF0,0x12,0x00,0x35,0x39,0x29,0x00,
0x34,0x33,0x36,0x00,0x2A,0x25,0x3A,0x33,0x36,0x00,0x36,0x29,0x2B,0x36,0x29,0x37,
0x25,0xFD,0x25,0x00,0x30,0x25,0x00,0x26,0x25,0x37,0x29,0x00,0x39,0x32,0x25,0x00,
0x3A,0x29,0x3E,0xE4,0xFD,0x25,0x32,0x38,0x29,0x37,0x00,0x28,0x29,0x00,0x25,0x3A,
0x25,0x32,0x3E,0x25,0x36,0x00,0x31,0xF0,0x10,0x37,0xE2,0xFD,0x1A,0x33,0x36,0x00,
0x2A,0x25,0x3A,0x33,0x36,0xE2,0xE2,0xE2,0x00,0x24,0x29,0x36,0x33,0xE2,0xFF,
};
alignas(16) inline constexpr uint16_t mmz2_msg0E_script_offsets[] = {
0x0000,0x00CB,0x0179,0x0183,0x0190,0x0259,0x02F6,0x039A,
0x03F0,0x0547,0x057A,
};
constexpr int mmz2_msg0E_num_entries = 11;
alignas(16) inline constexpr uint8_t mmz2_msg0E_script_data[] = {
0xF3,0x1D,0xF0,0x1F,0x1A,0x33,0x36,0x00,0x35,0x39,0xF0,0x11,0x00,0x38,0x25,0x36,
0x28,0x25,0x37,0x38,0x29,0xFC,0x38,0x25,0x32,0x38,0x33,0xE4,0x00,0x24,0x29,0x36,
0x33,0xF0,0x08,0xFD,0x0F,0x37,0x38,0x25,0x26,0x25,0x00,0x38,0x25,0x32,0x00,0x25,
0x26,0x39,0x36,0x36,0x2D,0x28,0x25,0xFC,0x35,0x39,0x29,0x00,0x38,0x39,0x3A,0x2D,
0x31,0x33,0x37,0x00,0x35,0x39,0x29,0xFC,0x33,0x27,0x39,0x34,0x25,0x36,0x32,0x33,
0x37,0x00,0x28,0x29,0x00,0x38,0x33,0x28,0x33,0x37,0xFD,0x30,0x33,0x37,0x00,0x37,
0x33,0x30,0x28,0x25,0x28,0x33,0x37,0x00,0x28,0x29,0x00,0x30,0x25,0xFC,0x36,0x29,
0x37,0x2D,0x37,0x38,0x29,0x32,0x27,0x2D,0x25,0x00,0x34,0x25,0x36,0x25,0xFC,0x31,
0x25,0x38,0x25,0x36,0x00,0x29,0x30,0x00,0x38,0x2D,0x29,0x31,0x34,0x33,0xE2,0xE2,
0xE2,0xFD,0x0B,0x2C,0x33,0x36,0x25,0x00,0x37,0x33,0x30,0x33,0x00,0x35,0x39,0x29,
0x28,0x25,0xFC,0x29,0x37,0x38,0x29,0x00,0x27,0x2D,0x39,0x28,0x25,0x28,0x25,0x32,
0x33,0xFC,0x2D,0x32,0x2A,0x29,0x36,0x2D,0x33,0x36,0xE4,0x00,0x29,0x3C,0x18,0x29,
0x33,0xFD,0x0B,0x36,0x27,0x25,0x28,0x2D,0x25,0xE2,0xFF,0xF3,0x1B,0x24,0x29,0x36,
0x33,0xE4,0x00,0x38,0x29,0x00,0x2C,0x29,0x00,0x29,0x37,0x38,0x25,0x28,0x33,0xFC,
0x29,0x37,0x34,0x29,0x36,0x25,0x32,0x28,0x33,0x00,0x34,0x33,0x36,0xFC,0x28,0x29,
0x31,0x25,0x37,0x2D,0x25,0x28,0x33,0x00,0x38,0x2D,0x29,0x31,0x34,0x33,0xE2,0xFD,
0x16,0x33,0x37,0x00,0x33,0x38,0x36,0x33,0x37,0x00,0x29,0x36,0x25,0x32,0x00,0x28,
0x29,0x31,0x25,0xF0,0x01,0xFC,0x37,0x2D,0x25,0x28,0x33,0x00,0x28,0xF0,0x11,0x26,
0x2D,0x30,0x29,0x37,0x00,0x27,0x33,0x31,0x33,0xFC,0x34,0x25,0x36,0x25,0x00,0x28,
0x2D,0x3A,0x29,0x36,0x38,0x2D,0x36,0x31,0x29,0xE2,0xE2,0xE2,0xFD,0x1B,0x39,0x29,
0x36,0xF0,0x12,0x25,0x00,0x29,0x32,0x2A,0x36,0x29,0x32,0x38,0x25,0x36,0x31,0x29,
0xFC,0x25,0x00,0x38,0x2D,0xE2,0x00,0xF0,0x1E,0xF0,0x1F,0x1A,0x33,0x36,0x00,0x35,
0x39,0xF0,0x11,0x00,0x32,0x33,0xFC,0x32,0x33,0x37,0x00,0x28,0x2D,0x3A,0x29,0x36,
0x38,0x2D,0x31,0x33,0x37,0xF0,0x08,0xE5,0xFF,0xF3,0x19,0xF0,0x1E,0x0B,0x30,0x38,
0x33,0xE5,0xFF,0xF3,0x1B,0xF0,0x1E,0x1B,0x39,0xF0,0x11,0xE2,0xE2,0xE2,0xE5,0xFF,
0xF3,0x19,0xE2,0xE2,0xE2,0x00,0xE2,0xE2,0xE2,0x00,0xE2,0xE2,0xE2,0xFD,0xF0,0x1F,
0x20,0x2D,0x32,0x2D,0x37,0x38,0x29,0x00,0x25,0xFC,0x36,0x29,0x37,0x27,0x25,0x38,
0x25,0x36,0x00,0x25,0x00,0x29,0x37,0x38,0x29,0xFC,0x1C,0x29,0x34,0x30,0x33,0x2D,
0x28,0x29,0xE4,0x00,0x24,0x29,0x36,0x33,0xF0,0x08,0xFD,0xF3,0x08,0xE2,0xE2,0xE2,
0x00,0x1D,0xF0,0x12,0xE2,0xFD,0xF3,0x19,0xF0,0x1F,0x1A,0x33,0x36,0x00,0x35,0x39,
0xF0,0x11,0x00,0x38,0x29,0xFC,0x31,0x33,0x30,0x29,0x37,0x38,0x25,0x37,0xF0,0x08,
0xFC,0x0B,0x39,0x32,0x35,0x39,0x29,0x00,0x30,0x33,0x00,0x25,0x3D,0x39,0x28,0x29,
0x37,0xE4,0xFD,0x32,0x33,0x00,0x38,0x29,0x00,0x30,0x33,0x00,0x25,0x2B,0x36,0x25,
0x28,0x29,0x27,0x29,0x36,0xF0,0x10,0xE2,0xFC,0x23,0xE2,0xE2,0xE2,0x00,0x37,0x2D,
0x00,0x3A,0x2D,0x3A,0x29,0xE4,0x00,0x25,0xF0,0x14,0x32,0xFC,0x31,0xF0,0x10,0x37,
0x00,0x37,0x33,0x30,0x28,0x25,0x28,0x33,0x37,0x00,0x28,0x29,0x00,0x30,0x25,0xFD,
0x36,0x29,0x37,0x2D,0x37,0x38,0x29,0x32,0x27,0x2D,0x25,0x00,0x3A,0x25,0x32,0x00,
0x25,0xFC,0x31,0x33,0x36,0x2D,0x36,0xE2,0xFF,0xF3,0x08,0x1D,0x25,0x30,0x3A,0x25,
0x36,0xF0,0x11,0x00,0x25,0x00,0x29,0x37,0x38,0x29,0xFC,0x1C,0x29,0x34,0x30,0x33,
0x2D,0x28,0x29,0xE2,0xE2,0xE2,0x00,0x23,0x00,0x32,0x33,0xFC,0x34,0x29,0x36,0x31,
0x2D,0x38,0x2D,0x36,0xF0,0x11,0x00,0x35,0x39,0x29,0x00,0x31,0xF0,0x10,0x37,0xFD,
0x37,0x33,0x30,0x28,0x25,0x28,0x33,0x37,0x00,0x28,0x29,0x00,0x30,0x25,0xFC,0x36,
0x29,0x37,0x2D,0x37,0x38,0x29,0x32,0x27,0x2D,0x25,0x00,0x31,0x39,0x29,0x36,0x25,
0x32,0xE2,0xFD,0xF3,0x19,0x1B,0x39,0xF0,0x11,0x00,0x25,0x31,0x26,0x2D,0x27,0x2D,
0x33,0x37,0x33,0xE2,0xE2,0xE2,0xFC,0x1A,0x29,0x36,0x33,0xE4,0x00,0xF0,0x1F,0x36,
0x29,0x25,0x30,0x31,0x29,0x32,0x38,0x29,0xFC,0x34,0x39,0x29,0x28,0x29,0x37,0x00,
0x30,0x33,0x2B,0x36,0x25,0x36,0x00,0x29,0x37,0x33,0xFD,0x38,0xF0,0x14,0x00,0x37,
0x33,0x30,0x33,0xF0,0x08,0xFF,0xF3,0x00,0x19,0x34,0x29,0x36,0x25,0x28,0x33,0x36,
0x25,0xE3,0x00,0xF0,0x1E,0x16,0x30,0x25,0x31,0x25,0x28,0x25,0x00,0x28,0x29,0xFD,
0x29,0x31,0x29,0x36,0x2B,0x29,0x32,0x27,0x2D,0x25,0x00,0x34,0x25,0x36,0x25,0x00,
0x24,0x29,0x36,0x33,0xE5,0xFD,0x1F,0x32,0x00,0x33,0x26,0x2E,0x29,0x38,0x33,0x00,
0x32,0x33,0x00,0x2D,0x28,0x29,0x32,0x38,0x2D,0x2A,0x2D,0x27,0x25,0x28,0x33,0xFD,
0x29,0x37,0x38,0xF0,0x10,0x00,0x3A,0x33,0x30,0x25,0x32,0x28,0x33,0x00,0x36,0xF0,
0x10,0x34,0x2D,0x28,0x33,0xFD,0x2C,0x25,0x27,0x2D,0x25,0x00,0x30,0x25,0x00,0x0C,
0x25,0x37,0x29,0x00,0x28,0x29,0x00,0x30,0x25,0xFD,0x1C,0x29,0x37,0x2D,0x37,0x38,
0x29,0x32,0x27,0x2D,0x25,0xE2,0xFD,0xF0,0x1E,0x20,0x39,0x29,0x30,0x3A,0x29,0x00,
0x25,0x00,0x30,0x25,0x00,0x26,0x25,0x37,0x29,0xFD,0x2D,0x32,0x31,0x29,0x28,0x2D,
0x25,0x38,0x25,0x31,0x29,0x32,0x38,0x29,0xE5,0xFF,0xF3,0x1D,0x19,0x2C,0x2C,0xE2,
0x00,0xF0,0x1F,0x16,0x33,0x00,0x33,0x3D,0x29,0x37,0xF0,0x08,0xFC,0x1F,0x32,0x00,
0x25,0x3A,0x2D,0xF0,0x13,0x32,0x00,0x28,0x29,0xFC,0x26,0x33,0x31,0x26,0x25,0x36,
0x28,0x29,0x33,0x00,0x37,0x29,0x00,0x28,0x2D,0x36,0x2D,0x2B,0x29,0xFD,0x25,0x00,
0x38,0x39,0x00,0x26,0x25,0x37,0x29,0x00,0x27,0x33,0x32,0xFC,0x39,0x32,0x25,0x00,
0x26,0x33,0x31,0x26,0x25,0x00,0x29,0x37,0x34,0x29,0x27,0x2D,0x25,0x30,0xE2,0xFF,
0xF3,0x1B,0x1F,0x37,0x25,0x36,0x00,0x26,0x33,0x31,0x26,0x25,0x37,0x00,0x32,0x33,
0x00,0x29,0x37,0xFC,0x31,0x2D,0x00,0x29,0x37,0x38,0x2D,0x30,0x33,0xE2,0x00,0x1A,
0x29,0x36,0x33,0x00,0x29,0x32,0xFC,0x29,0x30,0x00,0x25,0x31,0x33,0x36,0x00,0x3D,
0x00,0x30,0x25,0x00,0x2B,0x39,0x29,0x36,0x36,0x25,0xFD,0x38,0x33,0x28,0x33,0x00,
0x37,0x29,0x00,0x3A,0x25,0x30,0x29,0xE2,0xE2,0xE2,0xFD,0xF3,0x19,0x16,0x25,0x37,
0x00,0x2A,0x39,0x29,0x36,0x3E,0x25,0x37,0x00,0x28,0x29,0x00,0x38,0x39,0xFC,0x36,
0x29,0x37,0x2D,0x37,0x38,0x29,0x32,0x27,0x2D,0x25,0x00,0x2C,0x25,0x32,0xFC,0x27,
0x33,0x31,0x29,0x38,0x2D,0x28,0x33,0x00,0x39,0x32,0x00,0x29,0x36,0x36,0x33,0x36,
0xFD,0x2D,0x31,0x34,0x29,0x36,0x28,0x33,0x32,0x25,0x26,0x30,0x29,0xE2,0xFC,0x18,
0x29,0x33,0x00,0x0B,0x36,0x27,0x25,0x28,0x2D,0x25,0xE4,0x00,0x33,0xFC,0x28,0x29,
0x26,0x29,0x36,0xF0,0x12,0x25,0x00,0x28,0x29,0x27,0x2D,0x36,0xE4,0x00,0x30,0x25,
0xFD,0x37,0x33,0x27,0x2D,0x29,0x28,0x25,0x28,0x00,0x2C,0x39,0x31,0x25,0x32,0x25,
0xE4,0xFC,0x32,0x33,0x00,0x29,0x37,0x00,0x25,0x30,0x2B,0x33,0x00,0x27,0x33,0x32,
0x38,0x36,0x25,0xFC,0x30,0x33,0x00,0x35,0x39,0x29,0x00,0x30,0x33,0x37,0x00,0x1C,
0x29,0x34,0x30,0x33,0x2D,0x28,0x29,0x37,0xFD,0x34,0x39,0x29,0x28,0x25,0x32,0x00,
0x36,0x29,0x26,0x29,0x30,0x25,0x36,0x37,0x29,0xE2,0xFC,0x1D,0x2D,0x00,0x30,0x33,
0x00,0x2C,0x25,0x27,0x29,0x32,0xE4,0x00,0x28,0x29,0x26,0x29,0x32,0xFC,0x37,0x29,
0x36,0x00,0x29,0x3C,0x38,0x29,0x36,0x31,0x2D,0x32,0x25,0x28,0x33,0x37,0xE2,0xE2,
0xE2,0xFD,0xF3,0x08,0xF0,0x1E,0x19,0x34,0x29,0x36,0x25,0x28,0x33,0x36,0x25,0xE5,
0xFC,0xF0,0x1E,0x1E,0x36,0x25,0x32,0x37,0x2A,0x2D,0xF0,0x11,0x36,0x29,0x32,0x33,
0x37,0x00,0x28,0x29,0xFC,0x3A,0x39,0x29,0x30,0x38,0x25,0x00,0x25,0x00,0x30,0x25,
0x00,0x26,0x25,0x37,0x29,0xE5,0xFF,0xF3,0x00,0x19,0x34,0x29,0x36,0x25,0x28,0x33,
0x36,0x25,0xE3,0x00,0x0F,0x32,0x38,0x29,0x32,0x28,0x2D,0x28,0x33,0xE2,0xE2,0xE2,
0xFD,0x13,0x32,0x2D,0x27,0x2D,0x25,0x32,0x28,0x33,0x00,0x38,0x36,0x25,0x32,0x37,
0x2A,0x29,0x36,0x29,0x32,0x27,0x2D,0x25,0xE2,0xFF,0xF3,0x19,0x24,0x29,0x36,0x33,
0xE2,0xE2,0xE2,0xFD,0x18,0x33,0x00,0x27,0x36,0x29,0x33,0x00,0x35,0x39,0x29,0xFC,
0x30,0x25,0x00,0x2E,0x39,0x37,0x38,0x2D,0x27,0x2D,0x25,0x00,0x37,0x29,0x25,0xFC,
0x28,0x29,0x37,0x38,0x36,0x39,0x2D,0x36,0x00,0x25,0x00,0x30,0x25,0x37,0xFD,0x2A,
0x39,0x29,0x36,0x3E,0x25,0x37,0x00,0x28,0x29,0x00,0x30,0x25,0xFC,0x36,0x29,0x37,
0x2D,0x37,0x38,0x29,0x32,0x27,0x2D,0x25,0xE2,0x00,0x1A,0x29,0x36,0x33,0xE4,0xFC,
0x31,0x2D,0x29,0x32,0x38,0x36,0x25,0x37,0x00,0x2D,0x32,0x38,0x29,0x32,0x38,0x29,
0x32,0xFD,0x28,0x29,0x37,0x33,0x26,0x29,0x28,0x29,0x27,0x29,0x36,0x00,0x25,0x00,
0x30,0x33,0x37,0xFC,0x2C,0x39,0x31,0x25,0x32,0x33,0x37,0xE4,0x00,0x28,0x29,0x37,
0x38,0x36,0x39,0x2D,0x36,0x30,0x33,0x37,0xFC,0x29,0x37,0x00,0x31,0x2D,0x00,0x33,
0x26,0x2E,0x29,0x38,0x2D,0x3A,0x33,0xE2,0xFF,
};
alignas(16) inline constexpr uint16_t mmz2_msg0F_script_offsets[] = {
0x0000,0x0001,0x00C5,0x0189,
};
constexpr int mmz2_msg0F_num_entries = 4;
alignas(16) inline constexpr uint8_t mmz2_msg0F_script_data[] = {
0xFF,0xF3,0x1B,0xF0,0x1E,0x19,0x3D,0x29,0xE4,0x00,0x24,0x29,0x36,0x33,0xE5,0xFD,
0xF0,0x1F,0x20,0x2D,0x32,0x2D,0x37,0x38,0x29,0x00,0x2C,0x25,0x37,0x38,0x25,0xFC,
0x25,0x35,0x39,0xF0,0x12,0x00,0x34,0x33,0x36,0x00,0x0F,0x30,0x34,0x2D,0x3E,0x33,
0xF0,0x08,0xFC,0xF0,0x1E,0x16,0x33,0x00,0x37,0x25,0x26,0xF0,0x12,0x25,0xE5,0xFD,
0x0F,0x37,0x38,0xF0,0x10,0x00,0x33,0x26,0x37,0x29,0x37,0x2D,0x33,0x32,0x25,0x28,
0x33,0xFC,0x27,0x33,0x32,0x00,0x29,0x30,0x00,0x0E,0x25,0x36,0x2F,0x00,0x0F,0x30,
0x2A,0xE2,0xFC,0xF0,0x1E,0xF0,0x1E,0x0E,0x29,0x2E,0x25,0x00,0x25,0x00,0x29,0x37,
0x29,0x00,0x38,0x2D,0x34,0x33,0xFD,0x25,0x00,0x12,0x25,0x36,0x34,0x39,0x2D,0x25,
0x00,0x3D,0xFC,0x28,0x2D,0x3A,0x2D,0xF0,0x11,0x36,0x38,0x29,0x38,0x29,0xFC,0x27,
0x33,0x32,0x31,0x2D,0x2B,0x33,0x00,0x31,0x29,0x2E,0x33,0x36,0xE5,0xE5,0xFD,0xF0,
0x1E,0x13,0x2D,0x2D,0x29,0x3D,0x25,0x2C,0x2C,0xE5,0xFC,0xF0,0x1E,0x1A,0x36,0x29,
0x34,0xF0,0x10,0x36,0x25,0x38,0x29,0x00,0x34,0x25,0x36,0x25,0xFC,0x34,0x29,0x30,
0x29,0x25,0x36,0xE5,0xFF,0xF3,0x1B,0xF0,0x1E,0xF0,0x1E,0x18,0x2B,0x3B,0x33,0x33,
0x33,0x33,0x33,0x2C,0x2C,0x2C,0xE5,0xE5,0xFD,0xF0,0x1E,0xF0,0x1F,0x0D,0x39,0xF0,
0x10,0x30,0x00,0x29,0x37,0x00,0x29,0x30,0xFC,0x34,0x36,0x33,0x26,0x30,0x29,0x31,
0x25,0xF0,0x08,0xE5,0xFD,0xF0,0x1E,0x0B,0x39,0x32,0x00,0x28,0x29,0x37,0x34,0x39,
0xF0,0x11,0x37,0x00,0x28,0x29,0xFC,0x2C,0x25,0x26,0x29,0x36,0x31,0x29,0x00,0x34,
0x33,0x38,0x29,0x32,0x27,0x2D,0x25,0x28,0x33,0xE4,0xFD,0x32,0x33,0x00,0x37,0x33,
0x3D,0x00,0x36,0x2D,0x3A,0x25,0x30,0xFC,0x34,0x25,0x36,0x25,0x00,0x38,0x2D,0xE5,
0xFD,0x23,0x33,0xE2,0xE2,0xE2,0x00,0x3D,0x33,0x00,0x32,0x33,0x00,0x31,0x29,0xFC,
0x36,0x29,0x32,0x28,0x2D,0x36,0xF0,0x11,0xE2,0xE2,0xE2,0xFD,0x0B,0x30,0x2B,0xF0,
0x14,0x32,0x00,0x28,0xF0,0x12,0x25,0xE2,0xE2,0xE2,0xFC,0xF0,0x1E,0xF0,0x1E,0xF0,
0x1E,0x38,0x29,0x00,0x28,0x29,0x37,0x38,0x36,0x39,0x2D,0x36,0xF0,0x11,0xFC,0x37,
0x29,0x2B,0x39,0x36,0x33,0xE5,0xE5,0xE5,0xFD,0xF0,0x1E,0x23,0x25,0x00,0x30,0x33,
0x00,0x3A,0x29,0x36,0xF0,0x10,0x37,0xE5,0xFF,0xF3,0x00,0x0D,0x2D,0x29,0x30,0xE3,
0x00,0x12,0x29,0x00,0x2A,0x2D,0x2E,0x25,0x28,0x33,0x00,0x39,0x32,0xFD,0x29,0x2E,
0x29,0x00,0x28,0x29,0x00,0x27,0x33,0x33,0x36,0x28,0x29,0x32,0x25,0x28,0x25,0x37,
0xE2,0xE2,0xE2,0xFD,0x0B,0x2C,0x33,0x36,0x25,0x00,0x34,0x39,0x29,0x28,0x29,0x37,
0x00,0x3A,0x33,0x30,0x3A,0x29,0x36,0x00,0x25,0x35,0x39,0xF0,0x12,0xFD,0x27,0x39,
0x25,0x32,0x28,0x33,0x00,0x35,0x39,0x2D,0x29,0x36,0x25,0x37,0xE2,0xE2,0xE2,0xFD,
0x0B,0x37,0xF0,0x12,0x00,0x35,0x39,0x29,0x00,0x34,0x33,0x36,0x00,0x2A,0x25,0x3A,
0x33,0x36,0x00,0x36,0x29,0x2B,0x36,0x29,0x37,0x25,0xFD,0x25,0x00,0x30,0x25,0x00,
0x26,0x25,0x37,0x29,0x00,0x39,0x32,0x25,0x00,0x3A,0x29,0x3E,0xE4,0xFD,0x25,0x32,
0x38,0x29,0x37,0x00,0x28,0x29,0x00,0x25,0x3A,0x25,0x32,0x3E,0x25,0x36,0x00,0x31,
0xF0,0x10,0x37,0xE2,0xFD,0x1A,0x33,0x36,0x00,0x2A,0x25,0x3A,0x33,0x36,0xE2,0xE2,
0xE2,0x00,0x24,0x29,0x36,0x33,0xE2,0xFF,
};
alignas(16) inline constexpr uint16_t mmz2_msg10_script_offsets[] = {
0x0000,0x0001,0x00F8,0x01C7,
};
constexpr int mmz2_msg10_num_entries = 4;
alignas(16) inline constexpr uint8_t mmz2_msg10_script_data[] = {
0xFF,0xF3,0x1D,0xFB,0x10,0x39,0x00,0x2A,0x39,0xE2,0xE2,0xE2,0xFC,0x1E,0x29,0x00,
0x29,0x37,0x38,0x25,0x26,0x25,0xFC,0x29,0x37,0x34,0x29,0x36,0x25,0x32,0x28,0x33,
0xE4,0x00,0x24,0x29,0x36,0x33,0xE2,0xFD,0x0D,0x36,0x29,0x33,0x00,0x35,0x39,0x29,
0x00,0x30,0x25,0xFC,0x29,0x32,0x2A,0x29,0x36,0x31,0x29,0x28,0x25,0x28,0x00,0x28,
0x29,0xFC,0x10,0x29,0x2A,0x32,0x2D,0x36,0x00,0x31,0x29,0x00,0x27,0x33,0x32,0x38,
0x25,0x2B,0x2D,0xF0,0x13,0xE2,0xFD,0x0D,0x39,0x25,0x32,0x28,0x33,0x00,0x27,0x33,
0x31,0x2D,0x29,0x32,0x3E,0x33,0xFC,0x25,0x00,0x34,0x29,0x32,0x37,0x25,0x36,0x00,
0x29,0x32,0x00,0x38,0x2D,0xE2,0xE2,0xE2,0xFC,0x28,0x29,0x2E,0x25,0x00,0x28,0x29,
0x00,0x2D,0x31,0x34,0x33,0x36,0x38,0x25,0x36,0x31,0x29,0xFD,0x29,0x30,0x00,0x0E,
0x25,0x36,0x2F,0x00,0x0F,0x30,0x2A,0xE2,0xE2,0xE2,0xFD,0x13,0x32,0x27,0x30,0x39,
0x37,0x33,0x00,0x37,0x2D,0x00,0x29,0x30,0x00,0x31,0x39,0x32,0x28,0x33,0xFC,0x31,
0x39,0x29,0x36,0x29,0xE4,0x00,0x37,0x29,0x36,0xF0,0x11,0x00,0x2A,0x29,0x30,0x2D,
0x3E,0xFC,0x37,0x2D,0x29,0x31,0x34,0x36,0x29,0x00,0x3D,0x00,0x27,0x39,0x25,0x32,
0x28,0x33,0xFD,0x34,0x39,0x29,0x28,0x25,0x00,0x28,0x29,0x36,0x36,0x33,0x38,0x25,
0x36,0x38,0x29,0xE2,0xFD,0x0B,0x2C,0x33,0x36,0x25,0xE4,0x00,0xF0,0x1E,0x30,0x39,
0x27,0x2C,0x29,0x31,0x33,0x37,0xE5,0xFF,0xF3,0x1C,0x12,0x39,0x2C,0x00,0x2C,0x39,
0x2C,0x00,0x2C,0x39,0x2C,0xE2,0xE2,0xE2,0xFD,0x0F,0x37,0x38,0x33,0x3D,0x00,0x34,
0x29,0x33,0x36,0xFC,0x35,0x39,0x29,0x00,0x32,0x39,0x32,0x27,0x25,0xE2,0xE2,0xE2,
0xFD,0x16,0x33,0x00,0xF0,0x14,0x32,0x2D,0x27,0x33,0x00,0x35,0x39,0x29,0xFC,0x34,
0x39,0x29,0x28,0x33,0x00,0x38,0x33,0x31,0x25,0x36,0xFC,0x29,0x32,0x00,0x37,0x29,
0x36,0x2D,0x33,0x00,0x29,0x37,0xE2,0xE2,0xE2,0xFD,0x1A,0x29,0x30,0x29,0x25,0x36,
0x00,0x27,0x33,0x32,0x38,0x2D,0x2B,0x33,0xE2,0xFD,0x1A,0x29,0x36,0x33,0xE2,0xE2,
0xE2,0x00,0x29,0x37,0x38,0x33,0x3D,0x00,0x2A,0x29,0x30,0x2D,0x3E,0xE2,0xFD,0x1D,
0x29,0x2B,0x39,0x2D,0x36,0xF0,0x11,0x00,0x25,0x37,0xF0,0x12,0xE2,0xE2,0xE2,0xFD,
0x1D,0x33,0xF0,0x1C,0x25,0x32,0x28,0x33,0x00,0x27,0x33,0x32,0x00,0x35,0x39,0x29,
0xFC,0x25,0x30,0x2B,0xF0,0x14,0x32,0x00,0x28,0xF0,0x12,0x25,0x00,0x38,0x29,0xFC,
0x28,0x29,0x37,0x38,0x36,0x39,0x2D,0x36,0xF0,0x11,0xE2,0xE2,0xE2,0xFD,0x18,0x33,
0x37,0x00,0x3A,0x29,0x36,0x29,0x31,0x33,0x37,0xE2,0xE2,0xE2,0xFC,0x34,0x36,0x33,
0x32,0x38,0x33,0xE2,0xE2,0xE2,0xFF,0xF3,0x00,0x0D,0x2D,0x29,0x30,0xE3,0x00,0x12,
0x29,0x00,0x2A,0x2D,0x2E,0x25,0x28,0x33,0x00,0x39,0x32,0xFD,0x29,0x2E,0x29,0x00,
0x28,0x29,0x00,0x27,0x33,0x33,0x36,0x28,0x29,0x32,0x25,0x28,0x25,0x37,0xE2,0xE2,
0xE2,0xFD,0x0B,0x2C,0x33,0x36,0x25,0x00,0x34,0x39,0x29,0x28,0x29,0x37,0x00,0x3A,
0x33,0x30,0x3A,0x29,0x36,0x00,0x25,0x35,0x39,0xF0,0x12,0xFD,0x27,0x39,0x25,0x32,
0x28,0x33,0x00,0x35,0x39,0x2D,0x29,0x36,0x25,0x37,0xE2,0xE2,0xE2,0xFD,0x0B,0x37,
0xF0,0x12,0x00,0x35,0x39,0x29,0x00,0x34,0x33,0x36,0x00,0x2A,0x25,0x3A,0x33,0x36,
0x00,0x36,0x29,0x2B,0x36,0x29,0x37,0x25,0xFD,0x25,0x00,0x30,0x25,0x00,0x26,0x25,
0x37,0x29,0x00,0x39,0x32,0x25,0x00,0x3A,0x29,0x3E,0xE4,0xFD,0x25,0x32,0x38,0x29,
0x37,0x00,0x28,0x29,0x00,0x25,0x3A,0x25,0x32,0x3E,0x25,0x36,0x00,0x31,0xF0,0x10,
0x37,0xE2,0xFD,0x1A,0x33,0x36,0x00,0x2A,0x25,0x3A,0x33,0x36,0xE2,0xE2,0xE2,0x00,
0x24,0x29,0x36,0x33,0xE2,0xFF,
};
alignas(16) inline constexpr uint16_t mmz2_msg11_script_offsets[] = {
0x0000,0x0001,0x0048,0x00A3,0x0148,0x01BC,0x01D8,0x0209,
0x02FA,0x0369,0x03B2,0x0440,0x04A8,
};
constexpr int mmz2_msg11_num_entries = 13;
alignas(16) inline constexpr uint8_t mmz2_msg11_script_data[] = {
0xFF,0xF3,0x08,0xF0,0x1E,0xF0,0x1E,0x12,0x25,0x36,0x34,0x39,0x2D,0x25,0xE5,0xE5,
0xFD,0xF3,0x4F,0xF0,0x1E,0x14,0x25,0xE5,0x00,0xF0,0x1E,0x14,0x25,0xE5,0x00,0xF0,
0x1E,0x14,0x25,0xE5,0xFD,0x0B,0x30,0x00,0x2A,0x2D,0x32,0x00,0x30,0x30,0x29,0x2B,
0x25,0x37,0x38,0x29,0xFC,0x2C,0x25,0x37,0x38,0x25,0x00,0x25,0x35,0x39,0xF0,0x12,
0xE4,0x00,0x24,0x29,0x36,0x33,0xE2,0xFF,0xF3,0x4F,0xFB,0x17,0x2D,0x36,0x25,0xE2,
0xE2,0xE2,0xFD,0x0F,0x37,0x38,0x33,0x00,0x29,0x37,0xE2,0xE2,0xE2,0xFC,0x0E,0x25,
0x36,0x2F,0x00,0x0F,0x30,0x2A,0xE2,0xE2,0xE2,0xFD,0x1F,0x32,0x00,0x0D,0x2D,0x26,
0x29,0x36,0xF0,0x01,0x29,0x30,0x2A,0x33,0xFC,0x34,0x29,0x36,0x2A,0x29,0x27,0x38,
0x33,0xE4,0x00,0x35,0x39,0x29,0xFC,0x38,0x36,0x25,0x29,0x36,0xF0,0x10,0x00,0x34,
0x25,0x3E,0x00,0x25,0xFD,0x29,0x37,0x38,0x29,0x00,0x31,0x39,0x32,0x28,0x33,0xE2,
0xE2,0xE2,0xFF,0xF3,0x4F,0x14,0x29,0x00,0x2E,0x29,0xE4,0x00,0x32,0x33,0x00,0x34,
0x25,0x37,0x25,0x36,0xF0,0x10,0xFC,0x31,0x39,0x27,0x2C,0x33,0x00,0x38,0x2D,0x29,
0x31,0x34,0x33,0x00,0x25,0x32,0x38,0x29,0x37,0xFC,0x28,0x29,0x00,0x35,0x39,0x29,
0x00,0x34,0x39,0x29,0x28,0x25,0xFD,0x29,0x30,0x2D,0x31,0x2D,0x32,0x25,0x36,0x00,
0x25,0x00,0x38,0x33,0x28,0x33,0x37,0xFC,0x30,0x33,0x37,0x00,0x2C,0x39,0x31,0x25,
0x32,0x33,0x37,0x00,0x35,0x39,0x29,0xFC,0x28,0x29,0x37,0x34,0x29,0x36,0x28,0x2D,
0x27,0x2D,0x25,0x32,0xFD,0x32,0x39,0x29,0x37,0x38,0x36,0x25,0x00,0x3A,0x25,0x30,
0x2D,0x33,0x37,0x25,0xFC,0x29,0x32,0x29,0x36,0x2B,0xF0,0x12,0x25,0xE4,0x00,0x3D,
0x00,0x28,0x29,0x37,0x38,0x36,0x39,0x2D,0x36,0xFD,0x18,0x29,0x33,0x00,0x0B,0x36,
0x27,0x25,0x28,0x2D,0x25,0xE4,0x00,0x35,0x39,0x29,0xFC,0x30,0x33,0x37,0x00,0x34,
0x36,0x33,0x38,0x29,0x2B,0x29,0xE2,0xFF,0xF3,0x4F,0x1E,0x33,0x28,0x33,0x00,0x30,
0x33,0x00,0x35,0x39,0x29,0x00,0x28,0x29,0x26,0x33,0xFC,0x2C,0x25,0x27,0x29,0x36,
0x00,0x29,0x37,0xE2,0xE2,0xE2,0xFD,0x0E,0x29,0x37,0x38,0x36,0x39,0x2D,0x36,0x00,
0x25,0x00,0x22,0xE4,0x00,0x35,0x39,0x2D,0x29,0x32,0xFC,0x2C,0x25,0x00,0x29,0x37,
0x38,0x25,0x28,0x33,0xFC,0x2D,0x32,0x38,0x29,0x36,0x2A,0x2D,0x36,0x2D,0x29,0x32,
0x28,0x33,0xFD,0x27,0x33,0x32,0x00,0x29,0x30,0x00,0x3A,0x29,0x36,0x28,0x25,0x28,
0x29,0x36,0x33,0xFC,0x36,0x29,0x32,0x25,0x27,0x29,0x36,0x00,0x28,0x29,0x30,0x00,
0x0E,0x25,0x36,0x2F,0xFC,0x0F,0x30,0x2A,0xE2,0xE2,0xE2,0xFF,0xF3,0x19,0x18,0x33,
0x00,0x3A,0x33,0x3D,0x00,0x25,0xE2,0xE2,0xE2,0xFC,0x34,0x29,0x36,0x31,0x2D,0x38,
0x2D,0x36,0x30,0x33,0xE2,0xE2,0xE2,0xFF,0xF3,0x4F,0xF0,0x1E,0x1E,0xF0,0x14,0xE5,
0xFC,0xF0,0x1E,0x0B,0xF0,0x14,0x32,0x00,0x38,0x29,0x00,0x25,0x38,0x36,0x29,0x3A,
0x29,0x37,0x00,0x25,0xFC,0x28,0x29,0x27,0x2D,0x36,0x00,0x25,0x30,0x2B,0x33,0x00,
0x25,0x37,0xF0,0x12,0xE2,0xE2,0xE2,0xE5,0xFF,0xF3,0x4F,0x1D,0xF0,0x11,0x00,0x39,
0x32,0x00,0x26,0x39,0x29,0x32,0x00,0x27,0x2C,0x2D,0x27,0x33,0xFC,0x3D,0x00,0x31,
0x39,0x29,0x36,0x29,0xE2,0xE2,0xE2,0xFD,0xF0,0x1E,0x21,0x39,0x25,0x00,0x2E,0x25,
0x00,0x2E,0x25,0x00,0x2E,0x25,0x00,0x2E,0x25,0xE5,0xFD,0x0E,0x29,0x26,0x29,0x37,
0x00,0x27,0x33,0x32,0x33,0x27,0x29,0x36,0xFC,0x38,0x39,0x00,0x34,0x36,0x33,0x34,
0x2D,0x33,0x00,0x3A,0x25,0x30,0x33,0x36,0xE2,0xFC,0xF0,0x1F,0x1E,0x29,0x00,0x25,
0x36,0x36,0x29,0x34,0x2D,0x29,0x32,0x38,0x29,0x37,0xFD,0x28,0x29,0x00,0x32,0x33,
0x00,0x2C,0x25,0x26,0x29,0x36,0x31,0x29,0xFC,0x31,0x33,0x37,0x38,0x36,0x25,0x28,
0x33,0x00,0x36,0x29,0x37,0x34,0x29,0x38,0x33,0xE2,0xE2,0xE2,0xF0,0x08,0xFC,0x0B,
0x2C,0x33,0x36,0x25,0x00,0x35,0x39,0x29,0x00,0x37,0x33,0x3D,0xFD,0x31,0x39,0x27,
0x2C,0x33,0x00,0x31,0xF0,0x10,0x37,0x00,0x35,0x39,0x29,0x00,0x38,0xF0,0x14,0xE2,
0xFC,0x12,0x29,0x00,0x33,0x26,0x38,0x29,0x32,0x2D,0x28,0x33,0x00,0x39,0x32,0xFC,
0x34,0x33,0x28,0x29,0x36,0x00,0x35,0x39,0x29,0x00,0x32,0x25,0x28,0x2D,0x29,0xFD,
0x34,0x39,0x29,0x28,0x29,0x00,0x2D,0x2B,0x39,0x25,0x30,0x25,0x36,0xE2,0xFC,0xF0,
0x1E,0x17,0x29,0x00,0x2C,0x29,0x00,0x3A,0x39,0x29,0x30,0x38,0x33,0xFC,0x2D,0x32,
0x3A,0x29,0x32,0x27,0x2D,0x26,0x30,0x29,0xE5,0xFF,0xF3,0x4F,0x14,0x29,0x00,0x2E,
0x29,0xE2,0xE2,0xE2,0xFD,0x1D,0x29,0x00,0x29,0x37,0x38,0xF0,0x10,0xFC,0x2C,0x25,
0x27,0x2D,0x29,0x32,0x28,0x33,0x00,0x38,0x25,0x36,0x28,0x29,0xE2,0xE2,0xE2,0xFC,
0x12,0x33,0x36,0x25,0x00,0x28,0x29,0x00,0x28,0x29,0x37,0x34,0x29,0x36,0x38,0x25,
0x36,0xFD,0x25,0x30,0x00,0x0E,0x25,0x36,0x2F,0x00,0x0F,0x30,0x2A,0xE2,0xE2,0xE2,
0xFC,0x0D,0x29,0x30,0x29,0x26,0x36,0x29,0x31,0x33,0x37,0x00,0x30,0x25,0x00,0x32,
0x39,0x29,0x3A,0x25,0xFC,0x2C,0x2D,0x37,0x38,0x33,0x36,0x2D,0x25,0x00,0x28,0x29,
0x30,0x00,0x31,0x39,0x32,0x28,0x33,0xE2,0xFF,0xF3,0x4F,0xF0,0x1F,0x1A,0x33,0x36,
0x00,0x35,0x39,0xF0,0x11,0x00,0x32,0x33,0x00,0x37,0x29,0xFC,0x29,0x32,0x38,0x36,
0x29,0x38,0x2D,0x29,0x32,0x29,0x32,0x00,0x39,0x32,0x00,0x36,0x25,0x38,0x33,0xF0,
0x08,0xFD,0x0C,0x39,0x29,0x32,0x33,0x00,0x29,0x32,0x38,0x33,0x32,0x27,0x29,0x37,
0xE4,0xFC,0xF0,0x1E,0x28,0x2D,0x3A,0x2D,0xF0,0x11,0x36,0x38,0x25,0x32,0x37,0x29,
0xE5,0xFF,0xF3,0x19,0x1F,0xE2,0xE2,0xE2,0x00,0x1F,0x2B,0x2C,0xE2,0xE2,0xE2,0xFD,
0x24,0xE2,0xE2,0xE2,0x24,0x29,0x36,0x33,0xE2,0xE2,0xE2,0xFD,0x17,0xF0,0x10,0x38,
0x25,0x31,0x29,0xE2,0xE2,0xE2,0xFD,0xF3,0x08,0xE2,0xE2,0xE2,0xFD,0xF3,0x19,0x1D,
0x33,0x30,0x33,0x00,0x31,0xF0,0x10,0x38,0x25,0x31,0x29,0xE2,0xE2,0xE2,0xFD,0x1A,
0x36,0x33,0x32,0x38,0x33,0x00,0x37,0x29,0x36,0xF0,0x11,0xE2,0xE2,0xE2,0xFC,0x27,
0x33,0x32,0x38,0x36,0x33,0x30,0x25,0x28,0x33,0x00,0x34,0x33,0x36,0xFC,0x29,0x30,
0x00,0x0F,0x30,0x2A,0x33,0x00,0x0C,0x29,0x26,0xF0,0x11,0xE2,0xE2,0xE2,0xFD,0x17,
0xF0,0x10,0x38,0x25,0x31,0x29,0x00,0x25,0x2C,0x33,0x36,0x25,0xE2,0xE2,0xE2,0xFC,
0xF0,0x1E,0x23,0x00,0x28,0x29,0x38,0x29,0x32,0x30,0x33,0xE2,0xE2,0xE2,0xE5,0xFF,
0xF3,0x19,0x0B,0xE2,0xE2,0xE2,0x00,0x25,0x34,0xF0,0x14,0x36,0x25,0x38,0x29,0xE4,
0xFC,0x24,0x29,0x36,0x33,0xE2,0xE2,0xE2,0xFD,0x1A,0x36,0x33,0x38,0x29,0x2B,0x29,
0x00,0x25,0x30,0xFC,0x17,0x25,0x29,0x37,0x38,0x36,0x33,0x00,0x22,0xE2,0xE2,0xE2,
0xFD,0x3D,0x00,0x25,0x30,0x00,0x31,0x39,0x32,0x28,0x33,0xE2,0xE2,0xE2,0xFC,0x28,
0x29,0x00,0xF0,0x11,0x30,0xE2,0xE2,0xE2,0xFD,0xF3,0x08,0x0F,0x32,0x38,0x2D,0x29,
0x32,0x28,0x33,0xE2,0xE2,0xE2,0xFC,0x0E,0xF0,0x11,0x2E,0x25,0x31,0x29,0x30,0x33,
0x00,0x25,0x00,0x31,0xF0,0x12,0xE2,0xFF,0xF3,0x00,0x0D,0x2D,0x29,0x30,0xE3,0x00,
0x12,0x29,0x00,0x2A,0x2D,0x2E,0x25,0x28,0x33,0x00,0x39,0x32,0xFD,0x29,0x2E,0x29,
0x00,0x28,0x29,0x00,0x27,0x33,0x33,0x36,0x28,0x29,0x32,0x25,0x28,0x25,0x37,0xE2,
0xE2,0xE2,0xFD,0x0B,0x2C,0x33,0x36,0x25,0x00,0x34,0x39,0x29,0x28,0x29,0x37,0x00,
0x3A,0x33,0x30,0x3A,0x29,0x36,0x00,0x25,0x35,0x39,0xF0,0x12,0xFD,0x27,0x39,0x25,
0x32,0x28,0x33,0x00,0x35,0x39,0x2D,0x29,0x36,0x25,0x37,0xE2,0xE2,0xE2,0xFD,0x0B,
0x37,0xF0,0x12,0x00,0x35,0x39,0x29,0x00,0x34,0x33,0x36,0x00,0x2A,0x25,0x3A,0x33,
0x36,0x00,0x36,0x29,0x2B,0x36,0x29,0x37,0x25,0xFD,0x25,0x00,0x30,0x25,0x00,0x26,
0x25,0x37,0x29,0x00,0x39,0x32,0x25,0x00,0x3A,0x29,0x3E,0xE4,0xFD,0x25,0x32,0x38,
0x29,0x37,0x00,0x28,0x29,0x00,0x25,0x3A,0x25,0x32,0x3E,0x25,0x36,0x00,0x31,0xF0,
0x10,0x37,0xE2,0xFD,0x1A,0x33,0x36,0x00,0x2A,0x25,0x3A,0x33,0x36,0xE2,0xE2,0xE2,
0x00,0x24,0x29,0x36,0x33,0xE2,0xFF,
};
alignas(16) inline constexpr uint16_t mmz2_msg12_script_offsets[] = {
0x0000,0x0061,0x00B6,0x0121,0x0175,0x01DA,0x0249,0x02BA,
0x030F,0x0373,0x03E4,0x0441,0x0496,0x0552,0x05DC,0x063E,
0x06E7,0x0741,0x078C,0x078C,0x078C,0x081C,0x083C,0x084F,
0x08C1,0x08FC,0x0940,0x097E,0x0990,0x0A85,0x0B22,0x0B59,
0x0B59,0x0BE9,0x0BE9,0x0CC2,0x0CD8,0x0CF2,0x0D43,0x0D61,
0x0D67,0x0E9A,0x0EBB,0x0ED3,0x0ED3,0x0ED3,0x0ED3,0x0ED3,
0x0ED3,0x0ED3,0x0ED3,0x0F33,
};
constexpr int mmz2_msg12_num_entries = 52;
alignas(16) inline constexpr uint8_t mmz2_msg12_script_data[] = {
0xF3,0x15,0x0D,0x33,0x32,0x00,0x29,0x30,0x00,0x17,0x25,0x29,0x37,0x38,0x36,0x33,
0xFC,0x0F,0x30,0x34,0x2D,0x3E,0x33,0x00,0x3D,0xE2,0xE2,0xE2,0x00,0x29,0x30,0xFC,
0x17,0x25,0x29,0x37,0x38,0x36,0x33,0x00,0x0E,0x25,0x36,0x2F,0x00,0x0F,0x30,0x2A,
0xE4,0xFD,0x29,0x30,0x00,0x32,0x39,0x29,0x3A,0x33,0x00,0x31,0x39,0x32,0x28,0x33,
0xFC,0x29,0x37,0x38,0xF0,0x10,0xE2,0xE2,0xE2,0x00,0x30,0x2D,0x37,0x38,0x33,0xFC,
0x34,0x25,0x36,0x25,0x00,0x27,0x33,0x31,0x29,0x32,0x3E,0x25,0x36,0xE2,0xE2,0xE2,
0xFF,0xF3,0x14,0x0F,0x30,0x00,0x32,0x39,0x29,0x3A,0x33,0x00,0x31,0x39,0x32,0x28,
0x33,0xE2,0xE2,0xE2,0xFC,0x0F,0x30,0x00,0x32,0x39,0x29,0x3A,0x33,0x00,0x33,0x36,
0x28,0x29,0x32,0xE2,0xE2,0xE2,0xFC,0x16,0x25,0x00,0x32,0x39,0x29,0x3A,0x25,0x00,
0x34,0x25,0x3E,0xE2,0xE2,0xE2,0xFD,0xF0,0x1E,0x17,0x25,0x29,0x37,0x38,0x36,0x33,
0x00,0x0F,0x30,0x34,0x2D,0x3E,0x33,0xE4,0xFC,0x34,0x33,0x36,0x00,0x37,0x2D,0x29,
0x31,0x34,0x36,0x29,0xE5,0xFF,0xF3,0x14,0xF0,0x1E,0xF0,0x1F,0x0E,0xF0,0x13,0x32,
0x28,0x29,0xE2,0xE2,0xE2,0x00,0x28,0xF0,0x13,0x32,0x28,0x29,0xFC,0x29,0x37,0x38,
0x33,0x3D,0xF0,0x08,0xE5,0xFD,0x0F,0x30,0x34,0x2D,0x3E,0x33,0x00,0x3A,0x2D,0x32,
0x33,0xE2,0xE2,0xE2,0xFC,0x3D,0x00,0x0F,0x30,0x2A,0x33,0x00,0x0C,0x29,0x26,0xF0,
0x11,0xFC,0x3A,0x2D,0x32,0x33,0xE2,0xE2,0xE2,0xFD,0xF0,0x1F,0x1B,0x39,0xF0,0x11,
0x00,0x29,0x37,0x38,0x33,0x3D,0xFC,0x2C,0x25,0x27,0x2D,0x29,0x32,0x28,0x33,0xE2,
0xE2,0xE2,0xF0,0x08,0xFD,0xF0,0x1E,0x12,0x2D,0x37,0x37,0x37,0x37,0x37,0x37,0xE5,
0xFF,0xF3,0x0F,0xF0,0x1E,0x0C,0x3B,0x33,0x33,0x33,0x33,0x2C,0xE5,0xFC,0x17,0x25,
0x29,0x37,0x38,0x36,0x33,0x00,0x0F,0x30,0x34,0x2D,0x3E,0x33,0xE2,0xE2,0xE2,0xFC,
0x17,0x25,0x29,0x37,0x38,0x36,0x33,0x00,0x0E,0x25,0x36,0x2F,0x00,0x0F,0x30,0x2A,
0xE2,0xE2,0xE2,0xFD,0x0F,0x30,0x00,0x32,0x39,0x29,0x3A,0x33,0x00,0x31,0x39,0x32,
0x28,0x33,0xE2,0xE2,0xE2,0xFC,0x29,0x37,0x38,0xF0,0x10,0x00,0x30,0x2D,0x37,0x38,
0x33,0xE2,0xE2,0xE2,0xFF,0xF3,0x0E,0x0F,0x30,0x00,0x32,0x39,0x29,0x3A,0x33,0x00,
0x31,0x39,0x32,0x28,0x33,0xE2,0xE2,0xE2,0xFC,0x0F,0x30,0x00,0x32,0x39,0x29,0x3A,
0x33,0x00,0x33,0x36,0x28,0x29,0x32,0xE2,0xE2,0xE2,0xFC,0x16,0x25,0x00,0x32,0x39,
0x29,0x3A,0x25,0x00,0x34,0x25,0x3E,0xE2,0xE2,0xE2,0xFD,0x17,0x25,0x29,0x37,0x38,
0x36,0x33,0x00,0x0F,0x30,0x34,0x2D,0x3E,0x33,0xE4,0xFC,0x34,0x33,0x36,0x00,0x37,
0x2D,0x29,0x31,0x34,0x36,0x29,0xE2,0xFC,0xF0,0x1E,0x0C,0x33,0x26,0x33,0x26,0x33,
0x26,0x2C,0x2A,0x25,0xE2,0xE2,0xE2,0xE2,0xE5,0xFF,0xF3,0x0E,0xF0,0x1F,0xF0,0x1E,
0xF0,0x1E,0x0C,0x3B,0x33,0x33,0x33,0x33,0x2C,0xE5,0xE2,0xE2,0xE2,0xE5,0xF0,0x08,
0xFD,0xF0,0x1E,0x0E,0xF0,0x13,0x32,0x28,0x29,0x00,0x29,0x37,0x38,0xF0,0x10,0xFC,
0x0F,0x30,0x34,0x2D,0x3E,0x33,0xE5,0xFD,0xF0,0x1F,0x1B,0x39,0xF0,0x11,0xF0,0x08,
0xFD,0xF0,0x1F,0x1B,0x39,0xF0,0x11,0xE2,0xE2,0xE2,0x00,0x29,0x37,0x38,0x33,0x3D,
0xFC,0x2C,0x25,0x27,0x2D,0x29,0x32,0x28,0x33,0xF0,0x08,0xFD,0x1B,0x39,0xF0,0x11,
0x00,0x27,0x25,0x30,0x33,0x36,0xE2,0xE2,0xE2,0xFC,0xF0,0x1F,0xF0,0x1E,0x0C,0x3B,
0x33,0x33,0x33,0x33,0x2C,0xE5,0xF0,0x08,0xFF,0xF3,0x13,0x0D,0x33,0x32,0x00,0x30,
0x25,0xFC,0x27,0x33,0x31,0x26,0x2D,0x32,0x25,0x27,0x2D,0xF0,0x13,0x32,0x00,0x28,
0x29,0xFC,0x29,0x30,0x00,0x17,0x25,0x29,0x37,0x38,0x36,0x33,0x00,0x0F,0x30,0x34,
0x2D,0x3E,0x33,0xFD,0x3D,0x00,0x29,0x30,0x00,0x17,0x25,0x29,0x37,0x38,0x36,0x33,
0xFC,0x0E,0x25,0x36,0x2F,0x00,0x0F,0x30,0x2A,0xE4,0x00,0x29,0x30,0x00,0x32,0x39,
0x29,0x3A,0x33,0xFC,0x31,0x39,0x32,0x28,0x33,0x00,0x29,0x37,0x38,0xF0,0x10,0xE2,
0xE2,0xE2,0xFD,0x30,0x2D,0x37,0x38,0x33,0x00,0x34,0x25,0x36,0x25,0xFC,0x27,0x33,
0x31,0x29,0x32,0x3E,0x25,0x36,0xE2,0xE2,0xE2,0xFF,0xF3,0x12,0x0F,0x30,0x00,0x32,
0x39,0x29,0x3A,0x33,0x00,0x31,0x39,0x32,0x28,0x33,0xE2,0xE2,0xE2,0xFC,0x0F,0x30,
0x00,0x32,0x39,0x29,0x3A,0x33,0x00,0x33,0x36,0x28,0x29,0x32,0xE2,0xE2,0xE2,0xFC,
0x16,0x25,0x00,0x32,0x39,0x29,0x3A,0x25,0x00,0x34,0x25,0x3E,0xE2,0xE2,0xE2,0xFD,
0xF0,0x1E,0x17,0x25,0x29,0x37,0x38,0x36,0x33,0x00,0x0F,0x30,0x34,0x2D,0x3E,0x33,
0xE4,0xFC,0x34,0x33,0x36,0x00,0x37,0x2D,0x29,0x31,0x34,0x36,0x29,0xE5,0xFF,0xF3,
0x12,0x1F,0x2B,0x2C,0xE2,0xE2,0xE2,0xFC,0x18,0x33,0x00,0x34,0x39,0x29,0x28,0x29,
0x00,0x37,0x29,0x36,0xE2,0xE2,0xE2,0xFD,0x18,0x33,0x00,0x34,0x29,0x32,0x37,0xF0,
0x11,0x00,0x35,0x39,0x29,0x00,0x31,0x2D,0xFC,0x27,0x33,0x36,0x25,0x3E,0xF0,0x13,
0x32,0x00,0x34,0x39,0x28,0x2D,0x29,0x36,0x25,0xFC,0x37,0x29,0x36,0x00,0x29,0x32,
0x2B,0x25,0xF0,0x1C,0x25,0x28,0x33,0x00,0x34,0x33,0x36,0xFD,0x29,0x30,0x30,0x33,
0x37,0xE2,0xE2,0xE2,0xFD,0x1B,0x39,0xF0,0x11,0x00,0x32,0x29,0x27,0x2D,0x33,0xE2,
0xE2,0xE2,0xFF,0xF3,0x11,0x16,0x33,0x00,0x31,0xF0,0x10,0x37,0x00,0x2B,0x36,0x25,
0x32,0x28,0x2D,0x33,0x37,0x33,0xFC,0x35,0x39,0x29,0x00,0x2E,0x25,0x31,0xF0,0x10,
0x37,0x00,0x2C,0x25,0xFC,0x29,0x3C,0x2D,0x37,0x38,0x2D,0x28,0x33,0x00,0x34,0x36,
0x33,0x32,0x38,0x33,0xE2,0xE2,0xE2,0xFD,0x28,0x29,0x37,0x34,0x29,0x36,0x38,0x25,
0x36,0xF0,0x10,0x00,0x29,0x32,0x00,0x29,0x37,0x38,0x29,0xFC,0x31,0x39,0x32,0x28,
0x33,0xE2,0xE2,0xE2,0xFD,0xF0,0x1E,0x17,0x25,0x29,0x37,0x38,0x36,0x33,0x00,0x0F,
0x30,0x34,0x2D,0x3E,0x33,0xE4,0xFC,0x34,0x33,0x36,0x00,0x37,0x2D,0x29,0x31,0x34,
0x36,0x29,0xE5,0xFF,0xF3,0x10,0x19,0x38,0x36,0x33,0x00,0x27,0x25,0x34,0xF0,0x12,
0x38,0x39,0x30,0x33,0x00,0x28,0x29,0xFC,0x30,0x25,0x00,0x2C,0x2D,0x37,0x38,0x33,
0x36,0x2D,0x25,0x00,0x29,0x37,0x38,0xF0,0x10,0xFC,0x25,0x00,0x34,0x39,0x32,0x38,
0x33,0x00,0x28,0x29,0x00,0xFD,0x27,0x33,0x31,0x29,0x32,0x3E,0x25,0x36,0xE2,0xE2,
0xE2,0xFD,0xF0,0x1E,0x17,0x25,0x29,0x37,0x38,0x36,0x33,0x00,0x0F,0x30,0x34,0x2D,
0x3E,0x33,0xE4,0xFC,0x34,0x33,0x36,0x00,0x37,0x2D,0x29,0x31,0x34,0x36,0x29,0xE5,
0xFF,0xF3,0x10,0xF0,0x1E,0xF0,0x1F,0x1B,0x39,0xF0,0x11,0xF0,0x08,0xE5,0xFD,0xF0,
0x1E,0x18,0x33,0x00,0x34,0x39,0x29,0x28,0x29,0x00,0x37,0x29,0x36,0xE5,0xFC,0xF0,
0x1E,0xF0,0x1E,0x19,0x3D,0x29,0xE5,0xE5,0xFD,0xF0,0x1E,0xF0,0x1F,0x1B,0x39,0xF0,
0x11,0x00,0x29,0x37,0x38,0x33,0x3D,0xFC,0x2C,0x25,0x27,0x2D,0x29,0x32,0x28,0x33,
0xE2,0xE2,0xE2,0xF0,0x08,0xE5,0xFD,0xF0,0x1E,0x11,0x39,0x2C,0x2C,0x2C,0x25,0xE2,
0xE2,0xE2,0xE2,0x2C,0xE5,0xFF,0xF3,0x0B,0x16,0x33,0x00,0x31,0xF0,0x10,0x37,0x00,
0x2B,0x36,0x25,0x32,0x28,0x29,0xFC,0x2E,0x25,0x31,0xF0,0x10,0x37,0x00,0x27,0x36,
0x29,0x25,0x28,0x33,0xFC,0x29,0x37,0x38,0xF0,0x10,0x00,0x30,0x2D,0x37,0x38,0x33,
0x00,0x34,0x25,0x36,0x25,0xFD,0x28,0x29,0x37,0x34,0x29,0x36,0x38,0x25,0x36,0xE2,
0xE2,0xE2,0xFD,0xF3,0x0C,0x19,0x38,0x36,0x33,0x00,0x27,0x25,0x34,0xF0,0x12,0x38,
0x39,0x30,0x33,0x00,0x28,0x29,0xFC,0x32,0x39,0x29,0x37,0x38,0x36,0x25,0x00,0x2B,
0x30,0x33,0x36,0x2D,0x33,0x37,0x25,0xFC,0x2C,0x2D,0x37,0x38,0x33,0x36,0x2D,0x25,
0x00,0x27,0x33,0x31,0x2D,0x29,0x32,0x3E,0x25,0xE2,0xE2,0xE2,0xFD,0x17,0x25,0x29,
0x37,0x38,0x36,0x33,0x00,0x0F,0x30,0x34,0x2D,0x3E,0x33,0xE4,0xFC,0x34,0x33,0x36,
0x00,0x37,0x2D,0x29,0x31,0x34,0x36,0x29,0xE2,0xE2,0xE2,0xFD,0x20,0x25,0x31,0x33,
0x37,0xE4,0x00,0x2C,0x29,0x36,0x31,0x25,0x32,0x2D,0x38,0x33,0xE2,0xE2,0xE2,0xFD,
0xF3,0x0B,0xF0,0x1E,0x1D,0xF0,0x12,0xE4,0x00,0x2C,0x29,0x36,0x31,0x25,0x32,0x33,
0xE5,0xFF,0xF3,0x0A,0x16,0x25,0x00,0x2C,0x2D,0x37,0x38,0x33,0x36,0x2D,0x25,0x00,
0x29,0x37,0x38,0xF0,0x10,0xFC,0x25,0x00,0x34,0x39,0x32,0x38,0x33,0x00,0x28,0x29,
0x00,0x37,0x29,0x36,0xFC,0x29,0x37,0x27,0x36,0x2D,0x38,0x25,0xE2,0xE2,0xE2,0xFD,
0xF3,0x0C,0x17,0x25,0x29,0x37,0x38,0x36,0x33,0x00,0x0F,0x30,0x34,0x2D,0x3E,0x33,
0xE4,0xFC,0x34,0x33,0x36,0x00,0x37,0x2D,0x29,0x31,0x34,0x36,0x29,0xE2,0xE2,0xE2,
0xFD,0x23,0x00,0x29,0x30,0x00,0x30,0x25,0x3E,0x33,0x00,0x29,0x32,0x38,0x36,0x29,
0xFC,0x30,0x33,0x37,0x00,0x2C,0x29,0x36,0x31,0x25,0x32,0x33,0x37,0xFD,0x0B,0x32,
0x27,0x2C,0x39,0x37,0x00,0x3A,0x2D,0x3A,0x2D,0x36,0xF0,0x10,0xFC,0x34,0x33,0x36,
0x00,0x37,0x2D,0x29,0x31,0x34,0x36,0x29,0xE2,0xE2,0xE2,0xFF,0xF3,0x0A,0xF0,0x1F,
0x1B,0x39,0xF0,0x11,0xE2,0xE2,0xE2,0x00,0x35,0x39,0xF0,0x11,0xFC,0x34,0x25,0x37,
0xF0,0x13,0xF0,0x08,0xFD,0xF0,0x1E,0xF0,0x1E,0x12,0x29,0x36,0x31,0x25,0x32,0x33,
0xE5,0xE5,0xFD,0xF3,0x0C,0xF0,0x1E,0xF0,0x1E,0x18,0x33,0x00,0x34,0x39,0x29,0x28,
0x29,0xFC,0x37,0x29,0x36,0xE5,0xE5,0xFD,0xF0,0x1E,0xF0,0x1E,0x10,0x39,0x2D,0x31,
0x33,0x37,0xFC,0x31,0x25,0x32,0x2D,0x34,0x39,0x30,0x25,0x28,0x33,0x37,0xE5,0xE5,
0xFD,0xF0,0x1E,0xF0,0x1E,0x1F,0x2B,0x2B,0x2B,0x2B,0x2B,0xE5,0xE5,0xFF,0xF3,0x17,
0x16,0x33,0x00,0x31,0xF0,0x10,0x37,0xFC,0x2B,0x36,0x25,0x32,0x28,0x29,0xE2,0xE2,
0xE2,0xFC,0xF0,0x1E,0x1C,0x2D,0x26,0x26,0x2D,0x28,0xE5,0xFD,0x3A,0x25,0x00,0x25,
0x00,0x28,0x29,0x37,0x34,0x29,0x36,0x38,0x25,0x36,0x00,0x33,0x38,0x36,0x25,0xFC,
0x3A,0x29,0x3E,0x00,0x29,0x32,0x00,0x29,0x37,0x38,0x29,0x00,0x31,0x39,0x32,0x28,
0x33,0xE2,0xFC,0x1C,0x2D,0x26,0x26,0x2D,0x28,0xE2,0xE2,0xE2,0xFD,0x18,0x39,0x29,
0x37,0x38,0x36,0x25,0x00,0x2C,0x2D,0x37,0x38,0x33,0x36,0x2D,0x25,0xFC,0x29,0x37,
0x38,0xF0,0x10,0x00,0x25,0x00,0x34,0x39,0x32,0x38,0x33,0x00,0x28,0x29,0xFC,0x28,
0x29,0x37,0x34,0x30,0x29,0x2B,0x25,0x36,0x37,0x29,0xE2,0xE2,0xE2,0xFD,0xF0,0x1E,
0x17,0x25,0x29,0x37,0x38,0x36,0x33,0x00,0x0F,0x30,0x34,0x2D,0x3E,0x33,0xE4,0xFC,
0x34,0x33,0x36,0x00,0x37,0x2D,0x29,0x31,0x34,0x36,0x29,0xE2,0xE2,0xE2,0xFC,0x1C,
0x2D,0x26,0x26,0x2D,0x28,0xE5,0xFF,0xF3,0x16,0x0F,0x37,0x38,0x25,0x31,0x33,0x37,
0x00,0x30,0x2D,0x37,0x38,0x33,0x37,0xFC,0x34,0x25,0x36,0x25,0x00,0x28,0x29,0x2A,
0x2D,0x32,0x2D,0x36,0xFC,0x32,0x39,0x29,0x37,0x38,0x36,0x33,0x00,0x28,0x29,0x37,
0x38,0x2D,0x32,0x33,0xE2,0xE2,0xE2,0xFD,0xF0,0x1E,0x17,0x25,0x29,0x37,0x38,0x36,
0x33,0x00,0x0F,0x30,0x34,0x2D,0x3E,0x33,0xE4,0xFC,0x34,0x33,0x36,0x00,0x37,0x2D,
0x29,0x31,0x34,0x36,0x29,0xE2,0xE2,0xE2,0xFC,0x1C,0x2D,0x26,0x26,0x2D,0x28,0xE5,
0xFF,0xF3,0x16,0xF0,0x1E,0xF0,0x1E,0x1C,0x2D,0x26,0x26,0x26,0x26,0x2D,0x28,0xE5,
0xE5,0xFD,0xF0,0x1E,0xF0,0x1F,0x0E,0xF0,0x13,0x32,0x28,0x29,0x00,0x29,0x37,0x38,
0x33,0x3D,0xF0,0x08,0xE5,0xFC,0xF0,0x1F,0xF0,0x1F,0x1B,0x39,0xF0,0x11,0x00,0x37,
0x33,0x3D,0xF0,0x08,0xF0,0x08,0xFD,0xF0,0x1E,0xF0,0x1E,0x1C,0x2D,0x26,0x26,0x26,
0x26,0x26,0x26,0x26,0x26,0x26,0x26,0x2D,0x28,0xE5,0xE5,0xFF,0xF3,0x4F,0x14,0x29,
0x00,0x2E,0x29,0x00,0x2E,0x29,0xE2,0x00,0x12,0x29,0x00,0x29,0x37,0x38,0x25,0x28,
0x33,0xFC,0x29,0x37,0x34,0x29,0x36,0xF0,0x10,0x32,0x28,0x33,0x38,0x29,0xE4,0xFC,
0x24,0x29,0x36,0x33,0xE2,0x00,0x18,0x25,0x28,0x25,0x00,0x29,0x37,0xFD,0x34,0x29,
0x33,0x36,0x00,0x35,0x39,0x29,0x00,0x28,0x25,0x36,0x00,0x39,0x32,0xFC,0x29,0x37,
0x34,0x29,0x27,0x38,0xF0,0x10,0x27,0x39,0x30,0x33,0x00,0x37,0x2D,0x32,0xFC,0x34,
0xF0,0x14,0x26,0x30,0x2D,0x27,0x33,0xE2,0xFD,0x0D,0x39,0x25,0x32,0x28,0x33,0x00,
0x28,0x29,0x37,0x38,0x36,0x39,0x3D,0x25,0xFC,0x25,0x30,0x00,0x22,0x00,0x33,0x36,
0x2D,0x2B,0x2D,0x32,0x25,0x30,0xE4,0xFD,0xF0,0x1E,0x37,0x29,0x36,0xF0,0x11,0x00,
0x2D,0x32,0x3A,0x29,0x32,0x27,0x2D,0x26,0x30,0x29,0xE5,0xFF,0xF3,0x08,0xF0,0x1E,
0x18,0x33,0x00,0x38,0x29,0x00,0x34,0x29,0x36,0x31,0x2D,0x38,0x2D,0x36,0xF0,0x11,
0xFC,0x2C,0x25,0x27,0x29,0x36,0x00,0x29,0x37,0x33,0xE5,0xFF,0xF3,0x08,0xF0,0x1F,
0x1A,0x29,0x36,0x33,0x00,0x35,0x39,0xF0,0x11,0xE2,0xE2,0xE2,0xF0,0x08,0xFF,0xF3,
0x4F,0x14,0x29,0x00,0x2E,0x29,0x00,0x2E,0x29,0xE2,0xFC,0x11,0x36,0x25,0x27,0x2D,
0x25,0x37,0x00,0x34,0x33,0x36,0x00,0x3A,0x29,0x32,0x2D,0x36,0xFC,0x25,0x00,0x31,
0x2D,0x00,0x29,0x37,0x34,0x29,0x27,0x38,0xF0,0x10,0x27,0x39,0x30,0x33,0xE2,0xFD,
0x1A,0x29,0x36,0x33,0x00,0x31,0x29,0x00,0x38,0x29,0x31,0x33,0xFC,0x35,0x39,0x29,
0xE2,0xE2,0xE2,0x00,0x29,0x37,0x38,0x29,0x00,0x29,0x37,0xFC,0x29,0x30,0x00,0x3A,
0x29,0x36,0x28,0x25,0x28,0x29,0x36,0x33,0xFD,0xF0,0xED,0x36,0x29,0x38,0x2D,0x36,
0x33,0xF0,0xED,0x00,0x28,0x29,0xFC,0x38,0x39,0x00,0x25,0x31,0x2D,0x2B,0x33,0xE2,
0xFF,0xF3,0x4F,0xF0,0x1E,0x14,0x29,0x00,0x2E,0x29,0x00,0x2E,0x29,0xE5,0xFC,0x12,
0x33,0x36,0x25,0x00,0x28,0x29,0x00,0x31,0x33,0x36,0x2D,0x36,0xE4,0xFC,0x22,0xE2,
0xE2,0xE2,0xFD,0xF0,0x1E,0x23,0x00,0x30,0x2D,0x26,0x29,0x36,0x25,0x36,0x00,0x25,
0x30,0xFC,0x0E,0x25,0x36,0x2F,0x00,0x0F,0x30,0x2A,0xE5,0xFF,0xF3,0x4F,0x14,0x25,
0xE2,0xE2,0xE2,0xFC,0x14,0x25,0x00,0x14,0x25,0x00,0x14,0x25,0xE2,0xE2,0xE2,0xFC,
0xF0,0x1E,0x11,0x39,0x25,0x00,0x14,0x25,0x00,0x14,0x25,0x00,0x14,0x25,0x00,0x14,
0x25,0xE5,0xFD,0xF0,0x1E,0x16,0x33,0x00,0x2C,0x2D,0x27,0x29,0xE5,0xFC,0xF0,0x1E,
0x0B,0x30,0x00,0x2A,0x2D,0x32,0x00,0x30,0x33,0x00,0x2C,0x2D,0x27,0x29,0xE5,0xFF,
0xF3,0x4F,0xF0,0x1E,0x12,0x29,0x00,0x29,0x30,0x2D,0x31,0x2D,0x32,0x25,0x28,0x33,
0x00,0x25,0x30,0xFC,0x2C,0xF0,0x11,0x36,0x33,0x29,0x00,0x30,0x29,0x2B,0x29,0x32,
0x28,0x25,0x36,0x2D,0x33,0xE5,0xFD,0xF0,0x1E,0x0B,0x30,0x00,0x2A,0x2D,0x32,0x00,
0x28,0x29,0x37,0x38,0x36,0x39,0xF0,0x12,0xFC,0x25,0x00,0x22,0xE5,0xFF,0xF3,0x4F,
0xF0,0x1E,0xF0,0x1E,0x0B,0x36,0x2B,0x2C,0x2C,0x2C,0x2C,0x2C,0x2C,0xE5,0xE5,0xFF,
0xF3,0x1E,0xE2,0xE2,0xE2,0x00,0xE2,0xE2,0xE2,0x00,0xE2,0xE2,0xE2,0x00,0xE2,0xE2,
0xE2,0xFD,0xE2,0xE2,0xE2,0x00,0xE2,0xE2,0xE2,0xFD,0x1A,0x29,0x36,0x28,0xF0,0x13,
0x32,0x00,0x34,0x33,0x36,0x00,0x2C,0x25,0x27,0x29,0x36,0x38,0x29,0xFC,0x29,0x37,
0x34,0x29,0x36,0x25,0x36,0xE4,0x00,0x24,0x29,0x36,0x33,0xE2,0xFC,0x20,0x33,0x3D,
0x00,0x25,0x00,0x29,0x30,0x2D,0x31,0x2D,0x32,0x25,0x36,0x38,0x29,0xE4,0xFD,0x28,
0x29,0x37,0x38,0x36,0x39,0x2D,0x36,0x00,0x18,0x29,0x33,0xFC,0x0B,0x36,0x27,0x25,
0x28,0x2D,0x25,0xE4,0x00,0x3D,0xFD,0x29,0x3C,0x38,0x29,0x36,0x31,0x2D,0x32,0x25,
0x36,0x00,0x25,0x00,0x38,0x33,0x28,0x33,0x37,0xFC,0x30,0x33,0x37,0x00,0x2C,0x39,
0x31,0x25,0x32,0x33,0x37,0xE2,0xFD,0xF0,0x1F,0x1B,0x39,0xF0,0x11,0x00,0x28,0x2D,
0x27,0x29,0x37,0xF0,0x08,0xFC,0x1F,0x32,0x00,0x31,0x39,0x32,0x28,0x33,0x00,0x37,
0x2D,0x32,0xFC,0x2C,0x39,0x31,0x25,0x32,0x33,0x37,0xE2,0xE2,0xE2,0xFD,0x1F,0x32,
0x00,0x31,0x39,0x32,0x28,0x33,0x00,0x37,0x33,0x30,0x33,0xFC,0x34,0x25,0x36,0x25,
0x00,0x1C,0x29,0x34,0x30,0x33,0x2D,0x28,0x29,0x37,0xE2,0xE2,0xE2,0xFD,0xF0,0x1F,
0xF0,0x1E,0x18,0x33,0x00,0x27,0x36,0x29,0x29,0x37,0x00,0x35,0x39,0x29,0xFC,0x37,
0x29,0x36,0xF0,0x12,0x25,0x00,0x39,0x32,0x00,0x34,0x25,0x36,0x25,0xF0,0x12,0x37,
0x33,0xE5,0xF0,0x08,0xFF,0xF3,0x1E,0x0F,0x37,0x38,0x33,0x00,0x32,0x33,0x00,0x34,
0x39,0x29,0x28,0x29,0x00,0x37,0x29,0x36,0xE2,0xE2,0xE2,0xFC,0x1D,0x29,0x00,0x37,
0x39,0x34,0x33,0x32,0xF0,0x12,0x25,0x00,0x35,0x39,0x29,0x00,0x31,0x29,0xFC,0x2C,
0x25,0x26,0xF0,0x12,0x25,0x00,0x3A,0x39,0x29,0x30,0x38,0x33,0xFD,0x2D,0x32,0x3A,
0x29,0x32,0x27,0x2D,0x26,0x30,0x29,0xE2,0xE2,0xE2,0xFD,0x1D,0x29,0x00,0x37,0x39,
0x34,0x33,0x32,0xF0,0x12,0x25,0x00,0x35,0x39,0x29,0xFC,0x2C,0x25,0x26,0xF0,0x12,
0x25,0x00,0x33,0x26,0x38,0x29,0x32,0x2D,0x28,0x33,0x00,0x29,0x30,0xFC,0x34,0x33,
0x28,0x29,0x36,0x00,0x35,0x39,0x29,0x00,0x27,0x25,0x37,0x2D,0xFD,0x30,0x30,0x29,
0x3A,0xF0,0x13,0x00,0x25,0x30,0x00,0x31,0x39,0x32,0x28,0x33,0x00,0x25,0xFC,0x30,
0x25,0x00,0x28,0x29,0x37,0x38,0x36,0x39,0x27,0x27,0x2D,0xF0,0x13,0x32,0xE2,0xE2,
0xE2,0xFF,0xF3,0x1E,0xF0,0x1E,0x18,0x33,0x00,0x2A,0x39,0x29,0x00,0x37,0x39,0x2A,
0x2D,0x27,0x2D,0x29,0x32,0x38,0x29,0xE4,0xFC,0x0E,0x25,0x36,0x2F,0x00,0x0F,0x30,
0x2A,0xE5,0xFC,0xF0,0x1E,0xF0,0x1E,0x0E,0x25,0x31,0x29,0x00,0x31,0xF0,0x10,0x37,
0x00,0x34,0x33,0x28,0x29,0x36,0xE5,0xE5,0xFF,0xF3,0x53,0x11,0x36,0x25,0x27,0x2D,
0x25,0x37,0xE2,0xE2,0xE2,0x00,0x24,0x29,0x36,0x33,0xE2,0xE2,0xE2,0xFC,0x11,0x36,
0x25,0x27,0x2D,0x25,0x37,0x00,0x34,0x33,0x36,0xFC,0x28,0x29,0x38,0x29,0x32,0x29,
0x36,0x31,0x29,0xE2,0xE2,0xE2,0x00,0x17,0x29,0xFD,0x37,0x25,0x30,0x3A,0x25,0x37,
0x38,0x29,0xE2,0x00,0x0F,0x37,0x38,0x39,0x3A,0x29,0x00,0x25,0xFC,0x34,0x39,0x32,
0x38,0x33,0x00,0x28,0x29,0x00,0x2C,0x25,0x27,0x29,0x36,0xFC,0x25,0x30,0x2B,0x33,
0xE2,0xE2,0xE2,0x00,0x0B,0x30,0x2B,0x33,0x00,0x35,0x39,0x29,0xFD,0x32,0x33,0x00,
0x34,0x39,0x29,0x28,0x29,0x00,0x37,0x29,0x36,0xFC,0x34,0x29,0x36,0x28,0x33,0x32,
0x25,0x28,0x33,0xE2,0xE2,0xE2,0xFC,0x17,0x39,0x27,0x2C,0x25,0x37,0x00,0x2B,0x36,
0x25,0x27,0x2D,0x25,0x37,0xE2,0xE2,0xE2,0xFF,0xF3,0x20,0xFB,0x10,0x39,0x2D,0x00,
0x38,0x25,0x32,0x00,0x28,0xF0,0x11,0x26,0x2D,0x30,0xE2,0xE2,0xE2,0xFC,0x1E,0x25,
0x32,0x00,0x34,0x25,0x38,0xF0,0x11,0x38,0x2D,0x27,0x33,0xE2,0xE2,0xE2,0xFD,0x0B,
0x27,0x29,0x34,0x38,0x25,0x36,0x00,0x30,0x33,0x37,0xFC,0x2A,0x36,0x25,0x27,0x25,
0x37,0x33,0x37,0x00,0x29,0x32,0x00,0x30,0x25,0xFC,0x3A,0x2D,0x28,0x25,0x00,0x29,
0x37,0x00,0x25,0x30,0x2B,0x33,0x00,0x31,0x39,0x3D,0xFD,0x28,0x2D,0x2A,0xF0,0x12,
0x27,0x2D,0x30,0xE2,0xE2,0xE2,0x00,0x0D,0x36,0x29,0x33,0xFC,0x35,0x39,0x29,0x00,
0x27,0x33,0x32,0x00,0x29,0x37,0x38,0x25,0xFC,0x30,0x29,0x27,0x27,0x2D,0xF0,0x13,
0x32,0x00,0x31,0x29,0x00,0x2C,0x29,0xFD,0x3A,0x39,0x29,0x30,0x38,0x33,0x00,0x39,
0x32,0x00,0x34,0x33,0x27,0x33,0xFC,0x31,0xF0,0x10,0x37,0x00,0x2A,0x39,0x29,0x36,
0x38,0x29,0xE2,0xE2,0xE2,0xFC,0x0F,0x37,0x00,0x2C,0x33,0x36,0x25,0x00,0x28,0x29,
0xFD,0x28,0x29,0x27,0x2D,0x36,0x00,0x25,0x28,0x2D,0xF0,0x13,0x37,0xE4,0xFC,0x24,
0x29,0x36,0x33,0xE2,0xFD,0x0E,0x2D,0x30,0x29,0x00,0x25,0x00,0x0D,0x2D,0x29,0x30,
0x00,0x35,0x39,0x29,0xFC,0x30,0x33,0x00,0x37,0x2D,0x29,0x32,0x38,0x33,0xE2,0xE2,
0xE2,0xFF,0xF3,0x3B,0xF0,0x1F,0x17,0x29,0xE2,0xE2,0xE2,0xF0,0x08,0xFD,0xF0,0x1E,
0x17,0x29,0x29,0x29,0x29,0x29,0xE5,0xFF,0xF3,0x53,0x1D,0x2D,0x29,0x32,0x38,0x33,
0x00,0x27,0x25,0x30,0x33,0x36,0xE2,0xE2,0xE2,0xFC,0x0B,0x2C,0x2C,0x2C,0xE2,0xE2,
0xE2,0xFF,0xF3,0x53,0x1A,0x25,0x36,0x29,0x27,0x29,0x00,0x35,0x39,0x29,0xFC,0x29,
0x30,0x30,0x25,0xE2,0xE2,0xE2,0x00,0x31,0x29,0x00,0x37,0x25,0x30,0x3A,0xF0,0x13,
0xE2,0xFD,0x0F,0x30,0x30,0x25,0x00,0x32,0x33,0x00,0x29,0x37,0xFC,0x31,0x25,0x30,
0x3A,0x25,0x28,0x25,0xE2,0xE2,0xE2,0xFD,0x11,0x36,0x25,0x27,0x2D,0x25,0x37,0xE2,
0xFC,0x24,0x29,0x36,0x33,0xE2,0xFD,0x23,0x00,0x25,0x28,0x2D,0xF0,0x13,0x37,0xE2,
0xE2,0xE2,0xFF,0xF3,0x42,0xFB,0x24,0x29,0x36,0xE2,0xE2,0xE2,0xFD,0x24,0xE2,0xE2,
0xE2,0x24,0x29,0x36,0x33,0xE2,0xE2,0xE2,0xFD,0xE2,0xE2,0xE2,0x00,0xE2,0xE2,0xE2,
0xFF,0xF3,0x08,0xE5,0xF0,0x08,0xFF,0xF3,0x55,0x0F,0x30,0x30,0x25,0x00,0x32,0x33,
0x00,0x37,0x2D,0x29,0x31,0x34,0x36,0x29,0xFC,0x2A,0x39,0x29,0x00,0x30,0x30,0x25,
0x31,0x25,0x28,0x25,0xFC,0xF0,0xED,0x0E,0x25,0x36,0x2F,0x00,0x0F,0x30,0x2A,0xF0,
0xED,0xE2,0xE2,0xE2,0xFD,0x0D,0x39,0x25,0x32,0x28,0x33,0x00,0x32,0x25,0x27,0x2D,
0xF0,0x13,0xE4,0xFC,0x38,0x29,0x32,0xF0,0x12,0x25,0x00,0x39,0x32,0x25,0x00,0x31,
0x2D,0x37,0x2D,0xF0,0x13,0x32,0xE4,0xFC,0x37,0x25,0x30,0x3A,0x25,0x36,0x00,0x29,
0x30,0x00,0x31,0x39,0x32,0x28,0x33,0xE4,0xFD,0x3D,0x00,0x38,0x29,0x32,0xF0,0x12,
0x25,0x00,0x33,0x38,0x36,0x33,0xFC,0x32,0x33,0x31,0x26,0x36,0x29,0xE2,0xFC,0x1A,
0x29,0x36,0x33,0x00,0x27,0x39,0x25,0x32,0x28,0x33,0x00,0x37,0x39,0xFD,0x2C,0x25,
0x26,0x2D,0x30,0x2D,0x28,0x25,0x28,0x00,0x37,0x29,0xFC,0x27,0x33,0x32,0x3A,0x2D,
0x36,0x38,0x2D,0xF0,0x13,0x00,0x29,0x32,0x00,0x39,0x32,0x25,0xFC,0x25,0x31,0x29,
0x32,0x25,0x3E,0x25,0x00,0x34,0x25,0x36,0x25,0x00,0x30,0x25,0xFD,0x28,0x29,0x37,
0x38,0x36,0x39,0x27,0x27,0x2D,0xF0,0x13,0x32,0x00,0x28,0x29,0x30,0xFC,0x31,0x39,
0x32,0x28,0x33,0xE4,0x00,0x27,0x33,0x31,0x29,0x32,0x3E,0x25,0x36,0x33,0x32,0xFC,
0x25,0x00,0x30,0x30,0x25,0x31,0x25,0x36,0x30,0x25,0xFD,0xF0,0xED,0x0E,0x25,0x36,
0x2F,0x00,0x0F,0x30,0x2A,0xF0,0xED,0xE2,0xE2,0xE2,0xFC,0x0E,0x29,0x37,0x28,0x29,
0x00,0x35,0x39,0x29,0x00,0x25,0x30,0x2B,0x39,0x2D,0x29,0x32,0xFC,0x30,0x30,0x25,
0x31,0x25,0x28,0x33,0x00,0x0E,0x36,0xE2,0x00,0x21,0x29,0x2D,0x30,0xFD,0x30,0x29,
0x00,0x2D,0x31,0x34,0x39,0x37,0x33,0x00,0x39,0x32,0x25,0xFC,0x31,0x25,0x30,0x28,
0x2D,0x27,0x2D,0xF0,0x13,0x32,0xE2,0xE2,0xE2,0xFF,0xF3,0x08,0x23,0x33,0xE2,0xE2,
0xE2,0x00,0x37,0x2D,0x29,0x32,0x38,0x33,0x00,0x35,0x39,0x29,0xFC,0x30,0x25,0x00,
0x27,0x33,0x32,0x33,0x3E,0x27,0x33,0xE2,0xE2,0xE2,0xFF,0xF3,0x08,0x0E,0x25,0x36,
0x2F,0xE2,0xE2,0xE2,0x0F,0x30,0x2A,0xE2,0xE2,0xE2,0xFD,0xE2,0xE2,0xE2,0x00,0xE2,
0xE2,0xE2,0xFF,0xF3,0x48,0xFB,0x1A,0x25,0x36,0x29,0x27,0x29,0x00,0x35,0x39,0x29,
0x00,0x29,0x30,0xFC,0x0E,0x25,0x36,0x2F,0x00,0x0F,0x30,0x2A,0x00,0x2C,0x25,0xFC,
0x28,0x29,0x37,0x34,0x29,0x36,0x38,0x25,0x28,0x33,0xE2,0xFD,0x14,0x29,0x00,0x2E,
0x29,0x00,0x2E,0x29,0x00,0x2E,0x29,0xE2,0xFD,0x12,0x25,0x00,0x30,0x30,0x29,0x2B,
0x25,0x28,0x33,0x00,0x29,0x30,0xFC,0x31,0x33,0x31,0x29,0x32,0x38,0x33,0x00,0x28,
0x29,0xFC,0x25,0x27,0x38,0x39,0x25,0x36,0xE4,0x00,0x19,0x31,0x29,0x2B,0x25,0xE2,
0xE2,0xE2,0xFF,0xF3,0x48,0xFB,0x14,0x29,0x00,0x2E,0x29,0x00,0x2E,0x29,0x00,0x2E,
0x29,0xE2,0xFC,0x14,0x29,0x00,0x2E,0x29,0x00,0x2E,0x29,0xE2,0xFF,
};
alignas(16) inline constexpr uint16_t mmz2_msg13_script_offsets[] = {
0x0000,0x002B,0x005B,0x01D8,0x01D8,0x026D,0x02C0,0x0391,
0x043E,0x044E,0x0468,0x0550,0x05B3,0x05C2,0x0600,0x0621,
0x06A5,0x07B7,0x07B7,0x07D3,0x07E5,0x0820,0x083C,0x08A9,
0x0929,0x0940,0x09E3,0x0A83,0x0AB4,0x0B44,0x0B9A,0x0CCD,
0x0D8D,0x0E89,0x0E98,0x0F3E,0x10EC,0x10EC,0x1228,0x124D,
0x1260,0x13F4,0x151A,0x151A,
};
constexpr int mmz2_msg13_num_entries = 44;
alignas(16) inline constexpr uint8_t mmz2_msg13_script_data[] = {
0xF3,0x46,0x0F,0x37,0x38,0x25,0x31,0x33,0x37,0x00,0x30,0x2D,0x37,0x38,0x33,0x37,
0xFC,0x34,0x25,0x36,0x25,0x00,0x25,0x26,0x36,0x2D,0x36,0x00,0x2A,0x39,0x29,0x2B,
0x33,0xE4,0xFC,0x37,0x29,0xF0,0x1C,0x33,0x36,0xE2,0xFF,0xF3,0x3C,0xFB,0xF0,0x1E,
0xF0,0x1E,0x0F,0x37,0x38,0x25,0x31,0x33,0x37,0x00,0x29,0x37,0x34,0x29,0x36,0x25,
0x32,0xF0,0x01,0xFC,0x28,0x33,0x00,0x30,0x25,0x00,0x37,0x29,0xF0,0x1C,0x25,0x30,
0xE4,0x00,0x37,0x29,0xF0,0x1C,0x33,0x36,0xE5,0xE5,0xFF,0xF3,0x04,0xFA,0x0C,0x39,
0x29,0x32,0x33,0xE2,0xE2,0xE2,0x00,0x12,0x25,0x00,0x30,0x30,0x29,0x2B,0x25,0x28,
0x33,0xFC,0x29,0x30,0x00,0x31,0x33,0x31,0x29,0x32,0x38,0x33,0x00,0x28,0x29,0x00,
0x30,0x25,0x32,0x3E,0x25,0x36,0xFC,0x39,0x32,0x00,0x25,0x38,0x25,0x35,0x39,0x29,
0x00,0x31,0x25,0x37,0x2D,0x3A,0x33,0xFD,0x27,0x33,0x32,0x38,0x36,0x25,0x00,0x18,
0x29,0x33,0xFC,0x0B,0x36,0x27,0x25,0x28,0x2D,0x25,0xE2,0x00,0x19,0x00,0x35,0x39,
0x2D,0x3E,0xF0,0x10,0xFC,0x37,0x29,0x25,0x00,0x31,0x29,0x2E,0x33,0x36,0x00,0x28,
0x29,0x27,0x2D,0x36,0xFD,0x35,0x39,0x29,0x00,0x29,0x37,0x00,0x31,0x33,0x31,0x29,
0x32,0x38,0x33,0x00,0x28,0x29,0xFC,0x28,0x29,0x37,0x38,0x36,0x39,0x2D,0x36,0x30,
0x25,0x00,0x28,0x29,0x00,0x39,0x32,0x25,0xFC,0x3A,0x29,0x3E,0x00,0x34,0x33,0x36,
0x00,0x38,0x33,0x28,0x25,0x37,0xE2,0xFD,0xF0,0x1E,0x17,0x29,0x00,0x27,0x33,0x31,
0x34,0x30,0x25,0x27,0x29,0xFC,0x25,0x32,0x39,0x32,0x27,0x2D,0x25,0x36,0x00,0x35,
0x39,0x29,0xFC,0x29,0x37,0x38,0x25,0x31,0x33,0x37,0x00,0x28,0x25,0x32,0x28,0x33,
0xFD,0x2D,0x32,0x2D,0x27,0x2D,0x33,0x00,0x25,0x00,0x29,0x37,0x38,0x25,0xFC,0x19,
0x34,0x29,0x36,0x25,0x27,0x2D,0xF0,0x13,0x32,0x00,0x11,0x33,0x30,0x34,0x29,0xFC,
0x14,0x39,0x37,0x38,0x33,0xE5,0x00,0x0F,0x37,0x38,0x29,0x00,0x2C,0x25,0xFD,0x37,
0x2D,0x28,0x33,0x00,0x39,0x32,0x00,0x38,0x36,0x25,0x26,0x25,0x2E,0x33,0xFC,0x29,
0x32,0x00,0x29,0x35,0x39,0x2D,0x34,0x33,0xE4,0x00,0x34,0x29,0x36,0x33,0xFC,0x35,
0x39,0x2D,0x37,0x2D,0x29,0x36,0x25,0x00,0x25,0x2B,0x36,0x25,0x28,0x29,0x27,0x29,
0x36,0xFD,0x29,0x32,0x00,0x29,0x37,0x34,0x29,0x27,0x2D,0x25,0x30,0x00,0x30,0x33,
0x37,0xFC,0x29,0x37,0x2A,0x39,0x29,0x36,0x3E,0x33,0x37,0x00,0x28,0x29,0x00,0x24,
0x29,0x36,0x33,0xE2,0xFC,0x0B,0x2C,0x33,0x36,0x25,0xE4,0x00,0x28,0x25,0x31,0x25,
0x37,0x00,0x3D,0xFD,0x27,0x25,0x26,0x25,0x30,0x30,0x29,0x36,0x33,0x37,0xE4,0xFC,
0x13,0x18,0x13,0x0D,0x13,0x0F,0x18,0xE2,0xE2,0xE2,0xFD,0xF3,0x07,0xF0,0x1E,0x0F,
0x37,0x34,0x29,0x36,0x29,0x32,0xE5,0xFF,0xF3,0x04,0xF0,0x1F,0x1B,0x39,0xF0,0x11,
0x00,0x37,0x39,0x27,0x29,0x28,0x29,0xE4,0xFC,0x1D,0x36,0x38,0x25,0xE2,0x00,0x0D,
0x2D,0x29,0x30,0xF0,0x08,0xFD,0xF3,0x07,0xFB,0xF0,0x1F,0x0F,0x37,0x00,0x32,0x29,
0x27,0x29,0x37,0x25,0x36,0x2D,0x33,0x00,0x29,0x37,0x38,0x33,0xF0,0x08,0xFC,0xF0,
0x1F,0x0E,0x29,0x00,0x3A,0x29,0x36,0x28,0x25,0x28,0x00,0x38,0x29,0x32,0x29,0x31,
0x33,0x37,0x00,0xFC,0x35,0x39,0x29,0x00,0x2C,0x25,0x27,0x29,0x36,0x30,0x33,0xF0,
0x08,0xFD,0x1D,0x2D,0x00,0x30,0x25,0x32,0x3E,0x25,0x31,0x33,0x37,0x00,0x39,0x32,
0xFC,0x25,0x38,0x25,0x35,0x39,0x29,0x00,0x38,0x33,0x38,0x25,0x30,0xE4,0xFC,0x30,
0x25,0x37,0x00,0x26,0x25,0x2E,0x25,0x37,0x00,0x37,0x29,0x36,0xF0,0x10,0x32,0xFD,
0x31,0x39,0x3D,0x00,0x25,0x30,0x38,0x25,0x37,0xE2,0xE2,0xE2,0xFF,0xF3,0x04,0x17,
0x29,0x00,0x38,0x29,0x31,0x33,0x00,0x35,0x39,0x29,0x00,0x29,0x37,0x00,0x29,0x30,
0xFC,0x34,0x36,0x29,0x27,0x2D,0x33,0x00,0x35,0x39,0x29,0x00,0x28,0x29,0x26,0x29,
0x31,0x33,0x37,0xFC,0x34,0x25,0x2B,0x25,0x36,0x00,0x34,0x33,0x36,0x00,0xFD,0x32,
0x39,0x29,0x37,0x38,0x36,0x33,0x00,0x2A,0x39,0x38,0x39,0x36,0x33,0xE2,0xFD,0x0F,
0x37,0x00,0x30,0x25,0x31,0x29,0x32,0x38,0x25,0x26,0x30,0x29,0xE2,0xE2,0xE2,0xFF,
0xF3,0x29,0xFB,0x16,0x25,0x00,0x2D,0x32,0x3A,0x29,0x37,0x38,0x2D,0x2B,0x25,0x27,
0x2D,0xF0,0x13,0x32,0x00,0x28,0x29,0xFC,0x0D,0x2D,0x29,0x30,0x00,0x29,0x37,0x38,
0x25,0x36,0xF0,0x10,0x00,0x30,0x2D,0x37,0x38,0x25,0xFC,0x31,0x39,0x3D,0x00,0x34,
0x36,0x33,0x32,0x38,0x33,0xE2,0xE2,0xE2,0x00,0xFD,0x1F,0x32,0x25,0x00,0x3A,0x29,
0x3E,0x00,0x35,0x39,0x29,0x00,0x30,0x25,0xFC,0x29,0x32,0x29,0x36,0x2B,0xF0,0x12,
0x25,0x00,0x37,0x39,0x37,0x38,0x2D,0x38,0x39,0x38,0x25,0xFC,0x29,0x37,0x38,0xF0,
0x11,0x00,0x28,0x29,0x37,0x25,0x36,0x36,0x33,0x30,0x30,0x25,0x28,0x25,0xE4,0xFD,
0x18,0x29,0x33,0x00,0x0B,0x36,0x27,0x25,0x28,0x2D,0x25,0x00,0x3D,0x25,0x00,0x32,
0x33,0xFC,0x38,0x29,0x32,0x28,0x36,0xF0,0x10,0x00,0x31,0x33,0x38,0x2D,0x3A,0x33,
0x37,0x00,0x34,0x25,0x36,0x25,0xFC,0x36,0x29,0x34,0x36,0x2D,0x31,0x2D,0x36,0x32,
0x33,0x37,0xE2,0xE2,0xE2,0xFD,0xF0,0x1F,0x1A,0x33,0x28,0x36,0xF0,0x12,0x25,0x37,
0x00,0x28,0x25,0x36,0x32,0x33,0x37,0x00,0x39,0x32,0xFC,0x34,0x33,0x27,0x33,0x00,
0x31,0xF0,0x10,0x37,0x00,0x28,0x29,0x00,0x38,0x2D,0x29,0x31,0x34,0x33,0xF0,0x08,
0xFF,0xF3,0x04,0x0F,0x37,0x33,0xE2,0xE2,0xE2,0xFC,0x0C,0x39,0x29,0x32,0x33,0xE4,
0x00,0x29,0x37,0x33,0x00,0x32,0x33,0x00,0x29,0x37,0xFC,0x31,0xF0,0x10,0x37,0x00,
0x35,0x39,0x29,0x00,0x39,0x32,0x25,0x00,0x28,0x39,0x30,0x27,0x29,0xFD,0x2D,0x30,
0x39,0x37,0x2D,0xF0,0x13,0x32,0xE2,0x00,0x1D,0x2D,0x00,0x37,0x29,0xFC,0x28,0x29,
0x37,0x25,0x36,0x36,0x33,0x30,0x30,0x25,0x00,0x39,0x32,0x25,0xFC,0x29,0x32,0x29,
0x36,0x2B,0xF0,0x12,0x25,0x00,0x37,0x39,0x37,0x38,0x2D,0x38,0x39,0x38,0x25,0xE4,
0xFD,0x3D,0x00,0x37,0x2D,0x00,0x37,0x29,0x00,0x30,0x25,0x00,0x28,0x25,0x31,0x33,
0x37,0xFC,0x2B,0x36,0x25,0x38,0x2D,0x37,0xE4,0x00,0x32,0x33,0x00,0x27,0x36,0x29,
0x33,0x00,0x35,0x39,0x29,0xFD,0x18,0x29,0x33,0x00,0x0B,0x36,0x27,0x25,0x28,0x2D,
0x25,0xFC,0x32,0x33,0x37,0x00,0x31,0x39,0x29,0x37,0x38,0x36,0x29,0xFC,0x31,0x2D,
0x37,0x29,0x36,0x2D,0x27,0x33,0x36,0x28,0x2D,0x25,0xE2,0xE2,0xE2,0xFF,0xF3,0x07,
0xFB,0x1A,0xE2,0xE2,0xE2,0x00,0x1A,0x29,0x36,0x33,0xE2,0xE2,0xE2,0xFF,0xF3,0x04,
0xF0,0x1E,0x1D,0x2D,0x30,0x29,0x32,0x27,0x2D,0x33,0xE5,0xFD,0xE2,0xE2,0xE2,0x00,
0xE2,0xE2,0xE2,0x00,0xE2,0xE2,0xE2,0xFF,0xF3,0x04,0x17,0x29,0x00,0x28,0x2D,0x37,
0x27,0x39,0x30,0x34,0x33,0x00,0x34,0x33,0x36,0x00,0x31,0x2D,0x37,0xFC,0xF0,0x13,
0x36,0x28,0x29,0x32,0x29,0x37,0xE4,0x00,0x1D,0x36,0x38,0x25,0xE2,0x00,0x0D,0x2D,
0x29,0x30,0xE2,0xFC,0x1A,0x29,0x36,0x33,0x00,0x28,0x29,0x26,0x29,0x00,0x37,0x29,
0x2B,0x39,0x2D,0x36,0x30,0x25,0x37,0xE2,0xFD,0x23,0x33,0xE2,0xE2,0xE2,0x00,0x0F,
0x37,0x38,0x33,0x3D,0x00,0x38,0x25,0x32,0xFC,0x34,0x36,0x29,0x33,0x27,0x39,0x34,
0x25,0x28,0x33,0x00,0x34,0x33,0x36,0x00,0x39,0x37,0x38,0x29,0xF0,0x01,0xFC,0x28,
0x29,0x37,0xE4,0x00,0x30,0x33,0x37,0x00,0x1C,0x29,0x34,0x30,0x33,0x2D,0x28,0x29,
0x37,0xE2,0xE2,0xE2,0xFD,0x1A,0x33,0x36,0x00,0x30,0x25,0x00,0x1D,0x36,0x38,0x25,
0xE2,0x00,0x0D,0x2D,0x29,0x30,0xE2,0xE2,0xE2,0xFC,0x3D,0x00,0x34,0x33,0x36,0x00,
0x30,0x33,0x37,0x00,0x37,0x33,0x30,0x28,0x25,0x28,0x33,0x37,0xFC,0x28,0x29,0x00,
0x30,0x25,0x00,0x36,0x29,0x37,0x2D,0x37,0x38,0x29,0x32,0x27,0x2D,0x25,0xE2,0xE2,
0xE2,0xFD,0xF0,0x1E,0xF0,0x1E,0x1D,0x33,0x30,0x33,0x00,0x35,0x39,0x2D,0x29,0x36,
0x33,0x00,0x30,0x33,0xFC,0x31,0x29,0x2E,0x33,0x36,0x00,0x34,0x25,0x36,0x25,0x00,
0x1E,0x19,0x0E,0x19,0x1D,0xFC,0x1F,0x1D,0x1E,0x0F,0x0E,0x0F,0x1D,0xE5,0xE5,0xFF,
0xF3,0x04,0x1E,0x33,0x28,0x25,0x37,0x00,0x30,0x25,0x37,0x00,0x38,0x36,0x33,0x34,
0x25,0x37,0xE2,0xE2,0xE2,0xFD,0x0B,0x26,0x36,0x25,0x32,0x00,0x2A,0x39,0x29,0x2B,
0x33,0xE2,0xE2,0xE2,0xFD,0xF0,0x1E,0x0F,0x32,0x38,0x36,0x29,0x32,0x00,0x29,0x32,
0x00,0x27,0x33,0x31,0x26,0x25,0x38,0x29,0xE5,0xFD,0xF3,0x4B,0x1E,0x33,0x28,0x25,
0x37,0x00,0x30,0x25,0x37,0x00,0x38,0x36,0x33,0x34,0x25,0x37,0xE2,0xFD,0xF0,0x1E,
0x0B,0x26,0x36,0x25,0x32,0x00,0x2A,0x39,0x29,0x2B,0x33,0x00,0x25,0x2C,0x33,0x36,
0x25,0xE5,0xFF,0xF3,0x3C,0xFB,0xF0,0x1E,0x1C,0x29,0x27,0x2D,0x26,0x2D,0x28,0x33,
0xE5,0xFF,0xF3,0x04,0x20,0x33,0x3D,0x00,0x25,0x00,0x30,0x25,0x00,0x30,0xF0,0x12,
0x32,0x29,0x25,0xFC,0x28,0x29,0x30,0x00,0x2A,0x36,0x29,0x32,0x38,0x29,0x00,0x25,
0x00,0xFC,0x28,0x25,0x36,0x00,0xF0,0x13,0x36,0x28,0x29,0x32,0x29,0x37,0xE2,0xFD,
0x1E,0x36,0x25,0x32,0x37,0x2A,0x2D,0xF0,0x11,0x36,0x25,0x32,0x31,0x29,0xE2,0xFF,
0xF3,0x4B,0x1A,0x36,0x29,0x34,0x25,0x36,0xF0,0x10,0x32,0x28,0x33,0x37,0x29,0x00,
0x34,0x25,0x36,0x25,0xFC,0x38,0x36,0x25,0x32,0x37,0x2A,0x29,0x36,0x2D,0x36,0xE2,
0xFF,0xF3,0x04,0x18,0x33,0x00,0x38,0x29,0x00,0x34,0x36,0x29,0x33,0x27,0x39,0x34,
0x29,0x37,0xE2,0xFC,0x1A,0x33,0x28,0x36,0x29,0x31,0x33,0x37,0x00,0x25,0x36,0x36,
0x29,0x2B,0x30,0x25,0x36,0xFC,0x29,0x37,0x38,0x33,0x00,0x28,0x29,0x37,0x34,0x39,
0xF0,0x11,0x37,0xE2,0xE2,0xE2,0xFD,0x23,0x00,0x27,0x39,0x25,0x32,0x28,0x33,0x00,
0x38,0x33,0x28,0x33,0xFC,0x29,0x37,0x38,0x33,0x00,0x38,0x29,0x36,0x31,0x2D,0x32,
0x29,0xE4,0x00,0x3D,0x33,0xE2,0xE2,0xE2,0xFD,0x17,0x29,0x00,0x2B,0x39,0x37,0x38,
0x25,0x36,0xF0,0x12,0x25,0xE2,0xE2,0xE2,0xFD,0xF3,0x4C,0x0D,0x33,0x31,0x29,0x32,
0x3E,0x25,0x32,0x28,0x33,0xFC,0x38,0x36,0x25,0x32,0x37,0x2A,0x29,0x36,0x29,0x32,
0x27,0x2D,0x25,0xE2,0xFF,0xF3,0x29,0xFB,0x24,0x29,0x36,0x33,0xE4,0x00,0xF0,0x1F,
0x37,0x29,0x2B,0x39,0x2D,0x36,0xF0,0x10,0x37,0x00,0x25,0x30,0xFC,0x0D,0x33,0x31,
0x25,0x32,0x28,0x25,0x32,0x38,0x29,0x00,0x0F,0x30,0x34,0x2D,0x3E,0x33,0xF0,0x08,
0xFD,0x1E,0x29,0x32,0x2B,0x33,0x00,0x39,0x32,0x00,0x31,0x39,0x3D,0x00,0x31,0x25,
0x30,0xFC,0x34,0x36,0x29,0x37,0x29,0x32,0x38,0x2D,0x31,0x2D,0x29,0x32,0x38,0x33,
0xE2,0xE2,0xE2,0xFD,0xF4,0x01,0xF3,0x4B,0xFA,0x24,0x29,0x36,0x33,0xE4,0x00,0x34,
0x33,0x36,0x00,0x2A,0x25,0x3A,0x33,0x36,0xE2,0xFD,0xF6,0x00,0xF0,0xED,0xF0,0x1F,
0x16,0x33,0x00,0x34,0x36,0x33,0x38,0x29,0x2B,0x29,0x36,0xF0,0x10,0x37,0xF0,0x08,
0xF0,0xED,0xFC,0x00,0x00,0x1D,0xF0,0x17,0xFC,0x00,0x00,0x18,0x19,0xFD,0xF3,0x4B,
0x11,0x36,0x25,0x27,0x2D,0x25,0x37,0xE4,0x00,0x24,0x29,0x36,0x33,0xE2,0xF5,0x02,
0xFD,0xF4,0x00,0xF3,0x4C,0x24,0x29,0x36,0x33,0xE2,0x00,0x0F,0x36,0x29,0x37,0x00,
0x32,0x39,0x29,0x37,0x38,0x36,0x25,0xFC,0xF0,0x14,0x32,0x2D,0x27,0x25,0x00,0x29,
0x37,0x34,0x29,0x36,0x25,0x32,0x3E,0x25,0xE2,0xFD,0xF6,0x01,0xF0,0x1F,0x16,0x29,
0x00,0x25,0x3D,0x39,0x28,0x25,0x36,0xF0,0x10,0x37,0xF0,0x08,0xFC,0x00,0x00,0x1D,
0xF0,0x17,0xFC,0x00,0x00,0x18,0x19,0xFD,0xF3,0x4C,0x11,0x36,0x25,0x27,0x2D,0x25,
0x37,0xE4,0x00,0x24,0x29,0x36,0x33,0xE2,0xFD,0xF4,0x02,0xF3,0x4B,0x1A,0x36,0x29,
0x34,0x25,0x36,0x25,0x32,0x28,0x33,0xFC,0x38,0x36,0x25,0x32,0x37,0x2A,0x29,0x36,
0x29,0x32,0x27,0x2D,0x25,0xE2,0xFF,0xF3,0x4C,0x0D,0x33,0x31,0x29,0x32,0x3E,0x25,
0x32,0x28,0x33,0xFC,0x38,0x36,0x25,0x32,0x37,0x2A,0x29,0x36,0x29,0x32,0x27,0x2D,
0x25,0xE2,0xFF,0xF3,0x4B,0x0C,0x39,0x29,0x32,0x25,0x00,0x37,0x39,0x29,0x36,0x38,
0x29,0xE2,0xE2,0xE2,0xFF,0xF3,0x4B,0x1E,0x29,0x32,0x29,0x31,0x33,0x37,0x00,0x25,
0x00,0x39,0x32,0x00,0x2C,0x29,0x36,0x2D,0x28,0x33,0xE2,0xFC,0x16,0x30,0x25,0x31,
0x29,0x32,0x00,0x25,0x30,0x00,0x29,0x37,0x27,0x39,0x25,0x28,0x36,0xF0,0x13,0x32,
0xFC,0x28,0x29,0x00,0x29,0x31,0x29,0x36,0x2B,0x29,0x32,0x27,0x2D,0x25,0xE2,0xFF,
0xF3,0x4C,0x1E,0x36,0x25,0x32,0x37,0x2A,0x29,0x36,0x29,0x32,0x27,0x2D,0x25,0xFC,
0x27,0x33,0x31,0x34,0x30,0x29,0x38,0x25,0x28,0x25,0xE2,0xFF,0xF3,0x4B,0x0B,0x30,
0x29,0x36,0x38,0x25,0x00,0x29,0x32,0x00,0x29,0x37,0x34,0x29,0x36,0x25,0xE2,0xFC,
0x0F,0x30,0x00,0x29,0x32,0x33,0x36,0x31,0x29,0x00,0x25,0x3A,0x2D,0xF0,0x13,0x32,
0xFC,0x29,0x32,0x29,0x31,0x2D,0x2B,0x33,0x00,0x37,0x29,0x00,0x29,0x37,0x38,0xF0,
0x10,0xFD,0x25,0x27,0x29,0x36,0x27,0x25,0x32,0x28,0x33,0xE2,0xFC,0x1E,0x2D,0x29,
0x31,0x34,0x33,0x00,0x29,0x37,0x38,0x2D,0x31,0x25,0x28,0x33,0xFC,0x28,0x29,0x00,
0x30,0x30,0x29,0x2B,0x25,0x28,0x25,0xE2,0xE2,0xE2,0xFD,0x0E,0x2D,0x29,0x3E,0x00,
0x31,0x2D,0x32,0x39,0x38,0x33,0x37,0xE2,0xFF,0xF3,0x08,0x17,0x29,0x00,0x29,0x32,
0x27,0x25,0x36,0x2B,0x25,0x36,0xF0,0x11,0x00,0x28,0x29,0xFC,0x29,0x30,0x30,0x33,
0xE2,0x00,0x1A,0x36,0x29,0x34,0x25,0x36,0x29,0x32,0xFC,0x39,0x32,0x00,0x38,0x36,
0x25,0x32,0x37,0x26,0x33,0x36,0x28,0x25,0x28,0x33,0x36,0xE2,0xFD,0xF3,0x4B,0x0F,
0x32,0x38,0x29,0x32,0x28,0x2D,0x28,0x33,0xE2,0xFC,0x24,0x29,0x36,0x33,0x00,0x30,
0x33,0x00,0x3A,0x25,0x00,0x25,0xFC,0x2D,0x32,0x38,0x29,0x36,0x27,0x29,0x34,0x38,
0x25,0x36,0xE2,0xFD,0x1A,0x36,0x29,0x34,0x25,0x36,0x29,0x32,0x00,0x39,0x32,0xFC,
0x25,0x3A,0x2D,0xF0,0x13,0x32,0x00,0x34,0x25,0x36,0x25,0xFC,0x29,0x30,0x00,0x28,
0x29,0x37,0x34,0x29,0x2B,0x39,0x29,0xE2,0xFF,0xF3,0x07,0xF0,0x1E,0x20,0x33,0x3D,
0x00,0x27,0x33,0x32,0x38,0x2D,0x2B,0x33,0xE4,0xFC,0x24,0x29,0x36,0x33,0xE5,0xFF,
0xF3,0x07,0x0F,0x37,0x27,0x39,0x27,0x2C,0xF0,0x11,0x00,0x35,0x39,0x29,0x00,0x30,
0x30,0x29,0x3A,0x25,0xFC,0x39,0x32,0x25,0x00,0x26,0x33,0x31,0x26,0x25,0x00,0x29,
0x37,0x34,0x29,0x27,0x2D,0x25,0x30,0xE2,0xFC,0x18,0x33,0x00,0x27,0x36,0x29,0x33,
0x00,0x35,0x39,0x29,0x00,0x34,0x39,0x29,0x28,0x25,0x37,0xFD,0x28,0x29,0x37,0x38,
0x36,0x39,0x2D,0x36,0x30,0x25,0x00,0x25,0x37,0xF0,0x12,0xFC,0x37,0x2D,0x32,0x00,
0x31,0xF0,0x10,0x37,0xE2,0xFC,0x0E,0x29,0x26,0x29,0x37,0x00,0x32,0x29,0x39,0x38,
0x36,0x25,0x30,0x2D,0x3E,0x25,0x36,0x30,0x25,0xFD,0x25,0x32,0x38,0x29,0x37,0x00,
0x28,0x29,0x00,0x34,0x33,0x28,0x29,0x36,0xFC,0x28,0x29,0x37,0x38,0x36,0x39,0x2D,
0x36,0x30,0x25,0xE2,0xFD,0xF3,0x08,0x18,0x33,0xE2,0x00,0x0F,0x37,0x00,0x28,0x29,
0x31,0x25,0x37,0x2D,0x25,0x28,0x33,0xFC,0x34,0x29,0x30,0x2D,0x2B,0x36,0x33,0x37,
0x33,0xE2,0xFF,0xF3,0x07,0x24,0x29,0x36,0x33,0xE2,0x00,0x1A,0x39,0x29,0x28,0x29,
0x37,0x00,0x37,0x29,0x36,0xFC,0x3A,0x25,0x30,0x2D,0x29,0x32,0x38,0x29,0xE4,0x00,
0x34,0x29,0x36,0x33,0x00,0x32,0x33,0xFC,0x37,0x29,0x25,0x37,0x00,0x38,0x29,0x31,
0x29,0x36,0x25,0x36,0x2D,0x33,0xE2,0xFD,0x1D,0x25,0x26,0x29,0x37,0x00,0x35,0x39,
0x29,0x00,0x32,0x33,0x00,0x2C,0x25,0x3D,0xFC,0x33,0x38,0x36,0x25,0x00,0x33,0x34,
0x27,0x2D,0xF0,0x13,0x32,0xE2,0xFD,0xF3,0x08,0xE2,0xE2,0xE2,0x00,0xE2,0xE2,0xE2,
0x00,0xE2,0xE2,0xE2,0xFC,0x1F,0x37,0x25,0x00,0x39,0x32,0x00,0x1E,0x36,0x25,0x32,
0x37,0xFC,0x1D,0x29,0x36,0x3A,0x29,0x36,0x00,0x34,0x33,0x36,0x38,0xF0,0x10,0x38,
0x2D,0x30,0xE2,0xE2,0xE2,0xFD,0x1E,0x29,0x00,0x25,0x3A,0x2D,0x37,0x25,0x36,0xF0,
0x11,0xFC,0x27,0x39,0xF0,0x10,0x32,0x28,0x33,0x00,0x2C,0x25,0x27,0x29,0x36,0x30,
0x33,0xE2,0xFF,0xF3,0x4B,0x24,0x29,0x36,0x33,0xE4,0x00,0x0D,0x2D,0x29,0x30,0xE4,
0x00,0x2B,0x36,0x25,0x27,0x2D,0x25,0x37,0xFC,0x34,0x33,0x36,0x00,0x2D,0x32,0x38,
0x29,0x36,0x27,0x29,0x34,0x38,0x25,0x36,0xFC,0x29,0x30,0x00,0x25,0x3A,0x2D,0xF0,
0x13,0x32,0xE2,0xFF,0xF3,0x06,0xFB,0xF0,0x1F,0x0E,0xF0,0x13,0x32,0x28,0x29,0x00,
0x29,0x37,0x38,0xF0,0x10,0x00,0x29,0x30,0xFC,0x0D,0x33,0x31,0x25,0x32,0x28,0x25,
0x32,0x38,0x29,0x00,0x0F,0x30,0x34,0x2D,0x3E,0x33,0xF0,0x08,0xFD,0xF3,0x4B,0xFA,
0x0F,0x30,0x00,0x0D,0x33,0x31,0x25,0x32,0x28,0x25,0x32,0x38,0x29,0x00,0x0F,0x30,
0x34,0x2D,0x3E,0x33,0xFC,0x32,0x33,0x31,0x26,0x36,0xF0,0x13,0x00,0x25,0x00,0x0D,
0x2D,0x29,0x30,0x00,0x27,0x33,0x31,0x33,0xFC,0x27,0x33,0x31,0x25,0x32,0x28,0x25,
0x32,0x38,0x29,0x00,0x2D,0x32,0x38,0x29,0x36,0x2D,0x32,0x25,0xFD,0x3D,0x00,0x34,
0x25,0x36,0x38,0x2D,0xF0,0x13,0x00,0x28,0x2D,0x36,0x29,0x27,0x38,0x33,0xFC,0x25,
0x30,0x00,0x27,0x25,0x31,0x34,0x33,0x00,0x28,0x29,0x00,0x26,0x25,0x38,0x25,0x30,
0x30,0x25,0xE2,0xFF,0xF3,0x4C,0x1D,0x39,0x00,0x39,0x26,0x2D,0x27,0x25,0x27,0x2D,
0xF0,0x13,0x32,0x00,0x25,0x27,0x38,0x39,0x25,0x30,0xFC,0x29,0x37,0x00,0x28,0x29,
0x37,0x27,0x33,0x32,0x33,0x27,0x2D,0x28,0x25,0xE2,0xE2,0xE2,0xFC,0x1C,0x29,0x34,
0x36,0x33,0x28,0x39,0x27,0x2D,0x36,0xF0,0x11,0x00,0x29,0x30,0xFD,0x31,0x29,0x32,
0x37,0x25,0x2E,0x29,0x00,0x35,0x39,0x29,0x00,0x28,0x29,0x2E,0xF0,0x13,0xE2,0xFC,
0x0F,0x37,0x27,0x39,0x27,0x2C,0x29,0x32,0xE2,0xFF,0xF3,0x04,0x1D,0x29,0xF0,0x1C,
0x33,0x36,0x2D,0x38,0x25,0x00,0x0D,0x2D,0x29,0x30,0xE2,0xE2,0xE2,0xFC,0x18,0x39,
0x29,0x37,0x38,0x36,0x25,0x00,0x33,0x34,0x29,0x36,0x25,0x27,0x2D,0xF0,0x13,0x32,
0xFC,0x2C,0x25,0x00,0x2A,0x25,0x30,0x30,0x25,0x28,0x33,0xE2,0xE2,0xE2,0x00,0x1A,
0x39,0x29,0x28,0x29,0x37,0xFD,0x27,0x39,0x30,0x34,0x25,0x36,0x00,0x25,0x00,0x31,
0x2D,0xFC,0x29,0x37,0x38,0x39,0x34,0x2D,0x28,0x29,0x3E,0xE2,0xFD,0x14,0x25,0x00,
0x2E,0x25,0xE2,0xE2,0xE2,0x00,0x1D,0x33,0x3D,0x00,0x39,0x32,0xFC,0x27,0x33,0x31,
0x34,0x30,0x29,0x38,0x33,0x00,0x2D,0x28,0x2D,0x33,0x38,0x25,0xE2,0xE2,0xE2,0xFD,
0x0F,0x32,0x00,0x18,0x29,0x33,0x00,0x0B,0x36,0x27,0x25,0x28,0x2D,0x25,0xFC,0x32,
0x33,0x00,0x29,0x36,0x25,0x00,0x31,0xF0,0x10,0x37,0x00,0x35,0x39,0x29,0x00,0x39,
0x32,0xFC,0x36,0x29,0x27,0x25,0x28,0x29,0x36,0x33,0xE2,0x00,0x0D,0x39,0x25,0x32,
0x28,0x33,0x00,0xFD,0x30,0x30,0x29,0x2B,0x39,0xF0,0x11,0x00,0x25,0x35,0x39,0xF0,
0x12,0xE4,0x00,0x31,0x29,0xFC,0x25,0x37,0x2D,0x2B,0x32,0x25,0x36,0x33,0x32,0x00,
0x27,0x33,0x31,0x33,0xFC,0x27,0x33,0x31,0x25,0x32,0x28,0x25,0x32,0x38,0x29,0xE4,
0x00,0x3D,0xFD,0x30,0x29,0x00,0x2A,0x25,0x30,0x30,0xF0,0x11,0x00,0x25,0x00,0x38,
0x33,0x28,0x33,0x37,0xE2,0xFD,0x10,0x39,0x2D,0x00,0x39,0x32,0x00,0x27,0x33,0x31,
0x34,0x30,0x29,0x38,0x33,0xFC,0x2D,0x28,0x2D,0x33,0x38,0x25,0xE2,0xE2,0xE2,0xFD,
0x1E,0x33,0x28,0x33,0x00,0x29,0x37,0x38,0x33,0x00,0x29,0x37,0xFC,0x34,0x33,0x36,
0x35,0x39,0x29,0xE2,0xE2,0xE2,0x00,0x32,0x33,0x00,0x38,0x29,0x32,0xF0,0x12,0x25,
0xFD,0x29,0x30,0x00,0x34,0x33,0x28,0x29,0x36,0xE2,0xE2,0xE2,0xFF,0xF3,0x04,0xFB,
0x1B,0x39,0x2D,0x29,0x36,0x33,0x00,0x37,0x29,0x36,0x00,0x2A,0x39,0x29,0x36,0x38,
0x29,0xE2,0xE2,0xE2,0xFD,0x1B,0x39,0x2D,0x29,0x36,0x33,0x00,0x37,0x29,0x36,0xFC,
0x38,0x33,0x28,0x33,0x34,0x33,0x28,0x29,0x36,0x33,0x37,0x33,0xE2,0xE2,0xE2,0xFD,
0x1B,0x39,0x2D,0x29,0x36,0x33,0x00,0x37,0x29,0x36,0x00,0x29,0x30,0xFC,0x1C,0x29,
0x34,0x30,0x33,0x2D,0x28,0x29,0x00,0x31,0xF0,0x10,0x37,0xFC,0x34,0x33,0x28,0x29,
0x36,0x33,0x37,0x33,0x00,0x28,0x29,0x00,0x38,0x33,0x28,0x33,0x37,0xE2,0xE2,0xE2,
0xFD,0x0E,0x29,0x37,0x38,0x36,0x39,0x2D,0x36,0xF0,0x11,0xFC,0x18,0x29,0x33,0x00,
0x0B,0x36,0x27,0x25,0x28,0x2D,0x25,0xE2,0xE2,0xE2,0x00,0xF0,0x1E,0x23,0x00,0x25,
0xFC,0x38,0x33,0x28,0x33,0x37,0x00,0x30,0x33,0x37,0x00,0x2C,0x39,0x31,0x25,0x32,
0x33,0x37,0xE5,0xFD,0x0F,0x32,0x38,0x33,0x32,0x27,0x29,0x37,0xE2,0xE2,0xE2,0x00,
0xF0,0x1E,0x37,0x29,0x36,0xF0,0x11,0xFC,0x39,0x32,0x00,0x3A,0x29,0x36,0x28,0x25,
0x28,0x29,0x36,0x33,0x00,0x12,0xF0,0x16,0x1C,0x19,0x0F,0xE5,0xFF,0xF3,0x4B,0xFA,
0x1B,0x39,0x2D,0x3E,0xF0,0x10,0x37,0x00,0x34,0x33,0x28,0x25,0x31,0x33,0x37,0xFC,
0x36,0x25,0x37,0x38,0x36,0x29,0x25,0x36,0x00,0x29,0x30,0x00,0xFC,0x2C,0x2D,0x37,
0x38,0x33,0x36,0x2D,0x25,0x30,0x00,0x28,0x29,0x30,0xFD,0x1E,0x36,0x25,0x32,0x37,
0x00,0x1D,0x29,0x36,0x3A,0x29,0x36,0x00,0x35,0x39,0x29,0xFC,0x0F,0x30,0x34,0x2D,
0x3E,0x33,0x00,0x39,0x38,0x2D,0x30,0x2D,0x3E,0xF0,0x13,0xE2,0xE2,0xE2,0xFC,0x0B,
0x35,0x39,0xF0,0x12,0x00,0x29,0x37,0x38,0xF0,0x10,0xE2,0xE2,0xE2,0xFD,0xF3,0x4C,
0x0F,0x30,0x00,0x0D,0x33,0x31,0x25,0x32,0x28,0x25,0x32,0x38,0x29,0x00,0x28,0x29,
0x26,0x29,0xFC,0x29,0x37,0x38,0x25,0x36,0x00,0x29,0x32,0x00,0x39,0x32,0x25,0x00,
0x28,0x29,0xFC,0x29,0x37,0x38,0x25,0x37,0x00,0x39,0x26,0x2D,0x27,0x25,0x27,0x2D,
0x33,0x32,0x29,0x37,0xE2,0xFD,0xF0,0x1F,0x16,0x33,0x00,0x37,0x29,0x2B,0x39,0x2D,
0x36,0xF0,0x10,0x37,0xE4,0x00,0x30,0x33,0xFC,0x30,0x33,0x27,0x25,0x30,0x2D,0x3E,
0x25,0x36,0xF0,0x10,0x37,0x00,0x3D,0x00,0x30,0x33,0xFC,0x38,0x36,0x25,0x29,0x36,
0xF0,0x10,0x37,0x00,0x28,0x29,0x00,0x3A,0x39,0x29,0x30,0x38,0x25,0xF0,0x08,0xFD,
0xF3,0x06,0xFB,0x0E,0x29,0x26,0x29,0x31,0x33,0x37,0xE2,0xE2,0xE2,0xFD,0x0E,0x29,
0x26,0x29,0x31,0x33,0x37,0x00,0x25,0x3D,0x39,0x28,0x25,0x36,0xFC,0x25,0x00,0x0F,
0x30,0x34,0x2D,0x3E,0x33,0xE2,0xE2,0xE2,0xFF,0xF3,0x48,0x14,0x29,0x00,0x2E,0x29,
0x00,0x2E,0x29,0x00,0x2E,0x29,0xE2,0xFF,0xF3,0x48,0x18,0x33,0x00,0x34,0x39,0x28,
0x2D,0x37,0x38,0x29,0xFC,0x28,0x29,0x38,0x29,0x32,0x29,0x36,0x31,0x29,0xE4,0xFC,
0x37,0x29,0xF0,0x1C,0x33,0x36,0x00,0x24,0x29,0x36,0x33,0xE2,0xFD,0xF3,0x4B,0x1E,
0x36,0x25,0x32,0x37,0x31,0x2D,0x37,0x2D,0xF0,0x13,0x32,0x00,0x34,0x33,0x36,0xFC,
0x39,0x32,0x25,0x00,0x30,0xF0,0x12,0x32,0x29,0x25,0x00,0x37,0x29,0x27,0x36,0x29,
0x38,0x25,0xE2,0xFC,0x1D,0x29,0x2B,0xF0,0x14,0x32,0x00,0x30,0x25,0xFD,0x37,0x29,
0xF0,0x1C,0x25,0x30,0x00,0x28,0x29,0x00,0x13,0x0E,0xE2,0xE2,0xE2,0xFC,0xF0,0x1E,
0x0F,0x37,0x00,0x29,0x30,0x00,0x27,0x33,0x31,0x25,0x32,0x28,0x25,0x32,0x38,0x29,
0xFC,0x0F,0x30,0x34,0x2D,0x3E,0x33,0xE5,0xFD,0xF3,0x06,0xF0,0x1E,0x0D,0xF0,0x10,
0x31,0x26,0x2D,0x29,0x32,0x30,0x33,0x00,0x25,0x30,0xFC,0x31,0x33,0x32,0x2D,0x38,
0x33,0x36,0x00,0x34,0x36,0x2D,0x32,0x27,0x2D,0x34,0x25,0x30,0xE5,0xFF,0xF3,0x04,
0xFB,0x0B,0x28,0x2D,0x3A,0x2D,0x32,0x25,0x00,0x28,0xF0,0x13,0x32,0x28,0x29,0xFC,
0x29,0x37,0x38,0x33,0x3D,0xE4,0x00,0x37,0x29,0xF0,0x1C,0x33,0x36,0x00,0x24,0x29,
0x36,0x33,0xE2,0xFD,0x1D,0x33,0x36,0x34,0x36,0x29,0x37,0x25,0xE4,0xFC,0x37,0x33,
0x36,0x34,0x36,0x29,0x37,0x25,0xE2,0xE2,0xE2,0x00,0x0F,0x37,0x38,0x33,0x3D,0xFC,
0x29,0x32,0x00,0x29,0x30,0x00,0x32,0xF0,0x14,0x27,0x30,0x29,0x33,0x00,0x31,0xF0,
0x10,0x37,0xFD,0x34,0x36,0x33,0x2A,0x39,0x32,0x28,0x33,0x00,0x28,0x29,0xFC,0x18,
0x29,0x33,0x00,0x0B,0x36,0x27,0x25,0x28,0x2D,0x25,0xE2,0xE2,0xE2,0xFD,0x0F,0x37,
0x38,0x33,0x3D,0x00,0x29,0x32,0x00,0x30,0x25,0x00,0x37,0x25,0x30,0x25,0xFC,0x28,
0x33,0x32,0x28,0x29,0x00,0x29,0x30,0x00,0x0E,0x25,0x36,0x2F,0x00,0x0F,0x30,0x2A,
0xFC,0x28,0x29,0x37,0x27,0x25,0x32,0x37,0x25,0xE2,0x00,0x0F,0x37,0x38,0x29,0x00,
0x29,0x37,0xFD,0x39,0x32,0x00,0x30,0x39,0x2B,0x25,0x36,0x00,0x25,0x30,0x00,0x35,
0x39,0x29,0xFC,0x2D,0x32,0x27,0x30,0x39,0x37,0x33,0x00,0x30,0x33,0x37,0x00,0x25,
0x30,0x38,0x33,0x37,0xFC,0x29,0x2E,0x29,0x27,0x39,0x38,0x2D,0x3A,0x33,0x37,0x00,
0x38,0x2D,0x29,0x32,0x29,0x32,0xFD,0x34,0x36,0x33,0x2C,0x2D,0x26,0x2D,0x28,0x33,
0x00,0x29,0x32,0x38,0x36,0x25,0x36,0xE2,0xFC,0x14,0x29,0x00,0x2E,0x29,0x00,0x2E,
0x29,0xE2,0xFD,0x1A,0x36,0x2D,0x31,0x29,0x36,0x33,0xE4,0x00,0x28,0x29,0x37,0x34,
0x29,0x36,0x38,0x25,0x36,0xF0,0x11,0xFC,0x25,0x30,0x00,0x0E,0x25,0x36,0x2F,0x00,
0x0F,0x30,0x2A,0xE2,0xE2,0xE2,0xFD,0x16,0x39,0x29,0x2B,0x33,0x00,0x28,0x29,0x37,
0x38,0x36,0x39,0x2D,0x36,0xF0,0x11,0xFC,0x25,0x30,0x00,0x22,0x00,0x19,0x36,0x2D,
0x2B,0x2D,0x32,0x25,0x30,0xE2,0xE2,0xE2,0xFD,0x0F,0x32,0x38,0x33,0x32,0x27,0x29,
0x37,0x00,0x34,0x33,0x28,0x36,0xF0,0x11,0xFC,0x33,0x26,0x38,0x29,0x32,0x29,0x36,
0x00,0x29,0x30,0x00,0x3A,0x29,0x36,0x28,0x25,0x28,0x29,0x36,0x33,0xFC,0x34,0x33,
0x28,0x29,0x36,0x00,0x28,0x29,0x30,0x00,0x0E,0x25,0x36,0x2F,0x00,0xFD,0x0F,0x30,
0x2A,0xE2,0xE2,0xE2,0xFD,0x14,0x29,0x00,0x2E,0x29,0x00,0x2E,0x29,0xE2,0xE2,0xE2,
0xFC,0x20,0x33,0x3D,0x00,0x25,0xE2,0xE2,0xE2,0xFD,0xF0,0x1E,0x20,0x33,0x3D,0x00,
0x25,0x00,0x33,0x26,0x38,0x29,0x32,0x29,0x36,0xFC,0x29,0x30,0x00,0x1A,0x19,0x0E,
0x0F,0x1C,0x00,0x1D,0x1F,0x1A,0x1C,0x0F,0x17,0x19,0xE5,0xFF,0xF3,0x04,0xF0,0x1F,
0x1F,0x31,0xF0,0x08,0xFD,0x0F,0x36,0x29,0x37,0x00,0x38,0xF0,0x14,0xE2,0xE2,0xE2,
0x00,0x22,0xE2,0xE2,0xE2,0xFD,0x18,0x33,0x00,0x38,0x29,0x00,0x38,0x29,0x32,0x2B,
0x33,0xFC,0x31,0x2D,0x29,0x28,0x33,0xE2,0x00,0x18,0x33,0x00,0x34,0x39,0x29,0x28,
0x29,0x37,0xFC,0x31,0x33,0x3A,0x29,0x36,0x38,0x29,0x00,0x31,0x2D,0x29,0x32,0x38,
0x36,0x25,0x37,0xFD,0x29,0x37,0x38,0xF0,0x10,0x37,0x00,0x37,0x29,0x30,0x30,0x25,
0x32,0x28,0x33,0x00,0x25,0x30,0xFC,0x0E,0x25,0x36,0x2F,0x00,0x0F,0x30,0x2A,0xE2,
0x00,0x1D,0x29,0x36,0xF0,0x10,0xFC,0x31,0x29,0x2E,0x33,0x36,0x00,0x35,0x39,0x29,
0x00,0x27,0x39,0x2D,0x28,0x29,0x37,0xFD,0x25,0x00,0x30,0x33,0x37,0x00,0x0F,0x30,
0x2A,0x33,0x37,0x00,0x0C,0x29,0x26,0xF0,0x11,0xE2,0xE2,0xE2,0xFD,0xE2,0xE2,0xE2,
0x00,0xF0,0x1F,0x1B,0x39,0xF0,0x11,0xF0,0x08,0xFD,0xF0,0x1F,0x1B,0x39,0xF0,0x11,
0x00,0x29,0x37,0x38,0xF0,0x10,0x37,0xFC,0x2C,0x25,0x27,0x2D,0x29,0x32,0x28,0x33,
0xF0,0x08,0xFC,0x18,0x33,0xE2,0xE2,0xE2,0x00,0xF0,0x1E,0x0E,0x29,0x38,0x29,0x32,
0x38,0x29,0xE2,0xE2,0xE2,0xE5,0xFD,0xF0,0x1E,0xF0,0x1E,0x18,0x33,0x00,0x31,0x29,
0xFC,0x31,0x33,0x30,0x29,0x37,0x38,0x29,0x37,0xE4,0x00,0x22,0xE5,0xE5,0xFD,0xF3,
0x3A,0xF0,0x1E,0x17,0x29,0x29,0x29,0x29,0x29,0x29,0xE5,0xFD,0xF3,0x04,0xF0,0x1E,
0xF0,0x1E,0x19,0x3D,0x29,0xE4,0x00,0x32,0x33,0x00,0x38,0x29,0xFC,0x3A,0x25,0x3D,
0x25,0x37,0xE4,0xFC,0x0F,0x30,0x2A,0x33,0x00,0x0C,0x29,0x26,0xF0,0x11,0xE5,0xE5,
0xFD,0xF0,0x1E,0x18,0x33,0x00,0x3A,0x33,0x3D,0x00,0x25,0xE2,0xE2,0xE2,0xFC,0x36,
0x29,0x32,0x28,0x2D,0x36,0x31,0x29,0xE2,0xE2,0xE2,0xE5,0xFD,0xF0,0x1E,0x0B,0x36,
0x2B,0x2C,0x2C,0x2C,0x2C,0x2C,0xE5,0xFF,0xF3,0x06,0xF0,0x1F,0x1B,0x39,0xF0,0x11,
0x00,0x25,0x27,0x25,0x26,0x25,0x00,0x28,0x29,0x00,0x34,0x25,0x37,0x25,0x36,0xFC,
0x27,0x33,0x32,0x00,0xF0,0x11,0x30,0xE2,0xE2,0xE2,0xF0,0x08,0xFF,0xF3,0x06,0xF0,
0x1F,0x1B,0x39,0xF0,0x11,0x00,0x2A,0x39,0x29,0x00,0x29,0x37,0x33,0xF0,0x08,0xFF,
0xF3,0x55,0x10,0x2D,0x32,0x25,0x30,0x31,0x29,0x32,0x38,0x29,0x00,0x2C,0x25,0xFC,
0x30,0x30,0x29,0x2B,0x25,0x28,0x33,0x00,0x25,0x00,0x30,0x25,0xFC,0x26,0xF0,0x13,
0x3A,0x29,0x28,0x25,0x00,0x37,0x25,0x2B,0x36,0x25,0x28,0x25,0xFD,0x28,0x29,0x00,
0x18,0x29,0x33,0x00,0x0B,0x36,0x27,0x25,0x28,0x2D,0x25,0xE2,0xE2,0xE2,0xFD,0x1A,
0x29,0x33,0x36,0x00,0x25,0xF0,0x14,0x32,0xE4,0x00,0x2C,0x25,0xFC,0x28,0x25,0xF0,
0x1C,0x25,0x28,0x33,0x00,0x29,0x30,0x00,0x37,0x29,0x30,0x30,0x33,0xFC,0x28,0x29,
0x00,0x29,0x30,0x30,0x25,0xE2,0xFD,0xF3,0x08,0x0F,0x30,0x00,0x0E,0x25,0x36,0x2F,
0x00,0x0F,0x30,0x2A,0xE2,0xE2,0xE2,0xFD,0xF3,0x55,0x16,0x33,0x00,0x37,0x2D,0x29,
0x32,0x38,0x33,0xE2,0xE2,0xE2,0xFD,0x1A,0x25,0x36,0x29,0x27,0x29,0x00,0x35,0x39,
0x29,0x00,0x31,0x2D,0x00,0x3A,0x33,0x3E,0xFC,0x32,0x33,0x00,0x30,0x33,0x2B,0x36,
0xF0,0x13,0x00,0x28,0x29,0x37,0x3A,0x2D,0x25,0x36,0x00,0x37,0x39,0xFC,0x25,0x38,
0x29,0x32,0x27,0x2D,0xF0,0x13,0x32,0xE2,0xE2,0xE2,0xFD,0x1A,0x29,0x36,0x33,0x00,
0x29,0x30,0x30,0x25,0xE2,0xE2,0xE2,0xFD,0xE2,0xE2,0xE2,0x00,0x0F,0x30,0x30,0x33,
0x37,0x00,0x30,0x25,0x00,0x30,0x30,0x25,0x31,0x25,0x32,0xFC,0x0E,0x25,0x36,0x2F,
0x00,0x0F,0x30,0x2A,0xE2,0xFD,0x0B,0xF0,0x14,0x32,0x00,0x32,0x33,0x00,0x29,0x37,
0x38,0xF0,0x10,0xFC,0x27,0x33,0x31,0x34,0x30,0x29,0x38,0x25,0x31,0x29,0x32,0x38,
0x29,0xFC,0x28,0x29,0x37,0x34,0x2D,0x29,0x36,0x38,0x25,0xE2,0xE2,0xE2,0xFD,0x0D,
0x33,0x32,0x00,0x29,0x30,0x00,0x34,0x33,0x28,0x29,0x36,0x00,0x35,0x39,0x29,0xFC,
0x31,0x29,0x00,0x35,0x39,0x29,0x28,0x25,0xE4,0x00,0x25,0xF0,0x14,0x32,0xFC,0x2D,
0x32,0x38,0x29,0x32,0x38,0x33,0x00,0x35,0x39,0x29,0x00,0x32,0x33,0xFD,0x28,0x29,
0x37,0x34,0x2D,0x29,0x36,0x38,0x29,0xE2,0xE2,0xE2,0xFD,0x1A,0x33,0x36,0x00,0x2A,
0x25,0x3A,0x33,0x36,0xE4,0x00,0x24,0x29,0x36,0x33,0xE2,0xE2,0xE2,0xFC,0x20,0x29,
0x32,0x00,0x25,0x00,0x18,0x29,0x33,0x00,0x0B,0x36,0x27,0x25,0x28,0x2D,0x25,0xE2,
0xE2,0xE2,0xFD,0x23,0x00,0x34,0x33,0x36,0x00,0x2A,0x25,0x3A,0x33,0x36,0xE4,0xFC,
0x28,0x29,0x38,0xF0,0x11,0x32,0x30,0x33,0xE2,0xE2,0xE2,0x00,0x24,0x29,0x36,0x33,
0xE2,0xE2,0xE2,0xFF,0xF3,0x09,0x0D,0x2D,0x29,0x30,0xE2,0xFC,0x1E,0x36,0x25,0x32,
0x37,0x2A,0x2D,0xF0,0x11,0x36,0x29,0x31,0x29,0x00,0x25,0x2C,0x33,0x36,0x25,0xE2,
0xFD,0xF3,0x06,0x18,0x33,0x00,0x34,0x33,0x28,0x29,0x31,0x33,0x37,0xFC,0x38,0x36,
0x25,0x32,0x37,0x2A,0x29,0x36,0x2D,0x36,0x38,0x29,0xFC,0x28,0x2D,0x36,0x29,0x27,
0x38,0x25,0x31,0x29,0x32,0x38,0x29,0x00,0x25,0x30,0xFD,0x32,0xF0,0x14,0x27,0x30,
0x29,0x33,0x00,0x28,0x29,0xFC,0x18,0x29,0x33,0x00,0x0B,0x36,0x27,0x25,0x28,0x2D,
0x25,0xE2,0xE2,0xE2,0xFD,0xE2,0xE2,0xE2,0x00,0xE2,0xE2,0xE2,0x00,0xE2,0xE2,0xE2,
0xFD,0x1A,0x29,0x36,0x33,0x00,0x37,0x2D,0x00,0x3A,0x25,0x37,0xE4,0x00,0x34,0x33,
0x28,0x29,0x31,0x33,0x37,0xFC,0x38,0x36,0x25,0x32,0x37,0x2A,0x29,0x36,0x2D,0x36,
0x38,0x29,0x00,0x25,0xFC,0x25,0x30,0x2B,0xF0,0x14,0x32,0x00,0x30,0x39,0x2B,0x25,
0x36,0x00,0x27,0x29,0x36,0x27,0x25,0xFD,0x28,0x29,0x00,0x30,0x25,0x00,0x29,0x32,
0x38,0x36,0x25,0x28,0x25,0xFC,0x34,0x36,0x2D,0x32,0x27,0x2D,0x34,0x25,0x30,0xE2,
0xE2,0xE2,0xFD,0x0B,0x39,0x32,0x35,0x39,0x29,0x00,0x29,0x37,0x00,0x31,0x39,0x3D,
0xFC,0x34,0x29,0x30,0x2D,0x2B,0x36,0x33,0x37,0x33,0xE2,0xE2,0xE2,0xFD,0x1A,0x29,
0x36,0x33,0xE2,0xE2,0xE2,0x00,0xF0,0x1E,0x24,0x29,0x36,0x33,0xE5,0xFD,0xF3,0x09,
0x18,0x33,0x00,0x38,0x29,0x00,0x34,0x36,0x29,0x33,0x27,0x39,0x34,0x29,0x37,0xE2,
0xE2,0xE2,0xFC,0x0F,0x37,0x38,0x33,0x3D,0x00,0x37,0x29,0x2B,0x39,0x36,0x33,0xE2,
0xE2,0xE2,0x00,0x28,0x29,0xFC,0x35,0x39,0x29,0x00,0x34,0x39,0x29,0x28,0x33,0x00,
0x30,0x33,0x2B,0x36,0x25,0x36,0x30,0x33,0xE2,0xFF,0xF3,0x06,0x24,0x29,0x36,0x33,
0xE2,0xE2,0xE2,0x00,0xE2,0xE2,0xE2,0x00,0xE2,0xE2,0xE2,0xFF,
};
