#pragma once
#include <cstdint>

alignas(16) inline constexpr uint16_t mmz3_misc_text_script_offsets[] = {
0x0000,0x0002,0x000C,0x0015,0x0018,0x001B,0x001D,0x001F,
0x0021,0x0023,0x0025,0x0399,0x03AC,0x03AC,0x03AC,0x03AC,
0x03AC,0x03AC,0x03AC,0x03AC,0x03AC,0x03AC,0x03AC,0x03AC,
0x03AC,0x03AC,0x03AC,0x03AC,0x03AC,0x03AC,0x03AC,0x03AE,
0x03B0,0x03B2,0x03B4,0x03B6,0x03B8,0x03BA,0x03BC,0x03BE,
0x03C0,0x03C5,0x03CA,0x03CF,0x03D4,0x03D9,0x03DE,0x03E3,
0x03F7,0x040A,0x041C,0x0429,0x0439,0x0449,0x0459,0x046A,
0x047D,0x0486,0x0496,0x04A3,0x04B2,0x04C1,0x04CD,0x04CD,
0x0516,0x0564,0x05A7,0x05EE,0x063D,0x0685,0x06D6,0x0712,
0x0756,0x079B,0x07E0,0x0829,0x083F,0x083F,0x083F,0x083F,
0x083F,0x083F,0x083F,0x083F,0x083F,0x083F,0x083F,0x083F,
0x083F,0x083F,0x083F,0x083F,0x083F,0x083F,0x083F,0x083F,
0x083F,0x083F,0x083F,0x083F,0x083F,0x0847,0x084D,0x0853,
0x085A,0x0861,0x0867,0x086E,0x0873,0x0878,0x087F,0x0886,
0x088D,0x0894,0x089B,0x08A2,0x08A9,0x08B0,0x08B5,0x08BC,
0x08C2,0x08C7,0x08CD,0x08D3,0x08DA,0x08E1,0x08E8,0x08EF,
0x08F6,0x08FE,0x0903,0x090A,0x0911,0x0918,0x0920,0x0928,
0x0930,0x0938,0x0940,0x0947,0x094E,0x0953,0x095C,0x0964,
0x096B,0x0973,0x097B,0x0983,0x098B,0x0992,0x0999,0x09A1,
0x09AA,0x09B2,0x09BA,0x09C3,0x09CB,0x09D3,0x09DB,0x09E2,
0x09EA,0x09F1,0x09FA,0x0A02,0x0A0A,0x0A12,0x0A1A,0x0A23,
0x0A2C,0x0A35,0x0A3A,0x0A40,0x0A47,0x0A4E,0x0A55,0x0A5A,
0x0A68,0x0A76,0x0A9C,0x0ABD,0x0AE1,0x0AFC,0x0B1B,0x0B4E,
0x0B7E,0x0BA2,0x0BBD,0x0BD8,0x0BE4,0x0C0A,0x0C32,0x0C5C,
0x0C85,0x0CA0,0x0CBB,0x0CBE,0x0CE3,0x0D08,0x0D22,0x0D41,
0x0D5D,0x0D70,0x0D8A,0x0DA8,0x0DCA,0x0DE9,0x0E07,0x0E25,
0x0E42,0x0E63,0x0E81,0x0E98,0x0EB2,0x0ECA,0x0EEA,0x0F0E,
0x0F28,0x0F46,0x0F64,0x0F7F,0x0F9C,0x0FB9,0x0FDC,0x0FFA,
0x101B,0x103C,0x105A,0x106F,0x108C,0x10A7,0x10C2,0x10E3,
0x1105,0x1122,0x113E,0x1161,0x117A,0x119C,0x11BC,0x11D4,
0x11F0,0x120C,0x122A,0x124B,0x126E,0x128D,0x12B2,0x12CE,
0x12ED,0x1303,0x1315,0x1323,0x1334,0x134B,0x136F,0x1392,
0x13AE,0x13CA,0x13E3,0x140A,0x1430,0x1457,0x1479,0x1498,
0x14BC,0x14E4,0x1509,0x1530,0x1550,0x1568,0x1587,0x15A2,
0x15B5,0x15D3,0x15F5,0x1612,0x1633,0x1652,0x166A,0x1685,
0x169E,0x16BF,0x16E4,0x16FF,0x171E,0x1740,0x1756,0x1782,
0x17AE,0x17DF,0x180A,0x182B,0x184C,0x186B,0x1887,0x18AC,
0x18CC,0x18ED,0x18F2,0x18F2,0x18F2,0x1906,0x191B,0x1934,
0x1948,0x195B,0x196C,0x1987,0x19A4,0x19BD,0x19C9,0x19D1,
0x19DC,0x19E8,0x19FA,0x1A11,0x1A27,0x1A43,0x1A60,0x1A76,
0x1A8F,0x1AA7,0x1ABC,0x1ACF,0x1AE2,0x1AF6,0x1B0B,0x1B23,
0x1B3E,0x1B5C,0x1B73,0x1B8F,0x1BAA,0x1BAA,0x1BAA,0x1BAA,
0x1BAA,0x1BAA,0x1BAA,0x1BAA,0x1BAA,0x1BAA,0x1BAA,0x1BAA,
0x1BAA,0x1BAA,0x1BAA,0x1BAA,0x1BAA,0x1BAA,0x1BAA,0x1BAA,
0x1BAA,0x1BAA,0x1BAA,0x1BAA,0x1BAA,0x1BAA,0x1BAA,0x1BAA,
0x1BAA,0x1BAA,0x1BAA,0x1BAA,0x1BAA,0x1BAA,0x1BAA,0x1BAA,
0x1BAA,0x1BAA,0x1BAA,0x1BAA,0x1BAA,0x1BAA,0x1BAA,0x1BB9,
0x1BB9,0x1BB9,0x1BB9,0x1BB9,0x1BB9,0x1BB9,0x1BB9,0x1BB9,
0x1BB9,0x1BB9,0x1BB9,0x1BB9,0x1BB9,0x1BB9,0x1BB9,0x1BB9,
0x1BB9,0x1BB9,0x1BB9,0x1BB9,0x1BD8,0x1BE7,0x1BF5,0x1C13,
0x1C27,0x1C27,0x1C27,0x1C27,0x1C27,0x1C27,0x1C27,0x1C27,
0x1C27,0x1C27,0x1C27,0x1C27,0x1C27,0x1C27,0x1C27,0x1C27,
0x1C27,0x1C27,0x1C27,0x1C27,0x1C27,0x1C27,0x1C27,0x1C27,
0x1C27,0x1C27,0x1C27,0x1C27,0x1C27,0x1C27,0x1C27,0x1C27,
0x1C27,0x1C27,0x1C27,0x1C27,0x1C27,0x1C27,0x1C27,0x1C27,
0x1C27,0x1C27,0x1C27,0x1C27,0x1C27,0x1C27,0x1C27,0x1C27,
0x1C27,0x1C27,0x1C27,0x1C34,0x1C3B,0x1C45,0x1C52,0x1C5D,
0x1C68,0x1C75,0x1C80,0x1C8B,0x1C98,0x1CA4,0x1CB0,0x1CBD,
0x1CDC,0x1D0B,0x1D34,0x1D62,0x1D95,0x1DE1,0x1E17,0x1E5C,
0x1E90,0x1ECB,0x1EF4,0x1F3C,0x1F4A,0x1F64,0x1F7A,0x1F7F,
0x1F9C,0x1F9C,0x1F9C,0x1F9C,0x1F9C,0x1F9C,0x1F9C,0x1F9C,
0x1F9C,0x1F9C,0x1F9C,0x1F9C,0x1F9C,0x1F9C,0x1F9C,0x1F9C,
0x1F9C,0x1F9C,0x1F9C,0x1F9C,0x1F9C,0x1F9C,0x1F9C,0x1F9C,
0x1F9C,0x1F9C,0x1F9C,0x1F9C,0x1F9C,0x1F9C,0x1F9C,0x1FA7,
0x1FB2,0x1FBE,0x1FCA,0x1FD7,0x1FE4,0x1FF5,0x2008,0x2029,
0x203C,0x204B,0x205A,0x2071,0x2088,0x209F,0x20B6,0x20BF,
0x20C8,0x20D1,0x20DA,0x20E5,0x20F0,0x20FB,0x2106,0x2111,
0x211C,0x2128,0x2134,0x213F,0x214A,0x214A,0x214A,0x214A,
0x214A,0x214A,0x214A,0x214A,0x214A,0x214A,0x214A,0x297B,
0x297B,0x297B,0x297B,0x297B,0x297B,0x297B,0x297B,0x297B,
0x297B,0x297B,0x297B,0x297B,0x297B,0x297B,0x297B,0x297B,
0x297B,0x297B,0x297B,0x297B,0x297B,0x297B,0x297B,0x297B,
0x297B,0x297B,0x297B,0x297B,0x297B,0x297B,0x297B,0x297B,
0x297B,0x297B,0x297B,0x297B,0x297B,0x297B,0x297B,0x297B,
0x297B,0x297B,0x297B,0x297B,0x297B,0x297B,0x297B,0x297B,
0x297B,0x297B,0x297B,0x297B,0x297B,0x297B,0x297B,0x297B,
0x297B,0x297B,0x297B,0x297B,0x297B,0x297B,0x297B,0x297B,
0x297B,0x297B,0x297B,0x297B,0x297B,0x297B,0x297B,0x297B,
0x297B,0x297B,0x297B,0x297B,0x297B,0x297B,0x297B,0x297B,
0x297B,0x297B,0x297B,0x297B,0x297B,0x297B,0x297B,0x297B,
0x297B,0x297B,0x297B,0x297B,0x297B,0x297B,0x297B,0x297B,
0x297B,0x297B,0x297B,0x297B,0x297B,0x297B,0x297B,0x297B,
0x297B,0x297B,0x297B,0x297B,0x297B,0x297B,0x297B,0x297B,
0x297B,0x297B,0x297B,0x297B,0x297B,0x297B,0x297B,0x297B,
0x297B,0x297B,0x297B,0x297B,0x297B,0x297B,0x297B,0x297B,
0x297B,0x297B,0x297B,0x297B,0x297B,0x297B,0x297B,0x297B,
0x297B,0x297B,0x297B,0x297B,0x297B,0x297B,0x297B,0x297B,
0x297B,0x297B,0x297B,0x297B,0x297B,0x29B3,0x29EC,0x2A26,
0x2A56,0x2A8F,0x2AC8,0x2B01,0x2B39,0x2B7A,0x2BBA,0x2BFD,
0x2C3D,0x2C75,0x2CAA,0x2CEF,0x2D2C,0x2D6B,0x2DA4,0x2DDC,
0x2E16,0x2E21,0x2E22,0x2E31,0x2E32,0x2E3D,0x2E4D,0x2E76,
0x2EAF,0x2EE3,0x2F12,0x2F43,0x2F70,0x2FA1,0x2FDC,0x300E,
0x3045,0x3078,0x30A9,0x30DD,0x310F,0x3137,0x3158,0x317B,
0x31A3,0x31C5,0x31FC,0x322C,0x324C,0x3279,0x32AA,0x32D4,
0x3304,0x3332,0x3359,0x337F,0x33AC,0x33D7,0x33F7,0x3422,
0x3452,0x347E,0x34A8,0x34D7,0x3508,0x352E,0x3562,0x3585,
0x35BA,0x35E8,0x3619,0x363C,0x366A,0x3690,0x36BE,0x36EB,
0x371A,0x3738,0x3766,0x378C,0x37B3,0x37D8,0x3804,0x382B,
0x3854,0x3881,0x38A7,0x38D1,0x3902,0x3928,0x395A,0x3985,
0x39AC,0x39DF,0x3A14,0x3A49,0x3A7F,0x3A7F,0x3A7F,0x3A7F,
0x3A7F,0x3A85,0x3A8B,0x3A91,0x3A97,0x3A9D,0x3AA3,0x3AA9,
0x3AAF,0x3AB5,0x3ABB,0x3AC1,0x3AC7,0x3ACD,0x3AD3,0x3AD9,
0x3ADF,0x3AE5,0x3AEB,0x3AF1,0x3AF7,0x3AFD,0x3B03,0x3B09,
0x3B0F,0x3B15,0x3B1B,0x3B21,0x3B27,0x3B2D,0x3B33,0x3B39,
0x3B3F,0x3B45,0x3B4B,0x3B51,0x3B57,0x3B5D,0x3B63,0x3B69,
0x3B6F,0x3B75,0x3B7B,0x3B81,0x3B87,0x3B8D,0x3B93,0x3B99,
0x3B9F,0x3BA5,0x3BAB,0x3BB1,0x3BB7,0x3BBD,0x3BC3,0x3BC9,
0x3BCF,0x3BD5,0x3BDB,0x3BE1,0x3BE7,0x3BED,0x3BF3,0x3BF9,
0x3BFF,0x3C05,0x3C0B,0x3C11,0x3C17,0x3C1D,0x3C23,0x3C29,
0x3C2F,0x3C35,0x3C3B,0x3C41,0x3C47,0x3C4D,0x3C53,0x3C59,
0x3C5F,0x3C65,0x3C6B,0x3C71,0x3C77,0x3C7D,0x3C83,0x3C89,
0x3C8F,0x3C95,0x3C9B,0x3CA1,0x3CA7,0x3CAD,0x3CB3,0x3CB9,
0x3CBF,0x3CC5,0x3CCB,0x3CD1,0x3CD7,0x3CDD,0x3CE3,0x3CE9,
0x3CEF,0x3CF5,0x3CFB,0x3D01,0x3D07,0x3D0D,0x3D13,0x3D19,
0x3D1F,0x3D25,0x3D2B,0x3D31,0x3D37,0x3D3D,0x3D43,0x3D49,
0x3D4F,0x3D55,0x3D5B,0x3D61,0x3D67,0x3D6D,0x3D73,0x3D79,
0x3D7F,0x3D85,0x3D8B,0x3D91,0x3D97,0x3D9D,0x3DA3,0x3DA9,
0x3DAF,0x3DB5,0x3DBB,0x3DC1,0x3DC7,0x3DCD,0x3DD3,0x3DD9,
0x3DDF,0x3DE5,0x3DEB,0x3DF1,0x3DF7,0x3DFD,0x3E03,0x3E09,
0x3E0F,0x3E15,0x3E1B,0x3E21,0x3E27,0x3E2D,0x3E33,0x3E39,
0x3E3F,0x3E45,0x3E4B,0x3E51,0x3E57,0x3E5D,0x3E63,0x3E69,
0x3E6F,0x3E75,0x3E7B,0x3E81,0x3E87,0x3E8D,0x3E93,0x3E99,
0x3E9F,0x3EA5,0x3EAB,0x3EB1,0x3EB7,0x3EBD,0x3EBD,0x3EBD,
0x3EBD,0x3EBD,0x3EBD,0x3EBD,0x3EBD,0x3EBD,0x3EBD,0x3EC6,
0x3ECC,0x3ED5,0x3EE5,0x3EE5,0x3EE5,0x3EE5,0x3EE5,0x3EE5,
0x3EE5,0x3EE5,0x3EE5,0x3EE5,0x3EE5,0x3EE5,0x3EE5,0x3EE5,
0x3EE5,0x3EE5,0x3EE5,0x3EE5,0x3EE5,0x3EE5,0x3EE5,0x3EE5,
0x3EE5,0x3EE5,0x3EE5,0x3EE5,0x3EE5,0x3EE5,0x3EE5,0x3EE5,
0x3EE5,0x3EE5,0x3EE5,0x3EE5,0x3EE5,0x3EE5,0x3EE5,0x3EE5,
0x3EE5,0x3EE5,0x3EE5,0x3EE5,0x3EE5,0x3EE5,0x3EE5,0x3EE5,
0x3EE5,0x3EE5,0x3EE5,0x3EE5,0x3EE5,0x3EE5,0x3EE5,0x3EE5,
0x3EE5,0x3EE5,0x3EE5,0x3EE5,0x3EE5,0x3EE5,0x3EE5,0x3EE5,
0x3EE5,0x3EE5,0x3EE5,0x3EE5,0x3EE5,0x3EE5,0x3EE5,0x3EE5,
0x3EE5,0x3EE5,0x3EE5,0x3EE5,0x3EE5,0x3EE5,0x3EE5,0x3EE5,
0x3EE5,0x3EE5,0x3EE5,0x3EE5,0x3EE5,0x3EE5,0x3EE5,0x3EE5,
0x3EE5,0x3EE5,0x3EE5,0x3EE5,0x3EE5,0x3EE5,0x3EE5,0x3EE5,
0x3EE5,0x3EEE,0x3F9E,0x4042,0x40E4,0x4178,0x4211,0x4296,
0x430E,0x4350,
};
constexpr int mmz3_misc_text_num_entries = 1098;
alignas(16) inline constexpr uint8_t mmz3_misc_text_script_data[] = {
0xCD,0xFF,0x1D,0x0F,0x17,0x00,0x0E,0x0B,0x0E,0x19,0x1D,0xFF,0x0D,0x0B,0x18,0x0D,
0x0F,0x16,0x0B,0x1C,0xFF,0xF2,0x12,0xFF,0xF2,0x1F,0xFF,0x22,0xFF,0xD8,0xFF,0xD9,
0xFF,0xD0,0xFF,0xE9,0xFF,0x00,0x19,0x00,0x30,0x29,0x32,0x28,0x25,0x36,0x2D,0x33,
0x00,0x1C,0x29,0x34,0x30,0x33,0x2D,0x28,0x29,0x00,0x24,0x29,0x36,0x33,0xFC,0x00,
0x00,0x00,0x00,0x00,0x28,0x29,0x37,0x34,0x29,0x36,0x38,0x33,0x00,0x28,0x29,0x00,
0x39,0x31,0x00,0x30,0x33,0x32,0x2B,0x33,0xFC,0x00,0x00,0x00,0x00,0x00,0x00,0x00,
0x00,0x00,0x00,0x37,0x33,0x32,0x2C,0x33,0xE5,0xE5,0xE5,0xFC,0xFC,0xFC,0x00,0x14,
0x39,0x32,0x38,0x33,0x00,0x25,0x00,0x1C,0x29,0x37,0x2D,0x37,0x38,0x29,0x32,0x27,
0x2D,0x25,0x00,0x28,0x29,0xFC,0x00,0x0D,0x2D,0x29,0x30,0xE8,0x00,0x28,0x29,0x36,
0x36,0x33,0x38,0x33,0x39,0x00,0x25,0x00,0x0D,0x33,0x34,0x3D,0x00,0x22,0xE8,0x00,
0x33,0xFC,0x00,0x2B,0x33,0x3A,0x29,0x36,0x32,0x25,0x32,0x38,0x29,0x00,0x28,0x29,
0x00,0x18,0x29,0x33,0x00,0x0B,0x36,0x27,0x25,0x28,0x2D,0x25,0xE5,0xFC,0xFC,0xFC,
0xFC,0xFC,0xFC,0x00,0x00,0x00,0x00,0x19,0x00,0x38,0x29,0x36,0x36,0x33,0x36,0x00,
0x28,0x33,0x00,0x36,0x29,0x2B,0x2D,0x31,0x29,0x00,0x28,0x29,0xFC,0x00,0x00,0x00,
0x00,0x00,0x00,0x18,0x29,0x33,0x00,0x0B,0x36,0x27,0x25,0x28,0x2D,0x25,0x00,0x38,
0x29,0x36,0x31,0x2D,0x32,0x33,0x39,0xE8,0xFC,0xFC,0xFC,0x00,0x31,0x25,0x37,0x00,
0x25,0x00,0x29,0x37,0x27,0x25,0x37,0x37,0x29,0x3E,0x00,0x28,0x29,0x00,0x29,0x32,
0x29,0x36,0x2B,0x2D,0x25,0xFC,0x00,0x00,0x00,0x00,0x37,0x29,0x2B,0x39,0x2D,0x39,
0x00,0x37,0x29,0x32,0x28,0x33,0x00,0x39,0x31,0x00,0x34,0x36,0x33,0x26,0x30,0x29,
0x31,0x25,0xFC,0x00,0x00,0x00,0x00,0x00,0x00,0x00,0x00,0x00,0x00,0x27,0x33,0x32,
0x37,0x38,0x25,0x32,0x38,0x29,0xE5,0xFC,0xFC,0xFC,0xFC,0xFC,0xFC,0x00,0x0D,0x2D,
0x29,0x30,0x00,0x37,0x29,0x00,0x28,0x29,0x28,0x2D,0x27,0x33,0x39,0x00,0x34,0x33,
0x36,0x00,0x27,0x33,0x31,0x34,0x30,0x29,0x38,0x33,0xFC,0x00,0x00,0x25,0x00,0x2D,
0x32,0x3A,0x29,0x37,0x38,0x2D,0x2B,0x25,0x36,0x00,0x32,0x33,0x3A,0x25,0x37,0x00,
0x2A,0x33,0x36,0x31,0x25,0x37,0xFC,0x00,0x00,0x00,0x00,0x00,0x00,0x00,0x00,0x00,
0x00,0x28,0x29,0x00,0x29,0x32,0x29,0x36,0x2B,0x2D,0x25,0xFC,0xFC,0xFC,0x00,0x23,
0x00,0x0F,0x30,0x34,0x2D,0x3E,0x33,0x00,0x2A,0x33,0x2D,0x00,0x32,0x33,0x31,0x29,
0x25,0x28,0x33,0x00,0x27,0x33,0x31,0x33,0xFC,0x00,0x00,0x00,0x00,0x00,0x00,0x33,
0x00,0x32,0x33,0x3A,0x33,0x00,0x30,0x2D,0x28,0x29,0x36,0x00,0x28,0x25,0xFC,0x00,
0x00,0x00,0x00,0x00,0x00,0x00,0x00,0x00,0x00,0x1C,0x29,0x37,0x2D,0x37,0x38,0x29,
0x32,0x27,0x2D,0x25,0xE5,0xFC,0xFC,0xFC,0xFC,0xFC,0xFC,0x00,0x18,0x33,0x00,0x29,
0x32,0x38,0x25,0x32,0x38,0x33,0xE8,0x00,0x28,0x33,0x31,0x2D,0x32,0x25,0x28,0x33,
0x00,0x34,0x33,0x36,0x00,0x37,0x29,0x39,0xFC,0x00,0x00,0x00,0x00,0x00,0x00,0x00,
0x00,0x28,0x29,0x37,0x29,0x2E,0x33,0x00,0x28,0x29,0x00,0x34,0x33,0x28,0x29,0x36,
0xE8,0x00,0xFC,0xFC,0xFC,0x00,0x0F,0x30,0x34,0x2D,0x3E,0x33,0x00,0x28,0x29,0x37,
0x34,0x29,0x36,0x38,0x33,0x00,0x25,0x33,0x00,0x0E,0x25,0x36,0x2F,0x00,0x0F,0x30,
0x2A,0xE8,0xFC,0x00,0x27,0x39,0x2E,0x25,0x00,0x31,0x25,0x2B,0x2D,0x25,0x00,0x29,
0x37,0x38,0x29,0x3A,0x29,0x00,0x25,0x00,0x34,0x33,0x32,0x38,0x33,0x00,0x28,0x29,
0xFC,0x00,0x28,0x29,0x37,0x38,0x36,0x39,0x2D,0x36,0x00,0x33,0x00,0x31,0x39,0x32,
0x28,0x33,0x00,0x39,0x31,0x25,0x00,0x3A,0x29,0x3E,0xE5,0xFC,0xFC,0xFC,0xFC,0xFC,
0xFC,0x00,0x00,0x00,0x00,0x1D,0x29,0x28,0x29,0x32,0x38,0x33,0x00,0x28,0x33,0x00,
0x34,0x33,0x28,0x29,0x36,0x00,0x28,0x33,0xFC,0x00,0x00,0x00,0x0E,0x25,0x36,0x2F,
0x00,0x0F,0x30,0x2A,0xE8,0x00,0x34,0x29,0x36,0x28,0x29,0x39,0x00,0x28,0x29,0x00,
0x3A,0x2D,0x37,0x38,0x25,0xFC,0x00,0x00,0x00,0x00,0x00,0x00,0x37,0x29,0x39,0x00,
0x3A,0x29,0x36,0x28,0x25,0x28,0x29,0x2D,0x36,0x33,0x00,0x28,0x29,0x3A,0x29,0x36,
0xE8,0xFC,0xFC,0xFC,0x00,0x29,0x00,0x2A,0x2D,0x32,0x25,0x30,0x31,0x29,0x32,0x38,
0x29,0x00,0x2A,0x33,0x2D,0x00,0x28,0x29,0x36,0x36,0x33,0x38,0x25,0x28,0x33,0xFC,
0x00,0x00,0x00,0x00,0x38,0x36,0x25,0x37,0x00,0x39,0x31,0x25,0x00,0x2A,0x29,0x36,
0x33,0x3E,0x00,0x26,0x25,0x38,0x25,0x30,0x2C,0x25,0xE5,0xFC,0xFC,0xFC,0x00,0x00,
0x00,0x00,0x18,0x33,0x00,0x29,0x32,0x38,0x25,0x32,0x38,0x33,0xE8,0x00,0x33,0x00,
0x0E,0x25,0x36,0x2F,0x00,0x0F,0x30,0x2A,0xFC,0x00,0x00,0x00,0x00,0x00,0x00,0x00,
0x2A,0x39,0x2D,0x00,0x27,0x33,0x31,0x00,0x39,0x31,0x00,0x28,0x29,0x37,0x38,0x2D,
0x32,0x33,0xFC,0x00,0x00,0x00,0x00,0x00,0x00,0x00,0x00,0x00,0x00,0x28,0x29,0x37,
0x27,0x33,0x32,0x2C,0x29,0x27,0x2D,0x28,0x33,0xE5,0xE5,0xE5,0xFC,0xFC,0xFC,0xFC,
0xFC,0xFC,0x00,0x00,0x0B,0x00,0x26,0x25,0x38,0x25,0x30,0x2C,0x25,0x00,0x34,0x29,
0x30,0x33,0x00,0x0E,0x25,0x36,0x2F,0x00,0x0F,0x30,0x2A,0xFC,0x00,0x00,0x00,0x00,
0x25,0x34,0x29,0x32,0x25,0x37,0x00,0x2C,0x25,0x3A,0x2D,0x25,0x00,0x27,0x33,0x31,
0x29,0x27,0x25,0x28,0x33,0xE5,0xE5,0xE5,0xFF,0x0E,0x33,0x2D,0x37,0x00,0x31,0x29,
0x37,0x29,0x37,0x00,0x28,0x29,0x34,0x33,0x2D,0x37,0xE5,0xFF,0x01,0xFF,0x02,0xFF,
0x03,0xFF,0x04,0xFF,0x05,0xFF,0x06,0xFF,0x07,0xFF,0x08,0xFF,0x09,0xFF,0x0A,0xFF,
0x16,0x3A,0xE5,0x10,0xFF,0x16,0x3A,0xE5,0x0F,0xFF,0x16,0x3A,0xE5,0x0E,0xFF,0x16,
0x3A,0xE5,0x0D,0xFF,0x16,0x3A,0xE5,0x0C,0xFF,0x16,0x3A,0xE5,0x0B,0xFF,0x16,0x3A,
0xE5,0x1D,0xFF,0x0E,0x0F,0x1C,0x0F,0x16,0x13,0x0D,0x1E,0x00,0x1D,0x1A,0x0B,0x0D,
0x0F,0x0D,0x1C,0x0B,0x10,0x1E,0xFF,0x0B,0x0F,0x11,0x13,0x1D,0x00,0x20,0x19,0x16,
0x0D,0x0B,0x18,0x19,0x00,0x0C,0x0B,0x1D,0x0F,0xFF,0x19,0x0D,0x0F,0x0B,0x18,0x13,
0x0D,0x00,0x12,0x21,0x23,0x00,0x1C,0x1F,0x13,0x18,0x1D,0xFF,0x21,0xE5,0x1C,0xE5,
0x00,0x10,0x0B,0x0D,0x1E,0x19,0x1C,0x23,0xFF,0x19,0x16,0x0E,0x00,0x1C,0x0F,0x1D,
0x13,0x0E,0x0F,0x18,0x1E,0x13,0x0B,0x16,0xFF,0x17,0x13,0x1D,0x1D,0x13,0x16,0x0F,
0x00,0x10,0x0B,0x0D,0x1E,0x19,0x1C,0x23,0xFF,0x1E,0x21,0x13,0x16,0x13,0x11,0x12,
0x1E,0x00,0x0E,0x0F,0x1D,0x0F,0x1C,0x1E,0xFF,0x10,0x19,0x1C,0x0F,0x1D,0x1E,0x00,
0x19,0x10,0x00,0x0B,0x18,0x0B,0x1E,0x1C,0x0F,0xFF,0x10,0x1C,0x19,0x18,0x1E,0x16,
0x13,0x18,0x0F,0x00,0x13,0x0D,0x0F,0x00,0x0C,0x0B,0x1D,0x0F,0xFF,0x0B,0x1C,0x0F,
0x0B,0x00,0x22,0xD6,0x03,0xFF,0x0F,0x18,0x0F,0x1C,0x11,0x23,0x00,0x10,0x0B,0x0D,
0x13,0x16,0x13,0x1E,0x23,0xFF,0x1D,0x18,0x19,0x21,0x23,0x00,0x1A,0x16,0x0B,0x13,
0x18,0x1D,0xFF,0x1D,0x1F,0x18,0x15,0x0F,0x18,0x00,0x16,0x13,0x0C,0x1C,0x0B,0x1C,
0x23,0xFF,0x11,0x13,0x0B,0x18,0x1E,0x00,0x0F,0x16,0x0F,0x20,0x0B,0x1E,0x19,0x1C,
0xFF,0x1D,0x1F,0x0C,0x00,0x0B,0x1C,0x0D,0x0B,0x0E,0x13,0x0B,0xFF,0x0B,0x1C,0x0F,
0x0B,0xD9,0x00,0x0B,0x0F,0x11,0x13,0x1D,0x00,0x20,0x19,0x16,0x0D,0x0B,0x18,0x19,
0x00,0x0C,0x0B,0x1D,0x0F,0xFC,0x0D,0x12,0x0F,0x10,0x0F,0xD9,0x00,0x0C,0x16,0x0B,
0x24,0x13,0x18,0xD0,0x00,0x10,0x16,0x13,0x24,0x0B,0x1C,0x0E,0xFC,0x17,0x13,0x1D,
0x1D,0x0B,0x19,0xD9,0x00,0x1C,0x0F,0x0D,0xE5,0x00,0x0F,0x22,0x0F,0x1C,0x0D,0xE5,
0x00,0x18,0xE5,0x0B,0xE5,0xFF,0x0B,0x1C,0x0F,0x0B,0xD9,0x00,0x19,0x0D,0x0F,0x0B,
0x18,0x13,0x0D,0x00,0x12,0x21,0x23,0x00,0x1C,0x1F,0x13,0x18,0x1D,0xFC,0x0D,0x12,
0x0F,0x10,0x0F,0xD9,0x00,0x0D,0x12,0x13,0x16,0x0E,0x1C,0x0F,0x00,0x13,0x18,0x0B,
0x1C,0x0B,0x0C,0x13,0x1E,0x1E,0x0B,0xFC,0x17,0x13,0x1D,0x1D,0x0B,0x19,0xD9,0x00,
0x1C,0x0B,0x1D,0x1E,0x1C,0x0F,0x0B,0x1C,0x00,0x1D,0x13,0x18,0x0B,0x16,0x00,0x0E,
0xE5,0x0F,0xE5,0xFF,0x0B,0x1C,0x0F,0x0B,0xD9,0x00,0x21,0xE5,0x1C,0xE5,0x00,0x10,
0x0B,0x0D,0x1E,0x19,0x1C,0x23,0xFC,0x0D,0x12,0x0F,0x10,0x0F,0xD9,0x00,0x0E,0x0F,
0x20,0x13,0x16,0x0C,0x0B,0x1E,0x00,0x1D,0x0D,0x12,0x13,0x16,0x1E,0xFC,0x17,0x13,
0x1D,0x1D,0x0B,0x19,0xD9,0x00,0x0E,0x0F,0x1D,0x1E,0x1C,0x1F,0x13,0x1C,0x00,0x10,
0x0B,0x0C,0x1C,0x13,0x0D,0x0B,0xFF,0x0B,0x1C,0x0F,0x0B,0xD9,0x00,0x19,0x16,0x0E,
0x00,0x1C,0x0F,0x1D,0x13,0x0E,0x0F,0x18,0x1E,0x13,0x0B,0x16,0xFC,0x0D,0x12,0x0F,
0x10,0x0F,0xD9,0x00,0x0E,0x0F,0x0B,0x1E,0x12,0x1E,0x0B,0x18,0x24,0x00,0x17,0x0B,
0x18,0x1E,0x13,0x1D,0x15,0xFC,0x17,0x13,0x1D,0x1D,0x0B,0x19,0xD9,0x00,0x0C,0x1F,
0x1D,0x0D,0x0B,0x1C,0x00,0x0E,0x0B,0x1C,0x15,0x00,0x0F,0x16,0x10,0xFF,0x0B,0x1C,
0x0F,0x0B,0xD9,0x00,0x1E,0x21,0x13,0x16,0x13,0x11,0x12,0x1E,0x00,0x0E,0x0F,0x1D,
0x0F,0x1C,0x1E,0xFC,0x0D,0x12,0x0F,0x10,0x0F,0xD9,0x00,0x0B,0x18,0x1F,0x0C,0x13,
0x1D,0x00,0x18,0x0F,0x0D,0x1C,0x19,0x17,0x0B,0x18,0x0D,0x0F,0x1D,0x1D,0x00,0x20,
0xFC,0x17,0x13,0x1D,0x1D,0x0B,0x19,0xD9,0x00,0x0D,0x19,0x17,0x0C,0x0B,0x1E,0x0F,
0x1C,0x00,0x0F,0x22,0x0F,0x1C,0xE5,0x00,0x18,0xE5,0x0B,0xE5,0xFF,0x0B,0x1C,0x0F,
0x0B,0xD9,0x00,0x10,0x19,0x1C,0x0F,0x1D,0x1E,0x00,0x19,0x10,0x00,0x0B,0x18,0x0B,
0x1E,0x1C,0x0F,0xFC,0x0D,0x12,0x0F,0x10,0x0F,0xD9,0x00,0x12,0x0B,0x18,0x1F,0x17,
0x0B,0x0D,0x12,0x13,0x18,0x0F,0x00,0x1C,0xFC,0x17,0x13,0x1D,0x1D,0x0B,0x19,0xD9,
0x00,0x0D,0x19,0x17,0x0C,0x0B,0x1E,0x0F,0x1C,0x00,0x0F,0x22,0x0F,0x1C,0xE5,0x00,
0x18,0xE5,0x0B,0xE5,0xFF,0x0B,0x1C,0x0F,0x0B,0xD9,0x00,0x10,0x1C,0x19,0x18,0x1E,
0x16,0x13,0x18,0x0F,0x00,0x13,0x0D,0x0F,0x00,0x0C,0x0B,0x1D,0x0F,0xFC,0x0D,0x12,
0x0F,0x10,0x0F,0xD9,0x00,0x0C,0x16,0x13,0x24,0x24,0x0B,0x0D,0x15,0x00,0x1D,0x1E,
0x0B,0x11,0x11,0x1C,0x19,0x10,0x10,0x00,0x1C,0xFC,0x17,0x13,0x1D,0x1D,0x0B,0x19,
0xD9,0x00,0x0D,0x19,0x17,0x0C,0x0B,0x1E,0x0F,0x1C,0x00,0x0F,0x22,0x0F,0x1C,0xE5,
0x00,0x18,0xE5,0x0B,0xE5,0xFF,0x0B,0x1C,0x0F,0x0B,0xD9,0x00,0x0B,0x1C,0x0F,0x0B,
0x00,0x22,0xD6,0x03,0xFC,0x0D,0x12,0x0F,0x10,0x0F,0xD9,0x00,0x0D,0x19,0x1A,0x23,
0x00,0x22,0x00,0x17,0x0B,0x1C,0x15,0x00,0x13,0x13,0xFC,0x17,0x13,0x1D,0x1D,0x0B,
0x19,0xD9,0x00,0x13,0x18,0x10,0x13,0x16,0x1E,0x1C,0x0B,0x1C,0x00,0x18,0xE5,0x0B,
0xE5,0xFF,0x0B,0x1C,0x0F,0x0B,0xD9,0x00,0x0F,0x18,0x0F,0x1C,0x11,0x23,0x00,0x10,
0x0B,0x0D,0x13,0x16,0x13,0x1E,0x23,0xFC,0x0D,0x12,0x0F,0x10,0x0F,0xD9,0x00,0x0D,
0x1F,0x0C,0x13,0x1E,0x00,0x10,0x19,0x22,0x1E,0x0B,0x1C,0xFC,0x17,0x13,0x1D,0x1D,
0x0B,0x19,0xD9,0x00,0x1C,0x0F,0x11,0x13,0x1D,0x1E,0x1C,0x0B,0x1C,0x00,0x13,0x18,
0x1D,0x1E,0x0B,0x16,0xE5,0xFF,0x0B,0x1C,0x0F,0x0B,0xD9,0x00,0x1D,0x18,0x19,0x21,
0x23,0x00,0x1A,0x16,0x0B,0x13,0x18,0x1D,0xFC,0x0D,0x12,0x0F,0x10,0x0F,0xD9,0x00,
0x11,0x16,0x0B,0x0D,0x13,0x0F,0x1C,0x00,0x16,0x0F,0x00,0x0D,0x0B,0x0D,0x1E,0x0B,
0x18,0x15,0xFC,0x17,0x13,0x1D,0x1D,0x0B,0x19,0xD9,0x00,0x1C,0x0F,0x0D,0x1F,0x1A,
0x0F,0x1C,0x0B,0x1C,0x00,0x0E,0x0B,0x0E,0x19,0x1D,0xFF,0x0B,0x1C,0x0F,0x0B,0xD9,
0x00,0x1D,0x1F,0x18,0x15,0x0F,0x18,0x00,0x16,0x13,0x0C,0x1C,0x0B,0x1C,0x23,0xFC,
0x0D,0x12,0x0F,0x10,0x0F,0xD9,0x00,0x20,0x19,0x16,0x1E,0x0F,0x0F,0x16,0x00,0x0C,
0x13,0x0C,0x16,0x13,0x19,0xFC,0x17,0x13,0x1D,0x1D,0x0B,0x19,0xD9,0x00,0x1C,0x0F,
0x0D,0x1F,0x1A,0x0F,0x1C,0x0B,0x1C,0x00,0x0B,0x1C,0x1B,0x1F,0x13,0x20,0x19,0xFF,
0x0B,0x1C,0x0F,0x0B,0xD9,0x00,0x11,0x13,0x0B,0x18,0x1E,0x00,0x0F,0x16,0x0F,0x20,
0x0B,0x1E,0x19,0x1C,0xFC,0x0D,0x12,0x0F,0x10,0x0F,0xD9,0x00,0x1E,0x1C,0x0F,0x1E,
0x13,0x1D,0x1E,0x0B,0x00,0x15,0x0F,0x16,0x20,0x0F,0x1C,0x13,0x0B,0x18,0xFC,0x17,
0x13,0x1D,0x1D,0x0B,0x19,0xD9,0x00,0x1C,0x0F,0x11,0x13,0x1D,0x1E,0x1C,0x0B,0x1C,
0x00,0x13,0x18,0x1D,0x1E,0x0B,0x16,0xE5,0xFF,0x17,0x2D,0x37,0x37,0x25,0x33,0x00,
0x2E,0x25,0x00,0x27,0x33,0x31,0x34,0x30,0x29,0x38,0x25,0x28,0x25,0xE5,0xFF,0x17,
0x25,0x36,0x38,0x2D,0x32,0x25,0xFF,0x17,0x2D,0x30,0x3A,0x3D,0xFF,0x0F,0x30,0x34,
0x2C,0x3D,0xFF,0x1D,0x3D,0x30,0x34,0x2C,0x3D,0xFF,0x1C,0x2D,0x30,0x34,0x2C,0x3D,
0xFF,0x0B,0x36,0x38,0x25,0x32,0xFF,0x24,0x2D,0x27,0x38,0x25,0x32,0xFF,0x17,0x33,
0x38,0x38,0xFF,0x0E,0x33,0x38,0x38,0xFF,0x0D,0x39,0x36,0x2D,0x34,0x2C,0xFF,0x16,
0x39,0x36,0x2D,0x34,0x2C,0xFF,0x1D,0x39,0x36,0x2D,0x34,0x2C,0xFF,0x1E,0x2D,0x36,
0x2D,0x34,0x2C,0xFF,0x23,0x39,0x36,0x2D,0x34,0x2C,0xFF,0x0C,0x29,0x36,0x2D,0x34,
0x2C,0xFF,0x21,0x2D,0x30,0x2D,0x34,0x2C,0xFF,0x0D,0x3D,0x30,0x2D,0x34,0x2C,0xFF,
0x1D,0x32,0x33,0x35,0xFF,0x17,0x25,0x38,0x2C,0x2D,0x35,0xFF,0x17,0x2D,0x3D,0x25,
0x35,0xFF,0x0B,0x2E,0x2D,0x35,0xFF,0x0E,0x33,0x26,0x39,0x35,0xFF,0x17,0x39,0x30,
0x25,0x35,0xFF,0x17,0x25,0x2D,0x30,0x30,0x25,0xFF,0x17,0x2D,0x39,0x30,0x30,0x25,
0xFF,0x0D,0x30,0x33,0x34,0x34,0x29,0xFF,0x1D,0x30,0x33,0x34,0x34,0x29,0xFF,0x1A,
0x39,0x38,0x2D,0x38,0x29,0xFF,0x0C,0x25,0x30,0x29,0x38,0x38,0x29,0xFF,0x17,0x25,
0x3D,0x25,0xFF,0x15,0x3B,0x25,0x34,0x34,0x25,0xFF,0x11,0x25,0x31,0x26,0x39,0x30,
0xFF,0x0C,0x2D,0x36,0x25,0x2D,0x28,0xFF,0x0C,0x2D,0x36,0x30,0x29,0x25,0x2A,0xFF,
0x1A,0x2D,0x38,0x25,0x34,0x25,0x2C,0xFF,0x1A,0x2D,0x38,0x25,0x34,0x39,0x2C,0xFF,
0x0C,0x29,0x29,0x38,0x25,0x27,0x2F,0xFF,0x0C,0x29,0x29,0x32,0x2D,0x34,0x29,0xFF,
0x0B,0x36,0x27,0x2C,0x2D,0x31,0xFF,0x0B,0x36,0x27,0x2C,0x2D,0x30,0xFF,0x0C,0x3D,
0x37,0x29,0xFF,0x0E,0x3D,0x30,0x34,0x2C,0x2D,0x32,0x25,0xFF,0x16,0x2D,0x3E,0x29,
0x38,0x39,0x37,0xFF,0x0D,0x33,0x38,0x38,0x39,0x37,0xFF,0x1D,0x2C,0x39,0x38,0x2C,
0x25,0x37,0xFF,0x17,0x25,0x30,0x38,0x2C,0x25,0x37,0xFF,0x13,0x30,0x29,0x38,0x2C,
0x25,0x37,0xFF,0x0F,0x32,0x29,0x38,0x2C,0x25,0x37,0xFF,0x0C,0x39,0x37,0x36,0x25,
0x37,0xFF,0x1D,0x25,0x26,0x36,0x25,0x37,0xFF,0x1C,0x33,0x28,0x29,0x36,0x25,0x37,
0xFF,0x0C,0x33,0x33,0x31,0x29,0x36,0x25,0x37,0xFF,0x0D,0x30,0x33,0x2F,0x2F,0x30,
0x29,0xFF,0x17,0x29,0x38,0x33,0x36,0x25,0x37,0xFF,0x17,0x29,0x38,0x33,0x36,0x2D,
0x2F,0x25,0xFF,0x17,0x29,0x38,0x33,0x36,0x34,0x2C,0xFF,0x17,0x29,0x38,0x29,0x30,
0x30,0x25,0xFF,0x17,0x29,0x38,0x29,0x36,0x33,0x31,0xFF,0x15,0x3D,0x32,0x2D,0x38,
0x29,0xFF,0x1D,0x39,0x36,0x32,0x2D,0x38,0x29,0xFF,0x1E,0x29,0x32,0x2D,0x38,0x29,
0xFF,0x1D,0x38,0x33,0x34,0x25,0x30,0x30,0x25,0xFF,0x1D,0x38,0x33,0x34,0x2D,0x32,
0x25,0xFF,0x1D,0x38,0x33,0x34,0x39,0x30,0x29,0xFF,0x1D,0x38,0x33,0x34,0x29,0x38,
0x25,0xFF,0x1D,0x38,0x33,0x34,0x33,0x37,0x25,0xFF,0x12,0x25,0x32,0x31,0x25,0x36,
0x2B,0x25,0xFF,0x12,0x25,0x32,0x31,0x25,0x36,0x2E,0x2D,0xFF,0x12,0x25,0x32,0x31,
0x25,0x36,0x26,0x33,0xFF,0x0B,0x2D,0x32,0x25,0xFF,0x0B,0x27,0x33,0x33,0x2D,0xFF,
0x0B,0x27,0x2C,0x33,0x33,0x32,0xFF,0x0B,0x32,0x25,0x38,0x29,0x36,0xFF,0x0B,0x3B,
0x25,0x36,0x32,0x29,0xFF,0x18,0x33,0x32,0x29,0xFF,0xF2,0x0F,0x35,0x39,0x2D,0x34,
0x00,0x1D,0x0B,0x1E,0xE5,0x02,0xF1,0xFF,0xF2,0x0F,0x35,0x39,0x2D,0x34,0x00,0x1D,
0x0B,0x1E,0xE5,0x03,0xF1,0xFF,0x0F,0x30,0x2A,0x33,0x37,0x00,0x28,0x29,0xFC,0x10,
0x39,0x37,0x25,0x33,0xFC,0x31,0x33,0x36,0x2D,0x36,0x25,0x33,0x00,0x25,0x33,0xFC,
0x37,0x29,0x36,0x00,0x39,0x37,0x25,0x28,0x33,0x37,0xE5,0xFF,0x0D,0x36,0x2D,0x25,
0x00,0x29,0xFC,0x31,0x29,0x30,0x2C,0x33,0x36,0x25,0x00,0x38,0x29,0x39,0x37,0xFC,
0x0D,0x2D,0x26,0x29,0x36,0xD6,0x29,0x30,0x2A,0x33,0x37,0xE5,0xFF,0x1A,0x33,0x28,
0x29,0x37,0x00,0x3A,0x29,0x36,0xFC,0x39,0x31,0x25,0x00,0x30,0x2D,0x37,0x38,0x25,
0x00,0x28,0x29,0xFC,0x0D,0x2D,0x26,0x29,0x36,0xD6,0x29,0x30,0x2A,0x33,0x37,0xE5,
0xFF,0x0F,0x37,0x27,0x33,0x30,0x2C,0x25,0x00,0x29,0x00,0x25,0x34,0x29,0x36,0x38,
0x29,0x00,0x0B,0x00,0x0C,0x1F,0x1E,0x1E,0x19,0x18,0xE5,0xFF,0x0F,0x30,0x2A,0x33,
0x37,0x00,0x35,0x39,0x29,0xFC,0x25,0x39,0x31,0x29,0x32,0x38,0x25,0x31,0xFC,0x3A,
0x2D,0x38,0x25,0x30,0x2D,0x28,0x25,0x28,0x29,0xE5,0xFF,0x0F,0x30,0x2A,0x33,0x37,
0x00,0x35,0x39,0x29,0xFC,0x31,0x29,0x30,0x2C,0x33,0x36,0x25,0x31,0xFC,0x31,0x33,
0x3A,0x2D,0x31,0x29,0x32,0x38,0x33,0xFC,0x33,0x39,0x00,0x25,0x2E,0x39,0x28,0x25,
0x31,0xFC,0x27,0x33,0x31,0x00,0x25,0x38,0x25,0x35,0x39,0x29,0xE5,0xFF,0x0F,0x30,
0x2A,0x33,0x37,0x00,0x35,0x39,0x29,0xFC,0x25,0x37,0x37,0x2D,0x37,0x38,0x29,0x31,
0x00,0x27,0x33,0x31,0xFC,0x28,0x25,0x28,0x33,0x37,0x00,0x28,0x29,0xFC,0x31,0x2D,
0x37,0x37,0x25,0x33,0x00,0x29,0xFC,0x25,0x36,0x31,0x25,0x37,0xE5,0xFF,0x16,0x29,
0x2A,0x38,0x00,0x33,0x36,0x00,0x1C,0x2D,0x2B,0x2C,0x38,0x00,0x29,0x37,0x27,0x33,
0x30,0x2C,0x29,0x00,0x39,0x31,0x25,0x00,0x29,0x38,0x2D,0x35,0x39,0x29,0x38,0x25,
0xE5,0xFF,0x0F,0x37,0x27,0x33,0x30,0x2C,0x25,0x00,0x29,0x00,0x25,0x34,0x29,0x36,
0x38,0x29,0x00,0x0B,0x00,0x0C,0x1F,0x1E,0x1E,0x19,0x18,0xE5,0xFF,0x0F,0x37,0x27,
0x33,0x30,0x2C,0x25,0x00,0x29,0x00,0x25,0x34,0x29,0x36,0x38,0x29,0x00,0x0B,0x00,
0x0C,0x1F,0x1E,0x1E,0x19,0x18,0xE5,0xFF,0x0F,0x0D,0xD9,0x1C,0x29,0x35,0xD8,0x0E,
0x2D,0x37,0x34,0xFF,0x0E,0x29,0x37,0x29,0x2E,0x25,0x00,0x31,0x29,0x30,0x2C,0x33,
0x36,0x25,0x36,0xFC,0x39,0x31,0x00,0x32,0x2D,0x3A,0x29,0x30,0xDD,0xFC,0x00,0x1D,
0x2D,0x31,0x00,0x00,0x00,0x00,0x18,0x25,0x33,0xFF,0x0E,0x29,0x37,0x29,0x2E,0x25,
0x00,0x31,0x29,0x30,0x2C,0x33,0x36,0x25,0x36,0xFC,0x25,0x00,0x1D,0x25,0x38,0x29,
0x30,0x2D,0x38,0x29,0xDD,0xFC,0x00,0x1D,0x2D,0x31,0x00,0x00,0x00,0x00,0x18,0x25,
0x33,0xFF,0x0E,0x29,0x37,0x29,0x2E,0x25,0x00,0x31,0x29,0x30,0x2C,0x33,0x36,0x25,
0x36,0xFC,0x25,0x00,0x38,0x2D,0x34,0x33,0x00,0x10,0x39,0x37,0x25,0x33,0xDD,0xFC,
0x00,0x1D,0x2D,0x31,0x00,0x00,0x00,0x00,0x18,0x25,0x33,0xFF,0x0E,0x29,0x37,0x29,
0x2E,0x25,0x00,0x31,0x29,0x30,0x2C,0x33,0x36,0x25,0x36,0xFC,0x25,0x00,0x32,0x33,
0x3A,0x25,0x00,0x3A,0x29,0x36,0xE5,0xDD,0xFC,0x00,0x1D,0x2D,0x31,0x00,0x00,0x00,
0x00,0x18,0x25,0x33,0xFF,0x0F,0x37,0x27,0x33,0x30,0x2C,0x25,0x00,0x29,0x00,0x25,
0x34,0x29,0x36,0x38,0x29,0x00,0x0B,0x00,0x0C,0x1F,0x1E,0x1E,0x19,0x18,0xE5,0xFF,
0x0F,0x37,0x27,0x33,0x30,0x2C,0x25,0x00,0x29,0x00,0x25,0x34,0x29,0x36,0x38,0x29,
0x00,0x0B,0x00,0x0C,0x1F,0x1E,0x1E,0x19,0x18,0xE5,0xFF,0x0F,0x0D,0xFF,0x1D,0x25,
0x38,0x29,0x30,0x2D,0x38,0x29,0x00,0x02,0xFC,0x32,0x25,0x33,0x00,0x29,0x35,0x39,
0x2D,0x34,0x25,0x28,0x33,0xFC,0x27,0x33,0x31,0x00,0x39,0x31,0x00,0x0F,0x30,0x2A,
0x33,0xE5,0xFF,0x1D,0x25,0x38,0x29,0x30,0x2D,0x38,0x29,0x00,0x03,0xFC,0x32,0x25,
0x33,0x00,0x29,0x35,0x39,0x2D,0x34,0x25,0x28,0x33,0xFC,0x27,0x33,0x31,0x00,0x39,
0x31,0x00,0x0F,0x30,0x2A,0x33,0xE5,0xFF,0x0F,0xD6,0x0D,0x36,0x3D,0x37,0x38,0x25,
0x30,0x37,0x00,0x2D,0x32,0x37,0x39,0x2A,0x2D,0x27,0x2D,0x29,0x32,0x38,0x29,0x37,
0xE5,0xFF,0x18,0x25,0x33,0x00,0x31,0x29,0x30,0x2C,0x33,0x36,0x25,0x00,0x25,0x33,
0x00,0x29,0x37,0x38,0x25,0x36,0x00,0x29,0x35,0x39,0x2D,0x34,0x25,0x28,0x33,0xE5,
0xFF,0x0F,0x30,0x2A,0x33,0x00,0x27,0x33,0x32,0x3A,0x29,0x36,0x38,0x2D,0x28,0x33,
0x00,0x25,0x00,0x1D,0x39,0x26,0x00,0x1E,0x25,0x32,0x2F,0xCA,0xFF,0x0E,0x33,0x26,
0x36,0x33,0x00,0x38,0x39,0x25,0xFC,0x29,0x32,0x29,0x36,0x2B,0x2D,0x25,0xE5,0xFF,
0x0B,0x39,0x31,0x29,0x32,0x38,0x33,0xFC,0x29,0x32,0x29,0x36,0x2B,0x2D,0x25,0xFC,
0x39,0x31,0x00,0x34,0x33,0x39,0x27,0x33,0xE5,0xFF,0x1A,0x33,0x37,0x37,0x33,0x00,
0x37,0x39,0x26,0x2D,0x36,0xFC,0x29,0x32,0x29,0x36,0x2B,0x2D,0x25,0xFC,0x39,0x31,
0x00,0x34,0x33,0x39,0x27,0x33,0xE5,0xFF,0x1F,0x37,0x25,0x00,0x31,0x29,0x39,0xFC,
0x34,0x33,0x28,0x29,0x36,0x00,0x34,0x25,0x36,0x25,0xFC,0x37,0x39,0x26,0x2D,0x36,
0xFC,0x29,0x32,0x29,0x36,0x2B,0x2D,0x25,0xCA,0xFF,0x0E,0x29,0x2D,0x3C,0x25,0x00,
0x35,0x39,0x29,0xFC,0x31,0x29,0x30,0x2C,0x33,0x36,0x29,0x00,0x38,0x39,0x25,0xFC,
0x29,0x32,0x29,0x36,0x2B,0x2D,0x25,0xCA,0xFF,0x17,0x29,0x00,0x3A,0x33,0x30,0x38,
0x33,0xFC,0x39,0x31,0x00,0x1D,0x39,0x26,0x00,0x1E,0x25,0x32,0x2F,0xFC,0x34,0x25,
0x36,0x25,0x00,0x38,0x2D,0xE5,0xFF,0x1D,0x29,0x00,0x35,0x39,0x29,0x36,0x29,0x37,
0xFC,0x39,0x31,0x00,0x1D,0x39,0x26,0x00,0x1E,0x25,0x32,0x2F,0xE8,0xFC,0x25,0x2E,
0x39,0x28,0x33,0xCA,0xFF,0x1F,0x37,0x25,0x00,0x31,0x29,0x39,0xFC,0x34,0x33,0x28,
0x29,0x36,0x00,0x34,0x25,0x36,0x25,0xFC,0xD4,0x04,0x00,0x3A,0x2D,0x28,0x25,0x37,
0xCA,0xFF,0x1D,0x29,0x00,0x35,0x39,0x29,0x36,0x29,0x37,0xFC,0x04,0x00,0x3A,0x2D,
0x28,0x25,0x37,0x00,0x31,0x25,0x2D,0x37,0xFC,0x31,0x29,0x00,0x27,0x2C,0x25,0x31,
0x29,0xCA,0xFF,0x17,0x2D,0x32,0x2C,0x25,0x00,0x29,0x32,0x29,0x36,0x2B,0x2D,0x25,
0xFC,0x27,0x39,0x36,0x25,0x00,0x09,0xFC,0x29,0x32,0x29,0x36,0x2B,0x2D,0x25,0xE5,
0xFF,0x0D,0x39,0x36,0x33,0x00,0x09,0xFC,0x29,0x32,0x29,0x36,0x2B,0x2D,0x25,0xFC,
0x34,0x33,0x36,0x00,0x38,0x2D,0xE5,0xFF,0x0E,0x29,0x2D,0x3C,0x25,0x00,0x35,0x39,
0x29,0xFC,0x27,0x39,0x36,0x29,0x00,0x09,0xFC,0x29,0x32,0x29,0x36,0x2B,0x2D,0x25,
0xE5,0xFF,0x10,0x29,0x36,0x2D,0x28,0x33,0xDD,0xFC,0x0D,0x39,0x36,0x33,0x00,0x09,
0xFC,0x29,0x32,0x29,0x36,0x2B,0x2D,0x25,0xE5,0xFF,0x1D,0x29,0x00,0x38,0x29,0x00,
0x28,0x25,0x32,0x25,0x31,0xE8,0xFC,0x27,0x39,0x36,0x33,0x00,0x09,0x00,0x28,0x29,
0xFC,0x29,0x32,0x29,0x36,0x2B,0x2D,0x25,0xE5,0xFF,0x1F,0x37,0x29,0xD6,0x31,0x29,
0xFC,0x35,0x39,0x25,0x32,0x28,0x33,0xFC,0x34,0x36,0x29,0x27,0x2D,0x37,0x25,0x36,
0x29,0x37,0xFC,0x09,0x00,0x29,0x32,0x29,0x36,0x2B,0x2D,0x25,0xCA,0xFF,0x17,0x29,
0x39,0x00,0x34,0x33,0x28,0x29,0x36,0xFC,0x27,0x39,0x36,0x25,0x00,0x09,0xFC,0x29,
0x32,0x29,0x36,0x2B,0x2D,0x25,0xE5,0xFF,0x1D,0x33,0x30,0x33,0x00,0x34,0x25,0x36,
0x25,0xFC,0x38,0x2D,0xE8,0x00,0x27,0x39,0x36,0x33,0xFC,0x09,0x00,0x29,0x32,0x29,
0x36,0x2B,0x2D,0x25,0xE5,0xFF,0x1A,0x33,0x37,0x37,0x33,0x00,0x27,0x39,0x36,0x25,
0x36,0xFC,0x38,0x33,0x28,0x25,0x00,0x38,0x39,0x25,0xFC,0x29,0x32,0x29,0x36,0x2B,
0x2D,0x25,0xCA,0xFF,0x0D,0x39,0x36,0x33,0x00,0x38,0x33,0x28,0x25,0xFC,0x25,0x00,
0x29,0x32,0x29,0x36,0x2B,0x2D,0x25,0xFC,0x38,0x33,0x38,0x25,0x30,0xCA,0xFF,0x0E,
0x29,0x2D,0x3C,0x25,0x00,0x35,0x39,0x29,0xFC,0x27,0x39,0x36,0x29,0x00,0x38,0x33,
0x28,0x25,0xFC,0x29,0x32,0x29,0x36,0x2B,0x2D,0x25,0xE5,0xFF,0x1E,0x29,0x00,0x25,
0x2E,0x39,0x28,0x33,0xCA,0xFC,0x0D,0x39,0x36,0x33,0x00,0x38,0x33,0x28,0x25,0xFC,
0x29,0x32,0x29,0x36,0x2B,0x2D,0x25,0xCA,0xFF,0x0F,0x00,0x31,0x2D,0x32,0x2C,0x25,
0xFC,0x38,0x25,0x36,0x29,0x2A,0x25,0xFC,0x27,0x39,0x36,0x25,0x36,0x38,0x29,0xFC,
0x38,0x33,0x38,0x25,0x30,0x31,0x29,0x32,0x38,0x29,0xCA,0xFF,0x17,0x29,0x39,0x00,
0x34,0x33,0x28,0x29,0x36,0xFC,0x38,0x29,0x00,0x27,0x39,0x36,0x25,0xFC,0x38,0x33,
0x38,0x25,0x30,0x31,0x29,0x32,0x38,0x29,0xE5,0xFF,0x0E,0x25,0x32,0x33,0x00,0x26,
0x25,0x2D,0x3C,0x33,0xE5,0xFC,0x0C,0x25,0x30,0x25,0x37,0x00,0x28,0x25,0x33,0xFC,
0x02,0x00,0x29,0x32,0x29,0x36,0x2B,0x2D,0x25,0xE5,0xFF,0x0E,0x25,0x32,0x33,0x00,
0x26,0x25,0x2D,0x3C,0x33,0xE5,0xFC,0x0C,0x25,0x30,0x25,0x37,0x00,0x28,0x25,0x33,
0xFC,0x02,0x00,0x29,0x32,0x29,0x36,0x2B,0x2D,0x25,0xE5,0xFF,0x1D,0x33,0x30,0x38,
0x33,0xFC,0x0F,0x32,0x29,0x36,0x2B,0x2D,0x25,0x00,0xD1,0x1D,0xD2,0xFC,0x25,0x00,
0x38,0x29,0x39,0x00,0x30,0x25,0x28,0x33,0xCA,0xFF,0x0F,0x37,0x34,0x25,0x36,0x3E,
0x33,0xFC,0x0F,0x32,0x29,0x36,0x2B,0x2D,0x25,0xFC,0xD1,0x1D,0xD2,0xCA,0xFF,0x1E,
0x36,0x25,0x31,0x34,0x25,0x37,0x00,0x2E,0x25,0xFC,0x32,0x25,0x33,0x00,0x37,0x29,
0x36,0x25,0x33,0xFC,0x30,0x29,0x38,0x25,0x2D,0x37,0xE5,0xFF,0x1A,0x33,0x37,0x37,
0x33,0xFC,0x2A,0x25,0x3E,0x29,0x36,0xD6,0x38,0x29,0xFC,0x31,0x25,0x2D,0x37,0x00,
0x3A,0x29,0x30,0x33,0x3E,0xCA,0xFF,0x1D,0x33,0x26,0x29,0x37,0xFC,0x29,0x37,0x27,
0x25,0x28,0x25,0x37,0xFC,0x31,0x25,0x2D,0x37,0x00,0x36,0x25,0x34,0x2D,0x28,0x33,
0xCA,0xFF,0x1E,0x29,0x00,0x25,0x2E,0x39,0x28,0x33,0x00,0x25,0xFC,0x28,0x29,0x37,
0x25,0x2A,0x2D,0x25,0x36,0x00,0x25,0xFC,0x2B,0x36,0x25,0x3A,0x2D,0x28,0x25,0x28,
0x29,0xCA,0xFF,0x18,0x25,0x33,0x00,0x36,0x29,0x38,0x36,0x33,0xD6,0xFC,0x27,0x29,
0x28,0x29,0x37,0x00,0x25,0x33,0xFC,0x36,0x29,0x27,0x29,0x26,0x29,0x36,0xFC,0x28,
0x25,0x32,0x33,0xCA,0xFF,0x1E,0x29,0x00,0x37,0x25,0x30,0x3A,0x33,0xFC,0x37,0x29,
0x00,0x27,0x25,0x2D,0x37,0x00,0x29,0x31,0xFC,0x39,0x31,0x00,0x34,0x33,0x27,0x33,
0xCA,0xFF,0x18,0x25,0x33,0x00,0x38,0x29,0x00,0x28,0x29,0x2D,0x3C,0x33,0xFC,0x27,
0x25,0x2D,0x36,0x00,0x29,0x31,0xFC,0x34,0x33,0x27,0x33,0x37,0xCA,0xFF,0x17,0x29,
0x00,0x25,0x2B,0x25,0x36,0x36,0x33,0x00,0x29,0xFC,0x2A,0x36,0x29,0x32,0x33,0xFC,
0x25,0x30,0x2B,0x39,0x32,0x37,0xFC,0x2D,0x32,0x2D,0x31,0x2D,0x2B,0x33,0x37,0xE5,
0xFF,0x0B,0x2B,0x25,0x36,0x36,0x33,0x00,0x29,0xFC,0x2A,0x36,0x29,0x32,0x33,0xFC,
0x2D,0x32,0x2D,0x31,0x2D,0x2B,0x33,0x37,0xE5,0xFF,0x0E,0x2D,0x37,0x34,0x25,0x36,
0x33,0x00,0x25,0x33,0xFC,0x2A,0x36,0x29,0x32,0x38,0x29,0x00,0x34,0x25,0x36,0x25,
0xFC,0x25,0x2E,0x39,0x28,0x25,0x36,0xD6,0x38,0x29,0xCA,0xFF,0x17,0x2D,0x32,0x2C,
0x25,0x37,0x00,0x26,0x25,0x30,0x25,0x37,0xFC,0x28,0x25,0x33,0x00,0x2A,0x33,0x2B,
0x33,0xFC,0x28,0x29,0x00,0x25,0x34,0x33,0x2D,0x33,0xCA,0xFF,0x17,0x29,0x39,0x37,
0x00,0x38,0x2D,0x36,0x33,0x37,0xFC,0x3A,0x25,0x33,0x00,0x25,0x33,0xFC,0x37,0x33,
0x30,0x33,0xCA,0xFF,0x17,0x29,0x39,0x37,0x00,0x38,0x2D,0x36,0x33,0x37,0xFC,0x2B,
0x33,0x30,0x34,0x29,0x2D,0x25,0x31,0x00,0x33,0xFC,0x37,0x33,0x30,0x33,0xCA,0xFF,
0x0E,0x33,0x26,0x36,0x33,0x00,0x33,0x37,0xFC,0x33,0x26,0x2E,0x29,0x38,0x33,0x37,
0xFC,0x35,0x39,0x29,0x00,0x38,0x33,0x31,0x25,0x37,0xCA,0xFF,0x13,0x32,0x2D,0x31,
0x2D,0x2B,0x33,0x37,0xFC,0x37,0x33,0x30,0x38,0x25,0x31,0x00,0x31,0x25,0x2D,0x37,
0xFC,0x33,0x26,0x2E,0x29,0x38,0x33,0x37,0xCA,0xFF,0x1A,0x36,0x29,0x37,0x37,0x2D,
0x33,0x32,0x25,0x00,0x1F,0x34,0xFC,0x28,0x39,0x36,0x25,0x32,0x38,0x29,0xFC,0x1E,
0x1C,0x13,0x1A,0x16,0x0F,0x00,0x0B,0x1E,0x15,0xE5,0xFF,0x1A,0x36,0x29,0x37,0x37,
0x2D,0x33,0x32,0x25,0x00,0x0E,0x33,0x3B,0x32,0xFC,0x28,0x39,0x36,0x25,0x32,0x38,
0x29,0xFC,0x1E,0x1C,0x13,0x1A,0x16,0x0F,0x00,0x0B,0x1E,0x15,0xE5,0xFF,0x1B,0x39,
0x25,0x38,0x36,0x33,0xFC,0x38,0x2D,0x36,0x33,0x37,0x00,0x34,0x25,0x36,0x25,0xFC,
0x0C,0x39,0x37,0x38,0x29,0x36,0x00,0x1D,0x2C,0x33,0x38,0xCA,0xFF,0x0E,0x25,0x37,
0x2C,0x00,0xD4,0x00,0x1F,0x34,0xD8,0xFC,0x0E,0x33,0x3B,0x32,0x00,0x33,0x39,0x00,
0x37,0x25,0x30,0x38,0x33,0xFC,0xD4,0x00,0x1F,0x34,0xD9,0x00,0x2B,0x2D,0x36,0x33,
0xE5,0xFF,0x0D,0x33,0x36,0x38,0x25,0xFC,0x26,0x25,0x30,0x25,0x37,0x00,0x34,0x25,
0x36,0x25,0xFC,0x2A,0x36,0x29,0x32,0x25,0xD6,0x30,0x25,0x37,0xE5,0xFF,0x0C,0x30,
0x33,0x35,0x39,0x29,0x2D,0x25,0xFC,0x38,0x2D,0x36,0x33,0x37,0x00,0x29,0xFC,0x33,
0x26,0x38,0x29,0x31,0xFC,0x0F,0x0D,0x00,0xD1,0x1D,0xD2,0xE5,0xFF,0xD4,0x02,0x00,
0x25,0x00,0x38,0x29,0x39,0xFC,0x0C,0x39,0x37,0x38,0x29,0x36,0x00,0x1D,0x2C,0x33,
0x38,0xE5,0xFF,0xD4,0x02,0x00,0x25,0x00,0x38,0x29,0x39,0xFC,0x24,0x00,0x1D,0x25,
0x26,0x29,0x36,0xE5,0xFF,0xD4,0x02,0x00,0x25,0x00,0x38,0x29,0x39,0xFC,0x1C,0x33,
0x28,0xE5,0xFF,0xD4,0x02,0x00,0x25,0x00,0x38,0x29,0x39,0xFC,0x1D,0x2C,0x2D,0x29,
0x30,0x28,0xE5,0xFF,0x0B,0x27,0x29,0x30,0x29,0x36,0x25,0xFC,0x27,0x25,0x36,0x2B,
0x25,0x00,0x28,0x29,0xFC,0x25,0x36,0x31,0x25,0xE5,0xFF,0x0B,0x30,0x2B,0x39,0x32,
0x37,0xFC,0x2D,0x32,0x2D,0x31,0x2D,0x2B,0x33,0x37,0xFC,0x37,0x29,0x00,0x3A,0x33,
0x30,0x38,0x25,0x31,0xFC,0x17,0x29,0x38,0x38,0x25,0x39,0x36,0x37,0xE5,0xFF,0x1A,
0x33,0x37,0x37,0x33,0x00,0x3A,0x33,0x30,0x38,0x25,0x36,0xFC,0x2D,0x32,0x2D,0x31,
0x2D,0x2B,0x33,0x37,0x00,0x29,0x31,0xFC,0x17,0x29,0x38,0x38,0x25,0x39,0x36,0x37,
0xE5,0xFF,0x20,0x33,0x30,0x3A,0x33,0xFC,0x2D,0x32,0x2D,0x31,0x2D,0x2B,0x33,0x37,
0x00,0x29,0x31,0xFC,0x17,0x29,0x38,0x38,0x25,0x39,0x36,0x37,0xE5,0xFF,0x20,0x33,
0x30,0x3A,0x33,0xFC,0x2D,0x32,0x2D,0x31,0x2D,0x2B,0x33,0x37,0x00,0x29,0x31,0xFC,
0x17,0x29,0x38,0x38,0x25,0x39,0x36,0x37,0xE5,0xFF,0x13,0x32,0x2D,0x31,0x2D,0x2B,
0x33,0x37,0xFC,0x37,0x29,0x36,0x25,0x33,0xFC,0x17,0x29,0x38,0x38,0x25,0x39,0x36,
0x37,0xE5,0xFF,0x0E,0x29,0x37,0x38,0x36,0x39,0x3D,0x33,0xFC,0x25,0x00,0x38,0x33,
0x28,0x33,0x37,0x00,0x33,0x37,0xFC,0x2D,0x32,0x2D,0x31,0x2D,0x2B,0x33,0x37,0xFC,
0x34,0x29,0x35,0x39,0x29,0x32,0x33,0x37,0xCA,0xFF,0x1F,0x37,0x29,0xD6,0x31,0x29,
0x00,0x34,0x25,0x36,0x25,0xFC,0x25,0x34,0x25,0x2B,0x25,0x36,0xFC,0x2D,0x32,0x2D,
0x31,0x2D,0x2B,0x33,0x37,0xFC,0x34,0x29,0x35,0x39,0x29,0x32,0x33,0x37,0xCA,0xFF,
0x0E,0x29,0x36,0x36,0x33,0x38,0x33,0xFC,0x2D,0x32,0x2D,0x31,0x2D,0x2B,0x33,0x37,
0xFC,0x34,0x29,0x35,0x39,0x29,0x32,0x33,0x37,0xFC,0x25,0x33,0x00,0x2D,0x32,0x37,
0x38,0x25,0x32,0x38,0x29,0xCA,0xFF,0x0D,0x29,0x36,0x38,0x33,0x37,0xFC,0x2D,0x32,
0x2D,0x31,0x2D,0x2B,0x33,0x37,0xFC,0x2A,0x2D,0x27,0x25,0x31,0xFC,0x25,0x38,0x33,
0x36,0x28,0x33,0x25,0x28,0x33,0x37,0xE5,0xFF,0x1A,0x33,0x37,0x37,0x33,0xFC,0x25,
0x38,0x39,0x36,0x28,0x2D,0x36,0xFC,0x27,0x29,0x36,0x38,0x33,0x37,0xFC,0x2D,0x32,
0x2D,0x31,0x2D,0x2B,0x33,0x37,0xE5,0xFF,0x0B,0x30,0x2B,0x39,0x32,0x37,0xFC,0x2D,
0x32,0x2D,0x31,0x2D,0x2B,0x33,0x37,0xFC,0x2A,0x2D,0x27,0x25,0x36,0x25,0x33,0xFC,
0x25,0x38,0x33,0x36,0x28,0x33,0x25,0x28,0x33,0x37,0xCA,0xFF,0x17,0x2D,0x32,0x2C,
0x25,0x00,0x38,0x25,0x36,0x29,0x2A,0x25,0xFC,0x29,0x00,0x25,0x38,0x39,0x36,0x28,
0x2D,0x36,0xFC,0x27,0x29,0x36,0x38,0x33,0x37,0xFC,0x2D,0x32,0x2D,0x31,0x2D,0x2B,
0x33,0x37,0xCA,0xFF,0x17,0x29,0x39,0x00,0x28,0x29,0x3A,0x29,0x36,0xFC,0x29,0x00,
0x25,0x38,0x39,0x36,0x28,0x2D,0x36,0xFC,0x25,0x30,0x2B,0x39,0x32,0x37,0xFC,0x2D,
0x32,0x2D,0x31,0x2D,0x2B,0x33,0x37,0xE5,0xFF,0x17,0x2D,0x32,0x2C,0x25,0x00,0x38,
0x25,0x36,0x29,0x2A,0x25,0x00,0x29,0xFC,0x27,0x33,0x36,0x38,0x25,0x36,0x00,0x25,
0xFC,0x3A,0x2D,0x28,0x25,0x00,0x28,0x33,0xFC,0x27,0x2C,0x29,0x2A,0x29,0xCA,0xFF,
0x1C,0x29,0x28,0x39,0x3E,0x27,0x33,0xFC,0x3A,0x2D,0x28,0x25,0x00,0x28,0x29,0x00,
0x27,0x2C,0x29,0x2A,0x29,0xFC,0x25,0x00,0x31,0x29,0x38,0x25,0x28,0x29,0xCA,0xFF,
0x0D,0x33,0x36,0x38,0x25,0x36,0x29,0x2D,0xFC,0x3A,0x2D,0x28,0x25,0x00,0x28,0x33,
0xFC,0x27,0x2C,0x29,0x2A,0x29,0xCA,0xFF,0x0D,0x2C,0x29,0x2B,0x25,0x00,0x25,0x00,
0x16,0x3A,0xE5,0x0B,0xFC,0x28,0x39,0x36,0x25,0x32,0x38,0x29,0x00,0x25,0xFC,0x31,
0x2D,0x37,0x37,0x25,0x33,0xE5,0xFF,0x1F,0x37,0x29,0xD6,0x31,0x29,0x00,0x34,0x25,
0x36,0x25,0xFC,0x27,0x2C,0x29,0x2B,0x25,0x36,0x00,0x25,0xFC,0x16,0x3A,0xE5,0x0B,
0xE5,0xFF,0x1E,0x29,0x00,0x37,0x39,0x26,0x33,0x00,0x25,0xFC,0x32,0x2D,0x3A,0x29,
0x30,0x00,0x0B,0xE5,0xFF,0x17,0x2D,0x32,0x2C,0x25,0x00,0x29,0x32,0x29,0x36,0x2B,
0x2D,0x25,0xFC,0x38,0x29,0x00,0x30,0x29,0x3A,0x25,0x00,0x25,0xFC,0x16,0x3A,0xE5,
0x0B,0xE5,0xFF,0x16,0x3A,0xE5,0x0B,0xDD,0xFC,0x1A,0x29,0x36,0x33,0x00,0x37,0x33,
0x30,0x33,0xFC,0x28,0x39,0x36,0x25,0x32,0x38,0x29,0xFC,0x25,0x00,0x31,0x2D,0x37,
0x37,0x25,0x33,0xE5,0xFF,0x1F,0x37,0x25,0x00,0x31,0x29,0x39,0xFC,0x34,0x33,0x28,
0x29,0x36,0x00,0x34,0x25,0x36,0x25,0xFC,0xD4,0x06,0x00,0x3A,0x2D,0x28,0x25,0x37,
0xCA,0xFF,0x1D,0x29,0x00,0x35,0x39,0x29,0x36,0x29,0x37,0xFC,0x06,0x00,0x3A,0x2D,
0x28,0x25,0x37,0x00,0x31,0x25,0x2D,0x37,0xFC,0x31,0x29,0x00,0x27,0x2C,0x25,0x31,
0x29,0xCA,0xFF,0x17,0x2D,0x32,0x2C,0x25,0x00,0x29,0x32,0x29,0x36,0x2B,0x2D,0x25,
0xFC,0x27,0x39,0x36,0x25,0x00,0x02,0x07,0xFC,0x29,0x32,0x29,0x36,0x2B,0x2D,0x25,
0xE5,0xFF,0x0D,0x39,0x36,0x33,0x00,0x02,0x07,0xFC,0x29,0x32,0x29,0x36,0x2B,0x2D,
0x25,0xFC,0x34,0x33,0x36,0x00,0x38,0x2D,0xE5,0xFF,0x0E,0x29,0x2D,0x3C,0x25,0x00,
0x35,0x39,0x29,0xFC,0x27,0x39,0x36,0x29,0x00,0x02,0x07,0xFC,0x29,0x32,0x29,0x36,
0x2B,0x2D,0x25,0xE5,0xFF,0x10,0x29,0x36,0x2D,0x28,0x33,0xDD,0xFC,0x0D,0x39,0x36,
0x33,0x00,0x02,0x07,0xFC,0x29,0x32,0x29,0x36,0x2B,0x2D,0x25,0xE5,0xFF,0x1D,0x29,
0x00,0x38,0x29,0x00,0x28,0x25,0x32,0x25,0x31,0xE8,0xFC,0x27,0x39,0x36,0x33,0x00,
0x02,0x07,0xFC,0x28,0x29,0x00,0x29,0x32,0x29,0x36,0x2B,0x2D,0x25,0xE5,0xFF,0x1F,
0x37,0x29,0xD6,0x31,0x29,0xFC,0x35,0x39,0x25,0x32,0x28,0x33,0xFC,0x34,0x36,0x29,
0x27,0x2D,0x37,0x25,0x36,0x29,0x37,0xFC,0x02,0x07,0x00,0x29,0x32,0x29,0x36,0x2B,
0x2D,0x25,0xCA,0xFF,0x17,0x29,0x39,0x00,0x34,0x33,0x28,0x29,0x36,0xFC,0x27,0x39,
0x36,0x25,0x00,0x02,0x07,0xFC,0x29,0x32,0x29,0x36,0x2B,0x2D,0x25,0xE5,0xFF,0x1D,
0x33,0x30,0x33,0x00,0x34,0x25,0x36,0x25,0xFC,0x38,0x2D,0xE8,0x00,0x27,0x39,0x36,
0x33,0xFC,0x02,0x07,0x00,0x29,0x32,0x29,0x36,0x2B,0x2D,0x25,0xE5,0xFF,0x0D,0x39,
0x36,0x33,0x00,0x38,0x33,0x28,0x25,0xFC,0x38,0x39,0x25,0x00,0x29,0x32,0x29,0x36,
0x2B,0x2D,0x25,0xFC,0x29,0x00,0x02,0x00,0x38,0x25,0x32,0x35,0x39,0x29,0xCA,0xFF,
0x0D,0x39,0x36,0x33,0x00,0x38,0x39,0x28,0x33,0xFC,0x29,0x00,0x02,0x00,0x38,0x25,
0x32,0x35,0x39,0x29,0xCA,0xFF,0x0E,0x29,0x2D,0x3C,0x25,0x00,0x35,0x39,0x29,0xFC,
0x27,0x39,0x36,0x29,0x00,0x38,0x33,0x28,0x25,0xFC,0x38,0x39,0x25,0x00,0x29,0x32,
0x29,0x36,0x2B,0x2D,0x25,0xFC,0x29,0x00,0x02,0x00,0x38,0x25,0x32,0x35,0x39,0x29,
0xE5,0xFF,0x1E,0x29,0x00,0x25,0x2E,0x39,0x28,0x33,0xCA,0xFC,0x0D,0x39,0x36,0x33,
0x00,0x38,0x33,0x28,0x25,0xFC,0x38,0x39,0x25,0x00,0x29,0x32,0x29,0x36,0x2B,0x2D,
0x25,0xFC,0x29,0x00,0x02,0x00,0x38,0x25,0x32,0x35,0x39,0x29,0xCA,0xFF,0x0F,0x00,
0x31,0x2D,0x32,0x2C,0x25,0x00,0x38,0x25,0x36,0x29,0x2A,0x25,0xFC,0x27,0x39,0x36,
0x25,0x36,0x00,0x38,0x39,0x28,0x33,0xFC,0x29,0x00,0x02,0x00,0x38,0x25,0x32,0x35,
0x39,0x29,0xFC,0x38,0x33,0x38,0x25,0x30,0x31,0x29,0x32,0x38,0x29,0xCA,0xFF,0x17,
0x29,0x39,0x00,0x34,0x33,0x28,0x29,0x36,0xFC,0x27,0x39,0x36,0x25,0x00,0x38,0x39,
0x28,0x33,0xFC,0x29,0x00,0x02,0x00,0x38,0x25,0x32,0x35,0x39,0x29,0xFC,0x38,0x33,
0x38,0x25,0x30,0x31,0x29,0x32,0x38,0x29,0xE5,0xFF,0x0E,0x25,0x32,0x33,0x00,0x26,
0x25,0x2D,0x3C,0x33,0xE5,0xFC,0x0C,0x25,0x30,0x25,0x37,0x00,0x28,0x25,0x33,0xFC,
0x03,0x00,0x29,0x32,0x29,0x36,0x2B,0x2D,0x25,0xE5,0xFF,0x0E,0x25,0x32,0x33,0x00,
0x26,0x25,0x2D,0x3C,0x33,0xE5,0xFC,0x0C,0x25,0x30,0x25,0x37,0x00,0x28,0x25,0x33,
0xFC,0x03,0x00,0x29,0x32,0x29,0x36,0x2B,0x2D,0x25,0xE5,0xFF,0x1D,0x33,0x30,0x38,
0x33,0xFC,0x0F,0x32,0x29,0x36,0x2B,0x2D,0x25,0x00,0xD1,0x1D,0xD2,0xFC,0x31,0x25,
0x2D,0x37,0x00,0x36,0x25,0x34,0x2D,0x28,0x33,0xCA,0xFF,0x0F,0x37,0x34,0x25,0x36,
0x3E,0x33,0xFC,0x0F,0x32,0x29,0x36,0x2B,0x2D,0x25,0x00,0xD1,0x1D,0xD2,0xFC,0x36,
0x25,0x34,0x2D,0x28,0x33,0xCA,0xFF,0x0E,0x2D,0x37,0x34,0x25,0x36,0x33,0x00,0x25,
0xFC,0x38,0x29,0x39,0x37,0x00,0x2D,0x32,0x2D,0x31,0x2D,0x2B,0x33,0x37,0xFC,0x34,
0x25,0x36,0x25,0x00,0x25,0x2E,0x39,0x28,0x25,0x36,0xCA,0xFF,0x17,0x2D,0x32,0x2C,
0x25,0x37,0x00,0x26,0x25,0x30,0x25,0x37,0xFC,0x29,0x30,0x2D,0x31,0x2D,0x32,0x25,
0x31,0xFC,0x2D,0x32,0x2D,0x31,0x2D,0x2B,0x33,0x37,0xCA,0xFF,0x0C,0x30,0x33,0x35,
0x39,0x29,0x2D,0x25,0x00,0x29,0xFC,0x33,0x26,0x38,0x29,0x31,0xFC,0x0F,0x0D,0x00,
0xD1,0x16,0xD2,0xFC,0x25,0x00,0x3A,0x29,0x3E,0x29,0x37,0xE5,0xFF,0x18,0x33,0x32,
0x29,0xFF,0x1E,0x39,0x25,0x00,0x25,0x36,0x31,0x25,0x00,0x34,0x36,0x2D,0x32,0x27,
0x2D,0x34,0x25,0x30,0xE5,0xFF,0x1E,0x39,0x25,0x00,0x25,0x36,0x31,0x25,0x00,0x37,
0x29,0x27,0x39,0x32,0x28,0x25,0x36,0x2D,0x25,0xE5,0xFF,0x1E,0x25,0x32,0x35,0x39,
0x29,0x00,0x28,0x29,0x00,0x29,0x32,0x29,0x36,0x2B,0x2D,0x25,0x00,0x29,0x3C,0x38,
0x36,0x25,0xE5,0xFF,0x1E,0x29,0x39,0x00,0x0D,0x2C,0x2D,0x34,0x00,0x28,0x29,0x00,
0x0D,0x25,0x26,0x29,0x27,0x25,0xE5,0xFF,0x1E,0x29,0x39,0x00,0x0D,0x2C,0x2D,0x34,
0x00,0x28,0x29,0x00,0x0D,0x33,0x36,0x34,0x33,0xE5,0xFF,0x1E,0x29,0x39,0x00,0x0D,
0x2C,0x2D,0x34,0x00,0x28,0x29,0x00,0x1A,0x29,0x37,0xE5,0xFF,0x0B,0x26,0x33,0x36,
0x38,0x25,0x36,0x00,0x31,0x2D,0x37,0x37,0x25,0x33,0x00,0x27,0x33,0x31,0x34,0x30,
0x29,0x38,0x25,0x28,0x25,0xE5,0xFF,0x0B,0x00,0x0C,0x1F,0x1E,0x1E,0x19,0x18,0xD9,
0x0F,0x37,0x27,0x00,0x0C,0x00,0x0C,0x1F,0x1E,0x1E,0x19,0x18,0xD9,0x0D,0x25,0x32,
0x27,0x29,0x30,0xFF,0x18,0x25,0x33,0x00,0x34,0x33,0x28,0x29,0x37,0x00,0x29,0x37,
0x27,0x25,0x34,0x25,0x36,0x00,0x25,0x2B,0x33,0x36,0x25,0xCA,0xFF,0x0C,0x1F,0x1D,
0x1E,0x0F,0x1C,0x00,0x1D,0x12,0x19,0x1E,0xFF,0x24,0x00,0x1D,0x0B,0x0C,0x0F,0x1C,
0xFF,0x1C,0x0F,0x0D,0x19,0x13,0x16,0x00,0x1C,0x19,0x0E,0xFF,0x1D,0xE5,0x0C,0x19,
0x19,0x17,0x0F,0x1C,0x0B,0x18,0x11,0xFF,0x0F,0x32,0x29,0x36,0x2B,0x2D,0x25,0x00,
0x36,0x29,0x37,0x38,0x25,0x32,0x38,0x29,0xD9,0xFF,0x0D,0x2C,0x2D,0x34,0x00,0x28,
0x29,0x00,0x0D,0x25,0x26,0x29,0x27,0x25,0x00,0x32,0x33,0x36,0x31,0x25,0x30,0xE5,
0xFF,0x0D,0x39,0x36,0x25,0x00,0x25,0x33,0x00,0x29,0x37,0x38,0x25,0x36,0x00,0x35,
0x39,0x2D,0x29,0x38,0x33,0xE5,0xFF,0x0D,0x25,0x36,0x2B,0x25,0x00,0x25,0x36,0x31,
0x25,0x00,0x25,0x39,0x38,0x33,0x31,0x25,0x38,0x2D,0x27,0x25,0x31,0x29,0x32,0x38,
0x29,0xE5,0xFF,0x0B,0x39,0x31,0x29,0x32,0x38,0x25,0x00,0x3A,0x29,0x30,0x33,0x27,
0x2D,0x28,0x25,0x28,0x29,0x00,0x28,0x29,0x00,0x27,0x25,0x36,0x2B,0x25,0xE5,0xFF,
0x0D,0x2C,0x2D,0x34,0x00,0x28,0x29,0x00,0x0D,0x33,0x36,0x34,0x33,0x00,0x32,0x33,
0x36,0x31,0x25,0x30,0xE5,0xFF,0x13,0x2B,0x32,0x33,0x36,0x25,0x00,0x38,0x29,0x36,
0x36,0x29,0x32,0x33,0x00,0x2D,0x32,0x37,0x38,0x25,0x3A,0x29,0x30,0xE5,0xFF,0x1D,
0x29,0x31,0x00,0x36,0x29,0x38,0x36,0x33,0x27,0x29,0x37,0x37,0x33,0x00,0x25,0x33,
0x00,0x28,0x25,0x32,0x33,0xE5,0xFF,0x0B,0x38,0x2D,0x3A,0x25,0x00,0x25,0x38,0x25,
0x35,0x39,0x29,0x00,0x1E,0x36,0x33,0x3A,0x25,0x33,0xE5,0xFF,0x0B,0x38,0x2D,0x3A,
0x25,0x00,0x25,0x38,0x25,0x35,0x39,0x29,0x00,0x10,0x33,0x2B,0x33,0xE5,0xFF,0x0B,
0x38,0x2D,0x3A,0x25,0x00,0x25,0x38,0x25,0x35,0x39,0x29,0x00,0x11,0x29,0x30,0x33,
0xE5,0xFF,0x0D,0x2C,0x2D,0x34,0x00,0x28,0x29,0x00,0x1A,0x29,0x37,0x00,0x32,0x33,
0x36,0x31,0x25,0x30,0xE5,0xFF,0x1A,0x33,0x28,0x29,0x00,0x37,0x25,0x30,0x38,0x25,
0x36,0x00,0x29,0x31,0x00,0x25,0x2B,0x39,0x25,0xE5,0xFF,0x1A,0x33,0x28,0x29,0x00,
0x2A,0x25,0x3E,0x29,0x36,0x00,0x28,0x39,0x34,0x30,0x33,0x00,0x37,0x25,0x30,0x38,
0x33,0xE5,0xFF,0x0B,0x38,0x36,0x25,0x3A,0x29,0x37,0x37,0x25,0x00,0x25,0x30,0x2B,
0x39,0x32,0x37,0x00,0x2D,0x32,0x2D,0x31,0x2D,0x2B,0x33,0x37,0xE5,0xFF,0x0B,0x39,
0x31,0x29,0x32,0x38,0x25,0x00,0x3A,0x29,0x30,0x33,0x27,0x2D,0x28,0x25,0x28,0x29,
0x00,0x25,0x33,0x00,0x27,0x33,0x36,0x36,0x29,0x36,0xE5,0xFF,0x13,0x2B,0x32,0x33,
0x36,0x25,0x00,0x37,0x33,0x30,0x33,0x00,0x36,0x29,0x37,0x3A,0x25,0x30,0x33,0x37,
0x33,0xE5,0xFF,0x0E,0x29,0x37,0x30,0x2D,0x3E,0x25,0x00,0x31,0x25,0x2D,0x37,0x00,
0x30,0x29,0x32,0x38,0x33,0x00,0x29,0x31,0x00,0x31,0x39,0x36,0x33,0xE5,0xFF,0x1E,
0x33,0x28,0x33,0x37,0x00,0x33,0x37,0x00,0x29,0x2A,0x29,0x2D,0x38,0x33,0x37,0x00,
0x25,0x38,0x2D,0x3A,0x25,0x28,0x33,0x37,0xE5,0xFF,0xF2,0x14,0x33,0x26,0x00,0x0D,
0x33,0x31,0x34,0x30,0x29,0x38,0x29,0xF1,0xFF,0x1D,0x25,0x30,0x3A,0x25,0x36,0x00,
0x28,0x25,0x28,0x33,0x37,0x00,0x25,0x38,0x39,0x25,0x2D,0x37,0xDD,0xFC,0x00,0x1D,
0x13,0x17,0xFC,0x00,0x18,0x0B,0x19,0xFF,0x0B,0x00,0x35,0x39,0x29,0x00,0x25,0x36,
0x35,0x39,0x2D,0x3A,0x33,0xDD,0xFF,0x0E,0x25,0x28,0x33,0x37,0x00,0x37,0x25,0x30,
0x3A,0x33,0x37,0xE5,0xFF,0x1D,0x33,0x26,0x36,0x29,0x37,0x27,0x36,0x29,0x3A,0x29,
0x36,0x00,0x28,0x25,0x28,0x33,0x37,0xDD,0xFC,0x00,0x1D,0x13,0x17,0xFC,0x00,0x18,
0x0B,0x19,0xFF,0x0E,0x25,0x28,0x33,0x37,0x00,0x37,0x33,0x26,0x36,0x29,0x37,0x27,
0x36,0x2D,0x38,0x33,0x37,0xE5,0xFF,0x1C,0x29,0x2A,0x30,0x29,0x27,0x38,0x16,0x25,
0x37,0x29,0x36,0xFF,0x20,0xD6,0x1D,0x2C,0x33,0x38,0xFF,0x0C,0x39,0x36,0x37,0x38,
0x1D,0x2C,0x33,0x38,0xFF,0x0C,0x30,0x2D,0x3E,0x3E,0x36,0x28,0x0B,0x36,0x36,0x33,
0x3B,0xFF,0x11,0x25,0x30,0x29,0x0B,0x38,0x38,0x25,0x27,0x2F,0xFF,0x1D,0x25,0x26,
0x29,0x36,0x1D,0x31,0x25,0x37,0x2C,0xFF,0x1D,0x34,0x30,0x2D,0x38,0x12,0x29,0x25,
0x3A,0x29,0x32,0x37,0xFF,0x1E,0x2C,0x36,0x33,0x3B,0x0C,0x30,0x25,0x28,0x29,0xFF,
0x02,0x01,0x01,0x01,0x00,0x1D,0x30,0x25,0x37,0x2C,0xFF,0x1D,0x33,0x39,0x30,0x16,
0x25,0x39,0x32,0x27,0x2C,0x29,0x36,0xFF,0x1D,0x2C,0x2D,0x29,0x30,0x28,0x1D,0x3B,
0x29,0x29,0x34,0xFF,0x19,0x36,0x26,0x2D,0x38,0x1D,0x2C,0x2D,0x29,0x30,0x28,0xFF,
0x18,0x33,0x32,0x29,0x00,0x30,0x29,0x25,0x36,0x32,0x29,0x28,0xFF,0xF2,0x0C,0x1F,
0x1D,0x1E,0x0F,0x1C,0x00,0x1D,0x12,0x19,0x1E,0xF1,0xFC,0x1C,0x29,0x26,0x33,0x38,
0x25,0xFC,0x29,0x31,0x00,0x31,0x39,0x36,0x33,0x37,0xE5,0xFF,0xF2,0x0C,0x1F,0x1D,
0x1E,0x0F,0x1C,0x00,0x1D,0x12,0x19,0x1E,0xF1,0xFC,0x0E,0x2D,0x3A,0x2D,0x28,0x29,
0x00,0x38,0x2D,0x36,0x33,0xFC,0x25,0x33,0x00,0x39,0x37,0x25,0x36,0xFC,0x0D,0x2C,
0x2D,0x34,0x00,0x1E,0x36,0x33,0x3A,0x25,0x33,0xE5,0xFF,0xF2,0x0C,0x1F,0x1D,0x1E,
0x0F,0x1C,0x00,0x1D,0x12,0x19,0x1E,0xF1,0xFC,0x0F,0x3C,0x34,0x30,0x33,0x38,0x25,
0xFC,0x25,0x33,0x00,0x39,0x37,0x25,0x36,0xFC,0x0D,0x2C,0x2D,0x34,0x00,0x10,0x33,
0x2B,0x33,0xE5,0xFF,0xF2,0x0C,0x1F,0x1D,0x1E,0x0F,0x1C,0x00,0x1D,0x12,0x19,0x1E,
0xF1,0xFC,0x0E,0x2D,0x37,0x34,0x25,0x36,0x25,0xFC,0x2B,0x29,0x30,0x33,0x00,0x25,
0x33,0xFC,0x39,0x37,0x25,0x36,0x00,0x0D,0x2C,0x2D,0x34,0xFC,0x11,0x29,0x30,0x33,
0xE5,0xFF,0xF2,0x24,0x00,0x1D,0x0B,0x0C,0x0F,0x1C,0xF1,0xFC,0x0F,0x31,0x34,0x25,
0x30,0x25,0xFC,0x2D,0x32,0x2D,0x31,0x2D,0x2B,0x33,0x37,0xFC,0x25,0x33,0x00,0x2A,
0x25,0x3E,0x29,0x36,0xFC,0x28,0x25,0x37,0x2C,0x00,0x27,0x33,0x31,0xFC,0x1D,0x25,
0x26,0x29,0x36,0xE5,0xFF,0xF2,0x24,0x00,0x1D,0x0B,0x0C,0x0F,0x1C,0xF1,0xFC,0x1A,
0x36,0x29,0x37,0x37,0x2D,0x33,0x32,0x25,0x00,0x0E,0x33,0x3B,0x32,0xFC,0x29,0x00,
0x37,0x30,0x25,0x37,0x2C,0xFC,0x25,0x33,0x00,0x27,0x25,0x2D,0x36,0x00,0x33,0x39,
0xFC,0x28,0x29,0x37,0x30,0x2D,0x3E,0x25,0x36,0xD6,0x38,0x29,0xFC,0x34,0x25,0x36,
0x25,0x00,0x25,0x38,0x25,0x27,0x25,0x36,0xFC,0x25,0x26,0x25,0x2D,0x3C,0x33,0xE5,
0xFF,0xF2,0x24,0x00,0x1D,0x0B,0x0C,0x0F,0x1C,0xF1,0xFC,0x1A,0x36,0x29,0x37,0x37,
0x2D,0x33,0x32,0x25,0x00,0x1F,0x34,0xFC,0x29,0x00,0x39,0x37,0x25,0x00,0x1D,0x25,
0x26,0x29,0x36,0xFC,0x34,0x25,0x36,0x25,0x00,0x27,0x33,0x36,0x38,0x25,0x36,0xFC,
0x25,0x27,0x2D,0x31,0x25,0xE5,0xFF,0xF2,0x24,0x00,0x1D,0x0B,0x0C,0x0F,0x1C,0xF1,
0xFC,0x1A,0x36,0x29,0x37,0x37,0x2D,0x33,0x32,0x25,0x00,0x0E,0x33,0x3B,0x32,0xFC,
0x29,0x00,0x37,0x30,0x25,0x37,0x2C,0x00,0x34,0x25,0x36,0x25,0xFC,0x30,0x25,0x32,
0x27,0x25,0x36,0x00,0x39,0x31,0x25,0xFC,0x27,0x39,0x27,0x2C,0x2D,0x30,0x30,0x25,
0xFC,0x25,0x33,0x00,0x2A,0x36,0x29,0x32,0x38,0x29,0xE5,0xFF,0xF2,0x1C,0x0F,0x0D,
0x19,0x13,0x16,0x00,0x1C,0x19,0x0E,0xF1,0xFC,0x1F,0x37,0x25,0x00,0x1C,0x33,0x28,
0xFC,0x36,0x25,0x34,0x2D,0x28,0x33,0x00,0x34,0x25,0x36,0x25,0xFC,0x25,0x38,0x25,
0x35,0x39,0x29,0x37,0xFC,0x31,0x39,0x30,0x38,0x2D,0x34,0x30,0x29,0x37,0xE5,0xFF,
0xF2,0x1C,0x0F,0x0D,0x19,0x13,0x16,0x00,0x1C,0x19,0x0E,0xF1,0xFC,0x1A,0x36,0x29,
0x37,0x37,0x2D,0x33,0x32,0x25,0x00,0x1F,0x34,0xFC,0x29,0x00,0x27,0x25,0x36,0x2B,
0x25,0xFC,0x1C,0x33,0x28,0x00,0x34,0x25,0x36,0x25,0xFC,0x28,0x2D,0x37,0x34,0x25,
0x36,0x25,0x36,0xFC,0x25,0x27,0x2D,0x31,0x25,0xE5,0xFF,0xF2,0x1D,0xE5,0x0C,0x19,
0x19,0x17,0x0F,0x1C,0x0B,0x18,0x11,0xF1,0xFC,0x1D,0xE5,0x0C,0x33,0x33,0x31,0x29,
0x36,0x25,0x32,0x2B,0xFC,0x3A,0x25,0x2D,0x00,0x34,0x29,0x30,0x33,0xFC,0x37,0x33,
0x30,0x33,0xE5,0xFF,0xF2,0x1D,0xE5,0x0C,0x19,0x19,0x17,0x0F,0x1C,0x0B,0x18,0x11,
0xF1,0xFC,0x1A,0x36,0x29,0x37,0x37,0x2D,0x33,0x32,0x25,0x00,0x0E,0x33,0x3B,0x32,
0xFC,0x29,0x00,0x39,0x37,0x25,0x00,0x1D,0xE5,0xFC,0x0C,0x33,0x33,0x31,0x29,0x36,
0x25,0x32,0x2B,0xFC,0x34,0x25,0x36,0x25,0x00,0x2A,0x33,0x36,0x31,0x25,0x36,0x00,
0xFC,0x39,0x31,0x00,0x29,0x37,0x27,0x39,0x28,0x33,0xE5,0xFF,0x18,0x33,0x32,0x29,
0x00,0x30,0x29,0x25,0x36,0x32,0x29,0x28,0xFC,0xFF,0x1A,0x39,0x30,0x37,0x25,0x00,
0x0B,0x00,0x0C,0x1F,0x1E,0x1E,0x19,0x18,0xD9,0x00,0x25,0x32,0x25,0x30,0x2D,0x37,
0x25,0x36,0xE5,0xFF,0x1A,0x39,0x30,0x37,0x25,0x00,0x0C,0x00,0x0C,0x1F,0x1E,0x1E,
0x19,0x18,0xD9,0x00,0x37,0x25,0x2D,0x36,0xE5,0xFF,0x18,0x25,0x33,0xE5,0xFF,0x0F,
0x37,0x38,0x29,0x00,0x28,0x2D,0x37,0x27,0x33,0xFC,0x32,0x25,0x33,0x00,0x2C,0x25,
0x00,0x37,0x2D,0x28,0x33,0xFC,0x30,0x2D,0x28,0x33,0xE5,0xFF,0xF7,0x00,0x18,0x0F,
0x21,0x00,0x11,0x0B,0x17,0x0F,0xFF,0xF7,0x01,0x18,0x0F,0x21,0x00,0x11,0x0B,0x17,
0x0F,0xFF,0xF7,0x00,0x16,0x19,0x0B,0x0E,0x00,0x11,0x0B,0x17,0x0F,0xFF,0xF7,0x01,
0x16,0x19,0x0B,0x0E,0x00,0x11,0x0B,0x17,0x0F,0xFF,0xF7,0x00,0x17,0x13,0x18,0x13,
0x00,0x11,0x0B,0x17,0x0F,0x1D,0xFF,0xF7,0x01,0x17,0x13,0x18,0x13,0x00,0x11,0x0B,
0x17,0x0F,0x1D,0xFF,0xF7,0x05,0x1A,0x16,0x0F,0x0B,0x1D,0x0F,0x00,0x21,0x0B,0x13,
0x1E,0xE5,0xE5,0xE5,0xFF,0xF7,0x00,0x0C,0x00,0x0C,0x1F,0x1E,0x1E,0x19,0x18,0xD9,
0x00,0x0D,0x0B,0x18,0x0D,0x0F,0x16,0xFF,0xF7,0x05,0x00,0x00,0x00,0x00,0x0F,0x3C,
0x29,0x00,0x05,0x00,0x2D,0x37,0xFC,0xF7,0x05,0x37,0x29,0x30,0x29,0x27,0x38,0x2D,
0x32,0x2B,0x00,0x27,0x2C,0x2D,0x34,0xE5,0xFF,0xF7,0x04,0x16,0x13,0x18,0x15,0xFC,
0x1E,0x0F,0x1C,0x17,0x13,0x18,0x0B,0x1E,0x0F,0x0E,0xE5,0xFF,0xF7,0x00,0x00,0x00,
0x00,0x0D,0x19,0x18,0x1E,0x13,0x18,0x1F,0x0B,0x1C,0xFF,0xF7,0x01,0x00,0x00,0x00,
0x0D,0x19,0x18,0x1E,0x13,0x18,0x1F,0x0B,0x1C,0xFF,0x00,0xF7,0x00,0x0D,0x0B,0x1C,
0x1C,0x0F,0x11,0x0B,0x1C,0xF1,0x00,0xF7,0x00,0x1A,0x0B,0x1C,0x1E,0x13,0x0E,0x0B,
0xFF,0x00,0xF7,0x01,0x0D,0x0B,0x1C,0x1C,0x0F,0x11,0x0B,0x1C,0xF1,0x00,0xF7,0x01,
0x1A,0x0B,0x1C,0x1E,0x13,0x0E,0x0B,0xFF,0x00,0xF7,0x00,0x1D,0x0B,0x13,0x1C,0xF1,
0x00,0xF7,0x00,0x0E,0x0F,0x16,0xF1,0x00,0xF7,0x00,0x14,0x19,0x11,0x19,0xFF,0x00,
0xF7,0x01,0x1D,0x0B,0x13,0x1C,0xF1,0x00,0xF7,0x01,0x0E,0x0F,0x16,0xF1,0x00,0xF7,
0x01,0x14,0x19,0x11,0x19,0xFF,0x00,0xF7,0x00,0x00,0x24,0x0F,0x1C,0x19,0xFF,0x00,
0xF7,0x01,0x00,0x24,0x0F,0x1C,0x19,0xFF,0x00,0xF7,0x00,0x00,0x0D,0x13,0x0F,0x16,
0xFF,0x00,0xF7,0x01,0x00,0x0D,0x13,0x0F,0x16,0xFF,0x00,0xF7,0x00,0x00,0x0D,0x19,
0x1A,0x23,0x00,0x22,0xFF,0x00,0xF7,0x01,0x00,0x0D,0x19,0x1A,0x23,0x00,0x22,0xFF,
0xF7,0x00,0x00,0x12,0x0B,0x1C,0x1A,0x1F,0x13,0x0B,0xFF,0xF7,0x01,0x00,0x12,0x0B,
0x1C,0x1A,0x1F,0x13,0x0B,0xFF,0x00,0xF7,0x00,0x00,0x10,0x0F,0x10,0x18,0x13,0x1C,
0xFF,0x00,0xF7,0x01,0x00,0x10,0x0F,0x10,0x18,0x13,0x1C,0xFF,0xF7,0x00,0x16,0x0F,
0x20,0x13,0x0B,0x1E,0x12,0x0B,0x18,0xFF,0xF7,0x01,0x16,0x0F,0x20,0x13,0x0B,0x1E,
0x12,0x0B,0x18,0xFF,0xF7,0x00,0x00,0x1A,0x12,0x0B,0x18,0x1E,0x19,0x17,0xFF,0xF7,
0x01,0x00,0x1A,0x12,0x0B,0x18,0x1E,0x19,0x17,0xFF,0x00,0x00,0x00,0x00,0x1D,0x1E,
0x0B,0x10,0x10,0xFC,0xFC,0xFC,0xFC,0xFC,0x00,0x00,0x00,0x00,0x0E,0x13,0x1C,0x0F,
0x0D,0x1E,0x19,0x1C,0xFC,0x00,0x00,0x00,0x00,0x00,0x00,0x1C,0x23,0x19,0x1E,0x0B,
0x00,0x13,0x1E,0x19,0xFC,0x00,0x00,0x00,0x00,0x00,0x00,0x23,0x19,0x1D,0x12,0x13,
0x18,0x19,0x1C,0x13,0x00,0x15,0x0B,0x21,0x0B,0x18,0x19,0xFC,0xFC,0xFC,0x00,0x00,
0x00,0x00,0x11,0x0B,0x17,0x0F,0x00,0x0E,0x0F,0x1D,0x13,0x11,0x18,0x0F,0x1C,0xFC,
0x00,0x00,0x00,0x00,0x00,0x00,0x23,0x19,0x1D,0x12,0x13,0x12,0x13,0x1D,0x0B,0x00,
0x1E,0x1D,0x1F,0x0E,0x0B,0xFC,0xFC,0xFC,0x00,0x00,0x00,0x00,0x0D,0x12,0x0B,0x1C,
0x0B,0x0D,0x1E,0x0F,0x1C,0x00,0x0E,0x0F,0x1D,0x13,0x11,0x18,0x0F,0x1C,0xFC,0x00,
0x00,0x00,0x00,0x00,0x00,0x1E,0x19,0x1C,0x1F,0x00,0x18,0x0B,0x15,0x0B,0x23,0x0B,
0x17,0x0B,0xFC,0xFC,0xFC,0x00,0x00,0x00,0x00,0x0D,0x12,0x0B,0x1C,0x0B,0x0D,0x1E,
0x0F,0x1C,0x00,0x1D,0x1E,0x0B,0x10,0x10,0xFC,0x00,0x00,0x00,0x00,0x00,0x00,0x17,
0x0B,0x1D,0x0B,0x23,0x0B,0x00,0x1D,0x1F,0x24,0x1F,0x15,0x13,0xFC,0xFC,0x00,0x00,
0x00,0x00,0x00,0x00,0x0B,0x15,0x13,0x12,0x13,0x1C,0x19,0x00,0x18,0x19,0x1E,0x1D,
0x1F,0xFC,0x00,0x00,0x00,0x00,0x00,0x00,0x23,0x1F,0x15,0x13,0x17,0x0B,0x1D,0x0B,
0x00,0x1E,0x0B,0x17,0x1F,0x1C,0x0B,0xFC,0x00,0x00,0x00,0x00,0x00,0x00,0x1C,0x13,
0x0F,0x00,0x19,0x19,0x18,0x13,0x1D,0x12,0x13,0xFC,0xFC,0x00,0x00,0x00,0x00,0x00,
0x00,0x1D,0x1E,0x1F,0x0E,0x13,0x19,0x00,0x0B,0xD6,0x0D,0x0B,0x1E,0xFC,0x00,0x00,
0x00,0x00,0x00,0x00,0x00,0x00,0x15,0x0F,0x18,0x13,0x0D,0x12,0x13,0x1C,0x19,0x00,
0x1D,0x0B,0x15,0x1F,0x18,0x19,0xFC,0x00,0x00,0x00,0x00,0x00,0x00,0x00,0x00,0x17,
0x0B,0x1D,0x0B,0x15,0x19,0x00,0x1E,0x0B,0x18,0x0B,0x15,0x0B,0xFC,0x00,0x00,0x00,
0x00,0x00,0x00,0x00,0x00,0x1E,0x0B,0x15,0x0B,0x12,0x13,0x15,0x19,0x00,0x15,0x13,
0x17,0x1F,0x1C,0x0B,0xFC,0x00,0x00,0x00,0x00,0x00,0x00,0x00,0x00,0x1E,0x19,0x1D,
0x12,0x13,0x12,0x13,0x1C,0x19,0x00,0x12,0x19,0x18,0x0E,0x0B,0xFC,0x00,0x00,0x00,
0x00,0x00,0x00,0x00,0x00,0x15,0x0B,0x24,0x1F,0x18,0x19,0x1C,0x13,0x00,0x23,0x0B,
0x12,0x0B,0x1E,0x0B,0xFC,0xFC,0xFC,0x00,0x00,0x00,0x00,0x0C,0x0B,0x0D,0x15,0x11,
0x1C,0x19,0x1F,0x18,0x0E,0x00,0x0E,0x0F,0x1D,0x13,0x11,0x18,0x0F,0x1C,0x1D,0xFC,
0x00,0x00,0x00,0x00,0x00,0x00,0x17,0x0B,0x15,0x19,0x1E,0x19,0x00,0x23,0x0B,0x0C,
0x0F,0xFC,0xFC,0x00,0x00,0x00,0x00,0x00,0x00,0x1D,0x0B,0x1E,0x19,0x1C,0x1F,0x00,
0x18,0x0B,0x1C,0x13,0x1E,0x0B,0xFC,0x00,0x00,0x00,0x00,0x00,0x00,0x12,0x13,0x0E,
0x0F,0x1E,0x0B,0x15,0x0B,0x00,0x15,0x0B,0x1E,0x1D,0x1F,0x15,0x13,0xFC,0x00,0x00,
0x00,0x00,0x00,0x00,0x12,0x13,0x1C,0x19,0x23,0x1F,0x15,0x13,0x00,0x1E,0x0B,0x17,
0x1F,0x1C,0x0B,0xFC,0xFC,0xFC,0x00,0x00,0x00,0x00,0x1A,0x1C,0x19,0x11,0x1C,0x0B,
0x17,0x17,0x0F,0x1C,0x1D,0xFC,0x00,0x00,0x00,0x00,0x00,0x00,0x15,0x0B,0x24,0x1F,
0x1E,0x0B,0x15,0x0B,0x00,0x23,0x0B,0x18,0x0B,0x11,0x13,0x1D,0x0B,0x21,0x0B,0xFC,
0xFC,0x00,0x00,0x00,0x00,0x00,0x00,0x0B,0x15,0x13,0x12,0x13,0x1C,0x19,0x00,0x1D,
0x12,0x13,0x1D,0x12,0x13,0x0E,0x19,0xFC,0x00,0x00,0x00,0x00,0x00,0x00,0x11,0x0F,
0x18,0x00,0x15,0x0B,0x17,0x0B,0x0E,0x0B,0xFC,0xFC,0xFC,0x00,0x00,0x00,0x00,0x1D,
0x19,0x1F,0x18,0x0E,0x00,0x1A,0x1C,0x19,0x0E,0x1F,0x0D,0x1E,0x13,0x19,0x18,0xFC,
0x00,0x00,0x00,0x00,0x1D,0x19,0x1F,0x18,0x0E,0x00,0x0E,0x0F,0x1D,0x13,0x11,0x18,
0x0F,0x1C,0x00,0xD8,0x00,0x17,0x1F,0x1D,0x13,0x0D,0xFC,0x00,0x00,0x00,0x00,0x00,
0x00,0x13,0x1A,0x1A,0x19,0x00,0x23,0x0B,0x17,0x0B,0x0E,0x0B,0xFC,0xFC,0xFC,0x00,
0x00,0x00,0x00,0x17,0x1F,0x1D,0x13,0x0D,0xFC,0x00,0x00,0x00,0x00,0x00,0x00,0x17,
0x0B,0x1D,0x0B,0x15,0x13,0x00,0x1D,0x1F,0x24,0x1F,0x15,0x13,0xFC,0x00,0x00,0x00,
0x00,0x00,0x00,0x1E,0x1D,0x1F,0x1E,0x19,0x17,0x1F,0x00,0x15,0x1F,0x1C,0x13,0x12,
0x0B,0x1C,0x0B,0xFC,0x00,0x00,0x00,0x00,0x00,0x00,0x16,0x1F,0x18,0x0B,0x00,0x1F,
0x17,0x0F,0x11,0x0B,0x15,0x13,0xFC,0xFC,0xFC,0x00,0x00,0x00,0x00,0x20,0x19,0x13,
0x0D,0x0F,0x00,0x0D,0x0B,0x1D,0x1E,0xFC,0x00,0x00,0x00,0x00,0x00,0x00,0x23,0x1F,
0x1E,0x19,0x00,0x15,0x0B,0x24,0x0B,0x17,0x0B,0xFC,0x00,0x00,0x00,0x00,0x00,0x00,
0x1C,0x13,0x0F,0x00,0x1E,0x0B,0x18,0x0B,0x15,0x0B,0xFC,0xFC,0x00,0x00,0x00,0x00,
0x00,0x00,0x12,0x13,0x1C,0x19,0x0B,0x15,0x13,0x00,0x17,0x13,0x1F,0x1C,0x0B,0xFC,
0x00,0x00,0x00,0x00,0x00,0x00,0x23,0x1F,0x15,0x13,0x15,0x19,0x00,0x12,0x13,0x1C,
0x19,0x1E,0x1D,0x1F,0xFC,0x00,0x00,0x00,0x00,0x00,0x00,0x12,0x13,0x0E,0x0F,0x15,
0x13,0x00,0x19,0x11,0x13,0x12,0x0B,0x1C,0x0B,0xFC,0x00,0x00,0x00,0x00,0x00,0x00,
0x15,0x0F,0x13,0x14,0x13,0x00,0x12,0x13,0x1C,0x0B,0x13,0xFC,0x00,0x00,0x00,0x00,
0x00,0x00,0x18,0x0B,0x19,0x15,0x13,0x00,0x23,0x0B,0x18,0x0B,0x11,0x13,0xFC,0x00,
0x00,0x00,0x00,0x00,0x00,0x12,0x13,0x1C,0x19,0xD0,0x19,0x17,0x13,0x00,0x1D,0x1F,
0x11,0x13,0x18,0x19,0xFC,0x00,0x00,0x00,0x00,0x00,0x00,0x17,0x1F,0x18,0x0F,0x12,
0x13,0x1C,0x19,0x00,0x1E,0x19,0x15,0x13,0x1E,0x0B,0xFC,0x00,0x00,0x00,0x00,0x00,
0x00,0x12,0x13,0x1D,0x0B,0x19,0x00,0x0F,0x11,0x0B,0x21,0x0B,0xFC,0xFC,0x00,0x00,
0x00,0x00,0x00,0x00,0x17,0x0F,0x11,0x1F,0x17,0x13,0x00,0x19,0x11,0x0B,0x1E,0x0B,
0xFC,0x00,0x00,0x00,0x00,0x00,0x00,0x15,0x0B,0x24,0x1F,0x23,0x0B,0x00,0x18,0x0B,
0x15,0x0B,0x13,0xFC,0x00,0x00,0x00,0x00,0x00,0x00,0x1E,0x0F,0x1E,0x1D,0x1F,0x00,
0x13,0x18,0x0B,0x0E,0x0B,0xFC,0x00,0x00,0x00,0x00,0x00,0x00,0x23,0x1F,0x15,0x0B,
0x00,0x13,0x17,0x0B,0x13,0xFC,0xFC,0x00,0x00,0x00,0x00,0x00,0x00,0x14,0x1F,0x18,
0xD0,0x13,0x0D,0x12,0x13,0x00,0x1D,0x1F,0x21,0x0B,0x0C,0x0F,0xFC,0xFC,0xFC,0x00,
0x00,0x00,0x00,0x1A,0x0B,0x0D,0x15,0x0B,0x11,0x0F,0x00,0x0E,0x0F,0x1D,0x13,0x11,
0x18,0x0F,0x1C,0xFC,0x00,0x00,0x00,0x00,0x00,0x00,0x17,0x13,0x24,0x1F,0x12,0x19,
0x00,0x1E,0x19,0x23,0x19,0x18,0x0B,0x11,0x0B,0xFC,0xFC,0xFC,0x00,0x00,0x00,0x00,
0x11,0x0B,0x17,0x0F,0x00,0x1E,0x0F,0x1D,0x1E,0x0F,0x1C,0x1D,0xFC,0x00,0x00,0x00,
0x00,0x00,0x00,0x0B,0x15,0x13,0x18,0x19,0x1C,0x13,0x00,0x17,0x1F,0x1C,0x0B,0x1E,
0x0B,0xFC,0x00,0x00,0x00,0x00,0x00,0x00,0x17,0x0B,0x1D,0x0B,0x12,0x13,0x1C,0x19,
0x00,0x13,0x15,0x0F,0x11,0x0B,0x21,0x0B,0xFC,0x00,0x00,0x00,0x00,0x00,0x00,0x1E,
0x0B,0x15,0x0B,0x12,0x13,0x1C,0x19,0x00,0x1E,0x19,0x15,0x1F,0x0E,0x0B,0xFC,0x00,
0x00,0x00,0x00,0x00,0x00,0x1D,0x0F,0x13,0x1D,0x12,0x0B,0x15,0x1F,0x00,0x1E,0x0B,
0x15,0x0B,0x23,0x0B,0x17,0x0B,0xFC,0xFC,0xFC,0x00,0x00,0x00,0x00,0x0E,0x0F,0x0C,
0x1F,0x11,0x11,0x13,0x18,0x11,0x00,0x1E,0x0F,0x0B,0x17,0xFC,0x00,0x00,0x00,0x00,
0x00,0x00,0x15,0x1F,0x18,0x13,0x1D,0x12,0x13,0x11,0x0F,0x00,0x17,0x0B,0x1E,0x1D,
0x1F,0x0C,0x0B,0x1C,0x0B,0xFC,0x00,0x00,0x00,0x00,0x00,0x00,0x1E,0x0F,0x1E,0x1D,
0x1F,0x18,0x19,0x1C,0x13,0x00,0x17,0x0B,0x1E,0x1D,0x1F,0x19,0x15,0x0B,0xFC,0x00,
0x00,0x00,0x00,0x00,0x00,0x17,0x0B,0x15,0x19,0x00,0x10,0x1F,0x14,0x13,0x17,0x19,
0x1E,0x19,0xFC,0x00,0x00,0x00,0x00,0x00,0x00,0x12,0x13,0x0E,0x0F,0x15,0x13,0x00,
0x1E,0x0B,0x18,0x0B,0x15,0x0B,0xFC,0x00,0x00,0x00,0x00,0x00,0x00,0x15,0x0F,0x18,
0x14,0x13,0x00,0x17,0x13,0x23,0x0B,0x18,0x13,0x1D,0x12,0x13,0xFC,0x00,0x00,0x00,
0x00,0x00,0x00,0x18,0x19,0x1C,0x13,0x15,0x19,0x00,0x15,0x0B,0x17,0x13,0x15,0x0B,
0x21,0x0B,0xFC,0x00,0x00,0x00,0x00,0x00,0x00,0x1E,0x0B,0x15,0x0B,0x23,0x0B,0x00,
0x15,0x19,0x18,0x0E,0x19,0xFC,0x00,0x00,0x00,0x00,0x00,0x00,0x17,0x0B,0x1D,0x0B,
0x23,0x0B,0x1D,0x1F,0x00,0x17,0x1F,0x15,0x0B,0x13,0xFC,0xFC,0xFC,0x00,0x00,0x00,
0x00,0x1D,0x1A,0x0F,0x0D,0x13,0x0B,0x16,0x00,0x1E,0x12,0x0B,0x18,0x15,0x1D,0xFC,
0x00,0x00,0x00,0x00,0x00,0x00,0x15,0x1F,0x18,0x13,0x12,0x13,0x1E,0x19,0x00,0x1E,
0x0B,0x15,0x0B,0x1D,0x12,0x13,0x17,0x0B,0xFC,0x00,0x00,0x00,0x00,0x00,0x00,0x1D,
0x12,0x13,0x18,0x23,0x0B,0x00,0x13,0x15,0x1F,0x1E,0x0B,0xFC,0x00,0x00,0x00,0x00,
0x00,0x00,0x1D,0x0B,0x1E,0x19,0x1D,0x12,0x13,0x00,0x1F,0x15,0x0B,0x13,0xFC,0x00,
0x00,0x00,0x00,0x00,0x00,0x1D,0x12,0x13,0x11,0x0F,0x23,0x19,0x1D,0x12,0x13,0x00,
0x15,0x19,0x0C,0x0B,0x23,0x0B,0x1D,0x12,0x13,0xFC,0x00,0x00,0x00,0x00,0x00,0x00,
0x17,0x13,0x1E,0x1D,0x1F,0x18,0x19,0x1C,0x13,0x00,0x1D,0x0B,0x15,0x0B,0x18,0x19,
0xFC,0x00,0x00,0x00,0x00,0x00,0x00,0x0E,0x0B,0x13,0x1D,0x1F,0x15,0x0F,0x00,0x1D,
0x0B,0x1D,0x0B,0x15,0x13,0xFC,0x00,0x00,0x00,0x00,0x00,0x00,0x1E,0x0B,0x15,0x0B,
0x23,0x1F,0x15,0x13,0x00,0x1D,0x0B,0x18,0x19,0xFC,0x00,0x00,0x00,0x00,0x00,0x00,
0x1E,0x0F,0x1E,0x1D,0x1F,0x23,0x0B,0x00,0x1E,0x0B,0x15,0x0B,0x11,0x13,0xFC,0x00,
0x00,0x00,0x00,0x00,0x00,0x17,0x0B,0x15,0x19,0x1E,0x19,0x00,0x1E,0x19,0x17,0x19,
0x24,0x0B,0x21,0x0B,0xFC,0x00,0x00,0x00,0x00,0x00,0x00,0x12,0x13,0x1C,0x19,0x15,
0x19,0x00,0x18,0x0B,0x15,0x0B,0x17,0x1F,0x1C,0x0B,0xFC,0x00,0x00,0x00,0x00,0x00,
0x00,0x0B,0x1D,0x1F,0x15,0x0B,0x00,0x12,0x0B,0x23,0x0B,0x1D,0x12,0x13,0xFC,0x00,
0x00,0x00,0x00,0x00,0x00,0x1E,0x0B,0x15,0x0F,0x1D,0x12,0x13,0x00,0x12,0x19,0x1C,
0x13,0x18,0x19,0x1F,0x0D,0x12,0x13,0xFC,0x00,0x00,0x00,0x00,0x00,0x00,0x18,0x0B,
0x19,0x1E,0x19,0x00,0x17,0x13,0x18,0x0B,0x17,0x13,0x0E,0x0F,0xFC,0xFC,0x00,0x00,
0x00,0x00,0x00,0x00,0x0B,0x19,0x18,0x13,0x00,0x1A,0x1C,0x19,0x0E,0x1F,0x0D,0x1E,
0x13,0x19,0x18,0xFC,0x00,0x00,0x00,0x00,0x00,0x00,0x00,0x00,0x15,0x0B,0x24,0x1F,
0x1D,0x12,0x13,0x00,0x15,0x13,0x1D,0x0F,0x18,0xFC,0x00,0x00,0x00,0x00,0x00,0x00,
0x12,0x19,0x16,0x23,0x00,0x1A,0x0F,0x0B,0x15,0xFC,0x00,0x00,0x00,0x00,0x00,0x00,
0x0B,0x15,0x1D,0x0F,0x18,0x1E,0xFC,0x00,0x00,0x00,0x00,0x00,0x00,0x0E,0x1C,0x0B,
0x17,0x0B,0x1E,0x13,0x0D,0x00,0x0E,0x0F,0x1A,0x0B,0x1C,0x1E,0x17,0x0F,0x18,0x1E,
0xFC,0x00,0x00,0x00,0x00,0x00,0x00,0x1E,0xD0,0x1D,0x00,0x10,0x0B,0x0D,0x1E,0x19,
0x1C,0x23,0xFC,0x00,0x00,0x00,0x00,0x00,0x00,0x0D,0x1C,0x23,0x1D,0x1E,0x0B,0xFC,
0x00,0x00,0x00,0x00,0x00,0x00,0x14,0xCF,0x16,0x00,0x1D,0x1E,0x1F,0x0E,0x13,0x19,
0xFC,0x00,0x00,0x00,0x00,0x00,0x00,0x1C,0x13,0x20,0x0F,0x1C,0x1D,0x13,0x0E,0x0F,
0x00,0x17,0x1F,0x1D,0x13,0x0D,0xFC,0x00,0x00,0x00,0x00,0x00,0x00,0x00,0x00,0x1E,
0x0B,0x15,0x0F,0x12,0x13,0x1C,0x19,0x00,0x15,0x0B,0x21,0x0B,0x0C,0x0F,0xFC,0x00,
0x00,0x00,0x00,0x00,0x00,0x00,0x00,0x0B,0x15,0x13,0x00,0x1E,0x0B,0x1E,0x1D,0x1F,
0x18,0x19,0xFC,0xFC,0x00,0x00,0x00,0x00,0x00,0x00,0x0F,0x18,0x1E,0x13,0x1C,0x0F,
0x00,0x13,0x18,0x1E,0x13,0x00,0x1D,0x1E,0x0B,0x10,0x10,0xFC,0x00,0x00,0x00,0x00,
0x00,0x00,0x0F,0x18,0x1E,0x13,0x1C,0x0F,0x00,0x0D,0x0B,0x1A,0x0D,0x19,0x17,0x00,
0x1D,0x1E,0x0B,0x10,0x10,0xFC,0xFC,0xFC,0x00,0x00,0x00,0x00,0x1A,0x1C,0x19,0x0E,
0x1F,0x0D,0x0F,0x1C,0x1D,0xFC,0x00,0x00,0x00,0x00,0x00,0x00,0x1E,0x0B,0x15,0x1F,
0x23,0x0B,0x00,0x0B,0x13,0x24,0x1F,0xFC,0x00,0x00,0x00,0x00,0x00,0x00,0x15,0x0F,
0x13,0x14,0x13,0x00,0x13,0x18,0x0B,0x10,0x1F,0x18,0x0F,0xFC,0xFC,0xFC,0xFC,0x00,
0x00,0x00,0x00,0x1A,0x1C,0x19,0x0E,0x1F,0x0D,0x0F,0x0E,0x00,0x0B,0x18,0x0E,0x00,
0x0D,0x19,0x1A,0x23,0x1C,0x13,0x11,0x12,0x1E,0x00,0x0C,0x23,0xFC,0x00,0x00,0x00,
0x00,0x00,0x00,0x0D,0x0B,0x1A,0x0D,0x19,0x17,0xFC,0xFC,0xFC,0xFC,0xFC,0xFC,0xFC,
0x00,0x00,0x00,0x00,0x1E,0x2C,0x25,0x32,0x2F,0x00,0x3D,0x33,0x39,0x00,0x2A,0x33,
0x36,0x00,0x34,0x30,0x25,0x3D,0x2D,0x32,0x2B,0xCA,0xFF,0x0B,0x1F,0x1E,0x19,0xD6,
0x0D,0x12,0x0B,0x1C,0x11,0x0F,0xFC,0xF2,0xD1,0x12,0x29,0x25,0x28,0x00,0x0D,0x2C,
0x2D,0x34,0xD2,0xF1,0xFC,0xFC,0x0D,0x25,0x36,0x2B,0x25,0x00,0x25,0x39,0x38,0x33,
0xE5,0xFC,0x34,0x25,0x36,0x25,0x00,0x38,0x39,0x25,0x37,0xFC,0x25,0x36,0x31,0x25,
0x37,0xE5,0xFF,0x0B,0x1F,0x1E,0x19,0xD6,0x1C,0x0F,0x0D,0x19,0x20,0x0F,0x1C,0xFC,
0xF2,0xD1,0x12,0x29,0x25,0x28,0x00,0x0D,0x2C,0x2D,0x34,0xD2,0xF1,0xFC,0xFC,0x0D,
0x39,0x36,0x25,0x00,0x25,0x39,0x38,0x33,0xE5,0xFC,0x28,0x29,0x00,0x29,0x32,0x29,
0x36,0x2B,0x2D,0x25,0xFC,0x3A,0x2D,0x38,0x25,0x30,0xE5,0xFF,0x1B,0x1F,0x13,0x0D,
0x15,0xD6,0x0D,0x12,0x0B,0x1C,0x11,0x0F,0xFC,0xF2,0xD1,0x12,0x29,0x25,0x28,0x00,
0x0D,0x2C,0x2D,0x34,0xD2,0xF1,0xFC,0xFC,0x0D,0x25,0x36,0x2B,0x25,0x00,0x31,0x25,
0x2D,0x37,0xFC,0x36,0x25,0x34,0x2D,0x28,0x33,0x00,0x38,0x39,0x25,0x37,0xFC,0x25,
0x36,0x31,0x25,0x37,0xE5,0xFF,0x10,0x1C,0x19,0x11,0xFC,0xF2,0xD1,0x10,0x33,0x33,
0x38,0x00,0x0D,0x2C,0x2D,0x34,0xD2,0xF1,0xFC,0xFC,0x0E,0x29,0x37,0x27,0x29,0x00,
0x30,0x29,0x32,0x38,0x33,0xFC,0x29,0x31,0x00,0x31,0x39,0x36,0x33,0x37,0xFC,0x25,
0x30,0x38,0x33,0x37,0xE5,0xFF,0x1D,0x1A,0x16,0x0B,0x1D,0x12,0x00,0x14,0x1F,0x17,
0x1A,0xFC,0xF2,0xD1,0x10,0x33,0x33,0x38,0x00,0x0D,0x2C,0x2D,0x34,0xD2,0xF1,0xFC,
0xFC,0x1D,0x25,0x30,0x38,0x25,0x00,0x29,0x31,0xFC,0x25,0x2B,0x39,0x25,0x00,0x37,
0x29,0x31,0xFC,0x38,0x29,0x00,0x25,0x2A,0x39,0x32,0x28,0x25,0x36,0xE5,0xFF,0x1F,
0x16,0x1E,0x13,0x17,0x0B,0x00,0x10,0x19,0x19,0x1E,0xFC,0xF2,0xD1,0x10,0x33,0x33,
0x38,0x00,0x0D,0x2C,0x2D,0x34,0xD2,0xF1,0xFC,0xFC,0x1F,0x37,0x25,0x00,0x38,0x33,
0x28,0x33,0x37,0xFC,0x33,0x37,0x00,0x29,0x2A,0x29,0x2D,0x38,0x33,0x37,0xFC,0x28,
0x29,0x00,0x27,0x2C,0x2D,0x34,0xE5,0xFF,0xF2,0x10,0x13,0x16,0x0F,0x00,0x0B,0xF1,
0xFC,0x1C,0x29,0x34,0x30,0x33,0x2D,0x28,0x29,0x37,0xFC,0x17,0x39,0x38,0x33,0x37,
0x00,0x38,0x2D,0x34,0x33,0xFC,0x26,0x29,0x37,0x38,0x2D,0x25,0xFC,0x28,0x29,0x2A,
0x29,0x32,0x28,0x29,0x31,0xFC,0x25,0x00,0x2C,0x39,0x31,0x25,0x32,0x33,0x37,0xE5,
0xFF,0xF2,0x10,0x13,0x16,0x0F,0x00,0x0C,0xF1,0xFC,0x18,0x29,0x33,0x00,0x0B,0x36,
0x27,0x25,0x28,0x2D,0x25,0xFC,0x29,0x00,0x39,0x31,0x25,0xFC,0x39,0x38,0x33,0x34,
0x2D,0x25,0x00,0x28,0x29,0xFC,0x34,0x25,0x3E,0x00,0x37,0x29,0x31,0xFC,0x17,0x25,
0x3A,0x29,0x36,0x2D,0x27,0x2F,0x37,0xE5,0xFF,0xF2,0x10,0x13,0x16,0x0F,0x00,0x0D,
0xF1,0xFC,0x0D,0x2D,0x26,0x29,0x36,0xD6,0x29,0x30,0x2A,0x33,0x37,0xFC,0x37,0x25,
0x33,0x00,0x34,0x36,0x33,0x2B,0xE5,0xFC,0x35,0x39,0x29,0x00,0x25,0x2E,0x39,0x28,
0x25,0x31,0xFC,0x25,0x00,0x2C,0x39,0x31,0x25,0x32,0x33,0x37,0xFC,0x29,0x00,0x1C,
0x29,0x34,0x30,0x33,0x2D,0x28,0x29,0x37,0xE5,0xFF,0xF2,0x10,0x13,0x16,0x0F,0x00,
0x0E,0xF1,0xFC,0x21,0x29,0x2D,0x30,0x00,0x25,0x30,0x38,0x29,0x36,0x33,0x39,0xFC,
0x17,0x33,0x38,0x2C,0x29,0x36,0x00,0x0F,0x30,0x2A,0xE8,0xFC,0x2D,0x32,0x2D,0x27,
0x2D,0x25,0x32,0x28,0x33,0xFC,0x25,0x37,0x00,0x11,0x39,0x29,0x36,0x36,0x25,0x37,
0xFC,0x0F,0x30,0x2A,0x2D,0x27,0x25,0x37,0xE5,0xFF,0xF2,0x10,0x13,0x16,0x0F,0x00,
0x0F,0xF1,0xFC,0x1A,0x25,0x32,0x38,0x2C,0x29,0x33,0x32,0x00,0x37,0x25,0x33,0xFC,
0x1C,0x29,0x34,0x30,0x33,0x2D,0x28,0x29,0x37,0xFC,0x28,0x29,0x2B,0x36,0x25,0x28,
0x25,0x28,0x33,0x37,0xE8,0xFC,0x27,0x33,0x34,0x2D,0x25,0x37,0x00,0x31,0x25,0x37,
0x2D,0xD6,0xFC,0x3A,0x25,0x37,0x00,0x28,0x29,0x00,0x22,0xE5,0xFF,0xF2,0x10,0x13,
0x16,0x0F,0x00,0x10,0xF1,0xFC,0x1C,0x29,0x34,0x30,0x33,0x2D,0x28,0x29,0x37,0xFC,
0x17,0x25,0x3A,0x29,0x36,0x2D,0x27,0x2F,0x37,0xFC,0x27,0x33,0x32,0x28,0x29,0x32,
0x25,0x28,0x33,0x37,0xFC,0x2A,0x33,0x36,0x31,0x25,0x36,0x25,0x31,0x00,0x25,0xFC,
0x1C,0x29,0x37,0x2D,0x37,0x38,0x29,0x32,0x27,0x2D,0x25,0xE5,0xFF,0xF2,0x10,0x13,
0x16,0x0F,0x00,0x11,0xF1,0xFC,0x0D,0x2D,0x26,0x29,0x36,0xD6,0x29,0x30,0x2A,0x00,
0x22,0xFC,0x2A,0x33,0x2D,0x00,0x33,0x00,0x22,0xFC,0x33,0x36,0x2D,0x2B,0x2D,0x32,
0x25,0x30,0xE8,0xFC,0x37,0x29,0x31,0x00,0x27,0x33,0x36,0x34,0x33,0xFC,0x25,0x2B,
0x33,0x36,0x25,0xE5,0xFF,0xF2,0x10,0x13,0x16,0x0F,0x00,0x12,0xF1,0xFC,0x19,0x37,
0x00,0x1B,0x39,0x25,0x38,0x36,0x33,0xFC,0x11,0x39,0x25,0x36,0x28,0x2D,0x29,0x37,
0xFC,0x37,0x25,0x33,0x00,0x2A,0x29,0x2D,0x38,0x33,0x37,0xFC,0x27,0x33,0x31,0x00,
0x0B,0x0E,0x18,0xFC,0x28,0x29,0x00,0x22,0xE5,0xFF,0xF2,0x10,0x13,0x16,0x0F,0x00,
0x13,0xF1,0xFC,0x0F,0x30,0x34,0x2D,0x3E,0x33,0x00,0x2A,0x33,0x2D,0xFC,0x39,0x31,
0x00,0x1C,0x29,0x34,0x30,0x33,0x2D,0x28,0x29,0xFC,0x28,0x29,0x00,0x18,0x29,0x33,
0x00,0x0B,0x36,0x27,0xE5,0xFC,0x37,0x29,0x28,0x39,0x3E,0x2D,0x28,0x33,0x00,0x34,
0x33,0x36,0xFC,0x33,0x00,0x0E,0x25,0x36,0x2F,0x00,0x0F,0x30,0x2A,0xE5,0xFF,0xF2,
0x10,0x13,0x16,0x0F,0x00,0x14,0xF1,0xFC,0x0E,0x25,0x36,0x2F,0x00,0x0F,0x30,0x2A,
0x00,0x2A,0x33,0x2D,0xFC,0x17,0x33,0x38,0x2C,0x29,0x36,0x00,0x0F,0x30,0x2A,0xFC,
0x25,0x32,0x38,0x29,0x37,0x00,0x35,0x39,0x29,0xFC,0x21,0x29,0x2D,0x30,0x00,0x25,
0xFC,0x25,0x30,0x38,0x29,0x36,0x25,0x37,0x37,0x29,0xE5,0xFF,0xF2,0x10,0x13,0x16,
0x0F,0x00,0x15,0xF1,0xFC,0x19,0x31,0x29,0x2B,0x25,0x00,0x2A,0x33,0x2D,0xFC,0x27,
0x36,0x2D,0x25,0x28,0x33,0x00,0x34,0x33,0x36,0xFC,0x21,0x29,0x2D,0x30,0xE8,0x00,
0x30,0x33,0x2B,0x33,0xFC,0x28,0x29,0x37,0x38,0x29,0x36,0x36,0x25,0x28,0x33,0xFC,
0x25,0x33,0x00,0x29,0x37,0x34,0x25,0x27,0x33,0xE5,0xFF,0xF2,0x10,0x13,0x16,0x0F,
0x00,0x16,0xF1,0xFC,0x19,0x00,0x39,0x37,0x33,0x00,0x28,0x29,0xFC,0x0E,0x25,0x36,
0x2F,0x00,0x0F,0x30,0x2A,0xFC,0x2A,0x29,0x3E,0x00,0x25,0x37,0xFC,0x11,0x39,0x29,
0x36,0x36,0x25,0x37,0x00,0x0F,0x30,0x2A,0xE5,0xFC,0x38,0x36,0x25,0x2B,0x2D,0x27,
0x25,0x37,0xE5,0xFF,0xF2,0x10,0x13,0x16,0x0F,0x00,0x17,0xF1,0xFC,0x17,0x25,0x3A,
0x29,0x36,0x2D,0x27,0x2F,0xFC,0x25,0x2B,0x33,0x36,0x25,0x00,0x29,0xFC,0x35,0x39,
0x29,0x31,0x00,0x30,0x39,0x38,0x25,0xFC,0x27,0x33,0x32,0x38,0x36,0x25,0x00,0x18,
0x29,0x33,0xFC,0x0B,0x36,0x27,0x25,0x28,0x2D,0x25,0xE5,0xFF,0xF2,0x10,0x13,0x16,
0x0F,0x00,0x18,0xF1,0xFC,0x19,0x00,0x3A,0x2D,0x36,0x39,0x37,0xFC,0x1D,0x2D,0x2B,
0x31,0x25,0x00,0x3A,0x33,0x30,0x38,0x33,0x39,0xFC,0x25,0x33,0x37,0xFC,0x1C,0x29,
0x34,0x30,0x33,0x2D,0x28,0x29,0x37,0x00,0x29,0x31,0xFC,0x17,0x25,0x3A,0x29,0x36,
0x2D,0x27,0x2F,0x37,0xE5,0xFF,0x0D,0x2D,0x26,0x29,0x36,0xD6,0x29,0x30,0x2A,0x33,
0xFF,0xFF,0x29,0x37,0x38,0x25,0x3A,0x25,0xFC,0x28,0x29,0x32,0x38,0x36,0x33,0xE5,
0xFF,0xFF,0x0F,0xD6,0x0D,0x36,0x3D,0x37,0x38,0x25,0x30,0x37,0xFF,0x29,0x37,0x38,
0x25,0x3A,0x25,0x31,0xFC,0x28,0x29,0x32,0x38,0x36,0x33,0xE5,0xFF,0x19,0x31,0x29,
0x2B,0x25,0xFC,0xFC,0x1C,0x29,0x34,0x30,0x33,0x2D,0x28,0x29,0x00,0x27,0x33,0x31,
0xFC,0x33,0x00,0x37,0x2D,0x32,0x25,0x30,0x00,0x28,0x33,0xFC,0x0E,0x25,0x36,0x2F,
0x00,0x0F,0x30,0x2A,0xE5,0xFF,0x0E,0xE5,0x00,0x17,0x25,0x32,0x38,0x2D,0x37,0x2F,
0xFC,0xFC,0x1F,0x37,0x25,0x00,0x2A,0x33,0x2D,0x27,0x29,0x37,0xFC,0x34,0x25,0x36,
0x25,0x00,0x29,0x30,0x2D,0x31,0x2D,0xD6,0xFC,0x32,0x25,0x36,0x00,0x3A,0x29,0x30,
0x2C,0x33,0x37,0xFC,0x1C,0x29,0x34,0x30,0x33,0x2D,0x28,0x29,0x37,0xE5,0xFF,0x0D,
0xE5,0x00,0x13,0x32,0x25,0x36,0x26,0x2D,0x38,0x38,0x25,0xFC,0xFC,0x1A,0x33,0x28,
0x29,0xFC,0x2A,0x25,0x3E,0x29,0x36,0xD6,0x37,0x29,0xFC,0x34,0x29,0x35,0x39,0x29,
0x32,0x33,0x00,0x34,0x25,0x36,0x25,0xFC,0x37,0x29,0x36,0x00,0x3A,0x29,0x30,0x33,
0x3E,0xE5,0xFF,0x0C,0xE5,0x00,0x10,0x30,0x2D,0x3E,0x25,0x36,0x28,0xFC,0xFC,0x16,
0x25,0x2B,0x25,0x36,0x38,0x33,0x00,0x35,0x39,0x29,0xFC,0x37,0x29,0x34,0x25,0x36,
0x25,0x00,0x27,0x25,0x39,0x28,0x25,0xFC,0x29,0x00,0x27,0x36,0x2D,0x37,0x38,0x25,
0xE5,0xFF,0x0E,0xE5,0x00,0x1D,0x27,0x2C,0x2D,0x30,0x38,0xFC,0xFC,0x0B,0x38,0x25,
0x27,0x25,0x00,0x27,0x33,0x31,0xFC,0x28,0x36,0x33,0x32,0x29,0x37,0xFC,0x31,0x33,
0x36,0x27,0x29,0x2B,0x33,0xFC,0x28,0x29,0x00,0x37,0x39,0x25,0x00,0x27,0x25,0x34,
0x25,0xE5,0xFF,0x0D,0x36,0x2D,0x25,0xFC,0xFC,0x0F,0x30,0x2A,0x33,0x00,0x0C,0x29,
0x26,0x29,0xFC,0x25,0x3E,0x39,0x30,0x00,0x32,0x33,0x31,0x29,0xD6,0xFC,0x25,0x28,
0x33,0x00,0x34,0x33,0x36,0xFC,0x0B,0x30,0x33,0x39,0x29,0x38,0x38,0x29,0xE5,0xFF,
0x1A,0x36,0x29,0x25,0xFC,0xFC,0x0F,0x30,0x2A,0x33,0x00,0x0C,0x29,0x26,0x29,0xFC,
0x3A,0x29,0x36,0x31,0x29,0x30,0x2C,0x33,0x00,0x32,0x33,0x31,0x29,0xD6,0xFC,0x25,
0x28,0x33,0x00,0x34,0x33,0x36,0xFC,0x0B,0x30,0x33,0x39,0x29,0x38,0x38,0x29,0xE5,
0xFF,0x0B,0x32,0x39,0x26,0x2D,0x37,0xFC,0x18,0x29,0x27,0x36,0x33,0x31,0x32,0x27,
0x37,0x37,0x00,0x20,0xFC,0xFC,0x14,0x25,0x27,0x2F,0x25,0x30,0x00,0xD0,0x30,0x33,
0x2D,0x28,0xFC,0x36,0x29,0x3A,0x2D,0x3A,0x2D,0x28,0x33,0x00,0x34,0x33,0x36,0xFC,
0x33,0x00,0x0E,0x36,0xE5,0x00,0x21,0x29,0x2D,0x30,0xE5,0xFF,0x12,0x25,0x32,0x39,
0x31,0x25,0x27,0x2C,0x32,0x29,0x00,0x1C,0xFC,0xFC,0x17,0x33,0x32,0x33,0x00,0xD0,
0x30,0x33,0x2D,0x28,0xFC,0x36,0x29,0x3A,0x2D,0x3A,0x2D,0x28,0x33,0x00,0x34,0x33,
0x36,0xFC,0x33,0x00,0x0E,0x36,0xE5,0x00,0x21,0x29,0x2D,0x30,0xE5,0xFF,0x0C,0xE5,
0x00,0x1D,0x38,0x25,0x2B,0x36,0x2A,0x2A,0x00,0x1C,0xFC,0xFC,0x1C,0x29,0x34,0x30,
0x33,0x2D,0x28,0x29,0xFC,0x25,0x30,0x27,0x29,0x00,0x36,0x29,0x3A,0x2D,0xD6,0xFC,
0x3A,0x2D,0x28,0x33,0x00,0x34,0x33,0x36,0xFC,0x33,0x00,0x0E,0x36,0xE5,0x00,0x21,
0x29,0x2D,0x30,0xE5,0xFF,0x0D,0x33,0x34,0x3D,0x00,0x22,0x00,0x17,0x15,0xE5,0x13,
0x13,0xFC,0xFC,0x1C,0x29,0x3A,0x2D,0x37,0x25,0x33,0x00,0x28,0x29,0xFC,0x0D,0x33,
0x34,0x3D,0x00,0x22,0xFC,0x36,0x29,0x3A,0x2D,0x3A,0x2D,0x28,0x25,0xFC,0x34,0x33,
0x36,0x00,0x21,0x29,0x2D,0x30,0xE5,0xFF,0x1E,0xE5,0x00,0x15,0x29,0x30,0x3A,0x29,
0x36,0x2D,0x25,0x32,0xFC,0xFC,0x1D,0x29,0x34,0x25,0x36,0x25,0x00,0x37,0x39,0x25,
0x37,0xFC,0x28,0x39,0x25,0x37,0x00,0x27,0x25,0x26,0x29,0x27,0x25,0x37,0xFC,0x28,
0x33,0x00,0x33,0x31,0x26,0x36,0x33,0xE5,0xFF,0x11,0x30,0x25,0x27,0x2D,0x29,0x36,
0xFC,0x16,0x29,0x00,0x0D,0x25,0x27,0x38,0x25,0x32,0x2F,0xFC,0xFC,0x0C,0x36,0x25,
0x27,0x33,0x00,0x27,0x33,0x31,0xFC,0x27,0x33,0x36,0x36,0x29,0x32,0x38,0x29,0x37,
0xFC,0x2B,0x2D,0x36,0x25,0x38,0x33,0x36,0x2D,0x25,0x37,0xE5,0xFF,0x0D,0x39,0x26,
0x2D,0x38,0xFC,0x10,0x33,0x3C,0x38,0x25,0x36,0xFC,0xFC,0x1C,0x25,0x34,0x33,0x37,
0x25,0x00,0x27,0x33,0x31,0xFC,0x0A,0x00,0x27,0x33,0x32,0x38,0x36,0x33,0x30,0x29,
0x37,0xFC,0x25,0x00,0x28,0x2D,0x37,0x38,0x25,0x32,0x27,0x2D,0x25,0xE5,0xFF,0x20,
0x33,0x30,0x38,0x29,0x29,0x30,0xFC,0x0C,0x2D,0x26,0x30,0x2D,0x33,0xFC,0xFC,0x0F,
0x32,0x2B,0x39,0x2D,0x25,0xFC,0x35,0x39,0x29,0x00,0x39,0x37,0x25,0xFC,0x29,0x30,
0x29,0x38,0x36,0x2D,0x27,0xE5,0xFF,0x1A,0xE5,0x00,0x12,0x39,0x32,0x38,0x29,0x36,
0xFC,0xFC,0x16,0x29,0x3A,0x25,0x00,0x25,0x36,0x31,0x25,0xFC,0x28,0x29,0x00,0x04,
0x00,0x38,0x2D,0x36,0x33,0x37,0xE5,0xFF,0x1A,0xE5,0x00,0x11,0x39,0x25,0x36,0x28,
0x2D,0x25,0x32,0xFC,0xFC,0x1F,0x37,0x25,0x00,0x2B,0x25,0x36,0x36,0x33,0x38,0x29,
0xFC,0x29,0x30,0x29,0x38,0x36,0x2D,0x27,0x33,0xE5,0xFF,0x1A,0xE5,0x00,0x0B,0x35,
0x39,0x25,0xFC,0xFC,0x0E,0x2D,0x37,0x34,0x25,0x36,0x25,0x00,0x39,0x31,0xFC,0x2C,
0x25,0x36,0x34,0x33,0x29,0x37,0x00,0x28,0x29,0xFC,0x33,0x00,0x26,0x36,0x25,0x27,
0x33,0xE5,0xFF,0x1A,0xE5,0x00,0x10,0x2D,0x37,0x38,0xFC,0xFC,0x11,0x33,0x30,0x34,
0x29,0x2D,0x25,0x00,0x25,0x33,0xFC,0x25,0x34,0x36,0x33,0x3C,0x2D,0x31,0x25,0x36,
0xD6,0x37,0x29,0xE5,0xFF,0x1A,0xE5,0x00,0x0C,0x25,0x37,0x29,0xFC,0xFC,0x00,0x20,
0x33,0x25,0x00,0x29,0x31,0x00,0x39,0x31,0xFC,0x25,0x29,0x36,0x33,0x28,0x29,0x37,
0x30,0x2D,0x3E,0x25,0xD6,0xFC,0x28,0x33,0x36,0x00,0x29,0x00,0x39,0x37,0x25,0xFC,
0x39,0x31,0x00,0x31,0x25,0x36,0x38,0x29,0x30,0x33,0xE5,0xFF,0x0E,0x29,0x25,0x38,
0x2C,0x30,0x33,0x27,0x2F,0xFC,0xFC,0x10,0x29,0x2D,0x38,0x33,0x00,0x27,0x33,0x31,
0xFC,0x34,0x25,0x36,0x38,0x29,0x37,0xFC,0x3A,0x29,0x30,0x2C,0x25,0x37,0x00,0x28,
0x29,0xFC,0x31,0x25,0x35,0x39,0x2D,0x32,0x25,0x37,0xE5,0xFF,0x11,0x3D,0x36,0x33,
0x00,0x0D,0x25,0x32,0x32,0x33,0x32,0xFC,0xFC,0x10,0x30,0x39,0x38,0x39,0x25,0x00,
0x27,0x33,0x31,0xFC,0x2C,0x29,0x30,0x2D,0x27,0x29,0xE5,0xFF,0x11,0x36,0x25,0x32,
0x28,0x00,0x0D,0x25,0x32,0x32,0x33,0x32,0xFC,0xFC,0x0D,0x25,0x32,0x2C,0x25,0x33,
0x00,0x2A,0x29,0x2D,0x38,0x33,0xFC,0x34,0x25,0x36,0x25,0x00,0x3E,0x33,0x32,0x25,
0x37,0xFC,0x2A,0x36,0x2D,0x25,0x37,0xE5,0xFF,0x1E,0x2D,0x30,0x29,0x00,0x0D,0x25,
0x32,0x32,0x33,0x32,0xFC,0xFC,0x0D,0x25,0x32,0x2C,0x25,0x33,0x00,0x35,0x39,0x29,
0x00,0x37,0x29,0xFC,0x33,0x27,0x39,0x30,0x38,0x25,0x00,0x29,0x31,0xFC,0x25,0x37,
0x00,0x34,0x25,0x36,0x29,0x28,0x29,0x37,0xE5,0xFF,0x1A,0xE5,0x00,0x0D,0x25,0x32,
0x32,0x33,0x32,0xFC,0xFC,0x0D,0x25,0x32,0x2C,0x25,0x33,0x00,0x35,0x39,0x29,0xFC,
0x25,0x38,0x25,0x27,0x25,0x00,0x28,0x29,0x37,0x28,0x29,0xFC,0x34,0x33,0x37,0x38,
0x29,0x37,0xE5,0xFF,0x12,0x29,0x25,0x3A,0x3D,0x00,0x0D,0x25,0x32,0x32,0x33,0x32,
0xFC,0xFC,0x0E,0x2D,0x37,0x34,0x25,0x36,0x25,0x00,0x39,0x31,0x25,0xFC,0x26,0x33,
0x30,0x25,0x00,0x28,0x29,0x00,0x39,0x31,0x25,0xFC,0x38,0x33,0x32,0x29,0x30,0x25,
0x28,0x25,0xE5,0xFF,0x0D,0xE5,0x00,0x0D,0x25,0x32,0x32,0x33,0x32,0xFC,0xFC,0x0E,
0x2D,0x37,0x34,0x25,0x36,0x25,0x00,0x03,0xFC,0x38,0x2D,0x36,0x33,0x37,0x00,0x28,
0x29,0x37,0x28,0x29,0xFC,0x39,0x31,0x25,0x00,0x27,0x25,0x34,0x37,0x39,0x30,0x25,
0xE5,0xFF,0x11,0xE5,0x00,0x0D,0x25,0x32,0x32,0x33,0x32,0xFC,0xFC,0x0D,0x36,0x2D,
0x25,0xFC,0x17,0x29,0x27,0x25,0x32,0x2D,0x30,0x33,0x2D,0x28,0x29,0x37,0xFC,0x34,
0x29,0x35,0x39,0x29,0x32,0x33,0x37,0xE5,0xFF,0x0F,0x3D,0x29,0x00,0x0D,0x25,0x32,
0x32,0x33,0x32,0xFC,0xFC,0x0E,0x29,0x38,0x29,0x27,0x38,0x25,0x00,0x29,0xFC,0x25,
0x38,0x25,0x27,0x25,0xFC,0x2D,0x32,0x38,0x36,0x39,0x37,0x33,0x37,0xE5,0xFF,0x1D,
0x2C,0x36,0x2D,0x31,0x34,0x33,0x30,0x2D,0x32,0xFC,0xFC,0x1D,0x29,0x00,0x31,0x33,
0x3A,0x29,0xFC,0x36,0x25,0x34,0x2D,0x28,0x33,0x00,0x29,0x31,0xFC,0x25,0x36,0x29,
0x2D,0x25,0x00,0x33,0x39,0xFC,0x32,0x29,0x3A,0x29,0xE5,0xFF,0x20,0x33,0x30,0x27,
0x25,0x2D,0x36,0x29,0xFC,0xFC,0x11,0x39,0x25,0x36,0x28,0x25,0x00,0x30,0x25,0x3A,
0x25,0xFC,0x29,0x00,0x37,0x29,0x00,0x28,0x2D,0x3A,0x2D,0x28,0x29,0xFC,0x29,0x31,
0x00,0x33,0x00,0x25,0x36,0xE5,0xFF,0x0D,0x30,0x25,0x3A,0x29,0x2F,0x29,0x36,0xFC,
0xFC,0x0E,0x2D,0x37,0x34,0x25,0x36,0x25,0xFC,0x28,0x29,0x37,0x28,0x29,0x00,0x33,
0xFC,0x38,0x29,0x38,0x33,0xE5,0xFF,0x1A,0x29,0x38,0x25,0x38,0x36,0x2D,0x25,0xFC,
0xFC,0x1C,0x29,0x3A,0x2D,0x3A,0x29,0x00,0x37,0x29,0xFC,0x32,0x25,0x33,0x00,0x2B,
0x33,0x30,0x34,0x29,0x2D,0x25,0x37,0xFC,0x37,0x29,0x39,0x00,0x33,0x30,0x2C,0x33,
0xE5,0xFF,0x1D,0x2C,0x33,0x38,0x30,0x33,0x2D,0x28,0xFC,0xFC,0x0E,0x2D,0x37,0x34,
0x25,0x36,0x25,0x00,0x25,0x33,0xFC,0x31,0x33,0x3A,0x29,0x36,0xD6,0x37,0x29,0xFC,
0x29,0x31,0x00,0x34,0x25,0x37,0x37,0x33,0x37,0xFC,0x27,0x39,0x36,0x38,0x33,0x37,
0xE5,0xFF,0x1D,0x29,0x2D,0x31,0x29,0x36,0x25,0x32,0xFC,0xFC,0x1A,0x30,0x25,0x32,
0x38,0x25,0xFC,0x31,0x29,0x27,0x25,0x32,0x2D,0x30,0x33,0x2D,0x28,0x29,0xFC,0x27,
0x33,0x31,0x00,0x26,0x33,0x31,0xFC,0x25,0x36,0x33,0x31,0x25,0xE5,0xFF,0x16,0x25,
0x31,0x34,0x30,0x33,0x36,0x38,0xFC,0xFC,0x17,0x29,0x27,0x25,0x32,0x2D,0x30,0x33,
0x2D,0x28,0x29,0xFC,0x35,0x39,0x29,0x00,0x27,0x33,0x3E,0x2D,0x32,0x2C,0x25,0xFC,
0x34,0x29,0x2D,0x3C,0x29,0x37,0xE5,0xFF,0x16,0x29,0x31,0x31,0x2D,0x32,0x2B,0x30,
0x29,0x37,0xFC,0xFC,0x11,0x36,0x39,0x34,0x33,0x00,0x28,0x29,0x00,0x05,0xFC,0x31,
0x29,0x27,0x25,0x32,0x2D,0x30,0x33,0x2D,0x28,0x29,0x37,0xFC,0x38,0x2D,0x34,0x33,
0x00,0x36,0x25,0x38,0x33,0xE5,0xFF,0x0D,0x25,0x38,0x38,0x25,0x38,0x25,0x32,0x2F,
0xFC,0xFC,0x0C,0x30,0x33,0x35,0x39,0x29,0x2D,0x25,0x00,0x27,0x33,0x31,0xFC,0x29,
0x37,0x27,0x39,0x28,0x33,0x00,0x29,0xFC,0x30,0x33,0x2B,0x33,0x00,0x28,0x25,0xFC,
0x2B,0x33,0x30,0x34,0x29,0x37,0xE5,0xFF,0x1E,0x33,0x34,0x00,0x11,0x25,0x26,0x3D,
0x33,0x25,0x30,0x30,0xFC,0xFC,0x1A,0x25,0x38,0x36,0x39,0x30,0x2C,0x25,0xFC,0x37,
0x33,0x30,0x33,0x37,0x00,0x29,0xFC,0x31,0x39,0x36,0x33,0x37,0xE5,0xFF,0x1D,0x32,
0x25,0x2F,0x29,0x27,0x33,0x36,0x28,0xFC,0xFC,0x1A,0x29,0x32,0x28,0x39,0x36,0x25,
0x00,0x28,0x29,0xFC,0x33,0x00,0x38,0x29,0x38,0x33,0x00,0x29,0xFC,0x31,0x33,0x36,
0x28,0x29,0x00,0x25,0x33,0xFC,0x37,0x29,0x34,0x25,0x36,0x25,0x36,0xD6,0x37,0x29,
0xE5,0xFF,0x11,0x25,0x30,0x30,0x2D,0x37,0x32,0x2D,0xFC,0xFC,0x0B,0x34,0x25,0x36,
0x29,0x27,0x29,0x00,0x37,0x29,0xFC,0x37,0x33,0x25,0x00,0x25,0xFC,0x25,0x30,0x25,
0x36,0x31,0x25,0xE5,0xFF,0x0D,0x36,0x33,0x37,0x37,0x26,0x3D,0x32,0x29,0xFC,0xFC,
0x0E,0x2D,0x37,0x34,0x25,0x36,0x25,0x00,0x29,0x31,0xFC,0x05,0x00,0x28,0x2D,0x36,
0x29,0x27,0x27,0x33,0xD6,0xFC,0x32,0x29,0x37,0x00,0x29,0x00,0x37,0x29,0xFC,0x38,
0x29,0x30,0x29,0x34,0x33,0x36,0x38,0x25,0xE5,0xFF,0x10,0x30,0x33,0x34,0x34,0x29,
0x36,0xFC,0xFC,0x0F,0x3C,0x34,0x30,0x33,0x38,0x25,0x00,0x29,0xFC,0x28,0x25,0x32,
0x2D,0x25,0x00,0x25,0xFC,0x39,0x32,0x2D,0x28,0x25,0x28,0x29,0x37,0xFC,0x34,0x36,
0x33,0x3C,0x2D,0x31,0x25,0x37,0xE5,0xFF,0x1A,0x39,0x36,0x34,0x30,0x29,0x18,0x29,
0x36,0x34,0x30,0x29,0xFC,0xFC,0x0F,0x37,0x38,0x29,0x00,0x2D,0x32,0x2D,0x31,0x2D,
0x2B,0x33,0xFC,0x38,0x29,0x31,0x00,0x39,0x31,0x25,0xFC,0x26,0x33,0x31,0x26,0x25,
0x00,0x25,0x26,0x25,0x2D,0x3C,0x33,0xE5,0xFF,0x17,0x33,0x38,0x2C,0x2E,0x2D,0x36,
0x33,0xFC,0xFC,0x1D,0x29,0x00,0x36,0x29,0x39,0x32,0x29,0xFC,0x34,0x29,0x36,0x38,
0x33,0x00,0x28,0x29,0xFC,0x25,0x00,0x30,0x39,0x3E,0xE5,0xFF,0x0C,0x25,0x38,0x36,
0x2D,0x32,0x2B,0xFC,0xFC,0x0C,0x30,0x33,0x35,0x39,0x29,0x2D,0x25,0xFC,0x25,0x38,
0x25,0x35,0x39,0x29,0x37,0x00,0x37,0x29,0xFC,0x2A,0x29,0x27,0x2C,0x25,0x00,0x37,
0x39,0x25,0x37,0xFC,0x25,0x37,0x25,0x37,0xE5,0xFF,0x17,0x29,0x30,0x30,0x32,0x29,
0x38,0xFC,0xFC,0x0B,0x26,0x29,0x30,0x2C,0x25,0xFC,0x31,0x29,0x27,0x25,0x32,0x2D,
0x30,0x33,0x2D,0x28,0x29,0xFC,0x35,0x39,0x29,0x00,0x34,0x2D,0x27,0x25,0xE5,0xFF,
0x1D,0x2C,0x33,0x38,0x27,0x33,0x39,0x32,0x38,0x29,0x36,0xFC,0xFC,0x1A,0x33,0x28,
0x29,0xFC,0x26,0x30,0x33,0x35,0x39,0x29,0x25,0x36,0xFC,0x25,0x38,0x25,0x35,0x39,
0x29,0x37,0xFC,0x28,0x29,0x00,0x2A,0x36,0x29,0x32,0x38,0x29,0xE5,0xFF,0x1D,0x2C,
0x25,0x36,0x2F,0x37,0x29,0x25,0x30,0x00,0x22,0xFC,0xFC,0x00,0x1E,0x39,0x26,0x25,
0x36,0x25,0x33,0xFC,0x31,0x29,0x27,0x25,0x32,0x2D,0x30,0x33,0x2D,0x28,0x29,0xFC,
0x35,0x39,0x29,0x00,0x31,0x33,0x36,0x28,0x29,0xE5,0xFF,0x1D,0x2C,0x29,0x30,0x30,
0x39,0x32,0x33,0xFC,0xFC,0x0B,0x38,0x25,0x27,0x25,0x00,0x34,0x33,0x36,0xFC,0x25,
0x37,0x00,0x27,0x33,0x37,0x38,0x25,0x37,0xFC,0x28,0x29,0x00,0x37,0x29,0x39,0xFC,
0x33,0x26,0x2E,0x29,0x38,0x2D,0x3A,0x33,0xE5,0xFF,0x13,0x27,0x29,0x26,0x33,0x32,
0xFC,0xFC,0x0D,0x36,0x2D,0x25,0x00,0x2B,0x29,0x30,0x33,0xFC,0x26,0x25,0x2D,0x3C,
0x33,0x00,0x25,0x2B,0x39,0x25,0xE5,0xFF,0x1D,0x2C,0x29,0x30,0x30,0x27,0x36,0x25,
0x3B,0x30,0x29,0x36,0xFC,0xFC,0x00,0x10,0x33,0x2B,0x29,0x00,0x35,0x39,0x25,0x32,
0x28,0x33,0xFC,0x34,0x29,0x36,0x28,0x29,0x00,0x37,0x29,0x39,0xFC,0x27,0x25,0x37,
0x27,0x39,0x28,0x33,0xE5,0xFF,0x0D,0x25,0x32,0x32,0x33,0x32,0x2C,0x33,0x34,0x34,
0x29,0x36,0xFC,0xFC,0x0E,0x2D,0x37,0x34,0x25,0x36,0x25,0x00,0x29,0x31,0xFC,0x38,
0x29,0x38,0x33,0x00,0x29,0xFC,0x37,0x33,0x30,0x33,0xE5,0xFF,0x21,0x29,0x2D,0x30,
0xFC,0xFC,0x0D,0x2D,0x29,0x32,0x38,0x2D,0x2A,0x2D,0x27,0x33,0xFC,0x27,0x36,0x2D,
0x25,0x28,0x33,0x36,0x00,0x28,0x29,0xFC,0x1C,0x29,0x34,0x30,0x33,0x2D,0x28,0x29,
0x37,0xE5,0xFF,0x0D,0x2D,0x29,0x30,0xFC,0xFC,0x0D,0x2D,0x29,0x32,0x38,0x2D,0x2A,
0x2D,0x27,0x25,0xFC,0x29,0x3C,0x34,0x29,0x36,0x38,0x25,0x00,0x29,0x31,0xFC,0x29,
0x32,0x29,0x36,0x2B,0x2D,0x25,0xE5,0xFF,0x0D,0x29,0x36,0x3A,0x29,0x25,0x39,0xFC,
0xFC,0x0F,0x32,0x2B,0x29,0x32,0x2C,0x29,0x2D,0x36,0x33,0xFC,0x35,0x39,0x29,0x00,
0x27,0x36,0x2D,0x25,0xFC,0x25,0x36,0x31,0x25,0x37,0x00,0x28,0x29,0xFC,0x24,0x29,
0x36,0x33,0xE5,0xFF,0x0B,0x32,0x28,0x36,0x29,0x3B,0xFC,0xFC,0x1C,0x29,0x34,0x30,
0x33,0x2D,0x28,0x29,0xFC,0x3A,0x29,0x30,0x2C,0x33,0x00,0x35,0x39,0x29,0xFC,0x2A,
0x25,0x30,0x25,0x00,0x31,0x39,0x2D,0x38,0x33,0xE5,0xFF,0x0B,0x30,0x33,0x39,0x29,
0x38,0x38,0x29,0xFC,0xFC,0x0B,0x34,0x36,0x29,0x27,0x2D,0x25,0x00,0x25,0xFC,0x26,
0x33,0x32,0x29,0x27,0x25,0x00,0x35,0x39,0x29,0xFC,0x0D,0x2D,0x29,0x30,0x00,0x28,
0x29,0x39,0xE5,0xFF,0x12,0x2D,0x26,0x33,0x39,0xFC,0xFC,0x1C,0x29,0x34,0x30,0x33,
0x2D,0x28,0x29,0xFC,0x2A,0x25,0x31,0x2D,0x32,0x38,0x33,0xFC,0x35,0x39,0x29,0x00,
0x27,0x33,0x31,0x29,0xFC,0x0F,0xD6,0x0D,0x36,0x3D,0x37,0x38,0x25,0x30,0x37,0xE5,
0xFF,0x1C,0x33,0x27,0x2D,0x32,0x33,0x30,0x30,0x29,0xFC,0xFC,0x0B,0x2E,0x39,0x28,
0x25,0x00,0x25,0xFC,0x1C,0x29,0x34,0x30,0x33,0x2D,0x28,0x29,0x37,0xFC,0x2A,0x29,
0x36,0x2D,0x28,0x33,0x37,0xE5,0xFF,0x1A,0x29,0x36,0x36,0x33,0x35,0x39,0x2D,0x29,
0x38,0xFC,0xFC,0x0B,0x37,0x37,0x2D,0x37,0x38,0x29,0x32,0x38,0x29,0xFC,0x26,0x36,
0x2D,0x30,0x2C,0x25,0x32,0x38,0x29,0xFC,0x28,0x29,0x00,0x0D,0x2D,0x29,0x30,0xE5,
0xFF,0x0B,0x39,0x38,0x36,0x39,0x27,0x2C,0x29,0xFC,0xFC,0x1C,0x29,0x34,0x30,0x33,
0x2D,0x28,0x29,0xFC,0x25,0x30,0x38,0x33,0x00,0x27,0x33,0x31,0xFC,0x27,0x33,0x32,
0x3A,0x29,0x36,0x37,0x25,0x37,0xFC,0x27,0x2C,0x25,0x38,0x2D,0x32,0x2C,0x25,0x37,
0xE5,0xFF,0x12,0x2D,0x36,0x33,0x32,0x28,0x29,0x30,0x30,0x29,0xFC,0xFC,0x20,0x33,
0x25,0x00,0x29,0xFC,0x36,0x29,0x27,0x33,0x30,0x2C,0x29,0xFC,0x2D,0x32,0x2A,0x33,
0x36,0x31,0x25,0x27,0x25,0x33,0xE5,0xFF,0x0E,0x33,0x2D,0x2B,0x38,0xFC,0xFC,0x0B,
0x2E,0x39,0x28,0x25,0x32,0x38,0x29,0x00,0x28,0x29,0xFC,0x0D,0x29,0x36,0x3A,0x29,
0x25,0x39,0x00,0x29,0x31,0xFC,0x25,0x00,0x27,0x36,0x2D,0x25,0x27,0x25,0x33,0xFC,
0x28,0x29,0x00,0x25,0x36,0x31,0x25,0x37,0xE5,0xFF,0x17,0x29,0x32,0x25,0x36,0x38,
0xFC,0xFC,0x1E,0x36,0x25,0x3A,0x29,0x37,0x37,0x33,0x00,0x35,0x39,0x29,0xFC,0x2A,
0x25,0x30,0x38,0x25,0x00,0x25,0xFC,0x37,0x29,0x39,0x37,0x00,0x28,0x29,0x3A,0x29,
0x36,0x29,0x37,0xE5,0xFF,0x1A,0x2D,0x27,0xFC,0xFC,0x1C,0x29,0x34,0x30,0x33,0x2D,
0x28,0x29,0xFC,0x37,0x25,0x36,0x27,0x25,0x37,0x38,0x2D,0x27,0x33,0xFC,0x29,0x00,
0x3E,0x33,0x31,0x26,0x29,0x38,0x29,0x2D,0x36,0x33,0xE5,0xFF,0x12,0x25,0x36,0x34,
0x39,0x2D,0x25,0xFC,0xFC,0x19,0x00,0x25,0x37,0x38,0x39,0x38,0x33,0xFC,0x30,0x2D,
0x28,0x29,0x36,0x00,0x3A,0x29,0x36,0x28,0x29,0xFC,0x28,0x29,0x00,0x33,0x00,0x29,
0x3C,0x29,0x36,0x27,0x2D,0x38,0x33,0xFC,0x1C,0x29,0x2F,0x2F,0x39,0xE5,0xFF,0x10,
0x29,0x2A,0x32,0x2D,0x36,0xFC,0xFC,0x19,0x00,0x2A,0x29,0x36,0x33,0x3E,0xFC,0x30,
0x2D,0x28,0x29,0x36,0x00,0x3A,0x29,0x36,0x31,0x29,0x30,0x2C,0x33,0xFC,0x28,0x29,
0x00,0x33,0x00,0x29,0x3C,0x29,0x36,0x27,0x2D,0x38,0x33,0xFC,0x14,0x2D,0x32,0xD0,
0x29,0x32,0xE5,0xFF,0x16,0x29,0x3A,0x2D,0x25,0x38,0x2C,0x25,0x32,0xFC,0xFC,0x0B,
0x00,0x25,0x37,0x38,0x39,0x38,0x25,0xFC,0x30,0x2D,0x28,0x29,0x36,0x00,0x25,0x3E,
0x39,0x30,0xFC,0x28,0x29,0x00,0x33,0x00,0x29,0x3C,0x29,0x36,0x27,0x2D,0x38,0x33,
0xFC,0x17,0x29,0x2D,0x2F,0x25,0x2D,0xE5,0xFF,0x1A,0x2C,0x25,0x32,0x38,0x33,0x31,
0xFC,0xFC,0x19,0x00,0x31,0x25,0x30,0x3A,0x25,0x28,0x33,0xFC,0x30,0x2D,0x28,0x29,
0x36,0x00,0x29,0x37,0x27,0x39,0x36,0x33,0xFC,0x28,0x29,0x00,0x33,0x00,0x29,0x3C,
0x29,0x36,0x27,0x2D,0x38,0x33,0xFC,0x24,0x25,0x32,0xD0,0x29,0x2D,0xE5,0xFF,0xF2,
0x01,0x01,0x01,0xF1,0xFF,0xF2,0x01,0x01,0x02,0xF1,0xFF,0xF2,0x01,0x01,0x03,0xF1,
0xFF,0xF2,0x01,0x01,0x04,0xF1,0xFF,0xF2,0x01,0x01,0x05,0xF1,0xFF,0xF2,0x01,0x01,
0x06,0xF1,0xFF,0xF2,0x01,0x01,0x07,0xF1,0xFF,0xF2,0x01,0x01,0x08,0xF1,0xFF,0xF2,
0x01,0x01,0x09,0xF1,0xFF,0xF2,0x01,0x01,0x0A,0xF1,0xFF,0xF2,0x01,0x02,0x01,0xF1,
0xFF,0xF2,0x01,0x02,0x02,0xF1,0xFF,0xF2,0x01,0x02,0x03,0xF1,0xFF,0xF2,0x01,0x02,
0x04,0xF1,0xFF,0xF2,0x01,0x02,0x05,0xF1,0xFF,0xF2,0x01,0x02,0x06,0xF1,0xFF,0xF2,
0x01,0x02,0x07,0xF1,0xFF,0xF2,0x01,0x02,0x08,0xF1,0xFF,0xF2,0x01,0x02,0x09,0xF1,
0xFF,0xF2,0x01,0x02,0x0A,0xF1,0xFF,0xF2,0x01,0x03,0x01,0xF1,0xFF,0xF2,0x01,0x03,
0x02,0xF1,0xFF,0xF2,0x01,0x03,0x03,0xF1,0xFF,0xF2,0x01,0x03,0x04,0xF1,0xFF,0xF2,
0x01,0x03,0x05,0xF1,0xFF,0xF2,0x01,0x03,0x06,0xF1,0xFF,0xF2,0x01,0x03,0x07,0xF1,
0xFF,0xF2,0x01,0x03,0x08,0xF1,0xFF,0xF2,0x01,0x03,0x09,0xF1,0xFF,0xF2,0x01,0x03,
0x0A,0xF1,0xFF,0xF2,0x01,0x04,0x01,0xF1,0xFF,0xF2,0x01,0x04,0x02,0xF1,0xFF,0xF2,
0x01,0x04,0x03,0xF1,0xFF,0xF2,0x01,0x04,0x04,0xF1,0xFF,0xF2,0x01,0x04,0x05,0xF1,
0xFF,0xF2,0x01,0x04,0x06,0xF1,0xFF,0xF2,0x01,0x04,0x07,0xF1,0xFF,0xF2,0x01,0x04,
0x08,0xF1,0xFF,0xF2,0x01,0x04,0x09,0xF1,0xFF,0xF2,0x01,0x04,0x0A,0xF1,0xFF,0xF2,
0x01,0x05,0x01,0xF1,0xFF,0xF2,0x01,0x05,0x02,0xF1,0xFF,0xF2,0x01,0x05,0x03,0xF1,
0xFF,0xF2,0x01,0x05,0x04,0xF1,0xFF,0xF2,0x01,0x05,0x05,0xF1,0xFF,0xF2,0x01,0x05,
0x06,0xF1,0xFF,0xF2,0x01,0x05,0x07,0xF1,0xFF,0xF2,0x01,0x05,0x08,0xF1,0xFF,0xF2,
0x01,0x05,0x09,0xF1,0xFF,0xF2,0x01,0x05,0x0A,0xF1,0xFF,0xF2,0x01,0x06,0x01,0xF1,
0xFF,0xF2,0x01,0x06,0x02,0xF1,0xFF,0xF2,0x01,0x06,0x03,0xF1,0xFF,0xF2,0x01,0x06,
0x04,0xF1,0xFF,0xF2,0x01,0x06,0x05,0xF1,0xFF,0xF2,0x01,0x06,0x06,0xF1,0xFF,0xF2,
0x01,0x06,0x07,0xF1,0xFF,0xF2,0x01,0x06,0x08,0xF1,0xFF,0xF2,0x01,0x06,0x09,0xF1,
0xFF,0xF2,0x01,0x06,0x0A,0xF1,0xFF,0xF2,0x01,0x07,0x01,0xF1,0xFF,0xF2,0x01,0x07,
0x02,0xF1,0xFF,0xF2,0x01,0x07,0x03,0xF1,0xFF,0xF2,0x01,0x07,0x04,0xF1,0xFF,0xF2,
0x01,0x07,0x05,0xF1,0xFF,0xF2,0x01,0x07,0x06,0xF1,0xFF,0xF2,0x01,0x07,0x07,0xF1,
0xFF,0xF2,0x01,0x07,0x08,0xF1,0xFF,0xF2,0x01,0x07,0x09,0xF1,0xFF,0xF2,0x01,0x07,
0x0A,0xF1,0xFF,0xF2,0x01,0x08,0x01,0xF1,0xFF,0xF2,0x01,0x08,0x02,0xF1,0xFF,0xF2,
0x01,0x08,0x03,0xF1,0xFF,0xF2,0x01,0x08,0x04,0xF1,0xFF,0xF2,0x01,0x08,0x05,0xF1,
0xFF,0xF2,0x01,0x08,0x06,0xF1,0xFF,0xF2,0x01,0x08,0x07,0xF1,0xFF,0xF2,0x01,0x08,
0x08,0xF1,0xFF,0xF2,0x01,0x08,0x09,0xF1,0xFF,0xF2,0x01,0x08,0x0A,0xF1,0xFF,0xF2,
0x01,0x09,0x01,0xF1,0xFF,0xF2,0x01,0x09,0x02,0xF1,0xFF,0xF2,0x01,0x09,0x03,0xF1,
0xFF,0xF2,0x01,0x09,0x04,0xF1,0xFF,0xF2,0x01,0x09,0x05,0xF1,0xFF,0xF2,0x01,0x09,
0x06,0xF1,0xFF,0xF2,0x01,0x09,0x07,0xF1,0xFF,0xF2,0x01,0x09,0x08,0xF1,0xFF,0xF2,
0x01,0x09,0x09,0xF1,0xFF,0xF2,0x01,0x09,0x0A,0xF1,0xFF,0xF2,0x01,0x0A,0x01,0xF1,
0xFF,0xF2,0x01,0x0A,0x02,0xF1,0xFF,0xF2,0x01,0x0A,0x03,0xF1,0xFF,0xF2,0x01,0x0A,
0x04,0xF1,0xFF,0xF2,0x01,0x0A,0x05,0xF1,0xFF,0xF2,0x01,0x0A,0x06,0xF1,0xFF,0xF2,
0x01,0x0A,0x07,0xF1,0xFF,0xF2,0x01,0x0A,0x08,0xF1,0xFF,0xF2,0x01,0x0A,0x09,0xF1,
0xFF,0xF2,0x01,0x0A,0x0A,0xF1,0xFF,0xF2,0x02,0x01,0x01,0xF1,0xFF,0xF2,0x02,0x01,
0x02,0xF1,0xFF,0xF2,0x02,0x01,0x03,0xF1,0xFF,0xF2,0x02,0x01,0x04,0xF1,0xFF,0xF2,
0x02,0x01,0x05,0xF1,0xFF,0xF2,0x02,0x01,0x06,0xF1,0xFF,0xF2,0x02,0x01,0x07,0xF1,
0xFF,0xF2,0x02,0x01,0x08,0xF1,0xFF,0xF2,0x02,0x01,0x09,0xF1,0xFF,0xF2,0x02,0x01,
0x0A,0xF1,0xFF,0xF2,0x02,0x02,0x01,0xF1,0xFF,0xF2,0x02,0x02,0x02,0xF1,0xFF,0xF2,
0x02,0x02,0x03,0xF1,0xFF,0xF2,0x02,0x02,0x04,0xF1,0xFF,0xF2,0x02,0x02,0x05,0xF1,
0xFF,0xF2,0x02,0x02,0x06,0xF1,0xFF,0xF2,0x02,0x02,0x07,0xF1,0xFF,0xF2,0x02,0x02,
0x08,0xF1,0xFF,0xF2,0x02,0x02,0x09,0xF1,0xFF,0xF2,0x02,0x02,0x0A,0xF1,0xFF,0xF2,
0x02,0x03,0x01,0xF1,0xFF,0xF2,0x02,0x03,0x02,0xF1,0xFF,0xF2,0x02,0x03,0x03,0xF1,
0xFF,0xF2,0x02,0x03,0x04,0xF1,0xFF,0xF2,0x02,0x03,0x05,0xF1,0xFF,0xF2,0x02,0x03,
0x06,0xF1,0xFF,0xF2,0x02,0x03,0x07,0xF1,0xFF,0xF2,0x02,0x03,0x08,0xF1,0xFF,0xF2,
0x02,0x03,0x09,0xF1,0xFF,0xF2,0x02,0x03,0x0A,0xF1,0xFF,0xF2,0x02,0x04,0x01,0xF1,
0xFF,0xF2,0x02,0x04,0x02,0xF1,0xFF,0xF2,0x02,0x04,0x03,0xF1,0xFF,0xF2,0x02,0x04,
0x04,0xF1,0xFF,0xF2,0x02,0x04,0x05,0xF1,0xFF,0xF2,0x02,0x04,0x06,0xF1,0xFF,0xF2,
0x02,0x04,0x07,0xF1,0xFF,0xF2,0x02,0x04,0x08,0xF1,0xFF,0xF2,0x02,0x04,0x09,0xF1,
0xFF,0xF2,0x02,0x04,0x0A,0xF1,0xFF,0xF2,0x02,0x05,0x01,0xF1,0xFF,0xF2,0x02,0x05,
0x02,0xF1,0xFF,0xF2,0x02,0x05,0x03,0xF1,0xFF,0xF2,0x02,0x05,0x04,0xF1,0xFF,0xF2,
0x02,0x05,0x05,0xF1,0xFF,0xF2,0x02,0x05,0x06,0xF1,0xFF,0xF2,0x02,0x05,0x07,0xF1,
0xFF,0xF2,0x02,0x05,0x08,0xF1,0xFF,0xF2,0x02,0x05,0x09,0xF1,0xFF,0xF2,0x02,0x05,
0x0A,0xF1,0xFF,0xF2,0x02,0x06,0x01,0xF1,0xFF,0xF2,0x02,0x06,0x02,0xF1,0xFF,0xF2,
0x02,0x06,0x03,0xF1,0xFF,0xF2,0x02,0x06,0x04,0xF1,0xFF,0xF2,0x02,0x06,0x05,0xF1,
0xFF,0xF2,0x02,0x06,0x06,0xF1,0xFF,0xF2,0x02,0x06,0x07,0xF1,0xFF,0xF2,0x02,0x06,
0x08,0xF1,0xFF,0xF2,0x02,0x06,0x09,0xF1,0xFF,0xF2,0x02,0x06,0x0A,0xF1,0xFF,0xF2,
0x02,0x07,0x01,0xF1,0xFF,0xF2,0x02,0x07,0x02,0xF1,0xFF,0xF2,0x02,0x07,0x03,0xF1,
0xFF,0xF2,0x02,0x07,0x04,0xF1,0xFF,0xF2,0x02,0x07,0x05,0xF1,0xFF,0xF2,0x02,0x07,
0x06,0xF1,0xFF,0xF2,0x02,0x07,0x07,0xF1,0xFF,0xF2,0x02,0x07,0x08,0xF1,0xFF,0xF2,
0x02,0x07,0x09,0xF1,0xFF,0xF2,0x02,0x07,0x0A,0xF1,0xFF,0xF2,0x02,0x08,0x01,0xF1,
0xFF,0xF2,0x02,0x08,0x02,0xF1,0xFF,0xF2,0x02,0x08,0x03,0xF1,0xFF,0xF2,0x02,0x08,
0x04,0xF1,0xFF,0xF2,0x02,0x08,0x05,0xF1,0xFF,0xF2,0x02,0x08,0x06,0xF1,0xFF,0xF2,
0x02,0x08,0x07,0xF1,0xFF,0xF2,0x02,0x08,0x08,0xF1,0xFF,0xF2,0x02,0x08,0x09,0xF1,
0xFF,0xF2,0x02,0x08,0x0A,0xF1,0xFF,0xF2,0x02,0x09,0x01,0xF1,0xFF,0x0E,0x36,0xE5,
0x00,0x21,0x29,0x2D,0x30,0xFF,0x19,0x31,0x29,0x2B,0x25,0xFF,0x0E,0x25,0x36,0x2F,
0x00,0x0F,0x30,0x2A,0xFF,0x11,0x39,0x29,0x36,0x36,0x25,0x37,0x00,0x0F,0x30,0x2A,
0x2D,0x27,0x25,0x37,0xFF,0xF2,0x1C,0x0F,0x11,0x1C,0x0B,0x1D,0xF1,0xFF,0x0B,0x34,
0x39,0x32,0x38,0x29,0x00,0x27,0x33,0x31,0x00,0xD4,0x0D,0x33,0x32,0x38,0x36,0x33,
0x30,0x00,0x1A,0x25,0x28,0x00,0x29,0xFC,0x39,0x37,0x25,0x00,0x0C,0x00,0x0C,0x1F,
0x1E,0x1E,0x19,0x18,0x00,0x34,0x25,0x36,0x25,0x00,0x2B,0x33,0x30,0x34,0x29,0x25,
0x36,0xFC,0x17,0x29,0x30,0x30,0x32,0x29,0x38,0x37,0x00,0x27,0x33,0x31,0x00,0x1C,
0x29,0x27,0x33,0x2D,0x30,0x00,0x1C,0x33,0x28,0xE5,0xFC,0x19,0x37,0x00,0x17,0x29,
0x30,0x30,0x32,0x29,0x38,0x37,0x00,0x28,0x29,0x00,0x27,0x33,0x36,0x29,0x37,0xFC,
0x37,0x25,0x33,0x00,0x31,0x25,0x2D,0x37,0x00,0x28,0x39,0x36,0x33,0x37,0x00,0x29,
0x00,0x36,0x29,0x35,0x39,0x29,0x36,0x29,0x31,0xFC,0x03,0x00,0x28,0x2D,0x37,0x34,
0x25,0x36,0x33,0x37,0x00,0x33,0x39,0x00,0x39,0x31,0x00,0x27,0x25,0x36,0x36,0x29,
0x2B,0x25,0x28,0x33,0xE5,0xFC,0x04,0x00,0x2A,0x25,0x30,0x2C,0x25,0x37,0x00,0xDB,
0x00,0x2A,0x2D,0x31,0x00,0x28,0x29,0x00,0x2E,0x33,0x2B,0x33,0xE5,0xFF,0x11,0x39,
0x2D,0x25,0x00,0x06,0x00,0x2E,0x33,0x2D,0x25,0x37,0x00,0x28,0x29,0x00,0x27,0x33,
0x36,0xFC,0x25,0x33,0x00,0x27,0x33,0x34,0x33,0x00,0x28,0x29,0x00,0x33,0x00,0x31,
0x29,0x37,0x31,0x33,0x00,0x27,0x33,0x36,0xE5,0xFC,0x0B,0x37,0x00,0x2E,0x33,0x2D,
0x25,0x37,0x00,0x38,0x33,0x31,0x25,0x36,0x25,0x33,0x00,0x38,0x33,0x28,0x33,0x37,
0xFC,0x33,0x37,0x00,0x2B,0x2D,0x36,0x33,0x37,0x00,0x34,0x33,0x37,0x37,0x2D,0x3A,
0x29,0x2D,0x37,0xE5,0xFC,0x1F,0x37,0x25,0x00,0x0B,0x00,0x0C,0x1F,0x1E,0x1E,0x19,
0x18,0x00,0x33,0x39,0x00,0x0C,0x00,0x0C,0x1F,0x1E,0x1E,0x19,0x18,0xFC,0x34,0x25,
0x36,0x25,0x00,0x25,0x26,0x36,0x2D,0x36,0x00,0x33,0x39,0x00,0x2A,0x29,0x27,0x2C,
0x25,0x36,0x00,0x36,0x33,0x38,0x25,0x37,0xE5,0xFC,0x04,0x00,0x2A,0x25,0x30,0x2C,
0x25,0x37,0x00,0xDB,0x00,0x2A,0x2D,0x31,0x00,0x28,0x29,0x00,0x2E,0x33,0x2B,0x33,
0xE5,0xFF,0x1F,0x37,0x25,0x00,0x04,0x00,0x29,0x30,0x29,0x31,0x29,0x32,0x38,0x33,
0x37,0x00,0x34,0x25,0x36,0x25,0xFC,0x28,0x29,0x37,0x38,0x36,0x39,0x2D,0x36,0x00,
0x34,0x25,0x2D,0x32,0x29,0x2D,0x37,0x00,0x29,0x31,0x00,0x2A,0x2D,0x38,0x25,0xE5,
0xFC,0x16,0x00,0x0C,0x1F,0x1E,0x1E,0x19,0x18,0x00,0x29,0x00,0x1C,0x00,0x0C,0x1F,
0x1E,0x1E,0x19,0x18,0xFC,0x31,0x39,0x28,0x25,0x31,0x00,0x29,0x30,0x29,0x31,0xE5,
0xE8,0x00,0x0C,0x00,0x0C,0x1F,0x1E,0x1E,0x19,0x18,0xFC,0x25,0x38,0x25,0x27,0x25,
0xE5,0x00,0x1C,0x25,0x2D,0x33,0x00,0x3A,0x29,0x32,0x27,0x29,0x00,0x11,0x29,0x30,
0x33,0xE8,0xFC,0x11,0x29,0x30,0x33,0x00,0x3A,0x29,0x32,0x27,0x29,0x00,0x10,0x33,
0x2B,0x33,0xE8,0x00,0x10,0x33,0x2B,0x33,0xFC,0x3A,0x29,0x32,0x27,0x29,0x00,0x1C,
0x25,0x2D,0x33,0xE5,0x00,0x04,0x00,0x2A,0x25,0x30,0x2C,0x25,0x37,0x00,0xDB,0x00,
0x2A,0x2D,0x31,0xFF,0x17,0x33,0x32,0x38,0x25,0x00,0x25,0x00,0x0B,0x3E,0x38,0x29,
0x27,0x00,0x10,0x25,0x30,0x27,0x33,0x32,0x00,0x29,0xFC,0x37,0x25,0x30,0x38,0x25,
0x00,0x33,0x26,0x37,0x38,0x25,0x27,0x39,0x30,0x33,0x37,0x00,0x29,0x00,0x27,0x33,
0x36,0x38,0x25,0xFC,0x2D,0x32,0x2D,0x31,0x2D,0x2B,0x33,0x37,0xE5,0x00,0x0B,0x00,
0x0C,0x1F,0x1E,0x1E,0x19,0x18,0x00,0x37,0x25,0x30,0x38,0x25,0xED,0xFC,0x0C,0x00,
0x0C,0x1F,0x1E,0x1E,0x19,0x18,0x00,0x25,0x38,0x25,0x27,0x25,0xE5,0x00,0x1E,0x29,
0x36,0x31,0x2D,0x32,0x25,0xFC,0x25,0x33,0x00,0x36,0x29,0x27,0x29,0x26,0x29,0x36,
0x00,0x04,0x00,0x2B,0x33,0x30,0x34,0x29,0x37,0xE8,0xFC,0x27,0x2C,0x33,0x27,0x25,
0x36,0x00,0x33,0x39,0x00,0x27,0x25,0x2D,0x36,0x00,0x29,0x31,0x00,0x39,0x31,0xFC,
0x26,0x39,0x36,0x25,0x27,0x33,0xE5,0xFF,0x0F,0x3A,0x2D,0x38,0x25,0x00,0x35,0x39,
0x29,0x00,0x0D,0x25,0x36,0x36,0x3D,0x25,0x36,0x31,0x37,0x00,0x36,0x33,0x39,0x26,
0x29,0xFC,0x33,0x37,0x00,0x33,0x26,0x2E,0x29,0x38,0x33,0x37,0xE5,0x00,0xD4,0x0D,
0x33,0x32,0x38,0x36,0x33,0x30,0x00,0x1A,0x25,0x28,0xFC,0x31,0x33,0x3A,0x29,0x00,
0x25,0x00,0x10,0x29,0x2A,0x32,0x2D,0x36,0xED,0x00,0x0C,0x00,0x0C,0x1F,0x1E,0x1E,
0x19,0x18,0xFC,0x34,0x25,0x36,0x25,0x00,0x30,0x25,0x32,0x27,0x25,0x36,0x00,0x17,
0x29,0x38,0x29,0x33,0x36,0x00,0x1C,0x25,0x2D,0x32,0xE5,0xFC,0x11,0x25,0x32,0x2C,
0x25,0x37,0x00,0x26,0x33,0x32,0x39,0x37,0x00,0x25,0x33,0x00,0x27,0x25,0x2D,0x36,
0x00,0x2D,0x38,0x29,0x32,0x37,0xE5,0xFC,0x10,0x2D,0x31,0x00,0x37,0x29,0x00,0x36,
0x33,0x39,0x26,0x25,0x31,0x00,0x39,0x31,0x00,0x33,0x26,0x2E,0x29,0x38,0x33,0xE5,
0xFF,0x17,0x33,0x3A,0x29,0x00,0x25,0x00,0x16,0x29,0x3A,0x2D,0x25,0x38,0x2C,0x25,
0x32,0xFC,0x27,0x33,0x31,0x00,0xD4,0x0D,0x33,0x32,0x38,0x36,0x33,0x30,0x00,0x1A,
0x25,0x28,0xED,0xFC,0x0C,0x00,0x0C,0x1F,0x1E,0x1E,0x19,0x18,0x00,0x34,0x25,0x36,
0x25,0x00,0x30,0x25,0x32,0x27,0x25,0xE5,0xFC,0x11,0x25,0x32,0x2C,0x25,0x37,0x00,
0x34,0x38,0x37,0xE5,0x00,0x29,0x00,0x38,0x29,0x31,0x34,0x33,0xFC,0x2B,0x33,0x30,
0x34,0x29,0x25,0x32,0x28,0x33,0x00,0x37,0x33,0xFC,0x17,0x29,0x27,0x2C,0x25,0x32,
0x2D,0x30,0x33,0x2D,0x28,0x37,0xED,0x00,0x27,0x33,0x31,0x26,0x33,0x37,0xFC,0x28,
0x25,0x33,0x00,0x26,0x33,0x32,0x39,0x37,0xE5,0x00,0x10,0x2D,0x31,0xD9,0x00,0x38,
0x29,0x31,0x34,0x33,0xE5,0xFF,0x1D,0x25,0x30,0x38,0x25,0x00,0x28,0x29,0x00,0x39,
0x31,0x00,0x37,0x2C,0x39,0x36,0x2D,0x2F,0x29,0x32,0x00,0x25,0xFC,0x33,0x39,0x38,
0x36,0x33,0xE5,0x00,0xD4,0x0D,0x33,0x32,0x38,0x36,0x33,0x30,0x00,0x1A,0x25,0x28,
0x00,0x34,0x25,0x36,0x25,0xFC,0x31,0x33,0x3A,0x29,0x36,0xD6,0x38,0x29,0xED,0x00,
0x0B,0x00,0x0C,0x1F,0x1E,0x1E,0x19,0x18,0x00,0x37,0x25,0x30,0x38,0x25,0xE5,0xFC,
0x1E,0x29,0x36,0x31,0x2D,0x32,0x25,0x00,0x37,0x29,0x00,0x38,0x29,0x00,0x2B,0x33,
0x30,0x34,0x29,0x2D,0x25,0x31,0x00,0x04,0xFC,0x3A,0x29,0x3E,0x29,0x37,0x00,0x33,
0x39,0x00,0x27,0x25,0x2D,0x37,0x00,0x28,0x29,0x00,0x39,0x31,0xE5,0xFF,0x1D,0x25,
0x2D,0x36,0x00,0x28,0x29,0x00,0x33,0x00,0x2E,0x33,0x2B,0x33,0x00,0x29,0x00,0x3A,
0x33,0x30,0x38,0x25,0x36,0xFC,0x25,0x00,0x38,0x29,0x30,0x25,0x00,0x28,0x29,0x00,
0x38,0x2D,0x38,0x39,0x30,0x33,0xE5,0xFC,0x19,0x00,0x34,0x36,0x33,0x2B,0x36,0x29,
0x37,0x37,0x33,0x00,0x37,0x29,0x00,0x34,0x29,0x36,0x28,0x29,0x36,0x25,0xE5,0xFF,
0x1D,0x25,0x2D,0x36,0x00,0x25,0x00,0x38,0x29,0x30,0x25,0xFC,0x34,0x36,0x2D,0x32,
0x27,0x2D,0x34,0x25,0x30,0xE5,0x00,0x19,0x00,0x34,0x36,0x33,0x2B,0x36,0x29,0x37,
0x37,0x33,0xFC,0x32,0x25,0x33,0x00,0x37,0x25,0x30,0x3A,0x33,0x00,0x37,0x29,0x00,
0x34,0x29,0x36,0x28,0x29,0x36,0x25,0xE5,0xFF,
};
alignas(16) inline constexpr uint16_t mmz3_msg00_script_offsets[] = {
0x0000,0x0029,0x0059,0x008A,0x0099,0x00B8,0x00D0,0x00EB,
0x0101,0x011A,0x012A,0x013E,0x0150,0x0150,0x0150,0x0150,
0x018A,0x01AC,0x01CB,0x0214,0x0218,0x0286,0x02A6,0x03DD,
0x03F4,0x04F5,0x050C,0x0603,0x0623,0x0699,0x06B7,0x0738,
0x0756,0x07FF,0x081D,0x092D,0x094E,0x0A26,0x0A46,0x0B6A,
0x0B81,0x0C37,0x0C4E,0x0CCA,0x0CEA,0x0D56,0x0D76,0x0D76,
0x0D76,0x0D76,0x0D76,0x0D8E,0x0DB4,0x0DD9,0x0DFD,0x0E1C,
0x0E3E,0x0E60,0x0E82,0x0EA5,0x0ECA,0x0EE5,0x0F07,0x0F26,
0x0F47,0x0F68,0x0F86,0x0F86,0x0F86,0x0F86,0x0F86,0x0FC5,
0x0FF2,0x100D,0x100D,0x1025,0x102F,0x1056,0x1078,0x1097,
0x10A4,0x10C4,0x10DF,0x10DF,0x10DF,0x10DF,0x10DF,0x10DF,
0x10DF,0x10DF,0x11E8,0x12BA,0x13D5,0x1445,0x14DB,0x154B,
0x15BB,0x162B,0x16DB,0x1792,0x1849,0x18FA,0x19C9,0x19F2,
0x1A0D,0x1A3F,0x1B3E,0x1B61,0x1B96,0x1BCD,0x1BFC,0x1C29,
0x1C42,0x1C42,0x1C42,0x1C42,0x1C77,0x1C8F,0x1CBF,0x1CBF,
0x1CBF,0x1CBF,0x1CE5,0x1D1B,0x1D4F,0x1D75,0x1D9E,0x1DC9,
0x1DF2,0x1E44,0x1E6F,0x1E97,0x1EBF,0x1EFD,0x1F24,0x1F4E,
0x1F70,0x1F99,0x1FD0,0x200D,0x2035,0x205F,0x2089,0x20C9,
0x20FA,0x2145,0x2172,0x21B1,0x21F3,0x2220,0x2264,0x2290,
0x22B4,0x22D7,0x2315,0x2351,0x2391,0x23B5,0x23DF,0x241C,
0x2445,0x249B,0x24C5,0x251C,0x255C,0x259A,0x25BE,0x25E7,
0x260E,0x263B,0x2665,0x268C,0x26C3,0x26EC,0x2730,0x276E,
0x2794,0x27BD,0x27EF,0x2815,0x2841,0x286D,0x2893,0x28BC,
0x28E4,0x290F,0x293B,0x2965,0x298C,0x29B5,0x29DD,0x2A06,
0x2A30,0x2A58,0x2A83,0x2AAB,0x2AD7,0x2AFF,0x2B28,0x2B52,
0x2B7B,0x2BA6,0x2BD2,0x2BFB,0x2C26,0x2C50,0x2C7A,0x2CA4,
0x2CA4,0x2CA4,0x2CA4,0x2CCB,0x2CF2,0x2D1B,0x2D45,0x2D6E,
0x2D9A,0x2DC4,0x2E23,
};
constexpr int mmz3_msg00_num_entries = 219;
alignas(16) inline constexpr uint8_t mmz3_msg00_script_data[] = {
0xF3,0x02,0x0D,0x33,0x31,0x00,0x35,0x39,0x29,0x31,0x00,0x3A,0x25,0x2D,0x00,0x2A,
0x25,0x30,0x25,0x36,0xDD,0xFC,0x00,0x00,0x19,0x34,0x29,0x36,0x25,0x28,0x33,0x36,
0x25,0xFC,0x00,0x00,0x0D,0x2D,0x29,0x30,0xFF,0xF3,0x40,0x19,0x00,0x35,0x39,0x29,
0x00,0x3A,0x33,0x27,0x29,0x00,0x34,0x36,0x29,0x27,0x2D,0x37,0x25,0xDD,0xFC,0x00,
0x00,0x11,0x29,0x36,0x29,0x32,0x27,0x2D,0x25,0x36,0x00,0x28,0x25,0x28,0x33,0x37,
0xFC,0x00,0x00,0x10,0x25,0x30,0x25,0x36,0xFF,0xF3,0x40,0x00,0x00,0x1D,0x25,0x30,
0x3A,0x25,0x36,0x00,0x28,0x25,0x28,0x33,0x37,0xFC,0x00,0x00,0x0D,0x25,0x36,0x36,
0x29,0x2B,0x25,0x36,0x00,0x28,0x25,0x28,0x33,0x37,0xFC,0x00,0x00,0x0B,0x34,0x25,
0x2B,0x25,0x36,0x00,0x28,0x25,0x28,0x33,0x37,0xFF,0xF3,0x40,0x19,0x32,0x28,0x29,
0x00,0x37,0x25,0x30,0x3A,0x25,0x36,0xDD,0xFF,0xF3,0x40,0x00,0xD9,0x00,0x1D,0x33,
0x26,0x36,0x29,0x37,0x27,0x36,0x29,0x3A,0x29,0x36,0xDD,0xFC,0x00,0x00,0x1D,0x13,
0x17,0xFC,0x00,0x00,0x18,0x0B,0x19,0xFF,0xF3,0x40,0x1B,0x39,0x25,0x2D,0x37,0x00,
0x28,0x25,0x28,0x33,0x37,0x00,0x27,0x25,0x36,0x36,0x29,0x2B,0x25,0x36,0xDD,0xFF,
0xF3,0x40,0x00,0xD9,0x00,0x0D,0x25,0x36,0x36,0x29,0x2B,0x25,0x36,0xDD,0xFC,0x00,
0x00,0x1D,0x13,0x17,0xFC,0x00,0x00,0x18,0x0B,0x19,0xFF,0xF3,0x40,0x1B,0x39,0x25,
0x2D,0x37,0x00,0x28,0x25,0x28,0x33,0x37,0x00,0x25,0x34,0x25,0x2B,0x25,0x36,0xDD,
0xFF,0xF3,0x40,0x00,0xD9,0x00,0x0B,0x34,0x25,0x2B,0x25,0x36,0xDD,0xFC,0x00,0x00,
0x1D,0x13,0x17,0xFC,0x00,0x00,0x18,0x0B,0x19,0xFF,0xF3,0x40,0x0E,0x25,0x28,0x33,
0x37,0x00,0x37,0x25,0x30,0x3A,0x33,0x37,0xE5,0xFF,0xF3,0x40,0x0E,0x25,0x28,0x33,
0x37,0x00,0x27,0x25,0x36,0x36,0x29,0x2B,0x25,0x28,0x33,0x37,0xE5,0xFF,0xF3,0x40,
0x0E,0x25,0x28,0x33,0x37,0x00,0x25,0x34,0x25,0x2B,0x25,0x28,0x33,0x37,0xE5,0xFF,
0xF3,0x62,0xFA,0x19,0x36,0x28,0x29,0x32,0x37,0xE8,0x00,0x34,0x33,0x36,0x00,0x2A,
0x25,0x3A,0x33,0x36,0xE5,0xFC,0x00,0x00,0x0F,0x37,0x27,0x33,0x30,0x2C,0x29,0x36,
0x00,0x31,0x2D,0x37,0x37,0x25,0x33,0xFC,0x00,0x00,0x1E,0x36,0x25,0x32,0x37,0xE5,
0x00,0x28,0x29,0x00,0x3A,0x33,0x30,0x38,0x25,0xFF,0xF3,0x62,0xFA,0x17,0x33,0x37,
0x38,0x36,0x25,0x32,0x28,0x33,0x00,0x31,0x2D,0x37,0x37,0x33,0x29,0x37,0xFC,0x28,
0x2D,0x37,0x34,0x33,0x32,0x2D,0x3A,0x29,0x2D,0x37,0xD9,0xFF,0xF3,0x62,0xFB,0x0D,
0x29,0x36,0x38,0x33,0xE8,0x00,0x3A,0x29,0x2E,0x25,0x31,0x33,0x37,0xFC,0x33,0x39,
0x38,0x36,0x25,0x00,0x33,0x34,0x27,0x25,0x33,0xE5,0xFF,0xF3,0x62,0xFB,0x0F,0x37,
0x38,0x25,0x37,0x00,0x37,0x25,0x33,0x00,0x25,0x37,0xFC,0x39,0x32,0x2D,0x27,0x25,
0x37,0x00,0x31,0x2D,0x37,0x37,0x33,0x29,0x37,0xFC,0x28,0x2D,0x37,0x34,0x33,0x32,
0x2D,0x3A,0x29,0x2D,0x37,0xE5,0xFD,0x20,0x33,0x30,0x38,0x29,0x00,0x35,0x39,0x25,
0x32,0x28,0x33,0xFC,0x29,0x37,0x38,0x2D,0x3A,0x29,0x36,0x00,0x34,0x36,0x33,0x32,
0x38,0x33,0xE5,0xFF,0xF3,0x02,0xFB,0xFF,0xF3,0x61,0xFB,0x19,0x00,0x29,0x3C,0x29,
0x36,0x27,0x2D,0x38,0x33,0x00,0x28,0x29,0xFC,0x18,0x29,0x33,0x00,0x0B,0x36,0x27,
0x25,0x28,0x2D,0x25,0x00,0x29,0x37,0x38,0x25,0x00,0x37,0x29,0xFC,0x36,0x29,0x39,
0x32,0x2D,0x32,0x28,0x33,0x00,0x32,0x25,0x00,0x26,0x25,0x37,0x29,0xFD,0x28,0x33,
0x00,0x0B,0x29,0x2B,0x2D,0x37,0x00,0x20,0x33,0x30,0x27,0x25,0x32,0x33,0xE5,0xFD,
0x18,0x25,0x33,0x00,0x37,0x25,0x26,0x29,0x31,0x33,0x37,0x00,0x35,0x39,0x25,0x2D,
0x37,0xFC,0x37,0x25,0x33,0x00,0x37,0x39,0x25,0x37,0x00,0x2D,0x32,0x38,0x29,0x32,
0x27,0x33,0x29,0x37,0xE5,0xFF,0xF3,0x62,0xFB,0x0F,0x3C,0x34,0x30,0x33,0x36,0x25,
0x36,0x00,0x25,0x00,0x25,0x36,0x29,0x25,0xDD,0xFC,0x00,0x00,0x1D,0x13,0x17,0xFC,
0x00,0x00,0x18,0x0B,0x19,0xFF,0xF3,0x61,0xFB,0x0E,0x29,0x38,0x29,0x27,0x38,0x25,
0x31,0x33,0x37,0x00,0x39,0x31,0x00,0x37,0x2D,0x32,0x25,0x30,0xFC,0x37,0x2D,0x31,
0x2D,0x30,0x25,0x36,0x00,0x25,0x33,0x00,0x28,0x33,0x00,0x0E,0x25,0x36,0x2F,0xFC,
0x0F,0x30,0x2A,0x00,0x32,0x25,0x37,0xFD,0x36,0x39,0x2D,0x32,0x25,0x37,0x00,0x28,
0x29,0x00,0x39,0x31,0x25,0xFC,0x36,0x33,0x28,0x33,0x3A,0x2D,0x25,0x00,0x33,0x27,
0x29,0x25,0x32,0x2D,0x27,0x25,0xFC,0x2D,0x32,0x38,0x29,0x36,0x27,0x33,0x32,0x38,
0x2D,0x32,0x29,0x32,0x38,0x25,0x30,0xE5,0xE5,0xE5,0xFD,0x1E,0x25,0x31,0x26,0x29,
0x31,0x00,0x27,0x33,0x32,0x2A,0x2D,0x36,0x31,0x25,0x31,0x33,0x37,0xFC,0x35,0x39,
0x29,0x00,0x18,0x29,0x33,0x00,0x0B,0x36,0x27,0x25,0x28,0x2D,0x25,0x00,0x33,0xFC,
0x29,0x37,0x38,0x25,0x00,0x37,0x29,0x2B,0x39,0x2D,0x32,0x28,0x33,0xE5,0xFD,0x0B,
0x27,0x36,0x29,0x28,0x2D,0x38,0x25,0x31,0x33,0x37,0x00,0x35,0x39,0x29,0x00,0x3A,
0x25,0x33,0xFC,0x28,0x29,0x31,0x33,0x36,0x25,0x36,0x00,0x39,0x31,0x00,0x38,0x29,
0x31,0x34,0x33,0x00,0x34,0x25,0x36,0x25,0xFC,0x27,0x2C,0x29,0x2B,0x25,0x36,0x00,
0x25,0x00,0x33,0x36,0x2D,0x2B,0x29,0x31,0x00,0x28,0x29,0x37,0x38,0x29,0xFD,0x37,
0x2D,0x32,0x25,0x30,0xE5,0xFD,0x1D,0x29,0x00,0x34,0x33,0x37,0x37,0x2D,0x3A,0x29,
0x30,0xE8,0xFC,0x3A,0x33,0x27,0x29,0x00,0x28,0x29,0x3A,0x29,0x00,0x3A,0x29,0x36,
0x2D,0x2A,0x2D,0x27,0x25,0x36,0xFC,0x29,0x37,0x38,0x29,0x00,0x37,0x2D,0x32,0x25,
0x30,0xE8,0xFD,0x29,0x00,0x37,0x29,0x00,0x36,0x29,0x25,0x30,0x31,0x29,0x32,0x38,
0x29,0x00,0x2A,0x33,0x36,0xFC,0x33,0x00,0x0E,0x25,0x36,0x2F,0x00,0x0F,0x30,0x2A,
0xE8,0xFC,0x34,0x36,0x33,0x38,0x29,0x2E,0x25,0xD6,0x33,0xE5,0xFF,0xF3,0x62,0xFB,
0x0B,0x27,0x29,0x2D,0x38,0x25,0xDD,0xFC,0x00,0x00,0x1D,0x13,0x17,0xFC,0x00,0x00,
0x18,0x0B,0x19,0xFF,0xF3,0x61,0xFB,0x0E,0x29,0x37,0x27,0x33,0x26,0x36,0x2D,0x31,
0x33,0x37,0x00,0x39,0x31,0x25,0xFC,0x2A,0x25,0x26,0x36,0x2D,0x27,0x25,0x00,0x28,
0x29,0x00,0x25,0x36,0x31,0x25,0x37,0x00,0x28,0x29,0xFC,0x18,0x29,0x33,0x00,0x0B,
0x36,0x27,0x25,0x28,0x2D,0x25,0xE5,0xFD,0x0F,0x37,0x38,0x25,0x33,0x00,0x36,0x29,
0x34,0x25,0x36,0x25,0x32,0x28,0x33,0x00,0x29,0xFC,0x36,0x29,0x27,0x33,0x32,0x28,
0x2D,0x27,0x2D,0x33,0x32,0x25,0x32,0x28,0x33,0xFC,0x25,0x36,0x31,0x25,0x37,0x00,
0x28,0x25,0x32,0x2D,0x2A,0x2D,0x27,0x25,0x28,0x25,0x37,0xE5,0xFD,0x1A,0x25,0x36,
0x29,0x27,0x29,0x00,0x31,0x25,0x2D,0x37,0x00,0x29,0x2A,0x2D,0x27,0x2D,0x29,0x32,
0x38,0x29,0xFC,0x28,0x33,0x00,0x35,0x39,0x29,0x00,0x2A,0x25,0x26,0x36,0x2D,0x27,
0x25,0x36,0xFC,0x25,0x36,0x31,0x25,0x37,0x00,0x32,0x33,0x3A,0x25,0x37,0xE5,0xFD,
0x0E,0x39,0x34,0x30,0x2D,0x27,0x25,0x36,0x25,0x31,0x00,0x37,0x39,0x25,0xFC,0x34,
0x36,0x33,0x28,0x39,0x27,0x25,0x33,0x00,0x28,0x29,0x00,0x25,0x36,0x31,0x25,0x37,
0xFC,0x36,0x29,0x27,0x29,0x32,0x38,0x29,0x31,0x29,0x32,0x38,0x29,0xE5,0xFD,0x0E,
0x29,0x37,0x38,0x36,0x39,0x25,0x00,0x25,0x00,0x2A,0x25,0x26,0x36,0x2D,0x27,0x25,
0xFC,0x34,0x25,0x36,0x25,0x00,0x29,0x32,0x2A,0x36,0x25,0x35,0x39,0x29,0x27,0x29,
0x36,0x00,0x37,0x29,0x39,0xFC,0x34,0x33,0x28,0x29,0x36,0x00,0x31,0x2D,0x30,0x2D,
0x38,0x25,0x36,0xE5,0xFF,0xF3,0x62,0xFB,0x0B,0x27,0x29,0x2D,0x38,0x25,0xDD,0xFC,
0x00,0x00,0x1D,0x13,0x17,0xFC,0x00,0x00,0x18,0x0B,0x19,0xFF,0xF3,0x61,0xFB,0x0F,
0x37,0x38,0x25,0x00,0x29,0x36,0x25,0x00,0x39,0x31,0x25,0x00,0x25,0x36,0x29,0x25,
0xFC,0x36,0x29,0x37,0x2D,0x28,0x29,0x32,0x27,0x2D,0x25,0x30,0x00,0x33,0x32,0x28,
0x29,0xFC,0x3A,0x2D,0x3A,0x2D,0x25,0x31,0x00,0x2C,0x39,0x31,0x25,0x32,0x33,0x37,
0xE5,0xFD,0x0F,0x32,0x3A,0x2D,0x25,0x31,0x33,0x37,0x00,0x34,0x29,0x37,0x37,0x33,
0x25,0x37,0xFC,0x34,0x25,0x36,0x25,0x00,0x2D,0x32,0x3A,0x29,0x37,0x38,0x2D,0x2B,
0x25,0x36,0xE5,0xE5,0xE5,0xFD,0x0F,0x00,0x36,0x29,0x27,0x29,0x26,0x29,0x31,0x33,
0x37,0x00,0x32,0x33,0x38,0x2D,0x27,0x2D,0x25,0x37,0xFC,0x28,0x29,0x00,0x35,0x39,
0x29,0x00,0x33,0x00,0x0E,0x25,0x36,0x2F,0x00,0x0F,0x30,0x2A,0x00,0x2A,0x33,0x2D,
0xFC,0x3A,0x2D,0x37,0x38,0x33,0x00,0x30,0x25,0xE5,0xFD,0x1A,0x33,0x36,0x00,0x25,
0x30,0x2B,0x39,0x31,0x00,0x31,0x33,0x38,0x2D,0x3A,0x33,0xE8,0xFC,0x32,0x25,0x33,
0x00,0x34,0x33,0x28,0x29,0x31,0x33,0x37,0x00,0x29,0x37,0x27,0x25,0x32,0x29,0x25,
0x36,0xFC,0x29,0x37,0x38,0x25,0x00,0x25,0x36,0x29,0x25,0xE5,0xFD,0x1B,0x39,0x29,
0x36,0x29,0x31,0x33,0x37,0x00,0x35,0x39,0x29,0x00,0x3A,0x25,0x00,0x25,0x38,0x29,
0x2C,0xFC,0x30,0x25,0x00,0x34,0x25,0x36,0x25,0x00,0x2D,0x32,0x3A,0x29,0x37,0x38,
0x2D,0x2B,0x25,0x36,0xFC,0x34,0x29,0x37,0x37,0x33,0x25,0x30,0x31,0x29,0x32,0x38,
0x29,0xE5,0xFF,0xF3,0x62,0xFB,0x1A,0x33,0x28,0x29,0x00,0x2D,0x32,0x3A,0x29,0x37,
0x38,0x2D,0x2B,0x25,0x36,0xDD,0xFC,0x00,0x00,0x1D,0x13,0x17,0xFC,0x00,0x00,0x18,
0x0B,0x19,0xFF,0xF3,0x61,0xFB,0x0E,0x29,0x38,0x29,0x27,0x38,0x25,0x31,0x33,0x37,
0x00,0x39,0x32,0x2D,0x28,0x25,0x28,0x29,0x37,0xFC,0x28,0x29,0x00,0x18,0x29,0x33,
0x00,0x0B,0x36,0x27,0x25,0x28,0x2D,0x25,0xFC,0x37,0x29,0x00,0x31,0x33,0x3A,0x29,
0x32,0x28,0x33,0xFD,0x34,0x29,0x30,0x33,0x00,0x28,0x29,0x37,0x29,0x36,0x38,0x33,
0xFC,0x28,0x33,0x00,0x37,0x39,0x30,0xE5,0xFD,0x0E,0x29,0x3A,0x29,0x31,0x33,0x37,
0x00,0x2D,0x32,0x38,0x29,0x36,0x27,0x29,0x34,0x38,0x25,0xD6,0xFC,0x30,0x25,0x37,
0x00,0x33,0x00,0x31,0x25,0x2D,0x37,0xFC,0x36,0x25,0x34,0x2D,0x28,0x33,0x00,0x34,
0x33,0x37,0x37,0x2D,0x3A,0x29,0x30,0xE5,0xFF,0xF3,0x62,0xFB,0x1A,0x33,0x28,0x29,
0x00,0x28,0x29,0x38,0x29,0xD6,0x30,0x33,0x37,0xDD,0xFC,0x00,0x00,0x1D,0x13,0x17,
0xFC,0x00,0x00,0x18,0x0B,0x19,0xFF,0xF3,0x61,0xFB,0x0E,0x29,0x38,0x29,0x27,0x38,
0x25,0x31,0x33,0x37,0x00,0x39,0x32,0x2D,0x28,0x25,0x28,0x29,0x37,0xFC,0x28,0x29,
0x00,0x18,0x29,0x33,0x00,0x0B,0x36,0x27,0x25,0x28,0x2D,0x25,0xFC,0x37,0x29,0x00,
0x31,0x33,0x3A,0x29,0x32,0x28,0x33,0xFD,0x34,0x29,0x30,0x25,0x00,0x10,0x30,0x33,
0x36,0x29,0x37,0x38,0x25,0x00,0x28,0x29,0xFC,0x0B,0x32,0x25,0x38,0x36,0x29,0xE5,
0xE5,0xE5,0xFD,0x0F,0x37,0x38,0x25,0x37,0x00,0x2A,0x33,0x36,0x27,0x25,0x37,0x00,
0x28,0x29,0x3A,0x29,0x31,0xFC,0x37,0x29,0x36,0x00,0x2D,0x32,0x38,0x29,0x36,0x27,
0x29,0x34,0x38,0x25,0x28,0x25,0x37,0xFC,0x33,0x00,0x35,0x39,0x25,0x32,0x38,0x33,
0x00,0x25,0x32,0x38,0x29,0x37,0xE5,0xFF,0xF3,0x62,0xFB,0x1A,0x33,0x28,0x29,0x00,
0x28,0x29,0x38,0x29,0xD6,0x30,0x33,0x37,0xDD,0xFC,0x00,0x00,0x1D,0x13,0x17,0xFC,
0x00,0x00,0x18,0x0B,0x19,0xFF,0xF3,0x61,0xFB,0x0E,0x29,0x38,0x29,0x27,0x38,0x25,
0x31,0x33,0x37,0x00,0x39,0x32,0x2D,0x28,0x25,0x28,0x29,0x37,0xFC,0x28,0x29,0x00,
0x18,0x29,0x33,0x00,0x0B,0x36,0x27,0x25,0x28,0x2D,0x25,0xFC,0x37,0x29,0x00,0x31,
0x33,0x3A,0x29,0x32,0x28,0x33,0xFD,0x34,0x29,0x30,0x25,0x00,0x38,0x39,0x32,0x28,
0x36,0x25,0x00,0x28,0x33,0xFC,0x32,0x33,0x36,0x38,0x29,0xE5,0xE5,0xE5,0xFD,0x19,
0x00,0x2D,0x32,0x2D,0x31,0x2D,0x2B,0x33,0x00,0x29,0x37,0x38,0x25,0xFC,0x27,0x33,
0x32,0x37,0x38,0x36,0x39,0x2D,0x32,0x28,0x33,0x00,0x39,0x31,0x25,0xFC,0x26,0x25,
0x37,0x29,0x00,0x32,0x33,0x00,0x2A,0x36,0x33,0x32,0x38,0x29,0xE5,0xFD,0x1A,0x25,
0x36,0x29,0x27,0x29,0x00,0x35,0x39,0x29,0x00,0x25,0x2D,0x32,0x28,0x25,0xFC,0x38,
0x29,0x31,0x33,0x37,0x00,0x26,0x25,0x37,0x38,0x25,0x32,0x38,0x29,0xFC,0x38,0x29,
0x31,0x34,0x33,0x00,0x34,0x25,0x36,0x25,0x00,0x25,0x2B,0x2D,0x36,0xE5,0xFF,0xF3,
0x62,0xFB,0x1A,0x33,0x28,0x29,0x00,0x28,0x29,0x38,0x29,0xD6,0x30,0x33,0x37,0xDD,
0xFC,0x00,0x00,0x1D,0x13,0x17,0xFC,0x00,0x00,0x18,0x0B,0x19,0xFF,0xF3,0x61,0xFB,
0x0B,0x32,0x25,0x30,0x2D,0x37,0x25,0x31,0x33,0x37,0x00,0x33,0x37,0xFC,0x31,0x33,
0x3A,0x2D,0x31,0x29,0x32,0x38,0x33,0x37,0x00,0x28,0x33,0xFC,0x2D,0x32,0x2D,0x31,
0x2D,0x2B,0x33,0xE5,0xE5,0xE5,0xFD,0x0D,0x33,0x31,0x33,0x00,0x36,0x29,0x37,0x39,
0x30,0x38,0x25,0x28,0x33,0xE8,0xFC,0x27,0x33,0x32,0x37,0x29,0x2B,0x39,0x2D,0x31,
0x33,0x37,0xFC,0x28,0x29,0x38,0x29,0x36,0x31,0x2D,0x32,0x25,0x36,0x00,0x25,0xFD,
0x30,0x33,0x27,0x25,0x30,0x2D,0x3E,0x25,0x27,0x25,0x33,0x00,0x28,0x33,0xFC,0x35,
0x39,0x25,0x36,0x38,0x29,0x30,0xD6,0x2B,0x29,0x32,0x29,0x36,0x25,0x30,0xFC,0x28,
0x29,0x00,0x18,0x29,0x33,0x00,0x0B,0x36,0x27,0x25,0x28,0x2D,0x25,0xE5,0xFD,0x1A,
0x25,0x36,0x29,0x27,0x29,0x00,0x35,0x39,0x29,0x00,0x0D,0x33,0x34,0x3D,0x00,0x22,
0xFC,0x29,0x00,0x21,0x29,0x2D,0x30,0x00,0x29,0x37,0x38,0x25,0x33,0xFC,0x27,0x33,
0x31,0x25,0x32,0x28,0x25,0x32,0x28,0x33,0xFD,0x38,0x33,0x28,0x33,0x00,0x33,0x00,
0x29,0x3C,0x29,0x36,0x27,0x2D,0x38,0x33,0xFC,0x25,0x00,0x34,0x25,0x36,0x38,0x2D,
0x36,0x00,0x28,0x29,0x37,0x38,0x25,0x00,0x26,0x25,0x37,0x29,0xE5,0xFD,0xF3,0x04,
0xFB,0x1D,0x29,0x00,0x25,0x38,0x25,0x27,0x25,0x36,0x00,0x25,0x35,0x39,0x2D,0xE8,
0xFC,0x3A,0x33,0x27,0x29,0x00,0x34,0x33,0x28,0x29,0x36,0x25,0x00,0x37,0x29,0x36,
0xFC,0x27,0x25,0x34,0x25,0x3E,0x00,0x28,0x29,0x00,0x28,0x29,0x38,0x29,0x36,0xFD,
0x18,0x29,0x33,0x00,0x0B,0x36,0x27,0x25,0x28,0x2D,0x25,0xE5,0xFF,0xF3,0x61,0xFB,
0x20,0x33,0x27,0x29,0x00,0x29,0x37,0x38,0x25,0x00,0x34,0x36,0x33,0x32,0x38,0x33,
0xDD,0xFC,0x00,0x00,0x1D,0x13,0x17,0xFC,0x00,0x00,0x18,0x0B,0x19,0xFF,0xF3,0x61,
0xFB,0x0F,0x37,0x38,0x25,0x00,0x29,0x2C,0x00,0x39,0x31,0x25,0x00,0x39,0x37,0x2D,
0x32,0x25,0x00,0x28,0x29,0xFC,0x29,0x32,0x29,0x36,0x2B,0x2D,0x25,0x00,0x28,0x29,
0x00,0x18,0x29,0x33,0xFC,0x0B,0x36,0x27,0x25,0x28,0x2D,0x25,0xE5,0x00,0x0F,0x30,
0x25,0x00,0x29,0x37,0x38,0x25,0xFD,0x25,0x38,0x39,0x25,0x30,0x31,0x29,0x32,0x38,
0x29,0x00,0x2A,0x29,0x27,0x2C,0x25,0x28,0x25,0xE5,0xFD,0x19,0x00,0x35,0x39,0x29,
0x00,0x29,0x2C,0x00,0x38,0x25,0x33,0xFC,0x2D,0x31,0x34,0x33,0x36,0x38,0x25,0x32,
0x38,0x29,0x00,0x34,0x25,0x36,0x25,0xFC,0x2A,0x29,0x27,0x2C,0x25,0x36,0x00,0x25,
0x00,0x39,0x37,0x2D,0x32,0x25,0xFD,0x29,0x31,0x00,0x34,0x30,0x29,0x32,0x25,0x00,
0x27,0x36,0x2D,0x37,0x29,0xFC,0x29,0x32,0x29,0x36,0x2B,0x29,0x38,0x2D,0x27,0x25,
0xDD,0xFD,0x0F,0x30,0x25,0x00,0x2A,0x33,0x2D,0x00,0x2A,0x29,0x27,0x2C,0x25,0x28,
0x25,0xFC,0x35,0x39,0x25,0x32,0x28,0x33,0x00,0x21,0x29,0x2D,0x30,0x00,0x25,0x34,
0x25,0x36,0x29,0x27,0x29,0x39,0xE8,0xFC,0x29,0x32,0x38,0x25,0x33,0x00,0x31,0x29,
0x36,0x29,0x27,0x29,0xFD,0x37,0x29,0x36,0x00,0x2D,0x32,0x3A,0x29,0x37,0x38,0x2D,
0x2B,0x25,0x28,0x25,0xE5,0xFF,0xF3,0x62,0xFB,0x1A,0x33,0x28,0x29,0x00,0x2D,0x32,
0x3A,0x29,0x37,0x38,0x2D,0x2B,0x25,0x36,0xDD,0xFC,0x00,0x00,0x1D,0x13,0x17,0xFC,
0x00,0x00,0x18,0x0B,0x19,0xFF,0xF3,0x61,0xFB,0x0B,0x30,0x2B,0x39,0x32,0x37,0x00,
0x27,0x33,0x32,0x38,0x29,0x2D,0x32,0x29,0x36,0x29,0x37,0xFC,0x27,0x25,0x2D,0x36,
0x25,0x31,0x00,0x28,0x29,0x00,0x39,0x31,0x25,0xFC,0x32,0x25,0x3A,0x29,0x00,0x29,
0x37,0x34,0x25,0x27,0x2D,0x25,0x30,0xE8,0xFD,0x29,0x00,0x25,0x27,0x25,0x26,0x25,
0x36,0x25,0x31,0x00,0x32,0x25,0x37,0xFC,0x34,0x30,0x25,0x32,0x2D,0x27,0x2D,0x29,
0x37,0x00,0x32,0x29,0x3A,0x25,0x28,0x25,0x37,0xE5,0xFD,0x0F,0x2C,0x00,0x34,0x33,
0x37,0x37,0x2D,0x3A,0x29,0x30,0x00,0x35,0x39,0x29,0xFC,0x38,0x29,0x32,0x2C,0x25,
0x31,0x00,0x28,0x25,0x28,0x33,0x37,0xFC,0x37,0x33,0x26,0x36,0x29,0x00,0x19,0x31,
0x29,0x2B,0x25,0x00,0x33,0x39,0x00,0x21,0x29,0x2D,0x30,0xE5,0xFD,0x0F,0x32,0x3A,
0x2D,0x25,0x31,0x33,0x37,0x00,0x39,0x31,0x00,0x2B,0x36,0x39,0x34,0x33,0xFC,0x28,
0x29,0x00,0x29,0x3C,0x34,0x30,0x33,0x36,0x25,0x27,0x25,0x33,0xE8,0xFC,0x31,0x25,
0x37,0x00,0x25,0x37,0x00,0x2A,0x33,0x36,0x27,0x25,0x37,0x00,0x28,0x29,0xFD,0x18,
0x29,0x33,0x00,0x0B,0x36,0x27,0x25,0x28,0x2D,0x25,0x00,0x37,0x25,0x33,0xFC,0x2A,
0x33,0x36,0x38,0x29,0x37,0x00,0x28,0x29,0x31,0x25,0x2D,0x37,0xE8,0xFC,0x29,0x00,
0x32,0x25,0x33,0x00,0x27,0x33,0x32,0x37,0x29,0x2B,0x39,0x29,0x31,0x00,0x34,0x25,
0x37,0x37,0x25,0x36,0xE5,0xFD,0x1B,0x39,0x29,0x36,0x29,0x31,0x33,0x37,0x00,0x35,
0x39,0x29,0x00,0x28,0x29,0xFC,0x36,0x29,0x2A,0x33,0x36,0x27,0x33,0x00,0x25,0x00,
0x29,0x30,0x29,0x37,0x00,0x29,0xFC,0x36,0x29,0x27,0x39,0x34,0x29,0x36,0x29,0x00,
0x33,0x37,0x00,0x28,0x25,0x28,0x33,0x37,0xE5,0xFF,0xF3,0x62,0xFB,0x0B,0x27,0x29,
0x2D,0x38,0x25,0xDD,0xFC,0x00,0x00,0x1D,0x13,0x17,0xFC,0x00,0x00,0x18,0x0B,0x19,
0xFF,0xF3,0x61,0xFB,0x10,0x33,0x36,0x25,0x31,0x00,0x29,0x32,0x27,0x33,0x32,0x38,
0x36,0x25,0x28,0x25,0x37,0x00,0x25,0x37,0xFC,0x36,0x39,0x2D,0x32,0x25,0x37,0x00,
0x28,0x29,0x00,0x39,0x31,0x25,0xFC,0x26,0x2D,0x26,0x30,0x2D,0x33,0x38,0x29,0x27,
0x25,0x00,0x25,0x32,0x38,0x2D,0x2B,0x25,0xE5,0xFD,0x0F,0x37,0x38,0x25,0x00,0x27,
0x33,0x31,0x34,0x30,0x29,0x38,0x25,0x31,0x29,0x32,0x38,0x29,0xFC,0x2D,0x32,0x39,
0x32,0x28,0x25,0x28,0x25,0x00,0x34,0x33,0x36,0x00,0x28,0x29,0x32,0x38,0x36,0x33,
0xE8,0xFC,0x31,0x25,0x37,0x00,0x25,0x2D,0x32,0x28,0x25,0x00,0x34,0x33,0x28,0x29,
0xFD,0x2C,0x25,0x3A,0x29,0x36,0x00,0x25,0x30,0x2B,0x39,0x32,0x37,0xFC,0x28,0x25,
0x28,0x33,0x37,0x00,0x30,0x25,0xE5,0xFD,0x1B,0x39,0x29,0x36,0x29,0x31,0x33,0x37,
0x00,0x35,0x39,0x29,0xFC,0x26,0x39,0x37,0x35,0x39,0x29,0x00,0x28,0x25,0x28,0x33,
0x37,0xFC,0x37,0x33,0x26,0x36,0x29,0x00,0x21,0x29,0x2D,0x30,0x00,0x33,0x39,0x00,
0x19,0x31,0x29,0x2B,0x25,0xE5,0xFF,0xF3,0x62,0xFB,0x0B,0x27,0x29,0x2D,0x38,0x25,
0xDD,0xFC,0x00,0x00,0x1D,0x13,0x17,0xFC,0x00,0x00,0x18,0x0B,0x19,0xFF,0xF3,0x61,
0xFB,0x18,0x29,0x33,0x00,0x0B,0x36,0x27,0x25,0x28,0x2D,0x25,0x00,0x27,0x33,0x32,
0x27,0x30,0x39,0x2D,0x39,0xFC,0x39,0x31,0x00,0x29,0x30,0x29,0x3A,0x25,0x28,0x33,
0x36,0x00,0x2B,0x2D,0x2B,0x25,0x32,0x38,0x29,0xE5,0xFD,0x18,0x25,0x33,0x00,0x27,
0x33,0x32,0x2C,0x29,0x27,0x29,0x31,0x33,0x37,0x00,0x33,0xFC,0x37,0x29,0x39,0x00,
0x34,0x36,0x33,0x34,0x33,0x37,0x2D,0x38,0x33,0xE5,0xFD,0x0F,0x37,0x38,0x25,0x33,
0x00,0x38,0x36,0x25,0x3E,0x29,0x32,0x28,0x33,0x00,0x25,0x30,0x2B,0x33,0xFC,0x28,
0x29,0x00,0x31,0x39,0x2D,0x38,0x33,0x00,0x2A,0x39,0x32,0x28,0x33,0xFC,0x32,0x33,
0x00,0x37,0x39,0x26,0x37,0x33,0x30,0x33,0xE5,0xFF,0xF3,0x62,0xFB,0x1A,0x33,0x28,
0x29,0x00,0x2D,0x32,0x3A,0x29,0x37,0x38,0x2D,0x2B,0x25,0x36,0xDD,0xFC,0x00,0x00,
0x1D,0x13,0x17,0xFC,0x00,0x00,0x18,0x0B,0x19,0xFF,0xF3,0x61,0x13,0x32,0x2D,0x27,
0x2D,0x25,0x32,0x28,0x33,0x00,0x38,0x36,0x25,0x32,0x37,0x2A,0x29,0xD6,0xFC,0x36,
0x29,0x32,0x27,0x2D,0x25,0x00,0x34,0x25,0x36,0x25,0x00,0x25,0x37,0x00,0x27,0x33,
0x33,0x36,0xD6,0xFC,0x28,0x29,0x32,0x25,0x28,0x25,0x37,0x00,0x33,0x26,0x38,0x2D,
0x28,0x25,0x37,0xFD,0x28,0x33,0x00,0x22,0x00,0x33,0x36,0x2D,0x2B,0x2D,0x32,0x25,
0x30,0xE5,0xFD,0xF3,0x40,0x24,0x29,0x36,0x33,0xE5,0xE5,0xE5,0xFD,0x1A,0x33,0x36,
0x00,0x2A,0x25,0x3A,0x33,0x36,0xE8,0x00,0x38,0x33,0x31,0x29,0xFC,0x27,0x39,0x2D,
0x28,0x25,0x28,0x33,0xE5,0xFF,0xF3,0x62,0x20,0x33,0x27,0x29,0x00,0x29,0x37,0x38,
0x25,0x00,0x34,0x36,0x33,0x32,0x38,0x33,0xDD,0xFC,0x00,0x00,0x1D,0x13,0x17,0xFC,
0x00,0x00,0x18,0x0B,0x19,0xFF,0xF3,0x62,0x1A,0x25,0x36,0x25,0x00,0x33,0x32,0x28,
0x29,0x00,0x38,0x36,0x25,0x32,0x37,0x2A,0x29,0x36,0x2D,0x36,0xDD,0xFF,0xF3,0x62,
0x4F,0xF2,0x0E,0x0F,0x1C,0x0F,0x16,0x13,0x0D,0x1E,0x00,0x1D,0x1A,0x0B,0x0D,0x0F,
0x0D,0x1C,0x0B,0x10,0x1E,0xF1,0xDD,0xFC,0x00,0x00,0x1D,0x13,0x17,0xFC,0x00,0x00,
0x18,0x0B,0x19,0xFF,0xF3,0x62,0x4F,0xF2,0x0B,0x0F,0x11,0x13,0x1D,0x00,0x20,0x19,
0x16,0x0D,0x0B,0x18,0x19,0x00,0x0C,0x0B,0x1D,0x0F,0xF1,0xDD,0xFC,0x00,0x00,0x1D,
0x13,0x17,0xFC,0x00,0x00,0x18,0x0B,0x19,0xFF,0xF3,0x62,0x4F,0xF2,0x19,0x0D,0x0F,
0x0B,0x18,0x13,0x0D,0x00,0x12,0x21,0x23,0x00,0x1C,0x1F,0x13,0x18,0x1D,0xF1,0xDD,
0xFC,0x00,0x00,0x1D,0x13,0x17,0xFC,0x00,0x00,0x18,0x0B,0x19,0xFF,0xF3,0x62,0x4F,
0xF2,0x21,0xE5,0x1C,0xE5,0x00,0x10,0x0B,0x0D,0x1E,0x19,0x1C,0x23,0xF1,0xDD,0xFC,
0x00,0x00,0x1D,0x13,0x17,0xFC,0x00,0x00,0x18,0x0B,0x19,0xFF,0xF3,0x62,0x4F,0xF2,
0x19,0x16,0x0E,0x00,0x1C,0x0F,0x1D,0x13,0x0E,0x0F,0x18,0x1E,0x13,0x0B,0x16,0xF1,
0xDD,0xFC,0x00,0x00,0x1D,0x13,0x17,0xFC,0x00,0x00,0x18,0x0B,0x19,0xFF,0xF3,0x62,
0x4F,0xF2,0x17,0x13,0x1D,0x1D,0x13,0x16,0x0F,0x00,0x10,0x0B,0x0D,0x1E,0x19,0x1C,
0x23,0xF1,0xDD,0xFC,0x00,0x00,0x1D,0x13,0x17,0xFC,0x00,0x00,0x18,0x0B,0x19,0xFF,
0xF3,0x62,0x4F,0xF2,0x1E,0x21,0x13,0x16,0x13,0x11,0x12,0x1E,0x00,0x0E,0x0F,0x1D,
0x0F,0x1C,0x1E,0xF1,0xDD,0xFC,0x00,0x00,0x1D,0x13,0x17,0xFC,0x00,0x00,0x18,0x0B,
0x19,0xFF,0xF3,0x62,0x4F,0xF2,0x10,0x19,0x1C,0x0F,0x1D,0x1E,0x00,0x19,0x10,0x00,
0x0B,0x18,0x0B,0x1E,0x1C,0x0F,0xF1,0xDD,0xFC,0x00,0x00,0x1D,0x13,0x17,0xFC,0x00,
0x00,0x18,0x0B,0x19,0xFF,0xF3,0x62,0x4F,0xF2,0x10,0x1C,0x19,0x18,0x1E,0x16,0x13,
0x18,0x0F,0x00,0x13,0x0D,0x0F,0x00,0x0C,0x0B,0x1D,0x0F,0xF1,0xDD,0xFC,0x00,0x00,
0x1D,0x13,0x17,0xFC,0x00,0x00,0x18,0x0B,0x19,0xFF,0xF3,0x62,0x4F,0xF2,0x0B,0x1C,
0x0F,0x0B,0x00,0x22,0xD6,0x03,0xF1,0xDD,0xFC,0x00,0x00,0x1D,0x13,0x17,0xFC,0x00,
0x00,0x18,0x0B,0x19,0xFF,0xF3,0x62,0x4F,0xF2,0x0F,0x18,0x0F,0x1C,0x11,0x23,0x00,
0x10,0x0B,0x0D,0x13,0x16,0x13,0x1E,0x23,0xF1,0xDD,0xFC,0x00,0x00,0x1D,0x13,0x17,
0xFC,0x00,0x00,0x18,0x0B,0x19,0xFF,0xF3,0x62,0x4F,0xF2,0x1D,0x18,0x19,0x21,0x23,
0x00,0x1A,0x16,0x0B,0x13,0x18,0x1D,0xF1,0xDD,0xFC,0x00,0x00,0x1D,0x13,0x17,0xFC,
0x00,0x00,0x18,0x0B,0x19,0xFF,0xF3,0x62,0x4F,0xF2,0x1D,0x1F,0x18,0x15,0x0F,0x18,
0x00,0x16,0x13,0x0C,0x1C,0x0B,0x1C,0x23,0xF1,0xDD,0xFC,0x00,0x00,0x1D,0x13,0x17,
0xFC,0x00,0x00,0x18,0x0B,0x19,0xFF,0xF3,0x62,0x4F,0xF2,0x11,0x13,0x0B,0x18,0x1E,
0x00,0x0F,0x16,0x0F,0x20,0x0B,0x1E,0x19,0x1C,0xF1,0xDD,0xFC,0x00,0x00,0x1D,0x13,
0x17,0xFC,0x00,0x00,0x18,0x0B,0x19,0xFF,0xF3,0x62,0x4F,0xF2,0x1D,0x1F,0x0C,0x00,
0x0B,0x1C,0x0D,0x0B,0x0E,0x13,0x0B,0xF1,0xDD,0xFC,0x00,0x00,0x1D,0x13,0x17,0xFC,
0x00,0x00,0x18,0x0B,0x19,0xFF,0xF3,0x61,0x17,0x2D,0x37,0x37,0x25,0x33,0x00,0x25,
0x38,0x36,0x2D,0x26,0x39,0x2D,0x28,0x25,0xE5,0xE5,0xE5,0xFC,0x1E,0x33,0x28,0x33,
0x37,0xE8,0x00,0x34,0x36,0x29,0x34,0x25,0x36,0x29,0x31,0xD6,0x37,0x29,0xFC,0x34,
0x25,0x36,0x25,0x00,0x25,0x00,0x38,0x36,0x25,0x32,0x37,0x2A,0x29,0x36,0x29,0x32,
0x27,0x2D,0x25,0xE5,0xFF,0xF3,0x62,0x1A,0x36,0x29,0x34,0x25,0x36,0x25,0x38,0x2D,
0x3A,0x33,0x37,0x00,0x34,0x25,0x36,0x25,0xFC,0x25,0x00,0x38,0x36,0x25,0x32,0x37,
0x2A,0x29,0x36,0x29,0x32,0x27,0x2D,0x25,0x00,0x34,0x36,0x33,0x32,0x38,0x33,0x37,
0xE5,0xFF,0xF3,0x61,0x13,0x32,0x2D,0x27,0x2D,0x25,0x32,0x28,0x33,0xFC,0x38,0x36,
0x25,0x32,0x37,0x2A,0x29,0x36,0x29,0x32,0x27,0x2D,0x25,0xCA,0xFF,0xF3,0x40,0x24,
0x29,0x36,0x33,0xE5,0xE5,0xE5,0x00,0x1E,0x33,0x31,0x29,0x00,0x27,0x39,0x2D,0x28,
0x25,0x28,0x33,0xE5,0xFF,0xF3,0x40,0x24,0x29,0x36,0x33,0xE5,0xE5,0xE5,0xFF,0xF3,
0x40,0x24,0x29,0x36,0x33,0xE5,0xE5,0xE5,0xFD,0x20,0x33,0x30,0x38,0x29,0x00,0x37,
0x25,0x33,0x00,0x29,0xFC,0x37,0x25,0x30,0x3A,0x33,0xE5,0xE5,0xE5,0x00,0x38,0x25,
0x00,0x26,0x33,0x31,0xDD,0xFF,0xF3,0x40,0x18,0x25,0x33,0x00,0x2A,0x25,0x27,0x25,
0x00,0x32,0x25,0x28,0x25,0xFC,0x34,0x29,0x36,0x2D,0x2B,0x33,0x37,0x33,0xE8,0x00,
0x24,0x29,0x36,0x33,0xE5,0xE5,0xE5,0xFF,0xF3,0x40,0x24,0x29,0x36,0x33,0xE5,0xE5,
0xE5,0xFD,0x20,0x33,0x30,0x38,0x29,0x00,0x37,0x25,0x33,0x00,0x29,0xFC,0x37,0x25,
0x30,0x3A,0x33,0xE5,0xE5,0xE5,0xFF,0xF3,0x40,0x24,0x29,0x36,0x36,0x36,0x33,0x33,
0x33,0x33,0xCA,0xFF,0xF3,0x62,0x1E,0x36,0x25,0x32,0x37,0x2A,0x29,0x36,0x2D,0x32,
0x28,0x33,0xE5,0xE5,0xE5,0xFC,0x0E,0x33,0x2D,0x37,0xE5,0xE5,0xE5,0xFC,0x1F,0x31,
0xE5,0xE5,0xE5,0xFF,0xF3,0x61,0x1E,0x36,0x25,0x32,0x37,0x2A,0x29,0x36,0x29,0x32,
0x27,0x2D,0x25,0xFC,0x27,0x33,0x32,0x27,0x30,0x39,0x2D,0x28,0x25,0xE5,0xFF,0xF3,
0x40,0x19,0x00,0x35,0x39,0x29,0x00,0x29,0x39,0x00,0x28,0x29,0x3A,0x29,0x36,0x2D,
0x25,0xFC,0x2A,0x25,0x3E,0x29,0x36,0xDD,0xFD,0xF3,0x05,0x0C,0x29,0x31,0xE8,0x00,
0x34,0x33,0x36,0x00,0x25,0x2B,0x33,0x36,0x25,0xE5,0xE5,0xE5,0xFD,0x18,0x25,0x33,
0x00,0x28,0x29,0x2D,0x3C,0x25,0x36,0x00,0x35,0x39,0x29,0x00,0x18,0x29,0x33,0xFC,
0x0B,0x36,0x27,0x25,0x28,0x2D,0x25,0x00,0x33,0x26,0x38,0x29,0x32,0x2C,0x25,0x00,
0x33,0xFC,0x0E,0x25,0x36,0x2F,0x00,0x0F,0x30,0x2A,0xE5,0xE5,0xE5,0xFD,0x0F,0x37,
0x37,0x25,0x00,0x37,0x29,0x36,0x2D,0x25,0x00,0x25,0xFC,0x34,0x36,0x2D,0x33,0x36,
0x2D,0x28,0x25,0x28,0x29,0x00,0x32,0x39,0x31,0x29,0x36,0x33,0xFC,0x39,0x31,0xE5,
0xFD,0xF3,0x62,0x0D,0x25,0x30,0x27,0x39,0x30,0x25,0x36,0x29,0x2D,0x00,0x32,0x33,
0x37,0x37,0x33,0xFC,0x31,0x29,0x30,0x2C,0x33,0x36,0x00,0x27,0x39,0x36,0x37,0x33,
0x00,0x28,0x29,0xFC,0x25,0x27,0x25,0x33,0xE8,0x00,0x28,0x25,0x32,0x28,0x33,0xFD,
0x34,0x36,0x2D,0x33,0x36,0x2D,0x28,0x25,0x28,0x29,0x00,0x25,0xFC,0x26,0x39,0x37,
0x27,0x25,0x00,0x28,0x33,0xFC,0x0E,0x25,0x36,0x2F,0x00,0x0F,0x30,0x2A,0xE5,0xFD,
0x13,0x32,0x2A,0x33,0x36,0x31,0x25,0x36,0x29,0x2D,0x00,0x25,0xFC,0x1D,0x36,0x38,
0x25,0xE5,0x00,0x0D,0x2D,0x29,0x30,0x00,0x25,0x37,0x37,0x2D,0x31,0x00,0x35,0x39,
0x29,0xFC,0x33,0x37,0x00,0x36,0x29,0x37,0x39,0x30,0x38,0x25,0x28,0x33,0x37,0x00,
0x37,0x25,0x2D,0x36,0x29,0x31,0xE5,0xFF,0xF3,0x40,0x19,0x26,0x36,0x2D,0x2B,0x25,
0x28,0x25,0xE8,0x00,0x24,0x29,0x36,0x33,0xE5,0xFD,0x18,0x25,0x33,0x00,0x27,0x33,
0x32,0x37,0x29,0x2B,0x39,0x2D,0x31,0x33,0x37,0xFC,0x28,0x29,0x37,0x38,0x36,0x39,
0x2D,0x36,0x00,0x33,0x00,0x31,0x2D,0x37,0x37,0x2D,0x30,0xE8,0xFD,0x31,0x25,0x37,
0x00,0x25,0x27,0x2C,0x33,0x00,0x35,0x39,0x29,0xFC,0x27,0x33,0x32,0x37,0x29,0x2B,
0x39,0x2D,0x31,0x33,0x37,0x00,0x25,0x38,0x36,0x25,0x37,0x25,0x36,0xFC,0x37,0x39,
0x25,0x00,0x27,0x33,0x32,0x37,0x38,0x36,0x39,0x27,0x25,0x33,0xE5,0xFD,0x0B,0x32,
0x25,0x30,0x2D,0x37,0x25,0x36,0x29,0x2D,0x00,0x25,0x00,0x36,0x33,0x38,0x25,0xFC,
0x34,0x25,0x36,0x25,0x00,0x25,0x00,0x2A,0x25,0x26,0x36,0x2D,0x27,0x25,0xFC,0x28,
0x29,0x00,0x31,0x2D,0x37,0x37,0x29,0x2D,0x37,0x00,0x33,0xFD,0x31,0x25,0x2D,0x37,
0x00,0x36,0x25,0x34,0x2D,0x28,0x33,0x00,0x34,0x33,0x37,0x37,0x2D,0x3A,0x29,0x30,
0xE5,0xFD,0x1A,0x33,0x36,0x00,0x2A,0x25,0x3A,0x33,0x36,0xE8,0x00,0x29,0x37,0x34,
0x29,0x36,0x29,0xFC,0x31,0x25,0x2D,0x37,0x00,0x39,0x31,0x00,0x34,0x33,0x39,0x27,
0x33,0xE8,0xFC,0x27,0x29,0x36,0x38,0x33,0xDD,0xFF,0xF3,0x40,0x24,0x29,0x36,0x33,
0xE8,0x00,0x37,0x2D,0x32,0x38,0x33,0x00,0x31,0x39,0x2D,0x38,0x33,0xE5,0xFD,0x20,
0x33,0x27,0x29,0x00,0x25,0x36,0x36,0x2D,0x37,0x27,0x33,0x39,0x00,0x37,0x39,0x25,
0x00,0x3A,0x2D,0x28,0x25,0xFC,0x34,0x25,0x36,0x25,0x00,0x2D,0x36,0x00,0x25,0x38,
0x36,0x25,0x37,0x00,0x28,0x33,0xFC,0x0E,0x25,0x36,0x2F,0x00,0x0F,0x30,0x2A,0xE5,
0xE5,0xE5,0xFD,0x17,0x25,0x37,0x00,0x33,0x00,0x0E,0x25,0x36,0x2F,0x00,0x0F,0x30,
0x2A,0xFC,0x2A,0x33,0x2D,0x00,0x31,0x39,0x2D,0x38,0x33,0x00,0x36,0x25,0x34,0x2D,
0x28,0x33,0xFC,0x29,0x00,0x33,0x00,0x34,0x29,0x36,0x28,0x29,0x31,0x33,0x37,0xFD,
0x28,0x29,0x00,0x3A,0x2D,0x37,0x38,0x25,0xE5,0xFD,0x20,0x33,0x30,0x38,0x29,0x2D,
0x00,0x25,0x00,0x29,0x37,0x27,0x25,0x32,0x29,0x25,0x36,0xFC,0x25,0x35,0x39,0x29,
0x30,0x25,0x00,0x25,0x36,0x29,0x25,0xE8,0xFD,0x31,0x25,0x37,0x00,0x32,0x25,0x33,
0x00,0x2C,0x25,0x00,0x30,0x29,0x2D,0x38,0x39,0x36,0x25,0x37,0xFC,0x29,0x31,0x00,
0x32,0x29,0x32,0x2C,0x39,0x31,0x00,0x30,0x39,0x2B,0x25,0x36,0xFC,0x34,0x36,0x33,
0x3C,0x2D,0x31,0x33,0xE5,0xFD,0x1D,0x29,0x2D,0x00,0x35,0x39,0x29,0x00,0x34,0x29,
0x28,0x2D,0x36,0x00,0x28,0x29,0x37,0x27,0x39,0x30,0x34,0x25,0x37,0xFC,0x32,0x25,
0x33,0x00,0x29,0x2C,0x00,0x33,0x00,0x26,0x25,0x37,0x38,0x25,0x32,0x38,0x29,0xE8,
0xFC,0x31,0x25,0x37,0x00,0x29,0x39,0x00,0x36,0x29,0x25,0x30,0x31,0x29,0x32,0x38,
0x29,0xFD,0x37,0x2D,0x32,0x38,0x33,0x00,0x31,0x39,0x2D,0x38,0x33,0xE8,0x00,0x24,
0x29,0x36,0x33,0xE5,0xFF,0xF3,0x40,0x24,0x29,0x36,0x33,0xE5,0xE5,0xE5,0x00,0x33,
0x26,0x36,0x2D,0x2B,0x25,0x28,0x25,0xE5,0xFD,0x0B,0x35,0x39,0x29,0x30,0x25,0x00,
0x39,0x37,0x2D,0x32,0x25,0x00,0x28,0x29,0xFC,0x36,0x29,0x27,0x2D,0x27,0x30,0x25,
0x2B,0x29,0x31,0x00,0x2A,0x2D,0x27,0x25,0x36,0x25,0x00,0x2A,0x33,0x36,0x25,0xFC,
0x28,0x29,0x00,0x33,0x34,0x29,0x36,0x25,0x27,0x25,0x33,0xFD,0x34,0x33,0x36,0x00,
0x39,0x31,0x00,0x38,0x29,0x31,0x34,0x33,0xE8,0xFC,0x29,0x39,0x00,0x25,0x27,0x2C,
0x33,0xE5,0xFD,0x17,0x39,0x2D,0x38,0x33,0x00,0x33,0x26,0x36,0x2D,0x2B,0x25,0x28,
0x25,0xE5,0xE5,0xE5,0xFF,0xF3,0x40,0x24,0x29,0x36,0x33,0xE5,0xE5,0xE5,0x00,0x33,
0x26,0x36,0x2D,0x2B,0x25,0x28,0x25,0xE5,0xFD,0x19,0x37,0x00,0x36,0x29,0x30,0x25,
0x38,0x33,0x36,0x2D,0x33,0x37,0x00,0x28,0x33,0xFC,0x0E,0x25,0x36,0x2F,0x00,0x0F,
0x30,0x2A,0xE5,0xE5,0xE5,0xFD,0x32,0x25,0x00,0x3A,0x29,0x36,0x28,0x25,0x28,0x29,
0x00,0x29,0x36,0x25,0x31,0xFC,0x25,0x3A,0x2D,0x37,0x38,0x25,0x31,0x29,0x32,0x38,
0x33,0x37,0x00,0x28,0x29,0xFC,0x0F,0x30,0x2A,0x33,0x37,0x00,0x0C,0x29,0x26,0x29,
0x37,0xE5,0xE5,0xE5,0xFD,0x17,0x29,0x00,0x34,0x29,0x36,0x2B,0x39,0x32,0x38,0x33,
0x00,0x33,0x00,0x35,0x39,0x29,0xFC,0x18,0x29,0x33,0x00,0x0B,0x36,0x27,0x25,0x28,
0x2D,0x25,0x00,0x34,0x30,0x25,0x32,0x29,0x2E,0x25,0xFC,0x2A,0x25,0x3E,0x29,0x36,
0x00,0x27,0x33,0x31,0x00,0x29,0x30,0x29,0x37,0xE5,0xFF,0xF3,0x40,0x19,0x26,0x36,
0x2D,0x2B,0x25,0x28,0x25,0xE8,0x00,0x24,0x29,0x36,0x33,0xE5,0xFD,0x0B,0x2B,0x33,
0x36,0x25,0x00,0x35,0x39,0x29,0x00,0x2A,0x2D,0x27,0x25,0x36,0x25,0x31,0xFC,0x37,
0x29,0x31,0x00,0x39,0x31,0x00,0x30,0x2D,0x28,0x29,0x36,0xE8,0x00,0x33,0x37,0xFC,
0x32,0x29,0x33,0x25,0x36,0x27,0x25,0x28,0x2D,0x25,0x32,0x33,0x37,0xFD,0x28,0x25,
0x35,0x39,0x29,0x30,0x25,0x00,0x25,0x36,0x29,0x25,0x00,0x37,0x29,0xFC,0x36,0x29,
0x38,0x2D,0x36,0x25,0x36,0x25,0x31,0xE5,0xFD,0x17,0x39,0x2D,0x38,0x33,0x00,0x33,
0x26,0x36,0x2D,0x2B,0x25,0x28,0x25,0xE5,0xE5,0xE5,0xFF,0xF3,0x40,0x19,0x26,0x36,
0x2D,0x2B,0x25,0x28,0x25,0xE8,0x00,0x24,0x29,0x36,0x33,0xE5,0xFD,0x0B,0x2B,0x33,
0x36,0x25,0x00,0x35,0x39,0x29,0x00,0x2A,0x2D,0x27,0x25,0x36,0x25,0x31,0xFC,0x37,
0x29,0x31,0x00,0x39,0x31,0x00,0x30,0x2D,0x28,0x29,0x36,0xE8,0x00,0x33,0x37,0xFC,
0x32,0x29,0x33,0x25,0x36,0x27,0x25,0x28,0x2D,0x25,0x32,0x33,0x37,0xFD,0x28,0x25,
0x35,0x39,0x29,0x30,0x25,0x00,0x25,0x36,0x29,0x25,0x00,0x37,0x29,0xFC,0x36,0x29,
0x38,0x2D,0x36,0x25,0x36,0x25,0x31,0xE5,0xFD,0x17,0x39,0x2D,0x38,0x33,0x00,0x33,
0x26,0x36,0x2D,0x2B,0x25,0x28,0x25,0xE5,0xE5,0xE5,0xFF,0xF3,0x40,0x19,0x26,0x36,
0x2D,0x2B,0x25,0x28,0x25,0xE8,0x00,0x24,0x29,0x36,0x33,0xE5,0xFD,0x0B,0x2B,0x33,
0x36,0x25,0x00,0x35,0x39,0x29,0x00,0x2A,0x2D,0x27,0x25,0x36,0x25,0x31,0xFC,0x37,
0x29,0x31,0x00,0x39,0x31,0x00,0x30,0x2D,0x28,0x29,0x36,0xE8,0x00,0x33,0x37,0xFC,
0x32,0x29,0x33,0x25,0x36,0x27,0x25,0x28,0x2D,0x25,0x32,0x33,0x37,0xFD,0x28,0x25,
0x35,0x39,0x29,0x30,0x25,0x00,0x25,0x36,0x29,0x25,0x00,0x37,0x29,0xFC,0x36,0x29,
0x38,0x2D,0x36,0x25,0x36,0x25,0x31,0xE5,0xFD,0x17,0x39,0x2D,0x38,0x33,0x00,0x33,
0x26,0x36,0x2D,0x2B,0x25,0x28,0x25,0xE5,0xE5,0xE5,0xFF,0xF3,0x40,0x0C,0x29,0x31,
0xD6,0x3A,0x2D,0x32,0x28,0x33,0x00,0x28,0x29,0xFC,0x3A,0x33,0x30,0x38,0x25,0xE8,
0x00,0x24,0x29,0x36,0x33,0xE5,0xFD,0x1A,0x25,0x36,0x29,0x27,0x29,0x00,0x35,0x39,
0x29,0x00,0x21,0x29,0x2D,0x30,0xFC,0x38,0x29,0x32,0x38,0x25,0x3A,0x25,0x00,0x34,
0x36,0x33,0x28,0x39,0x3E,0x2D,0x36,0xFC,0x0F,0x30,0x2A,0x33,0x37,0x00,0x0C,0x29,
0x26,0x29,0x37,0xFD,0x29,0x31,0x00,0x31,0x25,0x37,0x37,0x25,0xFC,0x32,0x25,0x35,
0x39,0x29,0x30,0x25,0x00,0x2A,0x25,0x26,0x36,0x2D,0x27,0x25,0xE5,0xFD,0x17,0x25,
0x37,0x00,0x29,0x39,0x00,0x31,0x29,0x00,0x34,0x29,0x36,0x2B,0x39,0x32,0x38,0x33,
0xE5,0xE5,0xE5,0xFD,0x19,0x00,0x35,0x39,0x29,0x00,0x29,0x30,0x29,0x00,0x34,0x30,
0x25,0x32,0x29,0x2E,0x25,0x3A,0x25,0xFC,0x2A,0x25,0x3E,0x29,0x36,0x00,0x27,0x33,
0x31,0x00,0x38,0x33,0x28,0x33,0x37,0xFC,0x29,0x37,0x37,0x29,0x37,0x00,0x0F,0x30,
0x2A,0x33,0x37,0x00,0x0C,0x29,0x26,0x29,0x37,0xDD,0xFF,0xF3,0x40,0x24,0x29,0x36,
0x33,0xE5,0xE5,0xE5,0x00,0x19,0x26,0x36,0x2D,0x2B,0x25,0x28,0x25,0xE5,0xFD,0x0F,
0x37,0x38,0x33,0x39,0x00,0x25,0x32,0x25,0x30,0x2D,0x37,0x25,0x32,0x28,0x33,0xFC,
0x38,0x33,0x28,0x33,0x37,0x00,0x33,0x37,0x00,0x28,0x25,0x28,0x33,0x37,0xFC,0x35,
0x39,0x29,0x00,0x36,0x29,0x27,0x39,0x34,0x29,0x36,0x33,0x39,0xE5,0xFD,0x1E,0x25,
0x30,0x3A,0x29,0x3E,0x00,0x34,0x33,0x37,0x37,0x25,0x31,0x33,0x37,0xFC,0x28,0x29,
0x37,0x27,0x33,0x26,0x36,0x2D,0x36,0x00,0x33,0x00,0x35,0x39,0x29,0xFC,0x21,0x29,
0x2D,0x30,0x00,0x29,0x37,0x38,0x25,0x00,0x38,0x29,0x32,0x38,0x25,0x32,0x28,0x33,
0xFD,0x2A,0x25,0x3E,0x29,0x36,0xE8,0x00,0x25,0x32,0x25,0x30,0x2D,0x37,0x25,0x32,
0x28,0x33,0x00,0x33,0x37,0xFC,0x28,0x25,0x28,0x33,0x37,0x00,0x25,0x32,0x38,0x29,
0x36,0x2D,0x33,0x36,0x29,0x37,0xE5,0xFD,0x10,0x25,0x36,0x29,0x2D,0x00,0x33,0x00,
0x31,0x29,0x30,0x2C,0x33,0x36,0xFC,0x35,0x39,0x29,0x00,0x34,0x39,0x28,0x29,0x36,
0xE5,0xFF,0xF3,0x40,0x24,0x29,0x36,0x33,0xE5,0xE5,0xE5,0x00,0x19,0x26,0x36,0x2D,
0x2B,0x25,0x28,0x25,0xE5,0xFD,0x0F,0x37,0x38,0x33,0x39,0x00,0x25,0x32,0x25,0x30,
0x2D,0x37,0x25,0x32,0x28,0x33,0xFC,0x38,0x33,0x28,0x33,0x37,0x00,0x33,0x37,0x00,
0x28,0x25,0x28,0x33,0x37,0xFC,0x35,0x39,0x29,0x00,0x36,0x29,0x27,0x39,0x34,0x29,
0x36,0x33,0x39,0xE5,0xFD,0x1E,0x25,0x30,0x3A,0x29,0x3E,0x00,0x34,0x33,0x37,0x37,
0x25,0x31,0x33,0x37,0xFC,0x28,0x29,0x37,0x27,0x33,0x26,0x36,0x2D,0x36,0x00,0x33,
0x00,0x35,0x39,0x29,0xFC,0x21,0x29,0x2D,0x30,0x00,0x29,0x37,0x38,0x25,0x00,0x38,
0x29,0x32,0x38,0x25,0x32,0x28,0x33,0xFD,0x2A,0x25,0x3E,0x29,0x36,0xE8,0x00,0x25,
0x32,0x25,0x30,0x2D,0x37,0x25,0x32,0x28,0x33,0x00,0x33,0x37,0xFC,0x28,0x25,0x28,
0x33,0x37,0x00,0x25,0x32,0x38,0x29,0x36,0x2D,0x33,0x36,0x29,0x37,0xE5,0xFD,0x10,
0x25,0x36,0x29,0x2D,0x00,0x33,0x00,0x31,0x29,0x30,0x2C,0x33,0x36,0xFC,0x35,0x39,
0x29,0x00,0x34,0x39,0x28,0x29,0x36,0xE5,0xFF,0xF3,0x40,0x19,0x26,0x36,0x2D,0x2B,
0x25,0x28,0x25,0xE8,0x00,0x24,0x29,0x36,0x33,0xE5,0xFD,0x1A,0x25,0x36,0x29,0x27,
0x29,0x00,0x35,0x39,0x29,0x00,0x29,0x37,0x37,0x29,0xFC,0x29,0x30,0x29,0x3A,0x25,
0x28,0x33,0x36,0x00,0x29,0x36,0x25,0x00,0x39,0x37,0x25,0x28,0x33,0xFC,0x34,0x25,
0x36,0x25,0x00,0x38,0x36,0x25,0x32,0x37,0x34,0x33,0x36,0x38,0x25,0x36,0xFD,0x2B,
0x36,0x25,0x32,0x28,0x29,0x37,0x00,0x35,0x39,0x25,0x32,0x38,0x2D,0x28,0x25,0x28,
0x29,0x37,0xFC,0x28,0x29,0x00,0x0F,0xD6,0x0D,0x36,0x3D,0x37,0x38,0x25,0x30,0x37,
0xE5,0xFD,0x17,0x25,0x37,0x00,0x29,0x39,0x00,0x31,0x29,0x00,0x34,0x29,0x36,0x2B,
0x39,0x32,0x38,0x33,0xE5,0xE5,0xE5,0xFD,0x19,0x00,0x35,0x39,0x29,0x00,0x21,0x29,
0x2D,0x30,0x00,0x34,0x30,0x25,0x32,0x29,0x2E,0x25,0x3A,0x25,0xFC,0x2A,0x25,0x3E,
0x29,0x36,0x00,0x27,0x33,0x31,0x00,0x38,0x33,0x28,0x25,0xFC,0x29,0x37,0x37,0x25,
0x00,0x29,0x32,0x29,0x36,0x2B,0x2D,0x25,0xDD,0xFF,0xF3,0x40,0x24,0x29,0x36,0x33,
0xE8,0x00,0x2A,0x2D,0x27,0x33,0x00,0x2A,0x29,0x30,0x2D,0x3E,0x00,0x29,0x31,0xFC,
0x3A,0x29,0xD6,0x30,0x33,0x00,0x28,0x29,0x00,0x3A,0x33,0x30,0x38,0x25,0xFC,0x37,
0x25,0x33,0x00,0x29,0x00,0x37,0x25,0x30,0x3A,0x33,0xE5,0xFD,0x22,0x00,0x25,0x27,
0x25,0x26,0x25,0x00,0x28,0x29,0xFC,0x32,0x33,0x37,0x00,0x29,0x32,0x3A,0x2D,0x25,
0x36,0x00,0x32,0x33,0x3A,0x25,0x37,0xFC,0x27,0x33,0x33,0x36,0x28,0x29,0x32,0x25,
0x28,0x25,0x37,0xE5,0xFD,0x0B,0x33,0x00,0x35,0x39,0x29,0x00,0x34,0x25,0x36,0x29,
0x27,0x29,0xFC,0x2D,0x32,0x28,0x2D,0x27,0x25,0x31,0x00,0x33,0x32,0x28,0x29,0x00,
0x29,0x37,0x38,0x25,0x33,0xFC,0x21,0x29,0x2D,0x30,0x00,0x29,0x00,0x19,0x31,0x29,
0x2B,0x25,0xE5,0xFD,0x0F,0x37,0x38,0x25,0x00,0x34,0x33,0x28,0x29,0x00,0x37,0x29,
0x36,0xFC,0x25,0x00,0x39,0x30,0x38,0x2D,0x31,0x25,0x00,0x26,0x25,0x38,0x25,0x30,
0x2C,0x25,0xE5,0xE5,0xE5,0xFD,0x10,0x25,0x30,0x29,0x00,0x27,0x33,0x31,0x2D,0x2B,
0x33,0x00,0x35,0x39,0x25,0x32,0x28,0x33,0xFC,0x29,0x37,0x38,0x2D,0x3A,0x29,0x36,
0x00,0x34,0x36,0x33,0x32,0x38,0x33,0xE5,0xFF,0xF3,0x43,0x19,0x00,0x35,0x39,0x29,
0x00,0x3A,0x25,0x2D,0x00,0x37,0x29,0x36,0xDD,0xFC,0x00,0x00,0x0E,0x2D,0x37,0x27,
0x33,0x00,0x1D,0x29,0x27,0x36,0x29,0x38,0x33,0xFC,0x00,0x00,0x10,0x25,0x30,0x25,
0x36,0xFF,0xF3,0x02,0x13,0x32,0x2D,0x27,0x2D,0x25,0x30,0x2D,0x3E,0x25,0x27,0x25,
0x33,0xFC,0x27,0x33,0x32,0x27,0x30,0x39,0x2D,0x28,0x25,0xE5,0xFF,0xF3,0x02,0x13,
0x32,0x37,0x29,0x36,0x2D,0x36,0x00,0x27,0x33,0x31,0x25,0x32,0x28,0x33,0xE5,0xFC,
0x00,0x00,0x1A,0x29,0x37,0x35,0x39,0x2D,0x37,0x25,0x36,0x00,0x25,0x30,0x2B,0x33,
0xFC,0x00,0x00,0x1E,0x36,0x25,0x32,0x37,0x31,0x2D,0x37,0x37,0x25,0x33,0xFF,0xF3,
0x02,0x1A,0x33,0x28,0x29,0x00,0x38,0x36,0x33,0x27,0x25,0x36,0x00,0x0C,0x25,0x38,
0x38,0x30,0x29,0x0D,0x2C,0x2D,0x34,0x37,0x00,0x27,0x33,0x31,0xFC,0xE9,0x17,0x17,
0x0C,0x18,0x00,0x05,0x00,0x00,0x1C,0x29,0x28,0x00,0x1D,0x39,0x32,0xE9,0x00,0x29,
0xFC,0xE9,0x17,0x17,0x0C,0x18,0x00,0x05,0x00,0x00,0x0C,0x30,0x39,0x29,0x00,0x17,
0x33,0x33,0x32,0xE5,0xE9,0xFD,0x0F,0x32,0x3A,0x2D,0x29,0x00,0x0C,0x25,0x38,0x38,
0x30,0x29,0x0D,0x2C,0x2D,0x34,0x37,0x00,0x34,0x25,0x36,0x25,0xFC,0xE9,0x17,0x17,
0x24,0x00,0x04,0xE9,0x00,0x34,0x25,0x36,0x25,0x00,0x31,0x39,0x28,0x25,0x36,0x00,
0x33,0x37,0xFC,0x2D,0x32,0x2D,0x31,0x2D,0x2B,0x33,0x37,0x00,0x32,0x33,0x00,0x0D,
0x3D,0x26,0x29,0x36,0x37,0x34,0x25,0x27,0x29,0xE5,0xFD,0x13,0x32,0x2D,0x27,0x2D,
0x29,0x00,0x25,0x00,0x38,0x36,0x25,0x32,0x37,0x31,0x2D,0x37,0x37,0x25,0x33,0xFC,
0x29,0x37,0x27,0x33,0x30,0x2C,0x29,0x32,0x28,0x33,0x00,0xE9,0x0C,0x25,0x38,0x38,
0x30,0x29,0x0D,0x2C,0x2D,0x34,0x37,0xE9,0x00,0x28,0x29,0xFC,0xE9,0x1E,0x36,0x25,
0x28,0x29,0xE9,0x00,0x29,0x31,0x00,0xE9,0x0D,0x33,0x31,0x31,0xE5,0xE9,0xFD,0x32,
0x25,0x00,0x38,0x29,0x30,0x25,0x00,0x28,0x33,0x00,0x1A,0x0F,0x1E,0x00,0x28,0x29,
0x00,0xE9,0x17,0x29,0x2B,0x25,0xFC,0x17,0x25,0x32,0x00,0x0C,0x25,0x38,0x38,0x30,
0x29,0x00,0x18,0x29,0x38,0x3B,0x33,0x36,0x2F,0x00,0x05,0xE5,0xE9,0xFF,0xF3,0x02,
0x13,0x32,0x2D,0x27,0x2D,0x25,0x36,0x00,0x38,0x36,0x25,0x32,0x37,0x31,0x2D,0x37,
0x37,0x25,0x33,0xDD,0xFC,0x00,0x00,0x1D,0x13,0x17,0xFC,0x00,0x00,0x18,0x0B,0x19,
0xFF,0xF3,0x02,0x0B,0x2B,0x39,0x25,0x36,0x28,0x25,0x32,0x28,0x33,0x00,0x38,0x36,
0x25,0x32,0x37,0x31,0x2D,0x37,0x37,0x25,0x33,0xE5,0xFC,0x00,0xFC,0xD1,0x0D,0x25,
0x32,0x27,0x29,0x30,0x29,0x00,0x27,0x33,0x31,0x00,0x33,0x00,0x0C,0x00,0x0C,0x1F,
0x1E,0x1E,0x19,0x18,0xD2,0xFF,0xF3,0x02,0x0D,0x33,0x31,0x39,0x32,0x2D,0x27,0x25,
0x32,0x28,0x33,0x00,0x27,0x33,0x31,0x00,0x33,0xFC,0x17,0x17,0x0C,0x18,0x00,0x05,
0xE5,0x00,0x13,0x32,0x37,0x2D,0x36,0x25,0xFC,0x27,0x33,0x31,0x25,0x32,0x28,0x33,
0x37,0x00,0x32,0x33,0x00,0x17,0x17,0x0C,0x18,0x00,0x05,0xE5,0xFF,0xF3,0x02,0x0F,
0x36,0x36,0x33,0x00,0x28,0x29,0x00,0x38,0x36,0x25,0x32,0x37,0x31,0x2D,0x37,0x37,
0x25,0x33,0xE5,0xFC,0x0F,0x32,0x27,0x29,0x36,0x36,0x25,0x32,0x28,0x33,0x00,0x38,
0x36,0x25,0x32,0x37,0x31,0x2D,0x37,0x37,0x25,0x33,0xE5,0xFF,0xF3,0x02,0x1E,0x36,
0x25,0x32,0x37,0x31,0x2D,0x37,0x37,0x25,0x33,0x00,0x27,0x33,0x32,0x27,0x30,0x39,
0x2D,0x28,0x25,0xE5,0xFC,0x19,0x00,0x0D,0x3D,0x26,0x29,0x36,0x37,0x34,0x25,0x27,
0x29,0x00,0x31,0x39,0x28,0x33,0x39,0xCA,0xFF,0xF3,0x02,0x1E,0x36,0x25,0x32,0x37,
0x31,0x2D,0x37,0x37,0x25,0x33,0x00,0x27,0x33,0x32,0x27,0x30,0x39,0x2D,0x28,0x25,
0xE5,0xFF,0xF3,0x02,0xFB,0x17,0x29,0x2B,0x25,0x00,0x0C,0x33,0x33,0x37,0x38,0x29,
0x36,0x00,0x0D,0x25,0x36,0x28,0x00,0x36,0x29,0x27,0x29,0x26,0x2D,0x28,0x33,0xE5,
0xFC,0x00,0x00,0x0C,0x19,0x19,0x1D,0x1E,0x00,0x1F,0x1A,0xFC,0x00,0x00,0x0D,0x0B,
0x18,0x0D,0x0F,0x16,0x0B,0x1C,0xFF,0xF3,0x02,0xFB,0x0F,0x36,0x36,0x33,0x00,0x28,
0x29,0x00,0x38,0x36,0x25,0x32,0x37,0x31,0x2D,0x37,0x37,0x25,0x33,0xE5,0xFF,0xF3,
0x02,0xFB,0x0C,0x33,0x33,0x37,0x38,0x00,0x28,0x33,0x00,0x0D,0x25,0x36,0x28,0xF9,
0x00,0x36,0x29,0x3A,0x29,0x36,0x38,0x2D,0x28,0x33,0xFC,0x25,0x33,0x00,0x29,0x37,
0x38,0x25,0x28,0x33,0x00,0x25,0x32,0x38,0x29,0x36,0x2D,0x33,0x36,0xE5,0xFF,0xF3,
0x02,0xFB,0x0B,0x00,0x2D,0x31,0x25,0x2B,0x29,0x31,0x00,0x28,0x29,0x00,0x2A,0x39,
0x32,0x28,0x33,0x00,0x28,0x33,0xFC,0x38,0x2D,0x38,0x39,0x30,0x33,0x00,0x31,0x39,
0x28,0x33,0x39,0xE5,0xFF,0xF3,0x02,0xFB,0x1A,0x30,0x25,0x32,0x38,0x25,0x00,0x29,
0x31,0x00,0x3A,0x25,0x37,0x33,0x00,0x25,0x28,0x2D,0x27,0x2D,0x33,0x32,0x25,0x28,
0x25,0xFC,0x32,0x25,0x00,0x0C,0x25,0x37,0x29,0xE8,0x00,0x29,0x31,0x00,0x25,0x30,
0x2B,0x39,0x31,0x00,0x30,0x39,0x2B,0x25,0x36,0xE5,0xFF,0xF3,0x02,0xFB,0x0E,0x29,
0x37,0x2D,0x2B,0x32,0x00,0x28,0x33,0x00,0x29,0x30,0x29,0x3A,0x25,0x28,0x33,0x36,
0x00,0x32,0x25,0xFC,0x0C,0x25,0x37,0x29,0x00,0x28,0x25,0x00,0x1C,0x29,0x37,0x2D,
0x37,0x38,0x29,0x32,0x27,0x2D,0x25,0x00,0x31,0x39,0x28,0x33,0x39,0xE5,0xFF,0xF3,
0x02,0xFB,0x0B,0x38,0x25,0x35,0x39,0x29,0x00,0x28,0x33,0x00,0x24,0x00,0x1D,0x25,
0x26,0x29,0x36,0x00,0x25,0x39,0x31,0x29,0x32,0x38,0x33,0x39,0xFC,0x29,0x31,0x00,
0xF2,0x02,0xF1,0xE5,0xFF,0xF3,0x02,0xFB,0x0F,0x32,0x29,0x36,0x2B,0x2D,0x25,0x00,
0x28,0x29,0x00,0x1A,0xE5,0x00,0x12,0x39,0x32,0x38,0x29,0x36,0xFC,0x25,0x39,0x31,
0x29,0x32,0x38,0x33,0x39,0x00,0x29,0x31,0x00,0xF2,0x05,0xF1,0xE5,0xFF,0xF3,0x02,
0xFB,0x0F,0x32,0x29,0x36,0x2B,0x2D,0x25,0x00,0x28,0x29,0x00,0x1A,0xE5,0x00,0x11,
0x39,0x25,0x36,0x28,0x2D,0x25,0x32,0xFC,0x25,0x39,0x31,0x29,0x32,0x38,0x33,0x39,
0x00,0x29,0x31,0x00,0xF2,0x05,0xF1,0xE5,0xFF,0xF3,0x02,0xFB,0x19,0x00,0x28,0x29,
0x37,0x2D,0x2B,0x32,0x00,0x28,0x33,0x37,0x00,0x0D,0x3D,0x26,0x29,0x36,0xD6,0x29,
0x30,0x3A,0x29,0x37,0xFC,0x18,0x39,0x36,0x37,0x29,0x00,0x31,0x39,0x28,0x33,0x39,
0xE5,0xFF,0xF3,0x02,0xFB,0x20,0x33,0x27,0x29,0x00,0x38,0x29,0x31,0x00,0x39,0x31,
0x00,0x32,0x33,0x3A,0x33,0x00,0x25,0x31,0x2D,0x2B,0x33,0x00,0x29,0x31,0xFC,0x25,
0x30,0x2B,0x39,0x31,0x00,0x30,0x39,0x2B,0x25,0x36,0x00,0x28,0x33,0x00,0x37,0x29,
0x2B,0x39,0x32,0x28,0x33,0x00,0x25,0x32,0x28,0x25,0x36,0xFC,0x28,0x25,0x00,0x0C,
0x25,0x37,0x29,0x00,0x28,0x25,0x00,0x1C,0x29,0x37,0x2D,0x37,0x38,0x29,0x32,0x27,
0x2D,0x25,0xE5,0xFF,0xF3,0x02,0xFB,0x19,0x00,0x28,0x29,0x37,0x2D,0x2B,0x32,0x00,
0x28,0x33,0x37,0x00,0x38,0x2D,0x36,0x33,0x37,0x00,0x28,0x33,0xFC,0x0C,0x39,0x37,
0x38,0x29,0x36,0x1D,0x2C,0x33,0x38,0x00,0x31,0x39,0x28,0x33,0x39,0xE5,0xFF,0xF3,
0x02,0xFB,0x19,0x00,0x28,0x29,0x37,0x2D,0x2B,0x32,0x00,0x28,0x33,0x37,0x00,0x24,
0x00,0x1A,0x25,0x32,0x29,0x30,0x37,0xFC,0x32,0x33,0x00,0x2E,0x33,0x2B,0x33,0x00,
0x31,0x39,0x28,0x33,0x39,0xE5,0xFF,0xF3,0x02,0xFB,0x19,0x00,0x28,0x29,0x37,0x2D,
0x2B,0x32,0x00,0x28,0x25,0x00,0x36,0x33,0x39,0x34,0x25,0xFC,0x28,0x29,0x00,0x0B,
0x30,0x33,0x39,0x29,0x38,0x38,0x29,0x00,0x31,0x39,0x28,0x33,0x39,0xE5,0xFF,0xF3,
0x02,0xFB,0x0B,0x38,0x25,0x35,0x39,0x29,0x00,0x28,0x33,0x37,0x00,0x0B,0x32,0x2D,
0x31,0x25,0x30,0x00,0x29,0x30,0x3A,0x29,0x37,0xFC,0x0B,0x36,0x27,0x2C,0x2D,0x31,
0x00,0x29,0x00,0x0B,0x36,0x27,0x2C,0x2D,0x30,0xFC,0x25,0x39,0x31,0x29,0x32,0x38,
0x25,0x36,0x25,0x31,0x00,0x29,0x31,0x00,0xF2,0x02,0xF1,0xE5,0xFF,0xF3,0x02,0xFB,
0x0B,0x00,0x0E,0x29,0x2A,0x29,0x37,0x25,0x00,0x28,0x29,0x00,0x24,0x29,0x36,0x33,
0xFC,0x25,0x2B,0x33,0x36,0x25,0x00,0x2A,0x33,0x2D,0x00,0x28,0x33,0x26,0x36,0x25,
0x28,0x25,0xE5,0xFF,0xF3,0x02,0xFB,0x19,0x00,0x28,0x29,0x37,0x2D,0x2B,0x32,0x00,
0x28,0x25,0x00,0x2E,0x25,0x32,0x29,0x30,0x25,0x00,0x28,0x29,0xFC,0x31,0x29,0x32,
0x37,0x25,0x2B,0x29,0x32,0x37,0x00,0x31,0x39,0x28,0x33,0x39,0xE5,0xFF,0xF3,0x02,
0xFB,0x19,0x00,0x28,0x29,0x37,0x2D,0x2B,0x32,0x00,0x28,0x25,0x00,0x16,0x2D,0x2A,
0x29,0x00,0x0F,0x32,0x29,0x36,0x2B,0x3D,0xFC,0x31,0x39,0x28,0x33,0x39,0xE5,0xFF,
0xF3,0x02,0xFB,0x0B,0x38,0x25,0x35,0x39,0x29,0x00,0x28,0x25,0x00,0x1C,0x29,0x27,
0x33,0x2D,0x30,0x00,0x1C,0x33,0x28,0xFC,0x25,0x39,0x31,0x29,0x32,0x38,0x33,0x39,
0x00,0x29,0x31,0x00,0xF2,0x02,0xF1,0xE5,0xFF,0xF3,0x02,0xFB,0x1E,0x33,0x28,0x33,
0x37,0x00,0x33,0x37,0x00,0x2D,0x38,0x29,0x32,0x37,0x00,0x27,0x33,0x31,0x00,0x26,
0x33,0x33,0x37,0x38,0xFC,0x3A,0x33,0x30,0x38,0x25,0x36,0x25,0x31,0x00,0x25,0x33,
0x00,0x29,0x37,0x38,0x25,0x28,0x33,0x00,0x34,0x25,0x28,0x36,0x25,0x33,0xE5,0xFF,
0xF3,0x02,0xFB,0x12,0x25,0x00,0x39,0x31,0x00,0x2B,0x25,0x38,0x33,0x00,0x34,0x29,
0x36,0x28,0x2D,0x28,0x33,0xFC,0x29,0x31,0x00,0x25,0x30,0x2B,0x39,0x31,0x00,0x30,
0x39,0x2B,0x25,0x36,0x00,0x28,0x25,0xFC,0x0C,0x25,0x37,0x29,0x00,0x28,0x25,0x00,
0x1C,0x29,0x37,0x2D,0x37,0x38,0x29,0x32,0x27,0x2D,0x25,0xE5,0xFF,0xF3,0x02,0xFB,
0x0F,0x37,0x38,0x25,0x00,0x32,0x29,0x3A,0x25,0x32,0x28,0x33,0x00,0x32,0x25,0xFC,
0x0C,0x25,0x37,0x29,0x00,0x28,0x25,0x00,0x1C,0x29,0x37,0x2D,0x37,0x38,0x29,0x32,
0x27,0x2D,0x25,0xE5,0xFF,0xF3,0x02,0xFB,0x19,0x00,0x28,0x29,0x37,0x2D,0x2B,0x32,
0x00,0x28,0x33,0x37,0xFC,0x0F,0xD6,0x0D,0x36,0x3D,0x37,0x38,0x25,0x30,0x37,0x00,
0x32,0x33,0xFC,0x2E,0x33,0x2B,0x33,0x00,0x31,0x39,0x28,0x33,0x39,0xE5,0xFF,0xF3,
0x02,0xFB,0x0B,0x38,0x25,0x35,0x39,0x29,0x00,0x28,0x33,0x00,0x1D,0xE5,0x0C,0x33,
0x33,0x31,0x29,0x36,0x25,0x32,0x2B,0xFC,0x25,0x39,0x31,0x29,0x32,0x38,0x33,0x39,
0x00,0x29,0x31,0x00,0xF2,0x02,0xF1,0xE5,0xFF,0xF3,0x02,0xFB,0x0B,0x38,0x25,0x35,
0x39,0x29,0x00,0x28,0x33,0x37,0x00,0x0B,0x32,0x2D,0x31,0x25,0x30,0x00,0x29,0x30,
0x3A,0x29,0x37,0xFC,0x0C,0x29,0x29,0x38,0x25,0x27,0x2F,0x00,0x29,0x00,0x0C,0x29,
0x29,0x32,0x2D,0x34,0x29,0xFC,0x25,0x39,0x31,0x29,0x32,0x38,0x25,0x36,0x25,0x31,
0x00,0x29,0x31,0x00,0xF2,0x02,0xF1,0xE5,0xFF,0xF3,0x02,0xFB,0x0E,0x29,0x37,0x2D,
0x2B,0x32,0x00,0x28,0x33,0x00,0x27,0x33,0x31,0x34,0x39,0x38,0x25,0x28,0x33,0x36,
0x00,0x32,0x33,0xFC,0x35,0x39,0x25,0x36,0x38,0x33,0x00,0x28,0x29,0x00,0x0D,0x2D,
0x29,0x30,0x00,0x31,0x39,0x28,0x33,0x39,0xE5,0xFF,0xF3,0x02,0xFB,0x1F,0x31,0x00,
0x0D,0x3D,0x26,0x29,0x36,0xD6,0x29,0x30,0x2A,0x00,0x31,0x2D,0x37,0x38,0x29,0x36,
0x2D,0x33,0x37,0x33,0xFC,0x25,0x34,0x25,0x36,0x29,0x27,0x29,0x39,0x00,0x29,0x31,
0x00,0x25,0x30,0x2B,0x39,0x31,0x00,0x30,0x39,0x2B,0x25,0x36,0xFC,0x28,0x25,0x00,
0x0C,0x25,0x37,0x29,0x00,0x28,0x25,0x00,0x1C,0x29,0x37,0x2D,0x37,0x38,0x29,0x32,
0x27,0x2D,0x25,0xE5,0xFF,0xF3,0x02,0xFB,0x19,0x00,0x0B,0x38,0x25,0x35,0x39,0x29,
0x00,0x28,0x33,0x37,0x00,0x0C,0x39,0x37,0x38,0x29,0x36,0x1D,0x2C,0x33,0x38,0x37,
0xFC,0x25,0x39,0x31,0x29,0x32,0x38,0x33,0x39,0x00,0x29,0x31,0x00,0xF2,0x02,0xF1,
0xE5,0xFF,0xF3,0x02,0xFB,0x1F,0x31,0x25,0x00,0x34,0x2D,0x32,0x38,0x39,0x36,0x25,
0x00,0x2A,0x33,0x2D,0x00,0x34,0x29,0x32,0x28,0x39,0x36,0x25,0x28,0x25,0xFC,0x32,
0x25,0x00,0x34,0x25,0x36,0x29,0x28,0x29,0x00,0x28,0x25,0x00,0x0C,0x25,0x37,0x29,
0x00,0x28,0x25,0xFC,0x1C,0x29,0x37,0x2D,0x37,0x38,0x29,0x32,0x27,0x2D,0x25,0xE5,
0xFF,0xF3,0x02,0xFB,0x1F,0x31,0x25,0x00,0x32,0x33,0x3A,0x25,0x00,0x34,0x33,0x36,
0x38,0x25,0x00,0x25,0x34,0x25,0x36,0x29,0x27,0x29,0x39,0xFC,0x29,0x31,0x00,0x25,
0x30,0x2B,0x39,0x31,0x00,0x30,0x39,0x2B,0x25,0x36,0x00,0x28,0x25,0xFC,0x0C,0x25,
0x37,0x29,0x00,0x28,0x25,0x00,0x1C,0x29,0x37,0x2D,0x37,0x38,0x29,0x32,0x27,0x2D,
0x25,0xE5,0xFF,0xF3,0x02,0xFB,0x19,0x00,0x0B,0x38,0x25,0x35,0x39,0x29,0x00,0x28,
0x33,0x37,0x00,0x0C,0x39,0x37,0x38,0x29,0x36,0x1D,0x2C,0x33,0x38,0x37,0xFC,0x25,
0x39,0x31,0x29,0x32,0x38,0x33,0x39,0x00,0x29,0x31,0x00,0xF2,0x03,0xF1,0xE5,0xFF,
0xF3,0x02,0xFB,0x20,0x33,0x27,0x29,0x00,0x38,0x29,0x31,0x00,0x39,0x31,0x00,0x32,
0x33,0x3A,0x33,0x00,0x25,0x31,0x2D,0x2B,0x33,0x00,0x29,0x31,0xFC,0x25,0x30,0x2B,
0x39,0x31,0x00,0x30,0x39,0x2B,0x25,0x36,0x00,0x32,0x33,0x00,0x34,0x36,0x2D,0x31,
0x29,0x2D,0x36,0x33,0xFC,0x25,0x32,0x28,0x25,0x36,0x00,0x28,0x25,0x00,0x0C,0x25,
0x37,0x29,0xE5,0xFF,0xF3,0x02,0xFB,0x1F,0x31,0x25,0x00,0x2A,0x30,0x33,0x36,0x00,
0x28,0x29,0x37,0x25,0x26,0x36,0x33,0x27,0x2C,0x33,0x39,0x00,0x32,0x33,0xFC,0x38,
0x29,0x30,0x2C,0x25,0x28,0x33,0x00,0x28,0x25,0x00,0x0C,0x25,0x37,0x29,0xE5,0xFF,
0xF3,0x02,0xFB,0x19,0x00,0x28,0x29,0x37,0x2D,0x2B,0x32,0x00,0x28,0x33,0x37,0x00,
0x0B,0x32,0x2D,0x31,0x25,0x30,0x00,0x29,0x30,0x3A,0x29,0x37,0xFC,0x31,0x39,0x28,
0x33,0x39,0xE5,0xFF,0xF3,0x02,0xFB,0x0B,0x32,0x28,0x36,0x29,0x3B,0x00,0x34,0x25,
0x36,0x29,0x27,0x29,0xFC,0x31,0x25,0x2D,0x37,0x00,0x2E,0x33,0x3A,0x29,0x31,0x00,
0x25,0x2B,0x33,0x36,0x25,0xE5,0xFF,0xF3,0x02,0xFB,0x0B,0x38,0x25,0x35,0x39,0x29,
0x00,0x28,0x33,0x37,0x00,0x0B,0x32,0x2D,0x31,0x25,0x30,0x00,0x29,0x30,0x3A,0x29,
0x37,0xFC,0x0B,0x36,0x27,0x2C,0x2D,0x31,0x00,0x29,0x00,0x0B,0x36,0x27,0x2C,0x2D,
0x30,0xFC,0x25,0x39,0x31,0x29,0x32,0x38,0x25,0x36,0x25,0x31,0x00,0x29,0x31,0x00,
0xF2,0x03,0xF1,0xE5,0xFF,0xF3,0x02,0xFB,0x11,0x25,0x2D,0x3A,0x33,0x38,0x25,0x37,
0x00,0x25,0x2B,0x33,0x36,0x25,0x00,0x3A,0x33,0x25,0x31,0x00,0x32,0x33,0xFC,0x27,
0x29,0x39,0x00,0x25,0x27,0x2D,0x31,0x25,0x00,0x28,0x25,0x00,0x0C,0x25,0x37,0x29,
0xFC,0x28,0x25,0x00,0x1C,0x29,0x37,0x2D,0x37,0x38,0x29,0x32,0x27,0x2D,0x25,0xE5,
0xFF,0xF3,0x02,0xFB,0x0B,0x38,0x25,0x35,0x39,0x29,0x00,0x28,0x33,0x37,0x00,0x0B,
0x32,0x2D,0x31,0x25,0x30,0x00,0x29,0x30,0x3A,0x29,0x37,0xFC,0x0C,0x29,0x29,0x38,
0x25,0x27,0x2F,0x00,0x29,0x00,0x0C,0x29,0x29,0x32,0x2D,0x34,0x29,0xFC,0x25,0x39,
0x31,0x29,0x32,0x38,0x25,0x36,0x25,0x31,0x00,0x29,0x31,0x00,0xF2,0x03,0xF1,0xE5,
0xFF,0xF3,0x02,0xFB,0x19,0x00,0x28,0x29,0x37,0x2D,0x2B,0x32,0x00,0x28,0x33,0x37,
0x00,0x1D,0x29,0x27,0x36,0x29,0x38,0x00,0x0E,0x2D,0x37,0x2F,0x37,0xFC,0x31,0x39,
0x28,0x33,0x39,0xE5,0xFF,0xF3,0x02,0xFB,0x0B,0x38,0x25,0x35,0x39,0x29,0x00,0x28,
0x33,0x00,0x1D,0xE5,0x0C,0x33,0x33,0x31,0x29,0x36,0x25,0x32,0x2B,0xFC,0x25,0x39,
0x31,0x29,0x32,0x38,0x33,0x39,0x00,0x29,0x31,0x00,0xF2,0x03,0xF1,0xE5,0xFF,0xF3,
0x02,0xFB,0x0B,0x30,0x2B,0x39,0x29,0x31,0x00,0x28,0x29,0x37,0x29,0x32,0x2C,0x33,
0x39,0x00,0x2B,0x36,0x25,0x2A,0x2D,0x38,0x29,0xFC,0x32,0x25,0x00,0x34,0x25,0x36,
0x29,0x28,0x29,0x00,0x28,0x25,0x00,0x0C,0x25,0x37,0x29,0x00,0x28,0x25,0xFC,0x1C,
0x29,0x37,0x2D,0x37,0x38,0x29,0x32,0x27,0x2D,0x25,0xE5,0xFF,0xF3,0x02,0xFB,0x0B,
0x38,0x25,0x35,0x39,0x29,0x00,0x28,0x25,0x00,0x1C,0x29,0x27,0x33,0x2D,0x30,0x00,
0x1C,0x33,0x28,0xFC,0x25,0x39,0x31,0x29,0x32,0x38,0x33,0x39,0x00,0x29,0x31,0x00,
0xF2,0x03,0xF1,0xE5,0xFF,0xF3,0x02,0xFB,0x0B,0x00,0x27,0x33,0x32,0x3A,0x29,0x36,
0x37,0x25,0x00,0x27,0x33,0x31,0x00,0x33,0x00,0x37,0x33,0x30,0x28,0x25,0x28,0x33,
0xFC,0x28,0x25,0x00,0x1C,0x29,0x37,0x2D,0x37,0x38,0x29,0x32,0x27,0x2D,0x25,0x00,
0x32,0x25,0xFC,0x38,0x33,0x36,0x36,0x29,0x00,0x28,0x29,0x00,0x3A,0x2D,0x2B,0x2D,
0x25,0x00,0x25,0x00,0x28,0x2D,0x36,0x29,0x2D,0x38,0x25,0xFD,0x28,0x25,0x00,0x26,
0x25,0x37,0x29,0x00,0x31,0x39,0x28,0x33,0x39,0xE5,0xFF,0xF3,0x02,0xFB,0x0B,0x38,
0x25,0x35,0x39,0x29,0x00,0x28,0x33,0x00,0x1D,0xE5,0x0C,0x33,0x33,0x31,0x29,0x36,
0x25,0x32,0x2B,0xFC,0x25,0x39,0x31,0x29,0x32,0x38,0x33,0x39,0x00,0x29,0x31,0x00,
0xF2,0x04,0xF1,0xE5,0xFF,0xF3,0x02,0xFB,0x0B,0x00,0x27,0x33,0x32,0x3A,0x29,0x36,
0x37,0x25,0x00,0x27,0x33,0x31,0x00,0x33,0x00,0x37,0x33,0x30,0x28,0x25,0x28,0x33,
0xFC,0x28,0x25,0x00,0x1C,0x29,0x37,0x2D,0x37,0x38,0x29,0x32,0x27,0x2D,0x25,0x00,
0x32,0x25,0xFC,0x38,0x33,0x36,0x36,0x29,0x00,0x28,0x29,0x00,0x3A,0x2D,0x2B,0x2D,
0x25,0x00,0x25,0x00,0x29,0x37,0x35,0x39,0x29,0x36,0x28,0x25,0xFD,0x28,0x25,0x00,
0x26,0x25,0x37,0x29,0x00,0x31,0x39,0x28,0x33,0x39,0xE5,0xFF,0xF3,0x02,0xFB,0x0B,
0x38,0x25,0x35,0x39,0x29,0x00,0x28,0x33,0x37,0x00,0x0B,0x32,0x2D,0x31,0x25,0x30,
0x00,0x29,0x30,0x3A,0x29,0x37,0xFC,0x0C,0x29,0x29,0x38,0x25,0x27,0x2F,0x00,0x29,
0x00,0x0C,0x29,0x29,0x32,0x2D,0x34,0x29,0xFC,0x25,0x39,0x31,0x29,0x32,0x38,0x25,
0x36,0x25,0x31,0x00,0x29,0x31,0x00,0xF2,0x04,0xF1,0xE5,0xFF,0xF3,0x02,0xFB,0x0B,
0x38,0x25,0x35,0x39,0x29,0x00,0x28,0x33,0x37,0x00,0x0B,0x32,0x2D,0x31,0x25,0x30,
0x00,0x29,0x30,0x3A,0x29,0x37,0xFC,0x0B,0x36,0x27,0x2C,0x2D,0x31,0x00,0x29,0x00,
0x0B,0x36,0x27,0x2C,0x2D,0x30,0xFC,0x25,0x39,0x31,0x29,0x32,0x38,0x25,0x36,0x25,
0x31,0x00,0x29,0x31,0x00,0xF2,0x04,0xF1,0xE5,0xFF,0xF3,0x02,0xFB,0x19,0x00,0x28,
0x29,0x37,0x2D,0x2B,0x32,0x00,0x28,0x33,0x37,0x00,0x12,0x25,0x27,0x2F,0x29,0x36,
0x00,0x29,0x30,0x3A,0x29,0x37,0xFC,0x31,0x39,0x28,0x33,0x39,0xE5,0xFF,0xF3,0x02,
0xFB,0x0F,0x32,0x29,0x36,0x2B,0x2D,0x25,0x00,0x28,0x29,0x00,0x0D,0x36,0x33,0x37,
0x37,0x26,0x3D,0x32,0x29,0xFC,0x25,0x39,0x31,0x29,0x32,0x38,0x33,0x39,0x00,0x29,
0x31,0x00,0xF2,0x05,0xF1,0xE5,0xFF,0xF3,0x02,0xFB,0x0F,0x32,0x29,0x36,0x2B,0x2D,
0x25,0x00,0x28,0x29,0x00,0x1A,0xE5,0x00,0x0C,0x25,0x37,0x29,0xFC,0x25,0x39,0x31,
0x29,0x32,0x38,0x33,0x39,0x00,0x29,0x31,0x00,0xF2,0x05,0xF1,0xE5,0xFF,0xF3,0x02,
0xFB,0x19,0x00,0x0B,0x38,0x25,0x35,0x39,0x29,0x00,0x28,0x33,0x37,0x00,0x0C,0x39,
0x37,0x38,0x29,0x36,0x1D,0x2C,0x33,0x38,0x37,0xFC,0x25,0x39,0x31,0x29,0x32,0x38,
0x33,0x39,0x00,0x29,0x31,0x00,0xF2,0x04,0xF1,0xE5,0xFF,0xF3,0x02,0xFB,0x0B,0x2B,
0x33,0x36,0x25,0x00,0x29,0x2C,0x00,0x32,0x33,0x2D,0x38,0x29,0x00,0x32,0x25,0xFC,
0x0C,0x25,0x37,0x29,0x00,0x28,0x25,0x00,0x1C,0x29,0x37,0x2D,0x37,0x38,0x29,0x32,
0x27,0x2D,0x25,0xE5,0xFF,0xF3,0x02,0xFB,0x0F,0x32,0x29,0x36,0x2B,0x2D,0x25,0x00,
0x28,0x29,0x00,0x1A,0xE5,0x00,0x0B,0x35,0x39,0x25,0xFC,0x25,0x39,0x31,0x29,0x32,
0x38,0x33,0x39,0x00,0x29,0x31,0x00,0xF2,0x05,0xF1,0xE5,0xFF,0xF3,0x02,0xFB,0x1A,
0x29,0x2D,0x3C,0x29,0x37,0x00,0x25,0x2B,0x33,0x36,0x25,0x00,0x34,0x39,0x30,0x25,
0x31,0x00,0x32,0x33,0xFC,0x34,0x33,0x36,0x38,0x33,0x00,0x28,0x25,0x00,0x0C,0x25,
0x37,0x29,0x00,0x28,0x25,0xFC,0x1C,0x29,0x37,0x2D,0x37,0x38,0x29,0x32,0x27,0x2D,
0x25,0xE5,0xFF,0xF3,0x02,0xFB,0x0B,0x38,0x25,0x35,0x39,0x29,0x00,0x28,0x25,0x00,
0x1C,0x29,0x27,0x33,0x2D,0x30,0x00,0x1C,0x33,0x28,0xFC,0x25,0x39,0x31,0x29,0x32,
0x38,0x33,0x39,0x00,0x29,0x31,0x00,0xF2,0x04,0xF1,0xE5,0xFF,0xF3,0x02,0xFB,0x20,
0x33,0x27,0x29,0x00,0x38,0x29,0x31,0x00,0x39,0x31,0x00,0x32,0x33,0x3A,0x33,0x00,
0x25,0x31,0x2D,0x2B,0x33,0x00,0x29,0x31,0xFC,0x25,0x30,0x2B,0x39,0x31,0x00,0x30,
0x39,0x2B,0x25,0x36,0x00,0x32,0x33,0x00,0x38,0x29,0x36,0x27,0x29,0x2D,0x36,0x33,
0xFC,0x25,0x32,0x28,0x25,0x36,0x00,0x28,0x25,0x00,0x0C,0x25,0x37,0x29,0xE5,0xFF,
0xF3,0x02,0xFB,0x0B,0x38,0x25,0x35,0x39,0x29,0x00,0x28,0x33,0x37,0x00,0x0B,0x32,
0x2D,0x31,0x25,0x30,0x00,0x29,0x30,0x3A,0x29,0x37,0xFC,0x0B,0x36,0x27,0x2C,0x2D,
0x31,0x00,0x29,0x00,0x0B,0x36,0x27,0x2C,0x2D,0x30,0xFC,0x25,0x39,0x31,0x29,0x32,
0x38,0x25,0x36,0x25,0x31,0x00,0x29,0x31,0x00,0xF2,0x05,0xF1,0xE5,0xFF,0xF3,0x02,
0xFB,0x0B,0x38,0x25,0x35,0x39,0x29,0x00,0x28,0x33,0x00,0x24,0x00,0x1D,0x25,0x26,
0x29,0x36,0x00,0x25,0x39,0x31,0x29,0x32,0x38,0x33,0x39,0xFC,0x29,0x31,0x00,0xF2,
0x03,0xF1,0xE5,0xFF,0xF3,0x02,0xFB,0x0F,0x32,0x29,0x36,0x2B,0x2D,0x25,0x00,0x28,
0x29,0x00,0x1A,0xE5,0x00,0x0C,0x33,0x31,0x26,0x29,0x36,0xFC,0x25,0x39,0x31,0x29,
0x32,0x38,0x33,0x39,0x00,0x29,0x31,0x00,0xF2,0x05,0xF1,0xE5,0xFF,0xF3,0x02,0xFB,
0x0F,0x32,0x29,0x36,0x2B,0x2D,0x25,0x00,0x28,0x29,0x00,0x1A,0xE5,0x00,0x0B,0x35,
0x39,0x25,0xFC,0x25,0x30,0x38,0x29,0x36,0x25,0x28,0x33,0x00,0x25,0x39,0x31,0x29,
0x32,0x38,0x33,0x39,0x00,0x29,0x31,0xFC,0x00,0xF2,0x02,0x07,0xF1,0xE5,0xFF,0xF3,
0x02,0xFB,0x0B,0x38,0x25,0x35,0x39,0x29,0x00,0x28,0x33,0x00,0x24,0x00,0x1D,0x25,
0x26,0x29,0x36,0x00,0x25,0x39,0x31,0x29,0x32,0x38,0x33,0x39,0xFC,0x29,0x31,0x00,
0xF2,0x04,0xF1,0xE5,0xFF,0xF3,0x02,0xFB,0x0F,0x32,0x29,0x36,0x2B,0x2D,0x25,0x00,
0x28,0x29,0x00,0x1A,0x39,0x36,0x34,0x30,0x29,0x18,0x29,0x36,0x34,0x30,0x29,0xFC,
0x25,0x39,0x31,0x29,0x32,0x38,0x33,0x39,0x00,0x29,0x31,0x00,0xF2,0x05,0xF1,0xE5,
0xFF,0xF3,0x02,0xFB,0x0F,0x32,0x29,0x36,0x2B,0x2D,0x25,0x00,0x28,0x29,0x00,0x1D,
0x2C,0x29,0x30,0x30,0x27,0x36,0x25,0x3B,0x30,0x29,0x36,0xFC,0x25,0x39,0x31,0x29,
0x32,0x38,0x33,0x39,0x00,0x29,0x31,0x00,0xF2,0x05,0xF1,0xE5,0xFF,0xF3,0x02,0xFB,
0x0F,0x32,0x29,0x36,0x2B,0x2D,0x25,0x00,0x28,0x29,0x00,0x13,0x27,0x29,0x26,0x33,
0x32,0x00,0x25,0x39,0x31,0x29,0x32,0x38,0x33,0x39,0xFC,0x29,0x31,0x00,0xF2,0x05,
0xF1,0xE5,0xFF,0xF3,0x02,0xFB,0x0F,0x32,0x29,0x36,0x2B,0x2D,0x25,0x00,0x28,0x29,
0x00,0x11,0xE5,0x00,0x0D,0x25,0x32,0x32,0x33,0x32,0xFC,0x25,0x39,0x31,0x29,0x32,
0x38,0x33,0x39,0x00,0x29,0x31,0x00,0xF2,0x05,0xF1,0xE5,0xFF,0xF3,0x02,0xFB,0x0F,
0x32,0x29,0x36,0x2B,0x2D,0x25,0x00,0x28,0x29,0x00,0x0D,0x30,0x25,0x3A,0x29,0x2F,
0x29,0x36,0xFC,0x25,0x39,0x31,0x29,0x32,0x38,0x33,0x39,0x00,0x29,0x31,0x00,0xF2,
0x05,0xF1,0xE5,0xFF,0xF3,0x02,0xFB,0x0F,0x32,0x29,0x36,0x2B,0x2D,0x25,0x00,0x28,
0x29,0x00,0x1D,0x2C,0x33,0x38,0x27,0x33,0x39,0x32,0x38,0x29,0x36,0xFC,0x25,0x39,
0x31,0x29,0x32,0x38,0x33,0x39,0x00,0x29,0x31,0x00,0xF2,0x05,0xF1,0xE5,0xFF,0xF3,
0x02,0xFB,0x0F,0x32,0x29,0x36,0x2B,0x2D,0x25,0x00,0x28,0x29,0x00,0x11,0x36,0x25,
0x32,0x28,0x00,0x0D,0x25,0x32,0x32,0x33,0x32,0xFC,0x25,0x39,0x31,0x29,0x32,0x38,
0x33,0x39,0x00,0x29,0x31,0x00,0xF2,0x05,0xF1,0xE5,0xFF,0xF3,0x02,0xFB,0x0F,0x32,
0x29,0x36,0x2B,0x2D,0x25,0x00,0x28,0x29,0x00,0x1D,0x2C,0x36,0x2D,0x31,0x34,0x33,
0x30,0x2D,0x32,0xFC,0x25,0x39,0x31,0x29,0x32,0x38,0x33,0x39,0x00,0x29,0x31,0x00,
0xF2,0x05,0xF1,0xE5,0xFF,0xF3,0x02,0xFB,0x0F,0x32,0x29,0x36,0x2B,0x2D,0x25,0x00,
0x28,0x29,0x00,0x0C,0x25,0x38,0x36,0x2D,0x32,0x2B,0xFC,0x25,0x39,0x31,0x29,0x32,
0x38,0x33,0x39,0x00,0x29,0x31,0x00,0xF2,0x05,0xF1,0xE5,0xFF,0xF3,0x02,0xFB,0x0F,
0x32,0x29,0x36,0x2B,0x2D,0x25,0x00,0x28,0x29,0x00,0x1A,0xE5,0x00,0x0D,0x25,0x32,
0x32,0x33,0x32,0xFC,0x25,0x39,0x31,0x29,0x32,0x38,0x33,0x39,0x00,0x29,0x31,0x00,
0xF2,0x05,0xF1,0xE5,0xFF,0xF3,0x02,0xFB,0x0F,0x32,0x29,0x36,0x2B,0x2D,0x25,0x00,
0x28,0x29,0x00,0x20,0x33,0x30,0x27,0x25,0x2D,0x36,0x29,0xFC,0x25,0x39,0x31,0x29,
0x32,0x38,0x33,0x39,0x00,0x29,0x31,0x00,0xF2,0x05,0xF1,0xE5,0xFF,0xF3,0x02,0xFB,
0x0F,0x32,0x29,0x36,0x2B,0x2D,0x25,0x00,0x28,0x29,0x00,0x1D,0x32,0x25,0x2F,0x29,
0x27,0x33,0x36,0x28,0xFC,0x25,0x39,0x31,0x29,0x32,0x38,0x33,0x39,0x00,0x29,0x31,
0x00,0xF2,0x05,0xF1,0xE5,0xFF,0xF3,0x02,0xFB,0x0F,0x32,0x29,0x36,0x2B,0x2D,0x25,
0x00,0x28,0x29,0x00,0x16,0x29,0x31,0x31,0x2D,0x32,0x2B,0x30,0x29,0x37,0xFC,0x25,
0x39,0x31,0x29,0x32,0x38,0x33,0x39,0x00,0x29,0x31,0x00,0xF2,0x05,0xF1,0xE5,0xFF,
0xF3,0x02,0xFB,0x0F,0x32,0x29,0x36,0x2B,0x2D,0x25,0x00,0x28,0x29,0x00,0x16,0x25,
0x31,0x34,0x30,0x33,0x36,0x38,0xFC,0x25,0x39,0x31,0x29,0x32,0x38,0x33,0x39,0x00,
0x29,0x31,0x00,0xF2,0x05,0xF1,0xE5,0xFF,0xF3,0x02,0xFB,0x0F,0x32,0x29,0x36,0x2B,
0x2D,0x25,0x00,0x28,0x29,0x00,0x1E,0x2D,0x30,0x29,0x00,0x0D,0x25,0x32,0x32,0x33,
0x32,0xFC,0x25,0x39,0x31,0x29,0x32,0x38,0x33,0x39,0x00,0x29,0x31,0x00,0xF2,0x05,
0xF1,0xE5,0xFF,0xF3,0x02,0xFB,0x0F,0x32,0x29,0x36,0x2B,0x2D,0x25,0x00,0x28,0x29,
0x00,0x1D,0x2C,0x29,0x30,0x30,0x39,0x32,0x33,0xFC,0x25,0x39,0x31,0x29,0x32,0x38,
0x33,0x39,0x00,0x29,0x31,0x00,0xF2,0x05,0xF1,0xE5,0xFF,0xF3,0x02,0xFB,0x0F,0x32,
0x29,0x36,0x2B,0x2D,0x25,0x00,0x28,0x29,0x00,0x12,0x29,0x25,0x3A,0x3D,0x00,0x0D,
0x25,0x32,0x32,0x33,0x32,0xFC,0x25,0x39,0x31,0x29,0x32,0x38,0x33,0x39,0x00,0x29,
0x31,0x00,0xF2,0x05,0xF1,0xE5,0xFF,0xF3,0x02,0xFB,0x0F,0x32,0x29,0x36,0x2B,0x2D,
0x25,0x00,0x28,0x29,0x00,0x17,0x33,0x38,0x2C,0x2E,0x2D,0x36,0x33,0xFC,0x25,0x39,
0x31,0x29,0x32,0x38,0x33,0x39,0x00,0x29,0x31,0x00,0xF2,0x05,0xF1,0xE5,0xFF,0xF3,
0x02,0xFB,0x0F,0x32,0x29,0x36,0x2B,0x2D,0x25,0x00,0x28,0x29,0x00,0x0D,0xE5,0x00,
0x0D,0x25,0x32,0x32,0x33,0x32,0xFC,0x25,0x39,0x31,0x29,0x32,0x38,0x33,0x39,0x00,
0x29,0x31,0x00,0xF2,0x05,0xF1,0xE5,0xFF,0xF3,0x02,0xFB,0x0F,0x32,0x29,0x36,0x2B,
0x2D,0x25,0x00,0x28,0x29,0x00,0x0D,0x25,0x30,0x2D,0x26,0x29,0x29,0x00,0x11,0xFC,
0x25,0x39,0x31,0x29,0x32,0x38,0x33,0x39,0x00,0x29,0x31,0x00,0xF2,0x02,0x07,0xF1,
0xE5,0xFF,0xF3,0x02,0xFB,0x0F,0x32,0x29,0x36,0x2B,0x2D,0x25,0x00,0x28,0x29,0x00,
0x0E,0x29,0x25,0x38,0x2C,0x30,0x33,0x27,0x2F,0xFC,0x25,0x39,0x31,0x29,0x32,0x38,
0x33,0x39,0x00,0x29,0x31,0x00,0xF2,0x05,0xF1,0xE5,0xFF,0xF3,0x02,0xFB,0x0F,0x32,
0x29,0x36,0x2B,0x2D,0x25,0x00,0x28,0x29,0x00,0x11,0x3D,0x36,0x33,0x00,0x0D,0x25,
0x32,0x32,0x33,0x32,0xFC,0x25,0x39,0x31,0x29,0x32,0x38,0x33,0x39,0x00,0x29,0x31,
0x00,0xF2,0x05,0xF1,0xE5,0xFF,0xF3,0x02,0xFB,0x0F,0x32,0x29,0x36,0x2B,0x2D,0x25,
0x00,0x28,0x29,0x00,0x1D,0x2C,0x25,0x36,0x2F,0x37,0x2C,0x2D,0x29,0x30,0x00,0x22,
0xFC,0x25,0x39,0x31,0x29,0x32,0x38,0x33,0x39,0x00,0x29,0x31,0x00,0xF2,0x05,0xF1,
0xE5,0xFF,0xF3,0x02,0xFB,0x0F,0x32,0x29,0x36,0x2B,0x2D,0x25,0x00,0x28,0x29,0x00,
0x19,0x30,0x3B,0x25,0x36,0x31,0x29,0x36,0xFC,0x25,0x39,0x31,0x29,0x32,0x38,0x33,
0x39,0x00,0x29,0x31,0x00,0xF2,0x02,0x07,0xF1,0xE5,0xFF,0xF3,0x02,0xFB,0x0F,0x32,
0x29,0x36,0x2B,0x2D,0x25,0x00,0x28,0x29,0x00,0x0C,0x36,0x25,0x32,0x3B,0x25,0x36,
0x31,0x29,0x36,0xFC,0x25,0x39,0x31,0x29,0x32,0x38,0x33,0x39,0x00,0x29,0x31,0x00,
0xF2,0x02,0x07,0xF1,0xE5,0xFF,0xF3,0x02,0xFB,0x0F,0x32,0x29,0x36,0x2B,0x2D,0x25,
0x00,0x28,0x29,0x00,0x16,0x33,0x27,0x33,0x31,0x33,0x00,0x13,0x10,0xFC,0x25,0x39,
0x31,0x29,0x32,0x38,0x33,0x39,0x00,0x29,0x31,0x00,0xF2,0x02,0x07,0xF1,0xE5,0xFF,
0xF3,0x02,0xFB,0x0F,0x32,0x29,0x36,0x2B,0x2D,0x25,0x00,0x28,0x29,0x00,0x0C,0x29,
0x29,0x37,0x29,0x36,0x3A,0x29,0x36,0xFC,0x25,0x39,0x31,0x29,0x32,0x38,0x33,0x39,
0x00,0x29,0x31,0x00,0xF2,0x02,0x07,0xF1,0xE5,0xFF,0xF3,0x02,0xFB,0x0F,0x32,0x29,
0x36,0x2B,0x2D,0x25,0x00,0x28,0x29,0x00,0x17,0x29,0x2B,0x25,0x31,0x2D,0x30,0x34,
0x25,0xFC,0x25,0x39,0x31,0x29,0x32,0x38,0x33,0x39,0x00,0x29,0x31,0x00,0xF2,0x02,
0x07,0xF1,0xE5,0xFF,0xF3,0x02,0xFB,0x17,0x2D,0x32,0x2D,0x00,0x2B,0x25,0x31,0x29,
0x00,0x28,0x29,0x00,0xF2,0x24,0x29,0x36,0x33,0xF1,0x00,0x2A,0x33,0x2D,0xFC,0x25,
0x28,0x2D,0x27,0x2D,0x33,0x32,0x25,0x28,0x33,0xCA,0xFF,0xF3,0x02,0xFB,0x17,0x2D,
0x32,0x2D,0x00,0x2B,0x25,0x31,0x29,0x00,0x28,0x29,0x00,0xF2,0x0D,0x2D,0x29,0x30,
0xF1,0x00,0x2A,0x33,0x2D,0xFC,0x25,0x28,0x2D,0x27,0x2D,0x33,0x32,0x25,0x28,0x33,
0xCA,0xFF,0xF3,0x02,0xFB,0x17,0x2D,0x32,0x2D,0x00,0x2B,0x25,0x31,0x29,0x00,0x28,
0x29,0x00,0xF2,0x0D,0x33,0x34,0x3D,0x00,0x22,0xF1,0x00,0x2A,0x33,0x2D,0xFC,0x25,
0x28,0x2D,0x27,0x2D,0x33,0x32,0x25,0x28,0x33,0xCA,0xFF,0xF3,0x02,0xFB,0x17,0x2D,
0x32,0x2D,0x00,0x2B,0x25,0x31,0x29,0x00,0x28,0x29,0x00,0xF2,0x12,0x25,0x36,0x34,
0x39,0x2D,0x25,0xF1,0x00,0x2A,0x33,0x2D,0xFC,0x25,0x28,0x2D,0x27,0x2D,0x33,0x32,
0x25,0x28,0x33,0xCA,0xFF,0xF3,0x02,0xFB,0x17,0x2D,0x32,0x2D,0x00,0x2B,0x25,0x31,
0x29,0x00,0x28,0x29,0x00,0xF2,0x10,0x29,0x2A,0x32,0x2D,0x36,0xF1,0x00,0x2A,0x33,
0x2D,0xFC,0x25,0x28,0x2D,0x27,0x2D,0x33,0x32,0x25,0x28,0x33,0xCA,0xFF,0xF3,0x02,
0xFB,0x17,0x2D,0x32,0x2D,0x00,0x2B,0x25,0x31,0x29,0x00,0x28,0x29,0x00,0xF2,0x16,
0x29,0x3A,0x2D,0x25,0x38,0x2C,0x25,0x32,0xF1,0x00,0x2A,0x33,0x2D,0xFC,0x25,0x28,
0x2D,0x27,0x2D,0x33,0x32,0x25,0x28,0x33,0xCA,0xFF,0xF3,0x02,0xFB,0x17,0x2D,0x32,
0x2D,0x00,0x2B,0x25,0x31,0x29,0x00,0x28,0x29,0x00,0xF2,0x1A,0x2C,0x25,0x32,0x38,
0x33,0x31,0xF1,0x00,0x2A,0x33,0x2D,0xFC,0x25,0x28,0x2D,0x27,0x2D,0x33,0x32,0x25,
0x28,0x33,0xCA,0xFF,0xF3,0x02,0xFB,0x17,0x33,0x28,0x33,0x00,0xF2,0x12,0x25,0x36,
0x28,0x00,0x17,0x33,0x28,0x29,0xF1,0x00,0x2A,0x33,0x2D,0xFC,0x25,0x28,0x2D,0x27,
0x2D,0x33,0x32,0x25,0x28,0x33,0xCA,0xFD,0x14,0x33,0x2B,0x39,0x29,0x00,0x32,0x33,
0x00,0x12,0x25,0x36,0x28,0x00,0x17,0x33,0x28,0x29,0xFC,0x37,0x29,0x2B,0x39,0x36,
0x25,0x32,0x28,0x33,0x00,0x16,0x00,0x0C,0x1F,0x1E,0x1E,0x19,0x18,0xFC,0x25,0x33,
0x00,0x29,0x37,0x27,0x33,0x30,0x2C,0x29,0x36,0x00,0x18,0x0F,0x21,0x00,0x11,0x0B,
0x17,0x0F,0xFF,0xF3,0x02,0xFB,0x17,0x33,0x28,0x33,0x00,0xF2,0x1F,0x30,0x38,0x2D,
0x31,0x25,0x38,0x29,0x00,0x17,0x33,0x28,0x29,0xF1,0x00,0x2A,0x33,0x2D,0xFC,0x25,
0x28,0x2D,0x27,0x2D,0x33,0x32,0x25,0x28,0x33,0xCA,0xFD,0x14,0x33,0x2B,0x39,0x29,
0x00,0x32,0x33,0x00,0x1F,0x30,0x38,0x2D,0x31,0x25,0x38,0x29,0x00,0x17,0x33,0x28,
0x29,0xFC,0x37,0x29,0x2B,0x39,0x36,0x25,0x32,0x28,0x33,0x00,0x1C,0x00,0x0C,0x1F,
0x1E,0x1E,0x19,0x18,0xFC,0x25,0x33,0x00,0x29,0x37,0x27,0x33,0x30,0x2C,0x29,0x36,
0x00,0x18,0x0F,0x21,0x00,0x11,0x0B,0x17,0x0F,0xFF,
};
alignas(16) inline constexpr uint16_t mmz3_msg01_script_offsets[] = {
0x0000,0x0021,0x004D,0x0066,0x0091,0x0091,0x0091,0x0091,
0x0091,0x0091,0x0091,0x00DE,0x012C,0x0176,0x01C1,0x0213,
0x025E,0x02AD,0x02F9,0x0347,0x0399,0x03E3,0x0429,0x044A,
0x0469,0x048A,0x04AD,0x04D1,0x04F8,0x051F,0x0540,0x0561,
0x057D,0x059A,0x05BD,0x05DE,0x05FF,0x0621,0x0643,0x0664,
0x0686,0x06A6,0x06C6,0x06E8,0x070A,0x072C,0x074E,0x0770,
0x0792,0x07B4,0x07D6,0x07F6,0x0818,0x0839,0x0859,0x087A,
0x089B,0x08BD,0x08DF,0x0901,0x0923,0x0945,0x0968,0x0988,
0x09AA,0x09CC,0x09EE,0x0A11,0x0A34,0x0A57,0x0A7A,0x0A9D,
0x0ABF,0x0AE1,0x0B01,0x0B25,0x0B48,0x0B6A,0x0B8D,0x0BB0,
0x0BD3,0x0BF6,0x0C18,0x0C3A,0x0C5D,0x0C81,0x0CA4,0x0CC7,
0x0CEB,0x0D0E,0x0D31,0x0D54,0x0D76,0x0D99,0x0DBB,0x0DDF,
0x0E02,0x0E25,0x0E48,0x0E6B,0x0E8F,0x0EB3,0x0ED7,0x0EF7,
0x0F18,0x0F3A,0x0F5C,0x0F7E,0x0F9B,0x0FB9,0x0FD7,0x0FF5,
0x1012,0x1030,0x104E,0x106B,0x1088,0x10A6,0x10C4,0x10E1,
0x10FF,0x111D,0x113B,0x1159,0x1180,0x11A8,0x11D0,0x11F0,
0x1217,
};
constexpr int mmz3_msg01_num_entries = 129;
alignas(16) inline constexpr uint8_t mmz3_msg01_script_data[] = {
0x20,0x33,0x27,0x29,0x00,0x33,0x26,0x38,0x29,0x3A,0x29,0x00,0x33,0x00,0xF2,0xF9,
0xF1,0xFD,0x0E,0x2D,0x37,0x27,0x33,0x00,0x1D,0x29,0x27,0x36,0x29,0x38,0x33,0xCA,
0xFF,0xF2,0x20,0x33,0x27,0x29,0x00,0x32,0x25,0x33,0x00,0x34,0x33,0x28,0x29,0x00,
0x25,0x32,0x25,0x30,0x2D,0x37,0x25,0x36,0x00,0x29,0x37,0x38,0x29,0xF1,0xFD,0xF2,
0x28,0x2D,0x37,0x27,0x33,0x00,0x25,0x35,0x39,0x2D,0xE5,0xF1,0xFF,0x20,0x33,0x27,
0x29,0x00,0x33,0x26,0x38,0x29,0x3A,0x29,0x00,0x39,0x31,0x00,0x1D,0x39,0x26,0x00,
0x1E,0x25,0x32,0x2F,0xCA,0xFF,0x19,0x00,0x0D,0x3D,0x26,0x29,0x36,0xD6,0x29,0x30,
0x2A,0x00,0x37,0x29,0x00,0x38,0x36,0x25,0x32,0x37,0x2A,0x33,0x36,0x31,0x33,0x39,
0xFD,0x29,0x31,0x00,0x39,0x31,0x00,0x1D,0x39,0x26,0x00,0x1E,0x25,0x32,0x2F,0xCA,
0xFF,0x20,0x33,0x27,0x29,0x00,0x27,0x25,0x34,0x38,0x39,0x36,0x33,0x39,0x00,0x25,
0x00,0x0F,0x22,0x00,0x37,0x2F,0x2D,0x30,0x30,0xFD,0x28,0x29,0x00,0xF2,0x0E,0x29,
0x25,0x38,0x2C,0x38,0x25,0x32,0x3E,0x00,0x17,0x25,0x32,0x38,0x2D,0x37,0x2F,0xF1,
0xCA,0xFD,0x20,0x33,0x27,0x29,0x00,0x33,0x26,0x38,0x29,0x3A,0x29,0x00,0x33,0x00,
0xF2,0x02,0x01,0x01,0x01,0x00,0x1D,0x30,0x25,0x37,0x2C,0xF1,0xCA,0xFF,0x20,0x33,
0x27,0x29,0x00,0x27,0x25,0x34,0x38,0x39,0x36,0x33,0x39,0x00,0x25,0x00,0x0F,0x22,
0x00,0x37,0x2F,0x2D,0x30,0x30,0xFD,0x28,0x29,0x00,0xF2,0x0D,0x2C,0x2D,0x30,0x28,
0x36,0x29,0x00,0x13,0x32,0x25,0x36,0x25,0x26,0x2D,0x38,0x38,0x25,0xF1,0xCA,0xFD,
0x20,0x33,0x27,0x29,0x00,0x33,0x26,0x38,0x29,0x3A,0x29,0x00,0x33,0x00,0xF2,0x1E,
0x2C,0x36,0x33,0x3B,0x0C,0x30,0x25,0x28,0x29,0xF1,0xCA,0xFF,0x20,0x33,0x27,0x29,
0x00,0x27,0x25,0x34,0x38,0x39,0x36,0x33,0x39,0x00,0x25,0x00,0x0F,0x22,0x00,0x37,
0x2F,0x2D,0x30,0x30,0xFD,0x28,0x29,0x00,0xF2,0x0C,0x30,0x25,0x3E,0x2D,0x32,0xD0,
0x00,0x10,0x30,0x2D,0x3E,0x25,0x36,0x28,0xF1,0xCA,0xFD,0x20,0x33,0x27,0x29,0x00,
0x33,0x26,0x38,0x29,0x3A,0x29,0x00,0x33,0x00,0xF2,0x0C,0x39,0x36,0x37,0x38,0x1D,
0x2C,0x33,0x38,0xF1,0xCA,0xFF,0x20,0x33,0x27,0x29,0x00,0x27,0x25,0x34,0x38,0x39,
0x36,0x33,0x39,0x00,0x25,0x00,0x0F,0x22,0x00,0x37,0x2F,0x2D,0x30,0x30,0xFD,0x28,
0x29,0x00,0xF2,0x0E,0x29,0x3A,0x2D,0x30,0x26,0x25,0x38,0x00,0x1D,0x27,0x2C,0x2D,
0x30,0x38,0xF1,0xCA,0xFD,0x20,0x33,0x27,0x29,0x00,0x33,0x26,0x38,0x29,0x3A,0x29,
0x00,0x33,0x00,0xF2,0x1D,0x25,0x26,0x29,0x36,0x1D,0x31,0x25,0x37,0x2C,0xF1,0xCA,
0xFF,0x20,0x33,0x27,0x29,0x00,0x27,0x25,0x34,0x38,0x39,0x36,0x33,0x39,0x00,0x25,
0x00,0x0F,0x22,0x00,0x37,0x2F,0x2D,0x30,0x30,0xFD,0x28,0x29,0x00,0xF2,0x0C,0x30,
0x2D,0x3E,0x3E,0x25,0x27,0x2F,0x00,0x1D,0x38,0x25,0x2B,0x2B,0x36,0x33,0x2A,0x2A,
0x00,0x1C,0xF1,0xCA,0xFD,0x20,0x33,0x27,0x29,0x00,0x33,0x26,0x38,0x29,0x3A,0x29,
0x00,0x33,0x00,0xF2,0x0C,0x30,0x2D,0x3E,0x3E,0x36,0x28,0x0B,0x36,0x36,0x33,0x3B,
0xF1,0xCA,0xFF,0x20,0x33,0x27,0x29,0x00,0x27,0x25,0x34,0x38,0x39,0x36,0x33,0x39,
0x00,0x25,0x00,0x0F,0x22,0x00,0x37,0x2F,0x2D,0x30,0x30,0xFD,0x28,0x29,0x00,0xF2,
0x12,0x25,0x32,0x39,0x31,0x25,0x27,0x2C,0x2D,0x32,0x29,0x00,0x1C,0xF1,0xCA,0xFD,
0x20,0x33,0x27,0x29,0x00,0x33,0x26,0x38,0x29,0x3A,0x29,0x00,0x33,0x00,0xF2,0x1D,
0x34,0x30,0x2D,0x38,0x12,0x29,0x25,0x3A,0x29,0x32,0x37,0xF1,0xCA,0xFF,0x20,0x33,
0x27,0x29,0x00,0x27,0x25,0x34,0x38,0x39,0x36,0x33,0x39,0x00,0x25,0x00,0x0F,0x22,
0x00,0x37,0x2F,0x2D,0x30,0x30,0xFD,0x28,0x29,0x00,0xF2,0x11,0x30,0x25,0x27,0x2D,
0x29,0x36,0x00,0x16,0x29,0x00,0x0D,0x25,0x27,0x38,0x25,0x32,0x2F,0xF1,0xCA,0xFD,
0x20,0x33,0x27,0x29,0x00,0x33,0x26,0x38,0x29,0x3A,0x29,0x00,0x33,0x00,0xF2,0x19,
0x36,0x26,0x2D,0x38,0x1D,0x2C,0x2D,0x29,0x30,0x28,0xF1,0xCA,0xFF,0x20,0x33,0x27,
0x29,0x00,0x27,0x25,0x34,0x38,0x39,0x36,0x33,0x39,0x00,0x25,0x00,0x0F,0x22,0x00,
0x37,0x2F,0x2D,0x30,0x30,0xFD,0x28,0x29,0x00,0xF2,0x0D,0x33,0x34,0x3D,0x00,0x22,
0x00,0x17,0x25,0x36,0x2F,0x00,0x13,0x13,0xF1,0xCA,0xFD,0x20,0x33,0x27,0x29,0x00,
0x33,0x26,0x38,0x29,0x3A,0x29,0x00,0x33,0x00,0xF2,0x1C,0x29,0x2A,0x30,0x29,0x27,
0x38,0x16,0x25,0x37,0x29,0x36,0xF1,0xCA,0xFF,0x20,0x33,0x27,0x29,0x00,0x27,0x25,
0x34,0x38,0x39,0x36,0x33,0x39,0x00,0x25,0x00,0x0F,0x22,0x00,0x37,0x2F,0x2D,0x30,
0x30,0xFD,0x28,0x29,0x00,0xF2,0x1E,0x36,0x29,0x38,0x2D,0x37,0x38,0x25,0x00,0x15,
0x29,0x30,0x3A,0x29,0x36,0x2D,0x25,0x32,0xF1,0xCA,0xFD,0x20,0x33,0x27,0x29,0x00,
0x33,0x26,0x38,0x29,0x3A,0x29,0x00,0x33,0x00,0xF2,0x11,0x25,0x30,0x29,0x0B,0x38,
0x38,0x25,0x27,0x2F,0xF1,0xCA,0xFF,0x20,0x33,0x27,0x29,0x00,0x27,0x25,0x34,0x38,
0x39,0x36,0x33,0x39,0x00,0x25,0x00,0x0F,0x22,0x00,0x37,0x2F,0x2D,0x30,0x30,0xFD,
0x28,0x29,0x00,0xF2,0x0B,0x32,0x39,0x26,0x2D,0x37,0x00,0x18,0x29,0x27,0x36,0x33,
0x31,0x25,0x32,0x27,0x29,0x37,0x37,0x00,0x20,0xF1,0xCA,0xFD,0x20,0x33,0x27,0x29,
0x00,0x33,0x26,0x38,0x29,0x3A,0x29,0x00,0x33,0x00,0xF2,0x1D,0x2C,0x2D,0x29,0x30,
0x28,0x1D,0x3B,0x29,0x29,0x34,0xF1,0xCA,0xFF,0x20,0x33,0x27,0x29,0x00,0x27,0x25,
0x34,0x38,0x39,0x36,0x33,0x39,0x00,0x25,0x00,0x0F,0x22,0x00,0x37,0x2F,0x2D,0x30,
0x30,0xFD,0x28,0x29,0x00,0xF2,0x0D,0x39,0x26,0x2D,0x38,0x00,0x10,0x33,0x3C,0x38,
0x25,0x36,0xF1,0xCA,0xFD,0x20,0x33,0x27,0x29,0x00,0x33,0x26,0x38,0x29,0x3A,0x29,
0x00,0x33,0x00,0xF2,0x1D,0x33,0x39,0x30,0x16,0x25,0x39,0x32,0x27,0x2C,0x29,0x36,
0xF1,0xCA,0xFF,0x20,0x33,0x27,0x29,0x00,0x27,0x25,0x34,0x38,0x39,0x36,0x33,0x39,
0x00,0x25,0x00,0x0F,0x22,0x00,0x37,0x2F,0x2D,0x30,0x30,0xFD,0x28,0x29,0x00,0xF2,
0x20,0x33,0x30,0x38,0x29,0x29,0x30,0x00,0x0C,0x2D,0x26,0x30,0x2D,0x33,0xF1,0xCA,
0xFD,0x20,0x33,0x27,0x29,0x00,0x33,0x26,0x38,0x29,0x3A,0x29,0x00,0x33,0x00,0xF2,
0x20,0xD6,0x1D,0x2C,0x33,0x38,0xF1,0xCA,0xFF,0x20,0x33,0x27,0x29,0x00,0x33,0x26,
0x38,0x29,0x3A,0x29,0x00,0x33,0x00,0xF2,0x16,0x2D,0x2B,0x2C,0x38,0xF1,0xFD,0x0C,
0x33,0x28,0x3D,0x00,0x0D,0x2C,0x2D,0x34,0xCA,0xFF,0x20,0x33,0x27,0x29,0x00,0x33,
0x26,0x38,0x29,0x3A,0x29,0x00,0x33,0x00,0xF2,0x13,0x27,0x29,0xF1,0xFD,0x0C,0x33,
0x28,0x3D,0x00,0x0D,0x2C,0x2D,0x34,0xCA,0xFF,0x20,0x33,0x27,0x29,0x00,0x33,0x26,
0x38,0x29,0x3A,0x29,0x00,0x33,0x00,0xF2,0x10,0x30,0x25,0x31,0x29,0xF1,0xFD,0x0C,
0x33,0x28,0x3D,0x00,0x0D,0x2C,0x2D,0x34,0xCA,0xFF,0x20,0x33,0x27,0x29,0x00,0x33,
0x26,0x38,0x29,0x3A,0x29,0x00,0x33,0x00,0xF2,0x1E,0x2C,0x39,0x32,0x28,0x29,0x36,
0xF1,0xFD,0x0C,0x33,0x28,0x3D,0x00,0x0D,0x2C,0x2D,0x34,0xCA,0xFF,0x20,0x33,0x27,
0x29,0x00,0x33,0x26,0x38,0x29,0x3A,0x29,0x00,0x33,0x00,0xF2,0x0B,0x26,0x37,0x33,
0x36,0x26,0x29,0x36,0xF1,0xFD,0x0C,0x33,0x28,0x3D,0x00,0x0D,0x2C,0x2D,0x34,0xCA,
0xFF,0x20,0x33,0x27,0x29,0x00,0x33,0x26,0x38,0x29,0x3A,0x29,0x00,0x33,0x00,0xF2,
0x1D,0x2C,0x25,0x28,0x33,0x3B,0x00,0x0E,0x25,0x37,0x2C,0xF1,0xFD,0x10,0x33,0x33,
0x38,0x00,0x0D,0x2C,0x2D,0x34,0xCA,0xFF,0x20,0x33,0x27,0x29,0x00,0x33,0x26,0x38,
0x29,0x3A,0x29,0x00,0x33,0x00,0xF2,0x0E,0x33,0x39,0x26,0x30,0x29,0x00,0x14,0x39,
0x31,0x34,0xF1,0xFD,0x10,0x33,0x33,0x38,0x00,0x0D,0x2C,0x2D,0x34,0xCA,0xFF,0x20,
0x33,0x27,0x29,0x00,0x33,0x26,0x38,0x29,0x3A,0x29,0x00,0x33,0x00,0xF2,0x1D,0x34,
0x2D,0x2F,0x29,0xF1,0xFD,0x10,0x33,0x33,0x38,0x00,0x0D,0x2C,0x2D,0x34,0xCA,0xFF,
0x20,0x33,0x27,0x29,0x00,0x33,0x26,0x38,0x29,0x3A,0x29,0x00,0x33,0x00,0xF2,0x1B,
0x39,0x2D,0x27,0x2F,0xF1,0xFD,0x10,0x33,0x33,0x38,0x00,0x0D,0x2C,0x2D,0x34,0xCA,
0xFF,0x20,0x33,0x27,0x29,0x00,0x33,0x26,0x38,0x29,0x3A,0x29,0x00,0x33,0x00,0xF2,
0x1C,0x29,0x27,0x33,0x2D,0x30,0x00,0x1C,0x33,0x28,0xF1,0xCA,0xFF,0x20,0x33,0x27,
0x29,0x00,0x33,0x26,0x38,0x29,0x3A,0x29,0x00,0x33,0x00,0xF2,0x1D,0xE5,0x0C,0x33,
0x33,0x31,0x29,0x36,0x25,0x32,0x2B,0xF1,0xCA,0xFF,0x0D,0x3D,0x26,0x29,0x36,0xD6,
0x29,0x30,0x2A,0x00,0xF2,0x17,0x25,0x36,0x38,0x2D,0x32,0x25,0xF1,0x00,0x29,0x37,
0x38,0x25,0x3A,0x25,0xFD,0x28,0x29,0x32,0x38,0x36,0x33,0xCA,0xFF,0x0D,0x3D,0x26,
0x29,0x36,0xD6,0x29,0x30,0x2A,0x00,0xF2,0x17,0x2D,0x30,0x3A,0x3D,0xF1,0x00,0x29,
0x37,0x38,0x25,0x3A,0x25,0xFD,0x28,0x29,0x32,0x38,0x36,0x33,0xCA,0xFF,0x0D,0x3D,
0x26,0x29,0x36,0xD6,0x29,0x30,0x2A,0x00,0xF2,0x0F,0x30,0x34,0x2C,0x3D,0xF1,0x00,
0x29,0x37,0x38,0x25,0x3A,0x25,0xFD,0x28,0x29,0x32,0x38,0x36,0x33,0xCA,0xFF,0x0D,
0x3D,0x26,0x29,0x36,0xD6,0x29,0x30,0x2A,0x00,0xF2,0x1D,0x3D,0x30,0x34,0x2C,0x3D,
0xF1,0x00,0x29,0x37,0x38,0x25,0x3A,0x25,0xFD,0x28,0x29,0x32,0x38,0x36,0x33,0xCA,
0xFF,0x0D,0x3D,0x26,0x29,0x36,0xD6,0x29,0x30,0x2A,0x00,0xF2,0x1C,0x2D,0x30,0x34,
0x2C,0x3D,0xF1,0x00,0x29,0x37,0x38,0x25,0x3A,0x25,0xFD,0x28,0x29,0x32,0x38,0x36,
0x33,0xCA,0xFF,0x0D,0x3D,0x26,0x29,0x36,0xD6,0x29,0x30,0x2A,0x00,0xF2,0x0B,0x36,
0x38,0x25,0x32,0xF1,0x00,0x29,0x37,0x38,0x25,0x3A,0x25,0xFD,0x28,0x29,0x32,0x38,
0x36,0x33,0xCA,0xFF,0x0D,0x3D,0x26,0x29,0x36,0xD6,0x29,0x30,0x2A,0x00,0xF2,0x24,
0x2D,0x27,0x38,0x25,0x32,0xF1,0x00,0x29,0x37,0x38,0x25,0x3A,0x25,0xFD,0x28,0x29,
0x32,0x38,0x36,0x33,0xCA,0xFF,0x0D,0x3D,0x26,0x29,0x36,0xD6,0x29,0x30,0x2A,0x00,
0xF2,0x17,0x33,0x38,0x38,0xF1,0x00,0x29,0x37,0x38,0x25,0x3A,0x25,0xFD,0x28,0x29,
0x32,0x38,0x36,0x33,0xCA,0xFF,0x0D,0x3D,0x26,0x29,0x36,0xD6,0x29,0x30,0x2A,0x00,
0xF2,0x0E,0x33,0x38,0x38,0xF1,0x00,0x29,0x37,0x38,0x25,0x3A,0x25,0xFD,0x28,0x29,
0x32,0x38,0x36,0x33,0xCA,0xFF,0x0D,0x3D,0x26,0x29,0x36,0xD6,0x29,0x30,0x2A,0x00,
0xF2,0x0D,0x39,0x36,0x2D,0x34,0x2C,0xF1,0x00,0x29,0x37,0x38,0x25,0x3A,0x25,0xFD,
0x28,0x29,0x32,0x38,0x36,0x33,0xCA,0xFF,0x0D,0x3D,0x26,0x29,0x36,0xD6,0x29,0x30,
0x2A,0x00,0xF2,0x16,0x39,0x36,0x2D,0x34,0x2C,0xF1,0x00,0x29,0x37,0x38,0x25,0x3A,
0x25,0xFD,0x28,0x29,0x32,0x38,0x36,0x33,0xCA,0xFF,0x0D,0x3D,0x26,0x29,0x36,0xD6,
0x29,0x30,0x2A,0x00,0xF2,0x1D,0x39,0x36,0x2D,0x34,0x2C,0xF1,0x00,0x29,0x37,0x38,
0x25,0x3A,0x25,0xFD,0x28,0x29,0x32,0x38,0x36,0x33,0xCA,0xFF,0x0D,0x3D,0x26,0x29,
0x36,0xD6,0x29,0x30,0x2A,0x00,0xF2,0x1E,0x2D,0x36,0x2D,0x34,0x2C,0xF1,0x00,0x29,
0x37,0x38,0x25,0x3A,0x25,0xFD,0x28,0x29,0x32,0x38,0x36,0x33,0xCA,0xFF,0x0D,0x3D,
0x26,0x29,0x36,0xD6,0x29,0x30,0x2A,0x00,0xF2,0x23,0x39,0x36,0x2D,0x34,0x2C,0xF1,
0x00,0x29,0x37,0x38,0x25,0x3A,0x25,0xFD,0x28,0x29,0x32,0x38,0x36,0x33,0xCA,0xFF,
0x0D,0x3D,0x26,0x29,0x36,0xD6,0x29,0x30,0x2A,0x00,0xF2,0x0C,0x29,0x36,0x2D,0x34,
0x2C,0xF1,0x00,0x29,0x37,0x38,0x25,0x3A,0x25,0xFD,0x28,0x29,0x32,0x38,0x36,0x33,
0xCA,0xFF,0x0D,0x3D,0x26,0x29,0x36,0xD6,0x29,0x30,0x2A,0x00,0xF2,0x21,0x2D,0x30,
0x2D,0x34,0x2C,0xF1,0x00,0x29,0x37,0x38,0x25,0x3A,0x25,0xFD,0x28,0x29,0x32,0x38,
0x36,0x33,0xCA,0xFF,0x0D,0x3D,0x26,0x29,0x36,0xD6,0x29,0x30,0x2A,0x00,0xF2,0x0D,
0x3D,0x30,0x2D,0x34,0x2C,0xF1,0x00,0x29,0x37,0x38,0x25,0x3A,0x25,0xFD,0x28,0x29,
0x32,0x38,0x36,0x33,0xCA,0xFF,0x0D,0x3D,0x26,0x29,0x36,0xD6,0x29,0x30,0x2A,0x00,
0xF2,0x1D,0x32,0x33,0x35,0xF1,0x00,0x29,0x37,0x38,0x25,0x3A,0x25,0xFD,0x28,0x29,
0x32,0x38,0x36,0x33,0xCA,0xFF,0x0D,0x3D,0x26,0x29,0x36,0xD6,0x29,0x30,0x2A,0x00,
0xF2,0x17,0x25,0x38,0x2C,0x2D,0x35,0xF1,0x00,0x29,0x37,0x38,0x25,0x3A,0x25,0xFD,
0x28,0x29,0x32,0x38,0x36,0x33,0xCA,0xFF,0x0D,0x3D,0x26,0x29,0x36,0xD6,0x29,0x30,
0x2A,0x00,0xF2,0x17,0x2D,0x3D,0x25,0x35,0xF1,0x00,0x29,0x37,0x38,0x25,0x3A,0x25,
0xFD,0x28,0x29,0x32,0x38,0x36,0x33,0xCA,0xFF,0x0D,0x3D,0x26,0x29,0x36,0xD6,0x29,
0x30,0x2A,0x00,0xF2,0x0B,0x2E,0x2D,0x35,0xF1,0x00,0x29,0x37,0x38,0x25,0x3A,0x25,
0xFD,0x28,0x29,0x32,0x38,0x36,0x33,0xCA,0xFF,0x0D,0x3D,0x26,0x29,0x36,0xD6,0x29,
0x30,0x2A,0x00,0xF2,0x0E,0x33,0x26,0x39,0x35,0xF1,0x00,0x29,0x37,0x38,0x25,0x3A,
0x25,0xFD,0x28,0x29,0x32,0x38,0x36,0x33,0xCA,0xFF,0x0D,0x3D,0x26,0x29,0x36,0xD6,
0x29,0x30,0x2A,0x00,0xF2,0x17,0x39,0x30,0x25,0x35,0xF1,0x00,0x29,0x37,0x38,0x25,
0x3A,0x25,0xFD,0x28,0x29,0x32,0x38,0x36,0x33,0xCA,0xFF,0x0D,0x3D,0x26,0x29,0x36,
0xD6,0x29,0x30,0x2A,0x00,0xF2,0x17,0x25,0x2D,0x30,0x30,0x25,0xF1,0x00,0x29,0x37,
0x38,0x25,0x3A,0x25,0xFD,0x28,0x29,0x32,0x38,0x36,0x33,0xCA,0xFF,0x0D,0x3D,0x26,
0x29,0x36,0xD6,0x29,0x30,0x2A,0x00,0xF2,0x17,0x2D,0x39,0x30,0x30,0x25,0xF1,0x00,
0x29,0x37,0x38,0x25,0x3A,0x25,0xFD,0x28,0x29,0x32,0x38,0x36,0x33,0xCA,0xFF,0x0D,
0x3D,0x26,0x29,0x36,0xD6,0x29,0x30,0x2A,0x00,0xF2,0x0D,0x30,0x33,0x34,0x34,0x29,
0xF1,0x00,0x29,0x37,0x38,0x25,0x3A,0x25,0xFD,0x28,0x29,0x32,0x38,0x36,0x33,0xCA,
0xFF,0x0D,0x3D,0x26,0x29,0x36,0xD6,0x29,0x30,0x2A,0x00,0xF2,0x1D,0x30,0x33,0x34,
0x34,0x29,0xF1,0x00,0x29,0x37,0x38,0x25,0x3A,0x25,0xFD,0x28,0x29,0x32,0x38,0x36,
0x33,0xCA,0xFF,0x0D,0x3D,0x26,0x29,0x36,0xD6,0x29,0x30,0x2A,0x00,0xF2,0x1A,0x39,
0x38,0x2D,0x38,0x29,0xF1,0x00,0x29,0x37,0x38,0x25,0x3A,0x25,0xFD,0x28,0x29,0x32,
0x38,0x36,0x33,0xCA,0xFF,0x0D,0x3D,0x26,0x29,0x36,0xD6,0x29,0x30,0x2A,0x00,0xF2,
0x0C,0x25,0x30,0x29,0x38,0x38,0x29,0xF1,0x00,0x29,0x37,0x38,0x25,0x3A,0x25,0xFD,
0x28,0x29,0x32,0x38,0x36,0x33,0xCA,0xFF,0x0D,0x3D,0x26,0x29,0x36,0xD6,0x29,0x30,
0x2A,0x00,0xF2,0x17,0x25,0x3D,0x25,0xF1,0x00,0x29,0x37,0x38,0x25,0x3A,0x25,0xFD,
0x28,0x29,0x32,0x38,0x36,0x33,0xCA,0xFF,0x0D,0x3D,0x26,0x29,0x36,0xD6,0x29,0x30,
0x2A,0x00,0xF2,0x15,0x3B,0x25,0x34,0x34,0x25,0xF1,0x00,0x29,0x37,0x38,0x25,0x3A,
0x25,0xFD,0x28,0x29,0x32,0x38,0x36,0x33,0xCA,0xFF,0x0D,0x3D,0x26,0x29,0x36,0xD6,
0x29,0x30,0x2A,0x00,0xF2,0x11,0x25,0x31,0x26,0x39,0x30,0xF1,0x00,0x29,0x37,0x38,
0x25,0x3A,0x25,0xFD,0x28,0x29,0x32,0x38,0x36,0x33,0xCA,0xFF,0x0D,0x3D,0x26,0x29,
0x36,0xD6,0x29,0x30,0x2A,0x00,0xF2,0x0C,0x2D,0x36,0x25,0x2D,0x28,0xF1,0x00,0x29,
0x37,0x38,0x25,0x3A,0x25,0xFD,0x28,0x29,0x32,0x38,0x36,0x33,0xCA,0xFF,0x0D,0x3D,
0x26,0x29,0x36,0xD6,0x29,0x30,0x2A,0x00,0xF2,0x0C,0x2D,0x36,0x30,0x29,0x25,0x2A,
0xF1,0x00,0x29,0x37,0x38,0x25,0x3A,0x25,0xFD,0x28,0x29,0x32,0x38,0x36,0x33,0xCA,
0xFF,0x0D,0x3D,0x26,0x29,0x36,0xD6,0x29,0x30,0x2A,0x00,0xF2,0x1A,0x2D,0x38,0x25,
0x34,0x25,0x2C,0xF1,0x00,0x29,0x37,0x38,0x25,0x3A,0x25,0xFD,0x28,0x29,0x32,0x38,
0x36,0x33,0xCA,0xFF,0x0D,0x3D,0x26,0x29,0x36,0xD6,0x29,0x30,0x2A,0x00,0xF2,0x1A,
0x2D,0x38,0x25,0x34,0x39,0x2C,0xF1,0x00,0x29,0x37,0x38,0x25,0x3A,0x25,0xFD,0x28,
0x29,0x32,0x38,0x36,0x33,0xCA,0xFF,0x0D,0x3D,0x26,0x29,0x36,0xD6,0x29,0x30,0x2A,
0x00,0xF2,0x0C,0x29,0x29,0x38,0x25,0x27,0x2F,0xF1,0x00,0x29,0x37,0x38,0x25,0x3A,
0x25,0xFD,0x28,0x29,0x32,0x38,0x36,0x33,0xCA,0xFF,0x0D,0x3D,0x26,0x29,0x36,0xD6,
0x29,0x30,0x2A,0x00,0xF2,0x0C,0x29,0x29,0x32,0x2D,0x34,0x29,0xF1,0x00,0x29,0x37,
0x38,0x25,0x3A,0x25,0xFD,0x28,0x29,0x32,0x38,0x36,0x33,0xCA,0xFF,0x0D,0x3D,0x26,
0x29,0x36,0xD6,0x29,0x30,0x2A,0x00,0xF2,0x0B,0x36,0x27,0x2C,0x2D,0x31,0xF1,0x00,
0x29,0x37,0x38,0x25,0x3A,0x25,0xFD,0x28,0x29,0x32,0x38,0x36,0x33,0xCA,0xFF,0x0D,
0x3D,0x26,0x29,0x36,0xD6,0x29,0x30,0x2A,0x00,0xF2,0x0B,0x36,0x27,0x2C,0x2D,0x30,
0xF1,0x00,0x29,0x37,0x38,0x25,0x3A,0x25,0xFD,0x28,0x29,0x32,0x38,0x36,0x33,0xCA,
0xFF,0x0D,0x3D,0x26,0x29,0x36,0xD6,0x29,0x30,0x2A,0x00,0xF2,0x0C,0x3D,0x37,0x29,
0xF1,0x00,0x29,0x37,0x38,0x25,0x3A,0x25,0xFD,0x28,0x29,0x32,0x38,0x36,0x33,0xCA,
0xFF,0x0D,0x3D,0x26,0x29,0x36,0xD6,0x29,0x30,0x2A,0x00,0xF2,0x0E,0x3D,0x30,0x34,
0x2C,0x2D,0x32,0x25,0xF1,0x00,0x29,0x37,0x38,0x25,0x3A,0x25,0xFD,0x28,0x29,0x32,
0x38,0x36,0x33,0xCA,0xFF,0x0D,0x3D,0x26,0x29,0x36,0xD6,0x29,0x30,0x2A,0x00,0xF2,
0x16,0x2D,0x3E,0x29,0x38,0x39,0x37,0xF1,0x00,0x29,0x37,0x38,0x25,0x3A,0x25,0xFD,
0x28,0x29,0x32,0x38,0x36,0x33,0xCA,0xFF,0x0D,0x3D,0x26,0x29,0x36,0xD6,0x29,0x30,
0x2A,0x00,0xF2,0x0D,0x33,0x38,0x38,0x39,0x37,0xF1,0x00,0x29,0x37,0x38,0x25,0x3A,
0x25,0xFD,0x28,0x29,0x32,0x38,0x36,0x33,0xCA,0xFF,0x0D,0x3D,0x26,0x29,0x36,0xD6,
0x29,0x30,0x2A,0x00,0xF2,0x1D,0x2C,0x39,0x38,0x2C,0x25,0x37,0xF1,0x00,0x29,0x37,
0x38,0x25,0x3A,0x25,0xFD,0x28,0x29,0x32,0x38,0x36,0x33,0xCA,0xFF,0x0D,0x3D,0x26,
0x29,0x36,0xD6,0x29,0x30,0x2A,0x00,0xF2,0x17,0x25,0x30,0x38,0x2C,0x25,0x37,0xF1,
0x00,0x29,0x37,0x38,0x25,0x3A,0x25,0xFD,0x28,0x29,0x32,0x38,0x36,0x33,0xCA,0xFF,
0x0D,0x3D,0x26,0x29,0x36,0xD6,0x29,0x30,0x2A,0x00,0xF2,0x13,0x30,0x29,0x38,0x2C,
0x25,0x37,0xF1,0x00,0x29,0x37,0x38,0x25,0x3A,0x25,0xFD,0x28,0x29,0x32,0x38,0x36,
0x33,0xCA,0xFF,0x0D,0x3D,0x26,0x29,0x36,0xD6,0x29,0x30,0x2A,0x00,0xF2,0x0F,0x32,
0x29,0x38,0x2C,0x25,0x37,0xF1,0x00,0x29,0x37,0x38,0x25,0x3A,0x25,0xFD,0x28,0x29,
0x32,0x38,0x36,0x33,0xCA,0xFF,0x0D,0x3D,0x26,0x29,0x36,0xD6,0x29,0x30,0x2A,0x00,
0xF2,0x0C,0x39,0x37,0x36,0x25,0x37,0xF1,0x00,0x29,0x37,0x38,0x25,0x3A,0x25,0xFD,
0x28,0x29,0x32,0x38,0x36,0x33,0xCA,0xFF,0x0D,0x3D,0x26,0x29,0x36,0xD6,0x29,0x30,
0x2A,0x00,0xF2,0x1D,0x25,0x26,0x36,0x25,0x37,0xF1,0x00,0x29,0x37,0x38,0x25,0x3A,
0x25,0xFD,0x28,0x29,0x32,0x38,0x36,0x33,0xCA,0xFF,0x0D,0x3D,0x26,0x29,0x36,0xD6,
0x29,0x30,0x2A,0x00,0xF2,0x1C,0x33,0x28,0x29,0x36,0x25,0x37,0xF1,0x00,0x29,0x37,
0x38,0x25,0x3A,0x25,0xFD,0x28,0x29,0x32,0x38,0x36,0x33,0xCA,0xFF,0x0D,0x3D,0x26,
0x29,0x36,0xD6,0x29,0x30,0x2A,0x00,0xF2,0x0C,0x33,0x33,0x31,0x29,0x36,0x25,0x37,
0xF1,0x00,0x29,0x37,0x38,0x25,0x3A,0x25,0xFD,0x28,0x29,0x32,0x38,0x36,0x33,0xCA,
0xFF,0x0D,0x3D,0x26,0x29,0x36,0xD6,0x29,0x30,0x2A,0x00,0xF2,0x0D,0x30,0x33,0x2F,
0x2F,0x30,0x29,0xF1,0x00,0x29,0x37,0x38,0x25,0x3A,0x25,0xFD,0x28,0x29,0x32,0x38,
0x36,0x33,0xCA,0xFF,0x0D,0x3D,0x26,0x29,0x36,0xD6,0x29,0x30,0x2A,0x00,0xF2,0x17,
0x29,0x38,0x33,0x36,0x25,0x37,0xF1,0x00,0x29,0x37,0x38,0x25,0x3A,0x25,0xFD,0x28,
0x29,0x32,0x38,0x36,0x33,0xCA,0xFF,0x0D,0x3D,0x26,0x29,0x36,0xD6,0x29,0x30,0x2A,
0x00,0xF2,0x17,0x29,0x38,0x33,0x36,0x2D,0x2F,0x25,0xF1,0x00,0x29,0x37,0x38,0x25,
0x3A,0x25,0xFD,0x28,0x29,0x32,0x38,0x36,0x33,0xCA,0xFF,0x0D,0x3D,0x26,0x29,0x36,
0xD6,0x29,0x30,0x2A,0x00,0xF2,0x17,0x29,0x38,0x33,0x36,0x34,0x2C,0xF1,0x00,0x29,
0x37,0x38,0x25,0x3A,0x25,0xFD,0x28,0x29,0x32,0x38,0x36,0x33,0xCA,0xFF,0x0D,0x3D,
0x26,0x29,0x36,0xD6,0x29,0x30,0x2A,0x00,0xF2,0x17,0x29,0x38,0x29,0x30,0x30,0x25,
0xF1,0x00,0x29,0x37,0x38,0x25,0x3A,0x25,0xFD,0x28,0x29,0x32,0x38,0x36,0x33,0xCA,
0xFF,0x0D,0x3D,0x26,0x29,0x36,0xD6,0x29,0x30,0x2A,0x00,0xF2,0x17,0x29,0x38,0x29,
0x36,0x33,0x31,0xF1,0x00,0x29,0x37,0x38,0x25,0x3A,0x25,0xFD,0x28,0x29,0x32,0x38,
0x36,0x33,0xCA,0xFF,0x0D,0x3D,0x26,0x29,0x36,0xD6,0x29,0x30,0x2A,0x00,0xF2,0x15,
0x3D,0x32,0x2D,0x38,0x29,0xF1,0x00,0x29,0x37,0x38,0x25,0x3A,0x25,0xFD,0x28,0x29,
0x32,0x38,0x36,0x33,0xCA,0xFF,0x0D,0x3D,0x26,0x29,0x36,0xD6,0x29,0x30,0x2A,0x00,
0xF2,0x1D,0x39,0x36,0x32,0x2D,0x38,0x29,0xF1,0x00,0x29,0x37,0x38,0x25,0x3A,0x25,
0xFD,0x28,0x29,0x32,0x38,0x36,0x33,0xCA,0xFF,0x0D,0x3D,0x26,0x29,0x36,0xD6,0x29,
0x30,0x2A,0x00,0xF2,0x1E,0x29,0x32,0x2D,0x38,0x29,0xF1,0x00,0x29,0x37,0x38,0x25,
0x3A,0x25,0xFD,0x28,0x29,0x32,0x38,0x36,0x33,0xCA,0xFF,0x0D,0x3D,0x26,0x29,0x36,
0xD6,0x29,0x30,0x2A,0x00,0xF2,0x1D,0x38,0x33,0x34,0x25,0x30,0x30,0x25,0xF1,0x00,
0x29,0x37,0x38,0x25,0x3A,0x25,0xFD,0x28,0x29,0x32,0x38,0x36,0x33,0xCA,0xFF,0x0D,
0x3D,0x26,0x29,0x36,0xD6,0x29,0x30,0x2A,0x00,0xF2,0x1D,0x38,0x33,0x34,0x2D,0x32,
0x25,0xF1,0x00,0x29,0x37,0x38,0x25,0x3A,0x25,0xFD,0x28,0x29,0x32,0x38,0x36,0x33,
0xCA,0xFF,0x0D,0x3D,0x26,0x29,0x36,0xD6,0x29,0x30,0x2A,0x00,0xF2,0x1D,0x38,0x33,
0x34,0x39,0x30,0x29,0xF1,0x00,0x29,0x37,0x38,0x25,0x3A,0x25,0xFD,0x28,0x29,0x32,
0x38,0x36,0x33,0xCA,0xFF,0x0D,0x3D,0x26,0x29,0x36,0xD6,0x29,0x30,0x2A,0x00,0xF2,
0x1D,0x38,0x33,0x34,0x29,0x38,0x25,0xF1,0x00,0x29,0x37,0x38,0x25,0x3A,0x25,0xFD,
0x28,0x29,0x32,0x38,0x36,0x33,0xCA,0xFF,0x0D,0x3D,0x26,0x29,0x36,0xD6,0x29,0x30,
0x2A,0x00,0xF2,0x1D,0x38,0x33,0x34,0x33,0x37,0x25,0xF1,0x00,0x29,0x37,0x38,0x25,
0x3A,0x25,0xFD,0x28,0x29,0x32,0x38,0x36,0x33,0xCA,0xFF,0x0D,0x3D,0x26,0x29,0x36,
0xD6,0x29,0x30,0x2A,0x00,0xF2,0x12,0x25,0x32,0x31,0x25,0x36,0x2B,0x25,0xF1,0x00,
0x29,0x37,0x38,0x25,0x3A,0x25,0xFD,0x28,0x29,0x32,0x38,0x36,0x33,0xCA,0xFF,0x0D,
0x3D,0x26,0x29,0x36,0xD6,0x29,0x30,0x2A,0x00,0xF2,0x12,0x25,0x32,0x31,0x25,0x36,
0x2E,0x2D,0xF1,0x00,0x29,0x37,0x38,0x25,0x3A,0x25,0xFD,0x28,0x29,0x32,0x38,0x36,
0x33,0xCA,0xFF,0x0D,0x3D,0x26,0x29,0x36,0xD6,0x29,0x30,0x2A,0x00,0xF2,0x12,0x25,
0x32,0x31,0x25,0x36,0x26,0x33,0xF1,0x00,0x29,0x37,0x38,0x25,0x3A,0x25,0xFD,0x28,
0x29,0x32,0x38,0x36,0x33,0xCA,0xFF,0x0D,0x3D,0x26,0x29,0x36,0xD6,0x29,0x30,0x2A,
0x00,0xF2,0x0B,0x2D,0x32,0x25,0xF1,0x00,0x29,0x37,0x38,0x25,0x3A,0x25,0xFD,0x28,
0x29,0x32,0x38,0x36,0x33,0xCA,0xFF,0x0D,0x3D,0x26,0x29,0x36,0xD6,0x29,0x30,0x2A,
0x00,0xF2,0x0B,0x27,0x33,0x33,0x2D,0xF1,0x00,0x29,0x37,0x38,0x25,0x3A,0x25,0xFD,
0x28,0x29,0x32,0x38,0x36,0x33,0xCA,0xFF,0x0D,0x3D,0x26,0x29,0x36,0xD6,0x29,0x30,
0x2A,0x00,0xF2,0x0B,0x27,0x2C,0x33,0x33,0x32,0xF1,0x00,0x29,0x37,0x38,0x25,0x3A,
0x25,0xFD,0x28,0x29,0x32,0x38,0x36,0x33,0xCA,0xFF,0x0D,0x3D,0x26,0x29,0x36,0xD6,
0x29,0x30,0x2A,0x00,0xF2,0x0B,0x32,0x25,0x38,0x29,0x36,0xF1,0x00,0x29,0x37,0x38,
0x25,0x3A,0x25,0xFD,0x28,0x29,0x32,0x38,0x36,0x33,0xCA,0xFF,0x0D,0x3D,0x26,0x29,
0x36,0xD6,0x29,0x30,0x2A,0x00,0xF2,0x0B,0x3B,0x25,0x36,0x32,0x29,0xF1,0x00,0x29,
0x37,0x38,0x25,0x3A,0x25,0xFD,0x28,0x29,0x32,0x38,0x36,0x33,0xCA,0xFF,0x20,0x33,
0x27,0x29,0x00,0x33,0x26,0x38,0x29,0x3A,0x29,0x00,0xF2,0x09,0x01,0xF1,0x00,0x0F,
0xD6,0x0D,0x36,0x3D,0x37,0x38,0x25,0x30,0x37,0xCA,0xFF,0x20,0x33,0x27,0x29,0x00,
0x33,0x26,0x38,0x29,0x3A,0x29,0x00,0xF2,0x02,0x01,0x01,0xF1,0x00,0x0F,0xD6,0x0D,
0x36,0x3D,0x37,0x38,0x25,0x30,0x37,0xCA,0xFF,0x20,0x33,0x27,0x29,0x00,0x33,0x26,
0x38,0x29,0x3A,0x29,0x00,0xF2,0x03,0x01,0x01,0xF1,0x00,0x0F,0xD6,0x0D,0x36,0x3D,
0x37,0x38,0x25,0x30,0x37,0xCA,0xFF,0x20,0x33,0x27,0x29,0x00,0x33,0x26,0x38,0x29,
0x3A,0x29,0x00,0xF2,0x02,0x06,0x01,0xF1,0x00,0x0F,0xD6,0x0D,0x36,0x3D,0x37,0x38,
0x25,0x30,0x37,0xCA,0xFF,0x20,0x33,0x27,0x29,0x00,0x33,0x26,0x38,0x29,0x3A,0x29,
0x00,0xF2,0x05,0x01,0xF1,0x00,0x0F,0xD6,0x0D,0x36,0x3D,0x37,0x38,0x25,0x30,0x37,
0xCA,0xFF,0x20,0x33,0x27,0x29,0x00,0x33,0x26,0x38,0x29,0x3A,0x29,0x00,0xF2,0x02,
0x01,0x01,0xF1,0x00,0x0F,0xD6,0x0D,0x36,0x3D,0x37,0x38,0x25,0x30,0x37,0xCA,0xFF,
0x20,0x33,0x27,0x29,0x00,0x33,0x26,0x38,0x29,0x3A,0x29,0x00,0xF2,0x02,0x01,0x01,
0xF1,0x00,0x0F,0xD6,0x0D,0x36,0x3D,0x37,0x38,0x25,0x30,0x37,0xCA,0xFF,0x20,0x33,
0x27,0x29,0x00,0x33,0x26,0x38,0x29,0x3A,0x29,0x00,0xF2,0x06,0x01,0xF1,0x00,0x0F,
0xD6,0x0D,0x36,0x3D,0x37,0x38,0x25,0x30,0x37,0xCA,0xFF,0x20,0x33,0x27,0x29,0x00,
0x33,0x26,0x38,0x29,0x3A,0x29,0x00,0xF2,0x09,0x01,0xF1,0x00,0x0F,0xD6,0x0D,0x36,
0x3D,0x37,0x38,0x25,0x30,0x37,0xCA,0xFF,0x20,0x33,0x27,0x29,0x00,0x33,0x26,0x38,
0x29,0x3A,0x29,0x00,0xF2,0x02,0x01,0x01,0xF1,0x00,0x0F,0xD6,0x0D,0x36,0x3D,0x37,
0x38,0x25,0x30,0x37,0xCA,0xFF,0x20,0x33,0x27,0x29,0x00,0x33,0x26,0x38,0x29,0x3A,
0x29,0x00,0xF2,0x02,0x01,0x01,0xF1,0x00,0x0F,0xD6,0x0D,0x36,0x3D,0x37,0x38,0x25,
0x30,0x37,0xCA,0xFF,0x20,0x33,0x27,0x29,0x00,0x33,0x26,0x38,0x29,0x3A,0x29,0x00,
0xF2,0x05,0x01,0xF1,0x00,0x0F,0xD6,0x0D,0x36,0x3D,0x37,0x38,0x25,0x30,0x37,0xCA,
0xFF,0x20,0x33,0x27,0x29,0x00,0x33,0x26,0x38,0x29,0x3A,0x29,0x00,0xF2,0x06,0x01,
0x01,0xF1,0x00,0x0F,0xD6,0x0D,0x36,0x3D,0x37,0x38,0x25,0x30,0x37,0xCA,0xFF,0x20,
0x33,0x27,0x29,0x00,0x33,0x26,0x38,0x29,0x3A,0x29,0x00,0xF2,0x02,0x01,0x01,0xF1,
0x00,0x0F,0xD6,0x0D,0x36,0x3D,0x37,0x38,0x25,0x30,0x37,0xCA,0xFF,0x20,0x33,0x27,
0x29,0x00,0x33,0x26,0x38,0x29,0x3A,0x29,0x00,0xF2,0x02,0x01,0x01,0xF1,0x00,0x0F,
0xD6,0x0D,0x36,0x3D,0x37,0x38,0x25,0x30,0x37,0xCA,0xFF,0x20,0x33,0x27,0x29,0x00,
0x33,0x26,0x38,0x29,0x3A,0x29,0x00,0xF2,0x02,0x01,0x01,0xF1,0x00,0x0F,0xD6,0x0D,
0x36,0x3D,0x37,0x38,0x25,0x30,0x37,0xCA,0xFF,0x20,0x33,0x27,0x29,0x00,0x33,0x26,
0x38,0x29,0x3A,0x29,0x00,0x33,0x00,0xF2,0x0B,0x39,0x38,0x33,0xD6,0x0D,0x2C,0x25,
0x36,0x2B,0x29,0xF1,0xFD,0x12,0x29,0x25,0x28,0x00,0x0D,0x2C,0x2D,0x34,0xCA,0xFF,
0x20,0x33,0x27,0x29,0x00,0x33,0x26,0x38,0x29,0x3A,0x29,0x00,0x33,0x00,0xF2,0x0B,
0x39,0x38,0x33,0xD6,0x1C,0x29,0x27,0x33,0x3A,0x29,0x36,0xF1,0xFD,0x12,0x29,0x25,
0x28,0x00,0x0D,0x2C,0x2D,0x34,0xCA,0xFF,0x20,0x33,0x27,0x29,0x00,0x33,0x26,0x38,
0x29,0x3A,0x29,0x00,0x33,0x00,0xF2,0x1B,0x39,0x2D,0x27,0x2F,0x00,0x0D,0x2C,0x25,
0x36,0x2B,0x29,0xF1,0xFD,0x12,0x29,0x25,0x28,0x00,0x0D,0x2C,0x2D,0x34,0xCA,0xFF,
0x20,0x33,0x27,0x29,0x00,0x33,0x26,0x38,0x29,0x3A,0x29,0x00,0x33,0x00,0xF2,0x10,
0x36,0x33,0x2B,0xF1,0xFD,0x10,0x33,0x33,0x38,0x00,0x0D,0x2C,0x2D,0x34,0xCA,0xFF,
0x20,0x33,0x27,0x29,0x00,0x33,0x26,0x38,0x29,0x3A,0x29,0x00,0x33,0x00,0xF2,0x1D,
0x34,0x30,0x25,0x37,0x2C,0x00,0x14,0x39,0x31,0x34,0xF1,0xFD,0x10,0x33,0x33,0x38,
0x00,0x0D,0x2C,0x2D,0x34,0xCA,0xFF,0x20,0x33,0x27,0x29,0x00,0x33,0x26,0x38,0x29,
0x3A,0x29,0x00,0x33,0x00,0xF2,0x1F,0x30,0x38,0x2D,0x31,0x25,0x00,0x10,0x33,0x33,
0x38,0xF1,0xFD,0x10,0x33,0x33,0x38,0x00,0x0D,0x2C,0x2D,0x34,0xCA,0xFF,
};
alignas(16) inline constexpr uint16_t mmz3_msg02_script_offsets[] = {
0x0000,0x00C4,0x0151,0x0270,0x035A,0x0400,0x0465,0x048B,
0x04EA,0x084B,0x0929,0x0A43,0x0AFE,0x0B92,0x0CA6,0x0D17,
0x0D17,0x0D17,0x0D17,0x0D17,0x0D17,0x0D17,0x0D17,0x0D17,
0x0D17,0x0D17,0x0D17,0x0D17,0x0D17,0x0D17,0x0D17,0x0D17,
0x0D17,0x0D17,0x0D17,0x0D17,0x0D17,0x0D17,0x0D17,0x0D17,
0x0D17,0x0D17,0x0D17,0x0D17,0x0D17,0x0D17,0x0D17,0x0D17,
0x0D17,0x0D17,0x0D17,0x0D17,0x0D17,0x0D17,0x0D17,0x0D17,
0x0D17,0x0D17,0x0D17,0x0D17,0x0D17,0x0D17,0x0D81,0x0E26,
0x145E,0x145E,0x1A61,0x1AFA,0x1B60,0x1C3D,0x1D44,0x1D78,
0x1E42,0x1F87,0x203D,0x20C7,0x20C7,0x219E,0x2226,0x2363,
0x23B0,0x2441,0x24E3,0x25B2,0x27DF,0x282B,0x2897,0x2929,
0x296B,0x29C1,0x2A93,0x2BB6,0x2C89,0x2CE0,0x2D3D,0x2DEB,
0x2DEB,0x2DEB,0x2DEB,0x2DEB,0x2DEB,0x2DEB,0x2DEB,0x2DEB,
0x2DEB,0x2DEB,0x2DEB,0x2DEB,0x2DEB,0x2F00,0x315D,0x327D,
0x3462,0x34AD,0x3C5B,0x3CB8,0x3DD4,0x3EB3,0x3FF4,0x40A9,
0x41D6,0x4238,0x434F,0x460C,0x470D,0x47B0,0x4849,0x48D1,
0x499F,0x4A26,0x4AFD,0x4B6E,0x4C51,0x4CC5,0x4CF9,0x4DFC,
0x4E55,0x4F55,0x4FBF,0x5064,0x50C4,0x528E,0x54C4,0x5679,
0x5679,0x5679,0x5679,0x5679,0x5679,0x5679,0x5679,0x5679,
0x5679,0x5679,0x5679,0x5679,0x5679,0x5679,0x5679,0x56E8,
0x5768,0x57BD,0x5856,0x58CB,0x598A,0x598A,0x598A,0x5A5D,
0x5B39,0x5BE9,0x5C80,0x5CF4,0x5D7A,0x5DFB,0x5E74,0x5F1D,
0x5F9D,0x6023,0x6367,0x63CD,0x6440,0x6540,0x65AC,0x672B,
0x6783,0x68BC,0x6987,0x6AB6,0x6B0F,0x6BF0,0x6C6C,0x6DA4,
0x6E13,0x6F39,0x6FAA,0x7100,0x7166,0x7274,0x72F3,0x73EB,
0x74C8,0x7676,0x76EA,0x787E,0x78F4,0x7936,0x79DC,0x8053,
0x869D,0x871D,0x87DC,0x8888,0x88BC,0x8913,
};
constexpr int mmz3_msg02_num_entries = 214;
alignas(16) inline constexpr uint8_t mmz3_msg02_script_data[] = {
0xF3,0x40,0x24,0x29,0x36,0x33,0xE5,0xE5,0xE5,0x00,0x25,0x27,0x2C,0x33,0x00,0x35,
0x39,0x29,0xFC,0x34,0x29,0x36,0x28,0x2D,0x00,0x33,0x00,0x27,0x33,0x32,0x38,0x36,
0x33,0x30,0x29,0xFC,0x30,0x25,0x00,0x2A,0x33,0x36,0x25,0xE5,0xFD,0x17,0x25,0x37,
0x00,0x35,0x39,0x25,0x32,0x28,0x33,0x00,0x2D,0x31,0x25,0x2B,0x2D,0x32,0x33,0xFC,
0x25,0x30,0x2B,0x39,0x29,0x31,0x00,0x37,0x25,0x2D,0x32,0x28,0x33,0xFC,0x2A,0x29,
0x36,0x2D,0x28,0x33,0xE5,0xE5,0xE5,0x00,0x29,0x39,0xE5,0xE5,0xE5,0xFD,0x1E,0x39,
0x28,0x33,0x00,0x2A,0x2D,0x27,0x25,0x00,0x29,0x37,0x27,0x39,0x36,0x33,0xE5,0xE5,
0xE5,0xFD,0x0E,0x29,0x3A,0x29,0x00,0x2C,0x25,0x3A,0x29,0x36,0x00,0x25,0x30,0x2B,
0x39,0x31,0x25,0xFC,0x33,0x39,0x38,0x36,0x25,0x00,0x2A,0x33,0x36,0x31,0x25,0xE5,
0xE5,0xE5,0xFD,0x18,0x25,0x33,0x00,0x3A,0x33,0x39,0x00,0x28,0x29,0x37,0x2D,0x37,
0x38,0x2D,0x36,0xFC,0x25,0x38,0x29,0x00,0x35,0x39,0x29,0x00,0x25,0x00,0x34,0x25,
0x3E,0x00,0x29,0x37,0x38,0x29,0x2E,0x25,0xFC,0x2B,0x25,0x36,0x25,0x32,0x38,0x2D,
0x28,0x25,0xE5,0xFF,0xF3,0x40,0x24,0x29,0x36,0x33,0xE5,0xE5,0xE5,0xFD,0x19,0x28,
0x29,0x2D,0x33,0x00,0x34,0x29,0x32,0x37,0x25,0x36,0x00,0x35,0x39,0x29,0xFC,0x34,
0x33,0x28,0x29,0x36,0x2D,0x25,0x00,0x38,0x29,0x00,0x27,0x25,0x39,0x37,0x25,0x36,
0xFD,0x34,0x36,0x33,0x26,0x30,0x29,0x31,0x25,0x37,0x00,0x33,0x39,0x38,0x36,0x25,
0xFC,0x3A,0x29,0x3E,0xE8,0x00,0x24,0x29,0x36,0x33,0xE5,0xE5,0xE5,0xFD,0x17,0x25,
0x37,0x00,0x37,0x29,0x31,0x00,0x3A,0x33,0x27,0x29,0xE8,0x00,0x33,0x37,0xFC,0x2C,
0x39,0x31,0x25,0x32,0x33,0x37,0x00,0x29,0x00,0x1C,0x29,0x34,0x30,0x33,0x2D,0x28,
0x37,0xFC,0x32,0x39,0x32,0x27,0x25,0xFD,0x34,0x33,0x28,0x29,0x36,0x25,0x33,0x00,
0x27,0x33,0x32,0x3A,0x2D,0x3A,0x29,0x36,0xFC,0x29,0x31,0x00,0x34,0x25,0x3E,0xE5,
0xFF,0xF3,0x40,0x24,0x29,0x36,0x33,0xE5,0xE5,0xE5,0xFD,0x19,0x00,0x35,0x39,0x29,
0x00,0x29,0x39,0x00,0x28,0x29,0x3A,0x29,0x36,0x2D,0x25,0xFC,0x2A,0x25,0x3E,0x29,
0x36,0xDD,0xFD,0x18,0x39,0x32,0x27,0x25,0x00,0x35,0x39,0x2D,0x37,0x00,0x27,0x25,
0x39,0x37,0x25,0x36,0xFC,0x28,0x33,0x36,0x00,0x33,0x39,0x00,0x38,0x36,0x2D,0x37,
0x38,0x29,0x3E,0x25,0x00,0x25,0xFC,0x32,0x2D,0x32,0x2B,0x39,0x29,0x31,0xE5,0xE5,
0xE5,0xFD,0x1D,0x29,0x00,0x29,0x39,0x00,0x25,0x33,0x00,0x31,0x29,0x32,0x33,0x37,
0xFC,0x32,0x39,0x32,0x27,0x25,0x00,0x38,0x2D,0x3A,0x29,0x37,0x37,0x29,0x00,0x27,
0x36,0x2D,0x25,0x28,0x33,0xFC,0x33,0x00,0x0D,0x2D,0x29,0x30,0x00,0x1D,0x3D,0x37,
0x38,0x29,0x31,0xE5,0xE5,0xE5,0xFD,0x18,0x25,0x28,0x25,0x00,0x28,0x2D,0x37,0x37,
0x33,0x00,0x38,0x29,0x36,0x2D,0x25,0xFC,0x25,0x27,0x33,0x32,0x38,0x29,0x27,0x2D,
0x28,0x33,0xE5,0xE5,0xE5,0xFD,0xE5,0xE5,0xE5,0xFD,0x17,0x29,0x00,0x28,0x29,0x37,
0x27,0x39,0x30,0x34,0x29,0xE8,0x00,0x24,0x29,0x36,0x33,0xE5,0xE5,0xE5,0xFD,0x1E,
0x33,0x28,0x33,0x37,0x00,0x29,0x37,0x38,0x25,0x33,0x00,0x28,0x25,0x32,0x28,0x33,
0xFC,0x38,0x39,0x28,0x33,0x00,0x28,0x29,0x00,0x37,0x2D,0x00,0x30,0x39,0x38,0x25,
0x32,0x28,0x33,0xFC,0x34,0x33,0x36,0x00,0x32,0x33,0x37,0xE8,0xFD,0x29,0x00,0x29,
0x39,0x00,0x37,0x29,0x31,0x34,0x36,0x29,0x00,0x29,0x37,0x38,0x33,0x39,0xFC,0x25,
0x35,0x39,0x2D,0xE8,0x00,0x38,0x29,0x32,0x28,0x33,0x00,0x34,0x29,0x32,0x25,0xFC,
0x28,0x29,0x00,0x31,0x2D,0x31,0x00,0x31,0x29,0x37,0x31,0x25,0xE5,0xE5,0xE5,0xFF,
0xF3,0x40,0x24,0x29,0x36,0x33,0xE5,0xE5,0xE5,0xFD,0x12,0x25,0x00,0x25,0x30,0x2B,
0x39,0x32,0x37,0x00,0x32,0x25,0xFC,0x1C,0x29,0x37,0x2D,0x37,0x38,0x29,0x32,0x27,
0x2D,0x25,0xE5,0xE5,0xE5,0xFD,0x35,0x39,0x29,0x00,0x35,0x39,0x29,0x37,0x38,0x2D,
0x33,0x32,0x25,0x31,0x00,0x34,0x33,0x36,0xFC,0x35,0x39,0x29,0x00,0x33,0x00,0x37,
0x25,0x30,0x3A,0x33,0x39,0xE8,0x00,0x37,0x29,0x32,0x28,0x33,0xFC,0x28,0x29,0x00,
0x18,0x29,0x33,0xFD,0x0B,0x36,0x27,0x25,0x28,0x2D,0x25,0xE8,0x00,0x29,0x00,0x25,
0x2D,0x32,0x28,0x25,0x00,0x39,0x31,0xFC,0x28,0x33,0x37,0x00,0x1B,0x39,0x25,0x38,
0x36,0x33,0xFC,0x11,0x39,0x25,0x36,0x28,0x2D,0x33,0x29,0x37,0xE5,0xE5,0xE5,0xFD,
0x17,0x25,0x37,0x00,0x37,0x25,0x26,0x29,0x00,0x28,0x29,0x00,0x39,0x31,0x25,0xFC,
0x27,0x33,0x2D,0x37,0x25,0xDD,0xFD,0x0F,0x39,0xE5,0xE5,0xE5,0x00,0x29,0x39,0x00,
0x25,0x27,0x2C,0x33,0x00,0x35,0x39,0x29,0xFC,0x25,0x30,0x2B,0x39,0x31,0x00,0x28,
0x2D,0x25,0x00,0x29,0x30,0x29,0x00,0x3A,0x25,0x2D,0xFC,0x32,0x33,0x37,0x00,0x29,
0x32,0x38,0x29,0x32,0x28,0x29,0x36,0xE5,0xE5,0xE5,0xFD,0x29,0x00,0x3A,0x2D,0x36,
0x25,0x00,0x25,0x2E,0x39,0x28,0x25,0x36,0x00,0x25,0xFC,0x32,0x33,0x37,0x37,0x25,
0x00,0x27,0x25,0x39,0x37,0x25,0xE5,0xE5,0xE5,0xFF,0xF3,0x40,0x24,0x29,0x36,0x33,
0xE5,0xE5,0xE5,0xFD,0x1D,0x29,0x00,0x33,0x00,0x0E,0x36,0xE5,0x00,0x21,0x29,0x2D,
0x30,0xFC,0x38,0x33,0x31,0x25,0x36,0x00,0x33,0x00,0x27,0x33,0x32,0x38,0x36,0x33,
0x30,0x29,0xFC,0x28,0x33,0x00,0x31,0x39,0x32,0x28,0x33,0xE5,0xE5,0xE5,0xFD,0x32,
0x33,0x37,0x37,0x25,0x00,0x38,0x29,0x36,0x36,0x2D,0x3A,0x29,0x30,0xFC,0x2C,0x2D,
0x37,0x38,0x33,0x36,0x2D,0x25,0x00,0x37,0x29,0xFC,0x36,0x29,0x34,0x29,0x38,0x2D,
0x36,0x25,0x00,0x33,0x39,0x38,0x36,0x25,0x00,0x3A,0x29,0x3E,0xE5,0xE5,0xE5,0xFD,
0x18,0x25,0x33,0x00,0x34,0x33,0x28,0x29,0x31,0x33,0x37,0xE5,0xE5,0xE5,0xFD,0x18,
0x25,0x33,0xE5,0xE5,0xE5,0x00,0x18,0x0B,0x19,0x00,0x0E,0x0F,0x20,0x0F,0x17,0x19,
0x1D,0xFC,0x34,0x29,0x36,0x31,0x2D,0x38,0x2D,0x36,0x00,0x35,0x39,0x29,0x00,0x2D,
0x37,0x37,0x33,0xFC,0x25,0x27,0x33,0x32,0x38,0x29,0x27,0x25,0xE5,0xE5,0xE5,0xFF,
0xF3,0x40,0x24,0x29,0x36,0x33,0xE5,0xE5,0xE5,0xFD,0x0F,0x39,0x00,0x25,0x27,0x36,
0x29,0x28,0x2D,0x38,0x33,0x00,0x29,0x31,0xFC,0x3A,0x33,0x27,0x29,0xE8,0x00,0x31,
0x25,0x37,0xE5,0xE5,0xE5,0xFD,0x1A,0x33,0x36,0x00,0x2A,0x25,0x3A,0x33,0x36,0xE8,
0x00,0x32,0x25,0x33,0xFC,0x38,0x29,0x32,0x38,0x29,0x00,0x25,0x37,0x37,0x39,0x31,
0x2D,0x36,0xFC,0x31,0x25,0x2D,0x37,0x00,0x28,0x33,0x00,0x35,0x39,0x29,0xFD,0x3A,
0x33,0x27,0x29,0x00,0x34,0x33,0x28,0x29,0xFC,0x25,0x2B,0x39,0x29,0x32,0x38,0x25,
0x36,0xE5,0xE5,0xE5,0xFF,0xF3,0x40,0x24,0x29,0x36,0x33,0xE5,0xE5,0xE5,0xFD,0x1A,
0x33,0x36,0x00,0x2A,0x25,0x3A,0x33,0x36,0xE8,0x00,0x38,0x29,0x32,0x2C,0x25,0xFC,
0x27,0x39,0x2D,0x28,0x25,0x28,0x33,0xE5,0xE5,0xE5,0xFF,0xF3,0x43,0x19,0x00,0x35,
0x39,0x29,0x00,0x29,0x00,0x2D,0x37,0x37,0x33,0xDD,0xFD,0x20,0x33,0x27,0x29,0x00,
0x32,0x25,0x33,0x00,0x38,0x29,0x31,0x00,0x35,0x39,0x29,0x00,0x2D,0x36,0xFC,0x3A,
0x29,0x36,0x00,0x25,0x00,0x0D,0x2D,0x29,0x30,0xDD,0xFD,0x20,0x33,0x27,0x29,0x00,
0x32,0x25,0x33,0x00,0x28,0x29,0x3A,0x29,0x36,0x2D,0x25,0xFC,0x2A,0x25,0x3E,0x29,
0x36,0x00,0x39,0x31,0x25,0x00,0x2E,0x33,0x3A,0x29,0x31,0xFC,0x28,0x25,0x31,0x25,
0x00,0x29,0x37,0x34,0x29,0x36,0x25,0x36,0xCA,0xFF,0xF3,0x43,0x19,0x2C,0xE8,0x00,
0x24,0x29,0x36,0x33,0xE5,0xE5,0xE5,0xFD,0x0E,0x29,0x37,0x27,0x39,0x30,0x34,0x29,
0x00,0x34,0x33,0x36,0x00,0x32,0x25,0x33,0xFC,0x38,0x29,0x36,0x00,0x25,0x36,0x36,
0x39,0x31,0x25,0x28,0x33,0x00,0x37,0x39,0x25,0x37,0xFC,0x25,0x36,0x31,0x25,0x37,
0x00,0x25,0x00,0x38,0x29,0x31,0x34,0x33,0xE5,0xE5,0xE5,0xFD,0x0D,0x33,0x31,0x33,
0x00,0x32,0x25,0x33,0x00,0x2C,0x33,0x39,0x3A,0x29,0xFC,0x25,0x38,0x25,0x35,0x39,
0x29,0x37,0x00,0x28,0x29,0xFC,0x18,0x29,0x33,0x00,0x0B,0x36,0x27,0x25,0x28,0x2D,
0x25,0xE5,0xE5,0xE5,0xFD,0x34,0x29,0x32,0x37,0x29,0x2D,0x00,0x29,0x31,0x00,0x31,
0x29,0x30,0x2C,0x33,0x36,0x25,0x36,0xFC,0x37,0x39,0x25,0x37,0x00,0x25,0x36,0x31,
0x25,0x37,0x00,0x29,0x31,0x00,0x3A,0x29,0x3E,0xFC,0x28,0x2D,0x37,0x37,0x33,0xE5,
0xE5,0xE5,0xFD,0x17,0x25,0x37,0x00,0x25,0x27,0x25,0x26,0x33,0x39,0x00,0x30,0x29,
0x3A,0x25,0x32,0x28,0x33,0xFC,0x31,0x25,0x2D,0x37,0x00,0x38,0x29,0x31,0x34,0x33,
0x00,0x28,0x33,0x00,0x35,0x39,0x29,0xFC,0x29,0x39,0x00,0x29,0x37,0x34,0x29,0x36,
0x25,0x3A,0x25,0xE5,0xE5,0xE5,0xFD,0x1D,0x2D,0x32,0x38,0x33,0x00,0x31,0x39,0x2D,
0x38,0x33,0xE5,0xE5,0xE5,0xFC,0x17,0x25,0x37,0x00,0x29,0x39,0x00,0x27,0x33,0x32,
0x37,0x29,0x2B,0x39,0x2D,0xFC,0x2A,0x25,0x3E,0x29,0x36,0xFD,0x33,0x38,0x2D,0x31,
0x25,0x37,0x00,0x31,0x29,0x30,0x2C,0x33,0x36,0x2D,0x25,0x37,0xFC,0x32,0x25,0x37,
0x00,0x37,0x39,0x25,0x37,0x00,0x25,0x36,0x31,0x25,0x37,0xE5,0xFD,0x0B,0x00,0x34,
0x36,0x33,0x34,0x33,0x37,0x2D,0x38,0x33,0xE5,0xE5,0xE5,0x00,0x37,0x33,0x26,0x36,
0x29,0xFC,0x33,0x00,0x1C,0x29,0x27,0x33,0x2D,0x30,0x00,0x1C,0x33,0x28,0xE5,0xE5,
0xE5,0xFC,0x1B,0x39,0x29,0x36,0x00,0x37,0x25,0x26,0x29,0x36,0xFD,0xF6,0x01,0x27,
0x33,0x31,0x33,0x00,0x39,0x37,0x25,0xD6,0x30,0x33,0xDD,0xFC,0x00,0x00,0x0D,0x30,
0x25,0x36,0x33,0xE5,0xFC,0x00,0x00,0x18,0x25,0x33,0x00,0x31,0x39,0x2D,0x38,0x33,
0xE5,0xE5,0xE5,0xFD,0x0F,0x32,0x38,0x29,0x32,0x28,0x33,0xE8,0x00,0x29,0x32,0x38,
0x29,0x32,0x28,0x33,0xCA,0xFD,0x19,0x00,0x1C,0x29,0x27,0x33,0x2D,0x30,0x00,0x1C,
0x33,0x28,0x00,0x34,0x33,0x28,0x29,0xFC,0x25,0x38,0x25,0x27,0x25,0x36,0x00,0x2D,
0x32,0x2D,0x31,0x2D,0x2B,0x33,0x37,0x00,0x27,0x33,0x31,0xFC,0x39,0x31,0x00,0x38,
0x2D,0x36,0x33,0x00,0x27,0x25,0x36,0x36,0x29,0x2B,0x25,0x28,0x33,0xE8,0xFD,0x29,
0x00,0x3A,0x33,0x27,0x29,0x00,0x38,0x25,0x31,0x26,0x29,0x31,0x00,0x34,0x33,0x28,
0x29,0xFC,0x25,0x34,0x33,0x32,0x38,0x25,0x36,0x00,0x34,0x25,0x36,0x25,0x00,0x26,
0x25,0x2D,0x3C,0x33,0xFC,0x29,0x00,0x25,0x38,0x2D,0x36,0x25,0x36,0x00,0x34,0x25,
0x36,0x25,0xFD,0x37,0x29,0x00,0x2E,0x33,0x2B,0x25,0x36,0x00,0x32,0x33,0x00,0x25,
0x36,0xE5,0xFD,0x0D,0x29,0x36,0x38,0x25,0x37,0x00,0x26,0x25,0x36,0x36,0x29,0x2D,
0x36,0x25,0x37,0x00,0x37,0x33,0xFC,0x34,0x33,0x28,0x29,0x31,0x00,0x37,0x29,0x36,
0x00,0x35,0x39,0x29,0x26,0x36,0x25,0x28,0x25,0x37,0xFC,0x27,0x33,0x31,0x00,0x33,
0x00,0x25,0x38,0x25,0x35,0x39,0x29,0xFD,0x27,0x25,0x36,0x36,0x29,0x2B,0x25,0x28,
0x33,0xE8,0x00,0x29,0x32,0x38,0x25,0x33,0x00,0x32,0x25,0x33,0xFC,0x2C,0x29,0x37,
0x2D,0x38,0x29,0x00,0x29,0x31,0x00,0x38,0x29,0x37,0x38,0x25,0xD6,0x30,0x33,0xE5,
0xFD,0x0E,0x33,0x2D,0x2B,0x38,0x00,0x29,0x00,0x29,0x39,0x00,0x34,0x25,0x37,0x37,
0x25,0x31,0x33,0x37,0xFC,0x39,0x31,0x00,0x31,0x29,0x37,0x00,0x31,0x33,0x32,0x38,
0x25,0x32,0x28,0x33,0xFC,0x29,0x30,0x29,0x00,0x34,0x25,0x36,0x25,0x00,0x3A,0x33,
0x27,0x29,0xE8,0xFD,0x29,0x32,0x38,0x25,0x33,0x00,0x39,0x37,0x29,0xD6,0x33,0x00,
0x26,0x29,0x31,0xCA,0xFD,0x0D,0x30,0x25,0x36,0x33,0xE8,0x00,0x33,0x00,0x38,0x36,
0x39,0x35,0x39,0x29,0x00,0x27,0x33,0x31,0xFC,0x25,0x36,0x31,0x25,0x37,0x00,0x32,
0x33,0x3A,0x25,0x37,0x00,0x29,0xFC,0x38,0x29,0x37,0x38,0x25,0xD6,0x30,0x25,0x37,
0xE8,0xFD,0x29,0x00,0x37,0x29,0x00,0x25,0x27,0x33,0x37,0x38,0x39,0x31,0x25,0x36,
0xFC,0x27,0x33,0x31,0x00,0x29,0x30,0x25,0x37,0xCA,0xFE,0xF4,0x01,0x0F,0x32,0x38,
0x29,0x32,0x28,0x33,0xE5,0x00,0x20,0x33,0x27,0x29,0x00,0x32,0x29,0x31,0xFC,0x37,
0x29,0x35,0x39,0x29,0x36,0x00,0x37,0x29,0xFC,0x2D,0x32,0x38,0x29,0x36,0x29,0x37,
0x37,0x25,0xE8,0x00,0x29,0x2C,0xDD,0xFD,0x1D,0x29,0x00,0x0E,0x33,0x2D,0x2B,0x38,
0x00,0x33,0x39,0x3A,0x2D,0x37,0x37,0x29,0xFC,0x2D,0x37,0x37,0x33,0x00,0x28,0x33,
0x00,0x30,0x25,0x28,0x33,0x00,0x28,0x29,0xFC,0x2A,0x33,0x36,0x25,0x00,0x28,0x33,
0x00,0x35,0x39,0x25,0x36,0x38,0x33,0xE8,0xFD,0x27,0x33,0x31,0x00,0x27,0x29,0x36,
0x38,0x29,0x3E,0x25,0x00,0x2A,0x2D,0x27,0x25,0x36,0x2D,0x25,0xFC,0x28,0x29,0x27,
0x29,0x34,0x27,0x2D,0x33,0x32,0x25,0x28,0x33,0xE5,0xFF,0xF3,0x43,0x17,0x29,0x00,
0x29,0x32,0x3A,0x33,0x30,0x3A,0x2D,0x00,0x38,0x25,0x32,0x38,0x33,0x00,0x29,0x31,
0xFC,0x31,0x29,0x30,0x2C,0x33,0x36,0x25,0x36,0x00,0x37,0x39,0x25,0x37,0xFC,0x25,
0x36,0x31,0x25,0x37,0xE5,0xE5,0xE5,0xFD,0x35,0x39,0x29,0x00,0x38,0x36,0x25,0x26,
0x25,0x30,0x2C,0x29,0x2D,0x00,0x34,0x33,0x36,0xFC,0x02,0x01,0x00,0x28,0x2D,0x25,
0x37,0x00,0x37,0x29,0x31,0x00,0x38,0x33,0x31,0x25,0x36,0xFC,0x32,0x29,0x32,0x2C,
0x39,0x31,0x00,0x0F,0xD6,0x0D,0x36,0x3D,0x37,0x38,0x25,0x30,0xE8,0x00,0x29,0xFD,
0x35,0x39,0x25,0x37,0x29,0x00,0x25,0x27,0x25,0x26,0x29,0x2D,0xFC,0x28,0x29,0x37,
0x30,0x2D,0x2B,0x25,0x32,0x28,0x33,0xE5,0xFC,0x12,0x25,0xE8,0x00,0x2C,0x25,0xE8,
0x00,0x2C,0x25,0xE5,0xE5,0xE5,0xFD,0x0B,0x2C,0xE8,0x00,0x37,0x2D,0x31,0xE5,0xE5,
0xE5,0x00,0x38,0x29,0x32,0x2C,0x33,0xFC,0x25,0x30,0x2B,0x33,0x00,0x34,0x25,0x36,
0x25,0x00,0x38,0x29,0x00,0x28,0x25,0x36,0xE5,0xFD,0x18,0x25,0x33,0x00,0x31,0x29,
0x00,0x37,0x29,0x36,0x3A,0x29,0x00,0x28,0x29,0xFC,0x32,0x25,0x28,0x25,0xE8,0x00,
0x29,0x32,0x38,0x25,0x33,0x00,0x30,0x29,0x3A,0x29,0xFC,0x29,0x37,0x38,0x29,0x00,
0x28,0x2D,0x37,0x27,0x33,0xE5,0xF5,0x09,0xFF,0xF3,0x43,0x0E,0x36,0xE5,0x00,0x21,
0x29,0x2D,0x30,0xE5,0xE5,0xE5,0xFD,0x18,0x25,0x33,0x00,0x3A,0x25,0x2D,0x00,0x34,
0x25,0x36,0x25,0x36,0x00,0x34,0x33,0x36,0xFC,0x32,0x25,0x28,0x25,0x00,0x34,0x25,
0x36,0x25,0x00,0x27,0x33,0x32,0x37,0x29,0x2B,0x39,0x2D,0x36,0xFC,0x33,0x00,0x35,
0x39,0x29,0x00,0x35,0x39,0x29,0x36,0xE5,0xE5,0xE5,0xFD,0x0F,0x00,0x37,0x2D,0x31,
0x34,0x30,0x29,0x37,0x31,0x29,0x32,0x38,0x29,0xFC,0x38,0x29,0x36,0x36,0x2D,0x3A,
0x29,0x30,0xE5,0xFD,0x24,0x29,0x36,0x33,0xCA,0xFC,0x18,0x25,0x33,0x00,0x34,0x33,
0x28,0x29,0x31,0x33,0x37,0x00,0x28,0x29,0x2D,0x3C,0x25,0x36,0xFC,0x35,0x39,0x29,
0x00,0x21,0x29,0x2D,0x30,0x00,0x37,0x25,0x2D,0x25,0xFD,0x2D,0x31,0x34,0x39,0x32,
0x29,0xCA,0xFD,0x1A,0x36,0x2D,0x31,0x29,0x2D,0x36,0x33,0x00,0x28,0x29,0x3A,0x29,
0x31,0x33,0x37,0xFC,0x28,0x29,0x37,0x27,0x33,0x26,0x36,0x2D,0x36,0x00,0x33,0x32,
0x28,0x29,0xFC,0x29,0x30,0x29,0x00,0x29,0x37,0x38,0x25,0xE5,0xE5,0xE5,0xFD,0x13,
0x31,0x25,0x2B,0x2D,0x32,0x33,0x00,0x35,0x39,0x29,0x00,0x0D,0x2D,0x29,0x30,0x00,
0x29,0xFC,0x33,0x37,0x00,0x33,0x39,0x38,0x36,0x33,0x37,0x00,0x29,0x37,0x38,0x25,
0x33,0xFC,0x2A,0x25,0x3E,0x29,0x32,0x28,0x33,0x00,0x28,0x29,0x00,0x38,0x39,0x28,
0x33,0xFD,0x34,0x33,0x37,0x37,0x2D,0x3A,0x29,0x30,0x00,0x34,0x25,0x36,0x25,0x00,
0x29,0x32,0x27,0x33,0x32,0xD6,0xFC,0x38,0x36,0x25,0xD6,0x30,0x33,0x00,0x25,0x32,
0x25,0x30,0x2D,0x37,0x25,0x32,0x28,0x33,0xFC,0x33,0x37,0x00,0x28,0x25,0x28,0x33,
0x37,0xE5,0xFF,0xF3,0x43,0x1D,0x33,0x26,0x36,0x29,0x00,0x12,0x25,0x36,0x34,0x39,
0x2D,0x25,0xE5,0xE5,0xE5,0xFD,0x1D,0x39,0x25,0x00,0x38,0x29,0x31,0x34,0x29,0x36,
0x25,0x38,0x39,0x36,0x25,0xFC,0x27,0x33,0x36,0x34,0x33,0x36,0x25,0x30,0x00,0x2D,
0x32,0x38,0x29,0x36,0x32,0x25,0xFC,0x34,0x25,0x36,0x29,0x27,0x29,0x00,0x29,0x37,
0x38,0x25,0x36,0xFD,0x37,0x39,0x26,0x2D,0x32,0x28,0x33,0x00,0x28,0x29,0x3A,0x2D,
0x28,0x33,0x00,0x25,0x33,0xFC,0x2A,0x29,0x36,0x2D,0x31,0x29,0x32,0x38,0x33,0x00,
0x35,0x39,0x29,0xFC,0x19,0x31,0x29,0x2B,0x25,0x00,0x27,0x25,0x39,0x37,0x33,0x39,
0xE5,0xE5,0xE5,0xFD,0x1A,0x33,0x36,0x00,0x37,0x33,0x36,0x38,0x29,0xE8,0x00,0x25,
0x00,0x2A,0x29,0x36,0x2D,0x28,0x25,0xFC,0x32,0x25,0x33,0x00,0x29,0x00,0x34,0x36,
0x33,0x2A,0x39,0x32,0x28,0x25,0xE8,0xFC,0x29,0x32,0x38,0x25,0x33,0xFD,0x32,0x25,
0x33,0x00,0x34,0x36,0x29,0x27,0x2D,0x37,0x25,0x00,0x37,0x29,0xFC,0x34,0x36,0x29,
0x33,0x27,0x39,0x34,0x25,0x36,0x00,0x31,0x39,0x2D,0x38,0x33,0xE5,0xFF,0xF3,0x43,
0x0B,0x2C,0xE8,0x00,0x29,0x00,0x3A,0x33,0x27,0x29,0xE8,0x00,0x24,0x29,0x36,0x33,
0xE5,0xE5,0xE5,0xFD,0x19,0x00,0x0E,0x36,0xE5,0x00,0x21,0x29,0x2D,0x30,0x00,0x29,
0x00,0x39,0x31,0x25,0xFC,0x34,0x29,0x37,0x37,0x33,0x25,0x00,0x38,0x29,0x36,0x36,
0x2D,0x3A,0x29,0x30,0xE5,0xFD,0x0B,0x00,0x34,0x25,0x36,0x38,0x2D,0x36,0x00,0x28,
0x29,0x00,0x25,0x2B,0x33,0x36,0x25,0xE8,0xFC,0x37,0x39,0x25,0x37,0x00,0x31,0x2D,
0x37,0x37,0x33,0x29,0x37,0xFC,0x37,0x29,0x36,0x25,0x33,0xFD,0x31,0x25,0x2D,0x37,
0x00,0x28,0x2D,0x2A,0x2D,0x27,0x29,0x2D,0x37,0x00,0x28,0x33,0xFC,0x35,0x39,0x29,
0x00,0x32,0x39,0x32,0x27,0x25,0xE5,0xE5,0xE5,0xFD,0x24,0x29,0x36,0x33,0xE5,0xE5,
0xE5,0xFC,0x10,0x2D,0x35,0x39,0x29,0x00,0x25,0x30,0x29,0x36,0x38,0x25,0xE5,0xE5,
0xE5,0xFF,0xF3,0x43,0x24,0x29,0x36,0x33,0xE5,0xE5,0xE5,0xFD,0x18,0x25,0x33,0x00,
0x37,0x29,0x36,0x2D,0x25,0x00,0x29,0x3C,0x25,0x2B,0x29,0x36,0x33,0xFC,0x37,0x29,
0x00,0x29,0x39,0x00,0x28,0x2D,0x37,0x37,0x29,0x37,0x37,0x29,0x00,0x35,0x39,0x29,
0xFC,0x33,0x00,0x2A,0x39,0x38,0x39,0x36,0x33,0x00,0x28,0x29,0x37,0x27,0x25,0x32,
0x37,0x25,0xFD,0x32,0x25,0x37,0x00,0x37,0x39,0x25,0x37,0x00,0x31,0x25,0x33,0x37,
0xE5,0xFD,0x0F,0x39,0x00,0x25,0x27,0x36,0x29,0x28,0x2D,0x38,0x33,0xFC,0x29,0x31,
0x00,0x3A,0x33,0x27,0x29,0xE5,0xFD,0x20,0x33,0x27,0x29,0x00,0x34,0x33,0x28,0x29,
0x00,0x32,0x33,0x37,0x00,0x2B,0x39,0x2D,0x25,0x36,0xFC,0x34,0x25,0x36,0x25,0x00,
0x33,0x00,0x2A,0x39,0x38,0x39,0x36,0x33,0x00,0x35,0x39,0x29,0x00,0x25,0xFC,0x0D,
0x2D,0x29,0x30,0x00,0x2D,0x31,0x25,0x2B,0x2D,0x32,0x25,0xFD,0x34,0x25,0x36,0x25,
0x00,0x32,0x33,0x37,0xE5,0xE5,0xE5,0xFD,0x18,0x25,0x33,0x00,0x29,0x00,0x37,0x33,
0x36,0x38,0x29,0x00,0x32,0x29,0x31,0xFC,0x31,0x2D,0x30,0x25,0x2B,0x36,0x29,0x00,
0x35,0x39,0x29,0x00,0x3A,0x33,0x27,0x29,0xFC,0x38,0x29,0x32,0x2C,0x25,0x00,0x27,
0x2C,0x29,0x2B,0x25,0x28,0x33,0x00,0x38,0x25,0x33,0xFC,0x30,0x33,0x32,0x2B,0x29,
0xE5,0xE5,0xE5,0xFD,0x0F,0x00,0x25,0x00,0x34,0x36,0x33,0x3A,0x25,0x00,0x27,0x30,
0x25,0x36,0x25,0xFC,0x28,0x29,0x00,0x35,0x39,0x29,0x00,0x3A,0x33,0x27,0x29,0x00,
0x29,0x00,0x33,0xFC,0x1C,0x29,0x34,0x30,0x33,0x2D,0x28,0x00,0x30,0x29,0x32,0x28,
0x25,0x36,0x2D,0x33,0xE5,0xFF,0xF3,0x43,0x20,0x33,0x27,0x29,0x00,0x34,0x33,0x28,
0x29,0x00,0x33,0x26,0x38,0x29,0x36,0xFC,0x28,0x2D,0x37,0x27,0x33,0x37,0x00,0x28,
0x29,0x00,0x38,0x33,0x28,0x33,0x00,0x38,0x2D,0x34,0x33,0xFC,0x28,0x29,0x00,0x34,
0x29,0x37,0x37,0x33,0x25,0x37,0xE5,0xFD,0x0D,0x29,0x36,0x38,0x2D,0x2A,0x2D,0x35,
0x39,0x29,0xD6,0x37,0x29,0x00,0x28,0x29,0xFC,0x25,0x32,0x28,0x25,0x36,0x00,0x34,
0x29,0x30,0x25,0x00,0x26,0x25,0x37,0x29,0x00,0x29,0xFC,0x2A,0x25,0x30,0x25,0x36,
0x00,0x37,0x29,0x31,0x34,0x36,0x29,0xFD,0x27,0x33,0x31,0x00,0x33,0x00,0x34,0x29,
0x37,0x37,0x33,0x25,0x30,0xCA,0xFF,0xF3,0x46,0x19,0x00,0x35,0x39,0x29,0x00,0x29,
0x00,0x2D,0x37,0x37,0x33,0xDD,0xFC,0x20,0x33,0x27,0x29,0x00,0x28,0x29,0x3A,0x29,
0x00,0x37,0x29,0x36,0x00,0x33,0xFC,0x32,0x33,0x3A,0x33,0x00,0x32,0x33,0x3A,0x25,
0x38,0x33,0xCA,0xFD,0xE5,0xE5,0xE5,0x2C,0x25,0xE8,0x00,0x29,0x00,0x26,0x36,0x2D,
0x32,0x27,0x25,0x28,0x29,0x2D,0x36,0x25,0xE5,0xFD,0x17,0x2D,0x32,0x2C,0x25,0x00,
0x31,0x29,0x31,0x33,0x36,0x2D,0x25,0x00,0x32,0x29,0x31,0xFC,0x29,0x37,0x38,0x25,
0x00,0x38,0x25,0x33,0x00,0x36,0x39,0x2D,0x31,0xFC,0x25,0x37,0x37,0x2D,0x31,0xCA,
0xFF,0xF3,0x46,0x0B,0x00,0x34,0x36,0x33,0x34,0x33,0x37,0x2D,0x38,0x33,0xE8,0x00,
0x2A,0x2D,0x30,0x2C,0x33,0xE5,0xE5,0xE5,0xFD,0x19,0x32,0x28,0x29,0x00,0x29,0x37,
0x38,0x25,0x00,0x33,0x00,0x2E,0x33,0x3A,0x29,0x31,0xFC,0x28,0x29,0x00,0x27,0x25,
0x26,0x29,0x30,0x33,0x00,0x30,0x33,0x2D,0x36,0x33,0xFC,0x29,0x00,0x30,0x33,0x32,
0x2B,0x33,0xE8,0xFD,0x35,0x39,0x29,0x00,0x29,0x37,0x38,0x25,0x3A,0x25,0x00,0x32,
0x25,0xFC,0x37,0x25,0x30,0x25,0x00,0x28,0x33,0x00,0x27,0x33,0x31,0x25,0x32,0x28,
0x25,0x32,0x38,0x29,0xFC,0x25,0x38,0x29,0x00,0x34,0x33,0x39,0x27,0x33,0x00,0x38,
0x29,0x31,0x34,0x33,0xDD,0xFD,0x0C,0x29,0x31,0xE8,0x00,0x32,0x25,0x33,0x00,0x29,
0x00,0x32,0x25,0x28,0x25,0xFC,0x2D,0x31,0x34,0x33,0x36,0x38,0x25,0x32,0x38,0x29,
0xE5,0xFC,0x0F,0x36,0x25,0x00,0x37,0x33,0x00,0x39,0x31,0x25,0x00,0x27,0x33,0x2D,
0x37,0x25,0xE5,0xE5,0xE5,0xFF,0xF3,0x46,0x0F,0x2D,0xE8,0x00,0x24,0x29,0x36,0x33,
0xE5,0xE5,0xE5,0xFD,0x1B,0x39,0x25,0x32,0x28,0x33,0x00,0x38,0x2D,0x3A,0x29,0x36,
0x00,0x39,0x31,0xFC,0x38,0x29,0x31,0x34,0x33,0xE8,0x00,0x34,0x33,0x28,0x29,0x36,
0x2D,0x25,0x00,0x33,0x39,0x3A,0x2D,0x36,0xFC,0x31,0x2D,0x32,0x2C,0x25,0x00,0x2C,
0x2D,0x37,0x38,0x33,0x36,0x2D,0x25,0xDD,0xFD,0xF6,0x01,0x1A,0x33,0x37,0x37,0x33,
0x00,0x38,0x29,0x00,0x27,0x33,0x32,0x38,0x25,0x36,0xDD,0xFC,0x00,0x00,0x1D,0x2D,
0x31,0xFC,0x00,0x00,0x18,0x25,0x33,0xFD,0x12,0x25,0x00,0x31,0x39,0x2D,0x38,0x33,
0x00,0x38,0x29,0x31,0x34,0x33,0xFC,0x25,0x38,0x36,0x25,0x37,0xE5,0xE5,0xE5,0x00,
0x29,0x39,0x00,0x29,0x36,0x25,0x00,0x34,0x36,0x33,0xD6,0xFC,0x2A,0x29,0x37,0x37,
0x33,0x36,0x00,0x32,0x39,0x31,0x25,0x00,0x29,0x37,0x27,0x33,0x30,0x25,0xE5,0xE5,
0xE5,0xFD,0x18,0x25,0x35,0x39,0x29,0x30,0x29,0x37,0x00,0x28,0x2D,0x25,0x37,0xE8,
0xFC,0x2C,0x25,0x3A,0x2D,0x25,0x00,0x31,0x39,0x2D,0x38,0x33,0x37,0xFC,0x2C,0x39,
0x31,0x25,0x32,0x33,0x37,0xE5,0xE5,0xE5,0xFD,0x18,0x25,0x33,0x00,0x29,0x00,0x31,
0x29,0x32,0x38,0x2D,0x36,0x25,0x00,0x28,0x2D,0x3E,0x29,0x36,0xFC,0x35,0x39,0x29,
0x00,0x3A,0x2D,0x3A,0x2D,0x25,0x31,0x33,0x37,0x00,0x29,0x31,0xFC,0x2C,0x25,0x36,
0x31,0x33,0x32,0x2D,0x25,0xE5,0xE5,0xE5,0xFD,0x1E,0x29,0x32,0x2C,0x33,0x00,0x38,
0x25,0x32,0x38,0x25,0x37,0xFC,0x30,0x29,0x31,0x26,0x36,0x25,0x32,0x27,0x25,0x37,
0x00,0x26,0x33,0x25,0x37,0xFC,0x28,0x25,0x35,0x39,0x29,0x30,0x25,0x00,0x29,0x34,
0x33,0x27,0x25,0xE5,0xE5,0xE5,0xFD,0x0B,0x00,0x35,0x39,0x29,0x00,0x31,0x25,0x2D,
0x37,0x00,0x30,0x29,0x31,0x26,0x36,0x33,0x00,0x29,0xFC,0x35,0x39,0x25,0x32,0x28,
0x33,0x00,0x2A,0x33,0x31,0x33,0x37,0x00,0x25,0xFC,0x39,0x31,0x00,0x34,0x2D,0x35,
0x39,0x29,0x32,0x2D,0x35,0x39,0x29,0xE5,0xFD,0x12,0x25,0x3A,0x2D,0x25,0x00,0x39,
0x31,0x25,0x00,0x2B,0x25,0x36,0x33,0x38,0x25,0xFC,0x35,0x39,0x29,0x00,0x29,0x37,
0x35,0x39,0x29,0x27,0x29,0x39,0x00,0x28,0x29,0xFC,0x38,0x36,0x25,0x3E,0x29,0x36,
0x00,0x37,0x29,0x39,0x00,0x30,0x25,0x32,0x27,0x2C,0x29,0xE5,0xE5,0xE5,0xFD,0x0F,
0x00,0x35,0x39,0x25,0x32,0x28,0x33,0x00,0x27,0x2C,0x29,0x2B,0x33,0x39,0x00,0x25,
0xFC,0x2C,0x33,0x36,0x25,0x00,0x28,0x29,0x00,0x27,0x33,0x31,0x29,0x36,0xE8,0xFC,
0x29,0x30,0x25,0x00,0x37,0x29,0x32,0x38,0x33,0x39,0x00,0x37,0x33,0x3E,0x2D,0x32,
0x2C,0x25,0xE5,0xFD,0x1E,0x33,0x28,0x33,0x37,0x00,0x33,0x37,0x00,0x25,0x31,0x2D,
0x2B,0x33,0x37,0xFC,0x28,0x29,0x30,0x25,0x00,0x29,0x37,0x38,0x25,0x3A,0x25,0x31,
0x00,0x31,0x39,0x2D,0x38,0x33,0xFC,0x33,0x27,0x39,0x34,0x25,0x28,0x33,0x37,0xFD,
0x27,0x33,0x32,0x3A,0x29,0x36,0x37,0x25,0x32,0x28,0x33,0x00,0x29,0xFC,0x27,0x33,
0x31,0x29,0x32,0x28,0x33,0x00,0x34,0x25,0x36,0x25,0x00,0x32,0x33,0x38,0x25,0x36,
0xE5,0xFD,0x0F,0x30,0x25,0x00,0x38,0x2D,0x32,0x2C,0x25,0xFC,0x28,0x2D,0x2A,0x2D,
0x27,0x39,0x30,0x28,0x25,0x28,0x29,0x00,0x29,0x31,0x00,0x37,0x29,0x00,0x29,0x32,
0xD6,0xFC,0x38,0x39,0x36,0x31,0x25,0x36,0xE5,0x00,0x18,0x25,0x33,0x00,0x2A,0x25,
0x30,0x25,0x3A,0x25,0xE5,0xE5,0xE5,0xFD,0x0F,0x30,0x25,0x00,0x32,0x25,0x33,0x00,
0x37,0x25,0x26,0x2D,0x25,0x00,0x27,0x33,0x31,0x33,0xFC,0x28,0x2D,0x3E,0x29,0x36,
0x00,0x25,0x33,0x37,0x00,0x25,0x31,0x2D,0x2B,0x33,0x37,0xFC,0x35,0x39,0x29,0x00,
0x38,0x2D,0x32,0x2C,0x25,0xFD,0x29,0x37,0x35,0x39,0x29,0x27,0x2D,0x28,0x33,0x00,
0x33,0x00,0x30,0x25,0x32,0x27,0x2C,0x29,0xE5,0xFD,0x1B,0x39,0x25,0x32,0x28,0x33,
0x00,0x25,0x00,0x3A,0x2D,0xE8,0xFC,0x29,0x32,0x38,0x29,0x32,0x28,0x2D,0x00,0x33,
0x00,0x35,0x39,0x29,0x00,0x38,0x2D,0x32,0x2C,0x25,0xFC,0x25,0x27,0x33,0x32,0x38,
0x29,0x27,0x2D,0x28,0x33,0xE5,0xFD,0x0F,0x32,0x38,0x25,0x33,0x00,0x28,0x29,0x2D,
0x00,0x25,0x00,0x29,0x30,0x25,0xFC,0x39,0x32,0x37,0x00,0x28,0x33,0x32,0x39,0x38,
0x37,0x00,0x35,0x39,0x29,0x00,0x2A,0x2D,0x3E,0xFC,0x32,0x25,0x35,0x39,0x29,0x30,
0x25,0x00,0x31,0x25,0x32,0x2C,0x25,0xE5,0xFD,0xF6,0x02,0x19,0x2C,0xDD,0x00,0x14,
0x25,0x00,0x38,0x29,0x00,0x29,0x32,0x38,0x29,0x28,0x2D,0x29,0x2D,0xDD,0xFC,0x00,
0x00,0x1D,0x2D,0x31,0xFC,0x00,0x00,0x18,0x25,0x33,0xFD,0x0B,0x2C,0xE8,0x00,0x29,
0x32,0x38,0x29,0x32,0x28,0x33,0xE5,0xE5,0xE5,0xFD,0x12,0x25,0x00,0x31,0x25,0x2D,
0x37,0x00,0x35,0x39,0x29,0x00,0x29,0x39,0xFC,0x35,0x39,0x29,0x36,0x2D,0x25,0x00,
0x27,0x33,0x32,0x38,0x25,0x36,0xE8,0xFC,0x31,0x25,0x37,0xE5,0xE5,0xE5,0x00,0x2A,
0x25,0x3E,0x29,0x36,0x00,0x33,0x00,0x35,0x39,0x29,0xE5,0xFE,0xF4,0x01,0x0F,0x32,
0x38,0x29,0x32,0x28,0x33,0xE5,0xE5,0xE5,0x00,0x32,0x25,0x33,0x00,0x38,0x29,0x31,
0xFC,0x38,0x29,0x31,0x34,0x33,0xE8,0x00,0x29,0x2C,0xDD,0xFC,0x18,0x25,0x33,0x00,
0x38,0x29,0x31,0x00,0x2E,0x29,0x2D,0x38,0x33,0xE5,0xE5,0xE5,0xFD,0x0E,0x29,0x37,
0x27,0x39,0x30,0x34,0x29,0x00,0x2D,0x32,0x27,0x33,0x31,0x33,0x28,0x25,0x36,0xFC,
0x35,0x39,0x25,0x32,0x28,0x33,0x00,0x3A,0x33,0x27,0x29,0x00,0x29,0x37,0x38,0x25,
0xFC,0x33,0x27,0x39,0x34,0x25,0x28,0x33,0xE5,0xE5,0xE5,0xFE,0xF4,0x02,0x1D,0x25,
0x26,0x29,0xE8,0x00,0x25,0x32,0x38,0x29,0x37,0x00,0x28,0x29,0x00,0x37,0x29,0x36,
0xFC,0x34,0x36,0x33,0x2A,0x29,0x37,0x37,0x33,0x36,0xE8,0xFC,0x38,0x36,0x25,0x26,
0x25,0x30,0x2C,0x29,0x2D,0x00,0x32,0x39,0x31,0x25,0xFC,0x34,0x25,0x28,0x25,0x36,
0x2D,0x25,0xE5,0xFD,0x0F,0x00,0x25,0x32,0x38,0x29,0x37,0x00,0x28,0x2D,0x37,0x37,
0x33,0xE8,0xFC,0x2A,0x39,0x2D,0x00,0x31,0x25,0x36,0x2D,0x32,0x2C,0x29,0x2D,0x36,
0x33,0xE5,0xFD,0x19,0x34,0x25,0xE5,0xE5,0xE5,0xFC,0x17,0x29,0x00,0x28,0x29,0x37,
0x3A,0x2D,0x29,0x2D,0x00,0x28,0x33,0xFC,0x25,0x37,0x37,0x39,0x32,0x38,0x33,0xE5,
0xE5,0xE5,0xFD,0x0F,0x39,0x00,0x29,0x37,0x38,0x25,0x3A,0x25,0x00,0x27,0x33,0x32,
0x38,0x25,0x32,0x28,0x33,0xFC,0x35,0x39,0x29,0x00,0x28,0x29,0x2D,0x00,0x39,0x31,
0x00,0x28,0x33,0x32,0x39,0x38,0xFC,0x34,0x25,0x36,0x25,0x00,0x25,0x00,0x31,0x29,
0x32,0x2D,0x32,0x25,0xE5,0xFD,0x0F,0x30,0x25,0x00,0x32,0x25,0x33,0x00,0x31,0x29,
0x00,0x25,0x2B,0x36,0x25,0x28,0x29,0x27,0x29,0x39,0xFC,0x29,0x00,0x37,0x25,0x2D,
0x39,0xFD,0x27,0x33,0x36,0x36,0x29,0x32,0x28,0x33,0x00,0x27,0x33,0x31,0x00,0x25,
0xFC,0x27,0x25,0x26,0x29,0x27,0x25,0x00,0x26,0x25,0x2D,0x3C,0x25,0xE5,0xE5,0xE5,
0xFD,0x1A,0x29,0x32,0x37,0x29,0x2D,0x00,0x35,0x39,0x29,0x00,0x29,0x30,0x25,0x00,
0x2D,0x25,0x00,0x37,0x29,0xFC,0x2E,0x39,0x32,0x38,0x25,0x36,0x00,0x25,0x33,0x37,
0x00,0x25,0x31,0x2D,0x2B,0x33,0x37,0xE5,0xE5,0xE5,0xFD,0x17,0x25,0x37,0x00,0x32,
0x33,0x00,0x27,0x25,0x31,0x2D,0x32,0x2C,0x33,0xFC,0x34,0x25,0x36,0x25,0x00,0x27,
0x25,0x37,0x25,0xE8,0xFD,0x25,0x00,0x2B,0x25,0x36,0x33,0x38,0x25,0x00,0x28,0x29,
0x37,0x27,0x29,0x39,0xFC,0x28,0x33,0x00,0x33,0x32,0x2D,0x26,0x39,0x37,0x00,0x29,
0x00,0x31,0x29,0xFC,0x28,0x29,0x39,0x00,0x25,0x30,0x2B,0x33,0xE5,0xFD,0x0F,0x36,
0x25,0x00,0x39,0x31,0x25,0x00,0x27,0x25,0x36,0x38,0x25,0xFC,0x27,0x39,0x36,0x38,
0x25,0x00,0x29,0x00,0x39,0x31,0x00,0x38,0x36,0x29,0x3A,0x33,0xE5,0xFD,0x0B,0x00,
0x27,0x25,0x36,0x38,0x25,0x00,0x28,0x2D,0x3E,0x2D,0x25,0xD9,0xFD,0xE9,0x1D,0x36,
0xE5,0x00,0x0B,0x32,0x28,0x36,0x29,0x3B,0xE8,0x00,0x31,0x29,0xFC,0x28,0x29,0x37,
0x27,0x39,0x30,0x34,0x29,0x00,0x34,0x33,0x36,0x00,0x32,0x25,0x33,0xFC,0x38,0x29,
0x36,0xFD,0x29,0x32,0x27,0x33,0x32,0x38,0x36,0x25,0x28,0x33,0x00,0x39,0x31,0xFC,
0x38,0x36,0x29,0x3A,0x33,0x00,0x28,0x29,0x00,0x35,0x39,0x25,0x38,0x36,0x33,0xFC,
0x2A,0x33,0x30,0x2C,0x25,0x37,0xE9,0xFD,0x0F,0x37,0x27,0x36,0x2D,0x38,0x33,0x00,
0x27,0x33,0x31,0x00,0x30,0x29,0x38,0x36,0x25,0x37,0xFC,0x31,0x39,0x2D,0x38,0x33,
0x00,0x34,0x29,0x35,0x39,0x29,0x32,0x25,0x37,0xE5,0xFD,0x0F,0x37,0x37,0x25,0x00,
0x2A,0x33,0x2D,0x00,0x25,0x00,0x2A,0x33,0x36,0x31,0x25,0xFC,0x28,0x29,0x30,0x25,
0x00,0x28,0x29,0x00,0x28,0x2D,0x3E,0x29,0x36,0xFC,0xE9,0x33,0x26,0x36,0x2D,0x2B,
0x25,0x28,0x33,0xE9,0xE5,0xFD,0x1D,0x29,0x31,0x34,0x36,0x29,0x00,0x35,0x39,0x29,
0x00,0x34,0x25,0x37,0x37,0x33,0xFC,0x34,0x29,0x30,0x33,0x00,0x34,0x33,0x36,0x38,
0x33,0x00,0x33,0x32,0x28,0x29,0xFD,0x2A,0x2D,0x27,0x25,0x3A,0x25,0x00,0x25,0x00,
0x29,0x37,0x27,0x33,0x30,0x25,0xE8,0xFC,0x29,0x39,0x00,0x30,0x29,0x31,0x26,0x36,
0x33,0xFD,0x28,0x25,0x37,0x00,0x28,0x33,0x27,0x29,0x37,0x00,0x3A,0x33,0x3E,0x29,
0x37,0xFC,0x28,0x25,0x37,0x00,0x27,0x36,0x2D,0x25,0x32,0x27,0x25,0x37,0x00,0x31,
0x29,0x00,0x27,0x2C,0x25,0xD6,0xFC,0x31,0x25,0x32,0x28,0x33,0xE8,0x00,0xE9,0x1D,
0x36,0xE5,0x00,0x0B,0x32,0x28,0x36,0x29,0x3B,0xE9,0xE5,0xE5,0xE5,0xFF,0xF3,0x46,
0x0B,0x2C,0xE8,0x00,0x29,0x00,0x3A,0x33,0x27,0x29,0xE8,0x00,0x24,0x29,0x36,0x33,
0xE5,0xFD,0x0B,0x00,0x34,0x36,0x33,0x34,0x33,0x37,0x2D,0x38,0x33,0xE8,0x00,0x29,
0x39,0x00,0x2E,0x25,0xFC,0x38,0x29,0x00,0x2A,0x25,0x30,0x29,0x2D,0x00,0x37,0x33,
0x26,0x36,0x29,0xFD,0xF6,0x01,0x31,0x2D,0x32,0x2C,0x25,0x00,0x2E,0x39,0x3A,0x29,
0x32,0x38,0x39,0x28,0x29,0xDD,0xFC,0x00,0x00,0x1D,0x2D,0x31,0xFC,0x00,0x00,0x18,
0x25,0x33,0xFD,0x0B,0x2C,0xE8,0x00,0x37,0x2D,0x31,0xE5,0xE5,0xE5,0x00,0x3A,0x33,
0x27,0x29,0xFC,0x37,0x29,0x00,0x30,0x29,0x31,0x26,0x36,0x25,0x00,0x37,0x33,0x26,
0x36,0x29,0xFC,0x33,0x00,0x35,0x39,0x29,0xFD,0xF6,0x02,0x29,0x36,0x25,0x00,0x25,
0x00,0x2C,0x2D,0x37,0x38,0x33,0x36,0x2D,0x25,0xDD,0xFC,0x00,0x00,0x1D,0x2D,0x31,
0xFC,0x00,0x00,0x18,0x25,0x33,0xFD,0x0F,0x00,0x31,0x29,0x37,0x31,0x33,0xDD,0xCA,
0xFD,0x0F,0x32,0x38,0x25,0x33,0x00,0x3A,0x33,0x39,0x00,0x38,0x29,0xFC,0x38,0x29,
0x37,0x38,0x25,0x36,0xCA,0xFD,0xF6,0x03,0x0B,0x32,0x38,0x29,0x37,0x00,0x28,0x29,
0x00,0x28,0x25,0x36,0x00,0x25,0x39,0x30,0x25,0xE5,0xE5,0xE5,0xFC,0x00,0x00,0x10,
0x39,0x2D,0x00,0x31,0x25,0x36,0x2D,0x32,0x2C,0x29,0x2D,0x36,0x33,0xFC,0x00,0x00,
0x10,0x39,0x2D,0x00,0x34,0x25,0x28,0x29,0x2D,0x36,0x33,0xFD,0x13,0x32,0x27,0x33,
0x36,0x36,0x29,0x38,0x33,0xE5,0xFD,0x0B,0x32,0x38,0x29,0x37,0x00,0x28,0x29,0x00,
0x37,0x29,0x36,0x00,0x34,0x36,0x33,0xD6,0xFC,0x2A,0x29,0x37,0x37,0x33,0x36,0x00,
0x38,0x36,0x25,0x26,0x25,0x30,0x2C,0x29,0x2D,0xFC,0x32,0x39,0x31,0x25,0x00,0x34,
0x25,0x28,0x25,0x36,0x2D,0x25,0xE5,0xE5,0xE5,0xFD,0x18,0x2D,0x32,0x2B,0x39,0x29,
0x31,0x00,0x31,0x25,0x2D,0x37,0x00,0x34,0x36,0x29,0x37,0x38,0x25,0xFC,0x25,0x38,
0x29,0x32,0x27,0x25,0x33,0x00,0x32,0x25,0x37,0x00,0x31,0x2D,0x32,0x2C,0x25,0x37,
0xFC,0x2C,0x2D,0x37,0x38,0x33,0x36,0x2D,0x25,0x37,0xE5,0xE5,0xE5,0xFE,0xF4,0x01,
0x0B,0x2C,0xE8,0x00,0x37,0x2D,0x31,0xDD,0x00,0x0F,0x32,0x38,0x25,0x33,0xFC,0x25,
0x27,0x2C,0x33,0x00,0x35,0x39,0x29,0x00,0x32,0x25,0x33,0xE5,0xFD,0x0E,0x29,0x00,
0x35,0x39,0x25,0x30,0x35,0x39,0x29,0x36,0x00,0x2A,0x33,0x36,0x31,0x25,0xE8,0xFC,
0x34,0x36,0x33,0x3A,0x25,0x3A,0x29,0x30,0x31,0x29,0x32,0x38,0x29,0x00,0x38,0x29,
0xFC,0x29,0x32,0x38,0x29,0x28,0x2D,0x25,0x36,0x2D,0x25,0xE5,0xE5,0xE5,0xFE,0xF4,
0x02,0x0D,0x30,0x25,0x36,0x33,0x00,0x35,0x39,0x29,0x00,0x32,0x25,0x33,0xE5,0xE5,
0xE5,0xFD,0x18,0x25,0x33,0x00,0x28,0x25,0x00,0x34,0x25,0x36,0x25,0x00,0x29,0x3A,
0x2D,0x38,0x25,0x36,0xE8,0xFC,0x31,0x2D,0x32,0x2C,0x25,0x37,0x00,0x2C,0x2D,0x37,
0x38,0x33,0x36,0x2D,0x25,0x37,0x00,0x37,0x25,0x33,0xFC,0x27,0x2C,0x25,0x38,0x25,
0x37,0xE5,0xE5,0xE5,0xFE,0xF4,0x03,0x1F,0x25,0x39,0xE8,0x00,0x27,0x33,0x36,0x36,
0x29,0x38,0x33,0xCA,0xFC,0x17,0x25,0x37,0x00,0x38,0x25,0x30,0x3A,0x29,0x3E,0x00,
0x38,0x29,0x32,0x2C,0x25,0xFC,0x37,0x2D,0x28,0x33,0x00,0x37,0x33,0x00,0x37,0x33,
0x36,0x38,0x29,0xE5,0xFD,0x1A,0x36,0x33,0x3C,0x2D,0x31,0x25,0x00,0x34,0x29,0x36,
0x2B,0x39,0x32,0x38,0x25,0xD9,0xFD,0x0D,0x33,0x31,0x33,0x00,0x34,0x36,0x33,0x2A,
0x29,0x37,0x37,0x33,0x36,0xE8,0xFC,0x31,0x2D,0x32,0x2C,0x25,0x00,0x30,0x29,0x31,
0x26,0x36,0x25,0x32,0x27,0x25,0x00,0x31,0x25,0x2D,0x37,0xFC,0x35,0x39,0x29,0x36,
0x2D,0x28,0x25,0x00,0x2A,0x33,0x2D,0x00,0x35,0x39,0x25,0x32,0x28,0x33,0xE5,0xE5,
0xE5,0xFD,0xF6,0x04,0xE5,0xE5,0xE5,0x2A,0x33,0x31,0x33,0x37,0x00,0x25,0x00,0x39,
0x31,0xD9,0xFC,0x00,0x00,0x10,0x29,0x37,0x38,0x2D,0x3A,0x25,0x30,0xFC,0x00,0x00,
0x1A,0x2D,0x35,0x39,0x29,0x32,0x2D,0x35,0x39,0x29,0xFD,0x18,0x25,0x33,0xE5,0xFD,
0x0C,0x29,0x31,0xE5,0xE5,0xE5,0x00,0x25,0x27,0x2C,0x33,0x00,0x35,0x39,0x29,0xFC,
0x31,0x2D,0x32,0x2C,0x25,0x37,0x00,0x2C,0x2D,0x37,0x38,0x33,0x36,0x2D,0x25,0x37,
0x00,0x32,0x25,0x33,0xFC,0x37,0x29,0x36,0x3A,0x29,0x31,0x00,0x34,0x36,0x25,0x00,
0x32,0x25,0x28,0x25,0xE5,0xE5,0xE5,0xFE,0xF4,0x04,0x17,0x39,0x2D,0x38,0x33,0x00,
0x26,0x29,0x31,0xCA,0xFC,0x20,0x25,0x31,0x33,0x37,0x00,0x3A,0x29,0x36,0x00,0x29,
0x37,0x38,0x25,0xE5,0xFD,0x18,0x33,0x00,0x34,0x2D,0x35,0x39,0x29,0x32,0x2D,0x35,
0x39,0x29,0xE8,0x00,0x39,0x31,0x25,0xFC,0x31,0x29,0x32,0x2D,0x32,0x25,0x00,0x29,
0x37,0x35,0x39,0x29,0x27,0x29,0x39,0x00,0x33,0xFC,0x30,0x25,0x32,0x27,0x2C,0x29,
0xE5,0x00,0x0F,0x39,0xE5,0xE5,0xE5,0xFD,0xF6,0x05,0xE5,0xE5,0xE5,0x28,0x29,0x2D,
0x00,0x25,0x00,0x29,0x30,0x25,0xD9,0xFC,0x00,0x00,0x1F,0x31,0x00,0x2C,0x25,0x31,
0x26,0x39,0x36,0x2B,0x39,0x29,0x36,0xFC,0x00,0x00,0x1F,0x31,0x00,0x28,0x33,0x32,
0x39,0x38,0xFD,0xE5,0xE5,0xE5,0xFD,0x13,0x32,0x27,0x33,0x36,0x36,0x29,0x38,0x33,
0xE5,0xFD,0x1A,0x33,0x36,0x00,0x39,0x31,0x00,0x31,0x33,0x31,0x29,0x32,0x38,0x33,
0x00,0x29,0x39,0xFC,0x38,0x2D,0x3A,0x29,0x00,0x29,0x37,0x34,0x29,0x36,0x25,0x32,
0x27,0x25,0x37,0xE5,0xE5,0xE5,0xFC,0xE5,0xE5,0xE5,0xD3,0x37,0x39,0x37,0x34,0x2D,
0x36,0x33,0xD3,0xE5,0xE5,0xE5,0xFE,0xF4,0x05,0x1D,0x2D,0x31,0xCA,0x00,0x0D,0x33,
0x36,0x36,0x29,0x38,0x33,0xCA,0xFC,0x0F,0x00,0x29,0x31,0x00,0x38,0x36,0x33,0x27,
0x25,0x00,0x28,0x33,0x00,0x28,0x33,0x32,0x39,0x38,0xE8,0xFC,0x29,0x30,0x25,0x00,
0x31,0x29,0x00,0x28,0x29,0x39,0xE5,0xE5,0xE5,0xFD,0xF6,0x06,0xE5,0xE5,0xE5,0x39,
0x31,0x00,0x38,0x36,0x29,0x3A,0x33,0x00,0x28,0x29,0xD9,0xFC,0x00,0x00,0x1E,0x36,
0x29,0x37,0x00,0x2A,0x33,0x30,0x2C,0x25,0x37,0xFC,0x00,0x00,0x1B,0x39,0x25,0x38,
0x36,0x33,0x00,0x2A,0x33,0x30,0x2C,0x25,0x37,0xFD,0x1D,0x2D,0x31,0xE8,0x00,0x29,
0x00,0x2D,0x37,0x37,0x33,0x00,0x31,0x29,0x37,0x31,0x33,0xE5,0xFD,0x0F,0x30,0x25,
0x00,0x34,0x36,0x33,0x27,0x39,0x36,0x33,0x39,0x00,0x31,0x39,0x2D,0x38,0x33,0xFC,
0x39,0x31,0x00,0x38,0x36,0x29,0x3A,0x33,0x00,0x28,0x29,0x00,0x35,0x39,0x25,0x38,
0x36,0x33,0xFC,0x2A,0x33,0x30,0x2C,0x25,0x37,0xE5,0xE5,0xE5,0xFD,0x17,0x25,0x37,
0x00,0x32,0x25,0x33,0x00,0x27,0x33,0x32,0x37,0x29,0x2B,0x39,0x2D,0x39,0xFC,0x29,
0x32,0x27,0x33,0x32,0x38,0x36,0x25,0x36,0xE5,0xE5,0xE5,0xFD,0x0F,0x00,0x25,0x2B,
0x33,0x36,0x25,0xE8,0x00,0x25,0x00,0x39,0x30,0x38,0x2D,0x31,0x25,0xFC,0x34,0x29,
0x36,0x2B,0x39,0x32,0x38,0x25,0xCA,0xFD,0xF6,0x07,0x0B,0x00,0x31,0x29,0x32,0x2D,
0x32,0x25,0x00,0x37,0x29,0x00,0x27,0x2C,0x25,0x31,0x25,0x3A,0x25,0xD9,0xFC,0x00,
0x00,0x18,0x25,0x33,0x00,0x37,0x29,0x2D,0xFC,0x00,0x00,0x14,0x25,0x37,0x31,0x2D,
0x32,0x29,0xFD,0x19,0x2C,0xCA,0x00,0x0F,0x3C,0x27,0x29,0x30,0x29,0x32,0x38,0x29,
0xCA,0xFC,0x0F,0x36,0x25,0x00,0x39,0x31,0x25,0x00,0x34,0x29,0x2B,0x25,0x28,0x2D,
0x32,0x2C,0x25,0xE5,0xFD,0x19,0x26,0x36,0x2D,0x2B,0x25,0x28,0x33,0x00,0x34,0x33,
0x36,0x00,0x33,0x39,0x3A,0x2D,0x36,0xFC,0x29,0x37,0x38,0x29,0x00,0x3A,0x29,0x30,
0x2C,0x33,0xFC,0x1C,0x29,0x34,0x30,0x33,0x2D,0x28,0xE5,0xE5,0xE5,0xFD,0x0B,0x35,
0x39,0x2D,0x00,0x29,0x37,0x38,0x25,0x00,0x39,0x31,0x25,0xFC,0x34,0x29,0x35,0x39,
0x29,0x32,0x25,0x00,0x36,0x29,0x27,0x33,0x31,0x34,0x29,0x32,0x37,0x25,0xE5,0xFD,
0x1A,0x29,0x2B,0x39,0x29,0x00,0x29,0x37,0x38,0x29,0x00,0x28,0x2D,0x37,0x27,0x33,
0xFC,0x35,0x39,0x29,0x00,0x29,0x39,0x00,0x38,0x29,0x32,0x2C,0x33,0xCA,0xF5,0x09,
0xFE,0xF4,0x06,0xE5,0xE5,0xE5,0xFD,0x18,0x25,0x33,0x00,0x29,0x36,0x25,0x00,0x28,
0x29,0x00,0x35,0x39,0x25,0x38,0x36,0x33,0xE8,0xFC,0x31,0x25,0x37,0x00,0x28,0x29,
0x00,0x38,0x36,0x29,0x37,0xFC,0x2A,0x33,0x30,0x2C,0x25,0x37,0xE5,0xE5,0xE5,0xFD,
0x10,0x2D,0x27,0x25,0x00,0x27,0x30,0x25,0x36,0x33,0x00,0x35,0x39,0x29,0x00,0x3A,
0x33,0x27,0x29,0xFC,0x32,0x25,0x33,0x00,0x29,0x37,0x38,0x25,0x3A,0x25,0xFC,0x34,
0x36,0x29,0x37,0x38,0x25,0x32,0x28,0x33,0x00,0x25,0x38,0x29,0x32,0x27,0x25,0x33,
0xCA,0xFE,0xF4,0x07,0x0F,0x39,0x00,0x32,0x39,0x32,0x27,0x25,0x00,0x38,0x29,0x00,
0x28,0x2D,0x37,0x37,0x29,0xFC,0x35,0x39,0x25,0x30,0x00,0x29,0x36,0x25,0x00,0x33,
0x00,0x32,0x33,0x31,0x29,0xFC,0x28,0x29,0x30,0x25,0xCA,0xFD,0x0F,0x32,0x2A,0x2D,
0x31,0xE8,0x00,0x25,0x27,0x2C,0x33,0x00,0x35,0x39,0x29,0xFC,0x29,0x00,0x32,0x33,
0x36,0x31,0x25,0x30,0x00,0x37,0x29,0xFC,0x29,0x32,0x38,0x29,0x28,0x2D,0x25,0x36,
0xFD,0x27,0x33,0x31,0x00,0x25,0x37,0x00,0x2C,0x2D,0x37,0x38,0x33,0x36,0x2D,0x25,
0x37,0xFC,0x28,0x29,0x00,0x39,0x31,0x00,0x3A,0x29,0x30,0x2C,0x33,0xE5,0xE5,0xE5,
0xFF,0xF3,0x46,0x0F,0x32,0x38,0x25,0x33,0xE8,0x00,0x32,0x33,0x3A,0x25,0x38,0x33,
0xE8,0xFD,0x0B,0x00,0x0C,0x25,0x37,0x29,0x00,0x28,0x25,0x00,0x1C,0x29,0x37,0x2D,
0x37,0xD6,0xFC,0x38,0x29,0x32,0x27,0x2D,0x25,0x00,0x29,0x37,0x38,0x29,0x3A,0x29,
0x00,0x31,0x39,0x2D,0x38,0x33,0xFC,0x25,0x38,0x2D,0x3A,0x25,0x00,0x39,0x30,0x38,
0x2D,0x31,0x25,0x31,0x29,0x32,0x38,0x29,0xE5,0xE5,0xE5,0xFD,0x20,0x25,0x31,0x33,
0x37,0x00,0x32,0x33,0x37,0x00,0x31,0x39,0x28,0x25,0x36,0xFC,0x33,0x39,0x38,0x36,
0x25,0x00,0x3A,0x29,0x3E,0xDD,0xFD,0x0D,0x30,0x25,0x36,0x33,0xE5,0x00,0x16,0x33,
0x2B,0x33,0x00,0x35,0x39,0x25,0x32,0x28,0x33,0xFC,0x27,0x33,0x31,0x29,0x27,0x29,
0x2D,0x00,0x25,0x00,0x31,0x29,0x00,0x37,0x29,0x32,0x38,0x2D,0x36,0xFC,0x25,0x27,
0x33,0x37,0x38,0x39,0x31,0x25,0x28,0x33,0xE5,0xFF,0xF3,0x46,0x12,0x31,0x31,0xDD,
0x00,0x19,0x00,0x35,0x39,0x29,0x00,0x29,0x00,0x2D,0x37,0x37,0x33,0xDD,0xFC,0x18,
0x25,0x33,0x00,0x3A,0x25,0x31,0x33,0x37,0x00,0x32,0x33,0x37,0x00,0x31,0x39,0x28,
0x25,0x36,0xDD,0xFD,0x0F,0x00,0x29,0x39,0x00,0x35,0x39,0x29,0x00,0x34,0x29,0x32,
0x37,0x25,0x3A,0x25,0xFC,0x35,0x39,0x29,0x00,0x2D,0x25,0x31,0x33,0x37,0x00,0x27,
0x33,0x31,0x33,0xFC,0x2A,0x2D,0x3E,0x29,0xD6,0xFC,0x31,0x33,0x37,0x00,0x32,0x33,
0x00,0x25,0x32,0x33,0x00,0x34,0x25,0x37,0x37,0x25,0x28,0x33,0xE5,0xE5,0xE5,0xFF,
0xF3,0x44,0x19,0x2C,0xE8,0x00,0x0F,0x2D,0xE8,0x00,0x24,0x29,0x36,0x33,0xCA,0xFD,
0x0F,0x37,0x38,0x2D,0x3A,0x29,0x00,0x29,0x37,0x34,0x29,0x36,0x25,0x32,0x28,0x33,
0xFC,0x25,0x35,0x39,0x2D,0x00,0x38,0x33,0x28,0x33,0x00,0x29,0x37,0x37,0x29,0xFC,
0x38,0x29,0x31,0x34,0x33,0x00,0x34,0x29,0x30,0x25,0x00,0x0D,0x2D,0x29,0x30,0xE5,
0xFD,0x0F,0x30,0x25,0x00,0x29,0x32,0x38,0x36,0x33,0x39,0x00,0x39,0x31,0xFC,0x31,
0x33,0x31,0x29,0x32,0x38,0x33,0x00,0x29,0x00,0x37,0x25,0x2D,0x39,0xFC,0x29,0x31,
0x00,0x37,0x29,0x2B,0x39,0x2D,0x28,0x25,0xE5,0xE5,0xE5,0xFD,0x0F,0x37,0x38,0x29,
0x00,0x34,0x29,0x35,0x39,0x29,0x32,0x33,0x00,0x29,0x37,0x38,0x25,0xFC,0x39,0x31,
0x00,0x34,0x33,0x39,0x27,0x33,0xFC,0x28,0x29,0x37,0x2B,0x25,0x37,0x38,0x25,0x28,
0x33,0xE8,0xFD,0x29,0x32,0x38,0x25,0x33,0x00,0x29,0x39,0x00,0x2B,0x33,0x37,0x38,
0x25,0x36,0x2D,0x25,0xFC,0x28,0x29,0x00,0x27,0x33,0x32,0x37,0x29,0x36,0x38,0x25,
0xD6,0x30,0x33,0xE5,0xE5,0xE5,0xFD,0x0B,0x27,0x2C,0x33,0x00,0x35,0x39,0x29,0x00,
0x25,0x00,0x0D,0x2D,0x29,0x30,0xFC,0x28,0x29,0x3A,0x29,0x00,0x29,0x37,0x38,0x25,
0x36,0xFC,0x33,0x27,0x39,0x34,0x25,0x28,0x25,0xE5,0xE5,0xE5,0xFF,0xF3,0x44,0x17,
0x29,0x00,0x34,0x29,0x36,0x2B,0x39,0x32,0x38,0x33,0x00,0x25,0x33,0x32,0x28,0x29,
0xFC,0x2A,0x33,0x36,0x25,0x31,0x00,0x25,0x37,0x00,0x31,0x2D,0x32,0x2C,0x25,0x37,
0xFC,0x34,0x29,0x35,0x39,0x29,0xD6,0xFC,0x32,0x25,0x37,0x00,0x0D,0x36,0x29,0x25,
0x00,0x29,0x00,0x1A,0x36,0x29,0x25,0xE5,0xE5,0xE5,0xFD,0x1D,0x25,0x33,0x00,0x33,
0x37,0x00,0x31,0x29,0x39,0x37,0xFC,0x34,0x36,0x29,0x27,0x2D,0x33,0x37,0x33,0x37,
0xFC,0x0C,0x25,0x26,0x3D,0x00,0x0F,0x30,0x3A,0x29,0x37,0xE5,0xE5,0xE5,0xFD,0x1D,
0x25,0x26,0x2D,0x25,0x00,0x35,0x39,0x29,0x00,0x29,0x39,0x00,0x34,0x33,0x28,0x2D,
0x25,0xFC,0x2A,0x25,0x30,0x25,0x36,0x00,0x39,0x31,0x00,0x34,0x33,0x39,0x27,0x33,
0x00,0x27,0x33,0x31,0xFC,0x29,0x30,0x29,0x37,0xE5,0xE5,0xE5,0xDD,0xFD,0x18,0x33,
0x00,0x2D,0x32,0x2D,0x27,0x2D,0x33,0x00,0x37,0x33,0x00,0x28,0x2D,0x3E,0x2D,0x25,
0x31,0xFC,0xE9,0x17,0x2D,0x17,0x2D,0x17,0x2D,0x17,0x2D,0xE9,0x00,0x29,0x00,0x33,
0x39,0x38,0x36,0x33,0x37,0xFC,0x26,0x25,0x30,0x26,0x39,0x27,0x2D,0x33,0x37,0xE5,
0xFD,0x24,0x29,0x36,0x33,0xE8,0x00,0x34,0x33,0x36,0x00,0x2A,0x25,0x3A,0x33,0x36,
0xE8,0xFC,0x31,0x29,0x00,0x25,0x3A,0x2D,0x37,0x29,0x00,0x37,0x29,0x00,0x33,0x37,
0xFC,0x29,0x32,0x27,0x33,0x32,0x38,0x36,0x25,0x36,0xCA,0xFD,0x1A,0x36,0x33,0x31,
0x29,0x38,0x25,0x00,0x34,0x36,0x25,0x00,0x31,0x2D,0x31,0xE5,0xE5,0xE5,0xFC,0x37,
0x2D,0x31,0xDD,0xFF,0xF3,0x44,0x19,0x2C,0xE8,0x00,0x24,0x29,0x36,0x33,0xCA,0xFD,
0x20,0x33,0x27,0x29,0x00,0x36,0x29,0x25,0x30,0x31,0x29,0x32,0x38,0x29,0xFC,0x29,
0x32,0x27,0x33,0x32,0x38,0x36,0x33,0x39,0x00,0x25,0xFC,0x0D,0x36,0x29,0x25,0x00,
0x29,0x00,0x1A,0x36,0x29,0x25,0xDD,0xFF,0xF3,0x44,0x0D,0x36,0x29,0x25,0xE5,0xE5,
0xE5,0x1A,0x36,0x29,0x25,0xE5,0xE5,0xE5,0xFD,0xF6,0x01,0x16,0x29,0x31,0x26,0x36,
0x25,0x31,0x00,0x28,0x29,0x00,0x31,0x2D,0x31,0xDD,0xFC,0x00,0x00,0x1A,0x36,0x33,
0x3A,0x25,0x3A,0x29,0x30,0x31,0x29,0x32,0x38,0x29,0xE5,0xE5,0xE5,0xFC,0x00,0x00,
0x0B,0x27,0x2C,0x33,0x00,0x35,0x39,0x29,0x00,0x32,0x25,0x33,0xE5,0xE5,0xE5,0xFD,
0x20,0x2D,0x3A,0x25,0xCA,0x00,0x13,0x37,0x37,0x33,0x00,0x31,0x29,0x00,0x2A,0x25,
0x3E,0xFC,0x31,0x39,0x2D,0x38,0x33,0x00,0x2A,0x29,0x30,0x2D,0x3E,0xCA,0xFD,0x20,
0x33,0x39,0x00,0x38,0x29,0x00,0x28,0x25,0x36,0x00,0x2D,0x37,0x37,0x33,0xCA,0xF5,
0x09,0xFE,0xF4,0x01,0x20,0x33,0x27,0x29,0x00,0x29,0x00,0x2C,0x33,0x36,0x36,0x2D,
0x3A,0x29,0x30,0xCA,0xFC,0x0F,0x39,0x00,0x38,0x29,0x00,0x33,0x28,0x29,0x2D,0x33,
0xE8,0x00,0x24,0x29,0x36,0x33,0xCA,0xFD,0x13,0x25,0x00,0x38,0x29,0x00,0x28,0x25,
0x36,0x00,0x29,0x37,0x38,0x29,0x00,0x28,0x2D,0x37,0x27,0x33,0xE8,0xFC,0x31,0x25,
0x37,0x00,0x31,0x39,0x28,0x29,0x2D,0x00,0x28,0x29,0xFC,0x2D,0x28,0x29,0x2D,0x25,
0xCA,0xFF,0xF3,0x44,0x0F,0x2D,0xE8,0x00,0x24,0x29,0x36,0x33,0xDD,0xFD,0x19,0x00,
0x35,0x39,0x29,0x00,0x38,0x2D,0x32,0x2C,0x25,0x00,0x32,0x25,0x35,0x39,0x29,0x30,
0x29,0xFC,0x28,0x2D,0x37,0x27,0x33,0x00,0x35,0x39,0x29,0x00,0x38,0x29,0x00,0x28,
0x29,0x2D,0xDD,0xFD,0x0F,0x37,0x34,0x29,0x36,0x33,0x00,0x35,0x39,0x29,0x00,0x37,
0x29,0x2E,0x25,0xFC,0x25,0x30,0x2B,0x33,0x00,0x39,0x38,0x2D,0x30,0xE5,0xFD,0x0C,
0x29,0x31,0xE8,0x00,0x25,0x35,0x39,0x29,0x30,0x29,0x00,0x28,0x2D,0x37,0x27,0x33,
0xE5,0xE5,0xE5,0xFD,0x0F,0x39,0x00,0x33,0x00,0x29,0x32,0x27,0x33,0x32,0x38,0x36,
0x29,0x2D,0xFC,0x35,0x39,0x25,0x32,0x28,0x33,0x00,0x2D,0x25,0x00,0x30,0x2D,0x31,
0x34,0x25,0x36,0xFC,0x29,0x37,0x38,0x29,0x00,0x34,0x29,0x35,0x39,0x29,0x32,0x2D,
0x32,0x33,0xCA,0xFD,0x1A,0x36,0x33,0x3A,0x25,0x3A,0x29,0x30,0x31,0x29,0x32,0x38,
0x29,0x00,0x29,0x00,0x39,0x31,0x25,0xFC,0x26,0x36,0x2D,0x32,0x27,0x25,0x28,0x29,
0x2D,0x36,0x25,0x00,0x28,0x33,0xFC,0x17,0x29,0x32,0x25,0x36,0x38,0xE5,0xFD,0x1D,
0x25,0x26,0x2D,0x25,0x00,0x35,0x39,0x29,0x00,0x29,0x30,0x29,0x00,0x39,0x37,0x33,
0x39,0x00,0x33,0xFC,0x27,0x33,0x31,0x34,0x39,0x38,0x25,0x28,0x33,0x36,0x00,0x28,
0x25,0x35,0x39,0x2D,0x00,0x37,0x29,0x31,0xFC,0x34,0x29,0x36,0x31,0x2D,0x37,0x37,
0x25,0x33,0xE8,0x00,0x29,0xFD,0x38,0x25,0x31,0x26,0x29,0x31,0x00,0x34,0x2D,0x27,
0x2C,0x33,0x39,0xFC,0x34,0x33,0x36,0x00,0x38,0x33,0x28,0x25,0x37,0xFC,0x25,0x37,
0x00,0x34,0x25,0x36,0x29,0x28,0x29,0x37,0xDD,0xFD,0x1C,0x33,0x27,0x2D,0x32,0x33,
0x30,0x30,0x29,0x00,0x29,0x00,0x29,0x39,0xFC,0x30,0x2D,0x31,0x34,0x25,0x31,0x33,
0x37,0x00,0x25,0x38,0x29,0x00,0x33,0xFC,0x39,0x30,0x38,0x2D,0x31,0x33,0x00,0x36,
0x25,0x37,0x38,0x36,0x33,0xCA,0xFF,0xF3,0x44,0x0F,0x2D,0xE8,0x00,0x24,0x29,0x36,
0x33,0xE5,0xE5,0xE5,0xFD,0x19,0x00,0x35,0x39,0x29,0x00,0x33,0x00,0x21,0x29,0x2D,
0x30,0xFC,0x38,0x29,0x32,0x38,0x25,0x00,0x27,0x33,0x32,0x37,0x29,0x2B,0x39,0x2D,
0x36,0xDD,0xFD,0x0F,0x00,0x38,0x36,0x25,0x26,0x25,0x30,0x2C,0x33,0x00,0x28,0x33,
0x37,0xFC,0x27,0x2D,0x29,0x32,0x38,0x2D,0x37,0x38,0x25,0x37,0x00,0x34,0x29,0x32,
0x37,0x25,0x36,0x00,0x32,0x33,0xFC,0x2A,0x39,0x38,0x39,0x36,0x33,0xE8,0x00,0x27,
0x29,0x36,0x38,0x33,0xDD,0xFD,0x17,0x25,0x37,0x00,0x21,0x29,0x2D,0x30,0x00,0x29,
0x37,0x38,0x25,0xFC,0x34,0x30,0x25,0x32,0x29,0x2E,0x25,0x32,0x28,0x33,0x00,0x25,
0x30,0x2B,0x33,0xFC,0x38,0x29,0x36,0x36,0x2D,0x3A,0x29,0x30,0xE8,0x00,0x32,0x25,
0x33,0x00,0x29,0xDD,0xFD,0x1D,0x2D,0x31,0x34,0x30,0x29,0x37,0x31,0x29,0x32,0x38,
0x29,0x00,0x33,0x28,0x29,0x2D,0x33,0xFC,0x34,0x29,0x37,0x37,0x33,0x25,0x37,0x00,
0x27,0x33,0x31,0x33,0xFC,0x21,0x29,0x2D,0x30,0xE5,0xE5,0xE5,0xFF,0xF3,0x44,0x24,
0x29,0x36,0x33,0xE5,0xE5,0xE5,0xFD,0x0F,0x37,0x38,0x33,0x39,0x00,0x27,0x33,0x31,
0x00,0x31,0x29,0x28,0x33,0xE5,0xE5,0xE5,0xFD,0x17,0x29,0x37,0x31,0x33,0x00,0x35,
0x39,0x25,0x32,0x28,0x33,0x00,0x25,0x26,0x36,0x25,0x27,0x33,0xFC,0x29,0x37,0x38,
0x29,0x00,0x34,0x29,0x35,0x39,0x29,0x32,0x2D,0x32,0x33,0xE8,0x00,0x27,0x33,0x32,
0xD6,0xFC,0x38,0x2D,0x32,0x39,0x33,0x00,0x27,0x33,0x31,0x00,0x31,0x29,0x28,0x33,
0xE5,0xE5,0xE5,0xFD,0x24,0x29,0x36,0x33,0xE5,0xE5,0xE5,0xFC,0x1A,0x33,0x36,0x00,
0x2A,0x25,0x3A,0x33,0x36,0xE8,0x00,0x2A,0x2D,0x35,0x39,0x29,0xE5,0xE5,0xE5,0xFC,
0x18,0x25,0x33,0x00,0x3A,0x25,0x00,0x29,0x31,0x26,0x33,0x36,0x25,0x00,0x32,0x39,
0x32,0x27,0x25,0xE5,0xE5,0xE5,0xFF,0xF3,0x48,0x0F,0x2D,0xE8,0x00,0x24,0x29,0x36,
0x33,0xCA,0xFD,0x14,0x25,0x00,0x37,0x29,0x00,0x34,0x25,0x37,0x37,0x25,0x36,0x25,
0x31,0x00,0x03,0xFC,0x31,0x29,0x37,0x29,0x37,0x00,0x28,0x29,0x37,0x28,0x29,0x00,
0x35,0x39,0x29,0x00,0x33,0xFC,0x1D,0x36,0xE5,0x00,0x0F,0x30,0x34,0x2D,0x3E,0x33,
0x00,0x37,0x29,0x00,0x2A,0x33,0x2D,0xE5,0xFD,0x17,0x29,0x00,0x34,0x29,0x36,0x2B,
0x39,0x32,0x38,0x33,0x00,0x35,0x39,0x25,0x32,0x28,0x33,0xFC,0x3A,0x25,0x33,0x00,
0x31,0x29,0x00,0x34,0x36,0x33,0x31,0x33,0x3A,0x29,0x36,0x00,0x25,0xFC,0x27,0x33,
0x31,0x25,0x32,0x28,0x25,0x32,0x38,0x29,0xE5,0xE5,0xE5,0xFD,0x18,0x25,0x33,0x00,
0x25,0x27,0x2C,0x33,0x00,0x35,0x39,0x29,0x00,0x29,0x3C,0x2D,0x37,0x38,0x25,0xFC,
0x39,0x31,0x00,0x37,0x39,0x27,0x29,0x37,0x37,0x33,0x36,0x00,0x31,0x25,0x2D,0x37,
0xFC,0x27,0x25,0x34,0x25,0x27,0x2D,0x38,0x25,0x28,0x33,0xE5,0xE5,0xE5,0xFD,0x0F,
0x00,0x37,0x29,0x00,0x2D,0x37,0x37,0x33,0x00,0x32,0x25,0x33,0xFC,0x25,0x27,0x33,
0x32,0x38,0x29,0x27,0x29,0x36,0xE8,0xFC,0x38,0x25,0x30,0x3A,0x29,0x3E,0x00,0x37,
0x29,0x2E,0x25,0x00,0x33,0x34,0x29,0x36,0x25,0x28,0x33,0x36,0xE5,0xFF,0xF3,0x48,
0x19,0x27,0x39,0x34,0x25,0x28,0x33,0xE8,0x00,0x33,0x27,0x39,0x34,0x25,0x28,0x33,
0xE8,0xFC,0x33,0x27,0x39,0x34,0x25,0x28,0x33,0xCA,0xFD,0x0B,0x27,0x2C,0x33,0x00,
0x35,0x39,0x29,0x00,0x37,0x33,0x39,0x00,0x33,0xFC,0x35,0x39,0x29,0x00,0x31,0x25,
0x2D,0x37,0x00,0x38,0x36,0x25,0x26,0x25,0x30,0x2C,0x25,0xFC,0x25,0x35,0x39,0x2D,
0x00,0x32,0x25,0x00,0x26,0x25,0x37,0x29,0xCA,0xFD,0x24,0x29,0x36,0x33,0xE8,0x00,
0x35,0x39,0x25,0x32,0x28,0x33,0x00,0x3A,0x2D,0x36,0x00,0x25,0xFC,0x38,0x33,0x28,
0x33,0x37,0xE8,0x00,0x28,0x2D,0x2B,0x25,0x00,0x25,0x00,0x29,0x30,0x29,0x37,0x00,
0x33,0xFC,0x35,0x39,0x25,0x32,0x38,0x33,0x00,0x29,0x39,0x00,0x38,0x36,0x25,0x26,
0x25,0x30,0x2C,0x33,0xCA,0xFF,0xF3,0x48,0xE5,0xE5,0xE5,0xFD,0x0B,0x2C,0xE8,0x00,
0x29,0x00,0x3A,0x33,0x27,0x29,0xE8,0xFC,0x24,0x29,0x36,0x33,0xE5,0xFD,0x0F,0x37,
0x38,0x33,0x39,0x00,0x38,0x25,0x33,0x00,0x33,0x27,0x39,0x34,0x25,0x28,0x33,0xFC,
0x35,0x39,0x29,0x00,0x32,0x25,0x33,0x00,0x32,0x33,0x38,0x29,0x2D,0x00,0x3A,0x33,
0x27,0x29,0xFC,0x2A,0x25,0x30,0x25,0x36,0xE5,0xFD,0x12,0x39,0x31,0xE8,0x00,0x24,
0x29,0x36,0x33,0xDD,0xFD,0x0B,0x27,0x2C,0x25,0x00,0x35,0x39,0x29,0x00,0x29,0x39,
0xFC,0x29,0x31,0x25,0x2B,0x36,0x29,0x27,0x2D,0x00,0x39,0x31,0xFC,0x34,0x33,0x39,
0x27,0x33,0xDD,0xFD,0xF6,0x01,0x20,0x33,0x27,0x29,0x00,0x32,0x33,0x38,0x25,0xE8,
0x00,0x32,0x29,0xDD,0xFC,0x00,0x00,0x1D,0x2D,0x31,0xE5,0xE5,0xE5,0xFC,0x00,0x00,
0x18,0x29,0x31,0x00,0x38,0x25,0x32,0x38,0x33,0xE5,0xE5,0xE5,0xFD,0x0F,0x39,0x00,
0x37,0x25,0x26,0x2D,0x25,0xCA,0xFC,0x0F,0x32,0x38,0x25,0x33,0x00,0x28,0x25,0x00,
0x34,0x36,0x25,0x00,0x32,0x33,0x38,0x25,0x36,0xDD,0xFD,0x1F,0x25,0x39,0xE5,0xE5,
0xE5,0xCA,0xFD,0x0B,0x27,0x2C,0x33,0x00,0x35,0x39,0x29,0xFC,0x37,0x2D,0x2B,0x32,
0x2D,0x2A,0x2D,0x27,0x25,0x00,0x35,0x39,0x29,0xFC,0x38,0x36,0x25,0x26,0x25,0x30,
0x2C,0x29,0x2D,0x00,0x28,0x39,0x36,0x33,0xE5,0xFD,0x17,0x29,0x00,0x37,0x2D,0x32,
0x38,0x33,0x00,0x26,0x29,0x31,0xFC,0x2C,0x33,0x2E,0x29,0xE5,0x00,0x1A,0x29,0x2B,
0x39,0x29,0xFC,0x2D,0x37,0x38,0x33,0xCA,0xF5,0x09,0xFE,0xF4,0x01,0x19,0x00,0x1B,
0x1F,0x0F,0xDD,0xCA,0xFD,0x1B,0x39,0x29,0x00,0x27,0x36,0x39,0x29,0x30,0xE5,0xE5,
0xE5,0xFD,0x0B,0x38,0x29,0x00,0x33,0x37,0x00,0x1C,0x29,0x34,0x30,0x33,0x2D,0x28,
0x37,0xFC,0x38,0x29,0x31,0xFC,0x37,0x29,0x32,0x38,0x2D,0x31,0x29,0x32,0x38,0x33,
0x37,0xE5,0xFF,0xF3,0x48,0x24,0x29,0x36,0x33,0xCA,0xFD,0x20,0x33,0x27,0x29,0x00,
0x27,0x2C,0x29,0x27,0x33,0x39,0x00,0x25,0x35,0x39,0x29,0x30,0x29,0xFC,0x28,0x2D,
0x37,0x27,0x33,0xDD,0xFD,0x18,0x25,0x33,0x00,0x2A,0x33,0x2D,0x00,0x34,0x36,0x33,
0x3A,0x25,0xFC,0x28,0x29,0x00,0x38,0x33,0x28,0x33,0x00,0x33,0x00,0x31,0x29,0x39,
0xFC,0x38,0x36,0x25,0x26,0x25,0x30,0x2C,0x33,0x00,0x28,0x39,0x36,0x33,0xDD,0xFF,
0xF3,0x48,0x19,0x00,0x35,0x39,0x29,0x00,0x33,0xFC,0x0E,0x36,0xE5,0x00,0x21,0x29,
0x2D,0x30,0x00,0x38,0x29,0x32,0x38,0x25,0xFC,0x27,0x33,0x32,0x37,0x29,0x2B,0x39,
0x2D,0x36,0xDD,0xFD,0x17,0x29,0x00,0x34,0x29,0x36,0x2B,0x39,0x32,0x38,0x33,0x00,
0x37,0x29,0xFC,0x29,0x30,0x29,0x00,0x34,0x30,0x25,0x32,0x29,0x2E,0x25,0xFC,0x31,
0x33,0x32,0x33,0x34,0x33,0x30,0x2D,0x3E,0x25,0x36,0xFC,0x33,0x37,0x00,0x0F,0xD6,
0x0D,0x36,0x3D,0x37,0x38,0x25,0x30,0x37,0xE5,0xE5,0xE5,0xFD,0x1D,0x29,0x00,0x2A,
0x33,0x36,0x00,0x25,0x37,0x37,0x2D,0x31,0xE8,0x00,0x31,0x29,0x39,0xFC,0x39,0x32,
0x2D,0x27,0x33,0x00,0x34,0x36,0x25,0x3E,0x29,0x36,0x00,0x32,0x25,0xFC,0x3A,0x2D,
0x28,0x25,0x00,0x3A,0x25,0x2D,0x00,0x29,0x31,0x26,0x33,0x36,0x25,0xE5,0xE5,0xE5,
0xFF,0xF3,0x48,0x24,0x29,0x36,0x33,0xCA,0x00,0x0D,0x39,0x37,0x38,0x29,0x00,0x33,
0xFC,0x35,0x39,0x29,0x00,0x27,0x39,0x37,0x38,0x25,0x36,0xE8,0x00,0x28,0x29,0x38,
0x29,0x32,0x2C,0x25,0xFC,0x33,0x00,0x34,0x30,0x25,0x32,0x33,0x00,0x3A,0x2D,0x30,
0x00,0x28,0x33,0x00,0x21,0x29,0x2D,0x30,0xCA,0xFD,0x18,0x25,0x33,0x00,0x37,0x33,
0x39,0x00,0x26,0x33,0x31,0x00,0x29,0x31,0xFC,0x31,0x39,0x2D,0x38,0x25,0x00,0x27,
0x33,0x2D,0x37,0x25,0xE8,0x00,0x34,0x33,0x36,0x00,0x2D,0x37,0x37,0x33,0xFC,0x38,
0x29,0x00,0x36,0x29,0x37,0x34,0x29,0x2D,0x38,0x33,0xE8,0x00,0x24,0x29,0x36,0x33,
0xE5,0xFD,0x0F,0x37,0x34,0x29,0x36,0x33,0x00,0x35,0x39,0x29,0x00,0x27,0x33,0x32,
0x38,0x2D,0x32,0x39,0x29,0xFC,0x32,0x33,0x37,0x00,0x25,0x34,0x33,0x2D,0x25,0x32,
0x28,0x33,0xFC,0x32,0x25,0x00,0x1C,0x29,0x37,0x2D,0x37,0x38,0x29,0x32,0x27,0x2D,
0x25,0xE5,0xFF,0xF3,0x4F,0x0B,0x2C,0xE8,0x00,0x29,0x00,0x3A,0x33,0x27,0x29,0xE8,
0x00,0x24,0x29,0x36,0x33,0xE5,0xFD,0x18,0x25,0x33,0x00,0x37,0x39,0x34,0x33,0x36,
0x38,0x33,0xFC,0x38,0x36,0x25,0x26,0x25,0x30,0x2C,0x25,0x36,0xCA,0xFD,0x17,0x29,
0x39,0x00,0x38,0x36,0x25,0x26,0x25,0x30,0x2C,0x33,0xDD,0xFD,0x17,0x29,0x39,0x00,
0x38,0x36,0x25,0x26,0x25,0x30,0x2C,0x33,0x00,0x29,0x00,0x3A,0x2D,0x2B,0x2D,0x25,
0x36,0xFC,0x33,0x00,0x34,0x33,0x36,0x38,0x33,0x00,0x33,0xFC,0x28,0x2D,0x25,0x00,
0x38,0x33,0x28,0x33,0xE5,0xFD,0x19,0x00,0x28,0x2D,0x25,0x00,0x38,0x33,0x28,0x33,
0xE8,0x00,0x38,0x33,0x28,0x33,0x37,0xFC,0x33,0x37,0x00,0x28,0x2D,0x25,0x37,0xCA,
0xFD,0x12,0x29,0x2C,0xE8,0x00,0x29,0x00,0x26,0x36,0x2D,0x32,0x27,0x25,0x28,0x29,
0x2D,0x36,0x25,0xCA,0xFD,0x1D,0x29,0x00,0x33,0x00,0x12,0x2D,0x26,0x33,0x39,0x00,
0x31,0x29,0xFC,0x33,0x39,0x3A,0x2D,0x37,0x37,0x29,0x00,0x28,0x2D,0x3E,0x29,0x36,
0x00,0x2D,0x37,0x37,0x33,0xE8,0xFC,0x27,0x33,0x31,0x00,0x27,0x29,0x36,0x38,0x29,
0x3E,0x25,0xFC,0x2A,0x2D,0x27,0x25,0x36,0x2D,0x25,0x00,0x26,0x36,0x25,0x3A,0x33,
0xE5,0xFF,0xF3,0x4F,0x19,0x2C,0xE8,0x00,0x29,0x2D,0xCA,0xFD,0x0B,0x27,0x2C,0x29,
0x2D,0x00,0x29,0x37,0x38,0x29,0x00,0x28,0x2D,0x37,0x27,0x33,0xFC,0x28,0x29,0x26,
0x25,0x2D,0x3C,0x33,0x00,0x28,0x29,0x37,0x38,0x25,0xFC,0x27,0x25,0x36,0x2B,0x25,
0xE5,0xE5,0xE5,0xFD,0xF6,0x01,0x20,0x33,0x27,0x29,0x00,0x33,0x00,0x35,0x39,0x29,
0x36,0xDD,0xFC,0x00,0x00,0x0D,0x30,0x25,0x36,0x33,0xE5,0xE5,0xE5,0xFC,0x00,0x00,
0x18,0x25,0x33,0xE8,0x00,0x33,0x26,0x36,0x2D,0x2B,0x25,0x28,0x33,0xE5,0xE5,0xE5,
0xFD,0x0C,0x29,0x31,0xE5,0xE5,0xE5,0xFD,0x18,0x25,0x33,0x00,0x29,0x37,0x38,0x25,
0x00,0x29,0x37,0x34,0x29,0x36,0x25,0x32,0x28,0x33,0xFC,0x35,0x39,0x29,0x00,0x29,
0x39,0x00,0x33,0x00,0x28,0x29,0x00,0x28,0x29,0xFC,0x2B,0x36,0x25,0x27,0x25,0xE8,
0x00,0x29,0x37,0x38,0x25,0xDD,0xFD,0x0E,0x29,0x2D,0x3C,0x29,0xD6,0x31,0x29,0x00,
0x34,0x29,0x32,0x37,0x25,0x36,0xE5,0xE5,0xE5,0xFD,0x1E,0x39,0x28,0x33,0x00,0x26,
0x29,0x31,0xCA,0x00,0x1A,0x33,0x28,0x29,0xFC,0x2A,0x2D,0x27,0x25,0x36,0x00,0x27,
0x33,0x31,0x00,0x29,0x30,0x29,0x00,0x37,0x29,0xFC,0x36,0x29,0x37,0x34,0x33,0x32,
0x28,0x29,0x36,0x00,0x25,0x00,0x31,0x2D,0x32,0x2C,0x25,0xFC,0x34,0x29,0x36,0x2B,
0x39,0x32,0x38,0x25,0xE5,0xFD,0x0D,0x33,0x32,0x2C,0x29,0x27,0x29,0x00,0x25,0x35,
0x39,0x29,0x30,0x29,0xFC,0x1C,0x29,0x34,0x30,0x33,0x2D,0x28,0x00,0x34,0x29,0x35,
0x39,0x29,0x32,0x33,0xFC,0x28,0x33,0x00,0x27,0x33,0x36,0x36,0x29,0x28,0x33,0x36,
0xDD,0xFD,0x0B,0x35,0x39,0x29,0x30,0x29,0x00,0x35,0x39,0x29,0x00,0x37,0x29,0x31,
0x34,0x36,0x29,0xFC,0x25,0x32,0x28,0x25,0x00,0x27,0x33,0x31,0x00,0x39,0x31,0x00,
0x30,0x2D,0x3A,0x36,0x33,0xFC,0x34,0x36,0x25,0x00,0x38,0x33,0x28,0x33,0x00,0x30,
0x25,0x28,0x33,0xE5,0xFD,0x17,0x29,0x00,0x36,0x29,0x37,0x34,0x33,0x32,0x28,0x25,
0x00,0x2D,0x37,0x37,0x33,0xCA,0xFD,0xF6,0x02,0x0D,0x33,0x31,0x33,0x00,0x29,0x30,
0x29,0x00,0x37,0x29,0x00,0x27,0x2C,0x25,0x31,0x25,0xDD,0xFC,0x00,0x00,0x17,0x29,
0x32,0x25,0x36,0x38,0xFC,0x00,0x00,0x1A,0x29,0x36,0x36,0x33,0x35,0x39,0x2D,0x29,
0x38,0xFD,0x1F,0x2C,0xE5,0xE5,0xE5,0xFD,0x0F,0x39,0x00,0x37,0x33,0x39,0x00,0x17,
0x29,0x32,0x25,0x36,0x38,0xCA,0xFD,0x0D,0x33,0x31,0x33,0x00,0x3A,0x33,0x27,0x29,
0x00,0x34,0x33,0x28,0x29,0xFC,0x29,0x37,0x35,0x39,0x29,0x27,0x29,0x36,0x00,0x33,
0x00,0x31,0x29,0x39,0xFC,0x32,0x33,0x31,0x29,0xDD,0xCA,0xFE,0xF4,0x01,0x12,0x31,
0x31,0xE5,0xE5,0xE5,0xFD,0x0C,0x29,0x31,0xE8,0x00,0x37,0x29,0x00,0x32,0x25,0x33,
0x00,0x33,0xFC,0x35,0x39,0x29,0x36,0xE8,0x00,0x29,0x32,0x38,0x25,0x33,0x00,0x32,
0x25,0x33,0xFC,0x33,0x00,0x38,0x29,0x36,0x25,0xE5,0xFE,0xF4,0x02,0x0F,0x32,0x38,
0x25,0x33,0x00,0x3A,0x33,0x27,0x29,0x00,0x37,0x25,0x26,0x2D,0x25,0xE5,0xFD,0x17,
0x39,0x2D,0x38,0x33,0x00,0x26,0x29,0x31,0xE8,0x00,0x29,0x32,0x38,0x25,0x33,0xE5,
0xFD,0x0B,0x35,0x39,0x2D,0x00,0x29,0x37,0x38,0x25,0xE8,0x00,0x27,0x33,0x31,0x33,
0xFC,0x29,0x39,0x00,0x34,0x36,0x33,0x31,0x29,0x38,0x2D,0xE5,0xF5,0x09,0xFF,0xF3,
0x4F,0x1D,0x33,0x26,0x36,0x29,0x00,0x33,0x00,0x28,0x2D,0x37,0x27,0x33,0xFC,0x35,
0x39,0x29,0x00,0x38,0x29,0x00,0x28,0x29,0x2D,0xE5,0xE5,0xE5,0xFD,0x1A,0x25,0x36,
0x25,0x00,0x2A,0x25,0x30,0x25,0x36,0x00,0x25,0xFC,0x3A,0x29,0x36,0x28,0x25,0x28,
0x29,0xE8,0x00,0x32,0x25,0x33,0x00,0x37,0x29,0x2D,0x00,0x33,0xFC,0x35,0x39,0x29,
0x00,0x38,0x29,0x31,0x00,0x32,0x29,0x30,0x29,0xE5,0xFF,0xF3,0x4F,0x24,0x29,0x36,
0x33,0xCA,0xCA,0xFD,0x20,0x33,0x27,0x29,0x00,0x29,0x37,0x38,0x25,0x00,0x26,0x29,
0x31,0xFC,0x31,0x29,0x37,0x31,0x33,0x00,0x28,0x29,0x34,0x33,0x2D,0x37,0x00,0x28,
0x29,0xFC,0x27,0x25,0x2D,0x36,0x00,0x27,0x33,0x31,0x00,0x25,0x35,0x39,0x29,0x30,
0x29,0x00,0x31,0x2D,0x37,0x37,0x2D,0x30,0xDD,0xFD,0x18,0x33,0x37,0x37,0x25,0xE8,
0x00,0x3A,0x33,0x27,0x29,0xFC,0x36,0x29,0x25,0x30,0x31,0x29,0x32,0x38,0x29,0x00,
0x29,0x00,0x39,0x31,0xFC,0x1C,0x29,0x34,0x30,0x33,0x2D,0x28,0x00,0x30,0x29,0x32,
0x28,0x25,0x36,0x2D,0x33,0xE5,0xFF,0xF3,0x4F,0x24,0x29,0x36,0x33,0xCA,0xFD,0x1D,
0x29,0x2D,0x00,0x35,0x39,0x29,0x00,0x3A,0x33,0x27,0x29,0x00,0x29,0xFC,0x31,0x39,
0x2D,0x38,0x33,0x00,0x36,0x29,0x37,0x2D,0x37,0x38,0x29,0x32,0x38,0x29,0xE8,0x00,
0x31,0x25,0x37,0xFC,0x32,0x25,0x33,0x00,0x29,0x3C,0x25,0x2B,0x29,0x36,0x29,0xCA,
0xFD,0x1A,0x25,0x36,0x25,0x00,0x33,0x37,0x00,0x1C,0x29,0x34,0x30,0x33,0x2D,0x28,
0x37,0xE8,0xFC,0x32,0x33,0x37,0x37,0x33,0x37,0x00,0x27,0x33,0x36,0x34,0x33,0x37,
0xFC,0x37,0x25,0x33,0x00,0x38,0x39,0x28,0x33,0xE5,0xFD,0x1A,0x33,0x28,0x29,0x00,
0x37,0x33,0x25,0x36,0x00,0x29,0x37,0x38,0x36,0x25,0x32,0x2C,0x33,0xFC,0x3A,0x2D,
0x32,0x28,0x33,0x00,0x28,0x29,0x00,0x25,0x30,0x2B,0x39,0x29,0x31,0xFC,0x27,0x33,
0x31,0x33,0x00,0x29,0x39,0xE5,0xE5,0xE5,0xFF,0xF3,0x4F,0x12,0x31,0xCA,0xFD,0x1B,
0x39,0x29,0x00,0x2D,0x31,0x34,0x33,0x36,0x38,0x25,0x00,0x33,0x00,0x21,0x29,0x2D,
0x30,0xCA,0xFD,0x24,0x29,0x36,0x33,0xCA,0x00,0x1D,0x33,0x00,0x32,0x25,0x33,0xFC,
0x34,0x29,0x36,0x27,0x25,0x00,0x34,0x25,0x36,0x25,0x00,0x29,0x30,0x29,0xE8,0xFC,
0x27,0x33,0x31,0x26,0x2D,0x32,0x25,0x28,0x33,0xDD,0xFF,0xF3,0x4F,0x18,0x25,0x33,
0x00,0x3A,0x33,0x39,0x00,0x31,0x29,0xFC,0x37,0x39,0x26,0x31,0x29,0x38,0x29,0x36,
0x00,0x25,0x00,0x21,0x29,0x2D,0x30,0xE8,0xFC,0x31,0x29,0x37,0x31,0x33,0x00,0x35,
0x39,0x29,0x00,0x2B,0x33,0x3A,0x29,0x36,0x32,0x29,0xCA,0xFD,0x20,0x33,0x39,0x00,
0x3A,0x2D,0x3A,0x29,0x36,0x00,0x31,0x2D,0x32,0x2C,0x25,0xFC,0x3A,0x2D,0x28,0x25,
0x00,0x27,0x33,0x31,0x33,0x00,0x29,0x39,0x00,0x35,0x39,0x2D,0x37,0x29,0x36,0xCA,
0xFF,0xF3,0x4A,0x0B,0x00,0x34,0x25,0x39,0x37,0x25,0x00,0x32,0x33,0x37,0xFC,0x25,
0x38,0x25,0x35,0x39,0x29,0x37,0x00,0x28,0x29,0x00,0x18,0x29,0x33,0xFD,0x0B,0x36,
0x27,0x25,0x28,0x2D,0x25,0x00,0x31,0x29,0x00,0x2A,0x25,0x3E,0x2D,0x25,0xFC,0x37,
0x29,0x36,0x00,0x33,0x38,0x2D,0x31,0x2D,0x37,0x38,0x25,0xE5,0xE5,0xE5,0xFD,0x17,
0x25,0x37,0x00,0x34,0x25,0x36,0x29,0x27,0x29,0x00,0x35,0x39,0x29,0xFC,0x29,0x30,
0x29,0x37,0x00,0x29,0x37,0x38,0x25,0x33,0x00,0x29,0x31,0xFC,0x31,0x33,0x3A,0x2D,
0x31,0x29,0x32,0x38,0x33,0xE5,0xE5,0xE5,0xFD,0x1D,0x33,0x00,0x29,0x37,0x34,0x29,
0x36,0x33,0x00,0x35,0x39,0x29,0x00,0x32,0x25,0x33,0xFC,0x3A,0x29,0x32,0x2C,0x25,
0x31,0x00,0x25,0x38,0x29,0x00,0x25,0x35,0x39,0x2D,0xE5,0xE5,0xE5,0xFD,0x1A,0x25,
0x36,0x25,0x00,0x33,0x00,0x31,0x29,0x39,0xFC,0x38,0x36,0x25,0x26,0x25,0x30,0x2C,
0x33,0xE8,0x00,0x35,0x39,0x25,0x32,0x38,0x33,0xFC,0x31,0x25,0x2D,0x37,0x00,0x27,
0x25,0x30,0x31,0x25,0x37,0xFD,0x25,0x37,0x00,0x27,0x33,0x2D,0x37,0x25,0x37,0x00,
0x29,0x37,0x38,0x2D,0x3A,0x29,0x36,0x29,0x31,0xE8,0xFC,0x31,0x29,0x30,0x2C,0x33,
0x36,0xE5,0xFF,0xF3,0x4A,0x0B,0x2C,0xE8,0x00,0x37,0x2D,0x31,0xE5,0xE5,0xE5,0x00,
0x37,0x29,0x00,0x3A,0x33,0x27,0x29,0xFC,0x38,0x2D,0x3A,0x29,0x36,0x00,0x39,0x31,
0x00,0x34,0x33,0x39,0x27,0x33,0x00,0x28,0x29,0xFC,0x38,0x29,0x31,0x34,0x33,0xE8,
0xFD,0x3A,0x25,0x00,0x3A,0x2D,0x37,0x2D,0x38,0x25,0x36,0x00,0x33,0xFC,0x3A,0x29,
0x30,0x2C,0x33,0x00,0x0B,0x32,0x28,0x36,0x29,0x3B,0xE5,0xFD,0x0E,0x29,0x2D,0x3C,
0x29,0xD6,0x31,0x29,0x00,0x3A,0x29,0x36,0xE8,0x00,0x25,0x27,0x2C,0x33,0xFC,0x35,
0x39,0x29,0x00,0x29,0x30,0x29,0x00,0x29,0x37,0x38,0x25,0x00,0x32,0x33,0xFC,0x38,
0x29,0x36,0x27,0x29,0x2D,0x36,0x33,0x00,0x25,0x32,0x28,0x25,0x36,0xE5,0xFD,0x19,
0x2C,0xCA,0xFD,0x10,0x25,0x30,0x25,0x32,0x28,0x33,0x00,0x32,0x33,0x00,0x3A,0x29,
0x30,0x2C,0x33,0xFC,0x0B,0x32,0x28,0x36,0x29,0x3B,0xE8,0x00,0x25,0x27,0x25,0x26,
0x29,0x2D,0x00,0x28,0x29,0xFC,0x30,0x29,0x31,0x26,0x36,0x25,0x36,0x00,0x28,0x29,
0x00,0x25,0x30,0x2B,0x33,0xE5,0xE5,0xE5,0xFD,0x0F,0x37,0x38,0x29,0x00,0x28,0x2D,
0x37,0x27,0x33,0x00,0x34,0x29,0x36,0x38,0x29,0x32,0x27,0x29,0xFC,0x25,0x33,0x00,
0x3A,0x29,0x30,0x2C,0x33,0x00,0x0B,0x32,0x28,0x36,0x29,0x3B,0xE5,0xFC,0x17,0x25,
0x37,0x00,0x27,0x33,0x31,0x33,0x00,0x29,0x30,0x29,0x00,0x32,0x25,0x33,0x00,0x29,
0xFD,0x26,0x33,0x31,0x00,0x27,0x33,0x31,0x00,0x31,0x25,0x35,0x39,0x2D,0x32,0x25,
0x37,0xE8,0xFC,0x3A,0x25,0x00,0x29,0x31,0x00,0x2A,0x36,0x29,0x32,0x38,0x29,0xE8,
0xFC,0x34,0x29,0x2B,0x39,0x29,0xD6,0x33,0x00,0x34,0x25,0x36,0x25,0x00,0x3A,0x33,
0x27,0x29,0xE5,0xF5,0x09,0xFF,0xF3,0x4A,0x20,0x33,0x27,0x29,0x00,0x2E,0x25,0x00,
0x36,0x29,0x3A,0x2D,0x37,0x33,0x39,0xFC,0x33,0x00,0x35,0x39,0x29,0x00,0x38,0x29,
0x31,0x00,0x32,0x25,0x35,0x39,0x29,0x30,0x29,0xFC,0x28,0x2D,0x37,0x27,0x33,0xDD,
0xFD,0x20,0x29,0x2E,0x25,0x00,0x26,0x29,0x31,0xE8,0xFC,0x25,0x35,0x39,0x2D,0x30,
0x33,0x00,0x29,0x36,0x25,0x00,0x39,0x31,0xFD,0x27,0x25,0x36,0x38,0x25,0x33,0x00,
0x28,0x29,0x00,0x13,0x0E,0x00,0x28,0x29,0xFC,0x35,0x39,0x25,0x32,0x28,0x33,0x00,
0x33,0x00,0x3A,0x29,0x30,0x2C,0x33,0xFC,0x0B,0x32,0x28,0x36,0x29,0x3B,0x00,0x38,
0x36,0x25,0x26,0x25,0x30,0x2C,0x25,0x3A,0x25,0xFD,0x32,0x39,0x31,0x25,0x00,0x2A,
0x25,0x26,0x36,0x2D,0x27,0x25,0x00,0x28,0x29,0xFC,0x34,0x25,0x33,0xE5,0xFD,0x12,
0x31,0x31,0xE5,0xE5,0xE5,0x00,0x31,0x29,0x00,0x34,0x29,0x36,0x2B,0x39,0x32,0x38,
0x33,0xFC,0x35,0x39,0x25,0x33,0x00,0x2E,0x33,0x3A,0x29,0x31,0x00,0x29,0x30,0x29,
0xFC,0x29,0x36,0x25,0x00,0x32,0x25,0x00,0x29,0x34,0x33,0x27,0x25,0xE5,0xE5,0xE5,
0xFD,0x0F,0x00,0x39,0x31,0x00,0x3A,0x29,0x36,0x28,0x25,0x28,0x29,0x2D,0x36,0x33,
0xFC,0x29,0x32,0x2D,0x2B,0x31,0x25,0xE5,0xFF,0xF3,0x4A,0x10,0x2D,0x27,0x33,0x00,
0x2A,0x29,0x30,0x2D,0x3E,0x00,0x35,0x39,0x29,0x00,0x33,0xFC,0x1D,0x36,0xE5,0x00,
0x12,0x25,0x36,0x34,0x39,0x2D,0x25,0xFC,0x29,0x37,0x38,0x29,0x2E,0x25,0x00,0x31,
0x29,0x30,0x2C,0x33,0x36,0xE5,0xFD,0x1D,0x36,0xE5,0x00,0x24,0x29,0x36,0x33,0xE8,
0xFC,0x30,0x29,0x31,0x26,0x36,0x29,0xD6,0x37,0x29,0x00,0x28,0x29,0x00,0x37,0x29,
0xFC,0x27,0x39,0x2D,0x28,0x25,0x36,0x00,0x38,0x25,0x31,0x26,0x29,0x31,0xE5,0xFF,
0xF3,0x4A,0x19,0x2C,0xE8,0x00,0x1D,0x36,0xE5,0x00,0x24,0x29,0x36,0x33,0xE5,0xFC,
0x0B,0x27,0x2C,0x29,0x2D,0x00,0x29,0x37,0x38,0x29,0x00,0x28,0x2D,0x37,0x27,0x33,
0xFC,0x30,0x2D,0x31,0x34,0x25,0x32,0x28,0x33,0xE5,0xFD,0x18,0x25,0x33,0x00,0x31,
0x29,0x00,0x37,0x29,0x36,0x3A,0x2D,0x36,0x25,0xFC,0x31,0x39,0x2D,0x38,0x33,0xE8,
0x00,0x29,0x32,0x38,0x25,0x33,0xFC,0x34,0x29,0x2B,0x39,0x29,0xD6,0x33,0xE5,0xFD,
0x0B,0x35,0x39,0x2D,0x00,0x29,0x37,0x38,0x25,0xE5,0xF5,0x09,0xFF,0xF3,0x4A,0x1D,
0x36,0xE5,0x00,0x24,0x29,0x36,0x33,0xE8,0x00,0x32,0x25,0x33,0x00,0x37,0x29,0xFC,
0x29,0x37,0x2A,0x33,0x36,0x27,0x29,0x00,0x28,0x29,0x31,0x25,0x2D,0x37,0xE5,0xFD,
0x0F,0x39,0x00,0x25,0x2E,0x39,0x28,0x29,0x2D,0x00,0x31,0x39,0x2D,0x38,0x33,0x37,
0xFC,0x1C,0x29,0x34,0x30,0x33,0x2D,0x28,0x37,0x00,0x2A,0x29,0x36,0x2D,0x28,0x33,
0x37,0xE8,0xFC,0x31,0x25,0x37,0xE5,0xE5,0xE5,0xFD,0x1E,0x33,0x28,0x25,0x00,0x3A,
0x29,0x3E,0x00,0x35,0x39,0x29,0x00,0x29,0x39,0xFC,0x2A,0x25,0x27,0x33,0x00,0x2D,
0x37,0x37,0x33,0xE8,0x00,0x31,0x29,0x39,0xFC,0x27,0x33,0x36,0x25,0x27,0x25,0x33,
0x00,0x28,0x33,0x2D,0xE5,0xE5,0xE5,0xFD,0x0F,0x00,0x32,0x25,0x33,0x00,0x29,0x00,
0x39,0x31,0x25,0xFC,0x38,0x36,0x2D,0x37,0x38,0x29,0x3E,0x25,0x00,0x35,0x39,0x29,
0x00,0x28,0x29,0x37,0x25,0xD6,0xFC,0x34,0x25,0x36,0x29,0x27,0x29,0x00,0x27,0x33,
0x31,0x00,0x33,0x00,0x38,0x29,0x31,0x34,0x33,0xE5,0xFF,0xF3,0x58,0x0F,0x2D,0xE8,
0x00,0x24,0x29,0x36,0x33,0xCA,0xFD,0x20,0x33,0x27,0x29,0x00,0x2E,0x25,0x00,0x37,
0x33,0x39,0x26,0x29,0xDD,0xFD,0x0B,0x00,0x25,0x34,0x25,0x36,0x2D,0x27,0x25,0x33,
0x00,0x28,0x33,0xFC,0x19,0x31,0x29,0x2B,0x25,0xE8,0x00,0x35,0x39,0x29,0x00,0x38,
0x29,0x31,0x00,0x33,0xFC,0x31,0x29,0x37,0x31,0x33,0x00,0x37,0x2D,0x32,0x25,0x30,
0x00,0x35,0x39,0x29,0xFD,0x25,0x00,0x0E,0x25,0x36,0x2F,0x00,0x0F,0x30,0x2A,0xE8,
0xFC,0x27,0x25,0x39,0x37,0x33,0x39,0x00,0x39,0x31,0x25,0x00,0x2A,0x29,0x32,0x28,
0x25,0xFC,0x32,0x33,0x00,0x32,0x33,0x37,0x37,0x33,0x00,0x31,0x39,0x32,0x28,0x33,
0xE5,0xFD,0x0B,0x00,0x2A,0x29,0x32,0x28,0x25,0x00,0x37,0x29,0x00,0x27,0x2C,0x25,
0x31,0x25,0xFC,0x0D,0x3D,0x26,0x29,0x36,0x37,0x34,0x25,0x27,0x29,0xE5,0xFD,0x1F,
0x31,0x25,0x00,0x34,0x33,0x36,0x38,0x25,0xFC,0x31,0x2D,0x37,0x38,0x29,0x36,0x2D,
0x33,0x37,0x25,0x00,0x33,0xFC,0x27,0x33,0x32,0x29,0x27,0x38,0x25,0x00,0x27,0x33,
0x31,0xFC,0x33,0x00,0x31,0x39,0x32,0x28,0x33,0x00,0x36,0x29,0x25,0x30,0xE5,0xFD,
0x0E,0x29,0x32,0x38,0x36,0x33,0x00,0x28,0x33,0xFC,0x0D,0x3D,0x26,0x29,0x36,0x37,
0x34,0x25,0x27,0x29,0xE8,0x00,0x25,0x37,0xFC,0x2C,0x25,0x26,0x2D,0x30,0x2D,0x28,
0x25,0x28,0x29,0x37,0x00,0x28,0x33,0x37,0xFD,0x0D,0x3D,0x26,0x29,0x36,0xD6,0x29,
0x30,0x3A,0x29,0x37,0xFC,0x37,0x29,0x00,0x25,0x38,0x2D,0x3A,0x25,0x31,0xFC,0x25,
0x39,0x38,0x33,0x31,0x25,0x38,0x2D,0x27,0x25,0x31,0x29,0x32,0x38,0x29,0xE5,0xFF,
0xF3,0x58,0x0B,0x2C,0xE8,0x00,0x37,0x2D,0x31,0xE5,0xE5,0xE5,0xFC,0x1D,0x33,0x26,
0x36,0x29,0x00,0x33,0xFC,0x0D,0x3D,0x26,0x29,0x36,0x37,0x34,0x25,0x27,0x29,0xE5,
0xE5,0xE5,0xFD,0xF6,0x01,0x1B,0x39,0x29,0x36,0x00,0x37,0x25,0x26,0x29,0x36,0x00,
0x31,0x25,0x2D,0x37,0xDD,0xFC,0x00,0x00,0x1D,0x2D,0x31,0xFC,0x00,0x00,0x18,0x29,
0x31,0x00,0x38,0x25,0x32,0x38,0x33,0xE5,0xE5,0xE5,0xFD,0x0F,0x32,0x38,0x25,0x33,
0x00,0x28,0x29,0x2D,0x3C,0x29,0xD6,0x31,0x29,0xFC,0x29,0x3C,0x34,0x30,0x2D,0x27,
0x25,0x36,0xE5,0xFD,0x0B,0x30,0x2B,0x39,0x32,0x37,0x00,0x29,0x30,0x3A,0x29,0x37,
0x00,0x37,0x29,0xFC,0x25,0x38,0x2D,0x3A,0x25,0x31,0x00,0x35,0x39,0x25,0x32,0x28,
0x33,0x00,0x3A,0x33,0x27,0x29,0xFC,0x29,0x32,0x38,0x36,0x25,0x00,0x32,0x33,0x00,
0x0D,0x3D,0x26,0x29,0x36,0x37,0x34,0x25,0x27,0x29,0xE5,0xE5,0xE5,0xFD,0x17,0x25,
0x37,0x00,0x32,0x25,0x33,0x00,0x38,0x33,0x28,0x33,0x37,0xFC,0x2A,0x25,0x3E,0x29,
0x31,0x00,0x2D,0x37,0x37,0x33,0xE5,0xFD,0x0B,0x34,0x29,0x32,0x25,0x37,0x00,0x33,
0x37,0x00,0x29,0x30,0x3A,0x29,0x37,0xFC,0x27,0x33,0x31,0xF2,0x0B,0xF1,0x00,0x32,
0x33,0x00,0x27,0x25,0x32,0x38,0x33,0xFC,0x2D,0x32,0x2A,0x29,0x36,0x2D,0x33,0x36,
0x00,0x29,0x37,0x35,0x39,0x29,0x36,0x28,0x33,0xFD,0x28,0x33,0x00,0x2D,0x27,0x33,
0x32,0x29,0x00,0x37,0x29,0xFC,0x25,0x38,0x2D,0x3A,0x25,0x31,0xE5,0xFD,0x0F,0x30,
0x29,0x37,0x00,0x37,0x29,0x00,0x25,0x38,0x2D,0x3A,0x25,0x31,0xFC,0x31,0x29,0x37,
0x31,0x33,0x00,0x37,0x29,0x31,0x00,0x38,0x29,0x36,0xFC,0x27,0x36,0x29,0x37,0x27,
0x2D,0x28,0x33,0xE8,0x00,0x29,0xFC,0x38,0x25,0x31,0x26,0x29,0x31,0x00,0x32,0x25,
0x33,0x00,0x31,0x33,0x36,0x36,0x29,0x31,0xE5,0xFD,0x0B,0x30,0x29,0x31,0x00,0x28,
0x2D,0x37,0x37,0x33,0xE8,0xFC,0x32,0x25,0x33,0x00,0x2C,0x25,0x00,0x34,0x29,0x32,
0x25,0x30,0x2D,0x28,0x25,0x28,0x29,0xFC,0x34,0x33,0x36,0x00,0x39,0x37,0x25,0xD6,
0x30,0x33,0x37,0xCA,0xFD,0x17,0x25,0x37,0xE8,0x00,0x35,0x39,0x25,0x32,0x28,0x33,
0x00,0x3A,0x33,0x27,0x29,0xFC,0x29,0x32,0x38,0x36,0x25,0x00,0x32,0x33,0xFC,0x0D,
0x3D,0x26,0x29,0x36,0x37,0x34,0x25,0x27,0x29,0xE8,0x00,0x34,0x29,0x36,0x28,0x29,
0xFC,0x27,0x2D,0x32,0x27,0x33,0x00,0x34,0x33,0x32,0x38,0x33,0x37,0xFD,0x28,0x29,
0x00,0x31,0x2D,0x37,0x37,0x25,0x33,0xE5,0xFD,0x0B,0x30,0x29,0x31,0x00,0x28,0x2D,
0x37,0x37,0x33,0xE8,0x00,0x32,0x33,0xFC,0x0D,0x3D,0x26,0x29,0x36,0x37,0x34,0x25,
0x27,0x29,0x00,0x3A,0x33,0x27,0x29,0xFC,0x32,0x25,0x33,0x00,0x33,0x26,0x38,0x29,
0x31,0x00,0x0E,0x2D,0x37,0x27,0x33,0x37,0xFD,0x1D,0x29,0x27,0x36,0x29,0x38,0x33,
0x37,0x00,0x28,0x33,0x37,0xFC,0x2D,0x32,0x2D,0x31,0x2D,0x2B,0x33,0x37,0xE5,0xFD,
0x0F,0x00,0x3A,0x33,0x27,0x29,0x00,0x32,0x25,0x33,0x00,0x34,0x33,0x28,0x29,0xFC,
0x30,0x39,0x38,0x25,0x36,0x00,0x27,0x33,0x32,0x38,0x36,0x25,0xFC,0x27,0x2C,0x29,
0x2A,0x29,0x37,0x00,0x29,0x32,0x35,0x39,0x25,0x32,0x38,0x33,0xFC,0x27,0x33,0x32,
0x38,0x2D,0x32,0x39,0x25,0x36,0xFD,0x30,0x25,0x00,0x28,0x29,0x32,0x38,0x36,0x33,
0xCA,0xFE,0xF4,0x01,0x19,0x2C,0xE8,0x00,0x29,0x00,0x31,0x29,0x37,0x31,0x33,0xDD,
0xFD,0x1E,0x39,0x28,0x33,0x00,0x26,0x29,0x31,0xE8,0x00,0x37,0x29,0xFC,0x3A,0x33,
0x27,0x29,0x00,0x2E,0x25,0x00,0x37,0x25,0x26,0x2D,0x25,0xE5,0xFF,0xF3,0x58,0x0F,
0x2D,0xE8,0x00,0x24,0x29,0x36,0x33,0xCA,0xFD,0x20,0x33,0x27,0x29,0x00,0x2E,0x25,
0x00,0x37,0x33,0x39,0x26,0x29,0xDD,0xFD,0x19,0x00,0x0D,0x3D,0x26,0x29,0x36,0x37,
0x34,0x25,0x27,0x29,0xFC,0x29,0x00,0x39,0x31,0x00,0x38,0x29,0x36,0x36,0x2D,0x38,
0x33,0x36,0x2D,0x33,0xFC,0x38,0x33,0x38,0x25,0x30,0x31,0x29,0x32,0x38,0x29,0xFD,
0x28,0x29,0x37,0x27,0x33,0x32,0x2C,0x29,0x27,0x2D,0x28,0x33,0x00,0x34,0x25,0x36,
0x25,0xFC,0x32,0x33,0x37,0xE5,0xFD,0x1A,0x29,0x30,0x33,0x00,0x35,0x39,0x29,0x00,
0x37,0x25,0x26,0x29,0x31,0x33,0x37,0xE8,0xFC,0x33,0x37,0x00,0x29,0x37,0x34,0x2D,
0x36,0x2D,0x38,0x33,0x37,0x00,0x28,0x33,0x37,0xFC,0x31,0x33,0x36,0x38,0x33,0x37,
0x00,0x34,0x33,0x28,0x29,0x36,0x2D,0x25,0x31,0xFD,0x29,0x37,0x38,0x25,0x36,0x00,
0x30,0x25,0xE5,0xFD,0x12,0x29,0x00,0x2C,0x29,0x00,0x2C,0x29,0xE5,0xE5,0xE5,0xFC,
0x0F,0x00,0x26,0x36,0x2D,0x32,0x27,0x25,0x28,0x29,0x2D,0x36,0x25,0xE5,0xFD,0x17,
0x25,0x37,0x00,0x32,0x25,0x33,0x00,0x29,0x00,0x27,0x33,0x31,0x33,0xFC,0x37,0x29,
0x00,0x29,0x39,0x00,0x38,0x2D,0x3A,0x29,0x37,0x37,0x29,0xFC,0x27,0x2C,0x29,0x27,
0x25,0x28,0x33,0x00,0x27,0x25,0x28,0x25,0x00,0x27,0x25,0x32,0x38,0x33,0xFC,0x28,
0x33,0x00,0x0D,0x3D,0x26,0x29,0x36,0x37,0x34,0x25,0x27,0x29,0xE8,0xFD,0x29,0x32,
0x38,0x25,0x33,0x00,0x35,0x39,0x29,0x31,0x00,0x37,0x25,0x26,0x29,0xFC,0x33,0x00,
0x35,0x39,0x29,0x00,0x34,0x33,0x28,0x29,0x36,0x2D,0x25,0xFC,0x2C,0x25,0x3A,0x29,
0x36,0x00,0x30,0x25,0x00,0x28,0x29,0x32,0x38,0x36,0x33,0xE5,0xFF,0xF3,0x58,0x0F,
0x2D,0xE8,0x00,0x24,0x29,0x36,0x33,0xCA,0xFD,0x20,0x33,0x27,0x29,0x00,0x2E,0x25,
0x00,0x37,0x33,0x39,0x26,0x29,0xDD,0xFD,0x19,0x00,0x27,0x29,0x39,0x00,0x32,0x33,
0x38,0x39,0x36,0x32,0x33,0xFC,0x29,0x00,0x25,0x26,0x37,0x33,0x30,0x39,0x38,0x25,
0x31,0x29,0x32,0x38,0x29,0xFC,0x30,0x2D,0x32,0x28,0x33,0x00,0x25,0x35,0x39,0x2D,
0xE5,0xFD,0x0F,0x39,0x00,0x25,0x28,0x33,0x36,0x33,0xFC,0x29,0x37,0x27,0x36,0x29,
0x3A,0x29,0x36,0x00,0x34,0x33,0x29,0x31,0x25,0x37,0xFC,0x29,0x32,0x35,0x39,0x25,
0x32,0x38,0x33,0x00,0x27,0x33,0x32,0xD6,0xFC,0x38,0x29,0x31,0x34,0x30,0x33,0x00,
0x25,0x37,0x00,0x29,0x37,0x38,0x36,0x29,0x30,0x25,0x37,0xE5,0xFD,0xF6,0x01,0x1B,
0x39,0x29,0x36,0x00,0x33,0x39,0x3A,0x2D,0x36,0x00,0x39,0x31,0xDD,0xFC,0x00,0x00,
0x0D,0x30,0x25,0x36,0x33,0xFC,0x00,0x00,0x0F,0x2C,0xE8,0x00,0x32,0x25,0x33,0xE5,
0xE5,0xE5,0xFD,0x19,0x15,0xE8,0x00,0x25,0x35,0x39,0x2D,0x00,0x3A,0x25,0x2D,0xE5,
0xE5,0xE5,0xFD,0x0B,0x00,0x30,0x39,0x38,0x25,0x00,0x38,0x29,0x36,0x31,0x2D,0x32,
0x25,0xE5,0xFC,0x19,0x00,0x25,0x31,0x25,0x32,0x2C,0x25,0x00,0x34,0x36,0x33,0x31,
0x29,0x38,0x29,0xFC,0x25,0x00,0x34,0x25,0x3E,0xE5,0xFD,0x17,0x25,0x37,0x00,0x34,
0x25,0x36,0x25,0x00,0x25,0x35,0x39,0x29,0x30,0x29,0x37,0xFC,0x35,0x39,0x29,0x00,
0x27,0x25,0x29,0x31,0x00,0x29,0xFC,0x28,0x29,0x37,0x25,0x34,0x25,0x36,0x29,0x27,
0x29,0x31,0xFC,0x27,0x33,0x31,0x00,0x25,0x00,0x32,0x33,0x2D,0x38,0x29,0xE8,0xFD,
0x32,0x39,0x32,0x27,0x25,0x00,0x27,0x2C,0x29,0x2B,0x25,0x00,0x33,0xFC,0x25,0x31,
0x25,0x32,0x2C,0x29,0x27,0x29,0x36,0xE5,0xE5,0xE5,0xFD,0x19,0x00,0x35,0x39,0x29,
0x00,0x25,0x27,0x2C,0x25,0xDD,0xFC,0x17,0x39,0x2D,0x38,0x33,0x00,0x26,0x33,0x31,
0xE8,0xFC,0x32,0x25,0x33,0x00,0x25,0x27,0x2C,0x25,0xDD,0xFD,0x12,0x29,0x00,0x2C,
0x29,0x00,0x2C,0x29,0xE5,0xE5,0xE5,0xFC,0x0E,0x29,0x37,0x27,0x39,0x30,0x34,0x29,
0xE8,0xFC,0x28,0x29,0x37,0x27,0x39,0x30,0x34,0x29,0xE5,0xFD,0x18,0x25,0x33,0x00,
0x29,0x00,0x39,0x31,0x00,0x34,0x33,0x29,0x31,0x25,0xFC,0x35,0x39,0x29,0x00,0x29,
0x39,0x00,0x31,0x29,0x37,0x31,0x33,0x00,0x2A,0x2D,0x3E,0xE5,0xFD,0x20,0x29,0x31,
0x00,0x28,0x29,0x00,0x39,0x31,0xFC,0x38,0x29,0x3C,0x38,0x33,0x00,0x25,0x32,0x38,
0x2D,0x2B,0x33,0x00,0x35,0x39,0x29,0xFC,0x30,0x2D,0x00,0x2C,0x25,0x00,0x31,0x39,
0x2D,0x38,0x33,0xFC,0x38,0x29,0x31,0x34,0x33,0x00,0x25,0x38,0x36,0x25,0x37,0xE5,
0xFE,0xF4,0x01,0x0F,0x00,0x31,0x29,0x37,0x31,0x33,0xDD,0x00,0x0C,0x29,0x31,0xE5,
0xE5,0xE5,0xFC,0x0F,0x37,0x35,0x39,0x29,0x27,0x25,0x00,0x29,0x32,0x38,0x25,0x33,
0xE5,0xFF,0xF3,0x58,0x20,0x29,0x2D,0x33,0x00,0x33,0x39,0x3A,0x2D,0x36,0xFC,0x39,
0x31,0x00,0x34,0x33,0x29,0x31,0x25,0xDD,0xFD,0x12,0x31,0x31,0xE8,0x00,0x37,0x2D,
0x32,0x38,0x33,0xFC,0x31,0x39,0x2D,0x38,0x33,0xE5,0xFC,0x1D,0x2D,0x31,0x34,0x30,
0x29,0x37,0x31,0x29,0x32,0x38,0x29,0x00,0x32,0x25,0x33,0xFC,0x29,0x37,0x38,0x33,
0x39,0x00,0x27,0x33,0x31,0x00,0x25,0x32,0x2D,0x31,0x33,0xE5,0xFF,0xF3,0x58,0x0F,
0x2D,0xE8,0x00,0x24,0x29,0x36,0x33,0xCA,0xFD,0x0B,0x00,0x34,0x36,0x33,0x34,0x33,
0x37,0x2D,0x38,0x33,0xE8,0xFC,0x2E,0x25,0x00,0x30,0x29,0x31,0x26,0x36,0x33,0x39,
0x00,0x28,0x29,0xFC,0x37,0x39,0x25,0x37,0x00,0x3A,0x29,0x30,0x2C,0x25,0x37,0x00,
0x31,0x29,0x31,0x33,0x36,0x2D,0x25,0x37,0xDD,0xFD,0x14,0x25,0x00,0x2A,0x25,0x3E,
0x00,0x39,0x31,0xFC,0x38,0x29,0x31,0x34,0x33,0x00,0x28,0x29,0x37,0x28,0x29,0x00,
0x35,0x39,0x29,0x00,0x25,0xFC,0x0D,0x2D,0x29,0x30,0x00,0x38,0x29,0x00,0x25,0x27,
0x33,0x36,0x28,0x33,0x39,0xE8,0x00,0x29,0x32,0x38,0x25,0x33,0xFD,0x34,0x29,0x32,
0x37,0x29,0x2D,0x00,0x35,0x39,0x29,0xFC,0x28,0x29,0x34,0x33,0x2D,0x37,0x00,0x28,
0x29,0x00,0x38,0x25,0x32,0x38,0x25,0x37,0x00,0x27,0x33,0x32,0xD6,0xFC,0x3A,0x29,
0x36,0x37,0x25,0x37,0x00,0x3A,0x33,0x27,0x29,0x00,0x30,0x29,0x31,0x26,0x36,0x25,
0x36,0x2D,0x25,0xFC,0x25,0x30,0x2B,0x33,0xE5,0xFD,0xF6,0x00,0x1E,0x29,0x00,0x27,
0x33,0x30,0x33,0x27,0x33,0x00,0x25,0x00,0x34,0x36,0x33,0x3A,0x25,0xDD,0xFC,0x00,
0x00,0x0D,0x30,0x25,0x36,0x33,0xFC,0x00,0x00,0x18,0x25,0x33,0xE8,0x00,0x33,0x26,
0x36,0x2D,0x2B,0x25,0x28,0x33,0xE5,0xE5,0xE5,0xFD,0x20,0x33,0x39,0x00,0x38,0x29,
0x00,0x2A,0x25,0x3E,0x29,0x36,0x00,0x04,0xFC,0x34,0x29,0x36,0x2B,0x39,0x32,0x38,
0x25,0x37,0xE8,0xFC,0x19,0x15,0xDD,0xFD,0x0B,0x00,0x34,0x36,0x2D,0x31,0x29,0x2D,
0x36,0x25,0xFC,0x38,0x36,0x25,0x38,0x25,0x00,0x37,0x33,0x26,0x36,0x29,0x00,0x35,
0x39,0x25,0x32,0x28,0x33,0xFC,0x25,0x00,0x0D,0x2D,0x29,0x30,0x00,0x38,0x29,0x00,
0x28,0x29,0x37,0x27,0x33,0x26,0x36,0x2D,0x39,0xE5,0xFD,0x0B,0x00,0x0D,0x2D,0x29,
0x30,0x00,0x38,0x29,0x00,0x26,0x39,0x37,0x27,0x25,0x3A,0x25,0xFC,0x32,0x33,0x00,
0x37,0x39,0x26,0x37,0x33,0x30,0x33,0xE8,0x00,0x29,0x00,0x39,0x31,0xFC,0x1C,0x29,
0x34,0x30,0x33,0x2D,0x28,0x00,0x28,0x29,0x39,0x00,0x25,0xFC,0x37,0x39,0x25,0x00,
0x3A,0x2D,0x28,0x25,0xFD,0x34,0x36,0x33,0x38,0x29,0x2B,0x29,0x32,0x28,0x33,0xD6,
0x25,0xE5,0xFC,0x0B,0x00,0x34,0x29,0x36,0x2B,0x39,0x32,0x38,0x25,0x00,0x29,0xE5,
0xE5,0xE5,0xFD,0xF6,0x01,0x1B,0x39,0x25,0x30,0x00,0x29,0x36,0x25,0x00,0x33,0x00,
0x37,0x29,0x39,0x00,0x32,0x33,0x31,0x29,0xDD,0xFC,0x00,0x00,0x0D,0x33,0x30,0x26,
0x33,0x36,0xFC,0x00,0x00,0x17,0x2D,0x30,0x25,0x32,0xFD,0x19,0x15,0xE8,0x00,0x34,
0x36,0x33,0x3C,0x2D,0x31,0x25,0xCA,0xFD,0x1B,0x39,0x29,0x31,0x00,0x30,0x2D,0x28,
0x29,0x36,0x25,0x3A,0x25,0x00,0x25,0xFC,0x1C,0x29,0x37,0x2D,0x37,0x38,0x29,0x32,
0x27,0x2D,0x25,0x00,0x28,0x39,0x36,0x25,0x32,0x38,0x29,0x00,0xFC,0x25,0x00,0x25,
0x39,0x37,0x29,0x32,0x27,0x2D,0x25,0x00,0x28,0x25,0x00,0x0D,0x2D,0x29,0x30,0xDD,
0xFD,0xF6,0x02,0x20,0x33,0x27,0x29,0x00,0x30,0x29,0x31,0x26,0x36,0x25,0xDD,0xFC,
0x00,0x00,0x0F,0x30,0x34,0x2D,0x3E,0x33,0xFC,0x00,0x00,0x12,0x2D,0x26,0x33,0x39,
0xFD,0x19,0x15,0xE8,0x00,0x34,0x36,0x33,0x3C,0x2D,0x31,0x25,0xCA,0xFD,0x1B,0x39,
0x25,0x30,0x00,0x29,0x00,0x33,0x00,0x32,0x33,0x31,0x29,0x00,0x28,0x25,0xFC,0x2A,
0x30,0x33,0x36,0x29,0x37,0x38,0x25,0x00,0x35,0x39,0x29,0x00,0x12,0x3D,0x30,0x29,
0x2B,0xFC,0x19,0x39,0x36,0x33,0x26,0x33,0x27,0x2F,0x30,0x29,0x00,0x34,0x36,0x33,
0x38,0x29,0x2B,0x29,0x39,0xDD,0xFD,0xF6,0x03,0x20,0x33,0x27,0x29,0x00,0x30,0x29,
0x31,0x26,0x36,0x25,0xDD,0xFC,0x00,0x00,0x10,0x33,0x36,0x29,0x37,0x38,0x00,0x33,
0x2A,0x00,0x18,0x33,0x38,0x39,0x37,0xFC,0x00,0x00,0x10,0x33,0x36,0x29,0x37,0x38,
0x00,0x33,0x2A,0x00,0x0E,0x3D,0x37,0x2D,0x37,0xFD,0x1B,0x39,0x29,0x00,0x34,0x29,
0x32,0x25,0xE5,0xFC,0x18,0x25,0x33,0x00,0x34,0x33,0x37,0x37,0x33,0x00,0x38,0x29,
0x00,0x28,0x25,0x36,0xFC,0x32,0x25,0x28,0x25,0x00,0x34,0x33,0x36,0x35,0x39,0x29,
0xFC,0x3A,0x33,0x27,0x29,0x00,0x29,0x36,0x36,0x33,0x39,0xE5,0xE5,0xE5,0xFD,0x1E,
0x29,0x32,0x38,0x29,0x00,0x28,0x29,0x00,0x32,0x33,0x3A,0x33,0xFC,0x35,0x39,0x25,
0x32,0x28,0x33,0x00,0x35,0x39,0x2D,0x37,0x29,0x36,0xCA,0xFE,0xF4,0x00,0x12,0x31,
0xE8,0x00,0x37,0x29,0x39,0x37,0xFC,0x27,0x2D,0x36,0x27,0x39,0x2D,0x38,0x33,0x37,
0x00,0x28,0x29,0x00,0x31,0x29,0x31,0x33,0x36,0x2D,0x25,0xFC,0x25,0x2D,0x32,0x28,
0x25,0x00,0x28,0x29,0x3A,0x29,0x31,0xFC,0x29,0x37,0x38,0x25,0x36,0x00,0x2A,0x25,
0x30,0x2C,0x25,0x32,0x28,0x33,0xE5,0xFE,0xF4,0x01,0x19,0x15,0xE8,0x00,0x34,0x36,
0x33,0x3C,0x2D,0x31,0x25,0xCA,0xFD,0x1B,0x39,0x29,0x31,0x00,0x30,0x2D,0x28,0x29,
0x36,0x25,0x3A,0x25,0x00,0x25,0xFC,0x1C,0x29,0x37,0x2D,0x37,0x38,0x29,0x32,0x27,
0x2D,0x25,0x00,0x28,0x39,0x36,0x25,0x32,0x38,0x29,0x00,0xFC,0x25,0x00,0x25,0x39,
0x37,0x29,0x32,0x27,0x2D,0x25,0x00,0x28,0x25,0x00,0x0D,0x2D,0x29,0x30,0xDD,0xFD,
0xF6,0x04,0x20,0x33,0x27,0x29,0x00,0x30,0x29,0x31,0x26,0x36,0x25,0xDD,0xFC,0x00,
0x00,0x0F,0x30,0x34,0x2D,0x3E,0x33,0xFC,0x00,0x00,0x12,0x2D,0x26,0x33,0x39,0xFD,
0x19,0x15,0xE8,0x00,0x34,0x36,0x33,0x3C,0x2D,0x31,0x25,0xCA,0xFD,0x1B,0x39,0x25,
0x30,0x00,0x29,0x00,0x33,0x00,0x32,0x33,0x31,0x29,0x00,0x28,0x25,0xFC,0x2A,0x30,
0x33,0x36,0x29,0x37,0x38,0x25,0x00,0x35,0x39,0x29,0x00,0x12,0x3D,0x30,0x29,0x2B,
0xFC,0x19,0x39,0x36,0x33,0x26,0x33,0x27,0x2F,0x30,0x29,0x00,0x34,0x36,0x33,0x38,
0x29,0x2B,0x29,0x39,0xDD,0xFD,0xF6,0x05,0x20,0x33,0x27,0x29,0x00,0x30,0x29,0x31,
0x26,0x36,0x25,0xDD,0xFC,0x00,0x00,0x10,0x33,0x36,0x29,0x37,0x38,0x00,0x33,0x2A,
0x00,0x18,0x33,0x38,0x39,0x37,0xFC,0x00,0x00,0x10,0x33,0x36,0x29,0x37,0x38,0x00,
0x33,0x2A,0x00,0x0E,0x3D,0x37,0x2D,0x37,0xFD,0x1B,0x39,0x29,0x00,0x34,0x29,0x32,
0x25,0xE5,0xFC,0x18,0x25,0x33,0x00,0x34,0x33,0x37,0x37,0x33,0x00,0x38,0x29,0x00,
0x28,0x25,0x36,0xFC,0x32,0x25,0x28,0x25,0x00,0x34,0x33,0x36,0x35,0x39,0x29,0xFC,
0x3A,0x33,0x27,0x29,0x00,0x29,0x36,0x36,0x33,0x39,0xE5,0xE5,0xE5,0xFD,0x1E,0x29,
0x32,0x38,0x29,0x00,0x28,0x29,0x00,0x32,0x33,0x3A,0x33,0xFC,0x35,0x39,0x25,0x32,
0x28,0x33,0x00,0x35,0x39,0x2D,0x37,0x29,0x36,0xCA,0xFE,0xF4,0x03,0x1B,0x39,0x29,
0x00,0x34,0x29,0x32,0x25,0xE5,0xFC,0x18,0x25,0x33,0x00,0x34,0x33,0x37,0x37,0x33,
0x00,0x38,0x29,0x00,0x28,0x25,0x36,0xFC,0x32,0x25,0x28,0x25,0x00,0x34,0x33,0x36,
0x35,0x39,0x29,0xFC,0x3A,0x33,0x27,0x29,0x00,0x29,0x36,0x36,0x33,0x39,0xE5,0xE5,
0xE5,0xFD,0x1E,0x29,0x32,0x38,0x29,0x00,0x28,0x29,0x00,0x32,0x33,0x3A,0x33,0xFC,
0x35,0x39,0x25,0x32,0x28,0x33,0x00,0x35,0x39,0x2D,0x37,0x29,0x36,0xCA,0xFE,0xF4,
0x04,0x19,0x15,0xE8,0x00,0x34,0x36,0x33,0x3C,0x2D,0x31,0x25,0xCA,0xFD,0x1B,0x39,
0x25,0x30,0x00,0x29,0x00,0x33,0x00,0x32,0x33,0x31,0x29,0x00,0x28,0x25,0xFC,0x2A,
0x30,0x33,0x36,0x29,0x37,0x38,0x25,0x00,0x35,0x39,0x29,0x00,0x12,0x3D,0x30,0x29,
0x2B,0xFC,0x19,0x39,0x36,0x33,0x26,0x33,0x27,0x2F,0x30,0x29,0x00,0x34,0x36,0x33,
0x38,0x29,0x2B,0x29,0x39,0xDD,0xFD,0xF6,0x06,0x20,0x33,0x27,0x29,0x00,0x30,0x29,
0x31,0x26,0x36,0x25,0xDD,0xFC,0x00,0x00,0x10,0x33,0x36,0x29,0x37,0x38,0x00,0x33,
0x2A,0x00,0x18,0x33,0x38,0x39,0x37,0xFC,0x00,0x00,0x10,0x33,0x36,0x29,0x37,0x38,
0x00,0x33,0x2A,0x00,0x0E,0x3D,0x37,0x2D,0x37,0xFD,0x1B,0x39,0x29,0x00,0x34,0x29,
0x32,0x25,0xE5,0xFC,0x18,0x25,0x33,0x00,0x34,0x33,0x37,0x37,0x33,0x00,0x38,0x29,
0x00,0x28,0x25,0x36,0xFC,0x32,0x25,0x28,0x25,0x00,0x34,0x33,0x36,0x35,0x39,0x29,
0xFC,0x3A,0x33,0x27,0x29,0x00,0x29,0x36,0x36,0x33,0x39,0xE5,0xE5,0xE5,0xFD,0x1E,
0x29,0x32,0x38,0x29,0x00,0x28,0x29,0x00,0x32,0x33,0x3A,0x33,0xFC,0x35,0x39,0x25,
0x32,0x28,0x33,0x00,0x35,0x39,0x2D,0x37,0x29,0x36,0xCA,0xFE,0xF4,0x05,0x1F,0x25,
0x39,0xE8,0x00,0x2D,0x32,0x27,0x36,0x2D,0x3A,0x29,0x30,0xCA,0xCA,0xFC,0x1E,0x39,
0x28,0x33,0x00,0x27,0x29,0x36,0x38,0x33,0xCA,0xFD,0x0D,0x29,0x36,0x38,0x33,0xCA,
0x00,0x20,0x33,0x39,0x00,0x38,0x29,0xFC,0x28,0x25,0x36,0x00,0x2D,0x37,0x38,0x33,
0xE5,0xFC,0x1F,0x37,0x29,0xD6,0x33,0x00,0x26,0x29,0x31,0xCA,0xF5,0x09,0xFE,0xF4,
0x06,0x1B,0x39,0x29,0x00,0x34,0x29,0x32,0x25,0xE5,0xFC,0x18,0x25,0x33,0x00,0x34,
0x33,0x37,0x37,0x33,0x00,0x38,0x29,0x00,0x28,0x25,0x36,0xFC,0x32,0x25,0x28,0x25,
0x00,0x34,0x33,0x36,0x35,0x39,0x29,0xFC,0x3A,0x33,0x27,0x29,0x00,0x29,0x36,0x36,
0x33,0x39,0xE5,0xE5,0xE5,0xFD,0x1E,0x29,0x32,0x38,0x29,0x00,0x28,0x29,0x00,0x32,
0x33,0x3A,0x33,0xFC,0x35,0x39,0x25,0x32,0x28,0x33,0x00,0x35,0x39,0x2D,0x37,0x29,
0x36,0xCA,0xFE,0xF4,0x02,0x19,0x15,0xE8,0x00,0x34,0x36,0x33,0x3C,0x2D,0x31,0x25,
0xCA,0xFD,0x1B,0x39,0x25,0x30,0x00,0x29,0x00,0x33,0x00,0x32,0x33,0x31,0x29,0x00,
0x28,0x25,0xFC,0x2A,0x30,0x33,0x36,0x29,0x37,0x38,0x25,0x00,0x35,0x39,0x29,0x00,
0x12,0x3D,0x30,0x29,0x2B,0xFC,0x19,0x39,0x36,0x33,0x26,0x33,0x27,0x2F,0x30,0x29,
0x00,0x34,0x36,0x33,0x38,0x29,0x2B,0x29,0x39,0xDD,0xFD,0xF6,0x07,0x20,0x33,0x27,
0x29,0x00,0x30,0x29,0x31,0x26,0x36,0x25,0xDD,0xFC,0x00,0x00,0x10,0x33,0x36,0x29,
0x37,0x38,0x00,0x33,0x2A,0x00,0x18,0x33,0x38,0x39,0x37,0xFC,0x00,0x00,0x10,0x33,
0x36,0x29,0x37,0x38,0x00,0x33,0x2A,0x00,0x0E,0x3D,0x37,0x2D,0x37,0xFD,0x1B,0x39,
0x29,0x00,0x34,0x29,0x32,0x25,0xE5,0xFC,0x18,0x25,0x33,0x00,0x34,0x33,0x37,0x37,
0x33,0x00,0x38,0x29,0x00,0x28,0x25,0x36,0xFC,0x32,0x25,0x28,0x25,0x00,0x34,0x33,
0x36,0x35,0x39,0x29,0xFC,0x3A,0x33,0x27,0x29,0x00,0x29,0x36,0x36,0x33,0x39,0xE5,
0xE5,0xE5,0xFD,0x1E,0x29,0x32,0x38,0x29,0x00,0x28,0x29,0x00,0x32,0x33,0x3A,0x33,
0xFC,0x35,0x39,0x25,0x32,0x28,0x33,0x00,0x35,0x39,0x2D,0x37,0x29,0x36,0xCA,0xFE,
0xF6,0x08,0x20,0x33,0x27,0x29,0x00,0x30,0x29,0x31,0x26,0x36,0x25,0xDD,0xFC,0x00,
0x00,0x10,0x33,0x36,0x29,0x37,0x38,0x00,0x33,0x2A,0x00,0x18,0x33,0x38,0x39,0x37,
0xFC,0x00,0x00,0x10,0x33,0x36,0x29,0x37,0x38,0x00,0x33,0x2A,0x00,0x0E,0x3D,0x37,
0x2D,0x37,0xFD,0xF4,0x07,0x1B,0x39,0x29,0x00,0x34,0x29,0x32,0x25,0xE5,0xFC,0x18,
0x25,0x33,0x00,0x34,0x33,0x37,0x37,0x33,0x00,0x38,0x29,0x00,0x28,0x25,0x36,0xFC,
0x32,0x25,0x28,0x25,0x00,0x34,0x33,0x36,0x35,0x39,0x29,0xFC,0x3A,0x33,0x27,0x29,
0x00,0x29,0x36,0x36,0x33,0x39,0xE5,0xE5,0xE5,0xFD,0x1E,0x29,0x32,0x38,0x29,0x00,
0x28,0x29,0x00,0x32,0x33,0x3A,0x33,0xFC,0x35,0x39,0x25,0x32,0x28,0x33,0x00,0x35,
0x39,0x2D,0x37,0x29,0x36,0xCA,0xFE,0xF4,0x08,0x1B,0x39,0x29,0x00,0x34,0x29,0x32,
0x25,0xE5,0xFC,0x18,0x25,0x33,0x00,0x34,0x33,0x37,0x37,0x33,0x00,0x38,0x29,0x00,
0x28,0x25,0x36,0xFC,0x32,0x25,0x28,0x25,0x00,0x34,0x33,0x36,0x35,0x39,0x29,0xFC,
0x3A,0x33,0x27,0x29,0x00,0x29,0x36,0x36,0x33,0x39,0xE5,0xE5,0xE5,0xFD,0x1E,0x29,
0x32,0x38,0x29,0x00,0x28,0x29,0x00,0x32,0x33,0x3A,0x33,0xFC,0x35,0x39,0x25,0x32,
0x28,0x33,0x00,0x35,0x39,0x2D,0x37,0x29,0x36,0xCA,0xFF,0xF3,0x58,0x24,0x29,0x36,
0x33,0xCA,0xFD,0x0F,0x39,0x00,0x37,0x25,0x26,0x2D,0x25,0xCA,0xFD,0x1D,0x29,0x2D,
0x00,0x35,0x39,0x29,0x00,0x34,0x33,0x28,0x29,0xFC,0x37,0x39,0x34,0x29,0x36,0x25,
0x36,0x00,0x35,0x39,0x25,0x30,0x35,0x39,0x29,0x36,0xFC,0x33,0x26,0x37,0x38,0x25,
0x27,0x39,0x30,0x33,0xE8,0xFD,0x32,0x25,0x33,0x00,0x2D,0x31,0x34,0x33,0x36,0x38,
0x25,0xFC,0x33,0x00,0x35,0x39,0x25,0x33,0x00,0x25,0x30,0x38,0x33,0xFC,0x29,0x30,
0x29,0x00,0x37,0x29,0x2E,0x25,0xCA,0xFF,0xF3,0x57,0x0F,0x2D,0xE8,0x00,0x29,0x2D,
0xCA,0x00,0x0D,0x33,0x31,0x33,0x00,0x3A,0x25,0x2D,0xFC,0x33,0x00,0x2B,0x25,0x36,
0x33,0x38,0x33,0x00,0x32,0x33,0x3A,0x33,0xDD,0xFD,0x19,0x2C,0xE8,0x00,0x28,0x29,
0x37,0x27,0x39,0x30,0x34,0x29,0xCA,0xFD,0x18,0x25,0x33,0x00,0x34,0x33,0x37,0x37,
0x33,0xFC,0x27,0x33,0x32,0x38,0x2D,0x32,0x39,0x25,0x36,0x00,0x27,0x2C,0x25,0x31,
0x25,0x32,0x28,0x33,0xFC,0x28,0x29,0x00,0xE9,0x2B,0x25,0x36,0x33,0x38,0x33,0x00,
0x32,0x33,0x3A,0x33,0xE9,0x00,0x33,0x00,0xFD,0x1C,0x29,0x34,0x30,0x33,0x2D,0x28,
0x00,0x30,0x29,0x32,0x28,0x25,0x36,0x2D,0x33,0xE5,0xFD,0x0E,0x29,0x37,0x28,0x29,
0x00,0x35,0x39,0x29,0x00,0x0F,0x30,0x34,0x2D,0x3E,0x33,0x00,0x37,0x29,0xFC,0x2A,
0x33,0x2D,0x00,0x28,0x25,0x35,0x39,0x2D,0xE8,0x00,0x38,0x39,0x28,0x33,0x00,0x38,
0x29,0x31,0xFC,0x37,0x2D,0x28,0x33,0x00,0x38,0x25,0x33,0x00,0x27,0x2C,0x25,0x38,
0x33,0xE5,0xFD,0x18,0x2D,0x32,0x2B,0x39,0x29,0x31,0x00,0x36,0x29,0x27,0x30,0x25,
0x31,0x25,0xFC,0x35,0x39,0x25,0x32,0x28,0x33,0x00,0x29,0x39,0x00,0x2A,0x25,0x30,
0x38,0x33,0xFC,0x25,0x33,0x00,0x38,0x36,0x25,0x26,0x25,0x30,0x2C,0x33,0xE8,0xFD,
0x29,0x00,0x2E,0x25,0x00,0x32,0x25,0x33,0x00,0x38,0x29,0x32,0x2C,0x33,0xFC,0x2C,
0x2D,0x37,0x38,0x33,0x36,0x2D,0x25,0x37,0x00,0x34,0x25,0x36,0x25,0xFC,0x27,0x33,
0x32,0x38,0x25,0x36,0xE5,0xFD,0x18,0x25,0x33,0x00,0x2C,0x25,0x00,0x31,0x25,0x2D,
0x37,0xFC,0x32,0x25,0x28,0x25,0x00,0x29,0x31,0x33,0x27,0x2D,0x33,0x32,0x25,0x32,
0x38,0x29,0xE5,0xFF,0xF3,0x57,0x1A,0x29,0x2B,0x33,0x39,0x00,0x33,0x00,0x28,0x2D,
0x37,0x27,0x33,0xFC,0x35,0x39,0x29,0x00,0x29,0x37,0x38,0x25,0x3A,0x25,0x00,0x25,
0x30,0x2D,0xDD,0xFD,0x0F,0x37,0x37,0x29,0x00,0x28,0x2D,0x37,0x27,0x33,0x00,0x29,
0xFC,0x35,0x39,0x25,0x37,0x29,0x00,0x25,0x34,0x29,0x32,0x25,0x37,0xFC,0x31,0x29,
0x39,0x00,0x34,0x29,0x36,0x2A,0x2D,0x30,0x00,0x34,0x29,0x37,0x37,0x33,0x25,0x30,
0xE5,0xFD,0x17,0x29,0x00,0x34,0x29,0x36,0x2B,0x39,0x32,0x38,0x33,0x00,0x33,0x00,
0x35,0x39,0x29,0xFC,0x38,0x29,0x36,0x2D,0x25,0x00,0x30,0x29,0x3A,0x25,0x28,0x33,
0xFC,0x25,0x30,0x2B,0x39,0x29,0x31,0x00,0x25,0xFD,0x29,0x37,0x27,0x36,0x29,0x3A,
0x29,0x36,0xFC,0x37,0x33,0x26,0x36,0x29,0x00,0x31,0x2D,0x31,0xE5,0xE5,0xE5,0xFD,
0x0F,0x00,0x26,0x25,0x37,0x38,0x25,0x32,0x38,0x29,0xFC,0x29,0x3C,0x25,0x38,0x33,
0xE8,0x00,0x31,0x25,0x37,0xFC,0x27,0x29,0x36,0x38,0x29,0x3E,0x25,0x00,0x35,0x39,
0x29,0x00,0x38,0x29,0x31,0xFD,0x25,0x30,0x2B,0x33,0x00,0x31,0x25,0x2D,0x37,0xFC,
0x2D,0x32,0x38,0x29,0x36,0x29,0x37,0x37,0x25,0x32,0x38,0x29,0x00,0x37,0x33,0x26,
0x36,0x29,0xFC,0x33,0x00,0x35,0x39,0x29,0x00,0x29,0x37,0x27,0x36,0x29,0x3A,0x29,
0x36,0xE5,0xFF,0xF3,0x57,0x19,0x30,0x25,0xE8,0x00,0x32,0x33,0x3A,0x25,0x38,0x33,
0xCA,0xFC,0x1B,0x39,0x29,0x36,0x33,0x00,0x28,0x2D,0x3E,0x29,0x36,0xE8,0xFC,0x37,
0x25,0x39,0x28,0x25,0x27,0x33,0x29,0x37,0xE8,0xFD,0x33,0x2C,0x00,0x1C,0x29,0x34,
0x30,0x33,0x2D,0x28,0xFC,0x30,0x29,0x32,0x28,0x25,0x36,0x2D,0x33,0xCA,0xFD,0x12,
0x29,0x00,0x2C,0x29,0xE5,0xFC,0x19,0x39,0x3A,0x2D,0x00,0x39,0x31,0x00,0x26,0x33,
0x25,0x38,0x33,0xFC,0x28,0x29,0x00,0x35,0x39,0x29,0xE5,0xE5,0xE5,0xFD,0x12,0x25,
0x36,0x34,0x39,0x2D,0x25,0x00,0x29,0x37,0x38,0x25,0xFC,0x2A,0x29,0x36,0x2D,0x28,
0x33,0x00,0x29,0xFC,0x28,0x33,0x36,0x31,0x2D,0x32,0x28,0x33,0x00,0x32,0x25,0xFD,
0x37,0x25,0x30,0x25,0x00,0x28,0x29,0xFC,0x31,0x25,0x32,0x39,0x38,0x29,0x32,0x27,
0x25,0x33,0xE5,0xFD,0x13,0x37,0x37,0x33,0x00,0x29,0x00,0x3A,0x29,0x36,0x28,0x25,
0x28,0x29,0xDD,0xFD,0x0B,0x2B,0x33,0x36,0x25,0x00,0x37,0x29,0x36,0x2D,0x25,0x00,
0x25,0xFC,0x33,0x34,0x33,0x36,0x38,0x39,0x32,0x2D,0x28,0x25,0x28,0x29,0x00,0x28,
0x29,0x00,0x38,0x29,0x36,0xD6,0xFC,0x31,0x2D,0x32,0x25,0x36,0x00,0x27,0x33,0x31,
0x00,0x12,0x25,0x36,0x34,0x39,0x2D,0x25,0xE8,0xFD,0x32,0x25,0x33,0x00,0x25,0x27,
0x2C,0x25,0xDD,0xFD,0x0C,0x29,0x31,0xE8,0x00,0x37,0x29,0x2D,0x00,0x35,0x39,0x29,
0xFC,0x3A,0x33,0x27,0x29,0x00,0x32,0x25,0x33,0x00,0x2B,0x33,0x37,0x38,0x25,0x00,
0x28,0x29,0xFC,0x38,0x25,0x38,0x2D,0x27,0x25,0x37,0x00,0x28,0x29,0x37,0x33,0x32,
0x29,0x37,0x38,0x25,0x37,0xE5,0xFD,0x18,0x25,0x33,0x00,0x2A,0x2D,0x35,0x39,0x29,
0x00,0x26,0x36,0x25,0x3A,0x33,0xFC,0x27,0x33,0x31,0x2D,0x2B,0x33,0xE8,0x00,0x29,
0x36,0x25,0x00,0x37,0x33,0xFC,0x39,0x31,0x25,0x00,0x37,0x39,0x2B,0x29,0x37,0x38,
0x25,0x33,0xE5,0xFF,0xF3,0x57,0x0F,0x32,0x38,0x25,0x33,0x00,0x29,0x39,0x00,0x33,
0x39,0x3A,0x2D,0x00,0x35,0x39,0x29,0x00,0x25,0xFC,0x37,0x25,0x30,0x25,0x00,0x28,
0x33,0x00,0x12,0x25,0x36,0x34,0x39,0x2D,0x25,0xFC,0x29,0x37,0x38,0x25,0x00,0x38,
0x36,0x25,0x32,0x27,0x25,0x28,0x25,0xE8,0x00,0x29,0x2C,0xDD,0xFD,0x18,0x25,0x33,
0x00,0x34,0x33,0x37,0x37,0x33,0x00,0x28,0x25,0x36,0xFC,0x39,0x31,0x25,0x00,0x33,
0x30,0x2C,0x25,0x28,0x25,0x00,0x30,0x25,0xFC,0x28,0x29,0x32,0x38,0x36,0x33,0xDD,
0xFD,0x12,0x29,0x00,0x2C,0x29,0xE5,0xE5,0xE5,0x00,0x18,0x25,0x33,0x00,0x29,0xFC,
0x38,0x33,0x28,0x33,0x00,0x28,0x2D,0x25,0x00,0x35,0x39,0x29,0x00,0x39,0x31,0x00,
0x3A,0x29,0x30,0x2C,0x33,0xFC,0x1C,0x29,0x34,0x30,0x33,0x2D,0x28,0x00,0x27,0x33,
0x31,0x33,0x00,0x29,0x39,0xFD,0x34,0x33,0x28,0x29,0x00,0x3A,0x29,0x36,0x00,0x25,
0x30,0x2B,0x39,0x29,0x31,0xFC,0x29,0x37,0x34,0x29,0x27,0x2D,0x25,0x30,0xE8,0x00,
0x37,0x25,0x26,0x29,0xE5,0xE5,0xE5,0xDD,0xFF,0xF3,0x57,0x17,0x29,0x37,0x31,0x33,
0x00,0x37,0x29,0x00,0x33,0xFC,0x0E,0x36,0xE5,0x00,0x21,0x29,0x2D,0x30,0x00,0x38,
0x33,0x31,0x25,0x37,0x37,0x29,0xFC,0x33,0x00,0x27,0x33,0x32,0x38,0x36,0x33,0x30,
0x29,0x00,0x28,0x33,0xFC,0x31,0x39,0x32,0x28,0x33,0xE5,0xE5,0xE5,0xFD,0x17,0x29,
0x37,0x31,0x33,0x00,0x37,0x29,0x00,0x25,0xFC,0x31,0x2D,0x32,0x2C,0x25,0x00,0x34,
0x33,0x26,0x36,0x29,0xFC,0x3A,0x2D,0x28,0x25,0x00,0x38,0x29,0x36,0x31,0x2D,0x32,
0x25,0x37,0x37,0x29,0xE5,0xE5,0xE5,0xFD,0x0B,0x38,0x29,0x00,0x29,0x37,0x37,0x29,
0xFC,0x39,0x30,0x38,0x2D,0x31,0x33,0x00,0x31,0x33,0x31,0x29,0x32,0x38,0x33,0xE8,
0xFC,0x3A,0x33,0x39,0x00,0x27,0x33,0x32,0x38,0x2D,0x32,0x39,0x25,0x36,0xFC,0x25,
0x27,0x36,0x29,0x28,0x2D,0x38,0x25,0x32,0x28,0x33,0x00,0x29,0x31,0x00,0x3A,0x33,
0x27,0x29,0xE5,0xFD,0x18,0x25,0x33,0x00,0x29,0xFC,0x26,0x36,0x2D,0x32,0x27,0x25,
0x28,0x29,0x2D,0x36,0x25,0x00,0x35,0x39,0x25,0x32,0x28,0x33,0xFC,0x29,0x39,0x00,
0x38,0x29,0x00,0x27,0x2C,0x25,0x31,0x33,0x00,0x28,0x29,0xFC,0xE9,0x1C,0x29,0x34,
0x30,0x33,0x2D,0x28,0x00,0x30,0x29,0x32,0x28,0x25,0x36,0x2D,0x33,0xE9,0xE5,0xFD,
0x12,0x29,0x00,0x2C,0x29,0xE5,0xE5,0xE5,0x00,0x25,0x34,0x33,0x37,0x38,0x33,0xFC,
0x35,0x39,0x29,0x00,0x32,0x25,0x33,0x00,0x29,0x37,0x34,0x29,0x36,0x25,0x3A,0x25,
0xFC,0x35,0x39,0x29,0x00,0x29,0x39,0x00,0x28,0x2D,0x37,0x37,0x29,0x37,0x37,0x29,
0xFC,0x2D,0x37,0x37,0x33,0xE8,0x00,0x29,0x2C,0xDD,0xFD,0x0C,0x29,0x31,0xE8,0x00,
0x29,0x37,0x35,0x39,0x29,0x27,0x25,0xFC,0x35,0x39,0x29,0x00,0x29,0x39,0x00,0x2A,
0x25,0x30,0x29,0x2D,0xCA,0xFF,0xF3,0x57,0x0E,0x36,0xE5,0x00,0x21,0x29,0x2D,0x30,
0xE8,0x00,0x2C,0x39,0x2C,0xE5,0xE5,0xE5,0xFD,0x18,0x33,0x37,0x37,0x25,0xE8,0x00,
0x39,0x31,0xFC,0x27,0x25,0x36,0x25,0x00,0x26,0x29,0x31,0xFC,0x28,0x29,0x37,0x25,
0x2B,0x36,0x25,0x28,0x25,0x3A,0x29,0x30,0xE8,0xFC,0x29,0x39,0x00,0x28,0x2D,0x36,
0x2D,0x25,0xE5,0xFD,0x0B,0x35,0x39,0x29,0x30,0x25,0x00,0x36,0x2D,0x37,0x25,0x28,
0x25,0xFC,0x28,0x29,0x30,0x29,0x00,0x31,0x29,0x00,0x28,0x25,0xFC,0x27,0x25,0x30,
0x25,0x2A,0x36,0x2D,0x33,0x37,0xCA,0xFF,0xF3,0x4C,0x17,0x39,0x2D,0x38,0x33,0x00,
0x34,0x36,0x25,0x3E,0x29,0x36,0xE8,0x00,0x31,0x29,0x39,0xFC,0x32,0x33,0x31,0x29,
0x00,0x29,0x00,0x1A,0x29,0x36,0x36,0x33,0x35,0x39,0x2D,0x29,0x38,0xE5,0xFD,0x19,
0x2C,0xE8,0x00,0x29,0x00,0x33,0x00,0x1D,0x36,0xE5,0x00,0x24,0x29,0x36,0x33,0xCA,
0xFD,0x0E,0x29,0x37,0x27,0x39,0x30,0x34,0x29,0x00,0x34,0x33,0x36,0x00,0x2D,0x37,
0x37,0x33,0xE5,0xFC,0x1E,0x29,0x32,0x2C,0x33,0x00,0x25,0x00,0x3A,0x2D,0x37,0x38,
0x25,0x00,0x36,0x39,0x2D,0x31,0xE5,0xFD,0x17,0x25,0x37,0x00,0x28,0x29,0x2D,0x3C,
0x25,0x32,0x28,0x33,0xFC,0x2D,0x37,0x37,0x33,0x00,0x28,0x29,0x00,0x30,0x25,0x28,
0x33,0xE8,0x00,0x25,0xFC,0x34,0x29,0x37,0x35,0x39,0x2D,0x37,0x25,0x00,0x28,0x25,
0xFD,0x1D,0x36,0x38,0x25,0xE5,0x00,0x0D,0x2D,0x29,0x30,0x00,0x29,0xFC,0x2D,0x32,
0x27,0x36,0x2D,0x3A,0x29,0x30,0xE5,0xFD,0x17,0x29,0x37,0x31,0x33,0x00,0x35,0x39,
0x29,0xFC,0x25,0x2D,0x32,0x28,0x25,0x00,0x29,0x37,0x38,0x29,0x2E,0x25,0xFC,0x2D,
0x32,0x27,0x33,0x31,0x34,0x30,0x29,0x38,0x25,0xE8,0x00,0x25,0x27,0x2C,0x33,0xFC,
0x35,0x39,0x29,0x00,0x33,0x00,0x31,0x2D,0x30,0x25,0x2B,0x36,0x29,0x00,0x28,0x29,
0xFD,0x33,0x37,0x00,0x0D,0x3D,0x26,0x29,0x36,0xD6,0x29,0x30,0x3A,0x29,0x37,0xFC,
0x2D,0x31,0x33,0x36,0x38,0x25,0x2D,0x37,0xFC,0x28,0x29,0x31,0x33,0x32,0x37,0x38,
0x36,0x25,0x31,0xFD,0x33,0x37,0x00,0x2A,0x36,0x39,0x38,0x33,0x37,0x00,0x28,0x33,
0xFC,0x37,0x29,0x39,0x00,0x38,0x36,0x25,0x26,0x25,0x30,0x2C,0x33,0xE5,0xFF,0xF3,
0x4C,0x1D,0x33,0x26,0x36,0x29,0x00,0x33,0x37,0xFC,0x0D,0x3D,0x26,0x29,0x36,0xD6,
0x29,0x30,0x3A,0x29,0x37,0xE5,0xE5,0xE5,0xFD,0xF6,0x01,0x1B,0x39,0x29,0x36,0x00,
0x37,0x25,0x26,0x29,0x36,0x00,0x31,0x25,0x2D,0x37,0xDD,0xFC,0x00,0x00,0x0D,0x30,
0x25,0x36,0x33,0xFC,0x00,0x00,0x18,0x25,0x33,0xE8,0x00,0x33,0x26,0x36,0x2D,0x2B,
0x25,0x28,0x33,0xE5,0xE5,0xE5,0xFD,0x0B,0x00,0x34,0x29,0x37,0x35,0x39,0x2D,0x37,
0x25,0x00,0x28,0x25,0xFC,0x1D,0x36,0x38,0x25,0xE5,0x00,0x0D,0x2D,0x29,0x30,0x00,
0x28,0x2D,0x3E,0xFD,0x35,0x39,0x29,0x00,0x29,0x3C,0x2D,0x37,0x38,0x29,0x31,0xFC,
0x03,0x00,0x38,0x2D,0x34,0x33,0x37,0x00,0x28,0x29,0x00,0x29,0x30,0x3A,0x29,0x37,
0xD9,0xFD,0x10,0x39,0x37,0x2D,0x33,0x32,0x00,0x0F,0x30,0x3A,0x29,0x37,0x00,0x29,
0xFC,0x1D,0x25,0x38,0x29,0x30,0x30,0x2D,0x38,0x29,0x00,0x0F,0x30,0x3A,0x29,0x37,
0xE5,0xFD,0x19,0x37,0x00,0x10,0x39,0x37,0x2D,0x33,0x32,0x00,0x0F,0x30,0x3A,0x29,
0x37,0xFC,0x28,0x29,0x37,0x25,0x34,0x25,0x36,0x29,0x27,0x29,0x31,0xE8,0x00,0x27,
0x33,0x31,0x33,0xFC,0x37,0x29,0x31,0x34,0x36,0x29,0x00,0x2A,0x33,0x2D,0xE5,0xFD,
0x1A,0x33,0x36,0x00,0x29,0x3C,0x29,0x31,0x34,0x30,0x33,0xE8,0xFC,0x35,0x39,0x25,
0x32,0x28,0x33,0x00,0x39,0x31,0x00,0x29,0x30,0x2A,0x00,0x37,0x29,0xFC,0x38,0x36,
0x25,0x32,0x37,0x2A,0x33,0x36,0x31,0x25,0x00,0x29,0x31,0xFC,0x39,0x31,0x00,0x1D,
0x39,0x26,0x00,0x1E,0x25,0x32,0x2F,0x00,0x33,0x39,0xFD,0x28,0x29,0x37,0x38,0x36,
0x33,0x2D,0x00,0x27,0x29,0x36,0x38,0x33,0x37,0xFC,0x2D,0x32,0x2D,0x31,0x2D,0x2B,
0x33,0x37,0xE5,0xFD,0x0E,0x29,0x34,0x33,0x2D,0x37,0x00,0x2C,0x25,0x00,0x33,0x37,
0x00,0x28,0x33,0xFC,0x32,0x33,0x3A,0x33,0x00,0x38,0x2D,0x34,0x33,0xD9,0x00,0xFC,
0x33,0x37,0x00,0x1D,0x25,0x38,0x29,0x30,0x30,0x2D,0x38,0x29,0x00,0x0F,0x30,0x3A,
0x29,0x37,0xE5,0xFD,0x0F,0x37,0x37,0x29,0x37,0x00,0x29,0x30,0x3A,0x29,0x37,0x00,
0x34,0x33,0x28,0x29,0x31,0xFC,0x37,0x29,0x36,0x00,0x29,0x35,0x39,0x2D,0x34,0x25,
0x28,0x33,0x37,0x00,0x29,0xFC,0x36,0x29,0x38,0x2D,0x36,0x25,0x28,0x33,0x37,0x00,
0x30,0x2D,0x3A,0x36,0x29,0xD6,0xFC,0x31,0x29,0x32,0x38,0x29,0xE8,0x00,0x29,0x00,
0x32,0x25,0x33,0xFD,0x28,0x29,0x37,0x25,0x34,0x25,0x36,0x29,0x27,0x29,0x31,0xE5,
0x00,0x17,0x25,0x37,0xFC,0x3A,0x33,0x27,0x29,0x00,0x37,0x33,0x00,0x34,0x33,0x28,
0x29,0x00,0x29,0x35,0x39,0x2D,0xD6,0xFC,0x34,0x25,0x36,0x00,0x28,0x33,0x2D,0x37,
0x00,0x34,0x33,0x36,0x00,0x3A,0x29,0x3E,0xE5,0xFD,0x1F,0x31,0x00,0x29,0x31,0x00,
0x1D,0x25,0x38,0x29,0x30,0x30,0x2D,0x38,0x29,0x00,0x02,0xFC,0x29,0x00,0x33,0x39,
0x38,0x36,0x33,0x00,0x29,0x31,0xFC,0x1D,0x25,0x38,0x29,0x30,0x30,0x2D,0x38,0x29,
0x00,0x03,0xE5,0xFD,0x18,0x25,0x33,0x00,0x2C,0x25,0x00,0x34,0x29,0x32,0x25,0x30,
0x2D,0x28,0x25,0x28,0x29,0xFC,0x34,0x33,0x36,0x00,0x39,0x37,0x25,0x36,0xFC,0x1D,
0x25,0x38,0x29,0x30,0x30,0x2D,0x38,0x29,0x00,0x0F,0x30,0x3A,0x29,0x37,0xE5,0xFD,
0x0B,0x30,0x2B,0x39,0x32,0x37,0x00,0x10,0x39,0x37,0x2D,0x33,0x32,0x00,0x0F,0x30,
0x3A,0x29,0x37,0xFC,0x34,0x33,0x28,0x29,0x31,0x00,0x37,0x29,0x36,0xFC,0x31,0x29,
0x30,0x2C,0x33,0x36,0x25,0x28,0x33,0x37,0x00,0x29,0xFD,0x37,0x29,0x00,0x38,0x33,
0x36,0x32,0x25,0x36,0x29,0x31,0xFC,0x1D,0x25,0x38,0x29,0x30,0x30,0x2D,0x38,0x29,
0xE5,0xFE,0xF4,0x01,0x0B,0x2C,0xE8,0x00,0x37,0x2D,0x31,0xDD,0xFD,0x1D,0x33,0x39,
0x00,0x28,0x33,0x00,0x38,0x2D,0x34,0x33,0x00,0x35,0x39,0x29,0xFC,0x32,0x25,0x33,
0x00,0x34,0x25,0x36,0x25,0x00,0x28,0x29,0x00,0x2A,0x25,0x30,0x25,0x36,0xE5,0xFD,
0x0F,0x32,0x38,0x25,0x33,0x00,0x29,0x32,0x38,0x29,0x32,0x28,0x33,0xFC,0x37,0x29,
0x00,0x32,0x25,0x00,0x3A,0x29,0x36,0x28,0x25,0x28,0x29,0xFC,0x32,0x25,0x33,0x00,
0x35,0x39,0x29,0x36,0x00,0x33,0x39,0x3A,0x2D,0x36,0xE5,0xFF,0xF3,0x4C,0x1D,0x29,
0x2D,0x00,0x35,0x39,0x29,0x00,0x33,0x00,0x1D,0x36,0xE5,0xFC,0x12,0x25,0x36,0x34,
0x39,0x2D,0x25,0x00,0x29,0x37,0x38,0x25,0xFC,0x32,0x25,0x00,0x37,0x25,0x30,0x25,
0x00,0x28,0x29,0xFD,0x31,0x25,0x32,0x39,0x38,0x29,0x32,0x27,0x25,0x33,0xE5,0xFD,
0x19,0x39,0x3A,0x2D,0x00,0x28,0x2D,0x3E,0x29,0x36,0xFC,0x35,0x39,0x29,0x00,0x29,
0x30,0x29,0x00,0x29,0xFC,0x26,0x36,0x2D,0x30,0x2C,0x25,0x32,0x38,0x29,0xE8,0x00,
0x29,0x32,0x38,0x25,0x33,0xFC,0x2B,0x33,0x37,0x38,0x25,0x36,0x2D,0x25,0x00,0x28,
0x29,0x00,0x2A,0x25,0x30,0x25,0x36,0xFD,0x27,0x33,0x31,0x00,0x29,0x30,0x29,0xE5,
0xFD,0x17,0x25,0x37,0x00,0x29,0x39,0x00,0x25,0x27,0x2C,0x33,0xFC,0x35,0x39,0x29,
0x00,0x29,0x30,0x29,0x00,0x29,0x00,0x28,0x29,0xFC,0x18,0x29,0x33,0x00,0x0B,0x36,
0x27,0x25,0x28,0x2D,0x25,0xFC,0x29,0x00,0x38,0x39,0x28,0x33,0x00,0x31,0x25,0x2D,
0x37,0xE5,0xE5,0xE5,0xFD,0x0B,0x2D,0x32,0x28,0x25,0x00,0x25,0x37,0x37,0x2D,0x31,
0xE8,0xFC,0x37,0x29,0x00,0x29,0x30,0x29,0x00,0x32,0x33,0x37,0xFC,0x25,0x2E,0x39,
0x28,0x25,0x37,0x37,0x29,0xE8,0x00,0x25,0xFC,0x34,0x29,0x37,0x35,0x39,0x2D,0x37,
0x25,0xFD,0x28,0x25,0x00,0x1D,0x36,0x38,0x25,0xE5,0x00,0x0D,0x2D,0x29,0x30,0xFC,
0x27,0x33,0x31,0x00,0x27,0x29,0x36,0x38,0x29,0x3E,0x25,0xFC,0x37,0x29,0x00,0x26,
0x29,0x32,0x29,0x2A,0x2D,0x27,0x2D,0x25,0x36,0x2D,0x25,0xE5,0xFF,0xF3,0x4C,0x1E,
0x33,0x31,0x25,0x36,0x25,0x00,0x35,0x39,0x29,0x00,0x33,0x00,0x1D,0x36,0xE5,0xFC,
0x12,0x25,0x36,0x34,0x39,0x2D,0x25,0x00,0x37,0x29,0x00,0x36,0x29,0x27,0x39,0x34,
0x29,0x36,0x29,0xFC,0x30,0x33,0x2B,0x33,0xE8,0x00,0x31,0x29,0x37,0x31,0x33,0x00,
0x37,0x29,0x32,0x28,0x33,0xFD,0x33,0x00,0x2D,0x32,0x2D,0x31,0x2D,0x2B,0x33,0xCA,
0xFD,0x12,0x25,0x00,0x31,0x39,0x2D,0x38,0x25,0x37,0x00,0x27,0x33,0x2D,0x37,0x25,
0x37,0xFC,0x35,0x39,0x29,0x00,0x29,0x39,0x00,0x2B,0x33,0x37,0x38,0x25,0x36,0x2D,
0x25,0xFC,0x28,0x29,0x00,0x27,0x33,0x32,0x3A,0x29,0x36,0x37,0x25,0x36,0x00,0x27,
0x33,0x31,0x00,0x29,0x30,0x29,0xE8,0xFD,0x37,0x29,0x00,0x32,0x25,0x33,0x00,0x2A,
0x33,0x37,0x37,0x29,0xFC,0x28,0x33,0x00,0x33,0x39,0x38,0x36,0x33,0x00,0x30,0x25,
0x28,0x33,0xE5,0xFC,0x0F,0x00,0x39,0x31,0x25,0x00,0x34,0x29,0x32,0x25,0xE5,0xFF,
0xF3,0x4C,0x1D,0x36,0xE5,0x00,0x24,0x29,0x36,0x33,0xE5,0xE5,0xE5,0xFD,0x19,0x00,
0x0E,0x36,0xE5,0x00,0x21,0x29,0x2D,0x30,0xFC,0x2A,0x2D,0x32,0x25,0x30,0x31,0x29,
0x32,0x38,0x29,0xFC,0x31,0x33,0x37,0x38,0x36,0x33,0x39,0x00,0x37,0x39,0x25,0xFC,
0x3A,0x29,0x36,0x28,0x25,0x28,0x29,0x2D,0x36,0x25,0x00,0x2A,0x25,0x27,0x29,0xE5,
0xFD,0x1E,0x39,0x28,0x33,0x00,0x2D,0x37,0x37,0x33,0x00,0x2A,0x33,0x2D,0xFC,0x33,
0x26,0x36,0x25,0x00,0x28,0x29,0x30,0x29,0xFC,0x28,0x29,0x37,0x28,0x29,0x00,0x33,
0xFC,0x34,0x36,0x2D,0x32,0x27,0x2D,0x34,0x2D,0x33,0xE5,0xE5,0xE5,0xFD,0x0F,0x37,
0x37,0x29,0x00,0x0E,0x36,0xE5,0x00,0x21,0x29,0x2D,0x30,0xE5,0xE5,0xE5,0xFC,0x1B,
0x39,0x29,0x00,0x25,0x30,0x31,0x25,0x00,0x31,0x25,0x2D,0x37,0xFC,0x30,0x25,0x31,
0x29,0x32,0x38,0x25,0x3A,0x29,0x30,0xE5,0xFF,0xF3,0x4C,0x1D,0x36,0xE5,0x00,0x24,
0x29,0x36,0x33,0xE5,0xE5,0xE5,0xFD,0x18,0x25,0x33,0x00,0x36,0x29,0x37,0x38,0x25,
0xFC,0x31,0x39,0x2D,0x38,0x33,0x00,0x38,0x29,0x31,0x34,0x33,0xCA,0xFD,0x19,0x00,
0x0E,0x36,0xE5,0x00,0x21,0x29,0x2D,0x30,0xFC,0x29,0x37,0x38,0x25,0x00,0x27,0x25,
0x28,0x25,0x00,0x3A,0x29,0x3E,0xFC,0x31,0x25,0x2D,0x37,0x00,0x34,0x29,0x36,0x38,
0x33,0x00,0x28,0x25,0xFC,0x37,0x39,0x25,0x00,0x25,0x31,0x26,0x2D,0x27,0x25,0x33,
0xE5,0xFD,0x1D,0x36,0xE5,0x00,0x24,0x29,0x36,0x33,0xCA,0xFC,0x1A,0x33,0x36,0x00,
0x2A,0x25,0x3A,0x33,0x36,0xE8,0x00,0x29,0x32,0x27,0x33,0x32,0xD6,0xFC,0x38,0x36,
0x29,0xD6,0x33,0x00,0x29,0x00,0x28,0x29,0x36,0x36,0x33,0x38,0x29,0xD6,0x33,0xCA,
0xFF,0xF3,0x50,0x12,0x31,0x31,0xDD,0xFC,0x0B,0x2C,0xE8,0x00,0x29,0x00,0x3A,0x33,
0x27,0x29,0xE8,0x00,0x24,0x29,0x36,0x33,0xE5,0xFD,0x14,0x25,0x00,0x27,0x33,0x32,
0x37,0x29,0x2B,0x39,0x2D,0x39,0xFC,0x25,0x00,0x37,0x39,0x25,0x00,0x25,0x36,0x31,
0x25,0x00,0x32,0x33,0x3A,0x25,0xFC,0x28,0x33,0x00,0x0D,0x29,0x36,0x3A,0x29,0x25,
0x39,0xDD,0xFD,0x1D,0x29,0x00,0x32,0x25,0x33,0xE8,0x00,0x3A,0x33,0x27,0x29,0xFC,
0x28,0x29,0x3A,0x29,0x36,0x2D,0x25,0x00,0x2D,0x36,0xFC,0x26,0x39,0x37,0x27,0x25,
0xD6,0x30,0x25,0x00,0x30,0x33,0x2B,0x33,0xE5,0xFD,0x17,0x29,0x00,0x28,0x2D,0x2B,
0x25,0x00,0x27,0x33,0x31,0x33,0x00,0x29,0x30,0x25,0xFC,0x2A,0x39,0x32,0x27,0x2D,
0x33,0x32,0x25,0x00,0x35,0x39,0x25,0x32,0x28,0x33,0xFC,0x3A,0x33,0x27,0x29,0x00,
0x25,0x00,0x38,0x29,0x37,0x38,0x25,0x36,0xE5,0xFD,0x18,0x25,0x33,0x00,0x34,0x33,
0x37,0x37,0x33,0xFC,0x38,0x29,0x37,0x38,0x25,0x36,0x00,0x26,0x29,0x31,0x00,0x37,
0x29,0x39,0xFC,0x34,0x33,0x38,0x29,0x32,0x27,0x2D,0x25,0x30,0xFC,0x32,0x33,0x00,
0x30,0x25,0x26,0x33,0x36,0x25,0x38,0x33,0x36,0x2D,0x33,0xE5,0xE5,0xE5,0xFF,0xF3,
0x50,0x19,0x00,0x1C,0x29,0x27,0x33,0x2D,0x30,0x00,0x1C,0x33,0x28,0x00,0x29,0xFC,
0x31,0x25,0x2D,0x37,0x00,0x2A,0x33,0x36,0x38,0x29,0x00,0x35,0x39,0x25,0x32,0x28,
0x33,0xFC,0x27,0x25,0x36,0x36,0x29,0x2B,0x25,0x28,0x33,0xE5,0xFD,0x13,0x32,0x27,
0x33,0x36,0x34,0x33,0x36,0x25,0x00,0x2A,0x39,0x32,0x27,0x33,0x29,0x37,0xFC,0x28,
0x33,0x00,0x1E,0x36,0x2D,0x34,0x30,0x29,0x00,0x1C,0x33,0x28,0x00,0x29,0xFC,0x28,
0x33,0x00,0x0D,0x2C,0x25,0x2D,0x32,0x00,0x1C,0x33,0x28,0xE5,0xE5,0xE5,0xFD,0x0F,
0x3C,0x2D,0x2B,0x2D,0x36,0x25,0x00,0x39,0x31,0x00,0x34,0x33,0x39,0x27,0x33,0xFC,
0x28,0x29,0x00,0x34,0x36,0x25,0x38,0x2D,0x27,0x25,0xFC,0x28,0x33,0x31,0x2D,0x32,
0x25,0xD6,0x30,0x33,0xE5,0xFF,0xF3,0x50,0x19,0x2C,0xCA,0x00,0x0F,0x00,0x3A,0x33,
0x27,0x29,0xE8,0x00,0x24,0x29,0x36,0x33,0xCA,0xFC,0x19,0x00,0x1C,0x29,0x27,0x33,
0x2D,0x30,0x00,0x1C,0x33,0x28,0xFC,0x2A,0x33,0x2D,0x00,0x39,0x38,0x2D,0x30,0xDD,
0xFD,0x0F,0x37,0x38,0x33,0x39,0x00,0x33,0x27,0x39,0x34,0x25,0x28,0x33,0xFC,0x28,
0x29,0x37,0x29,0x32,0x3A,0x33,0x30,0x3A,0x29,0x32,0x28,0x33,0xFC,0x33,0x39,0x38,
0x36,0x25,0x00,0x25,0x36,0x31,0x25,0x00,0x32,0x33,0x3A,0x25,0xCA,0xFD,0xE5,0xE5,
0xE5,0x29,0x2C,0xE8,0x00,0x26,0x29,0x31,0xE8,0xFC,0x32,0x25,0x33,0x00,0x29,0x3C,
0x25,0x38,0x25,0x31,0x29,0x32,0x38,0x29,0xE5,0xFC,0x18,0x25,0x00,0x3A,0x29,0x36,
0x28,0x25,0x28,0x29,0x00,0x29,0x37,0x38,0x33,0x39,0xFD,0x38,0x33,0x38,0x25,0x30,
0x31,0x29,0x32,0x38,0x29,0x00,0x29,0x37,0x2B,0x33,0x38,0x25,0x28,0x33,0xFC,0x34,
0x33,0x36,0x00,0x38,0x36,0x25,0x26,0x25,0x30,0x2C,0x25,0x36,0xFC,0x32,0x33,0x00,
0x1C,0x29,0x27,0x33,0x2D,0x30,0x00,0x1C,0x33,0x28,0xE5,0xFC,0x1A,0x36,0x29,0x27,
0x2D,0x37,0x33,0xFD,0x28,0x29,0x00,0x39,0x31,0x00,0x34,0x33,0x39,0x27,0x33,0xFC,
0x28,0x29,0x00,0x28,0x29,0x37,0x27,0x25,0x32,0x37,0x33,0xE5,0xFF,0xF3,0x50,0x18,
0x25,0x33,0x00,0x2C,0x25,0x00,0x38,0x29,0x31,0x34,0x33,0xFC,0x34,0x25,0x36,0x25,
0x00,0x28,0x29,0x37,0x27,0x25,0x32,0x37,0x25,0x36,0xE5,0xFC,0x0D,0x29,0x36,0x3A,
0x29,0x25,0x39,0x00,0x29,0x00,0x29,0x39,0xFC,0x38,0x29,0x31,0x33,0x37,0x00,0x35,
0x39,0x29,0xFD,0x27,0x36,0x2D,0x25,0x36,0x00,0x25,0x36,0x31,0x25,0x37,0xFC,0x34,
0x25,0x36,0x25,0x00,0x38,0x33,0x28,0x25,0x00,0x25,0xFC,0x1C,0x29,0x37,0x2D,0x37,
0x38,0x29,0x32,0x27,0x2D,0x25,0xE5,0x00,0x18,0x25,0x33,0xFC,0x29,0x00,0x38,0x25,
0x36,0x29,0x2A,0x25,0x00,0x37,0x2D,0x31,0x34,0x30,0x29,0x37,0xCA,0xFF,0xF3,0x50,
0x13,0x32,0x28,0x29,0x34,0x29,0x32,0x28,0x29,0x32,0x38,0x29,0x31,0x29,0x32,0x38,
0x29,0xFC,0x28,0x33,0x00,0x34,0x33,0x28,0x29,0x36,0x00,0x35,0x39,0x29,0x00,0x33,
0xFC,0x0E,0x36,0xE5,0x00,0x21,0x29,0x2D,0x30,0x00,0x34,0x33,0x37,0x37,0x39,0x25,
0xE5,0xE5,0xE5,0xFD,0x1A,0x33,0x37,0x37,0x33,0x00,0x28,0x2D,0x3E,0x29,0x36,0x00,
0x27,0x33,0x31,0xFC,0x27,0x33,0x32,0x2A,0x2D,0x25,0x32,0x27,0x25,0x00,0x35,0x39,
0x29,0xFC,0x32,0x33,0x37,0x37,0x25,0x00,0x1C,0x29,0x37,0x2D,0x37,0x38,0x29,0x32,
0x27,0x2D,0x25,0xFD,0x2E,0x25,0x31,0x25,0x2D,0x37,0x00,0x34,0x29,0x36,0x28,0x29,
0x36,0x25,0xE5,0xFD,0x13,0x37,0x37,0x33,0x00,0x29,0x00,0x34,0x33,0x36,0x35,0x39,
0x29,0xFC,0x3A,0x33,0x27,0x29,0xE8,0x00,0x25,0x00,0x0D,0x2D,0x29,0x30,0xFC,0x29,
0x00,0x38,0x33,0x28,0x33,0x37,0x00,0x32,0x33,0x37,0xFC,0x29,0x37,0x38,0x25,0x31,
0x33,0x37,0x00,0x39,0x32,0x2D,0x28,0x33,0x37,0xCA,0xFD,0x24,0x29,0x36,0x33,0xCA,
0xFD,0x20,0x33,0x27,0x29,0x00,0x27,0x25,0x36,0x36,0x29,0x2B,0x25,0xFC,0x25,0x37,
0x00,0x29,0x37,0xD6,0x00,0x34,0x29,0x36,0x25,0x32,0x27,0x25,0x37,0xFC,0x28,0x29,
0x00,0x38,0x33,0x28,0x33,0x37,0xFC,0x32,0x33,0x37,0x00,0x25,0x35,0x39,0x2D,0xE5,
0xFF,0xF3,0x50,0x19,0x2C,0xE8,0x00,0x24,0x29,0x36,0x33,0xE5,0xFC,0x0F,0x39,0x00,
0x3A,0x33,0x39,0x00,0x38,0x29,0xFC,0x28,0x25,0x36,0x00,0x29,0x37,0x38,0x29,0x00,
0x28,0x2D,0x37,0x27,0x33,0xE5,0xFD,0x1A,0x29,0x32,0x37,0x29,0x2D,0x00,0x29,0x31,
0xFC,0x38,0x29,0x00,0x28,0x25,0x36,0x00,0x2C,0x25,0xFC,0x34,0x33,0x39,0x27,0x33,
0xE8,0xFD,0x31,0x25,0x37,0x00,0x31,0x29,0x00,0x28,0x29,0x39,0xFC,0x39,0x31,0x00,
0x26,0x36,0x25,0x32,0x27,0x33,0xE5,0xFD,0x17,0x25,0x37,0x00,0x32,0x25,0x33,0xFC,
0x29,0x37,0x34,0x29,0x36,0x29,0xFC,0x31,0x39,0x2D,0x38,0x33,0x00,0x28,0x29,0x30,
0x29,0xCA,0xF5,0x09,0xFF,0xF3,0x50,0x1E,0x25,0x30,0x3A,0x29,0x3E,0x00,0x29,0x39,
0xFC,0x38,0x29,0x32,0x2C,0x25,0x00,0x2D,0x28,0x29,0x2D,0x25,0xFC,0x34,0x25,0x36,
0x25,0x00,0x39,0x31,0x25,0xFC,0x25,0x36,0x31,0x25,0x00,0x32,0x33,0x3A,0x25,0x00,
0x33,0x39,0x00,0x28,0x39,0x25,0x37,0xE5,0xFF,0xF3,0x54,0x19,0x30,0x25,0xE8,0x00,
0x1D,0x36,0xE5,0x00,0x24,0x29,0x36,0x33,0xE5,0xFD,0x0D,0x33,0x31,0x00,0x27,0x29,
0x36,0x38,0x29,0x3E,0x25,0x00,0x33,0xFC,0x37,0x29,0x32,0x2C,0x33,0x36,0x00,0x29,
0x37,0x35,0x39,0x29,0x27,0x29,0x39,0xFC,0x31,0x29,0x39,0x00,0x32,0x33,0x31,0x29,
0xE5,0xFC,0x1D,0x33,0x39,0x00,0x0B,0x39,0x38,0x36,0x39,0x27,0x2C,0x29,0xE5,0xFD,
0x1E,0x29,0x32,0x2C,0x33,0x00,0x27,0x25,0x36,0x36,0x29,0x2B,0x25,0x28,0x33,0xFC,
0x27,0x33,0x2D,0x37,0x25,0x37,0x00,0x25,0x35,0x39,0x2D,0xFC,0x34,0x33,0x36,0x00,
0x25,0x32,0x33,0x37,0xE5,0xFD,0x0B,0x37,0x00,0x3A,0x29,0x3E,0x29,0x37,0x00,0x29,
0x39,0xFC,0x35,0x39,0x29,0x36,0x2D,0x25,0x00,0x34,0x33,0x28,0x29,0x36,0xFC,0x2A,
0x25,0x3E,0x29,0x36,0x00,0x25,0x30,0x2B,0x33,0xFC,0x28,0x2D,0x2A,0x29,0x36,0x29,
0x32,0x38,0x29,0xE8,0x00,0x31,0x25,0x37,0x00,0x32,0x25,0x33,0xFD,0x2C,0x25,0x00,
0x32,0x25,0x28,0x25,0x00,0x29,0x31,0xFC,0x35,0x39,0x29,0x00,0x29,0x39,0x00,0x37,
0x29,0x2E,0x25,0xFC,0x36,0x29,0x25,0x30,0x31,0x29,0x32,0x38,0x29,0x00,0x26,0x33,
0x31,0xE5,0xE5,0xE5,0xFD,0x0E,0x29,0x37,0x27,0x39,0x30,0x34,0x29,0xE8,0x00,0x29,
0x39,0xFC,0x32,0x25,0x33,0x00,0x35,0x39,0x2D,0x37,0xFC,0x36,0x29,0x27,0x30,0x25,
0x31,0x25,0x36,0x00,0x27,0x33,0x31,0x00,0x33,0xFC,0x37,0x29,0x32,0x2C,0x33,0x36,
0xE8,0x00,0x1D,0x36,0xE5,0x00,0x24,0x29,0x36,0x33,0xE5,0xFF,0xF3,0x54,0x0D,0x33,
0x32,0x38,0x2D,0x32,0x39,0x29,0x00,0x27,0x33,0x31,0x00,0x33,0xFC,0x26,0x33,0x31,
0x00,0x38,0x36,0x25,0x26,0x25,0x30,0x2C,0x33,0xE8,0xFC,0x1D,0x36,0xE5,0x00,0x24,
0x29,0x36,0x33,0xE5,0xFD,0x0F,0x39,0x00,0x38,0x25,0x31,0x26,0x29,0x31,0x00,0x3A,
0x33,0x39,0xFC,0x38,0x36,0x25,0x26,0x25,0x30,0x2C,0x25,0x36,0x00,0x28,0x39,0x36,
0x33,0xE5,0xE5,0xE5,0xFC,0x37,0x2D,0x31,0xE8,0x00,0x2D,0x37,0x37,0x33,0x00,0x25,
0x2D,0xE5,0xE5,0xE5,0xFF,0xF3,0x54,0x19,0x30,0x25,0xE8,0x00,0x1D,0x36,0xE5,0x00,
0x24,0x29,0x36,0x33,0xE5,0xFD,0x17,0x29,0x00,0x34,0x29,0x36,0x2B,0x39,0x32,0x38,
0x33,0x00,0x37,0x29,0x00,0x29,0x39,0xFC,0x37,0x29,0x36,0x2D,0x25,0x00,0x26,0x33,
0x31,0x00,0x29,0x31,0x00,0x25,0x30,0x2B,0x33,0xFC,0x25,0x30,0x29,0x31,0x00,0x28,
0x29,0x00,0x27,0x25,0x36,0x36,0x29,0x2B,0x25,0x36,0xE5,0xFD,0xF6,0x01,0x19,0x00,
0x35,0x39,0x29,0x00,0x33,0x00,0x37,0x29,0x32,0x2C,0x33,0x36,0x00,0x25,0x27,0x2C,
0x25,0xDD,0xFC,0x00,0x00,0x0D,0x30,0x25,0x36,0x33,0xFC,0x00,0x00,0xE5,0xE5,0xE5,
0xFD,0x1D,0x33,0x00,0x28,0x2D,0x3E,0x00,0x2D,0x37,0x37,0x33,0x00,0x34,0x36,0x25,
0xFC,0x29,0x39,0x00,0x31,0x29,0x00,0x37,0x29,0x32,0x38,0x2D,0x36,0xFC,0x31,0x29,
0x30,0x2C,0x33,0x36,0xE8,0x00,0x32,0x25,0x33,0x00,0x29,0xDD,0xFD,0x1D,0x36,0xE5,
0x00,0x24,0x29,0x36,0x33,0xE8,0x00,0x32,0x25,0x33,0xFC,0x34,0x36,0x29,0x27,0x2D,
0x37,0x33,0x00,0x28,0x29,0x00,0x34,0x29,0x32,0x25,0xE5,0xFE,0xF4,0x01,0x1D,0x2D,
0x31,0xE8,0x00,0x29,0x39,0x00,0x2D,0x31,0x25,0x2B,0x2D,0x32,0x29,0x2D,0xE5,0xFC,
0x1D,0x25,0x26,0x2D,0x25,0x00,0x35,0x39,0x29,0xFC,0x34,0x29,0x32,0x37,0x25,0x36,
0x2D,0x25,0x00,0x2D,0x37,0x37,0x33,0xE5,0xE5,0xE5,0xFD,0x1E,0x39,0x28,0x33,0x00,
0x26,0x29,0x31,0xE5,0xE5,0xE5,0xFC,0x0E,0x29,0x00,0x3A,0x29,0x36,0x28,0x25,0x28,
0x29,0xE5,0xE5,0xE5,0xFF,0xF3,0x54,0x17,0x29,0x00,0x34,0x29,0x36,0x2B,0x39,0x32,
0x38,0x33,0x00,0x37,0x29,0xFC,0x38,0x36,0x25,0x26,0x25,0x30,0x2C,0x25,0x36,0x29,
0x2D,0x00,0x25,0x35,0x39,0x2D,0xFC,0x32,0x33,0x00,0x25,0x36,0x31,0x25,0x3E,0x29,
0x31,0x00,0x34,0x25,0x36,0x25,0xFC,0x37,0x29,0x31,0x34,0x36,0x29,0xE5,0xFD,0x0C,
0x29,0x31,0xE8,0x00,0x25,0x27,0x2C,0x33,0xFC,0x35,0x39,0x29,0x00,0x32,0x25,0x33,
0x00,0x34,0x33,0x37,0x37,0x33,0xFC,0x36,0x29,0x27,0x30,0x25,0x31,0x25,0x36,0xE5,
0xE5,0xE5,0xFC,0x0F,0x00,0x37,0x33,0x00,0x35,0x39,0x29,0xE5,0xE5,0xE5,0xFF,0xF3,
0x54,0x0D,0x33,0x32,0x38,0x2D,0x32,0x39,0x29,0x00,0x25,0x37,0x37,0x2D,0x31,0xE8,
0xFC,0x1D,0x36,0xE5,0x00,0x24,0x29,0x36,0x33,0xE5,0xFD,0x0B,0x34,0x29,0x37,0x25,
0x36,0x00,0x28,0x29,0x00,0x35,0x39,0x29,0xFC,0x29,0x39,0x00,0x38,0x25,0x31,0x26,
0x29,0x31,0x00,0x32,0x25,0x33,0xFC,0x2B,0x33,0x37,0x38,0x25,0x36,0x2D,0x25,0x00,
0x28,0x29,0x00,0x38,0x29,0x36,0x00,0x35,0x39,0x29,0xFC,0x38,0x36,0x25,0x26,0x25,
0x30,0x2C,0x25,0x36,0x00,0x34,0x25,0x36,0x25,0x00,0x33,0x00,0x21,0x29,0x2D,0x30,
0xE5,0xFD,0x0B,0x30,0x29,0x31,0x00,0x28,0x2D,0x37,0x37,0x33,0xE8,0x00,0x34,0x36,
0x33,0xD6,0xFC,0x3A,0x25,0x3A,0x29,0x30,0x31,0x29,0x32,0x38,0x29,0x00,0x29,0x30,
0x29,0xFC,0x31,0x29,0x00,0x28,0x29,0x37,0x31,0x33,0x32,0x38,0x25,0x36,0x2D,0x25,
0xFC,0x28,0x29,0x00,0x35,0x39,0x25,0x30,0x35,0x39,0x29,0x36,0x00,0x2E,0x29,0x2D,
0x38,0x33,0xE5,0xFF,0xF3,0x54,0x1D,0x36,0xE5,0x00,0x24,0x29,0x36,0x33,0xE5,0xE5,
0xE5,0xFD,0x0B,0x38,0x29,0x00,0x31,0x29,0x37,0x31,0x33,0xFC,0x25,0x30,0x2B,0x39,
0x29,0x31,0x00,0x27,0x33,0x31,0x33,0x00,0x29,0x39,0xFC,0x38,0x25,0x31,0x26,0x29,
0x31,0xFC,0x29,0x37,0x34,0x29,0x36,0x25,0x00,0x34,0x25,0x3E,0xE5,0xFD,0x19,0x00,
0x27,0x33,0x32,0x2A,0x30,0x2D,0x38,0x33,0x00,0x29,0xFC,0x27,0x25,0x32,0x37,0x25,
0x38,0x2D,0x3A,0x33,0x00,0x29,0xFC,0x37,0x29,0x31,0x00,0x37,0x29,0x32,0x38,0x2D,
0x28,0x33,0xE5,0xFF,0xF3,0x02,0xF6,0x02,0x1E,0x29,0x31,0x25,0x00,0x28,0x29,0x00,
0x2D,0x32,0x38,0x29,0x36,0x29,0x37,0x37,0x29,0xDD,0xFC,0x00,0x00,0x19,0x31,0x29,
0x2B,0x25,0xFC,0x00,0x00,0x0E,0x36,0xE5,0x00,0x21,0x29,0x2D,0x30,0xFD,0x19,0x31,
0x29,0x2B,0x25,0x00,0x29,0x00,0x39,0x31,0xFC,0x1C,0x29,0x34,0x30,0x33,0x2D,0x28,
0x00,0x2B,0x2D,0x2B,0x25,0x32,0x38,0x29,0xFC,0x27,0x33,0x31,0x00,0x33,0x00,0x31,
0x29,0x37,0x31,0x33,0x00,0x37,0x2D,0x32,0x25,0x30,0xFC,0x28,0x29,0x00,0x29,0x32,
0x29,0x36,0x2B,0x2D,0x25,0x00,0x28,0x25,0x00,0x0E,0x25,0x36,0x2F,0x00,0x0F,0x30,
0x2A,0xE5,0xFD,0x0E,0x2D,0x3E,0x29,0x31,0x00,0x35,0x39,0x29,0x00,0x19,0x31,0x29,
0x2B,0x25,0xFC,0x29,0x37,0x38,0x29,0x3A,0x29,0x00,0x29,0x32,0x3A,0x33,0x30,0x3A,
0x2D,0x28,0x33,0xFC,0x32,0x25,0x37,0x00,0x0F,0x30,0x2A,0x00,0x21,0x25,0x36,0x37,
0xE5,0xFD,0x19,0x37,0x00,0x36,0x29,0x2B,0x2D,0x37,0x38,0x36,0x33,0x37,0x00,0x28,
0x2D,0x3E,0x29,0x31,0xFC,0x35,0x39,0x29,0x00,0x2C,0x25,0x00,0x39,0x31,0x00,0x37,
0x29,0x27,0x39,0x30,0x33,0xE8,0xFC,0x19,0x31,0x29,0x2B,0x25,0x00,0x2A,0x33,0x2D,
0x00,0x29,0x3C,0x34,0x39,0x30,0x37,0x33,0xFC,0x34,0x25,0x36,0x25,0x00,0x33,0x00,
0x29,0x37,0x34,0x25,0x27,0x33,0xE5,0xE5,0xE5,0xFD,0x18,0x25,0x33,0x00,0x2C,0x25,
0x00,0x31,0x25,0x2D,0x37,0xFC,0x28,0x25,0x28,0x33,0x37,0x00,0x28,0x2D,0x37,0x34,
0x33,0x32,0x2D,0x3A,0x29,0x2D,0x37,0xFC,0x37,0x33,0x26,0x36,0x29,0x00,0x19,0x31,
0x29,0x2B,0x25,0xE5,0xFE,0xF4,0x01,0x10,0x2D,0x32,0x25,0x30,0x2D,0x3E,0x25,0x32,
0x28,0x33,0x00,0x37,0x29,0x37,0x37,0x25,0x33,0xE5,0xFE,0xF4,0x02,0x0E,0x36,0xE5,
0x00,0x21,0x29,0x2D,0x30,0x00,0x39,0x37,0x33,0x39,0x00,0x25,0xFC,0x0E,0x25,0x36,
0x2F,0x00,0x0F,0x30,0x2A,0x00,0x2C,0x25,0x00,0x39,0x31,0xFC,0x37,0x29,0x27,0x39,
0x30,0x33,0xE8,0x00,0x27,0x25,0x39,0x37,0x25,0x32,0x28,0x33,0xFC,0x25,0x37,0x00,
0x0F,0x30,0x2A,0x00,0x21,0x25,0x36,0x37,0xE5,0xFD,0x0F,0x30,0x29,0x00,0x2A,0x33,
0x2D,0x00,0x26,0x25,0x32,0x2D,0x28,0x33,0xFC,0x28,0x29,0x00,0x18,0x29,0x33,0x00,
0x0B,0x36,0x27,0x25,0x28,0x2D,0x25,0xE5,0xFD,0x0F,0x30,0x29,0x00,0x29,0x00,0x39,
0x31,0x00,0x27,0x2D,0x29,0x32,0x38,0x2D,0x37,0x38,0x25,0xFC,0x35,0x39,0x29,0x00,
0x37,0x29,0x00,0x28,0x29,0x37,0x38,0x25,0x27,0x25,0xFC,0x34,0x33,0x36,0x00,0x38,
0x36,0x25,0x3E,0x29,0x36,0x00,0x1C,0x29,0x34,0x30,0x33,0x2D,0x28,0x37,0xFC,0x31,
0x33,0x36,0x38,0x33,0x37,0x00,0x25,0x00,0x3A,0x2D,0x28,0x25,0xE5,0xFF,0xF3,0x02,
0xF6,0x02,0x1E,0x29,0x31,0x25,0x00,0x28,0x29,0x00,0x2D,0x32,0x38,0x29,0x36,0x29,
0x37,0x37,0x29,0xDD,0xFC,0x00,0x00,0x0E,0x25,0x36,0x2F,0x00,0x0F,0x30,0x2A,0xFC,
0x00,0x00,0x12,0x25,0x36,0x34,0x39,0x2D,0x25,0xFD,0x0B,0x00,0x0E,0x25,0x36,0x2F,
0x00,0x0F,0x30,0x2A,0x00,0x29,0x00,0x39,0x31,0xFC,0x0D,0x3D,0x26,0x29,0x36,0xD6,
0x29,0x30,0x2A,0x00,0x34,0x36,0x33,0x2E,0x29,0x38,0x25,0x28,0x33,0xFC,0x33,0x36,
0x2D,0x2B,0x2D,0x32,0x25,0x30,0x31,0x29,0x32,0x38,0x29,0x00,0x34,0x25,0x36,0x25,
0xFD,0x34,0x33,0x36,0x00,0x39,0x31,0x00,0x2A,0x2D,0x31,0xFC,0x32,0x25,0x37,0x00,
0x17,0x25,0x3A,0x29,0x36,0x2D,0x27,0x2F,0x00,0x21,0x25,0x36,0x37,0xE5,0xFD,0x22,
0x00,0x25,0x00,0x39,0x37,0x33,0x39,0x00,0x34,0x25,0x36,0x25,0xFC,0x38,0x29,0x36,
0x31,0x2D,0x32,0x25,0x36,0x00,0x36,0x25,0x34,0x2D,0x28,0x25,0x31,0x29,0x32,0x38,
0x29,0xFC,0x33,0x00,0x27,0x33,0x32,0x2A,0x30,0x2D,0x38,0x33,0xE5,0xFD,0x0E,0x29,
0x34,0x33,0x2D,0x37,0xE8,0x00,0x2A,0x33,0x2D,0x00,0x36,0x33,0x39,0x26,0x25,0x28,
0x25,0xFC,0x34,0x29,0x30,0x33,0x00,0x0E,0x36,0xE5,0x00,0x21,0x29,0x2D,0x30,0xE8,
0xFC,0x27,0x25,0x39,0x37,0x25,0x32,0x28,0x33,0x00,0x25,0x37,0xFC,0x0F,0x30,0x2A,
0x00,0x21,0x25,0x36,0x37,0xE5,0xFD,0x18,0x25,0x33,0x00,0x2C,0x25,0x00,0x31,0x25,
0x2D,0x37,0xFC,0x28,0x25,0x28,0x33,0x37,0x00,0x28,0x2D,0x37,0x34,0x33,0x32,0x2D,
0x3A,0x29,0x2D,0x37,0xFC,0x37,0x33,0x26,0x36,0x29,0x00,0x25,0x00,0x0E,0x25,0x36,
0x2F,0x00,0x0F,0x30,0x2A,0xE5,0xFE,0xF4,0x01,0x10,0x2D,0x32,0x25,0x30,0x2D,0x3E,
0x25,0x32,0x28,0x33,0x00,0x37,0x29,0x37,0x37,0x25,0x33,0xE5,0xFE,0xF4,0x02,0x19,
0x00,0x25,0x37,0x38,0x39,0x38,0x33,0x00,0x11,0x29,0x32,0x29,0x36,0x25,0x30,0xFC,
0x12,0x25,0x36,0x34,0x39,0x2D,0x25,0x00,0x29,0x00,0x39,0x31,0x00,0x28,0x33,0x37,
0xFC,0x1B,0x39,0x25,0x38,0x36,0x33,0x00,0x11,0x39,0x25,0x36,0xD6,0xFC,0x28,0x2D,
0x33,0x29,0x37,0xE8,0x00,0x29,0x00,0x29,0x00,0x39,0x31,0x00,0x1C,0x29,0x34,0x30,
0x33,0x2D,0x28,0xFD,0x27,0x30,0x33,0x32,0x25,0x28,0x33,0x00,0x28,0x33,0x00,0x0E,
0x18,0x0B,0xFC,0x28,0x33,0x00,0x22,0xE5,0xFD,0x0B,0x33,0x00,0x34,0x36,0x29,0x29,
0x32,0x27,0x2C,0x29,0x36,0x00,0x33,0xFC,0x3A,0x25,0x3E,0x2D,0x33,0x00,0x28,0x29,
0x2D,0x3C,0x25,0x28,0x33,0x00,0x34,0x29,0x30,0x25,0xFC,0x28,0x29,0x37,0x38,0x36,
0x39,0x2D,0x27,0x25,0x33,0x00,0x28,0x33,0x00,0x0D,0x33,0x34,0x3D,0xFC,0x22,0xE8,
0x00,0x29,0x30,0x29,0x00,0x37,0x29,0x00,0x38,0x33,0x36,0x32,0x33,0x39,0xFD,0x33,
0x00,0x30,0x2D,0x28,0x29,0x36,0x00,0x28,0x29,0xFC,0x18,0x29,0x33,0x00,0x0B,0x36,
0x27,0x25,0x28,0x2D,0x25,0xE5,0xFD,0x0F,0x30,0x29,0x00,0x2A,0x33,0x2D,0x00,0x28,
0x29,0x2D,0x3C,0x25,0x28,0x33,0xFC,0x2D,0x32,0x27,0x33,0x32,0x37,0x27,0x2D,0x29,
0x32,0x38,0x29,0x00,0x34,0x33,0x36,0xFC,0x39,0x31,0x00,0x25,0x38,0x25,0x35,0x39,
0x29,0x00,0x28,0x33,0x00,0x19,0x31,0x29,0x2B,0x25,0xE8,0xFC,0x29,0x00,0x37,0x29,
0x2B,0x39,0x29,0x00,0x25,0x37,0x37,0x2D,0x31,0xFC,0x25,0x38,0x29,0x00,0x2C,0x33,
0x2E,0x29,0xE5,0xFF,0xF3,0x02,0xF6,0x02,0x1E,0x29,0x31,0x25,0x00,0x28,0x29,0x00,
0x2D,0x32,0x38,0x29,0x36,0x29,0x37,0x37,0x29,0xDD,0xFC,0x00,0x00,0x17,0x29,0x32,
0x25,0x36,0x38,0xFC,0x00,0x00,0x0D,0x2D,0x29,0x30,0xFD,0x17,0x29,0x32,0x25,0x36,
0x38,0x00,0x29,0x00,0x33,0x00,0x1C,0x29,0x34,0x30,0x33,0x2D,0x28,0xFC,0x31,0x25,
0x2D,0x37,0x00,0x30,0x29,0x2B,0x25,0x30,0xFC,0x28,0x33,0x00,0x39,0x32,0x2D,0x3A,
0x29,0x36,0x37,0x33,0xE5,0xFD,0x0F,0x00,0x33,0x00,0x31,0x25,0x2D,0x37,0x00,0x2B,
0x29,0x32,0x38,0x2D,0x30,0xE8,0xFC,0x2D,0x32,0x38,0x29,0x30,0x2D,0x2B,0x29,0x32,
0x38,0x29,0x00,0x29,0x00,0x33,0xFC,0x31,0x25,0x2D,0x37,0x00,0x38,0x36,0x25,0x26,
0x25,0x30,0x2C,0x25,0x28,0x33,0x36,0xFC,0x28,0x29,0x00,0x38,0x33,0x28,0x33,0x37,
0xE5,0xFD,0xE5,0xE5,0xE5,0xFD,0x18,0x25,0x33,0x00,0x30,0x29,0x31,0x26,0x36,0x33,
0xFC,0x28,0x29,0x00,0x38,0x29,0x36,0x00,0x2D,0x32,0x37,0x29,0x36,0x2D,0x28,0x33,
0xFC,0x29,0x37,0x37,0x29,0x37,0x00,0x28,0x25,0x28,0x33,0x37,0x00,0x32,0x33,0xFC,
0x31,0x29,0x39,0x00,0x37,0x2D,0x37,0x38,0x29,0x31,0x25,0xE5,0xE5,0xE5,0xFD,0xE5,
0xE5,0xE5,0xFD,0x13,0x32,0x2D,0x27,0x2D,0x25,0x32,0x28,0x33,0xFC,0x28,0x29,0x37,
0x30,0x2D,0x2B,0x25,0x31,0x29,0x32,0x38,0x33,0xE5,0xFE,0xF4,0x02,0x0D,0x2D,0x29,
0x30,0x00,0x29,0x00,0x39,0x31,0x25,0x00,0x2B,0x25,0x36,0x33,0x38,0x25,0xFC,0x2C,
0x39,0x31,0x25,0x32,0x25,0x00,0x27,0x33,0x31,0x00,0x39,0x31,0x25,0xFC,0x27,0x33,
0x32,0x29,0x3C,0x25,0x33,0x00,0x29,0x31,0x34,0x25,0x38,0x2D,0x27,0x25,0xFC,0x27,
0x33,0x31,0x00,0x33,0x37,0x00,0x0D,0x3D,0x26,0x29,0x36,0xD6,0x29,0x30,0x3A,0x29,
0x37,0xE5,0xFD,0x0B,0x30,0x29,0x31,0x00,0x28,0x2D,0x37,0x37,0x33,0xE8,0x00,0x29,
0xFC,0x39,0x31,0x25,0x00,0x27,0x2D,0x29,0x32,0x38,0x2D,0x37,0x38,0x25,0x00,0x25,
0x30,0x38,0x25,0xD6,0xFC,0x31,0x29,0x32,0x38,0x29,0x00,0x38,0x25,0x30,0x29,0x32,
0x38,0x33,0x37,0x25,0x00,0x35,0x39,0x29,0xFC,0x28,0x29,0x28,0x2D,0x27,0x33,0x39,
0x00,0x37,0x39,0x25,0x00,0x3A,0x2D,0x28,0x25,0x00,0x25,0xFD,0x34,0x29,0x37,0x35,
0x39,0x2D,0x37,0x25,0x00,0x28,0x29,0x00,0x29,0x32,0x29,0x36,0x2B,0x2D,0x25,0xE5,
0xFD,0x1C,0x29,0x27,0x29,0x32,0x38,0x29,0x31,0x29,0x32,0x38,0x29,0xFC,0x27,0x33,
0x31,0x34,0x30,0x29,0x38,0x33,0x39,0x00,0x33,0xFC,0x0D,0x2D,0x29,0x30,0x00,0x1D,
0x3D,0x37,0x38,0x29,0x31,0xE5,0xE5,0xE5,0xFF,0xF3,0x5A,0x1D,0x36,0xE5,0x00,0x24,
0x29,0x36,0x33,0xCA,0xFD,0x0B,0x32,0x38,0x29,0x37,0x00,0x28,0x29,0xFC,0x38,0x36,
0x25,0x26,0x25,0x30,0x2C,0x25,0x36,0x00,0x25,0x35,0x39,0x2D,0xE8,0xFC,0x29,0x39,
0x00,0x29,0x36,0x25,0x00,0x2B,0x39,0x25,0x36,0x28,0x25,0xFD,0x28,0x29,0x00,0x37,
0x29,0x2B,0x39,0x36,0x25,0x32,0x27,0x25,0xFC,0x32,0x33,0x00,0x28,0x29,0x37,0x29,
0x36,0x38,0x33,0xE5,0xFD,0x0D,0x30,0x25,0x36,0x33,0xE8,0x00,0x2D,0x37,0x37,0x33,
0x00,0x2A,0x33,0x2D,0xFC,0x2C,0x25,0x00,0x31,0x25,0x2D,0x37,0xFC,0x28,0x29,0x00,
0x39,0x31,0x00,0x25,0x32,0x33,0xE5,0xFF,0xF3,0x5A,0x19,0x2C,0xE8,0x00,0x1D,0x36,
0xE5,0x00,0x24,0x29,0x36,0x33,0xDD,0xFD,0x20,0x33,0x27,0x29,0x00,0x29,0x37,0x38,
0x29,0x3A,0x29,0xFC,0x39,0x37,0x25,0x32,0x28,0x33,0xFC,0x33,0x00,0x0D,0x3D,0x26,
0x29,0x36,0x37,0x34,0x25,0x27,0x29,0xDD,0xFD,0x0B,0x27,0x2C,0x33,0x00,0x35,0x39,
0x29,0xFC,0x29,0x37,0x37,0x29,0x00,0x30,0x39,0x2B,0x25,0x36,0x00,0x29,0xFC,0x31,
0x25,0x2D,0x37,0x00,0x28,0x33,0x00,0x35,0x39,0x29,0x00,0x39,0x31,0xFC,0x37,0x2D,
0x31,0x34,0x30,0x29,0x37,0x00,0x25,0x38,0x25,0x30,0x2C,0x33,0xE5,0xFD,0x0E,0x29,
0x3A,0x29,0x00,0x38,0x29,0x36,0x00,0x25,0x30,0x2B,0x39,0x32,0x37,0xFC,0x37,0x29,
0x2B,0x36,0x29,0x28,0x33,0x37,0xE5,0xFF,0xF3,0x5A,0x0B,0x27,0x25,0x26,0x29,0x2D,
0x00,0x28,0x29,0xFC,0x33,0x30,0x2C,0x25,0x36,0x00,0x34,0x25,0x36,0x25,0xFC,0x33,
0x00,0x30,0x29,0x37,0x38,0x29,0x00,0x2C,0x25,0xFC,0x39,0x31,0x00,0x31,0x33,0x31,
0x29,0x32,0x38,0x33,0xE5,0xE5,0xE5,0xFD,0x0B,0x00,0x25,0x38,0x2D,0x3A,0x2D,0x28,
0x25,0x28,0x29,0xFC,0x2D,0x32,0x2D,0x31,0x2D,0x2B,0x25,0x00,0x29,0x37,0x38,0x25,
0xFC,0x25,0x39,0x31,0x29,0x32,0x38,0x25,0x32,0x28,0x33,0xE5,0xFF,0xF3,0x5A,0x17,
0x39,0x28,0x25,0x32,0x28,0x33,0xFC,0x28,0x29,0x00,0x25,0x37,0x37,0x39,0x32,0x38,
0x33,0xE5,0xE5,0xE5,0xFD,0x1D,0x25,0x26,0x2D,0x25,0x00,0x35,0x39,0x29,0x00,0x33,
0x00,0x32,0x39,0x27,0x30,0x29,0x33,0xFC,0x28,0x33,0x00,0x1C,0x25,0x2D,0x32,0x26,
0x33,0x3B,0x00,0x0E,0x29,0x3A,0x2D,0x30,0xFC,0x27,0x33,0x32,0x37,0x2D,0x37,0x38,
0x29,0x00,0x32,0x25,0x00,0x27,0x25,0x26,0x29,0x27,0x25,0xFD,0x28,0x29,0x00,0x39,
0x31,0x00,0x1A,0x25,0x32,0x38,0x2C,0x29,0x33,0x32,0xDD,0xFD,0x19,0x2C,0xDD,0xFC,
0x20,0x33,0x27,0x29,0x00,0x2E,0x25,0x00,0x37,0x25,0x26,0x2D,0x25,0xDD,0xFD,0x1A,
0x29,0x32,0x37,0x29,0x2D,0x00,0x35,0x39,0x29,0xFC,0x29,0x39,0x00,0x29,0x36,0x25,
0x00,0x33,0x00,0x39,0x32,0x2D,0x27,0x33,0xFC,0x35,0x39,0x29,0x00,0x37,0x25,0x26,
0x2D,0x25,0xE5,0xE5,0xE5,0xFF,0xF3,0x5A,0x1D,0x29,0x39,0x37,0x00,0x29,0x37,0x2A,
0x33,0x36,0x27,0x33,0x37,0xFC,0x37,0x25,0x33,0x00,0x39,0x31,0x25,0xFC,0x2D,0x32,
0x37,0x34,0x2D,0x36,0x25,0x27,0x25,0x33,0x00,0x34,0x25,0x36,0x25,0xFD,0x38,0x33,
0x28,0x33,0x37,0x00,0x32,0x33,0x37,0xE8,0xFC,0x1D,0x36,0xE5,0x00,0x24,0x29,0x36,
0x33,0xCA,0xFD,0x0F,0x39,0x00,0x31,0x29,0x37,0x31,0x33,0x00,0x38,0x33,0x36,0x27,
0x29,0x36,0x29,0x2D,0x00,0x33,0xFC,0x34,0x29,0x37,0x27,0x33,0x27,0x33,0x00,0x28,
0x33,0x00,0x0E,0x36,0xE5,0x00,0x21,0x29,0x2D,0x30,0xFC,0x37,0x29,0x00,0x2A,0x33,
0x36,0x00,0x34,0x36,0x29,0x27,0x2D,0x37,0x33,0xCA,0xFF,0xF3,0x5A,0x0B,0x2C,0xE8,
0x00,0x1D,0x36,0xE5,0x00,0x24,0x29,0x36,0x33,0xE5,0xE5,0xE5,0xFD,0x19,0x37,0x00,
0x0D,0x3D,0x26,0x29,0x36,0xD6,0x29,0x30,0x3A,0x29,0x37,0xFC,0x37,0x29,0x00,0x38,
0x33,0x36,0x32,0x25,0x36,0x25,0x31,0xFC,0x31,0x25,0x2D,0x37,0x00,0x2A,0x25,0xD6,
0xFC,0x27,0x29,0x2D,0x37,0x00,0x28,0x29,0x00,0x39,0x37,0x25,0x36,0xE8,0x00,0x27,
0x29,0x36,0x38,0x33,0xDD,0xFD,0x1E,0x39,0x28,0x33,0x00,0x2B,0x36,0x25,0x27,0x25,
0x37,0xFC,0x25,0x35,0x39,0x29,0x30,0x25,0x37,0x00,0x32,0x33,0x2D,0x38,0x29,0x37,
0xFC,0x29,0x31,0x00,0x35,0x39,0x29,0x00,0x25,0xFC,0x1D,0x36,0x38,0x25,0xE5,0x00,
0x0D,0x2D,0x29,0x30,0x00,0x34,0x29,0x37,0x35,0x39,0x2D,0x37,0x33,0x39,0xE5,0xFD,
0x1D,0x29,0x36,0x2D,0x25,0x00,0x30,0x29,0x2B,0x25,0x30,0x00,0x37,0x29,0xFC,0x33,
0x37,0x00,0x29,0x30,0x3A,0x29,0x37,0x00,0x2A,0x33,0x37,0x37,0x29,0x31,0xFC,0x25,
0x2D,0x32,0x28,0x25,0x00,0x31,0x25,0x2D,0x37,0xFC,0x2A,0x25,0x27,0x29,0x2D,0x37,
0x00,0x28,0x29,0x00,0x39,0x37,0x25,0x36,0xE5,0xFF,0xF3,0x5A,0x0B,0x2C,0xE8,0x00,
0x1D,0x36,0xE5,0x00,0x24,0x29,0x36,0x33,0xCA,0xFD,0x1F,0x30,0x38,0x2D,0x31,0x25,
0x31,0x29,0x32,0x38,0x29,0xFC,0x29,0x37,0x38,0x2D,0x3A,0x29,0x00,0x38,0x25,0x33,
0xFC,0x29,0x32,0x38,0x29,0x28,0x2D,0x25,0x28,0x33,0xE5,0xE5,0xE5,0xFD,0x31,0x29,
0x39,0x00,0x28,0x29,0x28,0x33,0xFC,0x27,0x33,0x27,0x25,0x00,0x32,0x33,0xFC,0x2B,
0x25,0x38,0x2D,0x30,0x2C,0x33,0xE5,0xFD,0x17,0x25,0x37,0x00,0x25,0x27,0x2C,0x33,
0x00,0x35,0x39,0x29,0xFC,0x32,0x25,0x33,0x00,0x29,0x00,0x25,0x30,0x2B,0x33,0xFC,
0x28,0x33,0x00,0x35,0x39,0x25,0x30,0x00,0x29,0x39,0x00,0x28,0x29,0x3A,0x25,0xFC,
0x36,0x29,0x27,0x30,0x25,0x31,0x25,0x36,0xE8,0x00,0x32,0x29,0xDD,0xFD,0x19,0x2C,
0xE8,0x00,0x27,0x29,0x36,0x38,0x33,0xCA,0xFD,0x18,0x25,0x33,0x00,0x27,0x33,0x32,
0x37,0x2D,0x2B,0x33,0xFC,0x29,0x32,0x38,0x29,0x32,0x28,0x29,0x36,0x00,0x33,0xFC,
0x35,0x39,0x29,0x00,0x38,0x29,0x31,0x00,0x32,0x29,0x37,0x38,0x29,0xFC,0x28,0x2D,
0x37,0x27,0x33,0xE5,0xE5,0xE5,0xFD,0x1A,0x33,0x28,0x29,0x00,0x2A,0x2D,0x27,0x25,
0x36,0xFC,0x27,0x33,0x31,0x00,0x29,0x30,0x29,0xCA,0xF5,0x09,0xFF,0xF3,0x5A,0x0B,
0x35,0x39,0x29,0x30,0x29,0x00,0x28,0x2D,0x37,0x27,0x33,0xFC,0x35,0x39,0x29,0x00,
0x38,0x29,0x00,0x28,0x29,0x2D,0xE5,0xE5,0xE5,0xFD,0xF6,0x01,0x14,0x25,0x00,0x33,
0x00,0x28,0x29,0x27,0x2D,0x2A,0x36,0x33,0x39,0xDD,0xFC,0x00,0x00,0x1D,0x2D,0x31,
0xFC,0x00,0x00,0x18,0x25,0x33,0xE5,0xE5,0xE5,0xFD,0x0F,0x39,0x00,0x37,0x25,0x26,
0x2D,0x25,0xCA,0xFC,0x1D,0x25,0x26,0x2D,0x25,0x00,0x35,0x39,0x29,0x00,0x2A,0x25,
0x36,0x2D,0x25,0xFC,0x2D,0x37,0x37,0x33,0xE8,0x00,0x1D,0x36,0xE5,0x00,0x24,0x29,
0x36,0x33,0xCA,0xFD,0x0B,0x00,0x37,0x39,0x25,0xFC,0x28,0x29,0x38,0x29,0x36,0x31,
0x2D,0x32,0x25,0x27,0x25,0x33,0x00,0x29,0xFC,0x39,0x31,0x25,0x00,0x2B,0x36,0x25,
0x32,0x28,0x29,0xFC,0x2D,0x32,0x37,0x34,0x2D,0x36,0x25,0x27,0x25,0x33,0xCA,0xFE,
0xF4,0x01,0x19,0x2C,0xE8,0x00,0x34,0x33,0x3C,0x25,0xCA,0xFC,0x0B,0x2D,0x32,0x28,
0x25,0x00,0x32,0x25,0x33,0xDD,0xFD,0x0E,0x29,0x3A,0x29,0x36,0x2D,0x25,0x00,0x34,
0x29,0x28,0x2D,0x36,0xFC,0x25,0x33,0x00,0x1D,0x36,0xE5,0x00,0x0D,0x29,0x36,0x3A,
0x29,0x25,0x39,0xFC,0x34,0x25,0x36,0x25,0x00,0x28,0x25,0x36,0xFC,0x39,0x31,0x25,
0x00,0x33,0x30,0x2C,0x25,0x28,0x25,0xE5,0xFF,0xF3,0x5A,0x19,0x2C,0xE8,0x00,0x1D,
0x36,0xE5,0x00,0x24,0x29,0x36,0x33,0xE5,0xE5,0xE5,0xFD,0x0B,0x27,0x2C,0x33,0x00,
0x35,0x39,0x29,0xFC,0x29,0x00,0x3A,0x29,0x30,0x2C,0x25,0xE8,0xFC,0x31,0x25,0x37,
0x00,0x30,0x29,0x31,0x26,0x36,0x25,0x00,0x28,0x25,0xFC,0x0D,0x36,0x3D,0x37,0x38,
0x25,0x30,0x00,0x0D,0x25,0x3A,0x29,0xDD,0xFD,0x20,0x25,0x00,0x25,0x38,0x29,0x00,
0x33,0xFC,0x2A,0x2D,0x32,0x25,0x30,0x00,0x28,0x25,0x00,0x03,0x25,0xFC,0x25,0x36,
0x29,0x25,0x00,0x28,0x29,0x00,0x0D,0x36,0x2D,0x37,0x38,0x25,0x30,0xFC,0x29,0x00,
0x3A,0x33,0x30,0x38,0x29,0xFD,0x25,0x00,0x29,0x37,0x35,0x39,0x29,0x36,0x28,0x25,
0xE5,0xFC,0x0F,0x32,0x38,0x25,0x33,0x00,0x27,0x2C,0x33,0x3A,0x29,0x36,0x25,0xFC,
0x24,0x00,0x1A,0x25,0x32,0x29,0x30,0x37,0xE5,0xFD,0xE5,0xE5,0xE5,0xFD,0x0E,0x29,
0x37,0x27,0x39,0x30,0x34,0x29,0xE8,0xFC,0x32,0x25,0x33,0x00,0x29,0x00,0x32,0x25,
0x28,0x25,0xFC,0x32,0x33,0x3A,0x33,0xE5,0xFF,0xF3,0x5A,0x0B,0x27,0x25,0x26,0x29,
0x2D,0x00,0x28,0x29,0x00,0x33,0x30,0x2C,0x25,0x36,0xFC,0x34,0x29,0x30,0x33,0x37,
0x00,0x26,0x2D,0x32,0x33,0x27,0x39,0x30,0x33,0x37,0xFC,0x29,0x00,0x3A,0x2D,0x00,
0x39,0x31,0x00,0x31,0x2D,0x37,0x37,0x2D,0x30,0xE5,0xFD,0x0F,0x37,0x38,0x25,0x3A,
0x25,0x00,0x31,0x39,0x2D,0x38,0x33,0xFC,0x30,0x33,0x32,0x2B,0x29,0x00,0x28,0x33,
0xFC,0x25,0x30,0x27,0x25,0x32,0x27,0x29,0xFC,0x28,0x29,0x37,0x38,0x29,0x00,0x27,
0x25,0x32,0x2C,0x25,0x33,0xE5,0xE5,0xE5,0xFD,0x1E,0x39,0x28,0x33,0x00,0x33,0x00,
0x35,0x39,0x29,0xFC,0x34,0x39,0x28,0x29,0x00,0x2A,0x25,0x3E,0x29,0x36,0xFC,0x2A,
0x33,0x2D,0x00,0x37,0x29,0x2B,0x39,0x36,0x25,0x36,0x00,0x33,0xFC,0x2B,0x25,0x38,
0x2D,0x30,0x2C,0x33,0x00,0x29,0x00,0x33,0x30,0x2C,0x25,0x36,0xE5,0xE5,0xE5,0xFF,
0xF3,0x5A,0x19,0x2C,0xE8,0x00,0x1D,0x36,0xE5,0x00,0x24,0x29,0x36,0x33,0xE5,0xE5,
0xE5,0xFD,0x0B,0x37,0x00,0x3A,0x29,0x3E,0x29,0x37,0x00,0x27,0x25,0x2D,0x00,0x32,
0x29,0x3A,0x29,0xFC,0x2A,0x33,0x36,0x25,0x00,0x28,0x29,0x00,0x29,0x34,0x33,0x27,
0x25,0xFC,0x32,0x29,0x37,0x38,0x25,0x00,0x26,0x25,0x37,0x29,0xE5,0xFD,0x0C,0x29,
0x31,0xE8,0x00,0x25,0x27,0x2C,0x33,0x00,0x35,0x39,0x29,0xFC,0x16,0x29,0x3A,0x2D,
0x25,0x38,0x2C,0x25,0x32,0x00,0x34,0x33,0x28,0x29,0x36,0x2D,0x25,0xFC,0x29,0x37,
0x38,0x25,0x36,0x00,0x34,0x33,0x36,0x00,0x38,0x36,0x25,0x37,0xFC,0x28,0x2D,0x37,
0x37,0x33,0xE5,0xFF,0xF3,0x5A,0x19,0x2C,0xE8,0x00,0x1D,0x36,0xE5,0x00,0x24,0x29,
0x36,0x33,0xE5,0xE5,0xE5,0xFD,0x0F,0x00,0x3A,0x29,0x36,0x28,0x25,0x28,0x29,0x00,
0x35,0x39,0x29,0xFC,0x33,0x00,0x0E,0x36,0xE5,0x00,0x21,0x29,0x2D,0x30,0xFC,0x29,
0x37,0x38,0x25,0x00,0x34,0x33,0x36,0x00,0x38,0x36,0x25,0x37,0xFC,0x28,0x25,0x37,
0x00,0x0F,0x30,0x2A,0x00,0x21,0x25,0x36,0x37,0xDD,0xFD,0x1D,0x29,0x00,0x2A,0x33,
0x36,0x00,0x3A,0x29,0x36,0x28,0x25,0x28,0x29,0xE8,0xFC,0x32,0x33,0x37,0x00,0x38,
0x29,0x31,0x33,0x37,0x00,0x25,0x30,0x2B,0x39,0x31,0x25,0xFC,0x27,0x2C,0x25,0x32,
0x27,0x29,0xDD,0xFD,0x19,0x2C,0xE8,0x00,0x27,0x29,0x39,0x37,0xE5,0x00,0x0F,0xFC,
0x38,0x29,0x36,0x36,0x2D,0x3A,0x29,0x30,0xE5,0xFF,0xF3,0x5A,0x10,0x25,0x30,0x25,
0x32,0x28,0x33,0x00,0x32,0x2D,0x37,0x37,0x33,0xE8,0xFC,0x27,0x33,0x31,0x33,0x00,
0x29,0x00,0x35,0x39,0x29,0xFC,0x33,0x00,0x21,0x29,0x2D,0x30,0x00,0x34,0x33,0x28,
0x29,0xFC,0x3A,0x33,0x25,0x36,0xDD,0xFD,0x19,0x2C,0xE8,0x00,0x25,0x27,0x2C,0x33,
0x00,0x35,0x39,0x29,0x00,0x29,0x30,0x29,0xFC,0x29,0x00,0x39,0x31,0x00,0x27,0x2D,
0x29,0x32,0x38,0x2D,0x37,0x38,0x25,0xCA,0xFC,0x13,0x37,0x37,0x33,0x00,0x34,0x36,
0x33,0x3A,0x25,0x3A,0x29,0x30,0x31,0x29,0x32,0x38,0x29,0xFD,0x32,0x25,0x33,0x00,
0x29,0x00,0x32,0x29,0x32,0x2C,0x39,0x31,0xFC,0x28,0x29,0x37,0x25,0x2A,0x2D,0x33,
0x00,0x34,0x25,0x36,0x25,0x00,0x29,0x30,0x29,0xCA,0xFF,0xF3,0x6C,0x0B,0x2C,0xE8,
0x00,0x1D,0x36,0xE5,0x00,0x24,0x29,0x36,0x33,0xE5,0xFD,0x0F,0x39,0x00,0x29,0x37,
0x38,0x25,0x3A,0x25,0x00,0x30,0x2D,0x31,0x34,0x25,0x32,0x28,0x33,0xFC,0x29,0x37,
0x38,0x29,0x00,0x35,0x39,0x25,0x36,0x38,0x33,0x00,0x29,0xFD,0x29,0x32,0x27,0x33,
0x32,0x38,0x36,0x29,0x2D,0x00,0x39,0x31,0x00,0x0E,0x2D,0x37,0x27,0x33,0xFC,0x1D,
0x29,0x27,0x36,0x29,0x38,0x33,0xE5,0x00,0x0E,0x29,0x3A,0x29,0x00,0x29,0x37,0x38,
0x25,0x36,0xFC,0x34,0x33,0x36,0x00,0x25,0x35,0x39,0x2D,0xE5,0xFD,0x1D,0x29,0x00,
0x33,0x00,0x29,0x32,0x27,0x33,0x32,0x38,0x36,0x25,0x36,0xE8,0xFC,0x29,0x00,0x37,
0x29,0x39,0xE5,0xFF,0xF3,0x6C,0x17,0x29,0x00,0x34,0x29,0x36,0x2B,0x39,0x32,0x38,
0x33,0x00,0x34,0x25,0x36,0x25,0xFC,0x33,0x32,0x28,0x29,0x00,0x2A,0x33,0x36,0x25,
0x31,0xFC,0x33,0x37,0x00,0x37,0x39,0x26,0x33,0x36,0x28,0x2D,0x32,0x25,0x28,0x33,
0x37,0xFD,0x28,0x33,0x00,0x1D,0x36,0xE5,0x00,0x0F,0x30,0x34,0x2D,0x3E,0x33,0xE5,
0xFC,0x0B,0x38,0x29,0x00,0x34,0x33,0x39,0x27,0x33,0x00,0x38,0x29,0x31,0x34,0x33,
0xFC,0x29,0x30,0x29,0x37,0x00,0x29,0x37,0x38,0x25,0x3A,0x25,0x31,0x00,0x25,0x35,
0x39,0x2D,0xE5,0xFD,0x1E,0x25,0x30,0x3A,0x29,0x3E,0x00,0x29,0x30,0x29,0x37,0x00,
0x38,0x29,0x32,0x2C,0x25,0x31,0xFC,0x37,0x29,0x00,0x37,0x29,0x32,0x38,0x2D,0x28,
0x33,0xFC,0x28,0x29,0x37,0x27,0x33,0x32,0x2A,0x33,0x36,0x38,0x25,0x3A,0x29,0x2D,
0x37,0xFC,0x25,0x2B,0x33,0x36,0x25,0x00,0x35,0x39,0x29,0x00,0x33,0xFC,0x0F,0x30,
0x34,0x2D,0x3E,0x33,0x00,0x37,0x29,0x00,0x2A,0x33,0x2D,0xDD,0xFF,0xF3,0x6C,0x19,
0x00,0x34,0x33,0x28,0x29,0x36,0x00,0x28,0x25,0xFC,0x0E,0x25,0x36,0x2F,0x00,0x0F,
0x30,0x2A,0x00,0x29,0x00,0x38,0x25,0x33,0xFC,0x2D,0x32,0x38,0x29,0x32,0x37,0x33,
0x00,0x27,0x33,0x31,0x33,0x00,0x28,0x2D,0x3E,0x29,0x31,0xDD,0xFD,0x1D,0x29,0x00,
0x2A,0x33,0x36,0x00,0x3A,0x29,0x36,0x28,0x25,0x28,0x29,0xE8,0xFC,0x32,0x25,0x33,
0x00,0x37,0x29,0x36,0x2D,0x25,0x00,0x29,0x37,0x38,0x36,0x25,0x32,0x2C,0x33,0xFC,
0x35,0x39,0x29,0x00,0x25,0x34,0x25,0x36,0x29,0x27,0x29,0x37,0x37,0x29,0xFC,0x33,
0x39,0x38,0x36,0x33,0xFD,0x27,0x25,0x36,0x25,0x00,0x27,0x33,0x31,0x33,0xFC,0x33,
0x00,0x1D,0x36,0xE5,0x00,0x0F,0x30,0x34,0x2D,0x3E,0x33,0xE5,0xFF,0xF3,0x6C,0x0B,
0x2C,0xE8,0x00,0x1D,0x36,0xE5,0x00,0x24,0x29,0x36,0x33,0xCA,0xFC,0x1B,0x39,0x29,
0x00,0x26,0x33,0x31,0x00,0x3A,0x29,0xD6,0x30,0x33,0xCA,0xFD,0x0F,0x37,0x38,0x33,
0x39,0x00,0x2A,0x25,0x3E,0x29,0x32,0x28,0x33,0x00,0x39,0x31,0x25,0xFC,0x34,0x25,
0x39,0x37,0x25,0x00,0x28,0x29,0x34,0x33,0x2D,0x37,0x00,0x28,0x29,0xFD,0x34,0x25,
0x38,0x36,0x39,0x30,0x2C,0x25,0x36,0x00,0x33,0xFC,0x37,0x29,0x2B,0x39,0x32,0x28,
0x33,0x00,0x25,0x32,0x28,0x25,0x36,0xE5,0xFD,0x0F,0x32,0x38,0x25,0x33,0x00,0x32,
0x25,0x33,0xFC,0x34,0x29,0x32,0x37,0x29,0x00,0x35,0x39,0x29,0xFC,0x29,0x39,0x00,
0x37,0x33,0x00,0x29,0x37,0x38,0x33,0x39,0xFC,0x3A,0x25,0x28,0x2D,0x25,0x32,0x28,
0x33,0xE5,0xFF,0xF3,0x6C,0x0B,0x2C,0xE8,0x00,0x1D,0x36,0xE5,0x00,0x24,0x29,0x36,
0x33,0xCA,0xFC,0x1B,0x39,0x29,0x00,0x26,0x33,0x31,0x00,0x3A,0x29,0xD6,0x30,0x33,
0xCA,0xFD,0x0B,0x27,0x2C,0x29,0x2D,0x00,0x39,0x31,0x00,0x0E,0x2D,0x37,0x27,0x33,
0xFC,0x1D,0x29,0x27,0x36,0x29,0x38,0x33,0x00,0x34,0x25,0x38,0x36,0x39,0x30,0x2C,
0x25,0x32,0x28,0x33,0xFC,0x25,0x2B,0x33,0x36,0x25,0x00,0x2C,0x25,0x00,0x34,0x33,
0x39,0x27,0x33,0xE5,0xE5,0xE5,0xFD,0x1D,0x29,0x00,0x36,0x29,0x37,0x34,0x33,0x32,
0x28,0x29,0x36,0x00,0x25,0x37,0xFC,0x31,0x2D,0x32,0x2C,0x25,0x37,0x00,0x34,0x29,
0x36,0x2B,0x39,0x32,0x38,0x25,0x37,0xE8,0xFC,0x29,0x39,0x00,0x33,0x00,0x28,0x25,
0x36,0x29,0x2D,0xE5,0xFD,0xF6,0x01,0x10,0x29,0x27,0x2C,0x25,0x28,0x33,0xDD,0xFC,
0x00,0x00,0x0D,0x30,0x25,0x36,0x33,0xFC,0x00,0x00,0x18,0x25,0x33,0xE5,0xE5,0xE5,
0xFD,0x0D,0x29,0x36,0x38,0x33,0xCA,0x00,0x19,0x00,0x37,0x29,0x32,0x2C,0x33,0x36,
0xFC,0x38,0x29,0x31,0x00,0x31,0x39,0x2D,0x38,0x25,0x00,0x27,0x33,0x32,0x2A,0x2D,
0x25,0x32,0x27,0x25,0xE8,0xFC,0x1D,0x36,0xE5,0x00,0x24,0x29,0x36,0x33,0xCA,0xFD,
0x16,0x25,0x00,0x3A,0x25,0x31,0x33,0x37,0x00,0x32,0x33,0x37,0xCA,0xFD,0x0D,0x33,
0x31,0x33,0x00,0x37,0x29,0x00,0x27,0x2C,0x25,0x31,0x25,0xFC,0x33,0x00,0x17,0x29,
0x27,0x2C,0x25,0x32,0x2D,0x30,0x33,0x2D,0x28,0xFC,0x29,0x31,0x00,0x2A,0x33,0x36,
0x31,0x25,0xFD,0x28,0x29,0x00,0x27,0x25,0x31,0x25,0x36,0x25,0x33,0x00,0x35,0x39,
0x29,0xFC,0x25,0x34,0x25,0x36,0x29,0x27,0x29,0x00,0x32,0x25,0x37,0x00,0x25,0x36,
0x29,0x25,0x37,0xFC,0x28,0x29,0x00,0x32,0x29,0x3A,0x29,0x00,0x33,0x39,0x00,0x28,
0x29,0x37,0x29,0x36,0x38,0x33,0xDD,0xFD,0xF6,0x02,0x20,0x33,0x27,0x29,0x00,0x37,
0x25,0x26,0x29,0xDD,0xFC,0x00,0x00,0x1D,0x2C,0x36,0x2D,0x31,0x34,0x33,0x30,0x2D,
0x32,0xFC,0x00,0x00,0x1E,0x36,0x25,0x31,0x34,0x33,0x30,0x2D,0x32,0x29,0xFD,0x0D,
0x33,0x36,0x36,0x29,0x38,0x33,0xCA,0xFC,0x20,0x33,0x27,0x29,0x00,0x29,0x00,0x31,
0x39,0x2D,0x38,0x33,0x00,0x26,0x33,0x31,0xCA,0xFC,0x1A,0x36,0x33,0x3C,0x2D,0x31,
0x25,0xE5,0xFD,0x0D,0x33,0x31,0x33,0x00,0x37,0x29,0x00,0x27,0x2C,0x25,0x31,0x25,
0xFC,0x33,0x00,0x17,0x29,0x27,0x2C,0x25,0x32,0x2D,0x30,0x33,0x2D,0x28,0xFC,0x35,
0x39,0x29,0x00,0x37,0x25,0x30,0x38,0x25,0x00,0x28,0x25,0xFD,0x30,0x25,0x3A,0x25,
0x00,0x29,0x31,0xFC,0x0B,0x29,0x2B,0x2D,0x37,0x00,0x20,0x33,0x30,0x27,0x25,0x32,
0x33,0xDD,0xFD,0xF6,0x03,0x20,0x33,0x27,0x29,0x00,0x37,0x25,0x26,0x29,0xDD,0xFC,
0x00,0x00,0x16,0x25,0x31,0x34,0x30,0x33,0x36,0x38,0xFC,0x00,0x00,0x20,0x33,0x30,
0x27,0x25,0x2D,0x36,0x29,0xFD,0x1D,0x2D,0x32,0x38,0x33,0x00,0x31,0x39,0x2D,0x38,
0x33,0xE8,0xFC,0x29,0x37,0x38,0x25,0x00,0x2D,0x32,0x27,0x33,0x36,0x36,0x29,0x38,
0x33,0xE5,0xFD,0x1E,0x29,0x32,0x38,0x29,0xFC,0x28,0x29,0x00,0x32,0x33,0x3A,0x33,
0xE5,0xFE,0xF4,0x01,0x19,0x2C,0xE8,0x00,0x29,0x32,0x38,0x25,0x33,0xFC,0x32,0x25,
0x33,0x00,0x33,0x00,0x35,0x39,0x29,0x36,0xE5,0xE5,0xE5,0xFE,0xF4,0x02,0x1D,0x2D,
0x32,0x38,0x33,0x00,0x31,0x39,0x2D,0x38,0x33,0xE8,0xFC,0x29,0x37,0x38,0x25,0x00,
0x2D,0x32,0x27,0x33,0x36,0x36,0x29,0x38,0x33,0xE5,0xFD,0x1E,0x29,0x32,0x38,0x29,
0xFC,0x28,0x29,0x00,0x32,0x33,0x3A,0x33,0xE5,0xFE,0xF4,0x03,0x0D,0x33,0x36,0x36,
0x29,0x38,0x33,0xFC,0x33,0x39,0x38,0x36,0x25,0x00,0x3A,0x29,0x3E,0xCA,0xFC,0x17,
0x39,0x2D,0x38,0x33,0x00,0x26,0x29,0x31,0xFC,0x1D,0x36,0xE5,0x00,0x24,0x29,0x36,
0x33,0xCA,0xFD,0x0B,0x00,0x34,0x36,0x33,0x3C,0x2D,0x31,0x25,0xFC,0x29,0x00,0x28,
0x2D,0x2A,0x2D,0x27,0x2D,0x30,0xE5,0xFD,0x0F,0x31,0x00,0x35,0x39,0x25,0x32,0x38,
0x25,0x37,0x00,0x34,0x33,0x36,0x38,0x25,0x37,0xFC,0x3A,0x33,0x27,0x29,0x00,0x34,
0x33,0x28,0x29,0xFC,0x29,0x32,0x38,0x36,0x25,0x36,0xFC,0x32,0x25,0x00,0x19,0x30,
0x28,0xFD,0xF6,0x04,0x1C,0x29,0x37,0x2D,0x28,0x29,0x32,0x38,0x2D,0x25,0x30,0x00,
0x0B,0x36,0x29,0x25,0xDD,0xFC,0x00,0x00,0x07,0xFC,0x00,0x00,0x08,0xFD,0x1D,0x2D,
0x32,0x38,0x33,0x00,0x31,0x39,0x2D,0x38,0x33,0xE8,0xFC,0x29,0x37,0x38,0x25,0x00,
0x2D,0x32,0x27,0x33,0x36,0x36,0x29,0x38,0x33,0xE5,0xFD,0x1E,0x29,0x32,0x38,0x29,
0xFC,0x28,0x29,0x00,0x32,0x33,0x3A,0x33,0xE5,0xFE,0xF4,0x04,0x1F,0x25,0x39,0xCA,
0x00,0x1E,0x33,0x28,0x25,0x37,0xFC,0x27,0x33,0x36,0x36,0x29,0x38,0x25,0x37,0xCA,
0xFD,0x1A,0x29,0x2B,0x39,0x29,0xE8,0x00,0x2D,0x37,0x38,0x33,0xFC,0x29,0x00,0x37,
0x29,0x39,0xE8,0x00,0x27,0x33,0x31,0x33,0xFC,0x29,0x39,0x00,0x34,0x36,0x33,0x31,
0x29,0x38,0x2D,0xE5,0xF5,0x09,0xFF,0xF3,0x6C,0x1E,0x29,0x32,0x2C,0x33,0x00,0x27,
0x29,0x36,0x38,0x29,0x3E,0x25,0xFC,0x28,0x29,0x00,0x35,0x39,0x29,0x00,0x2C,0x25,
0x00,0x25,0x30,0x2B,0x33,0xFC,0x30,0x29,0x2B,0x25,0x30,0x00,0x32,0x25,0x35,0x39,
0x29,0x30,0x29,0x00,0x28,0x2D,0x37,0x27,0x33,0xFD,0x35,0x39,0x29,0x00,0x29,0x39,
0x00,0x38,0x29,0x00,0x28,0x29,0x2D,0xE5,0xFD,0x1B,0x39,0x25,0x32,0x28,0x33,0x00,
0x33,0x00,0x34,0x29,0x2B,0x39,0x29,0x2D,0xFC,0x34,0x25,0x36,0x29,0x27,0x2D,0x25,
0x00,0x26,0x29,0x31,0xFC,0x34,0x29,0x37,0x25,0x28,0x33,0xE5,0xFF,0xF3,0x6C,0x0B,
0x00,0x1D,0x36,0x38,0x25,0xE5,0x00,0x0D,0x2D,0x29,0x30,0xFC,0x29,0x00,0x33,0x00,
0x0E,0x36,0xE5,0x00,0x21,0x29,0x2D,0x30,0xFC,0x37,0x25,0x33,0x00,0x27,0x2D,0x29,
0x32,0x38,0x2D,0x37,0x38,0x25,0x37,0xE5,0xFD,0x0D,0x33,0x31,0x33,0x00,0x29,0x30,
0x29,0x37,0x00,0x34,0x33,0x28,0x29,0x31,0xFC,0x34,0x29,0x32,0x37,0x25,0x36,0x00,
0x28,0x29,0x00,0x2A,0x33,0x36,0x31,0x25,0xFC,0x38,0x25,0x33,0x00,0x28,0x2D,0x2A,
0x29,0x36,0x29,0x32,0x38,0x29,0xDD,0xFD,0x0E,0x25,0x00,0x31,0x29,0x28,0x33,0x00,
0x37,0x33,0xFC,0x28,0x29,0x00,0x34,0x29,0x32,0x37,0x25,0x36,0xE5,0xE5,0xE5,0xFF,
0xF3,0x6C,0x1D,0x36,0xE5,0x00,0x24,0x29,0x36,0x33,0xCA,0xFD,0x0F,0x37,0x38,0x25,
0x00,0x37,0x25,0x30,0x25,0xFC,0x2B,0x36,0x25,0x32,0x28,0x29,0x00,0x32,0x25,0x33,
0x00,0x29,0xFC,0x39,0x37,0x25,0x28,0x25,0x00,0x34,0x25,0x36,0x25,0x00,0x32,0x25,
0x28,0x25,0xE5,0xFD,0x0F,0x39,0x00,0x29,0x37,0x38,0x25,0x3A,0x25,0x00,0x30,0x2D,
0x31,0x34,0x25,0x32,0x28,0x33,0xFC,0x25,0x35,0x39,0x29,0x30,0x29,0x00,0x25,0x36,
0x31,0x25,0x36,0x2D,0x33,0xE5,0xE5,0xE5,0xFD,0x29,0x00,0x30,0x25,0x00,0x28,0x29,
0x32,0x38,0x36,0x33,0xFC,0x29,0x32,0x27,0x33,0x32,0x38,0x36,0x29,0x2D,0x00,0x25,
0x30,0x2B,0x39,0x32,0x37,0xFC,0x0F,0xD6,0x0D,0x36,0x3D,0x37,0x38,0x25,0x30,0x37,
0xE5,0xFD,0x0E,0x29,0x34,0x33,0x2D,0x37,0x00,0x32,0x33,0x38,0x29,0x2D,0xFC,0x35,
0x39,0x29,0x00,0x29,0x00,0x33,0x00,0x25,0x36,0x31,0x25,0x36,0x2D,0x33,0xFC,0x28,
0x33,0x00,0x12,0x2D,0x26,0x33,0x39,0xE5,0xFD,0x19,0x39,0x3A,0x2D,0x00,0x28,0x2D,
0x3E,0x29,0x36,0xFC,0x35,0x39,0x29,0x00,0x29,0x30,0x29,0x00,0x29,0x37,0x38,0x25,
0x00,0x28,0x29,0xFC,0x28,0x2D,0x29,0x38,0x25,0xE8,0x00,0x29,0x32,0x38,0x25,0x33,
0x00,0x32,0x25,0x33,0xFC,0x3A,0x25,0x2D,0x00,0x34,0x36,0x29,0x27,0x2D,0x37,0x25,
0x36,0x00,0x28,0x29,0x30,0x29,0x37,0xE5,0xFD,0x0B,0x35,0x39,0x2D,0x00,0x29,0x37,
0x38,0x25,0xE8,0xFC,0x1D,0x36,0xE5,0x00,0x24,0x29,0x36,0x33,0xCA,0xF5,0x09,0xFF,
0xF3,0x6C,0x17,0x29,0x00,0x34,0x29,0x36,0x2B,0x39,0x32,0x38,0x33,0x00,0x37,0x29,
0xFC,0x2A,0x33,0x2D,0x00,0x29,0x36,0x36,0x25,0x28,0x33,0x00,0x38,0x29,0x00,0x28,
0x25,0x36,0xFC,0x29,0x37,0x37,0x29,0x37,0x00,0x0F,0xD6,0x0D,0x36,0x3D,0x37,0x38,
0x25,0x30,0x37,0xE5,0xFD,0x17,0x25,0x37,0x00,0x33,0x00,0x12,0x2D,0x26,0x33,0x39,
0xFC,0x38,0x29,0x31,0x00,0x31,0x29,0x31,0x33,0x36,0x2D,0x25,0xFC,0x36,0x39,0x2D,
0x31,0xE8,0x00,0x29,0x32,0x38,0x25,0x33,0x00,0x29,0x30,0x29,0xFC,0x32,0x29,0x31,
0x00,0x3A,0x25,0x2D,0x00,0x32,0x33,0x38,0x25,0x36,0xE5,0xFF,0xF3,0x5C,0x24,0x29,
0x36,0x33,0xE8,0x00,0x27,0x33,0x31,0x33,0xFC,0x3A,0x33,0x27,0x29,0x00,0x29,0x37,
0x38,0x25,0xDD,0xFD,0x10,0x2D,0x27,0x33,0x00,0x38,0x25,0x33,0x00,0x2A,0x29,0x30,
0x2D,0x3E,0xFC,0x29,0x31,0x00,0x34,0x33,0x28,0x29,0x36,0x00,0x38,0x29,0xFC,0x3A,
0x29,0x36,0x00,0x28,0x29,0x00,0x32,0x33,0x3A,0x33,0xCA,0xFD,0xF6,0x01,0x20,0x33,
0x27,0x29,0x00,0x30,0x29,0x31,0x26,0x36,0x25,0x00,0x28,0x29,0x00,0x31,0x2D,0x31,
0xDD,0xFC,0x00,0x00,0x1D,0x2D,0x31,0xFC,0x00,0x00,0x18,0x25,0x33,0xE5,0xE5,0xE5,
0xFD,0x0D,0x30,0x25,0x36,0x33,0x00,0x35,0x39,0x29,0x00,0x37,0x2D,0x31,0xCA,0xFD,
0x0F,0x00,0x2D,0x37,0x37,0x33,0x00,0x25,0x2D,0xCA,0xFD,0x20,0x33,0x27,0x29,0x00,
0x31,0x29,0x00,0x36,0x29,0x37,0x2B,0x25,0x38,0x33,0x39,0xFC,0x35,0x39,0x25,0x32,
0x28,0x33,0x00,0x31,0x29,0xFC,0x27,0x25,0x34,0x38,0x39,0x36,0x25,0x36,0x25,0x31,
0xFD,0x32,0x25,0x35,0x39,0x29,0x30,0x25,0x00,0x26,0x25,0x37,0x29,0xFC,0x37,0x29,
0x27,0x36,0x29,0x38,0x25,0xCA,0xFD,0x10,0x2D,0x27,0x33,0x00,0x31,0x39,0x2D,0x38,
0x33,0x00,0x2A,0x29,0x30,0x2D,0x3E,0xFC,0x35,0x39,0x29,0x00,0x3A,0x33,0x27,0x29,
0xFC,0x30,0x29,0x31,0x26,0x36,0x29,0x00,0x28,0x29,0x00,0x31,0x2D,0x31,0xCA,0xFD,
0x1E,0x33,0x31,0x29,0xE8,0x00,0x28,0x29,0x2D,0x3C,0x29,0xD6,0x31,0x29,0xFC,0x38,
0x29,0x00,0x28,0x25,0x36,0x00,0x39,0x32,0x37,0xFC,0x0F,0xD6,0x0D,0x36,0x3D,0x37,
0x38,0x25,0x30,0x37,0xCA,0xFD,0xD3,0x1D,0x17,0x0B,0x0D,0x15,0xCA,0xD3,0xF5,0x09,
0xFE,0xF4,0x01,0x20,0x33,0x27,0x29,0x00,0x29,0x00,0x38,0x29,0x36,0x36,0x2D,0x3A,
0x29,0x30,0xCA,0xFC,0x0F,0x31,0x26,0x33,0x36,0x25,0x00,0x2E,0x25,0x00,0x38,0x29,
0x32,0x2C,0x25,0xFC,0x31,0x29,0x00,0x26,0x29,0x2D,0x2E,0x25,0x28,0x33,0x00,0x25,
0x32,0x38,0x29,0x37,0xE5,0xE5,0xE5,0xFD,0x1A,0x33,0x3C,0x25,0xE8,0x00,0x27,0x29,
0x36,0x38,0x29,0x3E,0x25,0xFC,0x35,0x39,0x29,0x00,0x3A,0x33,0x27,0x29,0x00,0x29,
0x37,0x35,0x39,0x29,0x27,0x29,0xFC,0x38,0x33,0x28,0x25,0x37,0x00,0x25,0x37,0xFC,
0x2B,0x25,0x36,0x33,0x38,0x25,0x37,0xE5,0xE5,0xE5,0xFF,0xF3,0x5C,0x18,0x25,0x33,
0x00,0x28,0x2D,0x2B,0x25,0xFC,0x32,0x25,0x28,0x25,0x00,0x25,0x00,0x0D,0x2D,0x29,
0x30,0xFC,0x37,0x33,0x26,0x36,0x29,0x00,0x2D,0x37,0x37,0x33,0xE8,0x00,0x33,0x2F,
0xDD,0xFD,0x11,0x25,0x36,0x33,0x38,0x25,0x37,0xFC,0x2C,0x39,0x31,0x25,0x32,0x25,
0x37,0x00,0x2A,0x2D,0x27,0x25,0x31,0xFC,0x27,0x33,0x31,0x00,0x36,0x25,0x2D,0x3A,
0x25,0x00,0x28,0x29,0xFC,0x27,0x33,0x2D,0x37,0x25,0x37,0x00,0x25,0x37,0x37,0x2D,
0x31,0xE5,0xFF,0xF3,0x6C,0x1D,0x36,0xE5,0x00,0x24,0x29,0x36,0x33,0xCA,0xFD,0x10,
0x39,0x2D,0x00,0x25,0x33,0x00,0x34,0x33,0x36,0x38,0x33,0x00,0x34,0x25,0x36,0x25,
0xFC,0x33,0x30,0x2C,0x25,0x36,0x00,0x25,0x37,0x00,0x29,0x37,0x38,0x36,0x29,0x30,
0x25,0x37,0xE5,0xE5,0xE5,0xFC,0x29,0x00,0x39,0x31,0x25,0x00,0x29,0x37,0x38,0x36,
0x29,0x30,0x25,0xFC,0x27,0x25,0x28,0x29,0x32,0x38,0x29,0xFD,0x27,0x25,0x2D,0x39,
0x00,0x32,0x25,0x00,0x31,0x2D,0x32,0x2C,0x25,0x00,0x27,0x25,0x26,0x29,0x27,0x25,
0xE5,0xFC,0x0B,0x2B,0x33,0x36,0x25,0x00,0x29,0x39,0x00,0x38,0x29,0x32,0x2C,0x33,
0xFC,0x39,0x31,0x00,0x2B,0x25,0x30,0x25,0x33,0xCA,0xFD,0x0B,0x33,0x00,0x33,0x30,
0x2C,0x25,0x36,0x00,0x31,0x25,0x2D,0x37,0xFC,0x28,0x29,0x00,0x34,0x29,0x36,0x38,
0x33,0x00,0x34,0x29,0x36,0x27,0x29,0x26,0x2D,0xFC,0x35,0x39,0x29,0x00,0x29,0x36,
0x25,0x31,0xFC,0x0F,0xD6,0x0D,0x36,0x3D,0x37,0x38,0x25,0x30,0x37,0xE5,0xFD,0x0F,
0x00,0x29,0x37,0x38,0x29,0x37,0x00,0x37,0x25,0x33,0x00,0x29,0x37,0x37,0x29,0x37,
0xFC,0x31,0x29,0x37,0x31,0x33,0x37,0x00,0x0F,0xD6,0x0D,0x36,0x3D,0x37,0x38,0x25,
0x30,0x37,0xE5,0xFD,0x1E,0x33,0x28,0x25,0x00,0x3A,0x29,0x3E,0x00,0x35,0x39,0x29,
0x00,0x29,0x39,0xFC,0x33,0x30,0x2C,0x33,0x00,0x34,0x25,0x36,0x25,0x00,0x29,0x30,
0x29,0x37,0xE8,0xFC,0x30,0x29,0x31,0x26,0x36,0x33,0xFC,0x28,0x25,0x35,0x39,0x29,
0x30,0x29,0x00,0x2D,0x32,0x27,0x2D,0x28,0x29,0x32,0x38,0x29,0xE5,0xFD,0x0E,0x29,
0x2D,0x3C,0x29,0xD6,0x31,0x29,0x00,0x38,0x29,0xFC,0x28,0x25,0x36,0x00,0x29,0x37,
0x37,0x29,0x37,0xFC,0x0F,0xD6,0x0D,0x36,0x3D,0x37,0x38,0x25,0x30,0x37,0xE8,0xFC,
0x1D,0x36,0xE5,0x00,0x24,0x29,0x36,0x33,0xE5,0xF5,0x09,0xFF,0xF3,0x6C,0x1D,0x25,
0x26,0x29,0xE8,0x00,0x29,0x39,0xFC,0x29,0x37,0x38,0x25,0x3A,0x25,0x00,0x34,0x29,
0x32,0x37,0x25,0x32,0x28,0x33,0xE5,0xE5,0xE5,0xFC,0x0D,0x33,0x31,0x33,0x00,0x29,
0x00,0x34,0x33,0x37,0x37,0x2D,0x3A,0x29,0x30,0xFD,0x35,0x39,0x29,0x00,0x0F,0xD6,
0x0D,0x36,0x3D,0x37,0x38,0x25,0x30,0x37,0xFC,0x27,0x25,0x2D,0x37,0x37,0x29,0x31,
0x00,0x28,0x33,0x00,0x27,0x29,0x39,0xDD,0xFD,0x1A,0x33,0x36,0x00,0x25,0x27,0x25,
0x37,0x33,0x00,0x39,0x31,0x25,0xFC,0x2B,0x25,0x2D,0x3A,0x33,0x38,0x25,0x00,0x33,
0x37,0x00,0x28,0x29,0x2D,0x3C,0x33,0x39,0xFC,0x27,0x25,0x2D,0x36,0x00,0x27,0x33,
0x31,0x33,0xFC,0x39,0x31,0x25,0x00,0x34,0x29,0x2B,0x25,0x28,0x2D,0x32,0x2C,0x25,
0xDD,0xFD,0x19,0x39,0x00,0x38,0x25,0x30,0x3A,0x29,0x3E,0x00,0x38,0x29,0x32,0x2C,
0x25,0xFC,0x37,0x2D,0x28,0x33,0x00,0x39,0x31,0x00,0x34,0x29,0x2D,0x3C,0x29,0xFC,
0x3A,0x33,0x25,0x28,0x33,0x36,0xE5,0xE5,0xE5,0xFD,0x0B,0x00,0x3A,0x2D,0x28,0x25,
0x00,0x29,0x00,0x27,0x2C,0x29,0x2D,0x25,0xFC,0x28,0x29,0x00,0x31,0x2D,0x37,0x38,
0x29,0x36,0x2D,0x33,0x37,0xE5,0xFF,0xF3,0x5A,0x0F,0x2D,0xE8,0x00,0x1D,0x36,0xE5,
0x00,0x24,0x29,0x36,0x33,0xCA,0xFD,0x19,0x26,0x36,0x2D,0x2B,0x25,0x28,0x33,0x00,
0x34,0x33,0x36,0xFC,0x31,0x29,0x00,0x37,0x25,0x30,0x3A,0x25,0x36,0x00,0x28,0x25,
0x35,0x39,0x29,0x30,0x25,0xFC,0x3A,0x29,0x3E,0xE5,0xFD,0x1D,0x29,0x00,0x32,0x25,
0x33,0x00,0x2A,0x33,0x37,0x37,0x29,0xFC,0x34,0x29,0x30,0x33,0x00,0x37,0x29,0x32,
0x2C,0x33,0x36,0xE8,0xFC,0x1D,0x36,0xE5,0x00,0x24,0x29,0x36,0x33,0xE8,0x00,0x29,
0x39,0xFC,0x25,0x2D,0x32,0x28,0x25,0x00,0x29,0x37,0x38,0x25,0x36,0x2D,0x25,0x00,
0x34,0x36,0x29,0x37,0x33,0xE5,0xFD,0x0B,0x35,0x39,0x29,0x30,0x29,0x00,0x31,0x33,
0x32,0x37,0x38,0x36,0x33,0xFC,0x27,0x29,0x36,0x3A,0x33,0x00,0x38,0x29,0x36,0x2D,
0x25,0xFC,0x31,0x29,0x00,0x27,0x33,0x32,0x2B,0x29,0x30,0x25,0x28,0x33,0x00,0x29,
0xFD,0x31,0x29,0x00,0x2E,0x33,0x2B,0x25,0x28,0x33,0x00,0x32,0x33,0xFC,0x2A,0x39,
0x32,0x28,0x33,0x00,0x28,0x33,0x00,0x33,0x27,0x29,0x25,0x32,0x33,0xE5,0xFD,0x1D,
0x33,0x00,0x29,0x37,0x38,0x33,0x39,0x00,0x25,0x35,0x39,0x2D,0xFC,0x2B,0x36,0x25,
0x27,0x25,0x37,0x00,0x25,0x33,0x00,0x37,0x29,0x32,0x2C,0x33,0x36,0xE8,0xFC,0x1D,
0x36,0xE5,0x00,0x24,0x29,0x36,0x33,0xE5,0xFD,0x1A,0x33,0x36,0x00,0x2A,0x25,0x3A,
0x33,0x36,0xE8,0xFC,0x28,0x29,0x2D,0x3C,0x29,0xD6,0x31,0x29,0xFC,0x25,0x2B,0x36,
0x25,0x28,0x29,0x27,0x29,0x36,0xE5,0xE5,0xE5,0xFD,0x18,0x25,0x33,0x00,0x29,0x00,
0x31,0x39,0x2D,0x38,0x33,0xE8,0xFC,0x31,0x25,0x37,0x00,0x25,0x27,0x29,0x2D,0x38,
0x29,0xFC,0x29,0x37,0x38,0x29,0x37,0x00,0x0F,0xD6,0x0D,0x36,0x3D,0x37,0x38,0x25,
0x30,0x37,0xE5,0xF5,0x09,0xFF,0xF3,0x5A,0x14,0x25,0x00,0x32,0x25,0x33,0x00,0x38,
0x29,0x32,0x2C,0x33,0xFC,0x31,0x25,0x2D,0x37,0x00,0x0F,0xD6,0x0D,0x36,0x3D,0x37,
0x38,0x25,0x30,0x37,0xFC,0x34,0x25,0x36,0x25,0x00,0x30,0x2C,0x29,0x00,0x28,0x25,
0x36,0xE8,0xFC,0x1D,0x36,0xE5,0x00,0x24,0x29,0x36,0x33,0xE5,0xFD,0x20,0x33,0x39,
0x00,0x28,0x29,0x37,0x30,0x2D,0x2B,0x25,0x36,0x00,0x37,0x29,0xFC,0x28,0x29,0x36,
0x00,0x38,0x33,0x28,0x33,0x37,0x00,0x25,0xFC,0x3A,0x33,0x27,0x29,0xCA,0xFF,0xF3,
0x5A,0x1D,0x36,0xE5,0x00,0x24,0x29,0x36,0x33,0xCA,0xFC,0x1D,0x36,0xE5,0x00,0x24,
0x29,0x36,0x33,0xCA,0xFD,0x1A,0x25,0x36,0x29,0x27,0x29,0x00,0x35,0x39,0x29,0x00,
0x33,0xFC,0x37,0x29,0x32,0x2C,0x33,0x36,0x00,0x29,0x37,0x38,0x25,0x00,0x34,0x25,
0xD6,0xFC,0x38,0x36,0x39,0x30,0x2C,0x25,0x32,0x28,0x33,0x00,0x25,0x00,0x0C,0x25,
0x37,0x29,0xFC,0x28,0x25,0x00,0x1C,0x29,0x37,0x2D,0x37,0x38,0x29,0x32,0x27,0x2D,
0x25,0xE5,0xFD,0x1D,0x36,0xE5,0x00,0x24,0x29,0x36,0x33,0xE8,0x00,0x29,0xFC,0x28,
0x2D,0x2A,0x2D,0x27,0x2D,0x30,0x00,0x27,0x36,0x2D,0x25,0x36,0xFC,0x0D,0x3D,0x26,
0x29,0x36,0xD6,0x29,0x30,0x3A,0x29,0x37,0xDD,0xFD,0x0E,0x29,0x37,0x29,0x2E,0x33,
0x00,0x25,0x2E,0x39,0x28,0x25,0x36,0xFC,0x32,0x33,0x00,0x35,0x39,0x29,0x00,0x34,
0x39,0x28,0x29,0x36,0xE8,0xFC,0x29,0x32,0x38,0x25,0x33,0xE8,0x00,0x1D,0x36,0xE5,
0x00,0x24,0x29,0x36,0x33,0xE5,0xE5,0xE5,0xFD,0x1F,0x37,0x29,0x00,0x29,0x37,0x38,
0x29,0x37,0xFC,0x0F,0xD6,0x0D,0x36,0x3D,0x37,0x38,0x25,0x30,0x37,0xFC,0x34,0x25,
0x36,0x25,0x00,0x27,0x36,0x2D,0x25,0x36,0x00,0x33,0x37,0x00,0x37,0x29,0x39,0x37,
0xFC,0x0D,0x3D,0x26,0x29,0x36,0xD6,0x29,0x30,0x3A,0x29,0x37,0xE5,0xF5,0x09,0xFF,
0xF3,0x5A,0x18,0x25,0x33,0x00,0x34,0x33,0x37,0x37,0x33,0x00,0x2A,0x25,0x3E,0x29,
0x36,0xFC,0x38,0x25,0x32,0x38,0x33,0x00,0x35,0x39,0x25,0x32,0x38,0x33,0x00,0x33,
0xFC,0x37,0x29,0x32,0x2C,0x33,0x36,0xE8,0x00,0x1D,0x36,0xE5,0x00,0x24,0x29,0x36,
0x33,0xE8,0xFC,0x31,0x25,0x37,0xE5,0xE5,0xE5,0xFD,0x17,0x29,0x39,0x00,0x28,0x29,
0x37,0x29,0x2E,0x33,0x00,0x28,0x29,0x00,0x30,0x39,0x38,0x25,0x36,0xFC,0x34,0x29,
0x30,0x25,0x00,0x34,0x25,0x3E,0x00,0x29,0x00,0x38,0x25,0x33,0x00,0x2A,0x33,0x36,
0x38,0x29,0xFC,0x35,0x39,0x25,0x32,0x38,0x33,0x00,0x33,0x00,0x28,0x29,0xFD,0x35,
0x39,0x25,0x30,0x35,0x39,0x29,0x36,0x00,0x39,0x31,0xCA,0xFF,0xF3,0x5A,0x0B,0x2C,
0xE8,0x00,0x1D,0x36,0xE5,0x00,0x24,0x29,0x36,0x33,0xCA,0xFD,0x1B,0x39,0x29,0x00,
0x27,0x33,0x2D,0x32,0x27,0x2D,0x28,0x29,0x32,0x27,0x2D,0x25,0xFC,0x29,0x32,0x27,
0x33,0x32,0x38,0x36,0x25,0xD6,0x30,0x33,0xFC,0x25,0x35,0x39,0x2D,0xE5,0xFD,0x19,
0x2C,0xDD,0x00,0x18,0x25,0x33,0xFC,0x30,0x29,0x31,0x26,0x36,0x25,0x00,0x28,0x29,
0x00,0x31,0x2D,0x31,0xDD,0xFD,0x12,0x25,0x00,0x39,0x31,0x00,0x38,0x29,0x31,0x34,
0x33,0xFC,0x25,0x38,0x36,0x25,0x37,0x00,0x29,0x39,0xFC,0x38,0x36,0x25,0x26,0x25,
0x30,0x2C,0x25,0x3A,0x25,0x00,0x32,0x25,0xFC,0x37,0x29,0x2B,0x39,0x36,0x25,0x32,
0x27,0x25,0xFD,0x28,0x25,0x00,0x34,0x25,0x37,0x37,0x25,0x2B,0x29,0x31,0xFC,0x37,
0x39,0x26,0x38,0x29,0x36,0x36,0x25,0x32,0x29,0x25,0xE5,0xFD,0x0B,0x2B,0x33,0x36,
0x25,0x00,0x35,0x39,0x29,0x00,0x34,0x29,0x32,0x37,0x33,0xFC,0x32,0x2D,0x37,0x37,
0x33,0xE8,0x00,0x25,0x35,0x39,0x29,0x30,0x29,0x00,0x30,0x39,0x2B,0x25,0x36,0xFC,
0x29,0x36,0x25,0x00,0x33,0x00,0x25,0x30,0x3A,0x33,0xFD,0x34,0x29,0x36,0x2A,0x29,
0x2D,0x38,0x33,0x00,0x34,0x25,0x36,0x25,0x00,0x33,0xFC,0x2D,0x32,0x2D,0x31,0x2D,
0x2B,0x33,0xE5,0xFD,0x1D,0x29,0x2D,0x00,0x35,0x39,0x29,0x00,0x28,0x29,0x3A,0x33,
0x00,0x25,0xFC,0x31,0x2D,0x32,0x2C,0x25,0x00,0x37,0x29,0x2B,0x39,0x36,0x25,0x32,
0x27,0x25,0xFC,0x25,0x33,0x00,0x37,0x29,0x32,0x2C,0x33,0x36,0xE8,0xFC,0x1D,0x36,
0xE5,0x00,0x24,0x29,0x36,0x33,0xE5,0xFD,0x18,0x25,0x33,0x00,0x29,0x00,0x31,0x39,
0x2D,0x38,0x33,0xE8,0xFC,0x31,0x25,0x37,0x00,0x25,0x27,0x29,0x2D,0x38,0x29,0xFC,
0x29,0x37,0x38,0x29,0x37,0x00,0x0F,0xD6,0x0D,0x36,0x3D,0x37,0x38,0x25,0x30,0x37,
0xE5,0xF5,0x09,0xFF,0xF3,0x5A,0x1D,0x2D,0x32,0x38,0x33,0x00,0x31,0x39,0x2D,0x38,
0x33,0xE8,0xFC,0x2E,0x25,0x00,0x32,0x25,0x33,0x00,0x38,0x29,0x32,0x2C,0x33,0xFC,
0x31,0x25,0x2D,0x37,0x00,0x0F,0xD6,0x00,0x0D,0x36,0x3D,0x37,0x38,0x25,0x30,0x37,
0xFC,0x34,0x25,0x36,0x25,0x00,0x28,0x25,0x36,0xE5,0xFD,0x17,0x29,0x00,0x34,0x29,
0x36,0x2B,0x39,0x32,0x38,0x33,0x00,0x37,0x29,0xFC,0x2C,0x25,0x00,0x39,0x31,0x25,
0x00,0x2A,0x33,0x36,0x31,0x25,0xFC,0x28,0x29,0x00,0x27,0x33,0x32,0x37,0x29,0x2B,
0x39,0x2D,0xD6,0x30,0x33,0x37,0xFC,0x2A,0x25,0x27,0x2D,0x30,0x31,0x29,0x32,0x38,
0x29,0xE5,0xFF,0xF3,0x5A,0x0B,0x2C,0xE8,0x00,0x1D,0x36,0xE5,0x00,0x24,0x29,0x36,
0x33,0xCA,0xFD,0x19,0x00,0x12,0x2D,0x26,0x33,0x39,0x00,0x31,0x29,0x00,0x28,0x29,
0x39,0xFC,0x25,0x30,0x2B,0x39,0x32,0x37,0x00,0x28,0x29,0x00,0x37,0x29,0x39,0x37,
0xFC,0x0F,0xD6,0x0D,0x36,0x3D,0x37,0x38,0x25,0x30,0x37,0xFC,0x33,0x39,0x38,0x36,
0x33,0x00,0x28,0x2D,0x25,0xE5,0xFD,0x17,0x29,0x00,0x37,0x39,0x36,0x34,0x36,0x29,
0x29,0x32,0x28,0x29,0x39,0xFC,0x35,0x39,0x29,0x00,0x33,0x00,0x12,0x2D,0x26,0x33,
0x39,0x00,0x2A,0x2D,0x3E,0x29,0x37,0x37,0x29,0xFC,0x25,0x30,0x2B,0x33,0x00,0x25,
0x37,0x37,0x2D,0x31,0xE5,0xFD,0x17,0x29,0x00,0x34,0x29,0x36,0x2B,0x39,0x32,0x38,
0x33,0xE5,0xE5,0xE5,0xFD,0x0F,0x30,0x29,0x00,0x28,0x2D,0x37,0x37,0x29,0x00,0x35,
0x39,0x29,0x00,0x2B,0x25,0x32,0x2C,0x33,0x39,0xFC,0x02,0x06,0x00,0x2F,0x2B,0xE8,
0x00,0x29,0x32,0x38,0x25,0x33,0x00,0x29,0x30,0x29,0xFC,0x34,0x33,0x28,0x29,0x36,
0x2D,0x25,0x00,0x29,0x37,0x38,0x25,0x36,0xFC,0x28,0x29,0x00,0x28,0x2D,0x29,0x38,
0x25,0xE5,0xE5,0xE5,0xFD,0x19,0x00,0x35,0x39,0x29,0x00,0x25,0x35,0x39,0x29,0x30,
0x29,0xFC,0x1C,0x29,0x34,0x30,0x33,0x2D,0x28,0x00,0x34,0x29,0x32,0x37,0x25,0xFC,
0x35,0x39,0x29,0x00,0x29,0x37,0x38,0x25,0x00,0x2A,0x25,0x3E,0x29,0x32,0x28,0x33,
0xDD,0xFD,0x1D,0x2D,0x32,0x38,0x33,0x00,0x31,0x39,0x2D,0x38,0x33,0x00,0x35,0x39,
0x29,0x00,0x37,0x29,0x2E,0x25,0xFC,0x28,0x29,0x00,0x37,0x29,0x2B,0x39,0x32,0x28,
0x25,0x00,0x31,0x25,0x33,0xE8,0xFC,0x31,0x25,0x37,0x00,0x34,0x29,0x2B,0x39,0x29,
0x00,0x2D,0x37,0x37,0x33,0xCA,0xF5,0x09,0xFF,0xF3,0x5A,0x19,0x2C,0xCA,0xFD,0x1E,
0x25,0x30,0x3A,0x29,0x3E,0x00,0x33,0x00,0x12,0x2D,0x26,0x33,0x39,0xFC,0x29,0x37,
0x38,0x29,0x2E,0x25,0x00,0x28,0x29,0x00,0x28,0x2D,0x29,0x38,0x25,0xFC,0x34,0x25,
0x36,0x25,0x00,0x34,0x33,0x28,0x29,0x36,0xFC,0x37,0x29,0x36,0x00,0x39,0x31,0x00,
0x33,0x34,0x29,0x36,0x25,0x28,0x33,0x36,0xCA,0xFD,0x0B,0x35,0x39,0x29,0x30,0x25,
0x00,0x27,0x25,0x28,0x29,0x2D,0x36,0x25,0xFC,0x37,0x29,0x36,0x2D,0x25,0x00,0x34,
0x29,0x35,0x39,0x29,0x32,0x25,0x00,0x28,0x29,0x31,0x25,0x2D,0x37,0xFC,0x34,0x25,
0x36,0x25,0x00,0x29,0x30,0x29,0xE5,0xE5,0xE5,0xFF,0xF3,0x5A,0x1D,0x36,0xE5,0x00,
0x24,0x29,0x36,0x33,0xCA,0xFD,0x12,0x25,0x00,0x27,0x33,0x2D,0x37,0x25,0x37,0x00,
0x32,0x25,0x37,0xFC,0x35,0x39,0x25,0x2D,0x37,0x00,0x31,0x29,0x00,0x34,0x29,0x2B,
0x33,0x00,0x34,0x29,0x32,0xD6,0xFC,0x37,0x25,0x32,0x28,0x33,0x00,0x38,0x33,0x28,
0x33,0x00,0x28,0x2D,0x25,0xE5,0xFD,0x1A,0x33,0x36,0x00,0x29,0x3C,0x29,0x31,0x34,
0x30,0x33,0xE8,0xFC,0x34,0x33,0x36,0x00,0x35,0x39,0x29,0x00,0x25,0x37,0x00,0x34,
0x29,0x37,0x37,0x33,0x25,0x37,0xFC,0x2A,0x25,0x3E,0x29,0x31,0x00,0x2B,0x39,0x29,
0x36,0x36,0x25,0x37,0xFC,0x34,0x33,0x36,0x00,0x2B,0x25,0x32,0x25,0x32,0x27,0x2D,
0x25,0xDD,0xFD,0x0F,0x39,0x00,0x37,0x33,0x39,0x00,0x34,0x29,0x36,0x2A,0x29,0x2D,
0x38,0x25,0x31,0x29,0x32,0x38,0x29,0xFC,0x2A,0x29,0x30,0x2D,0x3E,0x00,0x27,0x33,
0x31,0x00,0x25,0x34,0x29,0x32,0x25,0x37,0xFC,0x25,0x30,0x2B,0x39,0x32,0x37,0x00,
0x0F,0xD6,0x0D,0x36,0x3D,0x37,0x38,0x25,0x30,0x37,0xE5,0xFD,0x0F,0x00,0x33,0x00,
0x37,0x29,0x32,0x2C,0x33,0x36,0xE8,0xFC,0x1D,0x36,0xE5,0x00,0x24,0x29,0x36,0x33,
0xDD,0xFD,0x0B,0x37,0x00,0x34,0x29,0x35,0x39,0x29,0x32,0x25,0x37,0xFC,0x27,0x33,
0x2D,0x37,0x25,0x37,0x00,0x28,0x25,0x00,0x3A,0x2D,0x28,0x25,0xFC,0x37,0x25,0x33,
0x00,0x25,0x37,0x00,0x35,0x39,0x29,0xFD,0x28,0x29,0x00,0x3A,0x29,0x36,0x28,0x25,
0x28,0x29,0xFC,0x2D,0x31,0x34,0x33,0x36,0x38,0x25,0x31,0xCA,0xFD,0x1E,0x33,0x31,
0x29,0xE8,0x00,0x28,0x29,0x2D,0x3C,0x29,0xD6,0x31,0x29,0xFC,0x27,0x33,0x31,0x34,
0x25,0x36,0x38,0x2D,0x30,0x2C,0x25,0x36,0x00,0x25,0x30,0x2B,0x39,0xD6,0xFC,0x31,
0x25,0x37,0x00,0x28,0x25,0x37,0x00,0x31,0x2D,0x32,0x2C,0x25,0x37,0xFC,0x26,0x29,
0x32,0x27,0x25,0x33,0x37,0xFD,0x27,0x33,0x31,0x00,0x33,0x00,0x37,0x29,0x32,0x2C,
0x33,0x36,0xE8,0xFC,0x1D,0x36,0xE5,0x00,0x24,0x29,0x36,0x33,0xCA,0xF5,0x09,0xFF,
0xF3,0x5A,0x1D,0x36,0xE5,0x00,0x24,0x29,0x36,0x33,0xE5,0xFD,0x0F,0x39,0x00,0x32,
0x25,0x33,0x00,0x38,0x29,0x32,0x2C,0x33,0xFC,0x31,0x25,0x2D,0x37,0x00,0x0F,0xD6,
0x0D,0x36,0x3D,0x37,0x38,0x25,0x30,0x37,0xCA,0xFD,0x18,0x25,0x33,0x00,0x37,0x29,
0x2E,0x25,0xFC,0x2B,0x25,0x32,0x25,0x32,0x27,0x2D,0x33,0x37,0x33,0xE5,0xFD,0x1D,
0x29,0x00,0x2A,0x33,0x36,0xE8,0x00,0x3A,0x25,0x2D,0xFC,0x25,0x27,0x25,0x26,0x25,
0x36,0x00,0x27,0x33,0x31,0x33,0xFC,0x21,0x29,0x2D,0x30,0x00,0x29,0x00,0x0F,0x30,
0x34,0x2D,0x3E,0x33,0xE5,0xFF,0xF3,0x5A,0x1D,0x36,0xE5,0x00,0x24,0x29,0x36,0x33,
0xCA,0xFD,0x0F,0x39,0x00,0x29,0x37,0x38,0x25,0x3A,0x25,0x00,0x30,0x2D,0x31,0x34,
0x25,0x32,0x28,0x33,0xFC,0x28,0x29,0x26,0x25,0x2D,0x3C,0x33,0x00,0x28,0x29,0x37,
0x38,0x25,0xFC,0x27,0x25,0x31,0x25,0xE5,0xFD,0x19,0x00,0x37,0x29,0x32,0x2C,0x33,
0x36,0x00,0x37,0x29,0xFC,0x37,0x39,0x36,0x34,0x36,0x29,0x29,0x32,0x28,0x29,0x36,
0x2D,0x25,0x00,0x27,0x33,0x31,0x00,0x33,0xFC,0x35,0x39,0x29,0x00,0x37,0x29,0x00,
0x29,0x32,0x27,0x33,0x32,0x38,0x36,0x25,0x00,0x30,0x25,0xCA,0xFD,0x1B,0x39,0x25,
0x37,0x29,0x00,0x38,0x39,0x28,0x33,0x00,0x29,0x00,0x30,0x2D,0x3C,0x33,0xFC,0x2D,
0x32,0x39,0x38,0x2D,0x30,0xE8,0x00,0x27,0x30,0x25,0x36,0x33,0xE5,0xE5,0xE5,0xFD,
0x0B,0x37,0x00,0x3A,0x29,0x3E,0x29,0x37,0x00,0x29,0x39,0xFC,0x38,0x29,0x32,0x2C,
0x33,0x00,0x37,0x33,0x36,0x38,0x29,0xFC,0x29,0x00,0x29,0x32,0x27,0x33,0x32,0x38,
0x36,0x33,0xFC,0x0F,0xD6,0x0D,0x36,0x3D,0x37,0x38,0x25,0x30,0x37,0xE5,0xFD,0x18,
0x25,0x33,0x00,0x37,0x29,0x36,0x2D,0x25,0xFC,0x2E,0x39,0x37,0x38,0x33,0x00,0x2B,
0x39,0x25,0x36,0x28,0x25,0xD6,0x30,0x33,0x37,0xFC,0x38,0x33,0x28,0x33,0x37,0x00,
0x34,0x25,0x36,0x25,0x00,0x31,0x2D,0x31,0xE5,0xE5,0xE5,0xFD,0x1E,0x33,0x31,0x29,
0xE8,0x00,0x1D,0x36,0xE5,0x00,0x24,0x29,0x36,0x33,0xE8,0xFC,0x29,0x39,0x00,0x3A,
0x33,0x39,0x00,0x38,0x29,0x00,0x28,0x25,0x36,0xFC,0x25,0x30,0x2B,0x39,0x32,0x37,
0xCA,0xF5,0x09,0xFF,0xF3,0x5A,0x17,0x39,0x28,0x25,0x32,0x28,0x33,0xFC,0x28,0x29,
0x00,0x25,0x37,0x37,0x39,0x32,0x38,0x33,0xE5,0xE5,0xE5,0xFD,0x1F,0x30,0x38,0x2D,
0x31,0x25,0x31,0x29,0x32,0x38,0x29,0x00,0x38,0x29,0x32,0x2C,0x33,0xFC,0x33,0x39,
0x3A,0x2D,0x28,0x33,0x00,0x37,0x33,0x31,0xFC,0x28,0x29,0x00,0x39,0x31,0x00,0x2B,
0x25,0x38,0x33,0x00,0x33,0x39,0xFC,0x39,0x31,0x00,0x26,0x29,0x26,0x29,0xE5,0xE5,
0xE5,0xFD,0x0B,0x35,0x39,0x2D,0x00,0x32,0x25,0x33,0x00,0x2C,0x25,0x00,0x0C,0x25,
0x26,0x3D,0xFC,0x0F,0x30,0x3A,0x29,0x37,0xE8,0x00,0x29,0x32,0x38,0x25,0x33,0x00,
0x33,0xFC,0x35,0x39,0x29,0x00,0x34,0x33,0x28,0x29,0x36,0x2D,0x25,0x00,0x37,0x29,
0x36,0xDD,0xFF,0xF3,0x5A,0x19,0x2C,0xE8,0x00,0x1D,0x36,0xE5,0x00,0x24,0x29,0x36,
0x33,0xCA,0xFD,0x18,0x33,0x37,0x37,0x25,0x00,0x3A,0x2D,0x28,0x25,0xFC,0x32,0x25,
0x00,0x1C,0x29,0x37,0x2D,0x37,0x38,0x29,0x32,0x27,0x2D,0x25,0xFC,0x31,0x29,0x30,
0x2C,0x33,0x36,0x33,0x39,0x00,0x26,0x25,0x37,0x38,0x25,0x32,0x38,0x29,0xE8,0xFD,
0x2B,0x36,0x25,0x27,0x25,0x37,0x00,0x25,0x33,0xFC,0x37,0x29,0x32,0x2C,0x33,0x36,
0xE8,0xFC,0x1D,0x36,0xE5,0x00,0x24,0x29,0x36,0x33,0xCA,0xFD,0x0B,0x32,0x38,0x29,
0x37,0x00,0x29,0x39,0x00,0x38,0x2D,0x32,0x2C,0x25,0xFC,0x35,0x39,0x29,0x00,0x3A,
0x29,0x36,0x00,0x25,0x31,0x2D,0x2B,0x33,0x37,0xFC,0x31,0x33,0x36,0x36,0x29,0x32,
0x28,0x33,0x00,0x32,0x25,0x00,0x31,0x2D,0x32,0x2C,0x25,0xFC,0x2A,0x36,0x29,0x32,
0x38,0x29,0xE5,0xFD,0x0F,0x37,0x38,0x33,0x39,0x00,0x31,0x39,0x2D,0x38,0x33,0x00,
0x2B,0x36,0x25,0x38,0x33,0xFC,0x25,0x33,0x00,0x37,0x29,0x32,0x2C,0x33,0x36,0xE8,
0xFC,0x1D,0x36,0xE5,0x00,0x24,0x29,0x36,0x33,0xCA,0xFD,0x14,0x25,0x00,0x37,0x29,
0x2D,0xCA,0xFD,0x0D,0x33,0x31,0x33,0x00,0x34,0x36,0x33,0x3A,0x25,0xFC,0x28,0x25,
0x00,0x31,0x2D,0x32,0x2C,0x25,0x00,0x2B,0x36,0x25,0x38,0x2D,0x28,0x25,0x33,0xE8,
0xFC,0x34,0x29,0x2B,0x39,0x29,0x00,0x29,0x37,0x38,0x29,0x37,0xFC,0x0F,0xD6,0x0D,
0x36,0x3D,0x37,0x38,0x25,0x30,0x37,0xCA,0xF5,0x09,0xFF,0xF3,0x5A,0x1D,0x36,0xE5,
0x00,0x24,0x29,0x36,0x33,0xE5,0xE5,0xE5,0xFC,0x0B,0x30,0x2B,0x39,0x31,0x00,0x28,
0x2D,0x25,0x00,0x2C,0x25,0x3A,0x29,0x36,0x25,0xFC,0x34,0x25,0x3E,0x00,0x33,0x39,
0x38,0x36,0x25,0x00,0x3A,0x29,0x3E,0xDD,0xFD,0x0B,0x37,0x00,0x34,0x29,0x37,0x37,
0x33,0x25,0x37,0x00,0x28,0x2D,0x3E,0x2D,0x25,0x31,0xFC,0x35,0x39,0x29,0x00,0x35,
0x39,0x25,0x32,0x28,0x33,0x00,0x37,0x29,0xFC,0x36,0x29,0x37,0x33,0x30,0x3A,0x29,
0x37,0x37,0x29,0x00,0x25,0xFD,0x27,0x36,0x2D,0x37,0x29,0x00,0x28,0x29,0x00,0x29,
0x32,0x29,0x36,0x2B,0x2D,0x25,0xE8,0xFC,0x2A,0x2D,0x32,0x25,0x30,0x31,0x29,0x32,
0x38,0x29,0x00,0x2C,0x25,0x3A,0x29,0x36,0x2D,0x25,0xFC,0x34,0x25,0x3E,0xE8,0x00,
0x31,0x25,0x37,0xE5,0xE5,0xE5,0xFD,0x18,0x25,0x33,0x00,0x29,0x32,0x38,0x2D,0x29,
0x32,0x28,0x33,0x00,0x33,0xFC,0x35,0x39,0x29,0x00,0x32,0x33,0x37,0x00,0x27,0x2C,
0x25,0x31,0x25,0x36,0x29,0x31,0xFC,0x28,0x29,0x00,0x17,0x25,0x3A,0x29,0x36,0x2D,
0x27,0x2F,0x37,0xFD,0x38,0x29,0x31,0x00,0x25,0x00,0x3A,0x29,0x36,0xFC,0x27,0x33,
0x31,0x00,0x25,0x00,0x27,0x36,0x2D,0x37,0x29,0x00,0x28,0x29,0xFC,0x29,0x32,0x29,
0x36,0x2B,0x2D,0x25,0xE5,0xE5,0xE5,0xFF,0xF3,0x5A,0x1D,0x36,0xE5,0x00,0x24,0x29,
0x36,0x33,0xCA,0xFD,0x19,0x00,0x37,0x29,0x32,0x2C,0x33,0x36,0x00,0x27,0x33,0x32,
0x2C,0x29,0x27,0x29,0xFC,0x25,0x37,0x00,0x33,0x34,0x29,0x36,0x25,0xD6,0x00,0x28,
0x33,0x36,0x25,0x37,0x00,0x28,0x25,0xFC,0x37,0x25,0x30,0x25,0x00,0x28,0x33,0x00,
0x27,0x33,0x31,0x25,0x32,0x28,0x25,0x32,0x38,0x29,0xDD,0xFD,0x0B,0x00,0x36,0x39,
0x2D,0x3A,0x25,0x00,0x29,0xFC,0x25,0x00,0x1D,0x36,0x25,0xE5,0x00,0x1C,0x33,0x39,
0x2B,0x29,0xE8,0xFC,0x29,0x00,0x25,0x00,0x30,0x33,0x2D,0x36,0x25,0xFD,0x29,0x00,
0x25,0x00,0x1D,0x36,0x25,0xE5,0x00,0x14,0x33,0x25,0x32,0xE5,0xFD,0x17,0x25,0x37,
0x00,0x29,0x39,0x00,0x32,0x39,0x32,0x27,0x25,0xFC,0x33,0x39,0x3A,0x2D,0x00,0x27,
0x2C,0x25,0x31,0x25,0x36,0x29,0x31,0x00,0x29,0x30,0x25,0x37,0xFC,0x34,0x29,0x30,
0x33,0x37,0x00,0x37,0x29,0x39,0x37,0x00,0x32,0x33,0x31,0x29,0x37,0xE5,0xE5,0xE5,
0xFD,0x1E,0x25,0x30,0x3A,0x29,0x3E,0x00,0x37,0x29,0x2E,0x25,0xFC,0x34,0x33,0x36,
0x35,0x39,0x29,0x00,0x25,0x32,0x38,0x29,0x37,0x00,0x29,0x30,0x25,0x37,0xFC,0x38,
0x36,0x25,0x26,0x25,0x30,0x2C,0x25,0x3A,0x25,0x31,0x00,0x34,0x25,0x36,0x25,0x00,
0x33,0xFC,0x1D,0x36,0xE5,0x00,0x0F,0x30,0x34,0x2D,0x3E,0x33,0xE5,0xE5,0xE5,0xFD,
0x1D,0x33,0x00,0x37,0x29,0xFC,0x34,0x25,0x37,0x37,0x25,0x36,0x25,0x31,0x00,0x03,
0xFC,0x31,0x29,0x37,0x29,0x37,0x00,0x28,0x29,0x37,0x28,0x29,0x00,0x35,0x39,0x29,
0x00,0x33,0xFC,0x1D,0x36,0xE5,0x00,0x0F,0x30,0x34,0x2D,0x3E,0x33,0x00,0x37,0x29,
0x00,0x2A,0x33,0x2D,0xE5,0xE5,0xE5,0xFD,0x18,0x33,0x37,0x37,0x25,0xCA,0x00,0x0F,
0x37,0x38,0x33,0x39,0xFC,0x2A,0x25,0x30,0x25,0x32,0x28,0x33,0x00,0x31,0x39,0x2D,
0x38,0x33,0xE5,0x00,0x18,0x25,0x33,0xFC,0x35,0x39,0x29,0x36,0x2D,0x25,0x00,0x2D,
0x32,0x27,0x33,0x31,0x33,0x28,0x25,0xD6,0x30,0x33,0xE5,0xFD,0x1D,0x29,0x2D,0x00,
0x35,0x39,0x29,0x00,0x33,0xFC,0x37,0x29,0x32,0x2C,0x33,0x36,0x00,0x29,0x37,0x38,
0x25,0xFC,0x33,0x27,0x39,0x34,0x25,0x28,0x33,0xE8,0x00,0x1D,0x36,0xE5,0x00,0x24,
0x29,0x36,0x33,0xE5,0xE5,0xE5,0xFD,0x1E,0x33,0x31,0x29,0xE8,0x00,0x25,0x27,0x29,
0x2D,0x38,0x29,0xFC,0x29,0x37,0x38,0x29,0x37,0x00,0x0F,0xD6,0x0D,0x36,0x3D,0x37,
0x38,0x25,0x30,0x37,0xFC,0x27,0x33,0x31,0x33,0x00,0x28,0x29,0x37,0x27,0x39,0x30,
0x34,0x25,0xCA,0xF5,0x09,0xFF,0xF3,0x5A,0x0F,0x31,0x26,0x33,0x36,0x25,0x00,0x25,
0x00,0x1D,0x36,0x25,0xE5,0xFC,0x1C,0x33,0x39,0x2B,0x29,0x00,0x29,0x00,0x25,0x00,
0x1D,0x36,0x25,0xE5,0xFC,0x14,0x33,0x25,0x32,0x00,0x34,0x25,0x36,0x29,0x27,0x25,
0x31,0xFD,0x38,0x25,0x33,0x00,0x27,0x25,0x30,0x31,0x25,0x37,0xE8,0xFC,0x37,0x29,
0x00,0x29,0x39,0x00,0x25,0x37,0x00,0x27,0x2C,0x25,0x31,0x25,0x37,0x37,0x29,0xFC,
0x34,0x29,0x30,0x33,0x00,0x32,0x33,0x31,0x29,0xE8,0xFD,0x25,0x34,0x33,0x37,0x38,
0x33,0x00,0x35,0x39,0x29,0xFC,0x2A,0x2D,0x27,0x25,0x36,0x2D,0x25,0x31,0x00,0x37,
0x39,0x36,0x34,0x36,0x29,0x37,0x25,0x37,0xCA,0xFF,0xF3,0x5A,0x1D,0x36,0xE5,0x00,
0x24,0x29,0x36,0x33,0xE5,0xFD,0x0F,0x37,0x38,0x25,0x00,0x0C,0x25,0x37,0x29,0x00,
0x28,0x25,0xFC,0x1C,0x29,0x37,0x2D,0x37,0x38,0x29,0x32,0x27,0x2D,0x25,0x00,0x38,
0x25,0x31,0x26,0x29,0x31,0xFC,0x28,0x29,0x34,0x29,0x32,0x28,0x29,0x00,0x28,0x29,
0xFD,0x0F,0xD6,0x0D,0x36,0x3D,0x37,0x38,0x25,0x30,0x37,0xE5,0xFD,0x0F,0x37,0x34,
0x29,0x27,0x2D,0x25,0x30,0x31,0x29,0x32,0x38,0x29,0x00,0x33,0xFC,0x38,0x29,0x30,
0x29,0x38,0x36,0x25,0x32,0x37,0x34,0x33,0x36,0x38,0x25,0x28,0x33,0x36,0xFC,0x32,
0x25,0x00,0x37,0x25,0x30,0x25,0x00,0x28,0x33,0xFD,0x27,0x33,0x31,0x25,0x32,0x28,
0x25,0x32,0x38,0x29,0xE5,0xFD,0x1F,0x37,0x25,0x00,0x31,0x39,0x2D,0x38,0x25,0xFC,
0x29,0x32,0x29,0x36,0x2B,0x2D,0x25,0xE5,0xFD,0x0D,0x33,0x31,0x34,0x25,0x36,0x25,
0x28,0x33,0x00,0x25,0xFC,0x2D,0x37,0x37,0x33,0xE8,0x00,0x25,0x37,0x00,0x32,0x33,
0x37,0x37,0x25,0x37,0xFC,0x32,0x29,0x27,0x29,0x37,0x37,0x2D,0x28,0x25,0x28,0x29,
0x37,0xFD,0x37,0x25,0x33,0x00,0x26,0x29,0x31,0x00,0x31,0x33,0x28,0x29,0x37,0x38,
0x25,0x37,0xE5,0xFD,0x12,0x31,0xDD,0x00,0x19,0x00,0x35,0x39,0x29,0x00,0x29,0x39,
0xFC,0x29,0x37,0x38,0x33,0x39,0x00,0x38,0x29,0x32,0x38,0x25,0x32,0x28,0x33,0x00,
0x28,0x2D,0x3E,0x29,0x36,0xE8,0xFC,0x33,0x00,0x37,0x29,0x32,0x2C,0x33,0x36,0x00,
0x34,0x29,0x36,0x2B,0x39,0x32,0x38,0x25,0xDD,0xFD,0x12,0x25,0x00,0x2C,0x25,0x00,
0x2C,0x25,0xCA,0xFD,0x1D,0x33,0x00,0x35,0x39,0x29,0xFC,0x32,0x2D,0x32,0x2B,0x39,
0x29,0x31,0x00,0x32,0x33,0x38,0x25,0x36,0x2D,0x25,0x00,0x37,0x29,0xFC,0x29,0x39,
0x00,0x34,0x29,0x2B,0x25,0x37,0x37,0x29,0x00,0x25,0x30,0x2B,0x39,0x32,0x37,0xFD,
0x0F,0xD6,0x0D,0x36,0x3D,0x37,0x38,0x25,0x30,0x37,0x00,0x28,0x33,0xFC,0x25,0x36,
0x31,0x25,0x3E,0x29,0x31,0xE5,0xE5,0xE5,0xFD,0x18,0x25,0x33,0x00,0x28,0x2D,0x2B,
0x25,0xFC,0x32,0x25,0x28,0x25,0xE8,0x00,0x1D,0x36,0xE5,0x00,0x24,0x29,0x36,0x33,
0xE5,0x00,0x13,0x37,0x37,0x33,0xFC,0x3A,0x25,0x2D,0x00,0x26,0x25,0x37,0x38,0x25,
0x36,0x00,0x34,0x25,0x36,0x25,0x00,0x35,0x39,0x29,0xFD,0x2B,0x39,0x25,0x36,0x28,
0x29,0x00,0x37,0x2D,0x30,0x29,0x32,0x27,0x2D,0x33,0xDD,0xF5,0x09,0xFF,0xF3,0x5A,
0x1D,0x36,0xE5,0x00,0x24,0x29,0x36,0x33,0xCA,0xFD,0x19,0x00,0x37,0x29,0x32,0x2C,
0x33,0x36,0x00,0x32,0x25,0x33,0xFC,0x34,0x33,0x28,0x29,0x00,0x27,0x33,0x32,0x38,
0x25,0x36,0x00,0x2D,0x37,0x37,0x33,0xFC,0x34,0x25,0x36,0x25,0x00,0x32,0x2D,0x32,
0x2B,0x39,0x29,0x31,0xE5,0xFD,0x19,0x00,0x37,0x29,0x32,0x2C,0x33,0x36,0x00,0x2A,
0x25,0x30,0x25,0xFC,0x34,0x33,0x39,0x27,0x33,0xE8,0x00,0x29,0x32,0x38,0x25,0x33,
0x00,0x33,0x00,0x31,0x29,0x39,0xFC,0x37,0x29,0x2B,0x36,0x29,0x28,0x33,0x00,0x29,
0x37,0x38,0x25,0x00,0x25,0xFC,0x37,0x25,0x30,0x3A,0x33,0xE8,0x00,0x27,0x29,0x36,
0x38,0x33,0xDD,0xFF,0xF3,0x5A,0x0F,0x2D,0xE8,0x00,0x24,0x29,0x36,0x33,0xCA,0xFC,
0x16,0x29,0x31,0x26,0x36,0x25,0x00,0x28,0x29,0x00,0x31,0x2D,0x31,0xDD,0xFD,0x12,
0x25,0x00,0x2C,0x25,0x00,0x2C,0x25,0x00,0x2C,0x25,0xCA,0xFD,0x1D,0x33,0x39,0x00,
0x29,0x39,0xE8,0x00,0x0B,0x32,0x28,0x36,0x29,0x3B,0xCA,0xFC,0x1D,0x39,0x36,0x34,
0x36,0x29,0x37,0x33,0xDD,0xFF,0xF3,0x5A,0x0B,0x00,0x34,0x36,0x33,0x34,0x33,0x37,
0x2D,0x38,0x33,0xE8,0xFC,0x32,0x33,0x3A,0x25,0x38,0x33,0xE5,0xE5,0xE5,0xFD,0x19,
0x32,0x28,0x29,0x00,0x29,0x37,0x38,0x25,0x00,0x33,0xFC,0x2E,0x33,0x3A,0x29,0x31,
0x00,0x28,0x29,0x00,0x27,0x25,0x26,0x29,0x30,0x33,0xFC,0x30,0x33,0x2D,0x36,0x33,
0x00,0x29,0x00,0x30,0x33,0x32,0x2B,0x33,0xE8,0xFD,0x35,0x39,0x29,0x00,0x29,0x37,
0x38,0x25,0x3A,0x25,0x00,0x32,0x25,0xFC,0x37,0x25,0x30,0x25,0x00,0x28,0x33,0xFC,
0x27,0x33,0x31,0x25,0x32,0x28,0x25,0x32,0x38,0x29,0xFC,0x25,0x38,0x29,0x00,0x34,
0x33,0x39,0x27,0x33,0x00,0x38,0x29,0x31,0x34,0x33,0xDD,0xFD,0x0C,0x29,0x31,0xE8,
0x00,0x32,0x25,0x33,0x00,0x29,0xFC,0x32,0x25,0x28,0x25,0x00,0x2D,0x31,0x34,0x33,
0x36,0x38,0x25,0x32,0x38,0x29,0xE5,0xFC,0x0F,0x36,0x25,0x00,0x37,0x33,0x00,0x39,
0x31,0x25,0x00,0x27,0x33,0x2D,0x37,0x25,0xE5,0xE5,0xE5,0xFF,0xF3,0x5A,0x0F,0x2D,
0xE8,0x00,0x24,0x29,0x36,0x33,0xE5,0xE5,0xE5,0xFD,0x1B,0x39,0x25,0x32,0x28,0x33,
0x00,0x38,0x2D,0x3A,0x29,0x36,0x00,0x39,0x31,0xFC,0x38,0x29,0x31,0x34,0x33,0xE8,
0x00,0x34,0x33,0x28,0x29,0x36,0x2D,0x25,0x00,0x33,0x39,0x3A,0x2D,0x36,0xFC,0x31,
0x2D,0x32,0x2C,0x25,0x00,0x2C,0x2D,0x37,0x38,0x33,0x36,0x2D,0x25,0xDD,0xFD,0xF6,
0x01,0x1A,0x33,0x37,0x37,0x33,0x00,0x38,0x29,0x00,0x27,0x33,0x32,0x38,0x25,0x36,
0xDD,0xFC,0x00,0x00,0x1D,0x2D,0x31,0xFC,0x00,0x00,0x18,0x25,0x33,0xFD,0x12,0x25,
0x00,0x31,0x39,0x2D,0x38,0x33,0x00,0x38,0x29,0x31,0x34,0x33,0xFC,0x25,0x38,0x36,
0x25,0x37,0xE5,0xE5,0xE5,0x00,0x29,0x39,0x00,0x29,0x36,0x25,0x00,0x34,0x36,0x33,
0xD6,0xFC,0x2A,0x29,0x37,0x37,0x33,0x36,0x00,0x32,0x39,0x31,0x25,0x00,0x29,0x37,
0x27,0x33,0x30,0x25,0xE5,0xE5,0xE5,0xFD,0x18,0x25,0x00,0x3A,0x29,0x36,0x28,0x25,
0x28,0x29,0xE8,0xFC,0x28,0x2D,0x36,0x2D,0x25,0x00,0x35,0x39,0x29,0x00,0x29,0x39,
0x00,0x38,0x2D,0x32,0x2C,0x25,0xFC,0x31,0x25,0x2D,0x37,0x00,0x33,0x39,0x00,0x31,
0x29,0x32,0x33,0x37,0xFC,0x29,0x37,0x37,0x25,0x00,0x2D,0x28,0x25,0x28,0x29,0xE5,
0xFD,0x18,0x25,0x35,0x39,0x29,0x30,0x29,0x37,0x00,0x28,0x2D,0x25,0x37,0xE8,0xFC,
0x2C,0x25,0x3A,0x2D,0x25,0x00,0x31,0x39,0x2D,0x38,0x33,0x37,0xFC,0x2C,0x39,0x31,
0x25,0x32,0x33,0x37,0xE5,0xE5,0xE5,0xFD,0x18,0x25,0x33,0x00,0x29,0x00,0x31,0x29,
0x32,0x38,0x2D,0x36,0x25,0xFC,0x28,0x2D,0x3E,0x29,0x36,0x00,0x35,0x39,0x29,0xFC,
0x3A,0x2D,0x3A,0x2D,0x25,0x31,0x33,0x37,0x00,0x29,0x31,0xFC,0x2C,0x25,0x36,0x31,
0x33,0x32,0x2D,0x25,0xE5,0xE5,0xE5,0xFD,0x1E,0x29,0x32,0x2C,0x33,0x00,0x38,0x25,
0x32,0x38,0x25,0x37,0xFC,0x30,0x29,0x31,0x26,0x36,0x25,0x32,0x27,0x25,0x37,0x00,
0x26,0x33,0x25,0x37,0xFC,0x28,0x25,0x35,0x39,0x29,0x30,0x25,0x00,0x29,0x34,0x33,
0x27,0x25,0xE5,0xE5,0xE5,0xFD,0x0B,0x00,0x35,0x39,0x29,0x00,0x31,0x25,0x2D,0x37,
0xFC,0x30,0x29,0x31,0x26,0x36,0x33,0x00,0x29,0x00,0x35,0x39,0x25,0x32,0x28,0x33,
0xFC,0x2A,0x33,0x31,0x33,0x37,0x00,0x25,0xFC,0x39,0x31,0x00,0x34,0x2D,0x35,0x39,
0x29,0x32,0x2D,0x35,0x39,0x29,0xE5,0xFD,0x12,0x25,0x3A,0x2D,0x25,0x00,0x39,0x31,
0x25,0xFC,0x2B,0x25,0x36,0x33,0x38,0x25,0x00,0x35,0x39,0x29,0xFC,0x29,0x37,0x35,
0x39,0x29,0x27,0x29,0x39,0x00,0x28,0x29,0xFC,0x38,0x36,0x25,0x3E,0x29,0x36,0x00,
0x37,0x29,0x39,0x00,0x30,0x25,0x32,0x27,0x2C,0x29,0xE5,0xE5,0xE5,0xFD,0x0F,0x00,
0x35,0x39,0x25,0x32,0x28,0x33,0xFC,0x27,0x2C,0x29,0x2B,0x33,0x39,0x00,0x25,0x00,
0x2C,0x33,0x36,0x25,0xFC,0x28,0x29,0x00,0x27,0x33,0x31,0x29,0x36,0xE8,0x00,0x29,
0x30,0x25,0xFC,0x37,0x29,0x32,0x38,0x33,0x39,0x00,0x37,0x33,0x3E,0x2D,0x32,0x2C,
0x25,0xE5,0xFD,0x1E,0x33,0x28,0x33,0x37,0x00,0x33,0x37,0x00,0x25,0x31,0x2D,0x2B,
0x33,0x37,0xFC,0x28,0x29,0x30,0x25,0x00,0x29,0x37,0x38,0x25,0x3A,0x25,0x31,0x00,
0x31,0x39,0x2D,0x38,0x33,0xFC,0x33,0x27,0x39,0x34,0x25,0x28,0x33,0x37,0xFD,0x27,
0x33,0x32,0x3A,0x29,0x36,0x37,0x25,0x32,0x28,0x33,0xFC,0x29,0x00,0x27,0x33,0x31,
0x29,0x32,0x28,0x33,0xFC,0x34,0x25,0x36,0x25,0x00,0x32,0x33,0x38,0x25,0x36,0xE5,
0xFD,0x0F,0x30,0x25,0x00,0x38,0x2D,0x32,0x2C,0x25,0xFC,0x28,0x2D,0x2A,0x2D,0x27,
0x39,0x30,0x28,0x25,0x28,0x29,0x00,0x29,0x31,0x00,0x37,0x29,0xFC,0x29,0x32,0x38,
0x39,0x36,0x31,0x25,0x36,0xE5,0x00,0x18,0x25,0x33,0x00,0x2A,0x25,0xD6,0xFC,0x30,
0x25,0x3A,0x25,0x00,0x31,0x39,0x2D,0x38,0x33,0xE5,0xE5,0xE5,0xFD,0x0F,0x30,0x25,
0x00,0x32,0x25,0x33,0x00,0x37,0x25,0x26,0x2D,0x25,0xFC,0x27,0x33,0x31,0x33,0x00,
0x28,0x2D,0x3E,0x29,0x36,0x00,0x25,0x33,0x37,0xFC,0x25,0x31,0x2D,0x2B,0x33,0x37,
0x00,0x35,0x39,0x29,0x00,0x38,0x2D,0x32,0x2C,0x25,0xFD,0x29,0x37,0x35,0x39,0x29,
0x27,0x2D,0x28,0x33,0xFC,0x33,0x00,0x30,0x25,0x32,0x27,0x2C,0x29,0xE5,0xFD,0x1B,
0x39,0x25,0x32,0x28,0x33,0x00,0x25,0x00,0x3A,0x2D,0xE8,0xFC,0x29,0x32,0x38,0x29,
0x32,0x28,0x2D,0x00,0x33,0x00,0x35,0x39,0x29,0xFC,0x38,0x2D,0x32,0x2C,0x25,0xFC,
0x25,0x27,0x33,0x32,0x38,0x29,0x27,0x2D,0x28,0x33,0xE5,0xFD,0x0F,0x32,0x38,0x25,
0x33,0x00,0x28,0x29,0x2D,0x00,0x25,0x00,0x29,0x30,0x25,0xFC,0x39,0x32,0x37,0x00,
0x28,0x33,0x32,0x39,0x38,0x37,0x00,0x35,0x39,0x29,0x00,0x2A,0x2D,0x3E,0xFC,0x32,
0x25,0x35,0x39,0x29,0x30,0x25,0x00,0x31,0x25,0x32,0x2C,0x25,0xE5,0xFD,0xF6,0x02,
0x19,0x2C,0xDD,0x00,0x14,0x25,0x00,0x38,0x29,0x00,0x29,0x32,0x38,0x29,0x28,0x2D,
0x29,0x2D,0xDD,0xFC,0x00,0x00,0x1D,0x2D,0x31,0xFC,0x00,0x00,0x18,0x25,0x33,0xFD,
0x0B,0x2C,0xE8,0x00,0x29,0x32,0x38,0x29,0x32,0x28,0x33,0xE5,0xE5,0xE5,0xFD,0x12,
0x25,0x00,0x31,0x25,0x2D,0x37,0x00,0x35,0x39,0x29,0x00,0x29,0x39,0xFC,0x35,0x39,
0x29,0x36,0x2D,0x25,0x00,0x27,0x33,0x32,0x38,0x25,0x36,0xE8,0x00,0x31,0x25,0x37,
0xE5,0xE5,0xE5,0xFC,0x2A,0x25,0x3E,0x29,0x36,0x00,0x33,0x00,0x35,0x39,0x29,0xE5,
0xFE,0xF4,0x01,0x0F,0x32,0x38,0x29,0x32,0x28,0x33,0xE5,0xE5,0xE5,0xFC,0x32,0x25,
0x33,0x00,0x38,0x29,0x31,0x00,0x38,0x29,0x31,0x34,0x33,0xE8,0xFC,0x29,0x2C,0xDD,
0xFC,0x18,0x25,0x33,0x00,0x38,0x29,0x31,0x00,0x2E,0x29,0x2D,0x38,0x33,0xE5,0xE5,
0xE5,0xFD,0x0E,0x29,0x37,0x27,0x39,0x30,0x34,0x29,0x00,0x2D,0x32,0x27,0x33,0x31,
0x33,0x28,0x25,0x36,0xFC,0x35,0x39,0x25,0x32,0x28,0x33,0x00,0x3A,0x33,0x27,0x29,
0xFC,0x29,0x37,0x38,0x25,0x00,0x33,0x27,0x39,0x34,0x25,0x28,0x33,0xE5,0xE5,0xE5,
0xFE,0xF4,0x02,0x1D,0x25,0x26,0x29,0xE8,0x00,0x25,0x32,0x38,0x29,0x37,0xFC,0x28,
0x29,0x00,0x37,0x29,0x36,0x00,0x34,0x36,0x33,0x2A,0x29,0x37,0x37,0x33,0x36,0xE8,
0xFC,0x38,0x36,0x25,0x26,0x25,0x30,0x2C,0x29,0x2D,0x00,0x32,0x39,0x31,0x25,0xFC,
0x34,0x25,0x28,0x25,0x36,0x2D,0x25,0xE5,0xFD,0x0F,0x00,0x25,0x32,0x38,0x29,0x37,
0x00,0x28,0x2D,0x37,0x37,0x33,0xE8,0xFC,0x2A,0x39,0x2D,0x00,0x31,0x25,0x36,0x2D,
0x32,0x2C,0x29,0x2D,0x36,0x33,0xE5,0xFD,0x19,0x34,0x25,0xE5,0xE5,0xE5,0xFC,0x17,
0x29,0x00,0x28,0x29,0x37,0x3A,0x2D,0x29,0x2D,0x00,0x28,0x33,0xFC,0x25,0x37,0x37,
0x39,0x32,0x38,0x33,0xE5,0xE5,0xE5,0xFD,0x0F,0x39,0x00,0x29,0x37,0x38,0x25,0x3A,
0x25,0xFC,0x27,0x33,0x32,0x38,0x25,0x32,0x28,0x33,0x00,0x35,0x39,0x29,0x00,0x28,
0x29,0x2D,0xFC,0x39,0x31,0x00,0x28,0x33,0x32,0x39,0x38,0x00,0x34,0x25,0x36,0x25,
0x00,0x25,0xFC,0x31,0x29,0x32,0x2D,0x32,0x25,0xE5,0xFD,0x0F,0x30,0x25,0x00,0x32,
0x25,0x33,0x00,0x31,0x29,0xFC,0x25,0x2B,0x36,0x25,0x28,0x29,0x27,0x29,0x39,0xFC,
0x29,0x00,0x37,0x25,0x2D,0x39,0xFD,0x27,0x33,0x36,0x36,0x29,0x32,0x28,0x33,0x00,
0x27,0x33,0x31,0xFC,0x25,0x00,0x27,0x25,0x26,0x29,0x27,0x25,0x00,0x26,0x25,0x2D,
0x3C,0x25,0xE5,0xE5,0xE5,0xFD,0x1A,0x29,0x32,0x37,0x29,0x2D,0x00,0x35,0x39,0x29,
0x00,0x29,0x30,0x25,0xFC,0x2D,0x25,0x00,0x37,0x29,0x00,0x2E,0x39,0x32,0x38,0x25,
0x36,0xFC,0x25,0x33,0x37,0x00,0x25,0x31,0x2D,0x2B,0x33,0x37,0xE5,0xE5,0xE5,0xFD,
0x17,0x25,0x37,0x00,0x32,0x33,0xFC,0x27,0x25,0x31,0x2D,0x32,0x2C,0x33,0x00,0x34,
0x25,0x36,0x25,0x00,0x27,0x25,0x37,0x25,0xE8,0xFD,0x25,0x00,0x2B,0x25,0x36,0x33,
0x38,0x25,0x00,0x28,0x29,0x37,0x27,0x29,0x39,0xFC,0x28,0x33,0x00,0x33,0x32,0x2D,
0x26,0x39,0x37,0x00,0x29,0xFC,0x31,0x29,0x00,0x28,0x29,0x39,0x00,0x25,0x30,0x2B,
0x33,0xE5,0xFD,0x0F,0x36,0x25,0x00,0x39,0x31,0x25,0x00,0x27,0x25,0x36,0x38,0x25,
0xFC,0x27,0x39,0x36,0x38,0x25,0x00,0x29,0xFC,0x39,0x31,0x00,0x38,0x36,0x29,0x3A,
0x33,0xE5,0xFD,0x0B,0x00,0x27,0x25,0x36,0x38,0x25,0x00,0x28,0x2D,0x3E,0x2D,0x25,
0xD9,0xFD,0xE9,0x1D,0x36,0xE5,0x00,0x0B,0x32,0x28,0x36,0x29,0x3B,0xE8,0xFC,0x31,
0x29,0x00,0x28,0x29,0x37,0x27,0x39,0x30,0x34,0x29,0x00,0x34,0x33,0x36,0xFC,0x32,
0x25,0x33,0x00,0x38,0x29,0x36,0xFD,0x29,0x32,0x27,0x33,0x32,0x38,0x36,0x25,0x28,
0x33,0x00,0x39,0x31,0xFC,0x38,0x36,0x29,0x3A,0x33,0x00,0x28,0x29,0x00,0x35,0x39,
0x25,0x38,0x36,0x33,0xFC,0x2A,0x33,0x30,0x2C,0x25,0x37,0xE9,0xFD,0x0F,0x37,0x27,
0x36,0x2D,0x38,0x33,0x00,0x27,0x33,0x31,0xFC,0x30,0x29,0x38,0x36,0x25,0x37,0x00,
0x31,0x39,0x2D,0x38,0x33,0xFC,0x34,0x29,0x35,0x39,0x29,0x32,0x25,0x37,0xE5,0xFD,
0x0F,0x37,0x37,0x25,0x00,0x2A,0x33,0x2D,0x00,0x25,0x00,0x2A,0x33,0x36,0x31,0x25,
0xFC,0x28,0x29,0x30,0x25,0x00,0x28,0x29,0xFC,0x28,0x2D,0x3E,0x29,0x36,0x00,0xE9,
0x33,0x26,0x36,0x2D,0x2B,0x25,0x28,0x33,0xE9,0xE5,0xFD,0x1D,0x29,0x31,0x34,0x36,
0x29,0x00,0x35,0x39,0x29,0x00,0x34,0x25,0x37,0x37,0x33,0xFC,0x34,0x29,0x30,0x33,
0x00,0x34,0x33,0x36,0x38,0x33,0xFC,0x33,0x32,0x28,0x29,0xFD,0x2A,0x2D,0x27,0x25,
0x3A,0x25,0x00,0x25,0x00,0x29,0x37,0x27,0x33,0x30,0x25,0xE8,0xFC,0x29,0x39,0x00,
0x30,0x29,0x31,0x26,0x36,0x33,0xFD,0x28,0x25,0x37,0x00,0x28,0x33,0x27,0x29,0x37,
0x00,0x3A,0x33,0x3E,0x29,0x37,0xFC,0x28,0x25,0x37,0x00,0x27,0x36,0x2D,0x25,0x32,
0x27,0x25,0x37,0x00,0x31,0x29,0x00,0x27,0x2C,0x25,0xD6,0xFC,0x31,0x25,0x32,0x28,
0x33,0xE8,0x00,0xE9,0x1D,0x36,0xE5,0x00,0x0B,0x32,0x28,0x36,0x29,0x3B,0xE9,0xE5,
0xE5,0xE5,0xFF,0xF3,0x5A,0x0B,0x2C,0xE8,0x00,0x29,0x00,0x3A,0x33,0x27,0x29,0xE8,
0xFC,0x24,0x29,0x36,0x33,0xE5,0xFD,0x1A,0x25,0x36,0x29,0x27,0x29,0xFC,0x29,0x37,
0x38,0x36,0x25,0x32,0x2C,0x33,0x00,0x35,0x39,0x29,0xFC,0x29,0x39,0x00,0x37,0x29,
0x2E,0x25,0x00,0x38,0x25,0x33,0xFC,0x2E,0x33,0x3A,0x29,0x31,0xE8,0x00,0x32,0x29,
0xDD,0xFD,0x0C,0x29,0x31,0xE8,0x00,0x3A,0x33,0x27,0x29,0xFC,0x3A,0x25,0x2D,0x00,
0x37,0x29,0x00,0x25,0x27,0x33,0x37,0x38,0x39,0x31,0x25,0x36,0xE5,0xFD,0x0B,0x00,
0x34,0x36,0x33,0x34,0x33,0x37,0x2D,0x38,0x33,0xE8,0xFC,0x29,0x39,0x00,0x2E,0x25,
0x00,0x38,0x29,0x00,0x2A,0x25,0x30,0x29,0x2D,0x00,0x37,0x33,0x26,0x36,0x29,0xFD,
0xF6,0x01,0x31,0x2D,0x32,0x2C,0x25,0x00,0x2E,0x39,0x3A,0x29,0x32,0x38,0x39,0x28,
0x29,0xDD,0xFC,0x00,0x00,0x1D,0x2D,0x31,0xFC,0x00,0x00,0x18,0x25,0x33,0xFD,0x0B,
0x2C,0xE8,0x00,0x37,0x2D,0x31,0xE5,0xE5,0xE5,0xFC,0x3A,0x33,0x27,0x29,0x00,0x37,
0x29,0x00,0x30,0x29,0x31,0x26,0x36,0x25,0xFC,0x37,0x33,0x26,0x36,0x29,0x00,0x33,
0x00,0x35,0x39,0x29,0xFD,0xF6,0x02,0x29,0x36,0x25,0x00,0x25,0x00,0x2C,0x2D,0x37,
0x38,0x33,0x36,0x2D,0x25,0xDD,0xFC,0x00,0x00,0x1D,0x2D,0x31,0xFC,0x00,0x00,0x18,
0x25,0x33,0xFD,0x0F,0x00,0x31,0x29,0x37,0x31,0x33,0xDD,0xCA,0xFD,0x0F,0x32,0x38,
0x25,0x33,0x00,0x3A,0x33,0x39,0x00,0x38,0x29,0xFC,0x38,0x29,0x37,0x38,0x25,0x36,
0xCA,0xFD,0xF6,0x03,0x0B,0x32,0x38,0x29,0x37,0x00,0x28,0x29,0x00,0x28,0x25,0x36,
0x00,0x25,0x39,0x30,0x25,0xE5,0xE5,0xE5,0xFC,0x00,0x00,0x10,0x39,0x2D,0x00,0x31,
0x25,0x36,0x2D,0x32,0x2C,0x29,0x2D,0x36,0x33,0xFC,0x00,0x00,0x10,0x39,0x2D,0x00,
0x34,0x25,0x28,0x29,0x2D,0x36,0x33,0xFD,0x13,0x32,0x27,0x33,0x36,0x36,0x29,0x38,
0x33,0xE5,0xFD,0x0B,0x32,0x38,0x29,0x37,0x00,0x28,0x29,0x00,0x37,0x29,0x36,0xFC,
0x34,0x36,0x33,0x2A,0x29,0x37,0x37,0x33,0x36,0xFC,0x38,0x36,0x25,0x26,0x25,0x30,
0x2C,0x29,0x2D,0x00,0x32,0x39,0x31,0x25,0xFC,0x34,0x25,0x28,0x25,0x36,0x2D,0x25,
0xE5,0xE5,0xE5,0xFD,0x18,0x2D,0x32,0x2B,0x39,0x29,0x31,0x00,0x31,0x25,0x2D,0x37,
0xFC,0x34,0x36,0x29,0x37,0x38,0x25,0x00,0x25,0x38,0x29,0x32,0x27,0x25,0x33,0x00,
0x32,0x25,0x37,0xFC,0x31,0x2D,0x32,0x2C,0x25,0x37,0x00,0x2C,0x2D,0x37,0x38,0x33,
0x36,0x2D,0x25,0x37,0xE5,0xE5,0xE5,0xFE,0xF4,0x01,0x0B,0x2C,0xE8,0x00,0x37,0x2D,
0x31,0xDD,0x00,0x0F,0x32,0x38,0x25,0x33,0xFC,0x25,0x27,0x2C,0x33,0x00,0x35,0x39,
0x29,0x00,0x32,0x25,0x33,0xE5,0xFD,0x0E,0x29,0x00,0x35,0x39,0x25,0x30,0x35,0x39,
0x29,0x36,0xFC,0x2A,0x33,0x36,0x31,0x25,0xE8,0xFC,0x34,0x36,0x33,0x3A,0x25,0x3A,
0x29,0x30,0x31,0x29,0x32,0x38,0x29,0xFC,0x38,0x29,0x00,0x29,0x32,0x38,0x29,0x28,
0x2D,0x25,0x36,0x2D,0x25,0xE5,0xE5,0xE5,0xFE,0xF4,0x02,0x0D,0x30,0x25,0x36,0x33,
0x00,0x35,0x39,0x29,0x00,0x32,0x25,0x33,0xE5,0xE5,0xE5,0xFD,0x18,0x25,0x33,0x00,
0x28,0x25,0x00,0x34,0x25,0x36,0x25,0xFC,0x29,0x3A,0x2D,0x38,0x25,0x36,0xE8,0x00,
0x31,0x2D,0x32,0x2C,0x25,0x37,0x00,0x2C,0x2D,0x37,0xD6,0xFC,0x38,0x33,0x36,0x2D,
0x25,0x37,0x00,0x37,0x25,0x33,0x00,0x27,0x2C,0x25,0x38,0x25,0x37,0xE5,0xE5,0xE5,
0xFE,0xF4,0x03,0x1F,0x25,0x39,0xE8,0x00,0x27,0x33,0x36,0x36,0x29,0x38,0x33,0xCA,
0xFC,0x17,0x25,0x37,0x00,0x38,0x25,0x30,0x3A,0x29,0x3E,0x00,0x38,0x29,0x32,0x2C,
0x25,0xFC,0x37,0x2D,0x28,0x33,0x00,0x37,0x33,0x00,0x37,0x33,0x36,0x38,0x29,0xE5,
0xFD,0x1A,0x36,0x33,0x3C,0x2D,0x31,0x25,0xFC,0x34,0x29,0x36,0x2B,0x39,0x32,0x38,
0x25,0xD9,0xFD,0x0D,0x33,0x31,0x33,0x00,0x34,0x36,0x33,0x2A,0x29,0x37,0x37,0x33,
0x36,0xE8,0xFC,0x31,0x2D,0x32,0x2C,0x25,0x00,0x30,0x29,0x31,0x26,0x36,0x25,0x32,
0x27,0x25,0xFC,0x31,0x25,0x2D,0x37,0x00,0x35,0x39,0x29,0x36,0x2D,0x28,0x25,0x00,
0x2A,0x33,0x2D,0xFC,0x35,0x39,0x25,0x32,0x28,0x33,0xE5,0xE5,0xE5,0xFD,0xF6,0x04,
0xE5,0xE5,0xE5,0x2A,0x33,0x31,0x33,0x37,0x00,0x25,0x00,0x39,0x31,0xD9,0xFC,0x00,
0x00,0x10,0x29,0x37,0x38,0x2D,0x3A,0x25,0x30,0xFC,0x00,0x00,0x1A,0x2D,0x35,0x39,
0x29,0x32,0x2D,0x35,0x39,0x29,0xFD,0x18,0x25,0x33,0xE5,0xFD,0x0C,0x29,0x31,0xE5,
0xE5,0xE5,0x00,0x25,0x27,0x2C,0x33,0x00,0x35,0x39,0x29,0xFC,0x31,0x2D,0x32,0x2C,
0x25,0x37,0x00,0x2C,0x2D,0x37,0x38,0x33,0x36,0x2D,0x25,0x37,0xFC,0x32,0x25,0x33,
0x00,0x37,0x29,0x36,0x3A,0x29,0x31,0x00,0x34,0x36,0x25,0xFC,0x32,0x25,0x28,0x25,
0xE5,0xE5,0xE5,0xFE,0xF4,0x04,0x17,0x39,0x2D,0x38,0x33,0x00,0x26,0x29,0x31,0xCA,
0xFC,0x20,0x25,0x31,0x33,0x37,0x00,0x3A,0x29,0x36,0x00,0x29,0x37,0x38,0x25,0xE5,
0xFD,0x18,0x33,0x00,0x34,0x2D,0x35,0x39,0x29,0x32,0x2D,0x35,0x39,0x29,0xE8,0xFC,
0x39,0x31,0x25,0x00,0x31,0x29,0x32,0x2D,0x32,0x25,0xFC,0x29,0x37,0x35,0x39,0x29,
0x27,0x29,0x39,0x00,0x33,0xFC,0x30,0x25,0x32,0x27,0x2C,0x29,0xE5,0x00,0x0F,0x39,
0xE5,0xE5,0xE5,0xFD,0xF6,0x05,0xE5,0xE5,0xE5,0x28,0x29,0x2D,0x00,0x25,0x00,0x29,
0x30,0x25,0xD9,0xFC,0x00,0x00,0x1F,0x31,0x00,0x2C,0x25,0x31,0x26,0x39,0x36,0x2B,
0x39,0x29,0x36,0xFC,0x00,0x00,0x1F,0x31,0x00,0x28,0x33,0x32,0x39,0x38,0xFD,0xE5,
0xE5,0xE5,0xFD,0x13,0x32,0x27,0x33,0x36,0x36,0x29,0x38,0x33,0xE5,0xFD,0x1A,0x33,
0x36,0x00,0x39,0x31,0x00,0x31,0x33,0x31,0x29,0x32,0x38,0x33,0xFC,0x29,0x39,0x00,
0x38,0x2D,0x3A,0x29,0xFC,0x29,0x37,0x34,0x29,0x36,0x25,0x32,0x27,0x25,0x37,0xE5,
0xE5,0xE5,0xFC,0xE5,0xE5,0xE5,0xD3,0x37,0x39,0x37,0x34,0x2D,0x36,0x33,0xD3,0xE5,
0xE5,0xE5,0xFE,0xF4,0x05,0x1D,0x2D,0x31,0xCA,0x00,0x0D,0x33,0x36,0x36,0x29,0x38,
0x33,0xCA,0xFC,0x0F,0x00,0x29,0x31,0x00,0x38,0x36,0x33,0x27,0x25,0x00,0x28,0x33,
0xFC,0x28,0x33,0x32,0x39,0x38,0xE8,0x00,0x29,0x30,0x25,0x00,0x31,0x29,0x00,0x28,
0x29,0x39,0xE5,0xE5,0xE5,0xFD,0xF6,0x06,0xE5,0xE5,0xE5,0x39,0x31,0x00,0x38,0x36,
0x29,0x3A,0x33,0x00,0x28,0x29,0xD9,0xFC,0x00,0x00,0x1E,0x36,0x29,0x37,0x00,0x2A,
0x33,0x30,0x2C,0x25,0x37,0xFC,0x00,0x00,0x1B,0x39,0x25,0x38,0x36,0x33,0x00,0x2A,
0x33,0x30,0x2C,0x25,0x37,0xFD,0x1D,0x2D,0x31,0xE8,0x00,0x29,0x00,0x2D,0x37,0x37,
0x33,0x00,0x31,0x29,0x37,0x31,0x33,0xE5,0xFD,0x0F,0x30,0x25,0x00,0x34,0x36,0x33,
0x27,0x39,0x36,0x33,0x39,0xFC,0x31,0x39,0x2D,0x38,0x33,0x00,0x39,0x31,0x00,0x38,
0x36,0x29,0x3A,0x33,0xFC,0x28,0x29,0x00,0x35,0x39,0x25,0x38,0x36,0x33,0xFC,0x2A,
0x33,0x30,0x2C,0x25,0x37,0xE5,0xE5,0xE5,0xFD,0x17,0x25,0x37,0x00,0x32,0x25,0x33,
0x00,0x27,0x33,0x32,0x37,0x29,0x2B,0x39,0x2D,0x39,0xFC,0x29,0x32,0x27,0x33,0x32,
0x38,0x36,0x25,0x36,0xE5,0xE5,0xE5,0xFD,0x0F,0x00,0x25,0x2B,0x33,0x36,0x25,0xE8,
0xFC,0x25,0x00,0x39,0x30,0x38,0x2D,0x31,0x25,0x00,0x34,0x29,0x36,0x2B,0x39,0x32,
0x38,0x25,0xCA,0xFD,0xF6,0x07,0x0B,0x00,0x31,0x29,0x32,0x2D,0x32,0x25,0x00,0x37,
0x29,0x00,0x27,0x2C,0x25,0x31,0x25,0x3A,0x25,0xD9,0xFC,0x00,0x00,0x18,0x25,0x33,
0x00,0x37,0x29,0x2D,0xFC,0x00,0x00,0x14,0x25,0x37,0x31,0x2D,0x32,0x29,0xFD,0x19,
0x2C,0xCA,0x00,0x0F,0x3C,0x27,0x29,0x30,0x29,0x32,0x38,0x29,0xCA,0xFC,0x0F,0x36,
0x25,0x00,0x39,0x31,0x25,0x00,0x34,0x29,0x2B,0x25,0x28,0x2D,0x32,0x2C,0x25,0xE5,
0xFD,0x19,0x26,0x36,0x2D,0x2B,0x25,0x28,0x33,0x00,0x34,0x33,0x36,0x00,0x33,0x39,
0x3A,0x2D,0x36,0xFC,0x29,0x37,0x38,0x29,0x00,0x3A,0x29,0x30,0x2C,0x33,0xFC,0x1C,
0x29,0x34,0x30,0x33,0x2D,0x28,0xE5,0xE5,0xE5,0xFD,0x0B,0x35,0x39,0x2D,0x00,0x29,
0x37,0x38,0x25,0x00,0x39,0x31,0x25,0xFC,0x34,0x29,0x35,0x39,0x29,0x32,0x25,0x00,
0x36,0x29,0x27,0x33,0x31,0x34,0x29,0x32,0x37,0x25,0xE5,0xFD,0x1A,0x29,0x2B,0x39,
0x29,0x00,0x29,0x37,0x38,0x29,0x00,0x28,0x2D,0x37,0x27,0x33,0xFC,0x35,0x39,0x29,
0x00,0x29,0x39,0x00,0x38,0x29,0x32,0x2C,0x33,0xCA,0xF5,0x09,0xFE,0xF4,0x06,0xE5,
0xE5,0xE5,0xFD,0x18,0x25,0x33,0x00,0x29,0x36,0x25,0x00,0x28,0x29,0xFC,0x35,0x39,
0x25,0x38,0x36,0x33,0xE8,0x00,0x31,0x25,0x37,0x00,0x28,0x29,0x00,0x38,0x36,0x29,
0x37,0xFC,0x2A,0x33,0x30,0x2C,0x25,0x37,0xE5,0xE5,0xE5,0xFD,0x10,0x2D,0x27,0x25,
0x00,0x27,0x30,0x25,0x36,0x33,0xFC,0x35,0x39,0x29,0x00,0x3A,0x33,0x27,0x29,0x00,
0x32,0x25,0x33,0xFC,0x29,0x37,0x38,0x25,0x3A,0x25,0x00,0x34,0x36,0x29,0x37,0x38,
0x25,0x32,0x28,0x33,0xFC,0x25,0x38,0x29,0x32,0x27,0x25,0x33,0xCA,0xFE,0xF4,0x07,
0x0F,0x39,0x00,0x32,0x39,0x32,0x27,0x25,0xFC,0x38,0x29,0x00,0x28,0x2D,0x37,0x37,
0x29,0x00,0x35,0x39,0x25,0x30,0xFC,0x29,0x36,0x25,0x00,0x33,0x00,0x32,0x33,0x31,
0x29,0x00,0x28,0x29,0x30,0x25,0xCA,0xFD,0x0F,0x32,0x2A,0x2D,0x31,0xE8,0x00,0x25,
0x27,0x2C,0x33,0xFC,0x35,0x39,0x29,0x00,0x29,0x00,0x32,0x33,0x36,0x31,0x25,0x30,
0xFC,0x37,0x29,0x00,0x29,0x32,0x38,0x29,0x28,0x2D,0x25,0x36,0xFD,0x27,0x33,0x31,
0x00,0x25,0x37,0x00,0x2C,0x2D,0x37,0x38,0x33,0x36,0x2D,0x25,0x37,0xFC,0x28,0x29,
0x00,0x39,0x31,0x00,0x3A,0x29,0x30,0x2C,0x33,0xE5,0xE5,0xE5,0xFF,0xF3,0x5A,0x0F,
0x2D,0xE8,0x00,0x32,0x33,0x3A,0x25,0x38,0x33,0xE5,0xFD,0x0C,0x29,0x31,0xE8,0x00,
0x25,0x27,0x2C,0x33,0x00,0x35,0x39,0x29,0xFC,0x25,0x2D,0x32,0x28,0x25,0x00,0x37,
0x33,0x39,0xFC,0x26,0x25,0x37,0x38,0x25,0x32,0x38,0x29,0x00,0x2E,0x33,0x3A,0x29,
0x31,0xFC,0x38,0x25,0x31,0x26,0x29,0x31,0xE5,0xFD,0x1F,0x31,0x25,0x00,0x2B,0x36,
0x25,0x32,0x28,0x29,0x00,0x3A,0x25,0x32,0xD6,0xFC,0x38,0x25,0x2B,0x29,0x31,0x00,
0x28,0x29,0x00,0x37,0x29,0x36,0x00,0x39,0x31,0xFC,0x1C,0x29,0x34,0x30,0x33,0x2D,
0x28,0x00,0x29,0x00,0x38,0x29,0x36,0xFC,0x34,0x29,0x27,0x25,0x37,0xFD,0x37,0x39,
0x26,0x37,0x38,0x2D,0x38,0x39,0x2D,0x3A,0x29,0x2D,0x37,0xE5,0xFF,0xF3,0x5A,0x0F,
0x32,0x38,0x25,0x33,0xE8,0x00,0x32,0x33,0x3A,0x25,0x38,0x33,0xE8,0xFD,0x0B,0x00,
0x0C,0x25,0x37,0x29,0x00,0x28,0x25,0x00,0x1C,0x29,0x37,0x2D,0x37,0xD6,0xFC,0x38,
0x29,0x32,0x27,0x2D,0x25,0x00,0x29,0x37,0x38,0x29,0x3A,0x29,0x00,0x31,0x39,0x2D,
0x38,0x33,0xFC,0x25,0x38,0x2D,0x3A,0x25,0x00,0x39,0x30,0x38,0x2D,0x31,0x25,0x31,
0x29,0x32,0x38,0x29,0xE5,0xE5,0xE5,0xFD,0x20,0x25,0x31,0x33,0x37,0x00,0x32,0x33,
0x37,0x00,0x31,0x39,0x28,0x25,0x36,0xFC,0x33,0x39,0x38,0x36,0x25,0x00,0x3A,0x29,
0x3E,0xDD,0xFD,0x0E,0x29,0x2D,0x3C,0x29,0x00,0x33,0x00,0x38,0x36,0x25,0x26,0x25,
0x30,0x2C,0x33,0xFC,0x34,0x29,0x37,0x25,0x28,0x33,0x00,0x34,0x25,0x36,0x25,0x00,
0x31,0x2D,0x31,0xE5,0xFD,0x1A,0x36,0x33,0x3A,0x25,0x36,0x29,0x2D,0x00,0x35,0x39,
0x29,0x00,0x32,0x25,0x33,0xFC,0x2A,0x33,0x2D,0x00,0x37,0x33,0x00,0x33,0x00,0x31,
0x29,0x39,0xFC,0x3A,0x2D,0x37,0x39,0x25,0x30,0x00,0x35,0x39,0x29,0xFC,0x36,0x29,
0x2E,0x39,0x3A,0x29,0x32,0x29,0x37,0x27,0x29,0x39,0xCA,0xFF,0xF3,0x5A,0x12,0x31,
0x31,0xDD,0x00,0x19,0x00,0x35,0x39,0x29,0x00,0x29,0x00,0x2D,0x37,0x37,0x33,0xDD,
0xFC,0x18,0x25,0x33,0x00,0x3A,0x25,0x31,0x33,0x37,0x00,0x32,0x33,0x37,0x00,0x31,
0x39,0x28,0x25,0x36,0xDD,0xFD,0x0F,0x00,0x29,0x39,0x00,0x35,0x39,0x29,0x00,0x34,
0x29,0x32,0x37,0x25,0x3A,0x25,0xFC,0x35,0x39,0x29,0x00,0x2D,0x25,0x31,0x33,0x37,
0x00,0x27,0x33,0x31,0x33,0x00,0x2A,0x2D,0x3E,0x29,0xD6,0xFC,0x31,0x33,0x37,0x00,
0x32,0x33,0x00,0x25,0x32,0x33,0xFC,0x34,0x25,0x37,0x37,0x25,0x28,0x33,0xE5,0xE5,
0xE5,0xFD,0x1A,0x29,0x32,0x37,0x29,0x2D,0x00,0x35,0x39,0x29,0x00,0x38,0x29,0x36,
0x2D,0x25,0x00,0x25,0xFC,0x27,0x2C,0x25,0x32,0x27,0x29,0x00,0x28,0x29,0x00,0x31,
0x29,0xFC,0x29,0x3C,0x2D,0x26,0x2D,0x36,0x00,0x27,0x33,0x31,0x00,0x33,0x37,0x00,
0x31,0x29,0x39,0x37,0xFD,0x31,0x39,0x37,0x27,0x39,0x30,0x33,0x37,0xFC,0x2E,0x33,
0x3A,0x29,0x32,0x37,0xE5,0xE5,0xE5,0xFF,0xF3,0x46,0x0F,0x2D,0xE8,0x00,0x32,0x33,
0x3A,0x25,0x38,0x33,0xE5,0xFD,0x19,0x00,0x35,0x39,0x29,0x00,0x38,0x2D,0x32,0x2C,
0x25,0x00,0x32,0x25,0x35,0x39,0x29,0x30,0x29,0xFC,0x28,0x2D,0x37,0x27,0x33,0x00,
0x35,0x39,0x29,0x00,0x38,0x29,0x00,0x28,0x29,0x2D,0xDD,0xFF,0xF3,0x04,0xE5,0xE5,
0xE5,0xDD,0xFD,0x0F,0x37,0x38,0x29,0x00,0x29,0x30,0x2A,0x00,0x38,0x29,0x31,0xFC,
0x39,0x31,0x25,0x00,0x27,0x29,0x36,0x38,0x25,0x00,0x38,0x36,0x2D,0x37,0x38,0x29,
0x3E,0x25,0xE8,0xFC,0x27,0x33,0x31,0x33,0x00,0x37,0x29,0x00,0x31,0x29,0x00,0x27,
0x2C,0x25,0x31,0x25,0x37,0x37,0x29,0xFD,0x28,0x29,0x00,0x28,0x29,0x32,0x38,0x36,
0x33,0x00,0x28,0x33,0xFC,0x0D,0x3D,0x26,0x29,0x36,0x37,0x34,0x25,0x27,0x29,0xE5,
0xE5,0xE5,0xFF,0xF3,0x04,0xE5,0xE5,0xE5,0xDD,0xFD,0x1E,0x29,0x31,0x00,0x39,0x31,
0x25,0x00,0x30,0x39,0x3E,0xFC,0x35,0x39,0x29,0x32,0x38,0x29,0xE8,0x00,0x31,0x25,
0x37,0x00,0x2C,0x25,0xFC,0x38,0x36,0x2D,0x37,0x38,0x29,0x3E,0x25,0x00,0x32,0x29,
0x30,0x25,0xE5,0xE5,0xE5,0xFD,0x1B,0x39,0x25,0x37,0x29,0x00,0x27,0x33,0x31,0x33,
0x00,0x37,0x29,0xFC,0x30,0x29,0x31,0x26,0x36,0x25,0x37,0x37,0x29,0xFC,0x28,0x29,
0x37,0x38,0x25,0x00,0x26,0x25,0x37,0x29,0xE5,0xFF,
};
alignas(16) inline constexpr uint16_t mmz3_msg03_script_offsets[] = {
0x0000,0x0244,0x0268,0x0284,0x0298,0x02B8,0x03BF,0x043C,
0x0470,0x04C1,0x04DD,0x0513,0x052B,0x053A,0x053A,0x0563,
0x056A,0x0619,0x0653,0x0659,0x0678,0x06E0,0x06F5,0x0720,
0x0738,0x0745,0x0759,0x0777,0x077F,0x082C,0x086C,0x093D,
0x09F1,0x0A22,0x0A2C,0x0A4C,0x0AB6,0x0AC4,0x0AF1,0x0B58,
0x0B9D,0x0CC5,0x0CE0,0x0D31,0x0E98,0x0FD2,0x1074,0x10DB,
0x10F6,0x111A,0x1145,
};
constexpr int mmz3_msg03_num_entries = 51;
alignas(16) inline constexpr uint8_t mmz3_msg03_script_data[] = {
0xF3,0x6C,0x0F,0x37,0x38,0x25,0x00,0x31,0x39,0x2D,0x38,0x33,0x00,0x38,0x36,0x25,
0x32,0x35,0x39,0x2D,0x30,0x33,0xE5,0xE5,0xE5,0xFD,0x18,0x25,0x33,0x00,0x2C,0x33,
0x39,0x3A,0x29,0x00,0x31,0x39,0x2D,0x38,0x33,0x37,0xFC,0x25,0x38,0x25,0x35,0x39,
0x29,0x37,0x00,0x28,0x29,0x00,0x18,0x29,0x33,0xFC,0x0B,0x36,0x27,0x25,0x28,0x2D,
0x25,0x00,0x39,0x30,0x38,0x2D,0x31,0x25,0x31,0x29,0x32,0x38,0x29,0xE5,0xFD,0x1E,
0x39,0x28,0x33,0x00,0x29,0x37,0x38,0x25,0xFC,0x35,0x39,0x25,0x37,0x29,0x00,0x27,
0x25,0x30,0x31,0x33,0xFC,0x28,0x29,0x31,0x25,0x2D,0x37,0xE5,0xE5,0xE5,0xFD,0xF3,
0x6D,0x0B,0x00,0x1D,0x36,0x38,0x25,0xE5,0x00,0x0D,0x2D,0x29,0x30,0x00,0x38,0x29,
0x36,0x31,0x2D,0x32,0x33,0x39,0xFC,0x37,0x39,0x25,0x00,0x34,0x29,0x37,0x35,0x39,
0x2D,0x37,0x25,0x00,0x28,0x25,0xFC,0x32,0x33,0x3A,0x25,0x00,0x29,0x32,0x29,0x36,
0x2B,0x2D,0x25,0xE5,0xE5,0xE5,0xFD,0x0F,0x00,0x37,0x29,0x00,0x36,0x29,0x37,0x33,
0x30,0x3A,0x29,0x36,0xFC,0x25,0x00,0x27,0x36,0x2D,0x37,0x29,0x00,0x28,0x29,0x00,
0x29,0x32,0x29,0x36,0x2B,0x2D,0x25,0xE8,0xFD,0x18,0x29,0x33,0x00,0x0B,0x36,0x27,
0x25,0x28,0x2D,0x25,0x00,0x32,0x25,0x33,0xFC,0x38,0x29,0x36,0x25,0x00,0x31,0x25,
0x2D,0x37,0x00,0x36,0x25,0x3E,0x25,0x33,0x00,0x34,0x25,0x36,0x25,0xFC,0x30,0x39,
0x38,0x25,0x36,0x00,0x27,0x33,0x32,0x38,0x36,0x25,0x00,0x32,0x33,0x37,0xE5,0xFD,
0xF3,0x40,0x18,0x25,0x00,0x3A,0x29,0x36,0x28,0x25,0x28,0x29,0xE5,0xE5,0xE5,0xFD,
0x14,0x25,0x00,0x2D,0x32,0x2A,0x33,0x36,0x31,0x29,0x2D,0x00,0x25,0xFC,0x18,0x29,
0x33,0x00,0x0B,0x36,0x27,0x25,0x28,0x2D,0x25,0x00,0x37,0x33,0x26,0x36,0x29,0xFD,
0x29,0x37,0x38,0x25,0x00,0x32,0x33,0x3A,0x25,0x00,0x29,0x32,0x29,0x36,0x2B,0x2D,
0x25,0xE8,0xFC,0x33,0x00,0xE9,0x0D,0x2D,0x29,0x30,0x00,0x1D,0x3D,0x37,0x38,0x29,
0x31,0xE9,0xE5,0xE5,0xE5,0xFD,0x17,0x25,0x37,0xE5,0xE5,0xE5,0xFD,0x0B,0x2D,0x32,
0x28,0x25,0x00,0x32,0x25,0x33,0x00,0x36,0x29,0x27,0x29,0x26,0x2D,0xFC,0x39,0x31,
0x25,0x00,0x36,0x29,0x37,0x34,0x33,0x37,0x38,0x25,0xE5,0xE5,0xE5,0xFD,0xF3,0x6C,
0x18,0x25,0x33,0x00,0x37,0x29,0x00,0x34,0x36,0x29,0x33,0x27,0x39,0x34,0x29,0xCA,
0xFC,0x0D,0x29,0x36,0x38,0x29,0x3E,0x25,0x00,0x35,0x39,0x29,0x00,0x25,0xFC,0x36,
0x29,0x37,0x34,0x33,0x37,0x38,0x25,0x00,0x27,0x2C,0x29,0x2B,0x25,0x36,0x25,0xE5,
0xFD,0x18,0x25,0x33,0x00,0x2C,0x25,0x00,0x31,0x25,0x2D,0x37,0x00,0x36,0x25,0x3E,
0x25,0x33,0x00,0x34,0x25,0x36,0x25,0xFC,0x30,0x39,0x38,0x25,0x36,0xE5,0x00,0x1A,
0x33,0x28,0x29,0x31,0x33,0x37,0xFC,0x3A,0x2D,0x3A,0x29,0x36,0x00,0x29,0x31,0x00,
0x34,0x25,0x3E,0xCA,0xFD,0x20,0x29,0x36,0x28,0x25,0x28,0x29,0xDD,0xCA,0xFD,0xF3,
0x05,0x0F,0x37,0x38,0x25,0x31,0x33,0x37,0x00,0x32,0x33,0x00,0x31,0x29,0x2D,0x33,
0xFC,0x28,0x29,0x00,0x39,0x31,0x25,0x00,0x31,0x2D,0x37,0x37,0x25,0x33,0xE5,0xFD,
0x0F,0x32,0x38,0x25,0x33,0x00,0x2A,0x2D,0x35,0x39,0x29,0xFC,0x29,0x31,0x00,0x37,
0x2D,0x30,0x29,0x32,0x27,0x2D,0x33,0x00,0x29,0x00,0x25,0x32,0x28,0x29,0xE5,0xFD,
0xF3,0x40,0xD3,0x2B,0x39,0x30,0x34,0xCA,0xD3,0x00,0x0E,0x29,0x37,0x27,0x39,0x30,
0x34,0x29,0xCA,0xFF,0xF3,0x40,0x19,0x00,0x37,0x2D,0x32,0x25,0x30,0x00,0x29,0x00,
0x2A,0x33,0x36,0x38,0x29,0xE5,0xFC,0x0F,0x37,0x38,0x25,0x31,0x33,0x37,0x00,0x34,
0x29,0x36,0x38,0x33,0xE5,0xE5,0xE5,0xFF,0xF3,0x6D,0x0B,0x00,0x32,0x29,0x3A,0x29,
0x00,0x29,0x37,0x38,0x25,0xFC,0x28,0x2D,0x31,0x2D,0x32,0x39,0x2D,0x32,0x28,0x33,
0xE5,0xE5,0xE5,0xFF,0xF3,0x6C,0x21,0xD6,0x39,0x25,0x39,0xCA,0xFD,0x19,0x30,0x2C,
0x29,0x00,0x2D,0x37,0x37,0x33,0xCA,0xFF,0xF3,0x05,0x13,0x37,0x37,0x33,0x00,0x29,
0xE5,0xE5,0xE5,0x00,0x25,0x30,0x2B,0x39,0x31,0xFC,0x38,0x2D,0x34,0x33,0x00,0x28,
0x29,0x00,0x32,0x25,0x3A,0x29,0xDD,0xFF,0xF3,0x6C,0x1D,0x36,0x38,0x25,0xE5,0x00,
0x0D,0x2D,0x29,0x30,0xE5,0xE5,0xE5,0xFD,0x0F,0x37,0x37,0x25,0xE5,0xE5,0xE5,0x00,
0x27,0x33,0x2D,0x37,0x25,0xFC,0x29,0x32,0x33,0x36,0x31,0x29,0xE5,0xE5,0xE5,0x00,
0x27,0x25,0x2D,0x39,0xFC,0x28,0x33,0x00,0x29,0x37,0x34,0x25,0x27,0x33,0xDD,0xCA,
0xFD,0xF3,0x41,0x1D,0x2D,0x31,0xE5,0xE5,0xE5,0x00,0x31,0x25,0x37,0x00,0x25,0x30,
0x29,0x31,0x00,0x28,0x2D,0x37,0x37,0x33,0xE5,0xE5,0xE5,0xFD,0x0F,0x31,0x2D,0x38,
0x29,0x00,0x25,0x00,0x31,0x29,0x37,0x31,0x25,0xFC,0x30,0x29,0x2D,0x38,0x39,0x36,
0x25,0x00,0x28,0x29,0x00,0x29,0x32,0x29,0x36,0x2B,0x2D,0x25,0xFC,0x35,0x39,0x29,
0x00,0x25,0x00,0x0E,0x25,0x36,0x2F,0x00,0x0F,0x30,0x2A,0xE5,0xE5,0xE5,0xFD,0x28,
0x25,0x00,0x35,0x39,0x25,0x30,0x00,0x37,0x33,0x00,0x29,0x3C,0x2D,0x37,0x38,0x29,
0xFC,0x39,0x31,0x25,0x00,0x29,0x31,0x00,0x38,0x33,0x28,0x33,0x00,0x33,0xFC,0x31,
0x39,0x32,0x28,0x33,0xE5,0xE5,0xE5,0xFD,0x24,0x29,0x36,0x33,0x00,0x29,0x36,0x25,
0x00,0x27,0x33,0x32,0x38,0x36,0x25,0x00,0x25,0xFC,0x2D,0x28,0x29,0x2D,0x25,0xE8,
0x00,0x31,0x25,0x37,0x00,0x29,0x39,0x00,0x38,0x2D,0x32,0x2C,0x25,0xFC,0x35,0x39,
0x29,0x00,0x27,0x2C,0x29,0x27,0x25,0x36,0xE5,0xE5,0xE5,0xFD,0x19,0x00,0x35,0x39,
0x29,0x00,0x34,0x33,0x28,0x29,0x00,0x29,0x37,0x38,0x25,0x36,0xFC,0x25,0x27,0x33,
0x32,0x38,0x29,0x27,0x29,0x32,0x28,0x33,0x00,0x25,0x35,0x39,0x2D,0xDD,0xFF,0xF3,
0x05,0x18,0x29,0x33,0x00,0x0B,0x36,0x27,0x25,0x28,0x2D,0x25,0xFC,0x2D,0x37,0x33,
0x30,0x33,0x39,0x00,0x25,0x00,0x25,0x36,0x29,0x25,0xFC,0x25,0x00,0x2A,0x36,0x29,
0x32,0x38,0x29,0xE5,0xFD,0xF3,0x40,0x19,0x00,0x35,0x39,0x29,0xDD,0xCA,0xFD,0xF3,
0x05,0x10,0x2D,0x35,0x39,0x29,0x31,0x00,0x25,0x35,0x39,0x2D,0xFC,0x25,0x38,0x29,
0x00,0x29,0x39,0x00,0x3A,0x29,0x36,0x00,0x35,0x39,0x29,0xFC,0x29,0x00,0x37,0x29,
0x2B,0x39,0x36,0x33,0xE5,0xFD,0xF3,0x40,0x0F,0x32,0x38,0x29,0x32,0x28,0x2D,0x28,
0x33,0xE5,0xE5,0xE5,0xFC,0x1E,0x29,0x32,0x2C,0x25,0x00,0x27,0x39,0x2D,0x28,0x25,
0x28,0x33,0xE8,0x00,0x24,0x29,0x36,0x33,0xE5,0xE5,0xE5,0xFF,0xF3,0x04,0x17,0x25,
0x2D,0x37,0x00,0x25,0x00,0x2A,0x36,0x29,0x32,0x38,0x29,0xE5,0xE5,0xE5,0xFD,0x0E,
0x29,0x00,0x30,0x25,0x00,0x3A,0x29,0x31,0x00,0x25,0xFC,0x30,0x29,0x2D,0x38,0x39,
0x36,0x25,0x00,0x28,0x25,0xFC,0x0E,0x25,0x36,0x2F,0x00,0x0F,0x30,0x2A,0xE5,0xFF,
0xF3,0x04,0xFB,0x0F,0x30,0x25,0x00,0x37,0x25,0x26,0x2D,0x25,0x00,0x35,0x39,0x29,
0x31,0xFC,0x29,0x39,0x00,0x37,0x33,0x39,0xE5,0xE5,0xE5,0xFD,0x1A,0x33,0x36,0x00,
0x35,0x39,0x29,0x00,0x25,0x00,0x0F,0x30,0x2A,0xFC,0x35,0x39,0x29,0x00,0x35,0x39,
0x25,0x37,0x29,0x00,0x28,0x29,0x37,0x38,0x36,0x39,0x2D,0x39,0xFC,0x33,0x00,0x31,
0x39,0x32,0x28,0x33,0x00,0x31,0x29,0x00,0x27,0x33,0x32,0x2C,0x29,0x27,0x29,0xDD,
0xFF,0xF3,0x00,0x0D,0x2D,0x29,0x30,0xD9,0x00,0x24,0x29,0x36,0x33,0xE8,0x00,0x3A,
0x33,0x27,0x29,0x00,0x29,0x37,0x38,0x25,0x00,0x25,0x2D,0xDD,0xFF,0xF3,0x04,0x17,
0x25,0x32,0x38,0x29,0x32,0x2C,0x25,0x00,0x37,0x2D,0x30,0x29,0x32,0x27,0x2D,0x33,
0xFC,0x32,0x33,0x00,0x36,0x25,0x28,0x2D,0x33,0xCA,0xFD,0x19,0x00,0x2D,0x32,0x2D,
0x31,0x2D,0x2B,0x33,0x00,0x29,0x37,0x38,0x25,0xFC,0x34,0x29,0x36,0x38,0x33,0xE5,
0xE5,0xE5,0xFF,0xF3,0x41,0x0B,0x2C,0xE8,0x00,0x31,0x29,0xD6,0x31,0x29,0x00,0x28,
0x29,0x37,0x27,0x39,0x30,0x34,0x29,0xE5,0xE5,0xE5,0xFF,0xF3,0x6C,0x1A,0x25,0x36,
0x25,0x00,0x33,0x00,0x27,0x2C,0x25,0x33,0xCA,0xFF,0xF3,0x6C,0x18,0x29,0x33,0x00,
0x0B,0x36,0x27,0x25,0x28,0x2D,0x25,0x32,0x33,0x37,0xCA,0xFD,0xF3,0x6D,0x1D,0x36,
0x38,0x25,0xE5,0x00,0x0D,0x2D,0x29,0x30,0xE8,0x00,0x27,0x39,0x2D,0x28,0x25,0x28,
0x33,0xCA,0xFF,0xF3,0x04,0x18,0x25,0x33,0xCA,0xFF,0xF3,0x2D,0x1C,0x29,0x30,0x25,
0x3C,0x29,0xE5,0xFC,0x18,0x25,0x33,0x00,0x2A,0x25,0x36,0x25,0x33,0xFC,0x32,0x29,
0x32,0x2C,0x39,0x31,0x00,0x31,0x25,0x30,0x00,0x25,0x00,0x3A,0x33,0x27,0x29,0x37,
0xE5,0xFD,0xF3,0x04,0x12,0x25,0x36,0x34,0x39,0x2D,0x25,0xDD,0xCA,0xFD,0xF3,0x2D,
0x0E,0x29,0x37,0x38,0x25,0x00,0x3A,0x29,0x3E,0x00,0x3A,0x33,0x39,0xFC,0x28,0x29,
0x2D,0x3C,0x25,0x36,0x00,0x3A,0x33,0x27,0x29,0x37,0x00,0x2D,0x36,0x29,0x31,0xE5,
0xFD,0x17,0x25,0x37,0x00,0x3A,0x33,0x27,0x29,0x00,0x29,0x00,0x29,0x37,0x37,0x29,
0x37,0xFC,0x30,0x39,0x38,0x25,0x28,0x33,0x36,0x29,0x37,0x00,0x28,0x25,0xFC,0x1C,
0x29,0x37,0x2D,0x37,0x38,0x29,0x32,0x27,0x2D,0x25,0x00,0x28,0x29,0x3A,0x29,0x31,
0xFD,0x2D,0x36,0x00,0x29,0x31,0x26,0x33,0x36,0x25,0xE8,0x00,0x25,0x2B,0x33,0x36,
0x25,0xCA,0xFD,0xF3,0x04,0x20,0x25,0x2D,0x00,0x32,0x33,0x37,0x00,0x28,0x29,0x2D,
0x3C,0x25,0x36,0x00,0x2D,0x36,0xDD,0xCA,0xFF,0xF3,0x2D,0x20,0x25,0x33,0x00,0x29,
0x31,0x26,0x33,0x36,0x25,0xCA,0xFD,0x18,0x25,0x33,0x00,0x38,0x29,0x32,0x2C,0x33,
0x00,0x38,0x29,0x31,0x34,0x33,0xFC,0x34,0x25,0x36,0x25,0x00,0x30,0x2D,0x28,0x25,
0x36,0x00,0x27,0x33,0x31,0xFC,0x3A,0x33,0x27,0x29,0x37,0x00,0x25,0x2B,0x33,0x36,
0x25,0xCA,0xFF,0xF3,0x04,0xE5,0xE5,0xE5,0xFF,0xF3,0x00,0x0D,0x2D,0x29,0x30,0xD9,
0x00,0x24,0x29,0x36,0x33,0xE5,0xE5,0xE5,0xFD,0x1A,0x33,0x28,0x29,0x00,0x31,0x29,
0x00,0x33,0x39,0x3A,0x2D,0x36,0xDD,0xFF,0xF3,0x04,0x1A,0x25,0x36,0x29,0x27,0x29,
0x00,0x35,0x39,0x29,0xFC,0x3A,0x33,0x27,0x29,0x00,0x29,0x37,0x38,0x25,0x00,0x26,
0x29,0x31,0xE5,0xE5,0xE5,0xFD,0x0E,0x29,0x2D,0x3C,0x29,0x00,0x33,0x00,0x36,0x29,
0x37,0x38,0x33,0xFC,0x28,0x2D,0x37,0x37,0x33,0x00,0x27,0x33,0x31,0x2D,0x2B,0x33,
0xE5,0xFD,0x1B,0x39,0x29,0x36,0x33,0x00,0x35,0x39,0x29,0x00,0x38,0x33,0x28,0x33,
0x37,0xFC,0x3A,0x33,0x30,0x38,0x29,0x31,0x00,0x25,0x00,0x0C,0x25,0x37,0x29,0xFC,
0x28,0x25,0x00,0x1C,0x29,0x37,0x2D,0x37,0x38,0x29,0x32,0x27,0x2D,0x25,0xE5,0xFF,
0xF3,0x00,0x0D,0x2D,0x29,0x30,0xD9,0x00,0x17,0x25,0x37,0xE8,0x00,0x24,0x29,0x36,
0x33,0xE5,0xE5,0xE5,0xFF,0xF3,0x04,0x0F,0x39,0x00,0x33,0x39,0x3A,0x2D,0x00,0x29,
0x37,0x37,0x25,0x00,0x3A,0x33,0x3E,0xFC,0x29,0x31,0x00,0x25,0x30,0x2B,0x39,0x31,
0x00,0x30,0x39,0x2B,0x25,0x36,0xFC,0x25,0x32,0x38,0x29,0x37,0xE5,0xE5,0xE5,0xFF,
0xF3,0x04,0xFB,0x0F,0x37,0x38,0x25,0xE5,0xE5,0xE5,0x00,0x31,0x29,0x00,0x27,0x2C,
0x25,0x31,0x25,0x32,0x28,0x33,0xDD,0xFF,0xF3,0x2F,0x0B,0x25,0x25,0x25,0x25,0x25,
0x36,0x2B,0x2C,0xCA,0xFF,0xF3,0x31,0x0B,0x2B,0x33,0x36,0x25,0x00,0x3A,0x33,0x27,
0x29,0x00,0x34,0x29,0x28,0x2D,0x39,0xCA,0xFF,0xF3,0x31,0x20,0x33,0x39,0x00,0x38,
0x29,0x00,0x29,0x3C,0x34,0x30,0x33,0x28,0x2D,0x36,0x00,0x29,0x31,0xFC,0x34,0x29,
0x28,0x25,0x27,0x33,0x37,0xCA,0xFF,0xF3,0x31,0x19,0x33,0x34,0x2C,0xCA,0xFF,0xF3,
0x2F,0xFB,0xD3,0x25,0x36,0x2A,0x00,0x25,0x36,0x2A,0xD3,0xFD,0x0B,0x2D,0x32,0x28,
0x25,0x00,0x3A,0x2D,0x3A,0x33,0xE8,0xFC,0x10,0x29,0x2A,0x32,0x2D,0x36,0xDD,0xFD,
0xF3,0x30,0xFB,0x1B,0x39,0x29,0x00,0x31,0x33,0x32,0x37,0x38,0x36,0x33,0xE5,0xE5,
0xE5,0xFD,0x18,0x33,0x37,0x00,0x28,0x33,0x2D,0x37,0xFC,0x30,0x39,0x38,0x25,0x32,
0x28,0x33,0x00,0x2E,0x39,0x32,0x38,0x33,0x37,0xE8,0xFC,0x29,0x00,0x32,0x29,0x31,
0x00,0x39,0x31,0x00,0x25,0x36,0x36,0x25,0x32,0x2C,0x25,0x33,0xE5,0xFD,0xF3,0x2F,
0xFB,0x19,0x31,0x29,0x2B,0x25,0xE8,0x00,0x33,0x00,0x38,0x29,0x36,0x36,0x2D,0x3A,
0x29,0x30,0xFC,0x1C,0x29,0x34,0x30,0x33,0x2D,0x28,0x00,0x26,0x25,0x32,0x2D,0x28,
0x33,0xFC,0x28,0x29,0x00,0x18,0x29,0x33,0x00,0x0B,0x36,0x27,0x25,0x28,0x2D,0x25,
0xE5,0xE5,0xE5,0xFD,0x0F,0x30,0x29,0x00,0x29,0x00,0x26,0x29,0x31,0xFC,0x36,0x29,
0x37,0x2D,0x37,0x38,0x29,0x32,0x38,0x29,0xE5,0xE5,0xE5,0xFF,0xF3,0x30,0x24,0x29,
0x36,0x33,0xDD,0xCA,0xFD,0x19,0x00,0x35,0x39,0x29,0x00,0x28,0x2D,0x25,0x26,0x33,
0x37,0xFC,0x29,0x37,0x38,0x25,0x00,0x2A,0x25,0x3E,0x29,0x32,0x28,0x33,0x00,0x25,
0x35,0x39,0x2D,0xDD,0xCA,0xFD,0xF3,0x05,0x19,0x00,0x35,0x39,0x29,0x00,0x29,0x00,
0x29,0x37,0x37,0x25,0x00,0x27,0x33,0x2D,0x37,0x25,0xDD,0xFF,0xF3,0x2E,0x0B,0x35,
0x39,0x29,0x30,0x29,0x00,0x29,0x00,0x19,0x31,0x29,0x2B,0x25,0xE5,0xFC,0x1D,0x39,
0x25,0x00,0x31,0x29,0x36,0x25,0x00,0x29,0x3C,0x2D,0x37,0x38,0x29,0x32,0x27,0x2D,
0x25,0xFD,0x28,0x29,0x37,0x25,0x2A,0x2D,0x25,0x00,0x25,0xFC,0x36,0x29,0x25,0x30,
0x2D,0x28,0x25,0x28,0x29,0xE5,0xE5,0xE5,0xFD,0x0F,0x30,0x29,0x00,0x29,0x00,0x2A,
0x33,0x36,0x38,0x29,0xE8,0x00,0x31,0x25,0x37,0xE5,0xE5,0xE5,0xFD,0x18,0x25,0x33,
0x00,0x29,0x00,0x38,0x25,0x33,0x00,0x28,0x2D,0x3A,0x29,0x36,0x38,0x2D,0x28,0x33,
0xFC,0x30,0x39,0x38,0x25,0x36,0x00,0x27,0x33,0x32,0x38,0x36,0x25,0x00,0x29,0x30,
0x29,0x00,0x27,0x33,0x31,0x33,0xFC,0x27,0x33,0x31,0x00,0x3A,0x33,0x27,0x29,0xE5,
0x00,0x12,0x29,0x2C,0x29,0xE5,0xE5,0xE5,0xFD,0x18,0x25,0x33,0x00,0x29,0x37,0x38,
0x33,0x39,0x00,0x27,0x33,0x31,0xFC,0x3A,0x33,0x32,0x38,0x25,0x28,0x29,0x00,0x28,
0x29,0x00,0x30,0x39,0x38,0x25,0x36,0xE8,0xFC,0x29,0x32,0x38,0x25,0x33,0x00,0x29,
0x00,0x38,0x33,0x28,0x33,0x00,0x37,0x29,0x39,0xE5,0xE5,0xE5,0xFD,0x0B,0x38,0x29,
0x00,0x30,0x33,0x2B,0x33,0xE8,0x00,0x24,0x29,0x36,0x33,0xE5,0xFF,0xF3,0x30,0x0C,
0x25,0x2C,0xE8,0x00,0x29,0x37,0x37,0x25,0xFC,0x16,0x29,0x3A,0x2D,0x25,0x38,0x2C,
0x25,0x32,0xE5,0xE5,0xE5,0xFD,0x11,0x36,0x36,0xE8,0x00,0x32,0x25,0x33,0x00,0x27,
0x33,0x32,0x37,0x2D,0x2B,0x33,0xFC,0x31,0x29,0x00,0x31,0x33,0x3A,0x29,0x36,0xE5,
0xFD,0x1E,0x29,0x36,0x29,0x31,0x33,0x37,0x00,0x35,0x39,0x29,0xFC,0x38,0x29,0x36,
0x31,0x2D,0x32,0x25,0x36,0x00,0x2D,0x37,0x37,0x33,0xFC,0x33,0x39,0x38,0x36,0x33,
0x00,0x28,0x2D,0x25,0xE5,0xFD,0x0F,0x2D,0xE8,0x00,0x24,0x29,0x36,0x33,0xCA,0xFD,
0x0B,0x30,0x2B,0x39,0x31,0x00,0x28,0x2D,0x25,0x00,0x3A,0x33,0x39,0xFC,0x34,0x29,
0x2B,0x25,0x36,0x00,0x3A,0x33,0x27,0x29,0xFC,0x29,0x00,0x29,0x37,0x37,0x29,0x00,
0x19,0x31,0x29,0x2B,0x25,0xCA,0xFD,0x18,0x25,0x33,0x00,0x37,0x29,0x00,0x25,0x38,
0x36,0x29,0x3A,0x25,0xFC,0x25,0x00,0x31,0x33,0x36,0x36,0x29,0x36,0x00,0x25,0x32,
0x38,0x29,0x37,0xFC,0x28,0x2D,0x37,0x37,0x33,0xE8,0x00,0x24,0x29,0x36,0x33,0xCA,
0xFF,0xF3,0x04,0x19,0x31,0x29,0x2B,0x25,0xE8,0x00,0x29,0x2C,0xDD,0xFD,0x0F,0x32,
0x38,0x25,0x33,0x00,0x2A,0x33,0x2D,0x00,0x3A,0x33,0x27,0x29,0xFC,0x35,0x39,0x29,
0x31,0x00,0x31,0x29,0x00,0x27,0x2C,0x25,0x31,0x33,0x39,0x00,0x25,0x35,0x39,0x2D,
0xDD,0xFF,0xF3,0x3D,0x11,0x36,0x36,0x36,0xE5,0xE5,0xE5,0xFF,0xF3,0x04,0x20,0x33,
0x27,0x29,0x00,0x32,0x39,0x32,0x27,0x25,0xFC,0x28,0x29,0x37,0x2D,0x37,0x38,0x29,
0xE8,0x00,0x32,0x25,0x33,0x00,0x29,0xE5,0xE5,0xE5,0xDD,0xFF,0xF3,0x2C,0x0F,0x32,
0x38,0x25,0x33,0x00,0x3A,0x33,0x27,0x29,0x00,0x29,0xFC,0x19,0x31,0x29,0x2B,0x25,
0xE5,0xFD,0x1C,0x29,0x27,0x29,0x2D,0x33,0x00,0x35,0x39,0x29,0x00,0x32,0x25,0x33,
0xFC,0x34,0x33,0x37,0x37,0x33,0x00,0x28,0x29,0x2D,0x3C,0x25,0x36,0x00,0x3A,0x33,
0x27,0x29,0xFC,0x37,0x25,0x2D,0x36,0x00,0x28,0x29,0x37,0x38,0x29,0x00,0x30,0x39,
0x2B,0x25,0x36,0x00,0x2E,0x25,0x31,0x25,0x2D,0x37,0xE5,0xFD,0x0F,0x00,0x2C,0x33,
0x36,0x25,0x00,0x28,0x25,0x00,0x37,0x39,0x25,0xFC,0x28,0x29,0x37,0x38,0x36,0x39,
0x2D,0x27,0x25,0x33,0xCA,0xFF,0xF3,0x3D,0x11,0x25,0x25,0x25,0x36,0x36,0x36,0x36,
0x3B,0x30,0xCA,0xFF,0xF3,0x3B,0x12,0x29,0x2C,0x29,0x2C,0x29,0x2C,0x29,0xE5,0xE5,
0xE5,0xFD,0x19,0x31,0x29,0x2B,0x25,0xE8,0x00,0x2D,0x37,0x37,0x33,0x00,0x37,0x29,
0x36,0x25,0xFC,0x33,0x00,0x37,0x39,0x2A,0x2D,0x27,0x2D,0x29,0x32,0x38,0x29,0xE5,
0xFF,0xF3,0x3B,0x0E,0x29,0x00,0x2C,0x33,0x2E,0x29,0x00,0x29,0x31,0xFC,0x28,0x2D,
0x25,0x32,0x38,0x29,0xE5,0xE5,0xE5,0xFD,0x16,0x39,0x38,0x25,0x36,0x25,0x00,0x27,
0x33,0x31,0xFC,0x29,0x37,0x37,0x25,0x00,0x34,0x29,0x37,0x37,0x33,0x25,0x00,0x27,
0x33,0x31,0x33,0xFC,0x32,0x29,0x33,0x00,0x25,0x36,0x27,0x25,0x28,0x2D,0x25,0x32,
0x33,0xE5,0xFD,0x18,0x25,0x33,0x00,0x29,0x00,0x29,0x28,0x39,0x27,0x25,0x28,0x33,
0xFC,0x26,0x25,0x38,0x29,0x36,0x00,0x32,0x39,0x31,0x00,0x25,0x31,0x2D,0x2B,0x33,
0xFC,0x25,0x37,0x37,0x2D,0x31,0xE5,0xFF,0xF3,0x3D,0x11,0x25,0x25,0x36,0x3B,0x30,
0xE5,0xE5,0xE5,0xFC,0x16,0x33,0x36,0x28,0x29,0xE5,0xE5,0xE5,0x21,0x29,0x2D,0x30,
0xE5,0xE5,0xE5,0xFD,0xF3,0x2C,0xFB,0x1F,0x31,0x00,0x32,0x29,0x33,0x00,0x25,0x36,
0x27,0x25,0x28,0x2D,0x25,0x32,0x33,0xDD,0xCA,0xFD,0x1B,0x39,0x29,0x31,0x00,0x29,
0x00,0x29,0x37,0x37,0x29,0xFC,0x27,0x25,0x36,0x25,0xDD,0xCA,0xFF,0xF3,0x3B,0xFB,
0x12,0x29,0x2C,0x29,0x2C,0x29,0x2C,0x29,0xE5,0xE5,0xE5,0xFD,0x1D,0x33,0x39,0x00,
0x21,0x29,0x2D,0x30,0xE5,0x00,0x1A,0x33,0x28,0x29,0xFC,0x31,0x29,0x00,0x27,0x2C,
0x25,0x31,0x25,0x36,0x00,0x28,0x29,0x00,0x0E,0x36,0xE5,0x00,0x21,0x29,0x2D,0x30,
0xE5,0xFD,0x0E,0x29,0x3A,0x29,0x00,0x27,0x33,0x32,0x2C,0x29,0x27,0x29,0x36,0xFC,
0x31,0x29,0x39,0x00,0x32,0x33,0x31,0x29,0xE8,0x00,0x12,0x25,0x36,0x34,0x39,0x2D,
0x25,0x00,0x28,0x33,0x37,0xFD,0x1B,0x39,0x25,0x38,0x36,0x33,0xFC,0x11,0x39,0x25,
0x36,0x28,0x2D,0x33,0x29,0x37,0xDD,0xFD,0x0F,0x00,0x3A,0x33,0x27,0x29,0xE5,0xE5,
0xE5,0x00,0x33,0x00,0x2C,0x29,0x36,0x33,0x2D,0xFC,0x30,0x29,0x32,0x28,0x25,0x36,
0x2D,0x33,0xE5,0xFD,0x24,0x29,0x36,0x33,0xE5,0xE5,0xE5,0xFD,0xF3,0x2C,0xFB,0x0E,
0x36,0xE5,0x00,0x21,0x29,0x2D,0x30,0xDD,0xCA,0xFD,0x0F,0x37,0x38,0x25,0x00,0x26,
0x36,0x2D,0x32,0x27,0x25,0x32,0x28,0x33,0xCA,0xFC,0x18,0x25,0x33,0x00,0x34,0x33,
0x28,0x29,0x00,0x37,0x29,0x36,0xCA,0x00,0x1A,0x33,0x36,0xFC,0x35,0x39,0x29,0x00,
0x3A,0x33,0x27,0x29,0xE8,0x00,0x35,0x39,0x29,0x00,0x2A,0x33,0x2D,0xFD,0x26,0x25,
0x32,0x2D,0x28,0x33,0x00,0x28,0x29,0x00,0x18,0x29,0x33,0xFC,0x0B,0x36,0x27,0x25,
0x28,0x2D,0x25,0x00,0x2C,0x25,0x00,0x39,0x31,0xFD,0x37,0x29,0x27,0x39,0x30,0x33,
0xE8,0x00,0x29,0x37,0x38,0x25,0xFC,0x27,0x33,0x31,0x00,0x19,0x31,0x29,0x2B,0x25,
0xDD,0xCA,0xFD,0xF3,0x37,0xFB,0x13,0x37,0x37,0x33,0x00,0x29,0x00,0x37,0x2D,0x31,
0x34,0x30,0x29,0x37,0xE5,0xFD,0x0F,0xD6,0x29,0x39,0x00,0x33,0x00,0x38,0x36,0x33,
0x39,0x3C,0x29,0xE5,0xFF,0xF3,0x2C,0x17,0xE5,0xE5,0xE5,0x00,0x17,0x29,0x37,0x38,
0x36,0x29,0x00,0x22,0xDD,0xCA,0xFC,0x0F,0x00,0x3A,0x33,0x27,0x29,0xDD,0xCA,0xFF,
0xF3,0x37,0x12,0x25,0x36,0x34,0x39,0x2D,0x25,0xCA,0x00,0x12,0x29,0x2C,0x29,0xE8,
0xFC,0x3A,0x33,0x27,0x29,0x00,0x32,0x25,0x33,0x00,0x31,0xD6,0x31,0x39,0x28,0x33,
0x39,0xCA,0xFD,0x0F,0x00,0x38,0xD6,0x38,0x25,0x31,0x26,0x29,0x31,0xFC,0x29,0x37,
0x38,0x25,0xE5,0xE5,0xE5,0xFD,0x1D,0x29,0x32,0x38,0x2D,0x00,0x37,0x39,0x25,0x00,
0x2A,0x25,0x30,0x38,0x25,0xE8,0x00,0x24,0xD6,0x24,0x29,0x36,0x33,0xE5,0xE5,0xE5,
0xFF,0xF3,0x04,0x20,0x33,0x27,0x29,0x00,0x28,0x29,0x3A,0x29,0x00,0x37,0x29,0x36,
0xE5,0xE5,0xE5,0xFC,0x20,0x33,0x27,0x29,0x00,0x29,0x00,0x39,0x31,0x25,0x00,0x27,
0x33,0x34,0x2D,0x25,0xE8,0xFC,0x32,0x25,0x33,0x00,0x29,0xDD,0xFD,0xF3,0x3B,0xFB,
0x12,0x29,0x2C,0x29,0x2C,0x29,0xCA,0xFD,0x1E,0x36,0x33,0x39,0x3C,0x29,0x00,0x28,
0x29,0x00,0x3A,0x33,0x30,0x38,0x25,0x00,0x33,0xFC,0x17,0x29,0x37,0x38,0x36,0x29,
0x00,0x22,0xE8,0x00,0x25,0x00,0x35,0x39,0x29,0x31,0xFD,0x3A,0x33,0x27,0x29,0x00,
0x28,0x29,0x36,0x36,0x33,0x38,0x33,0x39,0xFC,0x2C,0x25,0x00,0x39,0x31,0x00,0x38,
0x29,0x31,0x34,0x33,0xCA,0xFD,0x1A,0x25,0x36,0x25,0x00,0x34,0x36,0x33,0x38,0x29,
0x2B,0x29,0x36,0x00,0x25,0xFC,0x2C,0x39,0x31,0x25,0x32,0x2D,0x28,0x25,0x28,0x29,
0x00,0x28,0x33,0x00,0x27,0x25,0x33,0x37,0xFC,0x28,0x29,0x37,0x38,0x29,0x00,0x31,
0x39,0x32,0x28,0x33,0xCA,0xFD,0xF3,0x37,0xFA,0x21,0x29,0x2D,0x30,0x00,0x37,0x25,
0x30,0x3A,0x33,0x39,0x00,0x31,0x2D,0x32,0x2C,0x25,0xFC,0x3A,0x2D,0x28,0x25,0xE5,
0x00,0x0F,0xD6,0x29,0x39,0x00,0x28,0x29,0x3A,0x33,0xFC,0x25,0x00,0x29,0x30,0x29,
0xE5,0xE5,0xE5,0xFD,0x20,0x33,0x39,0x00,0x30,0x29,0x3A,0x25,0x36,0x00,0x33,0x00,
0x19,0x31,0x29,0x2B,0x25,0xFC,0x28,0x29,0x00,0x3A,0x33,0x30,0x38,0x25,0xE8,0x00,
0x33,0xD6,0x33,0x26,0x36,0x2D,0x2B,0x25,0x28,0x33,0xE5,0xFD,0x12,0x25,0x36,0x34,
0x39,0x2D,0x25,0xE8,0x00,0x27,0xD6,0x27,0x33,0x32,0x38,0x2D,0x32,0x39,0x29,0xFC,
0x26,0x39,0x37,0x27,0x25,0x32,0x28,0x33,0x00,0x25,0xFC,0x0E,0x25,0x36,0x2F,0x00,
0x0F,0x30,0x2A,0xE5,0xFD,0x19,0x31,0x29,0x2B,0x25,0x00,0x29,0x00,0x25,0x00,0x0E,
0x25,0x36,0x2F,0xFC,0x0F,0x30,0x2A,0xE5,0xE5,0xE5,0xFD,0x20,0x25,0x31,0x33,0x37,
0x00,0x34,0x36,0x29,0x27,0x2D,0x37,0x25,0x36,0xFC,0x28,0x29,0x00,0x25,0x31,0x26,
0x33,0x37,0x00,0x34,0x25,0x36,0x25,0x00,0x33,0xFC,0x35,0xD6,0x35,0x39,0x29,0x00,
0x3A,0x2D,0x36,0x25,0xE5,0xE5,0xE5,0xFF,0xF3,0x2C,0x17,0x25,0x37,0x00,0x17,0x29,
0x37,0x38,0x36,0x29,0x00,0x22,0xCA,0xFC,0x1A,0x29,0x32,0x37,0x29,0x00,0x29,0x31,
0x00,0x35,0x39,0x25,0x32,0x38,0x33,0x37,0xFC,0x2C,0x39,0x31,0x25,0x32,0x33,0x37,
0x00,0x31,0x33,0x36,0x36,0x29,0x36,0x25,0x31,0xFD,0x34,0x29,0x30,0x25,0x00,0x0E,
0x25,0x36,0x2F,0x00,0x0F,0x30,0x2A,0x00,0x29,0xFC,0x19,0x31,0x29,0x2B,0x25,0xE8,
0x00,0x25,0x31,0x26,0x33,0x37,0x00,0x27,0x36,0x2D,0x25,0x28,0x33,0x37,0xFC,0x34,
0x33,0x36,0x00,0x29,0x37,0x38,0x29,0x00,0x2C,0x33,0x31,0x29,0x31,0xE5,0xE5,0xE5,
0xFD,0x0D,0x33,0x31,0x33,0x00,0x34,0x33,0x28,0x29,0xFC,0x2E,0x39,0x37,0x38,0x2D,
0x2A,0x2D,0x27,0x25,0x36,0x00,0x29,0x3C,0x34,0x33,0x36,0xFC,0x25,0x00,0x2C,0x39,
0x31,0x25,0x32,0x2D,0x28,0x25,0x28,0x29,0x00,0x25,0xFD,0x39,0x31,0x00,0x34,0x29,
0x36,0x2D,0x2B,0x33,0x00,0x38,0x25,0x33,0xFC,0x2B,0x36,0x25,0x3A,0x29,0xE8,0x00,
0x26,0x29,0x31,0x00,0x25,0x2B,0x33,0x36,0x25,0xFC,0x35,0x39,0x29,0x00,0x25,0x00,
0x27,0x36,0x2D,0x37,0x29,0xFD,0x28,0x29,0x00,0x29,0x32,0x29,0x36,0x2B,0x2D,0x25,
0x00,0x29,0x37,0x38,0x25,0xFC,0x35,0x39,0x25,0x37,0x29,0x00,0x36,0x29,0x37,0x33,
0x30,0x3A,0x2D,0x28,0x25,0xDD,0xCA,0xFD,0xF3,0x3B,0xFB,0x19,0x00,0x35,0x39,0x29,
0x00,0x29,0x00,0x2D,0x37,0x37,0x33,0xDD,0xFC,0x1E,0x29,0x32,0x38,0x25,0x00,0x28,
0x2D,0x3E,0x29,0x36,0x00,0x25,0x33,0xFC,0x17,0x29,0x37,0x38,0x36,0x29,0x00,0x22,
0x00,0x33,0x00,0x35,0x39,0x29,0x00,0x2A,0x25,0x3E,0x29,0x36,0xDD,0xFD,0x1B,0x39,
0x25,0x32,0x28,0x33,0x00,0x2A,0x2D,0x27,0x33,0x39,0xFC,0x38,0x25,0x33,0x00,0x25,
0x38,0x36,0x29,0x3A,0x2D,0x28,0x33,0xE8,0xFC,0x12,0x25,0x36,0x34,0x39,0x2D,0x25,
0xDD,0xFF,0xF3,0x2C,0xFA,0x21,0x29,0x2D,0x30,0xE5,0xE5,0xE5,0x3A,0x33,0x27,0x29,
0xE5,0xE5,0xE5,0xFD,0xF3,0x37,0x0F,0x32,0x38,0x25,0x33,0xE8,0x00,0x24,0x29,0x36,
0x33,0xE5,0xFD,0x20,0xD6,0x3A,0x33,0x27,0x29,0x37,0x00,0x38,0x25,0x31,0x26,0x29,
0x31,0xFC,0x29,0x37,0x38,0x25,0x33,0x00,0x26,0x39,0x37,0x27,0x25,0x32,0x28,0x33,
0x00,0x25,0xFC,0x0E,0x25,0x36,0x2F,0x00,0x0F,0x30,0x2A,0xE8,0x00,0x32,0x25,0x33,
0x00,0x29,0xDD,0xFD,0x20,0xD6,0x3A,0x25,0x31,0x33,0x37,0x00,0x2A,0x25,0x3E,0x29,
0x36,0x00,0x28,0x2D,0x37,0x37,0x33,0xFC,0x39,0x31,0x25,0x00,0x27,0x33,0x31,0x34,
0x29,0x38,0x2D,0x27,0x25,0x33,0xCA,0xFD,0x20,0xD6,0x3A,0x33,0x39,0x00,0x38,0x29,
0x00,0x31,0x33,0x37,0x38,0x36,0x25,0x36,0xFC,0x35,0x39,0x29,0x31,0x00,0x29,0x00,
0x33,0xFC,0x3A,0x29,0x36,0x28,0x25,0x28,0x29,0x2D,0x36,0x33,0x00,0x2C,0x29,0x36,
0x33,0x2D,0xCA,0xFF,0xF3,0x3B,0xFB,0x12,0x29,0x2C,0x29,0x2C,0x29,0xE5,0xE5,0xE5,
0x00,0x0B,0x2B,0x33,0x36,0x25,0xFC,0x2D,0x37,0x37,0x33,0x00,0x2A,0x2D,0x27,0x25,
0xFC,0x2D,0x32,0x38,0x29,0x36,0x29,0x37,0x37,0x25,0x32,0x38,0x29,0xE8,0x00,0x24,
0x29,0x36,0x33,0xCA,0xFD,0x20,0x29,0x2E,0x25,0x31,0x33,0x37,0x00,0x25,0x38,0x29,
0x00,0x33,0x32,0x28,0x29,0xFC,0x3A,0x33,0x27,0x29,0x00,0x27,0x2C,0x29,0x2B,0x25,
0x00,0x27,0x33,0x31,0x00,0x29,0x37,0x37,0x29,0xFC,0x27,0x33,0x36,0x34,0x33,0xCA,
0x00,0x12,0x29,0x2C,0x29,0x2C,0x29,0xE5,0xE5,0xE5,0xFF,0xF3,0x04,0xE9,0x0D,0x33,
0x31,0x00,0x29,0x37,0x37,0x29,0x00,0x27,0x33,0x36,0x34,0x33,0xE9,0xE5,0xE5,0xE5,
0xDD,0xFD,0xE5,0xE5,0xE5,0xFF,0xF3,0x00,0x0D,0x2D,0x29,0x30,0xD9,0x00,0x24,0x29,
0x36,0x33,0xE5,0xE5,0xE5,0x00,0xFD,0x13,0x37,0x37,0x33,0x00,0x29,0x00,0x38,0x29,
0x36,0x36,0x2D,0x3A,0x29,0x30,0xE5,0xE5,0xE5,0xFF,0xF3,0x04,0x0F,0x32,0x38,0x25,
0x33,0x00,0x3A,0x33,0x27,0x29,0x00,0x29,0x37,0x38,0x25,0x3A,0x25,0xFC,0x31,0x33,
0x32,0x2D,0x38,0x33,0x36,0x25,0x32,0x28,0x33,0xFC,0x38,0x39,0x28,0x33,0x00,0x2D,
0x37,0x37,0x33,0xDD,0xFF,0xF3,0x00,0x0D,0x2D,0x29,0x30,0xD9,0x00,0x1C,0x25,0x34,
0x2D,0x28,0x33,0xE8,0x00,0x3A,0x33,0x30,0x38,0x29,0x00,0x34,0x25,0x36,0x25,0xFD,
0x25,0x00,0x26,0x25,0x37,0x29,0xE5,0xFD,0x19,0x34,0x29,0x36,0x25,0x28,0x33,0x36,
0x25,0xDD,0xFD,0xF3,0x00,0x19,0x34,0x29,0x36,0x25,0x28,0x33,0x36,0x25,0xD9,0x00,
0x13,0x32,0x2D,0x27,0x2D,0x25,0x32,0x28,0x33,0x00,0x38,0x36,0x25,0x32,0x37,0xE5,
0xFF,
};
alignas(16) inline constexpr uint16_t mmz3_msg04_script_offsets[] = {
0x0000,0x0148,0x0148,0x01ED,0x025E,0x02C7,
};
constexpr int mmz3_msg04_num_entries = 6;
alignas(16) inline constexpr uint8_t mmz3_msg04_script_data[] = {
0xF3,0x64,0x19,0x34,0x29,0x36,0x25,0x28,0x33,0x36,0x25,0xD9,0xFC,0x10,0x33,0x2D,
0x00,0x28,0x29,0x38,0x29,0x27,0x38,0x25,0x28,0x25,0xFC,0x39,0x31,0x25,0x00,0x2A,
0x33,0x36,0x38,0x29,0x00,0x30,0x29,0x2D,0x38,0x39,0x36,0x25,0xFD,0x28,0x29,0x00,
0x29,0x32,0x29,0x36,0x2B,0x2D,0x25,0xE5,0xFD,0x0F,0x37,0x38,0x25,0x33,0x00,0x27,
0x33,0x32,0x37,0x38,0x36,0x39,0x2D,0x32,0x28,0x33,0xFC,0x39,0x31,0x00,0x29,0x32,
0x33,0x36,0x31,0x29,0x00,0x31,0x2D,0x37,0x37,0x29,0x30,0xFC,0x2A,0x33,0x36,0x25,
0x00,0x28,0x25,0x00,0x26,0x25,0x37,0x29,0xE5,0xFD,0x0B,0x00,0x26,0x25,0x37,0x29,
0x00,0x28,0x29,0x3A,0x29,0x00,0x29,0x37,0x38,0x25,0x36,0xFC,0x25,0x35,0x39,0x2D,
0x00,0x34,0x25,0x36,0x25,0x00,0x25,0x34,0x33,0x2D,0x25,0x36,0x00,0x25,0xFC,0x27,
0x33,0x32,0x37,0x38,0x36,0x39,0x27,0x25,0x33,0xE5,0xFD,0x0D,0x2D,0x29,0x30,0xD9,
0xFC,0x0B,0x32,0x25,0x30,0x2D,0x37,0x25,0x36,0x00,0x39,0x31,0x25,0x00,0x36,0x33,
0x38,0x25,0xFC,0x25,0x38,0x29,0x00,0x25,0x00,0x2A,0x25,0x26,0x36,0x2D,0x27,0x25,
0xFD,0x28,0x29,0x00,0x31,0x2D,0x37,0x37,0x29,0x2D,0x37,0xFC,0x30,0x29,0x3A,0x25,
0x36,0x25,0x00,0x26,0x25,0x37,0x38,0x25,0x32,0x38,0x29,0xFC,0x38,0x29,0x31,0x34,
0x33,0xE5,0xE5,0xE5,0xFD,0x24,0x29,0x36,0x33,0xE8,0x00,0x33,0x00,0x35,0x39,0x29,
0xFC,0x28,0x29,0x3A,0x29,0x36,0x2D,0x25,0x31,0x33,0x37,0x00,0x2A,0x25,0x3E,0x29,
0x36,0xDD,0xFD,0xF3,0x04,0x17,0x39,0x2D,0x38,0x33,0x00,0x26,0x29,0x31,0xE5,0x00,
0x11,0x25,0x32,0x2C,0x25,0x36,0x29,0x2D,0xFC,0x25,0x30,0x2B,0x39,0x31,0x00,0x38,
0x29,0x31,0x34,0x33,0xFC,0x25,0x38,0x25,0x27,0x25,0x32,0x28,0x33,0x00,0x25,0x00,
0x26,0x25,0x37,0x29,0xE5,0xFD,0x0D,0x33,0x31,0x29,0x27,0x29,0x00,0x25,0xFC,0x25,
0x32,0x25,0x30,0x2D,0x37,0x29,0xCA,0xFF,0xF3,0x17,0x1B,0x39,0x25,0x37,0x29,0x00,
0x38,0x2D,0x32,0x2C,0x25,0x00,0x34,0x29,0x36,0x28,0x2D,0x28,0x33,0xFC,0x25,0x00,
0x29,0x37,0x34,0x29,0x36,0x25,0x32,0x27,0x25,0x00,0x28,0x29,0xFC,0x29,0x32,0x27,
0x33,0x32,0x38,0x36,0x25,0x36,0x00,0x25,0x30,0x2B,0x39,0x29,0x31,0xFD,0x28,0x2D,
0x2B,0x32,0x33,0x00,0x28,0x29,0x00,0x31,0x29,0xFC,0x29,0x32,0x2A,0x36,0x29,0x32,
0x38,0x25,0x36,0xE5,0xE5,0xE5,0xFD,0x1A,0x25,0x36,0x29,0x27,0x29,0x00,0x35,0x39,
0x29,0x00,0x34,0x29,0x30,0x33,0xFC,0x31,0x29,0x32,0x33,0x37,0x00,0x3A,0x33,0x27,
0x29,0x00,0x34,0x33,0x28,0x29,0x36,0x2D,0x25,0x00,0x37,0x29,0x36,0xFC,0x39,0x31,
0x00,0x34,0x29,0x35,0x39,0x29,0x32,0x33,0x00,0x28,0x29,0x37,0x25,0x2A,0x2D,0x33,
0xE5,0xFD,0x20,0x33,0x39,0x00,0x25,0x34,0x36,0x33,0x3A,0x29,0x2D,0x38,0x25,0x36,
0xFC,0x2D,0x37,0x37,0x33,0xE8,0x00,0x24,0x29,0x36,0x33,0xCA,0xFF,0xF3,0x07,0x1D,
0x37,0x3D,0x25,0x25,0x25,0x25,0x25,0x2C,0xCA,0xFD,0x1A,0x36,0x29,0x34,0x25,0x36,
0x29,0xD6,0x37,0x29,0x00,0x34,0x25,0x36,0x25,0xFC,0x0C,0x30,0x25,0x3E,0x2D,0x32,
0xD0,0x00,0x10,0x30,0x2D,0x3E,0x25,0x36,0x28,0xE8,0xFD,0x39,0x31,0x00,0x28,0x33,
0x37,0x00,0x18,0x39,0x31,0x26,0x29,0x36,0x37,0xFC,0x28,0x29,0x00,0x21,0x29,0x2D,
0x30,0xCA,0xFD,0x20,0x25,0x31,0x33,0x37,0x00,0x25,0x39,0x31,0x29,0x32,0x38,0x25,
0x36,0xFC,0x25,0x00,0x38,0x29,0x31,0x34,0x29,0x36,0x25,0x38,0x39,0x36,0x25,0xE8,
0xFC,0x24,0x29,0x36,0x36,0x36,0x33,0x33,0x33,0x33,0xCA,0xCA,0xCA,0xFF,0xF3,0x06,
0x19,0x00,0x35,0x39,0x29,0xE8,0x00,0x2D,0x37,0x37,0x33,0x00,0x29,0x00,0x38,0x39,
0x28,0x33,0xFC,0x33,0x00,0x35,0x39,0x29,0x00,0x3A,0x33,0x27,0x29,0x00,0x38,0x29,
0x31,0xDD,0xFD,0x1B,0x39,0x29,0xE5,0xE5,0xE5,0x00,0x2D,0x32,0x37,0x2D,0x34,0x2D,
0x28,0x33,0xE5,0xFC,0x0F,0x00,0x29,0x39,0x00,0x35,0x39,0x29,0x00,0x29,0x37,0x34,
0x29,0x36,0x25,0x3A,0x25,0xFC,0x31,0x29,0x00,0x28,0x2D,0x3A,0x29,0x36,0x38,0x2D,
0x36,0x00,0x39,0x31,0x00,0x34,0x33,0x39,0x27,0x33,0xE5,0xFD,0x1D,0x37,0x3D,0x25,
0x2C,0x25,0x2C,0x25,0x2C,0xCA,0xFF,0xF3,0x06,0x1B,0x39,0x29,0x31,0x00,0x29,0x00,
0x3A,0x33,0x27,0x29,0xFC,0x34,0x25,0x36,0x25,0xE5,0xE5,0xE5,0x00,0x25,0x34,0x25,
0x2B,0x25,0x36,0xFC,0x31,0x2D,0x32,0x2C,0x25,0x37,0x00,0x27,0x2C,0x25,0x31,0x25,
0x37,0xDD,0xFD,0x16,0x33,0x36,0x28,0x29,0x00,0x21,0x29,0x2D,0x30,0xFC,0x25,0x27,
0x25,0x26,0x25,0x36,0x25,0x00,0x27,0x33,0x31,0x00,0x3A,0x33,0x27,0x29,0xE5,0xE5,
0xE5,0xFC,0x18,0x25,0x33,0x00,0x38,0x29,0x32,0x2C,0x25,0x00,0x28,0x39,0x3A,0x2D,
0x28,0x25,0x37,0xE5,0xE5,0xE5,0xFD,0x0D,0x33,0x26,0x36,0x2D,0x36,0x25,0x00,0x33,
0x00,0x31,0x39,0x32,0x28,0x33,0xFC,0x2D,0x32,0x38,0x29,0x2D,0x36,0x33,0x00,0x29,
0x31,0x00,0x27,0x2C,0x25,0x31,0x25,0x37,0xE8,0xFC,0x3A,0x33,0x27,0x29,0x00,0x3A,
0x29,0x36,0x25,0xE5,0xFD,0x20,0x33,0x27,0x29,0x00,0x32,0x25,0x33,0x00,0x34,0x33,
0x28,0x29,0xE5,0xE5,0xE5,0xFC,0x25,0x34,0x25,0x2B,0x25,0x36,0x00,0x25,0x37,0x00,
0x27,0x2C,0x25,0x31,0x25,0x37,0xE5,0xE5,0xE5,0xFD,0x28,0x33,0x00,0x32,0x33,0x37,
0x37,0x33,0xFC,0x32,0x33,0x3A,0x33,0x00,0x31,0x39,0x32,0x28,0x33,0xE5,0xE5,0xE5,
0xFD,0x1D,0x37,0x3D,0x25,0x2C,0xE5,0xE5,0xE5,0x25,0x25,0x25,0x25,0x36,0x36,0x2B,
0x2C,0xCA,0xFF,
};
alignas(16) inline constexpr uint16_t mmz3_msg05_script_offsets[] = {
0x0000,0x005A,0x005A,0x005A,0x00C9,0x013C,0x013C,0x013C,
0x013C,0x015C,0x0170,0x0177,0x01A2,0x025D,0x029F,
};
constexpr int mmz3_msg05_num_entries = 15;
alignas(16) inline constexpr uint8_t mmz3_msg05_script_data[] = {
0xF3,0x64,0x0D,0x2D,0x29,0x30,0xD9,0xFC,0x24,0x29,0x36,0x33,0xCA,0x00,0x0B,0x27,
0x25,0x26,0x25,0x31,0x33,0x37,0x00,0x28,0x29,0xFC,0x33,0x26,0x38,0x29,0x36,0x00,
0x39,0x31,0x25,0x00,0x30,0x29,0x2D,0x38,0x39,0x36,0x25,0xCA,0xFD,0xF3,0x04,0x0E,
0x25,0x36,0x2F,0x00,0x0F,0x30,0x2A,0x00,0x28,0x29,0x38,0x29,0x27,0x38,0x25,0x28,
0x33,0xE5,0xFC,0x13,0x32,0x2D,0x27,0x2D,0x25,0x32,0x28,0x33,0xFC,0x34,0x29,0x36,
0x37,0x29,0x2B,0x39,0x2D,0x27,0x25,0x33,0xE5,0xFF,0xF3,0x09,0x0F,0x00,0x35,0x39,
0x29,0x31,0x00,0x28,0x2D,0x25,0x26,0x33,0x37,0xFC,0x29,0x00,0x3A,0x33,0x27,0x29,
0xDD,0xFD,0x12,0x29,0xE8,0x00,0x29,0x32,0x38,0x25,0x33,0x00,0x3A,0x33,0x27,0x29,
0xFC,0x38,0x25,0x31,0x26,0x29,0x31,0x00,0x29,0x37,0x38,0x25,0x00,0x25,0x38,0x36,
0x25,0x37,0xFC,0x28,0x29,0x37,0x37,0x29,0x00,0x0E,0x25,0x36,0x2F,0x00,0x0F,0x30,
0x2A,0xE8,0x00,0x32,0x29,0xDD,0xFD,0x1A,0x36,0x2D,0x31,0x29,0x2D,0x36,0x33,0x00,
0x38,0x29,0x36,0x25,0xFC,0x35,0x39,0x29,0x00,0x34,0x25,0x37,0x37,0x25,0x36,0x00,
0x34,0x33,0x36,0x00,0x31,0x2D,0x31,0xCA,0xFF,0xF3,0x00,0x0D,0x2D,0x29,0x30,0xD9,
0x00,0x1A,0x33,0x28,0x29,0x00,0x31,0x29,0x00,0x33,0x39,0x3A,0x2D,0x36,0xDD,0xFD,
0x24,0x29,0x36,0x33,0xCA,0x00,0x12,0x25,0x00,0x39,0x31,0x00,0x2D,0x32,0x38,0x29,
0x36,0x36,0x39,0x34,0x38,0x33,0x36,0xFD,0x31,0x25,0x2D,0x37,0x00,0x25,0x00,0x2A,
0x36,0x29,0x32,0x38,0x29,0x00,0x35,0x39,0x29,0x00,0x25,0x26,0x25,0x2D,0x3C,0x25,
0xFD,0x33,0x00,0x32,0x2D,0x3A,0x29,0x30,0x00,0x28,0x33,0x00,0x33,0x27,0x29,0x25,
0x32,0x33,0xE5,0xFD,0x0B,0x38,0x2D,0x3A,0x29,0xD6,0x33,0x00,0x29,0x00,0x34,0x25,
0x36,0x29,0x00,0x33,0x00,0x31,0x29,0x27,0x2C,0x25,0xCA,0xFF,0xF3,0x39,0xFB,0x24,
0x29,0x29,0x29,0x29,0x29,0x29,0x29,0x36,0x36,0x33,0x33,0x33,0x33,0x33,0xFD,0xF3,
0x04,0xFB,0x0E,0x25,0x36,0x2F,0x00,0x0F,0x30,0x2A,0xCA,0xFF,0xF3,0x39,0xFB,0x1A,
0x25,0x25,0x25,0x25,0x25,0x25,0x36,0x29,0xD6,0x33,0x33,0x33,0x33,0x33,0xCA,0xFF,
0xF3,0x04,0xFB,0xCA,0xCA,0xCA,0xFF,0xF3,0x04,0xFB,0x1E,0x29,0x36,0x29,0x2D,0x00,
0x35,0x39,0x29,0x00,0x27,0x39,0x2D,0x28,0x25,0x36,0xFC,0x28,0x29,0x37,0x38,0x29,
0x00,0x27,0x25,0x36,0x25,0xFC,0x34,0x36,0x2D,0x31,0x29,0x2D,0x36,0x33,0xE5,0xE5,
0xE5,0xFF,0xF3,0x09,0x1B,0x39,0x29,0x00,0x2D,0x32,0x27,0x33,0x31,0x33,0x28,0x33,
0xFC,0x3A,0x33,0x27,0x29,0x00,0x29,0xCA,0xFD,0x1A,0x29,0x32,0x37,0x29,0x2D,0x00,
0x35,0x39,0x29,0x00,0x37,0x29,0x36,0x2D,0x25,0xFC,0x31,0x25,0x2D,0x37,0x00,0x2A,
0x25,0x27,0x2D,0x30,0xFC,0x38,0x29,0x00,0x25,0x37,0x37,0x39,0x37,0x38,0x25,0x36,
0xCA,0xFD,0x0B,0x00,0x26,0x36,0x2D,0x32,0x27,0x25,0x28,0x29,0x2D,0x36,0x25,0xFC,
0x25,0x27,0x25,0x26,0x33,0x39,0xE5,0x00,0x0F,0x39,0x00,0x37,0x33,0x39,0xFC,0x0D,
0x2C,0x2D,0x30,0x28,0x36,0x29,0x00,0x13,0x32,0x25,0x36,0x25,0x26,0x2D,0x38,0x38,
0x25,0xE8,0xFD,0x28,0x33,0x37,0x00,0x18,0x39,0x31,0x26,0x29,0x36,0x37,0xFC,0x28,
0x33,0x00,0x21,0x29,0x2D,0x30,0xCA,0xFD,0x10,0x25,0x36,0x29,0x2D,0x00,0x29,0x37,
0x37,0x25,0x00,0x37,0x39,0x25,0xFC,0x27,0x25,0x36,0x25,0x00,0x27,0x33,0x32,0x2A,
0x2D,0x25,0x32,0x38,0x29,0x00,0x37,0x29,0xFC,0x27,0x33,0x32,0x2B,0x29,0x30,0x25,
0x36,0x00,0x28,0x29,0x00,0x38,0x29,0x36,0x36,0x33,0x36,0xCA,0xFF,0xF3,0x08,0x0B,
0x2B,0x33,0x36,0x25,0x00,0x3A,0x33,0x27,0x29,0x00,0x29,0x00,0x27,0x33,0x31,0x2D,
0x28,0x25,0xFC,0x28,0x29,0x00,0x38,0x39,0x26,0x25,0x36,0x25,0x33,0xCA,0xFD,0x0F,
0x00,0x2C,0x33,0x36,0x25,0x00,0x28,0x29,0x00,0x2D,0x36,0xFC,0x25,0x38,0x36,0x25,
0x37,0x00,0x28,0x33,0x00,0x0E,0x25,0x36,0x2F,0x00,0x0F,0x30,0x2A,0xCA,0xFF,0xF3,
0x08,0x18,0x25,0x33,0x00,0x34,0x33,0x28,0x29,0x00,0x37,0x29,0x36,0xE5,0xE5,0xE5,
0xFD,0x1A,0x33,0x36,0x00,0x35,0x39,0x29,0x00,0x2D,0x37,0x37,0x33,0xE5,0xE5,0xE5,
0xFC,0x29,0x37,0x38,0x25,0x00,0x25,0x27,0x33,0x32,0x38,0x29,0x27,0x29,0x32,0x28,
0x33,0xE5,0xE5,0xE5,0xFC,0x27,0x33,0x31,0x2D,0x2B,0x33,0xDD,0xCA,0xFF,
};
alignas(16) inline constexpr uint16_t mmz3_msg06_script_offsets[] = {
0x0000,0x00A1,0x00A1,0x01C4,0x0248,0x0294,
};
constexpr int mmz3_msg06_num_entries = 6;
alignas(16) inline constexpr uint8_t mmz3_msg06_script_data[] = {
0xF3,0x64,0x19,0x34,0x29,0x36,0x25,0x28,0x33,0x36,0x25,0xD9,0xFC,0x0B,0x00,0x2A,
0x36,0x29,0x32,0x38,0x29,0x00,0x29,0x37,0x38,0x25,0x00,0x25,0xFC,0x39,0x32,0x2D,
0x28,0x25,0x28,0x29,0x00,0x28,0x29,0x00,0x27,0x33,0x32,0x38,0x36,0x33,0x30,0x29,
0xFD,0x28,0x25,0x00,0x2A,0x25,0x26,0x36,0x2D,0x27,0x25,0xE5,0xFD,0x19,0x37,0x00,
0x28,0x25,0x28,0x33,0x37,0x00,0x28,0x25,0x37,0xFC,0x27,0x25,0x31,0x29,0x36,0x25,
0x37,0x00,0x28,0x25,0xFC,0x2A,0x25,0x26,0x36,0x2D,0x27,0x25,0x00,0x37,0x25,0x33,
0x00,0x29,0x32,0x3A,0x2D,0x25,0x28,0x33,0x37,0xFD,0x34,0x25,0x36,0x25,0x00,0x29,
0x37,0x38,0x25,0x00,0x39,0x32,0x2D,0x28,0x25,0x28,0x29,0xE5,0xFD,0x0E,0x29,0x37,
0x38,0x36,0x39,0x25,0x00,0x25,0x37,0x00,0x27,0x25,0x31,0x29,0x36,0x25,0x37,0xFC,
0x29,0x32,0x35,0x39,0x25,0x32,0x38,0x33,0x00,0x25,0x3A,0x25,0x32,0x27,0x25,0xE5,
0xFF,0xF3,0x1B,0x18,0x33,0x37,0x37,0x25,0xE8,0x00,0x37,0x29,0x00,0x32,0x25,0x33,
0x00,0x29,0xFC,0x33,0x00,0x2C,0x29,0x36,0x33,0x2D,0x00,0x30,0x29,0x32,0x28,0x25,
0x36,0x2D,0x33,0xE5,0xFD,0x19,0x37,0x00,0x17,0x29,0x27,0x2C,0x25,0x32,0x2D,0x30,
0x33,0x2D,0x28,0x37,0xFC,0x2A,0x25,0x3E,0x29,0x31,0x00,0x38,0x33,0x28,0x33,0x37,
0x00,0x33,0x37,0xFC,0x36,0x29,0x34,0x25,0x36,0x33,0x37,0x00,0x37,0x33,0x3E,0x2D,
0x32,0x2C,0x33,0x37,0xE5,0xFD,0x0F,0x32,0x38,0x25,0x33,0x00,0x29,0x39,0x00,0x37,
0x33,0x00,0x29,0x37,0x38,0x25,0x3A,0x25,0xFC,0x25,0x34,0x36,0x33,0x3A,0x29,0x2D,
0x38,0x25,0x32,0x28,0x33,0x00,0x39,0x31,0xFC,0x34,0x29,0x35,0x39,0x29,0x32,0x33,
0x00,0x28,0x29,0x37,0x27,0x25,0x32,0x37,0x33,0xE5,0xFD,0x0D,0x33,0x31,0x33,0x00,
0x33,0x39,0x37,0x25,0xFC,0x2D,0x32,0x38,0x29,0x36,0x36,0x33,0x31,0x34,0x29,0x36,
0x00,0x31,0x2D,0x32,0x2C,0x25,0x00,0x34,0x25,0x3E,0xFC,0x29,0x00,0x38,0x36,0x25,
0x32,0x35,0x39,0x2D,0x30,0x2D,0x28,0x25,0x28,0x29,0xCA,0xFD,0x19,0x32,0x28,0x29,
0x00,0x29,0x37,0x38,0x25,0x33,0x00,0x33,0x37,0xFC,0x37,0x29,0x39,0x37,0x00,0x31,
0x33,0x28,0x33,0x37,0xE8,0x00,0x37,0x29,0x32,0x2C,0x33,0x36,0xFC,0x2C,0x29,0x36,
0x33,0x2D,0xDD,0xFD,0x0F,0x39,0xE8,0x00,0x0E,0x29,0x3A,0x2D,0x30,0x26,0x25,0x38,
0x00,0x1D,0x27,0x2C,0x2D,0x30,0x38,0xE8,0xFC,0x28,0x33,0x37,0x00,0x18,0x39,0x31,
0x26,0x29,0x36,0x37,0x00,0x28,0x33,0xFD,0x21,0x29,0x2D,0x30,0xE8,0x00,0x3A,0x33,
0x39,0x00,0x38,0x29,0x00,0x28,0x25,0x36,0xFC,0x39,0x31,0x25,0x00,0x30,0x2D,0x27,
0x25,0x33,0xE5,0xFF,0xF3,0x0B,0x15,0x29,0x2F,0x29,0x2F,0x29,0xCA,0xFD,0x0B,0x00,
0x34,0x36,0x2D,0x31,0x29,0x2D,0x36,0x25,0x00,0x30,0x2D,0x27,0x25,0x33,0xFC,0x35,
0x39,0x29,0x00,0x39,0x31,0x00,0x27,0x25,0x3A,0x25,0x30,0x2C,0x29,0x2D,0x36,0x33,
0xFC,0x28,0x29,0x3A,0x29,0x00,0x25,0x34,0x36,0x29,0x32,0x28,0x29,0x36,0x00,0x37,
0x33,0x26,0x36,0x29,0xFD,0x36,0x29,0x2A,0x2D,0x32,0x25,0x31,0x29,0x32,0x38,0x33,
0x00,0x29,0xE5,0xE5,0xE5,0xFD,0x1B,0x39,0x29,0x00,0x33,0x37,0x00,0x2D,0x32,0x38,
0x36,0x39,0x37,0x33,0x37,0xFC,0x28,0x29,0x3A,0x29,0x31,0x00,0x31,0x33,0x36,0x36,
0x29,0x36,0x00,0x37,0x29,0x31,0xFC,0x2A,0x25,0x3E,0x29,0x36,0x00,0x29,0x37,0x27,
0x25,0x32,0x28,0x25,0x30,0x33,0xCA,0xFF,0xF3,0x0A,0x15,0x29,0x2F,0x29,0xCA,0xFD,
0x19,0x00,0x37,0x25,0x32,0x2B,0x39,0x29,0x00,0x28,0x29,0x00,0x39,0x31,0xFC,0x2C,
0x29,0x36,0x33,0x2D,0x00,0x28,0x29,0x00,0x39,0x31,0x00,0x37,0x29,0x27,0x39,0x30,
0x33,0xFC,0x25,0x38,0x36,0x25,0x37,0x00,0x38,0x29,0x31,0x00,0x39,0x31,0x00,0x25,
0x36,0x33,0x31,0x25,0xFD,0x38,0x25,0x33,0x00,0x28,0x29,0x30,0x2D,0x27,0x2D,0x33,
0x37,0x33,0xCA,0xFF,0xF3,0x0A,0x15,0x29,0xE5,0xE5,0xE5,0x2F,0x29,0x2F,0x29,0xCA,
0xFD,0x1D,0x29,0x31,0x00,0x31,0x33,0x28,0x33,0x37,0xE5,0xE5,0xE5,0xFC,0x1D,0x29,
0x31,0x00,0x31,0x33,0x28,0x33,0x37,0xFC,0x25,0x30,0x2B,0x39,0x31,0xCA,0xFD,0x1E,
0x29,0x32,0x38,0x25,0x36,0x00,0x28,0x29,0x37,0x25,0x2A,0x2D,0x25,0x36,0xFC,0x33,
0x00,0x16,0x33,0x36,0x28,0x29,0x00,0x21,0x29,0x2D,0x30,0xE8,0x00,0x35,0x39,0x29,
0xFC,0x27,0x33,0x32,0x28,0x39,0x38,0x25,0x00,0x38,0x25,0x33,0x00,0x38,0x36,0x2D,
0x37,0x38,0x29,0xCA,0xFD,0x15,0x29,0xE5,0xE5,0xE5,0x2F,0x29,0x2F,0x29,0x2F,0x29,
0x2F,0x29,0x29,0x29,0x29,0xCA,0xFF,
};
alignas(16) inline constexpr uint16_t mmz3_msg07_script_offsets[] = {
0x0000,0x009C,0x00E6,0x0189,0x0189,0x019D,0x01BE,0x01E7,
0x021A,0x0255,0x026E,0x02F1,0x0327,0x0358,0x0378,0x0392,
0x03B8,0x03DB,0x045F,0x047C,0x04A6,0x04E9,0x04F5,0x0501,
0x0567,0x0573,0x057F,0x05BB,0x0613,0x0644,0x067C,0x06EC,
0x0718,0x073C,0x07CD,0x07E6,0x07FF,0x080A,0x083E,0x0883,
0x0889,
};
constexpr int mmz3_msg07_num_entries = 41;
alignas(16) inline constexpr uint8_t mmz3_msg07_script_data[] = {
0xF3,0x64,0x19,0x34,0x29,0x36,0x25,0x28,0x33,0x36,0x25,0xD9,0xFC,0x1D,0x36,0xE5,
0x00,0x24,0x29,0x36,0x33,0xCA,0xFD,0x1A,0x33,0x28,0x29,0x00,0x35,0x39,0x29,0x2D,
0x31,0x25,0x36,0x00,0x25,0xFC,0x2C,0x29,0x36,0x25,0x00,0x27,0x33,0x31,0x00,0x25,
0x38,0x25,0x35,0x39,0x29,0x37,0xFC,0x26,0x25,0x37,0x29,0x25,0x28,0x33,0x37,0x00,
0x29,0x31,0x00,0x2A,0x33,0x2B,0x33,0xE5,0xFD,0x19,0x00,0x25,0x38,0x25,0x35,0x39,
0x29,0x00,0x27,0x25,0x36,0x36,0x29,0x2B,0x25,0x28,0x33,0x00,0x28,0x25,0xFC,0x1C,
0x29,0x27,0x33,0x2D,0x30,0x00,0x1C,0x33,0x28,0x00,0x38,0x25,0x31,0x26,0x29,0x31,
0xFC,0x34,0x33,0x28,0x29,0x00,0x28,0x29,0x37,0x38,0x36,0x39,0x2D,0x36,0x00,0x27,
0x33,0x2D,0x37,0x25,0x37,0xE5,0xFD,0x1E,0x29,0x32,0x2C,0x25,0x00,0x2D,0x37,0x37,
0x33,0x00,0x29,0x31,0x00,0x31,0x29,0x32,0x38,0x29,0xE5,0xFF,0xF3,0x0D,0x1A,0x33,
0x37,0x37,0x33,0x00,0x27,0x33,0x36,0x38,0x25,0x36,0x00,0x35,0x39,0x25,0x30,0xD6,
0xFC,0x35,0x39,0x29,0x36,0x00,0x27,0x33,0x2D,0x37,0x25,0x00,0x27,0x33,0x31,0x00,
0x25,0xFC,0x31,0x2D,0x32,0x2C,0x25,0x00,0x30,0x2D,0x32,0x28,0x25,0x00,0x2A,0x33,
0x2D,0x27,0x29,0xCA,0xFD,0x0D,0x2C,0x2D,0x2F,0x25,0x27,0x2C,0x2D,0x2F,0x25,0x27,
0x2C,0x2D,0x2F,0x25,0xCA,0xFF,0xF3,0x0C,0x0D,0x2C,0x2D,0x2F,0x25,0x27,0x2C,0x2D,
0x2F,0x25,0xE5,0xE5,0xE5,0xFD,0x17,0x29,0x37,0x31,0x33,0x00,0x35,0x39,0x29,0x00,
0x31,0x29,0x00,0x28,0x29,0x36,0x36,0x33,0x38,0x29,0xFC,0x25,0x35,0x39,0x2D,0xE5,
0xE5,0xE5,0xFD,0x17,0x29,0x39,0x37,0x00,0x27,0x25,0x31,0x25,0x36,0x25,0x28,0x25,
0x37,0xFC,0x27,0x33,0x36,0x38,0x25,0x36,0x25,0x33,0x00,0x25,0x37,0x00,0x3A,0x29,
0x30,0x2C,0x25,0x37,0xFC,0x27,0x33,0x36,0x36,0x29,0x32,0x38,0x29,0x37,0x00,0x35,
0x39,0x29,0x00,0x34,0x36,0x29,0x32,0x28,0x29,0x31,0xFD,0x33,0x00,0x31,0x39,0x32,
0x28,0x33,0xE5,0xFD,0x0F,0x00,0x27,0x33,0x32,0x37,0x38,0x36,0x39,0x2D,0x36,0x25,
0x33,0xE5,0xE5,0xE5,0xFC,0x39,0x31,0x25,0x00,0x32,0x33,0x3A,0x25,0x00,0x33,0x36,
0x28,0x29,0x31,0xE5,0xE5,0xE5,0xFC,0x16,0x33,0x36,0x28,0x29,0x00,0x21,0x29,0x29,
0x29,0x29,0x2D,0x2D,0x30,0xCA,0xCA,0xCA,0xFF,0xF3,0x66,0x17,0x25,0x25,0x25,0x31,
0x25,0x29,0xE5,0xFC,0x17,0x25,0x25,0x25,0x31,0x25,0x29,0xE5,0xFF,0xF3,0x66,0x0F,
0x2D,0xE8,0x00,0x1A,0x36,0x29,0x25,0xE5,0xFC,0x17,0x25,0x31,0x25,0x29,0x00,0x32,
0x25,0x33,0x00,0x29,0x37,0x38,0x25,0x00,0x25,0x35,0x39,0x2D,0xE5,0xFF,0xF3,0x69,
0x13,0x37,0x37,0x33,0x00,0x31,0x29,0x37,0x31,0x33,0xE8,0x00,0x0D,0x36,0x29,0x25,
0xE5,0xFC,0x17,0x25,0x31,0x25,0x29,0x00,0x32,0x25,0x33,0x00,0x29,0x37,0x38,0x25,
0x00,0x25,0x35,0x39,0x2D,0xE5,0xFF,0xF3,0x66,0x0F,0x2D,0xE8,0x00,0x1A,0x36,0x29,
0x25,0xE5,0xFC,0x20,0x25,0x31,0x33,0x37,0x00,0x33,0x30,0x2C,0x25,0x36,0x00,0x39,
0x31,0x00,0x34,0x33,0x39,0x27,0x33,0xFC,0x31,0x25,0x2D,0x37,0x00,0x34,0x25,0x36,
0x25,0x00,0x28,0x29,0x32,0x38,0x36,0x33,0xE5,0xFF,0xF3,0x69,0x13,0x37,0x37,0x33,
0x00,0x31,0x29,0x37,0x31,0x33,0xE8,0x00,0x0D,0x36,0x29,0x25,0xE5,0xFC,0x20,0x25,
0x31,0x33,0x37,0x00,0x33,0x30,0x2C,0x25,0x36,0x00,0x39,0x31,0x00,0x34,0x33,0x39,
0x27,0x33,0xFC,0x31,0x25,0x2D,0x37,0x00,0x34,0x25,0x36,0x25,0x00,0x28,0x29,0x32,
0x38,0x36,0x33,0xE5,0xFF,0xF3,0x04,0xE5,0xE5,0xE5,0xFD,0x0F,0x37,0x37,0x29,0x37,
0x00,0x28,0x29,0x3A,0x29,0x31,0x00,0x37,0x29,0x36,0xE5,0xE5,0xE5,0xFF,0xF3,0x00,
0x0D,0x2D,0x29,0x30,0xD9,0x00,0x24,0x29,0x36,0x33,0xCA,0x00,0x0F,0x39,0x00,0x28,
0x29,0x38,0x29,0x27,0x38,0x29,0x2D,0xFD,0x30,0x29,0x2D,0x38,0x39,0x36,0x25,0x37,
0x00,0x28,0x29,0x00,0x0C,0x25,0x26,0x3D,0x00,0x0F,0x30,0x3A,0x29,0x37,0x00,0x32,
0x33,0xFD,0x37,0x27,0x25,0x32,0x32,0x29,0x36,0x00,0x34,0x33,0x36,0x38,0x25,0x38,
0x2D,0x30,0x00,0x35,0x39,0x29,0x00,0x38,0x29,0x00,0x28,0x29,0x2D,0xCA,0xFD,0x1A,
0x33,0x28,0x29,0x31,0x00,0x37,0x29,0x36,0x00,0x33,0x37,0x00,0x31,0x29,0x37,0x31,
0x33,0x37,0xFD,0x35,0x39,0x29,0x00,0x29,0x39,0x00,0x29,0x37,0x38,0x25,0x3A,0x25,
0x00,0x2D,0x32,0x3A,0x29,0x37,0x38,0x2D,0x2B,0x25,0x32,0x28,0x33,0xE5,0xE5,0xE5,
0xFF,0xF3,0x04,0x0B,0x00,0x31,0x25,0x31,0x25,0x29,0x00,0x28,0x29,0x30,0x29,0x37,
0xE5,0xE5,0xE5,0xFD,0x0E,0x29,0x3A,0x29,0x31,0x00,0x29,0x37,0x38,0x25,0x36,0x00,
0x34,0x36,0x33,0x27,0x39,0x36,0x25,0x32,0x28,0x33,0xFC,0x25,0x00,0x0E,0x25,0x36,
0x2F,0x00,0x0F,0x30,0x2A,0xE5,0xFF,0xF3,0x00,0x0D,0x2D,0x29,0x30,0xD9,0x00,0x0F,
0x2D,0x00,0x24,0x29,0x36,0x33,0xE8,0x00,0x3A,0x33,0x27,0x29,0x00,0x34,0x33,0x28,
0x29,0xFD,0x34,0x36,0x33,0x38,0x29,0x2B,0x29,0x36,0x00,0x29,0x37,0x37,0x29,0x37,
0x00,0x26,0x29,0x26,0x29,0x37,0xDD,0xFF,0xF3,0x04,0x0F,0x32,0x38,0x29,0x32,0x28,
0x2D,0x28,0x33,0xE5,0xFD,0x0F,0x39,0x00,0x33,0x37,0x00,0x29,0x32,0x27,0x33,0x32,
0x38,0x36,0x25,0x36,0x29,0x2D,0xE5,0xFF,0xF3,0x00,0x0D,0x2D,0x29,0x30,0xD9,0x00,
0x19,0x26,0x36,0x2D,0x2B,0x25,0x28,0x25,0xE8,0x00,0x24,0x29,0x36,0x33,0xE5,0xE5,
0xE5,0xFF,0xF3,0x66,0x1B,0x39,0x29,0x31,0x00,0x29,0x00,0x3A,0x33,0x27,0x29,0xDD,
0xFD,0x1E,0x29,0x31,0x00,0x33,0x00,0x27,0x2C,0x29,0x2D,0x36,0x33,0x00,0x28,0x25,
0x00,0x31,0x25,0x31,0x25,0x29,0xE5,0xFF,0xF3,0x69,0x1B,0x39,0x29,0x31,0x00,0x29,
0x00,0x3A,0x33,0x27,0x29,0xDD,0xFD,0x1E,0x29,0x31,0x00,0x33,0x00,0x32,0x33,0x37,
0x37,0x33,0xFC,0x27,0x2C,0x29,0x2D,0x36,0x33,0xE5,0xFF,0xF3,0x1D,0x0D,0x2C,0x2D,
0x2F,0x25,0x27,0x2C,0x2D,0x2F,0x25,0xE5,0xE5,0xE5,0xFD,0x0F,0x32,0x38,0x25,0x33,
0x00,0x29,0x37,0x38,0x29,0x37,0x00,0x37,0x25,0x33,0xFC,0x33,0x37,0x00,0x0C,0x25,
0x26,0x3D,0x00,0x0F,0x30,0x3A,0x29,0x37,0xDD,0xFD,0x16,0x33,0x36,0x28,0x29,0x00,
0x21,0x29,0x2D,0x30,0x00,0x31,0x29,0x00,0x33,0x36,0x28,0x29,0x32,0x33,0x39,0xFC,
0x29,0x32,0x27,0x33,0x32,0x38,0x36,0x25,0xD6,0x30,0x33,0x37,0xE5,0xFD,0x1C,0x29,
0x25,0x30,0x31,0x29,0x32,0x38,0x29,0x00,0x37,0x25,0x33,0x00,0x37,0x33,0xFC,0x34,
0x29,0x35,0x39,0x29,0x32,0x33,0x37,0x00,0x29,0x30,0x2A,0x33,0x37,0xE5,0xFC,0x0F,
0x30,0x29,0x37,0x00,0x37,0x25,0x33,0x00,0x39,0x38,0x29,0x2D,0x37,0xDD,0xFF,0xF3,
0x04,0x0F,0x32,0x38,0x36,0x29,0x2B,0x39,0x29,0xD6,0x31,0x29,0x00,0x33,0x37,0xFC,
0x0C,0x25,0x26,0x3D,0x00,0x0F,0x30,0x3A,0x29,0x37,0xE5,0xFF,0xF3,0x66,0x19,0x2C,
0xE8,0x00,0x29,0x39,0x00,0x33,0x00,0x27,0x33,0x32,0x2C,0x29,0x27,0x33,0xCA,0xFD,
0x0F,0x30,0x29,0x00,0x29,0x31,0x34,0x39,0x36,0x36,0x33,0x39,0x00,0x25,0xFC,0x31,
0x25,0x31,0x25,0x29,0xCA,0xFF,0xF3,0x69,0x0F,0x39,0x00,0x38,0x25,0x31,0x26,0x29,
0x31,0x00,0x33,0xFC,0x27,0x33,0x32,0x2C,0x29,0x27,0x33,0xCA,0xFD,0x0F,0x00,0x33,
0x00,0x27,0x25,0x36,0x25,0x00,0x35,0x39,0x29,0xFC,0x29,0x31,0x34,0x39,0x36,0x36,
0x33,0x39,0x00,0x25,0x00,0x31,0x25,0x31,0x25,0x29,0x00,0x2C,0x25,0xFC,0x39,0x31,
0x00,0x37,0x29,0x27,0x39,0x30,0x33,0xCA,0xFF,0xF3,0x66,0x10,0x25,0x36,0x37,0x25,
0x32,0x38,0x29,0xCA,0xFF,0xF3,0x69,0x10,0x25,0x36,0x37,0x25,0x32,0x38,0x29,0xCA,
0xFF,0xF3,0x04,0x12,0x31,0x31,0xDD,0xFD,0xF3,0x1D,0x0D,0x2C,0x2D,0x2F,0x25,0x27,
0x2C,0x2D,0x2F,0x25,0xE5,0xE5,0xE5,0xFC,0x0D,0x25,0x30,0x29,0x31,0xD6,0x37,0x29,
0xE8,0x00,0x0C,0x25,0x26,0x3D,0xFC,0x0F,0x30,0x3A,0x29,0x37,0xCA,0xFD,0x1D,0x29,
0x00,0x32,0x25,0x33,0x00,0x35,0x39,0x29,0x36,0x29,0x31,0x00,0x37,0x29,0x36,0xFC,
0x2A,0x29,0x2D,0x38,0x33,0x37,0x00,0x29,0x31,0x00,0x34,0x29,0x28,0x25,0x27,0x33,
0x37,0xE8,0xFC,0x3A,0x25,0x33,0x00,0x34,0x25,0x36,0x25,0x00,0x29,0x37,0x37,0x25,
0x00,0x37,0x25,0x30,0x25,0xCA,0xFF,0xF3,0x66,0x21,0x25,0x25,0x25,0x25,0x25,0x25,
0x2C,0xCA,0xFF,0xF3,0x69,0x21,0x25,0x25,0x25,0x25,0x25,0x25,0x2C,0xCA,0xFF,0xF3,
0x1D,0x0F,0x37,0x37,0x29,0x37,0x00,0x28,0x33,0x2D,0x37,0xFC,0x34,0x29,0x36,0x38,
0x29,0x32,0x27,0x29,0x31,0x00,0x25,0x33,0xFC,0x16,0x33,0x36,0x28,0x29,0x00,0x21,
0x29,0x2D,0x30,0xE5,0xFD,0x20,0x33,0x27,0x29,0x00,0x32,0x25,0x33,0x00,0x34,0x33,
0x28,0x29,0x00,0x38,0x29,0xD6,0x30,0x33,0x37,0xE5,0xFF,0xF3,0x0D,0x1D,0x33,0x39,
0x00,0x0E,0x29,0x25,0x38,0x2C,0x38,0x25,0x32,0x3E,0xFC,0x17,0x25,0x32,0x38,0x2D,
0x37,0x2F,0xE8,0x00,0x39,0x31,0x00,0x28,0x33,0x37,0xFC,0x18,0x39,0x31,0x26,0x29,
0x36,0x37,0x00,0x28,0x33,0x00,0x21,0x29,0x2D,0x30,0xE5,0xFD,0x0B,0x2B,0x33,0x36,
0x25,0xE8,0x00,0x29,0x00,0x2C,0x33,0x36,0x25,0x00,0x28,0x29,0xFC,0x27,0x33,0x36,
0x38,0x25,0x36,0x00,0x3A,0x33,0x27,0x29,0x00,0x29,0x31,0x00,0x38,0x2D,0x36,0x25,
0x37,0xCA,0xFF,0xF3,0x66,0x1B,0x39,0x29,0x31,0x00,0x29,0x00,0x33,0x00,0x37,0x29,
0x32,0x2C,0x33,0x36,0xDD,0xFD,0x0F,0x39,0x00,0x33,0x00,0x3A,0x2D,0x00,0x29,0x31,
0xFC,0x25,0x30,0x2B,0x39,0x31,0x00,0x30,0x39,0x2B,0x25,0x36,0x00,0x25,0x32,0x38,
0x29,0x37,0xE5,0xFF,0xF3,0x69,0x1B,0x39,0x29,0x31,0x00,0x29,0x00,0x33,0x00,0x37,
0x29,0x32,0x2C,0x33,0x36,0xDD,0xFD,0x0F,0x39,0x00,0x38,0x25,0x31,0x26,0x29,0x31,
0x00,0x33,0x00,0x3A,0x2D,0xFC,0x29,0x31,0x00,0x25,0x30,0x2B,0x39,0x31,0x00,0x30,
0x39,0x2B,0x25,0x36,0xFC,0x25,0x32,0x38,0x29,0x37,0xE5,0xFF,0xF3,0x3B,0x12,0x29,
0x2C,0x29,0x2C,0x29,0x2C,0x29,0x2C,0x29,0x29,0x29,0xE5,0xE5,0xE5,0xFC,0x17,0x29,
0x39,0x00,0x32,0x33,0x31,0x29,0x00,0x29,0x00,0x21,0x29,0x2D,0x30,0xE5,0xFD,0x10,
0x39,0x2D,0x00,0x35,0x39,0x29,0x31,0x00,0x27,0x36,0x2D,0x33,0x39,0x00,0x25,0xFC,
0x31,0x25,0x29,0x00,0x28,0x29,0x00,0x3A,0x33,0x27,0x29,0x37,0xE8,0x00,0x25,0xFC,
0x0E,0x25,0x36,0x2F,0x00,0x0F,0x30,0x2A,0xE5,0xFD,0x1A,0x33,0x28,0x29,0x31,0x00,
0x34,0x29,0x32,0x37,0x25,0x36,0x00,0x29,0x31,0xFC,0x31,0x2D,0x31,0x00,0x27,0x33,
0x31,0x33,0x00,0x37,0x29,0x39,0x00,0x25,0x3A,0x33,0xE5,0xFF,0xF3,0x66,0x1A,0x36,
0x29,0x25,0xE8,0x00,0x3A,0x33,0x27,0x29,0x00,0x33,0x39,0x3A,0x2D,0x39,0xFC,0x2D,
0x37,0x37,0x33,0xDD,0xFD,0x0F,0x30,0x29,0x00,0x29,0x00,0x33,0x00,0x32,0x33,0x37,
0x37,0x33,0x00,0x25,0x3A,0x33,0xCA,0xFF,0xF3,0x69,0x0F,0x39,0x00,0x33,0x39,0x3A,
0x2D,0xE8,0x00,0x0D,0x36,0x29,0x25,0xCA,0xFD,0x0F,0x30,0x29,0x00,0x29,0x00,0x33,
0x00,0x32,0x33,0x37,0x37,0x33,0x00,0x25,0x3A,0x33,0xCA,0xFF,0xF3,0x3B,0x0F,0x39,
0x00,0x38,0x25,0x31,0x26,0x29,0x31,0x00,0x29,0x37,0x38,0x33,0x39,0xFC,0x34,0x36,
0x33,0x27,0x39,0x36,0x25,0x32,0x28,0x33,0x00,0x25,0xFC,0x0E,0x25,0x36,0x2F,0x00,
0x0F,0x30,0x2A,0xE5,0xFD,0x1A,0x36,0x29,0x27,0x2D,0x37,0x33,0x00,0x28,0x25,0x00,
0x37,0x39,0x25,0x00,0x25,0x2E,0x39,0x28,0x25,0xE5,0xFD,0x0E,0x29,0x3A,0x29,0x31,
0x00,0x3A,0x2D,0x36,0x00,0x27,0x33,0x31,0x2D,0x2B,0x33,0xFC,0x34,0x25,0x36,0x25,
0x00,0x18,0x29,0x33,0x00,0x0B,0x36,0x27,0x25,0x28,0x2D,0x25,0xE5,0xFD,0x0E,0x25,
0x36,0x29,0x2D,0x00,0x25,0x00,0x3A,0x33,0x27,0x29,0x37,0x00,0x32,0x33,0x3A,0x33,
0x37,0xFC,0x34,0x33,0x28,0x29,0x36,0x29,0x37,0x00,0x29,0x00,0x39,0x31,0x00,0x32,
0x33,0x3A,0x33,0xFC,0x27,0x33,0x36,0x34,0x33,0xE5,0xE5,0xE5,0xFF,0xF3,0x66,0x1E,
0x39,0x28,0x33,0x00,0x26,0x29,0x31,0xCA,0x00,0x20,0x25,0x31,0x33,0x37,0xE8,0xFC,
0x1A,0x36,0x29,0x25,0xCA,0xFF,0xF3,0x69,0x1E,0x39,0x28,0x33,0x00,0x26,0x29,0x31,
0xCA,0x00,0x20,0x25,0x31,0x33,0x37,0xE8,0xFC,0x0D,0x36,0x29,0x25,0xCA,0xFF,0xF3,
0x04,0x0F,0x37,0x34,0x29,0x36,0x29,0x31,0xCA,0xFF,0xF3,0x04,0x17,0x25,0x30,0x28,
0x2D,0x27,0x25,0x33,0xE5,0xE5,0xE5,0xCA,0xFD,0x0D,0x2D,0x29,0x30,0xE8,0x00,0x34,
0x33,0x28,0x29,0x00,0x37,0x29,0x2B,0x39,0x2D,0x36,0xFC,0x25,0x37,0x00,0x30,0x29,
0x2D,0x38,0x39,0x36,0x25,0x37,0x00,0x28,0x29,0x30,0x29,0x37,0xDD,0xFF,0xF3,0x00,
0x0D,0x2D,0x29,0x30,0xD9,0x00,0x1D,0x2D,0x32,0x38,0x33,0x00,0x31,0x39,0x2D,0x38,
0x33,0xE8,0x00,0x24,0x29,0x36,0x33,0xE5,0xFD,0x13,0x37,0x37,0x33,0x00,0x32,0x25,
0x33,0x00,0x37,0x29,0x36,0x25,0x00,0x34,0x33,0x37,0x37,0x2D,0x3A,0x29,0x30,0xFD,
0x27,0x33,0x31,0x00,0x33,0x00,0x37,0x29,0x39,0x00,0x37,0x27,0x25,0x32,0x32,0x29,
0x36,0xE5,0xFF,0xF3,0x04,0xE5,0xE5,0xE5,0xFF,0xF3,0x00,0x19,0x34,0x29,0x36,0x25,
0x28,0x33,0x36,0x25,0xD9,0x00,0x1D,0x36,0xE5,0x00,0x24,0x29,0x36,0x33,0xE8,0xFD,
0x34,0x33,0x36,0x00,0x2A,0x25,0x3A,0x33,0x36,0xE8,0x00,0x36,0x29,0x38,0x33,0x36,
0x32,0x29,0xFD,0x34,0x25,0x36,0x25,0x00,0x25,0x00,0x26,0x25,0x37,0x29,0xE5,0xFD,
0x13,0x32,0x2D,0x27,0x2D,0x25,0x32,0x28,0x33,0x00,0x38,0x36,0x25,0x32,0x37,0x2A,
0x29,0x36,0x29,0x32,0x27,0x2D,0x25,0xE5,0xFF,
};
alignas(16) inline constexpr uint16_t mmz3_msg08_script_offsets[] = {
0x0000,0x0116,0x011D,0x014D,0x01B9,0x01CC,0x01DB,0x01F9,
0x021C,0x0267,0x02AE,0x0304,0x031F,0x0335,0x0383,0x03D9,
0x03E5,0x03FA,0x040F,0x041F,0x042F,0x0460,0x0490,0x0525,
0x0541,0x054C,0x0558,0x056E,0x05B1,
};
constexpr int mmz3_msg08_num_entries = 29;
alignas(16) inline constexpr uint8_t mmz3_msg08_script_data[] = {
0xF3,0x64,0x0D,0x2D,0x29,0x30,0xD9,0xFC,0x20,0x33,0x27,0x29,0x00,0x27,0x33,0x32,
0x37,0x29,0x2B,0x39,0x2D,0x39,0xCA,0xFC,0x1B,0x39,0x29,0x00,0x25,0x30,0x2D,0x3A,
0x2D,0x33,0xCA,0xFD,0xF3,0x04,0x20,0x33,0x27,0x29,0x00,0x28,0x29,0x38,0x29,0x36,
0x31,0x2D,0x32,0x33,0x39,0xFC,0x33,0x00,0x25,0x30,0x3A,0x33,0x00,0x28,0x33,0xFC,
0x31,0x2D,0x37,0x37,0x29,0x30,0xDD,0xFD,0xF3,0x64,0x0D,0x2D,0x29,0x30,0xD9,0xFC,
0x19,0x00,0x25,0x30,0x3A,0x33,0x00,0x29,0xE5,0xE5,0xE5,0xFC,0x0B,0x36,0x29,0x25,
0x00,0x24,0xE5,0xE5,0xE5,0x00,0x04,0x01,0x08,0x0A,0xE5,0xFD,0x19,0x35,0x39,0x29,
0xDD,0xCA,0x00,0x13,0x37,0x37,0x33,0x00,0x29,0x00,0x39,0x31,0xFC,0x28,0x2D,0x37,
0x38,0x36,0x2D,0x38,0x33,0x00,0x36,0x29,0x37,0x2D,0x28,0x29,0x32,0x27,0x2D,0x25,
0x30,0xFC,0x2C,0x39,0x31,0x25,0x32,0x33,0xCA,0xCA,0xFD,0x0F,0x37,0x34,0x29,0x36,
0x25,0xE8,0x00,0x2D,0x37,0x37,0x33,0x00,0x32,0x25,0x33,0x00,0x29,0xFC,0x38,0x39,
0x28,0x33,0xE5,0xE5,0xE5,0x00,0x0B,0x00,0x0E,0x25,0x36,0x2F,0x00,0x0F,0x30,0x2A,
0xFC,0x38,0x25,0x31,0x26,0x29,0x31,0x00,0x29,0x37,0x38,0x25,0x00,0x25,0x2D,0xCA,
0xFD,0xF3,0x04,0x0F,0x32,0x38,0x25,0x33,0x00,0x29,0x30,0x29,0x00,0x34,0x30,0x25,
0x32,0x29,0x2E,0x25,0xFC,0x27,0x25,0x2D,0x36,0x00,0x28,0x29,0x00,0x39,0x31,0x25,
0x00,0x3A,0x29,0x3E,0x00,0x29,0xFC,0x34,0x29,0x2B,0x25,0x36,0x00,0x25,0x00,0x0E,
0x25,0x36,0x2F,0x00,0x0F,0x30,0x2A,0xE5,0xE5,0xE5,0xFD,0x0F,0x32,0x38,0x29,0x32,
0x28,0x2D,0x28,0x33,0xE5,0xFF,0xF3,0x04,0x18,0x25,0x33,0xCA,0xFF,0xF3,0x00,0x0D,
0x2D,0x29,0x30,0xD9,0x00,0x19,0x00,0x30,0x25,0x32,0x27,0x25,0x36,0x25,0x31,0xCA,
0xFD,0x24,0x29,0x36,0x33,0xCA,0x00,0x18,0x25,0x33,0x00,0x37,0x29,0x00,0x25,0x34,
0x36,0x33,0x3C,0x2D,0x31,0x29,0x00,0x31,0x25,0x2D,0x37,0xCA,0xFF,0xF3,0x05,0x1E,
0x29,0x32,0x2C,0x33,0x00,0x35,0x39,0x29,0x00,0x25,0x2B,0x2D,0x36,0xFC,0x25,0x2B,
0x33,0x36,0x25,0xE8,0x00,0x29,0x32,0x35,0x39,0x25,0x32,0x38,0x33,0x00,0x33,0x00,
0x19,0x31,0x29,0x2B,0x25,0xFC,0x29,0x37,0x38,0x25,0x00,0x2D,0x31,0x33,0x3A,0x29,
0x30,0xE5,0xE5,0xE5,0xFD,0x20,0x33,0x39,0x00,0x31,0x29,0x00,0x2D,0x32,0x2A,0x2D,
0x30,0x38,0x36,0x25,0x36,0x00,0x29,0xFC,0x28,0x29,0x38,0x29,0x36,0x00,0x38,0x25,
0x32,0x38,0x33,0x00,0x29,0x30,0x29,0xFC,0x35,0x39,0x25,0x32,0x38,0x33,0x00,0x33,
0x00,0x31,0x2D,0x37,0x37,0x29,0x30,0xE5,0xFF,0xF3,0x00,0x0D,0x2D,0x29,0x30,0xD9,
0x00,0xCA,0xCA,0xCA,0x24,0x29,0x36,0x33,0xCA,0xCA,0xCA,0xFF,0xF3,0x04,0x0C,0x25,
0x26,0x3D,0x00,0x0F,0x30,0x3A,0x29,0x37,0xDD,0xCA,0xFF,0xF3,0x66,0x0D,0x2C,0x29,
0x2B,0x33,0x39,0xCA,0xFC,0x19,0x00,0x1C,0x29,0x34,0x30,0x33,0x2D,0x28,0x29,0x00,
0x31,0x25,0x30,0x3A,0x25,0x28,0x33,0xCA,0xFF,0xF3,0x69,0x0D,0x2C,0x29,0x2B,0x33,
0x39,0xCA,0xFC,0x19,0x00,0x1C,0x29,0x34,0x30,0x33,0x2D,0x28,0x29,0xFC,0x28,0x29,
0x37,0x25,0x2B,0x36,0x25,0x28,0x25,0x3A,0x29,0x30,0xCA,0xFF,0xF3,0x66,0x19,0x31,
0x29,0x2B,0x25,0x00,0x2D,0x36,0x25,0xFC,0x36,0x29,0x37,0x2B,0x25,0x38,0x25,0x36,
0x00,0x25,0x00,0x17,0x25,0x31,0x25,0x29,0xCA,0xFD,0x18,0x25,0x33,0x00,0x37,0x29,
0x00,0x2D,0x32,0x38,0x36,0x33,0x31,0x29,0x38,0x25,0xFC,0x32,0x33,0x00,0x27,0x25,
0x31,0x2D,0x32,0x2C,0x33,0x00,0x28,0x29,0x30,0x29,0xE5,0xFC,0x20,0x25,0x00,0x29,
0x31,0x26,0x33,0x36,0x25,0xCA,0xFF,0xF3,0x69,0x19,0x00,0x34,0x36,0x33,0x38,0x29,
0x2B,0x29,0x36,0x29,0x31,0x33,0x37,0xFC,0x28,0x29,0x00,0x3A,0x33,0x27,0x29,0xCA,
0xFD,0x18,0x25,0x33,0x00,0x37,0x29,0x00,0x2D,0x32,0x38,0x36,0x33,0x31,0x29,0x38,
0x25,0xFC,0x32,0x33,0x00,0x27,0x25,0x31,0x2D,0x32,0x2C,0x33,0x00,0x28,0x29,0x30,
0x29,0xE5,0xFC,0x20,0x25,0x00,0x29,0x31,0x26,0x33,0x36,0x25,0xCA,0xFF,0xF3,0x66,
0x12,0x29,0x2C,0x29,0xCA,0x00,0x19,0x00,0x25,0x3A,0x33,0xFC,0x29,0x37,0x38,0x25,
0x36,0x25,0x00,0x38,0x25,0x33,0x00,0x33,0x36,0x2B,0x39,0x30,0x2C,0x33,0x37,0x33,
0xFC,0x28,0x29,0x00,0x32,0x33,0x37,0xCA,0xFD,0xF3,0x69,0x12,0x25,0x2C,0x25,0xCA,
0x00,0x19,0x00,0x25,0x3A,0x33,0xFC,0x29,0x37,0x38,0x25,0x36,0x25,0x00,0x38,0x25,
0x33,0x00,0x33,0x36,0x2B,0x39,0x30,0x2C,0x33,0x37,0x33,0xFC,0x28,0x29,0x00,0x32,
0x33,0x37,0xCA,0xFF,0xF3,0x66,0x0C,0x39,0x25,0x25,0x25,0x25,0x2C,0xCA,0xFC,0x0D,
0x33,0x2D,0x37,0x25,0x00,0x2C,0x33,0x36,0x36,0x2D,0x3A,0x29,0x30,0xCA,0xFF,0xF3,
0x69,0x0B,0x25,0x25,0x25,0x25,0x25,0x2C,0xCA,0xFC,0x13,0x37,0x37,0x33,0x00,0x28,
0x33,0x29,0x39,0xCA,0xFF,0xF3,0x66,0x1A,0x33,0x28,0x29,0x31,0x33,0x37,0x00,0x38,
0x29,0x36,0xFC,0x34,0x29,0x36,0x28,0x2D,0x28,0x33,0xE8,0x00,0x31,0x25,0x37,0x00,
0x33,0xFC,0x31,0x2D,0x37,0x37,0x29,0x30,0x00,0x3A,0x25,0x2D,0x00,0x27,0x25,0x2D,
0x36,0x00,0x30,0x33,0x2B,0x33,0xCA,0xFD,0x18,0x33,0x37,0x37,0x25,0x00,0x31,0x2D,
0x37,0x37,0x25,0x33,0x00,0x29,0xFC,0x39,0x31,0x00,0x37,0x39,0x27,0x29,0x37,0x37,
0x33,0xCA,0xFF,0xF3,0x69,0x1A,0x33,0x28,0x29,0x31,0x33,0x37,0x00,0x38,0x29,0x36,
0xFC,0x34,0x29,0x36,0x28,0x2D,0x28,0x33,0xE8,0x00,0x31,0x25,0x37,0x00,0x3A,0x29,
0x36,0x29,0x31,0x33,0x37,0xFC,0x25,0x00,0x17,0x25,0x31,0x25,0x29,0x00,0x30,0x33,
0x2B,0x33,0xCA,0xFD,0x18,0x33,0x37,0x37,0x25,0x00,0x31,0x2D,0x37,0x37,0x25,0x33,
0x00,0x29,0xFC,0x39,0x31,0x00,0x37,0x39,0x27,0x29,0x37,0x37,0x33,0xCA,0xFD,0xF3,
0x04,0xD3,0x2B,0x39,0x30,0x34,0xCA,0xD3,0xFF,0xF3,0x3C,0x11,0x36,0x36,0x25,0x3B,
0x36,0x36,0x36,0xCA,0xFF,0xF3,0x66,0x1F,0x26,0x25,0xCA,0xFC,0x17,0x25,0x31,0x25,
0x29,0xCA,0x00,0x17,0x25,0x31,0x25,0x29,0xCA,0xFF,0xF3,0x69,0x1F,0x26,0x25,0xCA,
0xFC,0x17,0x25,0x31,0x25,0x29,0xCA,0x00,0x17,0x25,0x31,0x25,0x29,0xCA,0xFF,0xF3,
0x3D,0x11,0x36,0x36,0x25,0x36,0x36,0x25,0x25,0x36,0x36,0x36,0x36,0xCA,0xFF,0xF3,
0x3F,0x11,0x36,0x36,0x25,0x36,0x36,0x25,0x25,0x36,0x36,0x36,0x36,0xCA,0xFF,0xF3,
0x66,0x0F,0x2D,0xE8,0x00,0x34,0x33,0x28,0x29,0x00,0x26,0x25,0x38,0x29,0x36,0xFC,
0x32,0x29,0x37,0x37,0x29,0x00,0x1C,0x29,0x34,0x30,0x33,0x2D,0x28,0x29,0x00,0x31,
0x25,0x30,0x3A,0x25,0x28,0x33,0xFC,0x34,0x33,0x36,0x00,0x32,0x33,0x37,0xDD,0xFF,
0xF3,0x69,0x1D,0x2D,0x31,0xE8,0x00,0x34,0x33,0x28,0x29,0x00,0x26,0x25,0x38,0x29,
0x36,0xFC,0x32,0x29,0x37,0x37,0x29,0x00,0x1C,0x29,0x34,0x30,0x33,0x2D,0x28,0x29,
0x00,0x2A,0x25,0x30,0x37,0x33,0xFC,0x34,0x33,0x36,0x00,0x32,0x33,0x37,0xDD,0xFF,
0xF3,0x2C,0xE5,0xE5,0xE5,0xFD,0x18,0x33,0x37,0xE8,0x00,0x33,0x37,0xFC,0x1C,0x29,
0x34,0x30,0x33,0x2D,0x28,0x29,0x37,0x00,0x28,0x29,0x00,0x18,0x29,0x33,0xFC,0x0B,
0x36,0x27,0x25,0x28,0x2D,0x25,0xE5,0xE5,0xE5,0xFD,0x1D,0x33,0x31,0x33,0x37,0x00,
0x28,0x29,0x2A,0x29,0x32,0x37,0x33,0x36,0x29,0x37,0x00,0x28,0x25,0xFC,0x2C,0x39,
0x31,0x25,0x32,0x2D,0x28,0x25,0x28,0x29,0xE5,0x00,0x0B,0xFC,0x39,0x32,0x2D,0x27,
0x25,0x00,0x2E,0x39,0x37,0x38,0x2D,0x27,0x25,0x00,0x25,0x35,0x39,0x2D,0xE5,0xFD,
0x0F,0x00,0x29,0x37,0x38,0x29,0x00,0x3D,0x29,0x36,0x31,0x33,0x00,0x33,0xFC,0x35,
0x39,0x29,0x00,0x3A,0x33,0x27,0x29,0x37,0x00,0x27,0x2C,0x25,0x31,0x25,0x31,0xFC,
0x28,0x29,0x00,0x2E,0x39,0x37,0x38,0x2D,0x27,0x25,0xDD,0xCA,0xFD,0x21,0x29,0x2D,
0x30,0xCA,0xCA,0xCA,0xFF,0xF3,0x2C,0x0B,0x36,0x36,0x36,0x36,0x2B,0x2B,0x2C,0xCA,
0xFD,0x0F,0x39,0xE5,0xE5,0xE5,0x00,0x29,0x39,0x00,0x37,0x33,0x39,0xE5,0xE5,0xE5,
0xFF,0xF3,0x04,0x12,0x25,0x36,0x34,0x39,0x2D,0x25,0xCA,0xFF,0xF3,0x66,0x1A,0x29,
0x36,0x2A,0x29,0x2D,0x38,0x33,0xCA,0xFF,0xF3,0x69,0x1A,0x29,0x2B,0x25,0x00,0x29,
0x30,0x29,0xCA,0xFC,0x1A,0x29,0x2B,0x25,0x00,0x29,0x30,0x29,0xCA,0xFF,0xF3,0x00,
0x0D,0x2D,0x29,0x30,0xD9,0x00,0x24,0x29,0x36,0x33,0xE8,0x00,0x32,0x25,0x33,0x00,
0x37,0x29,0x00,0x31,0x33,0x3A,0x25,0xCA,0xFD,0x20,0x33,0x39,0x00,0x38,0x36,0x25,
0x32,0x37,0x2A,0x29,0x36,0x2D,0x36,0x00,0x3A,0x33,0x27,0x29,0xFC,0x34,0x25,0x36,
0x25,0x00,0x25,0xFC,0x26,0x25,0x37,0x29,0xE8,0x00,0x25,0x2B,0x33,0x36,0x25,0xCA,
0xFF,0xF3,0x00,0x19,0x34,0x29,0x36,0x25,0x28,0x33,0x36,0x25,0xD9,0x00,0x1E,0x36,
0x25,0x32,0x37,0x2A,0x29,0x36,0x2D,0x32,0x28,0x33,0xCA,0xFF,
};
alignas(16) inline constexpr uint16_t mmz3_msg09_script_offsets[] = {
0x0000,0x00AD,0x00F7,
};
constexpr int mmz3_msg09_num_entries = 3;
alignas(16) inline constexpr uint8_t mmz3_msg09_script_data[] = {
0xF3,0x27,0x10,0x39,0x2D,0x00,0x2D,0x32,0x3A,0x33,0x27,0x25,0x28,0x33,0xFC,0x34,
0x29,0x30,0x33,0x00,0x16,0x33,0x36,0x28,0x29,0x00,0x21,0x29,0x2D,0x30,0x00,0x28,
0x29,0x37,0x28,0x29,0xFC,0x33,0x00,0x37,0x39,0x26,0x31,0x39,0x32,0x28,0x33,0xFD,
0x34,0x25,0x36,0x25,0x00,0x27,0x33,0x32,0x38,0x2D,0x32,0x39,0x25,0x36,0x00,0x31,
0x29,0x39,0xFC,0x36,0x29,0x2D,0x32,0x25,0x28,0x33,0x00,0x28,0x29,0x00,0x38,0x29,
0x36,0x36,0x33,0x36,0xE5,0xFD,0x0B,0x32,0x38,0x2D,0x2B,0x33,0x00,0x2B,0x39,0x29,
0x36,0x36,0x29,0x2D,0x36,0x33,0xE8,0xFC,0x25,0x2B,0x33,0x36,0x25,0x00,0x29,0x00,
0x37,0x39,0x25,0xFC,0x3A,0x29,0x3E,0x00,0x28,0x29,0x00,0x2E,0x25,0x3E,0x29,0x36,
0xFD,0x37,0x33,0x26,0x00,0x25,0x00,0x38,0x29,0x36,0x36,0x25,0xE5,0xE5,0xE5,0xFD,
0x20,0x33,0x30,0x38,0x29,0x00,0x34,0x25,0x36,0x25,0x00,0x25,0xFC,0x38,0x29,0x36,
0x36,0x25,0x00,0x27,0x33,0x31,0x00,0x3A,0x33,0x27,0x29,0xCA,0xFF,0xF3,0x26,0x18,
0x25,0x33,0x00,0x29,0x3C,0x2D,0x37,0x38,0x29,0x00,0x25,0xFC,0x29,0x38,0x29,0x36,
0x32,0x2D,0x28,0x25,0x28,0x29,0x00,0x32,0x29,0x37,0x38,0x29,0xFC,0x31,0x39,0x32,
0x28,0x33,0xE5,0xFD,0x0B,0x38,0x29,0x00,0x25,0x00,0x37,0x39,0x25,0x00,0x3A,0x2D,
0x28,0x25,0xFC,0x28,0x29,0x3A,0x29,0x00,0x27,0x2C,0x29,0x2B,0x25,0x36,0xFC,0x25,
0x33,0x00,0x2A,0x2D,0x31,0xCA,0xFF,0xF3,0x26,0x20,0x33,0x27,0x29,0xE8,0x00,0x33,
0x00,0x28,0x29,0x00,0x25,0x30,0x31,0x25,0xFC,0x25,0x32,0x38,0x2D,0x2B,0x25,0xE5,
0xFD,0x18,0x25,0x33,0x00,0x38,0x29,0x31,0x00,0x30,0x39,0x2B,0x25,0x36,0x00,0x32,
0x33,0xFC,0x32,0x33,0x3A,0x33,0x00,0x31,0x39,0x32,0x28,0x33,0x00,0x35,0x39,0x29,
0x00,0x33,0xFC,0x16,0x33,0x36,0x28,0x29,0x00,0x21,0x29,0x2D,0x30,0x00,0x29,0x37,
0x38,0x25,0x00,0x27,0x36,0x2D,0x25,0x32,0x28,0x33,0xE5,0xFD,0x20,0x33,0x39,0x00,
0x2B,0x33,0x37,0x38,0x25,0x36,0x00,0x28,0x29,0x00,0x3A,0x29,0x36,0xFC,0x33,0x00,
0x37,0x29,0x39,0x00,0x38,0x33,0x36,0x31,0x29,0x32,0x38,0x33,0xFC,0x28,0x33,0x00,
0x31,0x29,0x39,0x00,0x38,0x39,0x31,0x39,0x30,0x33,0xE5,0xE5,0xE5,0xFD,0x12,0x25,
0x2C,0x25,0x2C,0x25,0x2E,0x25,0x25,0xCA,0xFF,
};
alignas(16) inline constexpr uint16_t mmz3_msg0A_script_offsets[] = {
0x0000,0x0093,0x00C0,
};
constexpr int mmz3_msg0A_num_entries = 3;
alignas(16) inline constexpr uint8_t mmz3_msg0A_script_data[] = {
0xF3,0x29,0x17,0x29,0x39,0x00,0x27,0x33,0x36,0x34,0x33,0xFC,0x3A,0x33,0x30,0x38,
0x33,0x39,0x00,0x28,0x29,0xFC,0x25,0x00,0x36,0x39,0x2D,0x32,0x25,0xE5,0xE5,0xE5,
0xFD,0x1A,0x33,0x36,0x00,0x16,0x33,0x36,0x28,0x00,0x21,0x29,0x2D,0x30,0xE8,0xFC,
0x35,0x39,0x29,0x31,0x00,0x31,0x29,0x00,0x28,0x29,0x39,0xFC,0x3A,0x2D,0x28,0x25,
0xE5,0xE5,0xE5,0xFD,0x1C,0x29,0x2B,0x36,0x29,0x37,0x37,0x29,0x2D,0xCA,0xFC,0x0F,
0x00,0x25,0x2B,0x33,0x36,0x25,0x00,0x38,0x33,0x31,0x25,0x36,0x29,0x2D,0x00,0x38,
0x39,0x25,0xFC,0x31,0x2D,0x37,0x29,0x36,0x25,0x3A,0x29,0x30,0x00,0x25,0x30,0x31,
0x25,0xE5,0xFD,0x20,0x29,0x2E,0x25,0x31,0x33,0x37,0x00,0x37,0x29,0x00,0x30,0x39,
0x38,0x25,0x37,0xFD,0x27,0x33,0x31,0x33,0x00,0x39,0x31,0x00,0x2C,0x29,0x36,0x33,
0x2D,0xCA,0xFF,0xF3,0x28,0x0B,0x00,0x2E,0x39,0x37,0x38,0x2D,0x27,0x25,0x00,0x29,
0x37,0x38,0x25,0xFC,0x25,0x33,0x00,0x30,0x25,0x28,0x33,0x00,0x28,0x33,0x37,0xFC,
0x18,0x29,0x33,0x00,0x0B,0x36,0x27,0x25,0x28,0x2D,0x25,0x32,0x33,0x37,0xCA,0xFF,
0xF3,0x28,0x10,0x33,0x2D,0x00,0x39,0x31,0x25,0x00,0x30,0x39,0x38,0x25,0xFC,0x2D,
0x31,0x34,0x36,0x29,0x37,0x37,0x2D,0x33,0x32,0x25,0x32,0x38,0x29,0xCA,0xFC,0x17,
0x25,0x37,0xE5,0xE5,0xE5,0xFD,0x19,0x00,0x31,0x25,0x30,0x00,0x37,0x29,0x31,0x34,
0x36,0x29,0xFC,0x2A,0x36,0x25,0x27,0x25,0x37,0x37,0x25,0x00,0x25,0x33,0x00,0x2A,
0x2D,0x32,0x25,0x30,0xCA,0xFD,0x0B,0x00,0x2C,0x2D,0x37,0x38,0x33,0x36,0x2D,0x25,
0xFC,0x2E,0x39,0x30,0x2B,0x25,0x36,0x25,0x00,0x35,0x39,0x29,0x31,0x00,0x2A,0x33,
0x2D,0x00,0x33,0xFC,0x3A,0x29,0x36,0x28,0x25,0x28,0x29,0x2D,0x36,0x33,0x00,0x3A,
0x29,0x32,0x27,0x29,0x28,0x33,0x36,0xCA,0xFD,0x1B,0x39,0x29,0x00,0x34,0x29,0x36,
0x29,0x27,0x25,0x37,0xE8,0xFC,0x33,0x2C,0x00,0x25,0x32,0x38,0x2D,0x2B,0x33,0x00,
0x0E,0x29,0x39,0x37,0xFC,0x28,0x29,0x00,0x25,0x00,0x0E,0x29,0x37,0x38,0x36,0x39,
0x2D,0x27,0x25,0x33,0xCA,0xFF,
};
alignas(16) inline constexpr uint16_t mmz3_msg0B_script_offsets[] = {
0x0000,0x00A8,0x00EA,
};
constexpr int mmz3_msg0B_num_entries = 3;
alignas(16) inline constexpr uint8_t mmz3_msg0B_script_data[] = {
0xF3,0x2B,0x12,0x31,0x34,0x2C,0xE5,0x00,0x17,0x29,0x00,0x2D,0x31,0x34,0x36,0x29,
0x37,0x37,0x2D,0x33,0x32,0x25,0xFC,0x35,0x39,0x29,0x00,0x38,0x29,0x32,0x2C,0x25,
0x00,0x27,0x2C,0x29,0x2B,0x25,0x28,0x33,0xFC,0x25,0x00,0x29,0x37,0x38,0x25,0x00,
0x26,0x25,0x37,0x29,0xE5,0xFD,0x0B,0x2D,0x32,0x28,0x25,0x00,0x25,0x37,0x37,0x2D,
0x31,0xE5,0xE5,0xE5,0xFD,0x18,0x25,0x33,0x00,0x34,0x33,0x37,0x37,0x33,0xFC,0x28,
0x29,0x37,0x33,0x32,0x36,0x25,0x36,0x00,0x25,0xFC,0x16,0x33,0x36,0x28,0x00,0x21,
0x29,0x2D,0x30,0xE8,0xFD,0x33,0x00,0x2C,0x33,0x31,0x29,0x31,0x00,0x35,0x39,0x29,
0xFC,0x31,0x29,0x00,0x28,0x29,0x3A,0x33,0x30,0x3A,0x29,0x39,0xFC,0x25,0x00,0x3A,
0x2D,0x28,0x25,0xE5,0xFD,0x1E,0x29,0x36,0x29,0x2D,0x00,0x35,0x39,0x29,0xFC,0x38,
0x29,0x00,0x27,0x33,0x32,0x2B,0x29,0x30,0x25,0x36,0x00,0x25,0x2B,0x33,0x36,0x25,
0xE5,0xFC,0x12,0x31,0x34,0x2C,0xE5,0xFF,0xF3,0x2A,0x12,0x31,0x34,0x2C,0xE5,0xFD,
0x1F,0x31,0x00,0x37,0x29,0x27,0x39,0x30,0x33,0x00,0x32,0x25,0x33,0xFC,0x29,0x2C,
0x00,0x37,0x39,0x2A,0x2D,0x27,0x2D,0x29,0x32,0x38,0x29,0xE5,0xFD,0x0E,0x29,0x37,
0x38,0x25,0x00,0x3A,0x29,0x3E,0x00,0x28,0x39,0x36,0x31,0x25,0xFC,0x34,0x25,0x36,
0x25,0x00,0x37,0x29,0x31,0x34,0x36,0x29,0xCA,0xFF,0xF3,0x2A,0xD3,0x2B,0x36,0x39,
0x32,0x2C,0x2D,0x28,0x33,0xD3,0xFC,0x17,0x29,0x00,0x34,0x29,0x36,0x28,0x33,0x29,
0xE5,0xE5,0xE5,0xFC,0x16,0x33,0x36,0x28,0x00,0x21,0x29,0x2D,0x30,0xE5,0xE5,0xE5,
0xFD,0x12,0x31,0xE5,0xE5,0xE5,0x00,0x34,0x2C,0x25,0x2C,0x2C,0xCA,0xFF,
};
alignas(16) inline constexpr uint16_t mmz3_msg0C_script_offsets[] = {
0x0000,0x0001,0x0206,0x023F,0x02B4,0x02D2,0x03C7,0x0409,
0x045B,0x04E0,0x053C,0x054A,0x062E,0x074D,0x085D,0x08DA,

};
constexpr int mmz3_msg0C_num_entries = 16;
alignas(16) inline constexpr uint8_t mmz3_msg0C_script_data[] = {
0xFF,0xF3,0x37,0x0F,0x32,0x38,0x25,0x33,0x00,0x3A,0x33,0x27,0x29,0x00,0x3A,0x29,
0x2D,0x33,0xE8,0xFC,0x24,0x29,0x36,0x33,0xE5,0xFD,0x20,0xD6,0x3A,0x33,0x27,0x29,
0x00,0x37,0x25,0x26,0x29,0x00,0x33,0x00,0x35,0x39,0x29,0xFC,0x29,0x37,0x38,0x25,
0x00,0x2A,0x25,0x3E,0x29,0x32,0x28,0x33,0xDD,0xFC,0xD6,0x3E,0x29,0x32,0x28,0x33,
0xDD,0xFD,0x20,0x33,0x27,0x29,0x00,0x29,0x37,0x38,0x25,0x00,0x25,0x2E,0x39,0x28,
0x25,0x32,0x28,0x33,0xFC,0x29,0x3C,0x38,0x36,0x29,0x31,0x2D,0x37,0x38,0x25,0x37,
0xCA,0xFD,0x1A,0x33,0x36,0x00,0x35,0x39,0x29,0x00,0x39,0xD6,0x39,0x31,0xFC,0x2C,
0x29,0x36,0x33,0x2D,0x00,0x30,0x29,0x32,0x28,0x25,0x36,0x2D,0x33,0xFC,0x25,0x2E,
0x39,0x28,0x25,0x36,0x2D,0x25,0xFD,0x39,0x31,0x00,0x29,0x3C,0x29,0x36,0x27,0x2D,
0x38,0x33,0xFC,0x31,0x25,0x30,0x2D,0x2B,0x32,0x33,0xDD,0xFD,0xF3,0x04,0x0F,0x32,
0x38,0x25,0x33,0x00,0x3A,0x33,0x27,0x29,0x00,0x28,0x2D,0x3E,0xFC,0x35,0x39,0x29,
0x00,0x37,0x33,0x31,0x33,0x37,0x00,0x39,0x31,0xFC,0x29,0x3C,0x29,0x36,0x27,0x2D,
0x38,0x33,0x00,0x31,0x25,0x30,0x2D,0x2B,0x32,0x33,0xE5,0xE5,0xE5,0xFD,0xE5,0xE5,
0xE5,0x29,0x00,0x35,0x39,0x29,0x00,0x3A,0x33,0x27,0x29,0x37,0xFC,0x30,0x39,0x38,
0x25,0x31,0x00,0x34,0x29,0x30,0x25,0xFC,0x2E,0x39,0x37,0x38,0x2D,0x27,0x25,0xDD,
0xFD,0xF3,0x37,0x0F,0x3C,0x25,0x38,0x25,0x31,0x29,0x32,0x38,0x29,0xE5,0xFD,0x1B,
0x39,0x25,0x37,0x29,0x00,0x38,0xD6,0x38,0x33,0x28,0x33,0x37,0x00,0x33,0x37,0xFC,
0x2C,0x39,0x31,0x25,0x32,0x33,0x37,0x00,0x25,0x34,0x33,0x2D,0x25,0x31,0xFC,0x32,
0x33,0x37,0x37,0x25,0x00,0x27,0x25,0x39,0x37,0x25,0xE5,0xFD,0x1E,0x33,0x28,0x33,
0x37,0x00,0x33,0x37,0x00,0x2C,0x39,0x31,0x25,0x32,0x33,0x37,0xFC,0x37,0x33,0x32,
0x2C,0x25,0x31,0x00,0x29,0x31,0x00,0x3A,0x29,0x32,0x27,0x29,0x36,0xFC,0x33,0xD6,
0x33,0x37,0x00,0x29,0x3C,0x38,0x36,0x29,0x31,0x2D,0x37,0x38,0x25,0x37,0xE5,0xFD,
0xF3,0x04,0x1B,0x39,0x29,0x00,0x3A,0x25,0x30,0x33,0x36,0x00,0x38,0x29,0x31,0xFC,
0x25,0x00,0x2E,0x39,0x37,0x38,0x2D,0x27,0x25,0x00,0x35,0x39,0x29,0xFD,0x26,0x39,
0x37,0x27,0x25,0x31,0x00,0x2C,0x39,0x31,0x25,0x32,0x33,0x37,0xFC,0x27,0x33,0x32,
0x2A,0x33,0x36,0x31,0x2D,0x37,0x38,0x25,0x37,0xDD,0xFD,0xF3,0x37,0x1B,0xD6,0x35,
0x39,0x29,0x31,0x00,0x37,0x29,0x00,0x2D,0x31,0x34,0x33,0x36,0x38,0x25,0xFC,0x27,
0x33,0x31,0x00,0x33,0x00,0x3A,0x25,0x30,0x33,0x36,0xDD,0xFC,0x18,0x29,0x33,0x00,
0x0B,0x36,0x27,0x25,0x28,0x2D,0x25,0xFD,0x2A,0x25,0x3E,0x00,0x33,0x00,0x27,0x29,
0x36,0x38,0x33,0xE5,0xFD,0x13,0xD6,0x2D,0x37,0x37,0x33,0x00,0x26,0x25,0x37,0x38,
0x25,0x00,0x34,0x25,0x36,0x25,0xFC,0x34,0x36,0x33,0x3A,0x25,0x36,0x00,0x35,0x39,
0x29,0x00,0x33,0x00,0x32,0x33,0x37,0x37,0x33,0xFC,0x29,0x2C,0x00,0x2E,0xD6,0x2E,
0x39,0x37,0x38,0x33,0xCA,0xFF,0xF3,0x6E,0x0B,0x2C,0x25,0xCA,0x00,0x0B,0x2C,0x25,
0x2C,0x25,0x2C,0x25,0xCA,0xFD,0x20,0xD6,0x3A,0x2D,0x36,0x25,0x31,0x00,0x2D,0x37,
0x37,0x33,0xDD,0xFC,0x0F,0x39,0x00,0x37,0x33,0x39,0x00,0x33,0x00,0x3A,0x29,0x36,
0x28,0x25,0x28,0x29,0x2D,0x36,0x33,0xFC,0x2C,0x29,0x36,0x33,0x2D,0xCA,0xFF,0xF3,
0x6F,0x18,0xD6,0x32,0x25,0x33,0xCA,0xFC,0x1A,0xD6,0x34,0xD6,0x34,0x33,0x36,0x00,
0x35,0x39,0x29,0xDD,0xCA,0xFD,0x1D,0x33,0x39,0x00,0x39,0x31,0x00,0x2C,0x29,0x36,
0x33,0x2D,0xCA,0xFC,0x16,0xD6,0x30,0x39,0x38,0x33,0x00,0x34,0x29,0x30,0x25,0xFC,
0x2E,0x39,0x37,0x38,0x2D,0x27,0x25,0xCA,0xFD,0x21,0x29,0x2D,0x30,0xCA,0xFC,0x0E,
0x36,0xE5,0x00,0x21,0x29,0x2D,0x30,0xCA,0xFD,0x1F,0x37,0x29,0x00,0x33,0x00,0x19,
0x31,0x29,0x2B,0xD6,0x19,0x31,0x29,0x2B,0x25,0xCA,0xFC,0x0F,0x37,0x31,0x25,0x2B,
0x39,0x29,0xD6,0x33,0x00,0x27,0x33,0x31,0xFC,0x37,0x39,0x25,0x00,0x31,0xD6,0x31,
0x25,0x33,0xCA,0xFF,0xF3,0x34,0x0F,0x30,0x29,0x00,0x2E,0x25,0xE5,0xE5,0xE5,0xFD,
0xE5,0xE5,0xE5,0x32,0x25,0x33,0x00,0x29,0x37,0x38,0x25,0x00,0x25,0x35,0x39,0x2D,
0xE5,0xFF,0xF3,0x6F,0x1B,0xD6,0x35,0x39,0x29,0x31,0x00,0x29,0x2C,0x00,0x3A,0x33,
0x27,0x29,0xDD,0xCA,0xFD,0xF3,0x04,0x22,0xCA,0xFD,0xF3,0x6F,0x22,0xDD,0xCA,0xFD,
0x20,0xD6,0x3A,0x33,0x27,0x29,0x00,0x29,0x2C,0x00,0x25,0x00,0x31,0x2D,0x32,0x2C,
0x25,0xFC,0x2A,0x33,0x36,0x31,0x25,0x00,0x33,0x36,0x2D,0x2B,0x2D,0x32,0x25,0x30,
0xDD,0xCA,0xFD,0xF3,0x34,0x21,0x29,0x2D,0x30,0x00,0x2A,0x33,0x2D,0x00,0x34,0x25,
0x36,0x25,0xFC,0x33,0x39,0x38,0x36,0x25,0x00,0x26,0x25,0x37,0x29,0xE5,0xFD,0x0D,
0x33,0x31,0x00,0x19,0x31,0x29,0x2B,0x25,0xE5,0xE5,0xE5,0xFD,0x21,0x29,0x2D,0x30,
0x00,0x38,0x29,0x00,0x39,0x37,0x25,0x3A,0x25,0xFC,0x34,0x25,0x36,0x25,0x00,0x33,
0x37,0x00,0x37,0x29,0x39,0x37,0xFC,0x34,0x36,0x33,0x34,0x36,0x2D,0x33,0x37,0x00,
0x2A,0x2D,0x32,0x37,0xE5,0xFD,0xF3,0x6F,0x11,0x29,0x29,0xE5,0xE5,0xE5,0x2B,0xD6,
0x2B,0x29,0x29,0xE5,0xE5,0xE5,0xFD,0x1E,0x33,0x28,0x33,0x37,0x00,0x31,0x29,0xFC,
0x38,0x36,0x25,0x38,0x25,0x31,0x00,0x27,0xD6,0x27,0x33,0x31,0x33,0xFC,0x39,0x31,
0x00,0x2D,0x28,0x2D,0x33,0x38,0x25,0xCA,0xFD,0x18,0xD6,0x32,0x25,0x33,0x00,0x34,
0x29,0x36,0x31,0x2D,0x38,0x2D,0x36,0x29,0x2D,0xCA,0xFC,0x20,0x29,0x36,0x25,0x33,
0x00,0x31,0x29,0x39,0xFC,0x3A,0x29,0x36,0x28,0x25,0x28,0x29,0x2D,0x36,0x33,0x00,
0x34,0x33,0x28,0x29,0x36,0xCA,0xFF,0xF3,0x6F,0xFB,0x12,0x25,0x25,0x25,0x25,0x25,
0x2C,0xCA,0xCA,0xCA,0xFD,0xF3,0x34,0x19,0x2C,0xE8,0x00,0x32,0x25,0x33,0xCA,0xFD,
0x21,0x29,0x2D,0x30,0x00,0x27,0x33,0x30,0x33,0x27,0x33,0x39,0xFC,0x39,0x31,0x25,
0x00,0x25,0x36,0x31,0x25,0x28,0x2D,0x30,0x2C,0x25,0x00,0x29,0x31,0xFC,0x37,0x29,
0x39,0x00,0x27,0x33,0x36,0x34,0x33,0xCA,0xFF,0xF3,0x6F,0xFB,0x11,0x29,0x29,0xE5,
0xE5,0xE5,0x2B,0x25,0x2B,0x25,0x2B,0x25,0xDD,0xCA,0xFD,0x0F,0xD6,0x29,0x39,0xE5,
0xE5,0xE5,0x00,0x32,0x25,0x33,0xE5,0xE5,0xE5,0xFC,0x32,0x25,0x33,0x00,0x27,0x33,
0x32,0x37,0x2D,0x2B,0x33,0x00,0x31,0x29,0x00,0x31,0x33,0x3A,0x29,0x36,0xE5,0xE5,
0xE5,0xFD,0x11,0x25,0x2B,0x25,0x2B,0x25,0x25,0x25,0xE5,0xE5,0xE5,0xFC,0x0B,0x25,
0x25,0x25,0x25,0x25,0x25,0x36,0x2B,0x2B,0x2C,0xCA,0xFF,0xF3,0x04,0xDD,0xCA,0xFD,
0xF3,0x35,0x21,0x29,0x2D,0x30,0x00,0x37,0x25,0x26,0x2D,0x25,0xFC,0x28,0x29,0x37,
0x28,0x29,0x00,0x33,0x00,0x2D,0x32,0x2D,0x27,0x2D,0x33,0xFC,0x27,0x33,0x31,0x33,
0x00,0x25,0x27,0x25,0x26,0x25,0x36,0x2D,0x25,0xFD,0x38,0x39,0x28,0x33,0xE8,0x00,
0x29,0x32,0x38,0x25,0x33,0xFC,0x28,0x29,0x3A,0x29,0x00,0x38,0x29,0x36,0x00,0x27,
0x33,0x30,0x33,0x27,0x25,0x28,0x33,0xFC,0x39,0x31,0x25,0x00,0x25,0x36,0x31,0x25,
0x28,0x2D,0x30,0x2C,0x25,0xE5,0xE5,0xE5,0xFD,0x1A,0x25,0x36,0x25,0x00,0x27,0x39,
0x31,0x34,0x36,0x2D,0x36,0xFC,0x37,0x39,0x25,0x00,0x3A,0x29,0x36,0x28,0x25,0x28,
0x29,0x2D,0x36,0x25,0xFC,0x25,0x31,0x26,0x2D,0x27,0x25,0x33,0xE5,0xE5,0xE5,0xFF,
0xF3,0x52,0x19,0x39,0x27,0x25,0x31,0xE8,0x00,0x27,0x2D,0x28,0x25,0x28,0x25,0x33,
0x37,0xFC,0x28,0x25,0x00,0x2B,0x36,0x25,0x32,0x28,0x29,0x00,0x38,0x29,0x36,0x36,
0x25,0x00,0x28,0x29,0xFC,0x18,0x29,0x33,0x00,0x0B,0x36,0x27,0x25,0x28,0x2D,0x25,
0xE5,0xE5,0xE5,0xFD,0x0E,0x29,0x3A,0x33,0x00,0x2D,0x32,0x2A,0x33,0x36,0x31,0x25,
0xD6,0x30,0x33,0x37,0xFC,0x28,0x29,0x00,0x39,0x31,0x25,0x00,0x38,0x36,0x2D,0x37,
0x38,0x29,0xFC,0x32,0x33,0x38,0x2D,0x27,0x2D,0x25,0xE5,0xFF,0xF3,0x04,0x0E,0x36,
0xE5,0x00,0x21,0x29,0x2D,0x30,0xE5,0xE5,0xE5,0xFF,0xF3,0x3A,0xFB,0x13,0x32,0x37,
0x38,0x25,0x32,0x38,0x29,0x37,0x00,0x25,0x38,0x36,0x25,0x37,0xE5,0xE5,0xE5,0xFD,
0x18,0x33,0x37,0x37,0x33,0x00,0x2C,0x29,0x36,0x33,0x2D,0xE8,0xFC,0x33,0x00,0x17,
0x29,0x37,0x38,0x36,0x29,0x00,0x22,0xE8,0x00,0x32,0x33,0x37,0xFC,0x2A,0x33,0x2D,
0x00,0x38,0x2D,0x36,0x25,0x28,0x33,0xFD,0x34,0x33,0x36,0x00,0x29,0x3C,0x38,0x36,
0x29,0x31,0x2D,0x37,0x38,0x25,0x37,0xFC,0x37,0x29,0x28,0x29,0x32,0x38,0x33,0x37,
0x00,0x34,0x33,0x36,0x00,0x37,0x25,0x32,0x2B,0x39,0x29,0xE8,0xFD,0x29,0x00,0x2D,
0x32,0x2A,0x29,0x30,0x2D,0x3E,0x31,0x29,0x32,0x38,0x29,0xFC,0x2A,0x25,0x30,0x29,
0x27,0x29,0x39,0xE5,0xE5,0xE5,0xFD,0x0F,0x32,0x38,0x25,0x33,0xE8,0x00,0x37,0x29,
0x2B,0x39,0x32,0x28,0x33,0x00,0x33,0xFC,0x0E,0x29,0x27,0x36,0x29,0x38,0x33,0x00,
0xCC,0x09,0xE8,0xFD,0x29,0x39,0xE8,0x00,0x0E,0x36,0xE5,0x00,0x21,0x29,0x2D,0x30,
0xE8,0xFC,0x37,0x29,0x36,0x29,0x2D,0x00,0x37,0x29,0x39,0x00,0x32,0x33,0x3A,0x33,
0xFC,0x30,0x2D,0x28,0x29,0x36,0xE5,0xE5,0xE5,0xFD,0x0F,0x2C,0x00,0x2C,0x33,0x36,
0x25,0x00,0x28,0x29,0xFC,0x28,0x29,0x38,0x29,0x36,0x00,0x29,0x37,0x38,0x29,0x37,
0xFC,0x29,0x3C,0x38,0x36,0x29,0x31,0x2D,0x37,0x38,0x25,0x37,0xCA,0xFF,0xF3,0x52,
0xE5,0xE5,0xE5,0xFD,0x19,0x26,0x36,0x2D,0x2B,0x25,0x28,0x33,0x00,0x25,0x00,0x38,
0x33,0x28,0x33,0x37,0xE5,0xFC,0x0B,0x27,0x25,0x26,0x33,0x00,0x28,0x29,0x00,0x27,
0x33,0x32,0x2A,0x2D,0x36,0x31,0x25,0x36,0xFC,0x37,0x39,0x25,0x00,0x25,0x34,0x36,
0x33,0x3A,0x25,0x27,0x25,0x33,0xE5,0xFD,0x1E,0x29,0x36,0x29,0x2D,0x00,0x35,0x39,
0x29,0x00,0x34,0x29,0x28,0x2D,0x36,0xFC,0x25,0x00,0x3A,0x33,0x27,0x29,0x37,0x00,
0x35,0x39,0x29,0xFC,0x2A,0x25,0x27,0x25,0x31,0x00,0x3A,0x25,0x36,0x2D,0x25,0x37,
0x00,0x27,0x33,0x2D,0x37,0x25,0x37,0xE5,0xE5,0xE5,0xFD,0x18,0x29,0x33,0x00,0x0B,
0x36,0x27,0x25,0x28,0x2D,0x25,0x00,0x32,0x25,0x33,0xFC,0x27,0x33,0x32,0x2C,0x29,
0x27,0x29,0x36,0x25,0x00,0x25,0x00,0x3A,0x29,0x36,0x28,0x25,0x28,0x29,0x2D,0x36,
0x25,0xFC,0x34,0x25,0x3E,0x00,0x29,0x32,0x35,0x39,0x25,0x32,0x38,0x33,0x00,0x33,
0x37,0xFD,0x29,0x3C,0x38,0x36,0x29,0x31,0x2D,0x37,0x38,0x25,0x37,0x00,0x32,0x25,
0x33,0xFC,0x2A,0x33,0x36,0x29,0x31,0x00,0x29,0x36,0x36,0x25,0x28,0x2D,0x27,0x25,
0x28,0x33,0x37,0xCA,0xFD,0x16,0x39,0x38,0x29,0x31,0x33,0x37,0x00,0x2E,0x39,0x32,
0x38,0x33,0x37,0xFC,0x25,0x38,0x29,0x00,0x35,0x39,0x29,0x00,0x37,0x29,0x2E,0x25,
0x31,0xFC,0x29,0x30,0x2D,0x31,0x2D,0x32,0x25,0x28,0x33,0x37,0xCA,0xFD,0x12,0x29,
0xE5,0xE5,0xE5,0xFD,0x12,0x29,0x2C,0x29,0x2C,0x29,0x2C,0x29,0xE5,0xE5,0xE5,0xFD,
0x12,0x29,0x2C,0x29,0x2C,0x29,0x2C,0x29,0x2C,0x29,0x29,0xE5,0xE5,0xE5,0xFC,0x0C,
0x3B,0x25,0x2C,0x25,0x2C,0x25,0x2C,0x25,0x2C,0x25,0x2C,0xCA,0xFF,0xF3,0x04,0xE5,
0xE5,0xE5,0xFD,0x1E,0x39,0x28,0x33,0x00,0x29,0x37,0x38,0x25,0x00,0x2D,0x32,0x28,
0x33,0xFC,0x37,0x29,0x2B,0x39,0x32,0x28,0x33,0x00,0x33,0x37,0xFC,0x34,0x30,0x25,
0x32,0x33,0x37,0x00,0x28,0x29,0x30,0x29,0xE5,0xFD,0xF3,0x35,0x0E,0x36,0xE5,0x00,
0x21,0x29,0x2D,0x30,0xE5,0xE5,0xE5,0xFD,0x0F,0x30,0x29,0x00,0x38,0x29,0x32,0x38,
0x25,0x36,0x25,0xFC,0x36,0x29,0x34,0x29,0x38,0x2D,0x36,0x00,0x25,0xFC,0x38,0x36,
0x25,0x2B,0x29,0x28,0x2D,0x25,0x00,0x28,0x25,0x37,0xFD,0x11,0x39,0x29,0x36,0x36,
0x25,0x37,0x00,0x0F,0x30,0x2A,0x2D,0x27,0x25,0x37,0xE8,0xFC,0x35,0x39,0x29,0x00,
0x38,0x29,0x36,0x31,0x2D,0x32,0x25,0x36,0x25,0x31,0xFC,0x2C,0x25,0x00,0x39,0x31,
0x00,0x37,0x29,0x27,0x39,0x30,0x33,0xE5,0xE5,0xE5,0xDD,0xFD,0xF3,0x04,0x20,0x33,
0x39,0x00,0x25,0x38,0x36,0x25,0x37,0x00,0x28,0x29,0x00,0x21,0x29,0x2D,0x30,0xE5,
0xFD,0x1A,0x36,0x29,0x27,0x2D,0x37,0x33,0xFC,0x28,0x25,0x00,0x37,0x39,0x25,0x00,
0x25,0x2E,0x39,0x28,0x25,0xE5,0xFD,0xF3,0x35,0x1E,0x39,0x28,0x33,0x00,0x26,0x29,
0x31,0xE5,0xFD,0x0F,0x39,0x00,0x38,0x25,0x31,0x26,0x29,0x31,0xFC,0x3A,0x33,0x39,
0x00,0x34,0x36,0x33,0x27,0x39,0x36,0x25,0xD6,0x30,0x33,0xE5,0xE5,0xE5,0xFD,0x0F,
0x39,0x00,0x35,0x39,0x29,0x36,0x2D,0x25,0x00,0x28,0x2D,0x3E,0x29,0x36,0xFC,0x39,
0x31,0x25,0x00,0x27,0x33,0x2D,0x37,0x25,0xE5,0x00,0x1D,0x33,0x26,0x36,0x29,0xFC,
0x19,0x31,0x29,0x2B,0x25,0xE5,0xE5,0xE5,0xFD,0xE5,0xE5,0xE5,0xFF,0xF3,0x04,0x19,
0x00,0x35,0x39,0x29,0x00,0x2C,0x33,0x39,0x3A,0x29,0xDD,0xFD,0xF3,0x35,0x0C,0x29,
0x31,0xE5,0xE5,0xE5,0x00,0x29,0x37,0x35,0x39,0x29,0x27,0x25,0xE5,0xFD,0x20,0x33,
0x39,0x00,0x31,0x29,0x32,0x27,0x2D,0x33,0x32,0x25,0x36,0xFC,0x2D,0x37,0x37,0x33,
0x00,0x28,0x29,0x00,0x32,0x33,0x3A,0x33,0xFC,0x35,0x39,0x25,0x32,0x28,0x33,0x00,
0x27,0x2C,0x29,0x2B,0x25,0x36,0x00,0x25,0x00,0x2C,0x33,0x36,0x25,0xE5,0xFD,0x19,
0x00,0x35,0x39,0x29,0x00,0x2D,0x31,0x34,0x33,0x36,0x38,0x25,0xFC,0x29,0x2C,0x00,
0x33,0x00,0x27,0x33,0x36,0x25,0x27,0x25,0x33,0xE5,0xFC,0x18,0x25,0x33,0x00,0x33,
0x00,0x27,0x33,0x36,0x34,0x33,0xE5,0xE5,0xE5,0xFF,0xF3,0x04,0x19,0x00,0x27,0x33,
0x36,0x25,0x27,0x25,0x33,0xDD,0xFD,0xE5,0xE5,0xE5,0xFF,
};
alignas(16) inline constexpr uint16_t mmz3_msg0D_script_offsets[] = {
0x0000,0x0094,0x00A5,0x01E9,0x0240,0x02AC,
};
constexpr int mmz3_msg0D_num_entries = 6;
alignas(16) inline constexpr uint8_t mmz3_msg0D_script_data[] = {
0xF3,0x64,0x19,0x34,0x29,0x36,0x25,0x28,0x33,0x36,0x25,0xD9,0xFC,0x19,0x00,0x32,
0x39,0x27,0x30,0x29,0x33,0x00,0x28,0x25,0xFC,0x2D,0x32,0x37,0x38,0x25,0x30,0x25,
0x27,0x25,0x33,0xFD,0x25,0x2D,0x32,0x28,0x25,0x00,0x32,0x25,0x33,0x00,0x2A,0x33,
0x2D,0xFC,0x25,0x38,0x2D,0x3A,0x25,0x28,0x33,0xE5,0xFD,0x1E,0x29,0x36,0x29,0x31,
0x33,0x37,0x00,0x35,0x39,0x29,0xFC,0x25,0x38,0x2D,0x3A,0x25,0x36,0x00,0x33,0x00,
0x32,0x39,0x27,0x30,0x29,0x33,0xFC,0x29,0x00,0x36,0x29,0x37,0x38,0x25,0x26,0x29,
0x30,0x29,0x27,0x29,0x36,0xFD,0x25,0x37,0x00,0x33,0x34,0x29,0x36,0x25,0x27,0x33,
0x29,0x37,0xFC,0x34,0x25,0x36,0x25,0x00,0x29,0x32,0x38,0x36,0x25,0x36,0x00,0x32,
0x25,0x37,0xFC,0x25,0x36,0x29,0x25,0x37,0x00,0x34,0x36,0x33,0x2A,0x39,0x32,0x28,
0x25,0x37,0xE5,0xFF,0xF3,0x04,0x19,0x00,0x35,0x39,0x29,0x00,0x29,0x2C,0x00,0x2D,
0x37,0x37,0x33,0xDD,0xFF,0xF3,0x1F,0x12,0x2D,0x2C,0x2D,0x2C,0x2D,0xE5,0xE5,0xE5,
0xFD,0x0F,0x2D,0xCA,0x00,0x20,0x33,0x27,0x29,0x00,0x32,0x25,0x33,0xFC,0x28,0x29,
0x3A,0x2D,0x25,0x00,0x3A,0x29,0x36,0x00,0x29,0x37,0x38,0x29,0xFC,0x30,0x39,0x2B,
0x25,0x36,0xE5,0xFD,0xF3,0x04,0xE5,0xE5,0xE5,0xFD,0xF3,0x1F,0x0F,0x37,0x38,0x25,
0x00,0x29,0x2C,0x00,0x39,0x31,0x25,0xFC,0x2A,0x25,0x26,0x36,0x2D,0x27,0x25,0x00,
0x28,0x29,0x00,0x27,0x33,0x34,0x2D,0x25,0x37,0xFC,0x28,0x33,0x00,0x0E,0x25,0x36,
0x2F,0x00,0x0F,0x30,0x2A,0xE5,0xFD,0x1E,0x29,0x31,0x33,0x37,0x00,0x27,0x33,0x34,
0x2D,0x25,0x37,0xFC,0x28,0x33,0x00,0x0E,0x25,0x36,0x2F,0x00,0x0F,0x30,0x2A,0xFC,
0x28,0x33,0x36,0x31,0x2D,0x32,0x28,0x33,0x00,0x25,0x35,0x39,0x2D,0xE5,0xFD,0x0F,
0x31,0x00,0x33,0x39,0x38,0x36,0x25,0x37,0x00,0x34,0x25,0x30,0x25,0x3A,0x36,0x25,
0x37,0xE8,0xFC,0x0F,0x30,0x2A,0x33,0x37,0x00,0x0C,0x29,0x26,0x29,0x37,0xE5,0xFD,
0x1D,0x29,0x30,0x25,0x31,0x33,0x37,0x00,0x25,0x00,0x2A,0x25,0x26,0x36,0x2D,0x27,
0x25,0xFC,0x34,0x25,0x36,0x25,0x00,0x35,0x39,0x29,0x00,0x32,0x2D,0x32,0x2B,0x39,
0x29,0x31,0xFC,0x37,0x39,0x37,0x34,0x29,0x2D,0x38,0x25,0x37,0x37,0x29,0xE5,0xFD,
0x0B,0x2B,0x33,0x36,0x25,0x00,0x37,0x2D,0x31,0x00,0x3A,0x33,0x27,0x29,0xFC,0x29,
0x37,0x38,0x36,0x25,0x2B,0x33,0x39,0x00,0x38,0x39,0x28,0x33,0xCA,0xFD,0x1E,0x29,
0x36,0x29,0x2D,0x00,0x35,0x39,0x29,0xFC,0x2B,0x25,0x36,0x25,0x32,0x38,0x2D,0x36,
0x00,0x35,0x39,0x29,0xFC,0x3A,0x33,0x27,0x29,0x00,0x2B,0x39,0x25,0x36,0x28,0x29,
0xFD,0x37,0x2D,0x30,0x29,0x32,0x27,0x2D,0x33,0x00,0x37,0x33,0x26,0x36,0x29,0xFC,
0x2D,0x37,0x37,0x33,0xE5,0xE5,0xE5,0xFD,0xE5,0xE5,0xE5,0x1A,0x25,0x36,0x25,0x00,
0x37,0x29,0x31,0xD6,0x34,0x36,0x29,0xCA,0xFF,0xF3,0x0F,0x1D,0x33,0x39,0x00,0x0D,
0x39,0x26,0x2D,0x38,0x00,0x10,0x33,0x3C,0x38,0x25,0x36,0xE8,0xFC,0x31,0x29,0x31,
0x26,0x36,0x33,0x00,0x28,0x33,0x37,0xFC,0x18,0x39,0x31,0x26,0x29,0x36,0x37,0x00,
0x28,0x29,0x00,0x21,0x29,0x2D,0x30,0xE5,0xFD,0x20,0x33,0x39,0x00,0x2B,0x25,0x36,
0x25,0x32,0x38,0x2D,0x36,0x00,0x35,0x39,0x29,0xFC,0x3A,0x33,0x27,0x29,0x00,0x32,
0x39,0x32,0x27,0x25,0x00,0x31,0x25,0x2D,0x37,0xFC,0x2A,0x25,0x30,0x29,0xCA,0xFF,
0xF3,0x0E,0x12,0x2D,0x2C,0x2D,0x2C,0x2D,0xCA,0x00,0x13,0x37,0x37,0x33,0x00,0x31,
0x29,0x37,0x31,0x33,0xCA,0xFC,0x20,0x29,0x2E,0x25,0x00,0x33,0x00,0x35,0x39,0x29,
0x00,0x25,0x27,0x33,0x32,0x38,0x29,0x27,0x29,0xFC,0x27,0x33,0x31,0x00,0x33,0x37,
0x00,0x27,0x39,0x36,0x2D,0x33,0x37,0x33,0x37,0xCA,0xFD,0x10,0x2D,0x35,0x39,0x29,
0x00,0x27,0x25,0x30,0x31,0x33,0xCA,0x00,0x1E,0x29,0xFC,0x31,0x33,0x37,0x38,0x36,
0x25,0x36,0x29,0x2D,0x00,0x33,0x00,0x27,0x25,0x31,0x2D,0x32,0x2C,0x33,0xFC,0x34,
0x25,0x36,0x25,0x00,0x33,0x00,0x25,0x30,0x29,0x31,0xE5,0xFF,0xF3,0x0E,0x1D,0x29,
0x00,0x29,0x39,0x00,0x2A,0x33,0x36,0x00,0x28,0x29,0x36,0x36,0x33,0x38,0x25,0x28,
0x33,0xE8,0xFC,0x29,0x37,0x38,0x25,0x00,0x37,0x25,0x30,0x25,0x00,0x28,0x29,0x2D,
0x3C,0x25,0x36,0x25,0xFC,0x28,0x29,0x00,0x2A,0x39,0x32,0x27,0x2D,0x33,0x32,0x25,
0x36,0xE8,0xFD,0x29,0x00,0x38,0x33,0x28,0x25,0x37,0x00,0x25,0x37,0xFC,0x27,0x33,
0x34,0x2D,0x25,0x37,0x00,0x31,0x33,0x36,0x36,0x29,0x36,0x25,0x33,0xE5,0xE5,0xE5,
0xFD,0x18,0x25,0x33,0x00,0x2C,0x25,0x3A,0x29,0x36,0x25,0x00,0x34,0x36,0x33,0x3A,
0x25,0x37,0xE5,0xFC,0x18,0x2D,0x32,0x2B,0x39,0x29,0x31,0x00,0x37,0x25,0x26,0x29,
0x36,0x25,0x00,0x25,0xFC,0x3A,0x29,0x36,0x28,0x25,0x28,0x29,0xE5,0xFD,0x0F,0x00,
0x25,0x30,0x29,0x31,0x00,0x28,0x2D,0x37,0x37,0x33,0xE5,0xE5,0xE5,0xFD,0x18,0x25,
0x00,0x3A,0x29,0x36,0x28,0x25,0x28,0x29,0x00,0x32,0x25,0x33,0xFC,0x34,0x36,0x29,
0x27,0x2D,0x37,0x25,0x31,0x33,0x37,0x00,0x28,0x33,0x37,0xFC,0x0F,0x30,0x2A,0x33,
0x37,0x00,0x0C,0x29,0x26,0x29,0x37,0xE5,0xFD,0x1D,0x33,0x00,0x33,0x00,0x0E,0x25,
0x36,0x2F,0x00,0x0F,0x30,0x2A,0xFC,0x26,0x25,0x37,0x38,0x25,0x36,0x25,0x00,0x34,
0x25,0x36,0x25,0xFC,0x27,0x39,0x2D,0x28,0x25,0x36,0x00,0x28,0x33,0x37,0xFD,0x1C,
0x29,0x34,0x30,0x33,0x2D,0x28,0x37,0xE5,0xE5,0xE5,0xFD,0x14,0x25,0x00,0x34,0x33,
0x37,0x37,0x33,0x00,0x3A,0x29,0x36,0xE5,0xE5,0xE5,0xFC,0x19,0x00,0x2A,0x39,0x38,
0x39,0x36,0x33,0x00,0x26,0x36,0x2D,0x30,0x2C,0x25,0x32,0x38,0x29,0xE8,0xFC,0x33,
0x00,0x32,0x33,0x3A,0x33,0xFD,0x31,0x39,0x32,0x28,0x33,0x00,0x35,0x39,0x29,0xFC,
0x16,0x33,0x36,0x28,0x00,0x21,0x29,0x2D,0x30,0x00,0x29,0x37,0x38,0x25,0xFC,0x34,
0x36,0x29,0x37,0x38,0x29,0x37,0x00,0x25,0x00,0x27,0x36,0x2D,0x25,0x36,0xE5,0xE5,
0xE5,0xFD,0x0F,0x00,0x38,0x25,0x31,0x26,0x29,0x31,0x00,0x3A,0x29,0x2E,0x33,0xFC,
0x3A,0x33,0x27,0x29,0x00,0x25,0x2A,0x39,0x32,0x28,0x25,0x32,0x28,0x33,0xFC,0x32,
0x25,0x37,0x00,0x34,0x36,0x33,0x2A,0x39,0x32,0x28,0x29,0x3E,0x25,0x37,0xFD,0x28,
0x33,0x00,0x28,0x29,0x37,0x29,0x37,0x34,0x29,0x36,0x33,0xE5,0xFD,0x12,0x2D,0x2C,
0x2D,0x2C,0x2D,0x2D,0x2D,0x2D,0xCA,0xFF,
};
alignas(16) inline constexpr uint16_t mmz3_msg0E_script_offsets[] = {
0x0000,0x00A1,0x00B1,0x0162,0x01C9,0x0201,0x0281,0x02F1,

};
constexpr int mmz3_msg0E_num_entries = 8;
alignas(16) inline constexpr uint8_t mmz3_msg0E_script_data[] = {
0xF3,0x6D,0x0B,0x2C,0xE8,0x00,0x1D,0x36,0xE5,0x00,0x24,0x29,0x36,0x33,0xCA,0xFD,
0x19,0x00,0x2D,0x32,0x2D,0x31,0x2D,0x2B,0x33,0x00,0x29,0x37,0x38,0x25,0xFC,0x29,
0x37,0x34,0x29,0x36,0x25,0x32,0x28,0x33,0x00,0x29,0x31,0x00,0x39,0x31,0x25,0xFC,
0x29,0x31,0x26,0x33,0x37,0x27,0x25,0x28,0x25,0x00,0x25,0x28,0x2D,0x25,0x32,0x38,
0x29,0xE5,0xE5,0xE5,0xFD,0x18,0x25,0x33,0x00,0x2C,0x25,0x00,0x27,0x33,0x31,0x33,
0xFC,0x27,0x33,0x32,0x37,0x29,0x2B,0x39,0x2D,0x36,0x31,0x33,0x37,0xFC,0x25,0x26,
0x36,0x2D,0x36,0x00,0x27,0x25,0x31,0x2D,0x32,0x2C,0x33,0xE5,0xFD,0x1D,0x36,0xE5,
0x00,0x24,0x29,0x36,0x33,0xE8,0x00,0x37,0x29,0x00,0x34,0x39,0x28,0x29,0x36,0xFC,
0x25,0x26,0x36,0x2D,0x36,0x00,0x27,0x25,0x31,0x2D,0x32,0x2C,0x33,0xE8,0xFC,0x32,
0x33,0x37,0x00,0x33,0x00,0x37,0x29,0x2B,0x39,0x2D,0x36,0x29,0x31,0x33,0x37,0xE5,
0xFF,0xF3,0x04,0x13,0x37,0x37,0x33,0x00,0x29,0x2C,0x00,0x38,0x39,0x28,0x33,0xDD,
0xFF,0xF3,0x21,0x12,0x25,0xCA,0xFD,0x0F,0x37,0x37,0x29,0x00,0x27,0x33,0x32,0x38,
0x29,0x2D,0x32,0x29,0x36,0xFC,0x29,0x37,0x38,0x25,0x3A,0x25,0x00,0x32,0x25,0x00,
0x32,0x25,0x3A,0x29,0xFC,0x28,0x33,0x00,0x19,0x31,0x29,0x2B,0x25,0xE5,0x00,0x0F,
0x32,0x38,0x25,0x33,0xFD,0x27,0x33,0x31,0x33,0x00,0x3A,0x29,0xE8,0x00,0x32,0x33,
0x37,0xFC,0x34,0x29,0x36,0x38,0x29,0x32,0x27,0x29,0xE5,0xFD,0x19,0x00,0x2C,0x29,
0x36,0x33,0x2D,0xFC,0x30,0x29,0x32,0x28,0x25,0x36,0x2D,0x33,0x00,0x28,0x29,0x27,
0x25,0x2D,0x39,0xFC,0x25,0x33,0x00,0x36,0x33,0x39,0x26,0x33,0xDD,0xFD,0x1B,0x39,
0x29,0x00,0x28,0x29,0x34,0x30,0x33,0x36,0x25,0x3A,0x29,0x30,0xE5,0xFD,0x0D,0x33,
0x31,0x33,0x00,0x36,0x29,0x2D,0x00,0x28,0x25,0x37,0xFC,0x1A,0x30,0x25,0x32,0x2D,
0x27,0x2D,0x29,0x37,0x00,0x18,0x29,0x3A,0x25,0x28,0x25,0x37,0xE8,0xFC,0x29,0x39,
0x00,0x2E,0x39,0x30,0x2B,0x33,0x00,0x37,0x29,0x39,0x00,0x27,0x36,0x2D,0x31,0x29,
0xE5,0xFF,0xF3,0x11,0x0F,0x39,0xE8,0x00,0x11,0x30,0x25,0x27,0x2D,0x29,0x36,0x00,
0x16,0x29,0xFC,0x0D,0x25,0x27,0x38,0x25,0x32,0x2F,0xE8,0x00,0x28,0x33,0x37,0xFC,
0x18,0x39,0x31,0x26,0x29,0x36,0x37,0x00,0x28,0x29,0x00,0x21,0x29,0x2D,0x30,0xE8,
0xFD,0x27,0x2C,0x29,0x2B,0x39,0x29,0x2D,0x00,0x25,0xFC,0x39,0x31,0x00,0x3A,0x29,
0x36,0x29,0x28,0x2D,0x38,0x33,0xE5,0xFD,0x0B,0x00,0x34,0x39,0x32,0x2D,0x27,0x25,
0x33,0x00,0x34,0x33,0x36,0xFC,0x36,0x33,0x39,0x26,0x25,0x36,0x00,0x29,0x2C,0x00,
0x25,0x00,0x31,0x33,0x36,0x38,0x29,0xCA,0xFF,0xF3,0x10,0x12,0x25,0xCA,0xFD,0x1C,
0x29,0x2A,0x30,0x2D,0x38,0x25,0x00,0x37,0x33,0x26,0x36,0x29,0x00,0x37,0x29,0x39,
0x37,0xFC,0x34,0x29,0x27,0x25,0x28,0x33,0x37,0x00,0x37,0x33,0x26,0x00,0x25,0x00,
0x32,0x29,0x3A,0x29,0xFC,0x37,0x2D,0x30,0x29,0x32,0x27,0x2D,0x33,0x37,0x25,0xCA,
0xFF,0xF3,0x10,0x19,0x2C,0xE5,0xE5,0xE5,0x00,0x34,0x33,0x36,0xE5,0xE5,0xE5,0xFD,
0x18,0x25,0x33,0x00,0x26,0x25,0x37,0x38,0x25,0xFC,0x36,0x33,0x39,0x26,0x25,0x36,
0xE8,0x00,0x3A,0x33,0x27,0x29,0xFC,0x38,0x25,0x31,0x26,0x29,0x31,0x00,0x28,0x29,
0x37,0x25,0x2A,0x2D,0x25,0xFD,0x16,0x33,0x36,0x28,0x00,0x21,0x29,0x2D,0x30,0xCA,
0xDD,0xFD,0x0B,0x00,0x32,0x33,0x3A,0x25,0x00,0x33,0x36,0x28,0x29,0x31,0x00,0x28,
0x29,0xFC,0x16,0x33,0x36,0x28,0x00,0x21,0x29,0x2D,0x30,0x00,0x28,0x2D,0x38,0x25,
0x36,0x25,0xFC,0x37,0x29,0x32,0x38,0x29,0x32,0x27,0x25,0x00,0x37,0x33,0x26,0x36,
0x29,0x00,0x3A,0x33,0x27,0x29,0xCA,0xFD,0x0B,0x36,0x36,0x36,0x36,0x2B,0x2C,0xCA,
0xFF,0xF3,0x6D,0x0F,0x32,0x27,0x33,0x32,0x38,0x36,0x25,0x31,0x33,0x37,0x00,0x28,
0x25,0x28,0x33,0x37,0xFC,0x28,0x29,0x32,0x38,0x36,0x33,0x00,0x28,0x33,0xFC,0x27,
0x33,0x32,0x38,0x29,0x2D,0x32,0x29,0x36,0xCA,0xFD,0x1D,0x36,0xE5,0x00,0x24,0x29,
0x36,0x33,0xCA,0xFC,0x1C,0x29,0x27,0x39,0x34,0x29,0x36,0x25,0x31,0x33,0x37,0xFC,
0x38,0x33,0x28,0x33,0x37,0x00,0x33,0x37,0x00,0x28,0x25,0x28,0x33,0x37,0xCA,0xFD,
0x0D,0x33,0x32,0x38,0x2D,0x32,0x39,0x25,0x36,0x29,0x2D,0xFC,0x26,0x39,0x37,0x27,
0x25,0x32,0x28,0x33,0xFC,0x31,0x25,0x2D,0x37,0x00,0x28,0x25,0x28,0x33,0x37,0xE5,
0xFF,0xF3,0x00,0x19,0x34,0x29,0x36,0x25,0x28,0x33,0x36,0x25,0xD9,0x00,0x17,0x2D,
0x37,0x37,0x25,0x33,0x00,0x27,0x39,0x31,0x34,0x36,0x2D,0x28,0x25,0xE5,0xFD,0x13,
0x32,0x2D,0x27,0x2D,0x25,0x32,0x28,0x33,0x00,0x38,0x36,0x25,0x32,0x37,0x2A,0x29,
0x36,0x29,0x32,0x27,0x2D,0x25,0xE5,0xFF,
};
alignas(16) inline constexpr uint16_t mmz3_msg0F_script_offsets[] = {
0x0000,0x0088,0x0147,0x0169,0x01B0,0x01CE,0x01EC,0x01FA,
0x020E,0x0269,0x02C5,0x0324,0x0390,0x03DC,0x0448,0x0493,
0x0503,0x053B,0x055B,0x057C,0x05A0,0x05CC,0x0685,0x06DC,
0x07A3,0x07FB,0x09E3,0x0A65,0x0CB4,
};
constexpr int mmz3_msg0F_num_entries = 29;
alignas(16) inline constexpr uint8_t mmz3_msg0F_script_data[] = {
0xF3,0x64,0x19,0x34,0x29,0x36,0x25,0x28,0x33,0x36,0x25,0xD9,0xFC,0x1A,0x36,0x2D,
0x31,0x29,0x2D,0x36,0x33,0xE8,0x00,0x34,0x33,0x36,0x00,0x2A,0x25,0x3A,0x33,0x36,
0xFC,0x3A,0x25,0x00,0x34,0x25,0x36,0x25,0x00,0x25,0x00,0x1D,0x25,0x30,0x25,0xFD,
0x28,0x29,0x00,0x0E,0x25,0x28,0x33,0x37,0xE5,0x00,0x0F,0x37,0x37,0x29,0xFC,0x30,
0x39,0x2B,0x25,0x36,0x00,0x38,0x29,0x31,0x00,0x25,0xFC,0x31,0x25,0x2D,0x33,0x36,
0x00,0x34,0x36,0x33,0x26,0x25,0x26,0x2D,0x30,0x2D,0x28,0x25,0x28,0x29,0xFD,0x28,
0x29,0x00,0x27,0x33,0x32,0x38,0x29,0x36,0xFC,0x2D,0x32,0x2A,0x33,0x36,0x31,0x25,
0x27,0x25,0x33,0x00,0x37,0x33,0x26,0x36,0x29,0xFC,0x21,0x29,0x2D,0x30,0x00,0x29,
0x00,0x19,0x31,0x29,0x2B,0x25,0xE5,0xFF,0xF3,0x64,0x19,0x34,0x29,0x36,0x25,0x28,
0x33,0x36,0x25,0xD9,0xFC,0x0F,0x37,0x38,0x25,0x00,0x29,0x2C,0x00,0x25,0x00,0x1D,
0x25,0x30,0x25,0xFC,0x28,0x29,0x00,0x0E,0x25,0x28,0x33,0x37,0xE5,0xFD,0x0C,0x39,
0x37,0x35,0x39,0x29,0x00,0x2D,0x32,0x2A,0x33,0x36,0x31,0x25,0x27,0x25,0x33,0xFC,
0x37,0x33,0x26,0x36,0x29,0x00,0x21,0x29,0x2D,0x30,0x00,0x32,0x29,0x37,0x37,0x29,
0xFC,0x27,0x33,0x32,0x37,0x33,0x30,0x29,0xE5,0xFD,0x0E,0x29,0x34,0x33,0x2D,0x37,
0x00,0x28,0x29,0x00,0x26,0x39,0x37,0x27,0x25,0x36,0xE8,0xFC,0x37,0x29,0x36,0x25,
0x00,0x31,0x33,0x37,0x38,0x36,0x25,0x28,0x25,0x00,0x25,0x00,0x30,0x33,0x27,0x25,
0x30,0x2D,0x3E,0x25,0xD6,0xFC,0x27,0x25,0x33,0x00,0x28,0x33,0x37,0x00,0x28,0x25,
0x28,0x33,0x37,0xE5,0xFD,0x1A,0x33,0x36,0x00,0x2A,0x25,0x3A,0x33,0x36,0xE8,0x00,
0x3A,0x25,0x00,0x34,0x25,0x36,0x25,0xFC,0x29,0x37,0x37,0x25,0x00,0x25,0x36,0x29,
0x25,0x00,0x29,0x00,0x36,0x29,0x27,0x39,0x34,0x29,0x36,0x29,0xFC,0x33,0x37,0x00,
0x28,0x25,0x28,0x33,0x37,0xE5,0xFF,0xF3,0x00,0x1A,0x36,0x29,0x37,0x37,0x2D,0x33,
0x32,0x29,0x00,0x0D,0x2D,0x31,0x25,0x00,0x32,0x33,0x00,0xD4,0x0D,0x33,0x32,0x38,
0x36,0x33,0x30,0x00,0x1A,0x25,0x28,0xE5,0xFF,0xF3,0x04,0x1B,0x39,0x25,0x38,0x36,
0x33,0xFC,0x27,0x33,0x36,0x36,0x29,0x37,0x34,0x33,0x32,0x28,0x29,0x32,0x27,0x2D,
0x25,0x37,0xE5,0xE5,0xE5,0xFD,0x21,0x29,0x2D,0x30,0xE8,0x00,0x19,0x31,0x29,0x2B,
0x25,0xE8,0xFC,0x0E,0x25,0x36,0x2F,0x00,0x0F,0x30,0x2A,0xE8,0xFC,0x11,0x39,0x29,
0x36,0x36,0x25,0x37,0x00,0x0F,0x30,0x2A,0x2D,0x27,0x25,0x37,0xE5,0xE5,0xE5,0xFF,
0xF3,0x04,0x1E,0x36,0x29,0x37,0x00,0x27,0x33,0x36,0x36,0x29,0x37,0x34,0x33,0x32,
0x28,0x29,0x32,0x27,0x2D,0x25,0x37,0xFC,0x31,0x25,0x2D,0x37,0xE5,0xFF,0xF3,0x04,
0x0E,0x39,0x25,0x37,0x00,0x27,0x33,0x36,0x36,0x29,0x37,0x34,0x33,0x32,0x28,0x29,
0x32,0x27,0x2D,0x25,0x37,0xFC,0x31,0x25,0x2D,0x37,0xE5,0xFF,0xF3,0x04,0x0B,0x00,
0x39,0x30,0x38,0x2D,0x31,0x25,0xE5,0xE5,0xE5,0xFF,0xF3,0x6A,0x1D,0x29,0x30,0x29,
0x27,0x2D,0x33,0x32,0x25,0x36,0x00,0x26,0x39,0x37,0x27,0x25,0xE5,0xFF,0xF3,0x6A,
0x0B,0x36,0x29,0x25,0x00,0x27,0x33,0x31,0x00,0x28,0x25,0x28,0x33,0x37,0xFC,0x28,
0x29,0x00,0x21,0x29,0x2D,0x30,0x00,0x29,0x32,0x27,0x33,0x32,0x38,0x36,0x25,0x28,
0x25,0xE5,0xFD,0x1A,0x25,0x36,0x25,0x00,0x26,0x39,0x37,0x27,0x25,0x36,0x00,0x31,
0x25,0x2D,0x37,0xFC,0x2D,0x32,0x2A,0x33,0x36,0x31,0x25,0x27,0x25,0x33,0xE8,0x00,
0x39,0x37,0x29,0xFC,0x33,0x00,0x27,0x33,0x32,0x37,0x33,0x30,0x29,0x00,0x33,0x39,
0x38,0x36,0x25,0x00,0x3A,0x29,0x3E,0xE5,0xFF,0xF3,0x6A,0x0B,0x36,0x29,0x25,0x00,
0x27,0x33,0x31,0x00,0x28,0x25,0x28,0x33,0x37,0xFC,0x28,0x29,0x00,0x19,0x31,0x29,
0x2B,0x25,0x00,0x29,0x32,0x27,0x33,0x32,0x38,0x36,0x25,0x28,0x25,0xE5,0xFD,0x1A,
0x25,0x36,0x25,0x00,0x26,0x39,0x37,0x27,0x25,0x36,0x00,0x31,0x25,0x2D,0x37,0xFC,
0x2D,0x32,0x2A,0x33,0x36,0x31,0x25,0x27,0x25,0x33,0xE8,0x00,0x39,0x37,0x29,0xFC,
0x33,0x00,0x27,0x33,0x32,0x37,0x33,0x30,0x29,0x00,0x33,0x39,0x38,0x36,0x25,0x00,
0x3A,0x29,0x3E,0xE5,0xFF,0xF3,0x6A,0x0B,0x36,0x29,0x25,0x00,0x27,0x33,0x31,0x00,
0x28,0x25,0x28,0x33,0x37,0xFC,0x28,0x33,0x00,0x0E,0x25,0x36,0x2F,0x00,0x0F,0x30,
0x2A,0x00,0x29,0x32,0x27,0x33,0x32,0x38,0x36,0x25,0x28,0x25,0xE5,0xFD,0x1A,0x25,
0x36,0x25,0x00,0x26,0x39,0x37,0x27,0x25,0x36,0x00,0x31,0x25,0x2D,0x37,0xFC,0x2D,
0x32,0x2A,0x33,0x36,0x31,0x25,0x27,0x25,0x33,0xE8,0x00,0x39,0x37,0x29,0xFC,0x33,
0x00,0x27,0x33,0x32,0x37,0x33,0x30,0x29,0x00,0x33,0x39,0x38,0x36,0x25,0x00,0x3A,
0x29,0x3E,0xE5,0xFF,0xF3,0x6A,0x0B,0x36,0x29,0x25,0x00,0x27,0x33,0x31,0x00,0x28,
0x25,0x28,0x33,0x37,0xFC,0x37,0x33,0x26,0x36,0x29,0x00,0x25,0x37,0x00,0x11,0x39,
0x29,0x36,0x36,0x25,0x37,0xFC,0x0F,0x30,0x2A,0x2D,0x27,0x25,0x37,0x00,0x29,0x32,
0x27,0x33,0x32,0x38,0x36,0x25,0x28,0x25,0xE5,0xFD,0x1A,0x25,0x36,0x25,0x00,0x26,
0x39,0x37,0x27,0x25,0x36,0x00,0x31,0x25,0x2D,0x37,0xFC,0x2D,0x32,0x2A,0x33,0x36,
0x31,0x25,0x27,0x25,0x33,0xE8,0x00,0x39,0x37,0x29,0xFC,0x33,0x00,0x27,0x33,0x32,
0x37,0x33,0x30,0x29,0x00,0x33,0x39,0x38,0x36,0x25,0x00,0x3A,0x29,0x3E,0xE5,0xFF,
0xF3,0x23,0x1B,0x39,0x29,0x31,0x00,0x33,0x39,0x37,0x25,0xFC,0x2D,0x32,0x3A,0x25,
0x28,0x2D,0x36,0x00,0x31,0x29,0x39,0xFC,0x38,0x29,0x36,0x36,0x2D,0x38,0x33,0x36,
0x2D,0x33,0xDD,0xFD,0xE5,0xE5,0xE5,0x24,0xD6,0x24,0x29,0x36,0x33,0xCA,0x00,0x12,
0x29,0x2C,0x29,0x2C,0xCA,0xFC,0x0F,0x32,0x38,0x25,0x33,0x00,0x29,0x2C,0x00,0x3A,
0x33,0x27,0x29,0xCA,0xFC,0x12,0x29,0x2C,0x29,0x2C,0xCA,0xFF,0xF3,0x13,0x1D,0x33,
0x39,0x00,0x20,0x33,0x30,0x38,0x29,0x29,0x30,0xFC,0x0C,0x2D,0x26,0x30,0x2D,0x33,
0xE8,0x00,0x28,0x33,0x37,0xFC,0x18,0x39,0x31,0x26,0x29,0x36,0x37,0x00,0x28,0x29,
0x00,0x21,0x29,0x2D,0x30,0xE5,0xFD,0x19,0x00,0x35,0x39,0x29,0x00,0x29,0x2C,0x00,
0x2D,0x37,0x37,0x33,0x00,0x35,0x39,0x29,0xFC,0x3A,0x33,0x27,0x29,0x00,0x38,0x29,
0x31,0x00,0x25,0x2D,0xDD,0xFD,0x0E,0x29,0x3A,0x33,0x30,0x3A,0x25,0xD6,0x31,0x29,
0xFC,0x29,0x37,0x37,0x29,0x37,0x00,0x28,0x25,0x28,0x33,0x37,0xCA,0xFC,0x0B,0x2B,
0x33,0x33,0x33,0x33,0x36,0x25,0xCA,0xFF,0xF3,0x12,0x12,0x29,0x2C,0x29,0x2C,0x29,
0x2C,0x29,0x2C,0xCA,0xFD,0x20,0x33,0x27,0x29,0x00,0x32,0x25,0x33,0x00,0x34,0x33,
0x28,0x29,0x00,0x38,0x29,0x36,0xFC,0x29,0x37,0x38,0x29,0x37,0x00,0x28,0x25,0x28,
0x33,0x37,0xCA,0x00,0xFD,0x18,0x3D,0x25,0x2C,0x00,0x32,0x3D,0x25,0x2C,0x00,0x32,
0x3D,0x25,0x2C,0x00,0xFC,0x32,0x3D,0x25,0x25,0x25,0x25,0x2C,0x00,0x32,0x3D,0x25,
0x2C,0xCA,0xFF,0xF3,0x12,0x1B,0x39,0x25,0x30,0x00,0x29,0x2C,0x00,0x33,0x00,0x37,
0x29,0x39,0x00,0x34,0x36,0x33,0x26,0x30,0x29,0x31,0x25,0xDD,0xCA,0xFD,0x20,0x33,
0x27,0x29,0x00,0x37,0x29,0x00,0x33,0x34,0x33,0x29,0x00,0x25,0x00,0x16,0x33,0x36,
0x28,0xFC,0x21,0x29,0x2D,0x30,0xDD,0xCA,0x00,0x18,0x25,0x33,0x00,0x38,0x29,0x31,
0xFC,0x31,0x29,0x28,0x33,0x00,0x28,0x29,0x30,0x29,0xDD,0xCA,0xFD,0x20,0xD6,0x3A,
0x33,0x27,0x29,0x00,0x29,0x37,0x38,0x25,0x00,0x30,0x33,0x39,0x27,0x33,0xCA,0xFD,
0x0B,0x25,0x25,0x25,0x25,0x25,0x36,0x36,0x36,0x2B,0x2B,0x2B,0x2C,0x2C,0x2C,0xCA,
0xCA,0xCA,0xFF,0xF3,0x00,0x19,0x34,0x29,0x36,0x25,0x28,0x33,0x36,0x25,0xD9,0x00,
0x17,0x2D,0x37,0x37,0x25,0x33,0xFC,0x27,0x33,0x32,0x27,0x30,0x39,0x2D,0x28,0x25,
0xE5,0x00,0x13,0x32,0x2D,0x27,0x2D,0x25,0x32,0x28,0x33,0xFC,0x38,0x36,0x25,0x32,
0x37,0x2A,0x29,0x36,0x29,0x32,0x27,0x2D,0x25,0xE5,0xFF,0xF3,0x00,0x20,0x33,0x27,
0x29,0x00,0x33,0x26,0x38,0x29,0x3A,0x29,0x00,0x33,0x37,0x00,0x28,0x25,0x28,0x33,
0x37,0xFD,0x28,0x29,0x00,0x21,0x29,0x2D,0x30,0xCA,0xFF,0xF3,0x00,0x20,0x33,0x27,
0x29,0x00,0x33,0x26,0x38,0x29,0x3A,0x29,0x00,0x33,0x37,0x00,0x28,0x25,0x28,0x33,
0x37,0xFD,0x28,0x29,0x00,0x19,0x31,0x29,0x2B,0x25,0xCA,0xFF,0xF3,0x00,0x20,0x33,
0x27,0x29,0x00,0x33,0x26,0x38,0x29,0x3A,0x29,0x00,0x33,0x37,0x00,0x28,0x25,0x28,
0x33,0x37,0xFD,0x28,0x33,0x00,0x0E,0x25,0x36,0x2F,0x00,0x0F,0x30,0x2A,0xCA,0xFF,
0xF3,0x00,0x20,0x33,0x27,0x29,0x00,0x33,0x26,0x38,0x29,0x3A,0x29,0x00,0x33,0x37,
0x00,0x28,0x25,0x28,0x33,0x37,0xFD,0x28,0x25,0x37,0x00,0x11,0x39,0x29,0x36,0x36,
0x25,0x37,0x00,0x0F,0x30,0x2A,0x2D,0x27,0x25,0x37,0xCA,0xFF,0xF3,0x04,0x0B,0x36,
0x35,0x39,0x2D,0x3A,0x33,0x00,0xCC,0x07,0x06,0x01,0x04,0x03,0x07,0xFC,0xDB,0xDB,
0x00,0x0E,0x36,0xE5,0x00,0x21,0x29,0x2D,0x30,0x00,0xDB,0xDB,0xFD,0x19,0x36,0x2D,
0x2B,0x2D,0x32,0x25,0x36,0x2D,0x33,0x00,0x28,0x29,0xFC,0x18,0x29,0x33,0x00,0x0B,
0x36,0x27,0x25,0x28,0x2D,0x25,0xE5,0xE5,0xE5,0xFD,0x0D,0x36,0x2D,0x25,0x28,0x33,
0x36,0x00,0x28,0x29,0x00,0x19,0x31,0x29,0x2B,0x25,0xE5,0xE5,0xE5,0xFD,0x0B,0x30,
0x38,0x29,0x36,0x33,0x39,0x00,0x25,0x00,0x17,0x33,0x38,0x2C,0x29,0x36,0xFC,0x0F,
0x30,0x2A,0xE8,0x00,0x2D,0x32,0x2D,0x27,0x2D,0x25,0x32,0x28,0x33,0x00,0x25,0x37,
0xFC,0x11,0x39,0x29,0x36,0x36,0x25,0x37,0x00,0x0F,0x30,0x2A,0x2D,0x27,0x25,0x37,
0xE5,0xE5,0xE5,0xFD,0x0C,0x25,0x32,0x2D,0x28,0x33,0x00,0x28,0x29,0x00,0x18,0x29,
0x33,0xFC,0x0B,0x36,0x27,0x25,0x28,0x2D,0x25,0x00,0x25,0x34,0x33,0x37,0x00,0x25,
0x37,0xFC,0x11,0x39,0x29,0x36,0x36,0x25,0x37,0x00,0x0F,0x30,0x2A,0x2D,0x27,0x25,
0x37,0xE5,0xE5,0xE5,0xFF,0xF3,0x04,0x1D,0x29,0x00,0x34,0x39,0x28,0x29,0x36,0x31,
0x33,0x37,0x00,0x25,0x32,0x25,0x30,0x2D,0x37,0x25,0x36,0xFC,0x29,0x37,0x38,0x29,
0x37,0x00,0x28,0x25,0x28,0x33,0x37,0xE8,0x00,0x38,0x25,0x30,0x3A,0x29,0x3E,0xFC,
0x29,0x32,0x27,0x33,0x32,0x38,0x36,0x29,0x31,0x33,0x37,0x00,0x32,0x33,0x3A,0x25,
0x37,0xFD,0x2D,0x32,0x2A,0x33,0x36,0x31,0x25,0x27,0x33,0x29,0x37,0xFC,0x37,0x33,
0x26,0x36,0x29,0x00,0x21,0x29,0x2D,0x30,0xE5,0xE5,0xE5,0xFF,0xF3,0x04,0x0B,0x36,
0x35,0x39,0x2D,0x3A,0x33,0x00,0xCC,0x09,0x02,0x06,0x02,0x06,0x07,0xFC,0xDB,0xDB,
0x00,0x19,0x31,0x29,0x2B,0x25,0x00,0xDB,0xDB,0xFD,0x19,0x00,0x1C,0x29,0x34,0x30,
0x33,0x2D,0x28,0x00,0x28,0x29,0x2A,0x2D,0x32,0x2D,0xD6,0xFC,0x38,0x2D,0x3A,0x33,
0xE8,0x00,0x27,0x36,0x2D,0x25,0x28,0x33,0x00,0x34,0x29,0x30,0x33,0xFC,0x0E,0x36,
0xE5,0x00,0x21,0x29,0x2D,0x30,0xE5,0xE5,0xE5,0xFD,0x1A,0x33,0x37,0x37,0x39,0x2D,
0x00,0x39,0x31,0x00,0x34,0x33,0x28,0x29,0x36,0xFC,0x2D,0x32,0x27,0x36,0x2D,0x3A,
0x29,0x30,0x00,0x25,0x33,0xFC,0x27,0x33,0x31,0x26,0x2D,0x32,0x25,0x36,0xD6,0x37,
0x29,0x00,0x27,0x33,0x31,0xFD,0x33,0x00,0x0E,0x25,0x36,0x2F,0x00,0x0F,0x30,0x2A,
0xE5,0xFD,0x0C,0x25,0x32,0x2D,0x28,0x33,0x00,0x34,0x25,0x36,0x25,0x00,0x33,0xFC,
0x29,0x37,0x34,0x25,0x27,0x33,0x00,0x29,0x3C,0x38,0x29,0x36,0x2D,0x33,0x36,0xFC,
0x34,0x25,0x36,0x25,0x00,0x29,0x3A,0x2D,0x38,0x25,0x36,0xFD,0x33,0x39,0x38,0x36,
0x25,0x00,0x11,0x39,0x29,0x36,0x36,0x25,0xFC,0x0F,0x30,0x2A,0x2D,0x27,0x25,0xE5,
0xE5,0xE5,0xFF,0xF3,0x04,0x1D,0x29,0x00,0x34,0x39,0x28,0x29,0x36,0x31,0x33,0x37,
0x00,0x25,0x32,0x25,0x30,0x2D,0x37,0x25,0x36,0xFC,0x29,0x37,0x38,0x29,0x37,0x00,
0x28,0x25,0x28,0x33,0x37,0xE8,0x00,0x38,0x25,0x30,0x3A,0x29,0x3E,0xFC,0x29,0x32,
0x27,0x33,0x32,0x38,0x36,0x29,0x31,0x33,0x37,0x00,0x32,0x33,0x3A,0x25,0x37,0xFD,
0x2D,0x32,0x2A,0x33,0x36,0x31,0x25,0x27,0x33,0x29,0x37,0xFC,0x37,0x33,0x26,0x36,
0x29,0x00,0x19,0x31,0x29,0x2B,0x25,0xE5,0xE5,0xE5,0xFF,0xF3,0x04,0x0B,0x36,0x35,
0x39,0x2D,0x3A,0x33,0x00,0xCC,0x04,0x06,0x02,0x09,0x05,0x09,0xFC,0xDB,0xDB,0x00,
0x0E,0x25,0x36,0x2F,0x00,0x0F,0x30,0x2A,0x00,0xDB,0xDB,0xFD,0x0D,0x33,0x32,0x2C,
0x29,0x27,0x2D,0x28,0x25,0xFC,0x33,0x2A,0x2D,0x27,0x2D,0x25,0x30,0x31,0x29,0x32,
0x38,0x29,0x00,0x27,0x33,0x31,0x33,0xFC,0xE9,0x17,0x33,0x38,0x2C,0x29,0x36,0x00,
0x0F,0x30,0x2A,0xE9,0xE5,0xFD,0x0D,0x36,0x2D,0x25,0x28,0x33,0x36,0x00,0x28,0x29,
0x37,0x27,0x33,0x32,0x2C,0x29,0x27,0x2D,0x28,0x33,0xE5,0xFD,0x0F,0x37,0x38,0x29,
0x00,0x0D,0x3D,0x26,0x29,0x36,0xD6,0x29,0x30,0x2A,0x00,0x2A,0x33,0x2D,0xFC,0x27,
0x36,0x2D,0x25,0x28,0x33,0x00,0x33,0x36,0x2D,0x2B,0x2D,0x32,0x25,0x30,0x31,0x29,
0x32,0x38,0x29,0xFC,0x27,0x33,0x31,0x00,0x33,0x00,0x34,0x36,0x33,0x34,0x33,0x37,
0x2D,0x38,0x33,0xFD,0x28,0x29,0x00,0x36,0x29,0x37,0x38,0x25,0x39,0x36,0x25,0x36,
0x00,0x33,0x37,0xFC,0x1A,0x36,0x33,0x2B,0x36,0x25,0x31,0x25,0x37,0x00,0x17,0x25,
0x3A,0x29,0x36,0x2D,0x27,0x2F,0x00,0x25,0x33,0xFC,0x37,0x29,0x39,0x00,0x29,0x37,
0x38,0x25,0x28,0x33,0x00,0x33,0x36,0x2D,0x2B,0x2D,0x32,0x25,0x30,0xE5,0xE5,0xE5,
0xFD,0x17,0x25,0x37,0x00,0x25,0x00,0x17,0x33,0x38,0x2C,0x29,0x36,0x00,0x0F,0x30,
0x2A,0xFC,0x2A,0x33,0x2D,0x00,0x25,0x30,0x38,0x29,0x36,0x25,0x28,0x25,0x00,0x34,
0x29,0x30,0x33,0xFC,0x0E,0x36,0xE5,0x00,0x21,0x29,0x2D,0x30,0x00,0x34,0x25,0x36,
0x25,0xFD,0x34,0x33,0x28,0x29,0x36,0x00,0x31,0x25,0x32,0x2D,0x34,0x39,0x30,0x25,
0x36,0xFC,0x1C,0x29,0x34,0x30,0x33,0x2D,0x28,0x37,0xE8,0xFC,0x36,0x29,0x29,0x37,
0x27,0x36,0x29,0x3A,0x29,0x32,0x28,0x33,0xFD,0x34,0x36,0x33,0x2B,0x36,0x25,0x31,
0x25,0x37,0xFC,0x30,0x2D,0x3A,0x36,0x29,0x31,0x29,0x32,0x38,0x29,0xE5,0xFD,0x0F,
0x31,0x26,0x33,0x36,0x25,0x00,0x33,0x00,0x27,0x33,0x31,0x26,0x25,0x38,0x29,0xFC,
0x33,0x36,0x2B,0x25,0x32,0x2D,0x3E,0x25,0x28,0x33,0x00,0x28,0x33,0x37,0xFC,0x1C,
0x29,0x34,0x30,0x33,0x2D,0x28,0x37,0xFD,0x31,0x25,0x32,0x2D,0x34,0x39,0x30,0x25,
0x28,0x33,0x37,0x00,0x34,0x29,0x30,0x25,0xFC,0x17,0x33,0x38,0x2C,0x29,0x36,0x00,
0x0F,0x30,0x2A,0x00,0x25,0x30,0x38,0x29,0x36,0x25,0x28,0x25,0xFC,0x38,0x29,0x32,
0x2C,0x25,0x00,0x34,0x33,0x37,0x38,0x33,0x00,0x2A,0x2D,0x31,0xFD,0x25,0x37,0x00,
0x2B,0x39,0x29,0x36,0x36,0x25,0x37,0xE8,0xFC,0x29,0x37,0x38,0x29,0x00,0x38,0x29,
0x36,0x36,0x2D,0x3A,0x29,0x30,0xFC,0x34,0x33,0x28,0x29,0x36,0x00,0x2A,0x33,0x2D,
0x00,0x37,0x29,0x30,0x25,0x28,0x33,0xFD,0x34,0x25,0x36,0x25,0x00,0x29,0x3A,0x2D,
0x38,0x25,0x36,0x00,0x33,0xFC,0x37,0x29,0x39,0x00,0x31,0x25,0x39,0x00,0x39,0x37,
0x33,0xE5,0xFF,0xF3,0x04,0x0F,0x32,0x38,0x25,0x33,0xE8,0x00,0x33,0xFC,0x0E,0x25,
0x36,0x2F,0x00,0x0F,0x30,0x2A,0xE5,0xE5,0xE5,0xFC,0x19,0x00,0x35,0x39,0x29,0x00,
0x29,0x37,0x38,0x25,0x00,0x2C,0x25,0x3A,0x29,0x32,0x28,0x33,0xDD,0xFD,0xE5,0xE5,
0xE5,0xFD,0x1D,0x29,0x00,0x34,0x39,0x28,0x29,0x36,0x31,0x33,0x37,0x00,0x25,0x32,
0x25,0x30,0x2D,0x37,0x25,0x36,0xFC,0x29,0x37,0x38,0x29,0x37,0x00,0x28,0x25,0x28,
0x33,0x37,0xE8,0x00,0x38,0x25,0x30,0x3A,0x29,0x3E,0xFC,0x34,0x33,0x37,0x37,0x25,
0x31,0x33,0x37,0x00,0x28,0x29,0x37,0x27,0x33,0x26,0x36,0x2D,0x36,0xFD,0x25,0x30,
0x2B,0x33,0x00,0x32,0x33,0x3A,0x33,0xFC,0x37,0x33,0x26,0x36,0x29,0x00,0x29,0x30,
0x25,0xE5,0xE5,0xE5,0xFF,0xF3,0x04,0x0B,0x36,0x35,0x39,0x2D,0x3A,0x33,0x00,0xCC,
0x0A,0x05,0x06,0x04,0x09,0x09,0xFC,0xDB,0xDB,0x00,0x11,0x39,0x29,0x36,0x36,0x25,
0x37,0x00,0x0F,0x30,0x2A,0x2D,0x27,0x25,0x37,0x00,0xDB,0xDB,0xFD,0xE5,0xE5,0xE5,
0xE5,0xE5,0xE5,0xE5,0x2A,0x2D,0x32,0x25,0x30,0x00,0x28,0x25,0x37,0xFC,0xE5,0xE5,
0xE5,0xE5,0xE5,0xE5,0xE5,0xE5,0xE5,0x11,0x39,0x29,0x36,0x36,0x25,0x37,0xE5,0xE5,
0xE5,0xE5,0xE5,0xFC,0x0D,0x3D,0x26,0x29,0x36,0xD6,0x29,0x30,0x3A,0x29,0x37,0xE5,
0xE5,0xE5,0xE5,0x39,0x37,0x25,0x28,0x33,0x37,0xE5,0xE5,0xE5,0xFD,0xE5,0xE5,0xE5,
0xE5,0xE5,0xE5,0xE5,0xE5,0xE5,0xE5,0xE5,0x28,0x29,0x37,0x28,0x29,0x00,0x29,0x37,
0x37,0x29,0xFC,0xE5,0xE5,0xE5,0xE5,0xE5,0xE5,0xE5,0xE5,0xE5,0xE5,0xE5,0xE5,0xE5,
0xE5,0xE5,0xE5,0xE5,0xE5,0xE5,0xE5,0xFC,0xE5,0xE5,0xE5,0xE5,0xE5,0xE5,0xE5,0xE5,
0xE5,0xE5,0xE5,0xE5,0xE5,0xE5,0xE5,0xE5,0xE5,0xE5,0xE5,0xE5,0xE5,0xE5,0xE5,0xE5,
0xE5,0xE5,0xE5,0xFD,0xE5,0xE5,0xE5,0xE5,0x11,0x39,0x29,0x36,0x36,0x25,0x37,0x00,
0x0F,0x30,0x2A,0x2D,0x27,0x25,0x37,0xE5,0xE5,0xE5,0xE5,0xE5,0xE5,0xE5,0xE5,0xFD,
0xE5,0xE5,0xE5,0xE5,0xE5,0xE5,0xE5,0xE5,0xE5,0xE5,0xE5,0xE5,0xE5,0xE5,0xE5,0x33,
0x00,0x39,0x37,0x33,0xE5,0xE5,0xE5,0xE5,0xFC,0xE5,0xE5,0xE5,0xE5,0xE5,0xE5,0xE5,
0xE5,0xE5,0xE5,0xE5,0xE5,0xE5,0xE5,0xE5,0xE5,0xE5,0xE5,0xE5,0xE5,0xE5,0xE5,0xE5,
0xE5,0xE5,0xFC,0xE5,0xE5,0xE5,0xE5,0xE9,0x0E,0x25,0x36,0x2F,0x00,0x0F,0x30,0x2A,
0xE8,0xE9,0xFD,0x29,0x00,0x27,0x33,0x34,0x2D,0x25,0x37,0xE5,0xE5,0xE5,0xE5,0xE5,
0xE5,0xE5,0xE5,0xE5,0xE5,0xFC,0xE5,0xE5,0xE5,0xE5,0xE5,0xE5,0xE5,0xE5,0xE5,0xE5,
0xE5,0xE5,0xE5,0xE5,0xE5,0xE5,0xE5,0xE5,0xE5,0xFC,0xE5,0xE5,0xE5,0xE5,0xE5,0xE5,
0xE5,0xFD,0xE5,0xE5,0xE5,0x25,0x31,0x34,0x30,0x2D,0x2A,0x2D,0x27,0x25,0x36,0x00,
0x33,0xFC,0x34,0x33,0x28,0x29,0x36,0xE5,0xE5,0xE5,0xE5,0xE5,0xE5,0xE5,0xE5,0xE5,
0xE5,0xE5,0xFD,0x29,0x32,0x35,0x39,0x25,0x32,0x38,0x33,0xE5,0xE5,0xE5,0xE5,0xE5,
0xE5,0xE5,0xE5,0xFC,0xE5,0xE5,0xE5,0xE5,0xE5,0xE5,0xE5,0xE5,0xE5,0xE5,0xE5,0xE5,
0x25,0xFC,0x3A,0x33,0x32,0x38,0x25,0x28,0x29,0xE5,0xE5,0xE5,0xFD,0xE5,0xE5,0xE5,
0xE5,0xE5,0xE5,0xE5,0xE5,0xE5,0xE5,0x25,0x00,0x34,0x2D,0x33,0x36,0xFC,0xE5,0xE5,
0xE5,0xE5,0x29,0x31,0xE5,0xE5,0xE5,0xE5,0xE5,0xE5,0xE5,0xE5,0xE5,0xFC,0xE5,0xE5,
0xE5,0xE5,0xE5,0xE5,0xE5,0xE5,0xE5,0xE5,0xFD,0xE5,0xE5,0xE5,0xE5,0xE5,0xE5,0xE5,
0xE5,0xE5,0xE5,0xE5,0xE5,0xE5,0xE5,0xE5,0xE5,0xE5,0xE5,0xE5,0xE5,0xFC,0xE5,0xE5,
0xE5,0xE5,0xE5,0xE5,0xE5,0xE5,0xE5,0xE5,0xE5,0xE5,0xE5,0x34,0x33,0x37,0x00,0x2A,
0x2D,0x31,0xE5,0xE5,0xE5,0xFC,0xE5,0xE5,0xE5,0x25,0x00,0x2B,0x39,0x29,0x36,0x36,
0x25,0xE5,0xE5,0xE5,0xE5,0xE5,0xE5,0xE5,0xE5,0xE5,0xE5,0xE5,0xFD,0x0B,0x34,0x36,
0x33,0x3C,0x2D,0x31,0x25,0x28,0x25,0x31,0x29,0x32,0x38,0x29,0xE5,0xE5,0xE5,0x0A,
0x01,0xCE,0xE5,0xE5,0xE5,0xFC,0xE5,0xE5,0xE5,0xE5,0xE5,0xE5,0xE5,0xE5,0xE5,0xE5,
0xE5,0xE5,0xE5,0xFD,0xE5,0xE5,0xE5,0xE5,0xE5,0xE5,0xE5,0xE5,0xE5,0xE5,0xE5,0xE5,
0xE5,0xE5,0xE5,0xE5,0xE5,0xE5,0xE5,0xE5,0xE5,0xE5,0xFC,0xE5,0xE5,0xE5,0xE5,0xE5,
0xE5,0xE5,0xE5,0xE5,0x25,0x32,0x2D,0x35,0x39,0x2D,0x30,0x25,0x28,0x33,0x37,0xE5,
0xE5,0xE5,0xE5,0xFF,0xF3,0x00,0x0D,0x2D,0x29,0x30,0xD9,0x00,0x24,0x29,0x36,0x33,
0xDD,0x00,0x1A,0x25,0x36,0x29,0x27,0x29,0x00,0x35,0x39,0x29,0xFD,0x29,0x37,0x37,
0x29,0x37,0x00,0x28,0x25,0x28,0x33,0x37,0x00,0x29,0x37,0x38,0x25,0x33,0x00,0x27,
0x33,0x36,0x36,0x33,0x31,0x34,0x2D,0x28,0x33,0x37,0xE5,0xFD,0x0B,0x27,0x2C,0x33,
0x00,0x35,0x39,0x29,0x00,0x34,0x33,0x28,0x29,0x36,0x29,0x31,0x33,0x37,0xFD,0x36,
0x29,0x34,0x25,0x36,0x25,0xD6,0x30,0x33,0x37,0x00,0x32,0x25,0x00,0x26,0x25,0x37,
0x29,0xE5,0xFD,0x19,0x26,0x36,0x2D,0x2B,0x25,0x28,0x25,0xE5,0xE5,0xE5,0x00,0x24,
0x29,0x36,0x33,0xE5,0xE5,0xE5,0xFF,
};
alignas(16) inline constexpr uint16_t mmz3_msg10_script_offsets[] = {
0x0000,0x0001,0x00C7,0x011D,
};
constexpr int mmz3_msg10_num_entries = 4;
alignas(16) inline constexpr uint8_t mmz3_msg10_script_data[] = {
0xFF,0xF3,0x15,0x11,0x36,0x36,0x36,0xE5,0xE5,0xE5,0x00,0x0F,0x32,0x38,0x25,0x33,
0xFC,0x3A,0x33,0x27,0x29,0x00,0x29,0x00,0x33,0x00,0x24,0x29,0x36,0x33,0xDD,0xFD,
0x20,0x33,0x27,0x29,0x00,0x29,0x00,0x38,0x25,0x33,0x00,0x34,0x29,0x35,0x39,0x29,
0x32,0x33,0xFC,0x35,0x39,0x29,0x00,0x35,0x39,0x25,0x37,0x29,0x00,0x38,0x29,0xFC,
0x34,0x2D,0x37,0x29,0x2D,0xCA,0xFD,0x17,0x29,0x39,0x00,0x32,0x33,0x31,0x29,0x00,
0x29,0x00,0x1E,0x36,0x29,0x38,0x2D,0x37,0x38,0x25,0xFC,0x15,0x29,0x30,0x3A,0x29,
0x36,0x2D,0x25,0x32,0xE8,0x00,0x28,0x33,0x37,0xFC,0x18,0x39,0x31,0x26,0x29,0x36,
0x37,0x00,0x28,0x33,0x00,0x21,0x29,0x2D,0x30,0xE5,0xFD,0x1D,0x29,0x39,0x00,0x34,
0x29,0x37,0x27,0x33,0x27,0x33,0x00,0x29,0x00,0x38,0x25,0x33,0xFC,0x34,0x29,0x35,
0x39,0x29,0x32,0x33,0xE5,0xE5,0xE5,0x00,0x3A,0x33,0x39,0xFC,0x35,0x39,0x29,0x26,
0x36,0x25,0xD6,0x30,0x33,0x00,0x27,0x33,0x31,0xFD,0x39,0x31,0x25,0x00,0x39,0x32,
0x2D,0x27,0x25,0x00,0x31,0x33,0x36,0x28,0x2D,0x28,0x25,0xCA,0xFD,0x11,0x36,0x36,
0x36,0x36,0x36,0x36,0x36,0xCA,0xFF,0xF3,0x14,0x19,0x00,0x35,0x39,0x29,0x00,0x29,
0x00,0x2D,0x37,0x37,0x33,0xDD,0xFD,0x0B,0x2C,0x2C,0xE8,0x00,0x28,0x29,0x3A,0x33,
0x00,0x38,0x29,0x36,0xFC,0x34,0x2D,0x37,0x25,0x28,0x33,0x00,0x29,0x31,0x00,0x3A,
0x33,0x27,0x29,0xE5,0xFD,0x20,0x33,0x27,0x29,0x00,0x29,0x00,0x38,0x25,0x33,0x00,
0x34,0x29,0x35,0x39,0x29,0x32,0x33,0xFC,0x35,0x39,0x29,0x00,0x32,0x29,0x31,0x00,
0x31,0x29,0x37,0x31,0x33,0xFC,0x32,0x33,0x38,0x29,0x2D,0xCA,0xFF,0xF3,0x14,0x0F,
0x2C,0xDD,0xFC,0x24,0x29,0x36,0x33,0xE5,0xE5,0xE5,0x00,0x19,0x32,0x28,0x29,0xFC,
0x2A,0x33,0x2D,0xDD,0x00,0x18,0x25,0x33,0x00,0x38,0x29,0xFD,0x3A,0x29,0x2E,0x33,
0xE5,0xE5,0xE5,0xFD,0x0F,0x00,0x31,0x29,0x39,0x00,0x27,0x33,0x36,0x34,0x33,0xFC,
0x2D,0x32,0x38,0x29,0x2D,0x36,0x33,0x00,0x28,0x33,0x2D,0xE5,0xE5,0xE5,0x00,0x0B,
0x2D,0xE5,0xE5,0xE5,0xFC,0x0B,0x2D,0x2D,0x2D,0x2D,0xCA,0xFD,0x11,0x25,0x25,0x36,
0x36,0x36,0x3B,0x3B,0x3B,0x36,0x36,0x36,0xCA,0xFF,
};
alignas(16) inline constexpr uint16_t mmz3_msg11_script_offsets[] = {
0x0000,0x0001,0x000F,0x0154,0x025A,0x0278,0x0294,0x02AC,
0x02C5,0x0314,0x0333,0x0357,0x037D,0x03C3,0x042B,0x0446,
0x0739,0x076F,0x085E,
};
constexpr int mmz3_msg11_num_entries = 19;
alignas(16) inline constexpr uint8_t mmz3_msg11_script_data[] = {
0xFF,0xF3,0x04,0x16,0x33,0x36,0x28,0x29,0x00,0x21,0x29,0x2D,0x30,0xCA,0xFF,0xF3,
0x3B,0x12,0x29,0x2C,0x29,0x2C,0x29,0x2C,0x29,0x2C,0x29,0x29,0x29,0xE5,0xE5,0xE5,
0xFD,0x1B,0x39,0x29,0x00,0x32,0x33,0x26,0x36,0x29,0x00,0x3A,0x33,0x27,0x29,0x00,
0x29,0xE8,0xFC,0x24,0x29,0x36,0x33,0xE5,0x00,0x10,0x25,0x3E,0x29,0x32,0x28,0x33,
0x00,0x28,0x29,0xFC,0x2C,0x29,0x36,0x33,0x2D,0x00,0x37,0x33,0x3E,0x2D,0x32,0x2C,
0x33,0xE5,0xFD,0x1E,0x33,0x28,0x33,0x37,0x00,0x33,0x37,0x00,0x1C,0x29,0x34,0x30,
0x33,0x2D,0x28,0x29,0x37,0xFC,0x28,0x33,0x00,0x31,0x39,0x32,0x28,0x33,0x00,0x2D,
0x32,0x38,0x29,0x2D,0x36,0x33,0xFC,0x29,0x37,0x38,0x25,0x33,0x00,0x25,0x2B,0x33,
0x36,0x25,0x00,0x37,0x33,0x26,0xFD,0x33,0x00,0x31,0x29,0x39,0x00,0x27,0x33,0x32,
0x38,0x36,0x33,0x30,0x29,0xE5,0xFD,0x19,0x37,0x00,0x2C,0x39,0x31,0x25,0x32,0x33,
0x37,0x00,0x37,0x25,0x33,0x00,0x27,0x33,0x31,0x33,0xFC,0x34,0x33,0x36,0x27,0x33,
0x37,0xE8,0x00,0x28,0x29,0x34,0x29,0x32,0x28,0x29,0x32,0x38,0x29,0x37,0xFC,0x28,
0x33,0x37,0x00,0x1C,0x29,0x34,0x30,0x33,0x2D,0x28,0x29,0x37,0x00,0x34,0x25,0x36,
0x25,0xFD,0x25,0x00,0x37,0x39,0x25,0x00,0x34,0x36,0x33,0x34,0x36,0x2D,0x25,0xFC,
0x29,0x3C,0x2D,0x37,0x38,0x29,0x32,0x27,0x2D,0x25,0xE5,0xE5,0xE5,0xFD,0x1D,0x25,
0x26,0x29,0xE8,0x00,0x29,0x00,0x3A,0x29,0x36,0x28,0x25,0x28,0x29,0xE8,0xFC,0x35,
0x39,0x29,0x00,0x37,0x29,0x00,0x29,0x39,0x00,0x35,0x39,0x2D,0x37,0x29,0x37,0x37,
0x29,0xE8,0xFC,0x34,0x33,0x28,0x29,0x36,0x2D,0x25,0x00,0x29,0x3C,0x38,0x29,0x36,
0x31,0x2D,0x32,0x25,0x36,0xFD,0x38,0x33,0x28,0x33,0x37,0x00,0x33,0x37,0x00,0x2C,
0x39,0x31,0x25,0x32,0x33,0x37,0xFC,0x32,0x39,0x31,0x00,0x25,0x26,0x36,0x2D,0x36,
0x00,0x29,0xFC,0x2A,0x29,0x27,0x2C,0x25,0x36,0x00,0x28,0x29,0x00,0x33,0x30,0x2C,
0x33,0x37,0xDD,0xFF,0xF3,0x53,0x0D,0x36,0x29,0x25,0xCA,0x00,0x1A,0x36,0x29,0x25,
0xCA,0xFC,0x10,0x25,0x27,0x25,0x31,0x00,0x33,0x00,0x35,0x39,0x29,0x00,0x35,0x39,
0x2D,0x37,0x29,0x36,0x29,0x37,0xFC,0x27,0x33,0x31,0x00,0x29,0x37,0x38,0x29,0xCA,
0xFD,0x1E,0x29,0x32,0x2C,0x33,0x00,0x25,0x30,0x2B,0x39,0x32,0x37,0xFC,0x2B,0x39,
0x2D,0x32,0x2C,0x29,0x32,0x38,0x33,0x37,0x00,0x28,0x29,0x00,0x34,0x33,0x36,0x27,
0x33,0xFC,0x34,0x25,0x36,0x25,0x00,0x25,0x34,0x36,0x33,0x3A,0x29,0x2D,0x38,0x25,
0x36,0xE5,0xFD,0x19,0x37,0x00,0x2B,0x36,0x39,0x32,0x2C,0x2D,0x28,0x33,0x37,0x00,
0x28,0x29,0xFC,0x34,0x33,0x36,0x27,0x33,0x37,0x00,0x2D,0x32,0x28,0x33,0x30,0x29,
0x32,0x38,0x29,0x37,0xE8,0xFC,0x28,0x29,0x37,0x34,0x29,0x36,0x28,0x2D,0x27,0x25,
0x32,0x28,0x33,0x00,0x37,0x39,0x25,0x37,0xFD,0x31,0x2D,0x37,0x29,0x36,0x25,0x3A,
0x29,0x2D,0x37,0x00,0x3A,0x2D,0x28,0x25,0x37,0x00,0x29,0x31,0xFC,0x33,0x27,0x39,
0x34,0x25,0x27,0x33,0x29,0x37,0x00,0x2D,0x32,0x39,0x38,0x29,0x2D,0x37,0xE5,0xFD,
0x11,0x33,0x37,0x38,0x25,0x36,0x2D,0x25,0x31,0x00,0x28,0x29,0x00,0x37,0x25,0x26,
0x29,0x36,0xFC,0x35,0x39,0x29,0x31,0x00,0x2B,0x33,0x3A,0x29,0x36,0x32,0x25,0x00,
0x29,0x37,0x38,0x29,0xFC,0x31,0x39,0x32,0x28,0x33,0xDD,0xFD,0x12,0x29,0x2C,0x29,
0x2C,0x29,0x2C,0x29,0x2C,0x29,0x29,0x29,0xE5,0xE5,0xE5,0xFD,0x0C,0x3B,0x25,0x2C,
0x25,0x2C,0x25,0x2C,0x25,0x2C,0x25,0x2C,0xCA,0xFF,0xF3,0x66,0x20,0x33,0x30,0x38,
0x33,0x39,0xCA,0xFC,0x19,0x00,0x1C,0x29,0x34,0x30,0x33,0x2D,0x28,0x29,0x00,0x31,
0x25,0x30,0x3A,0x25,0x28,0x33,0xCA,0xFF,0xF3,0x69,0x20,0x33,0x30,0x38,0x33,0x39,
0xCA,0xFC,0x19,0x00,0x1C,0x29,0x34,0x30,0x33,0x2D,0x28,0x29,0x00,0x2A,0x25,0x30,
0x37,0x33,0xCA,0xFF,0xF3,0x66,0x20,0x33,0x39,0x00,0x38,0x29,0x00,0x2A,0x25,0x3E,
0x29,0x36,0x00,0x34,0x29,0x28,0x25,0x27,0x33,0x37,0xCA,0xFF,0xF3,0x69,0x20,0x33,
0x39,0x00,0x38,0x29,0x00,0x2A,0x25,0x3E,0x29,0x36,0x00,0x29,0x31,0x00,0x38,0x2D,
0x36,0x25,0x37,0xCA,0xFF,0xF3,0x66,0x0B,0x2E,0x25,0x2E,0x25,0x2E,0x25,0x2E,0x25,
0x2E,0x25,0x2E,0x25,0x25,0xCA,0xFC,0x0F,0x37,0x38,0x25,0x00,0x2A,0x29,0x2D,0x38,
0x33,0x00,0x29,0x31,0xFC,0x34,0x29,0x28,0x25,0x27,0x33,0x37,0xCA,0xFD,0xF3,0x69,
0x1E,0x29,0x2E,0x29,0x2E,0x29,0x2E,0x29,0x29,0x29,0x2E,0x29,0x29,0xCA,0xFC,0x0F,
0x37,0x38,0x25,0x00,0x2A,0x29,0x2D,0x38,0x33,0x00,0x29,0x31,0xFC,0x38,0x2D,0x36,
0x25,0x37,0xCA,0xFF,0xF3,0x66,0x1A,0x36,0x29,0x25,0xE8,0x00,0x25,0x30,0x2B,0x33,
0x00,0x32,0x25,0x33,0xFC,0x29,0x37,0x38,0x25,0x00,0x27,0x29,0x36,0x38,0x33,0xE5,
0xE5,0xE5,0xFF,0xF3,0x69,0x1D,0x2D,0x31,0xE8,0x00,0x0D,0x36,0x29,0x25,0xE8,0x00,
0x25,0x30,0x2B,0x33,0x00,0x32,0x25,0x33,0xFC,0x29,0x37,0x38,0x25,0x00,0x27,0x29,
0x36,0x38,0x33,0xE5,0xE5,0xE5,0xFF,0xF3,0x66,0x1D,0x2D,0x32,0x38,0x33,0x00,0x27,
0x33,0x31,0x33,0x00,0x37,0x29,0x00,0x31,0x29,0xFC,0x33,0x36,0x25,0x37,0x37,0x29,
0x31,0x00,0x25,0x2B,0x39,0x30,0x2C,0x25,0x37,0xE5,0xE5,0xE5,0xFF,0xF3,0x69,0x1D,
0x2D,0x29,0x32,0x38,0x33,0x00,0x27,0x33,0x31,0x33,0x00,0x37,0x29,0x00,0x31,0x29,
0xFC,0x2B,0x33,0x30,0x34,0x29,0x25,0x36,0x25,0x32,0x00,0x27,0x33,0x31,0xFC,0x31,
0x25,0x3E,0x33,0x37,0x00,0x29,0x00,0x31,0x25,0x36,0x38,0x2D,0x30,0x30,0x33,0x37,
0xE5,0xE5,0xE5,0xFD,0x17,0x2D,0xE5,0xE5,0xE5,0x31,0x29,0x29,0x29,0x29,0x29,0x29,
0x29,0xCA,0xFF,0xF3,0x00,0x0D,0x2D,0x29,0x30,0xD9,0x00,0x24,0x29,0x36,0x33,0xE8,
0x00,0x3A,0x33,0x27,0x29,0x00,0x29,0x37,0x38,0x25,0x00,0x26,0x29,0x31,0xDD,0xFD,
0x0B,0x27,0x25,0x26,0x33,0x00,0x28,0x29,0x00,0x36,0x29,0x27,0x29,0x26,0x29,0x36,
0x00,0x32,0x33,0x3A,0x25,0xFD,0x2D,0x32,0x2A,0x33,0x36,0x31,0x25,0x27,0x25,0x33,
0x00,0x28,0x29,0x00,0x22,0xE5,0xFD,0x1C,0x29,0x38,0x33,0x36,0x32,0x29,0x00,0x34,
0x25,0x36,0x25,0x00,0x25,0x00,0x26,0x25,0x37,0x29,0xFD,0x28,0x25,0x00,0x1C,0x29,
0x37,0x2D,0x37,0x38,0x29,0x32,0x27,0x2D,0x25,0xE5,0xFF,0xF3,0x04,0x0F,0x32,0x38,
0x29,0x32,0x28,0x2D,0x28,0x33,0xE5,0xFC,0x1E,0x36,0x25,0x32,0x37,0x2A,0x2D,0x36,
0x25,0xD6,0x31,0x29,0xE5,0xFF,0xF3,0x33,0x18,0x39,0x32,0x27,0x25,0x00,0x34,0x29,
0x32,0x37,0x29,0x2D,0x00,0x35,0x39,0x29,0x00,0x3A,0x33,0x30,0xD6,0xFC,0x3A,0x29,
0x36,0x2D,0x25,0x00,0x25,0x00,0x29,0x32,0x27,0x33,0x32,0x38,0x36,0x25,0xD6,0x30,
0x33,0xFC,0x32,0x29,0x37,0x38,0x29,0x00,0x31,0x39,0x32,0x28,0x33,0xE5,0xFD,0x1D,
0x2D,0x31,0xE8,0x00,0x2B,0x36,0x25,0x27,0x25,0x37,0x00,0x25,0x00,0x19,0x31,0x29,
0x2B,0x25,0x00,0x29,0xFC,0x33,0x37,0x00,0x37,0x29,0x39,0x37,0xE8,0x00,0x33,0x00,
0x34,0x33,0x36,0x38,0x25,0x30,0xFC,0x34,0x25,0x36,0x25,0x00,0x33,0x00,0x0D,0x2D,
0x26,0x29,0x36,0x29,0x37,0x34,0x25,0x27,0x33,0xFD,0x2A,0x33,0x2D,0x00,0x25,0x26,
0x29,0x36,0x38,0x33,0xE8,0xFC,0x29,0x32,0x38,0x25,0x33,0x00,0x33,0x00,0x28,0x29,
0x37,0x38,0x2D,0x32,0x33,0xFC,0x29,0x00,0x36,0x29,0x25,0x30,0x31,0x29,0x32,0x38,
0x29,0x00,0x2D,0x36,0x33,0x32,0x2D,0x27,0x33,0xE5,0xFD,0xF3,0x04,0x1A,0x2C,0x25,
0x32,0x38,0x33,0x31,0xE5,0xE5,0xE5,0x00,0x39,0x31,0x00,0x28,0x33,0x37,0xFC,0x1B,
0x39,0x25,0x38,0x36,0x33,0x00,0x11,0x39,0x25,0x36,0x28,0x2D,0x33,0x29,0x37,0x00,
0x28,0x29,0xFC,0x18,0x29,0x33,0x00,0x0B,0x36,0x27,0x25,0x28,0x2D,0x25,0xE5,0xFD,
0x17,0x25,0x37,0xE5,0xE5,0xE5,0xFC,0x29,0x39,0x00,0x38,0x29,0x00,0x28,0x29,0x36,
0x36,0x33,0x38,0x29,0x2D,0xE5,0xE5,0xE5,0xFD,0xF3,0x33,0x0F,0x37,0x38,0x29,0x00,
0x29,0x00,0x39,0x31,0x00,0x31,0x39,0x32,0x28,0x33,0x00,0x28,0x29,0xFC,0x37,0x33,
0x31,0x26,0x36,0x25,0x37,0xE8,0x00,0x33,0x32,0x28,0x29,0x00,0x25,0x37,0xFC,0x25,
0x30,0x31,0x25,0x37,0x00,0x28,0x29,0x00,0x1C,0x29,0x34,0x30,0x33,0x2D,0x28,0x29,
0x37,0x00,0x29,0xFD,0x0D,0x2D,0x26,0x29,0x36,0xD6,0x29,0x30,0x2A,0x33,0x37,0xFC,
0x3A,0x2D,0x3A,0x29,0x31,0xE5,0xFD,0x0B,0x34,0x33,0x37,0x00,0x31,0x29,0x00,0x28,
0x29,0x36,0x36,0x33,0x38,0x25,0x36,0xE8,0xFC,0x38,0x33,0x36,0x32,0x29,0x2D,0xD6,
0x31,0x29,0x00,0x39,0x31,0x25,0xFC,0x37,0x2D,0x31,0x34,0x30,0x29,0x37,0x00,0x25,
0x30,0x31,0x25,0xE8,0x00,0x29,0x00,0x28,0x29,0xFD,0x25,0x30,0x2B,0x39,0x31,0x25,
0x00,0x2A,0x33,0x36,0x31,0x25,0x00,0x36,0x29,0x2B,0x36,0x29,0x37,0x37,0x29,0x2D,
0xFC,0x25,0x33,0x00,0x0D,0x2D,0x26,0x29,0x36,0x29,0x37,0x34,0x25,0x27,0x33,0xE5,
0xFD,0x0F,0x37,0x38,0x29,0x00,0x29,0x37,0x34,0x25,0x27,0x33,0xE8,0x00,0x33,0x32,
0x28,0x29,0xFC,0x38,0x33,0x28,0x33,0x37,0x00,0x33,0x37,0x00,0x28,0x25,0x28,0x33,
0x37,0xFC,0x25,0x27,0x25,0x26,0x25,0x31,0x00,0x27,0x2C,0x29,0x2B,0x25,0x32,0x28,
0x33,0xE5,0xE5,0xE5,0xFD,0x0F,0x00,0x25,0x2D,0x00,0x25,0x34,0x36,0x29,0x32,0x28,
0x2D,0xFC,0x38,0x33,0x28,0x25,0x37,0x00,0x25,0x37,0x00,0x3A,0x29,0x36,0x28,0x25,
0x28,0x29,0x37,0xE5,0xFD,0x1D,0x33,0x26,0x36,0x29,0x00,0x19,0x31,0x29,0x2B,0x25,
0xE5,0xE5,0xE5,0xFC,0x0B,0x00,0x0E,0x25,0x36,0x2F,0x00,0x0F,0x30,0x2A,0xE5,0xE5,
0xE5,0xFC,0x0F,0x00,0x37,0x33,0x26,0x36,0x29,0x00,0x3A,0x33,0x27,0x29,0xE8,0x00,
0x24,0x29,0x36,0x33,0xE5,0xE5,0xE5,0xFD,0x0B,0x37,0x37,0x2D,0x31,0x00,0x29,0xE5,
0xFC,0x1E,0x39,0x28,0x33,0xE5,0xFD,0xF3,0x04,0x0F,0x32,0x38,0x25,0x33,0xE5,0xE5,
0xE5,0x00,0x35,0x39,0x25,0x30,0x00,0x29,0xFC,0x33,0x00,0x37,0x29,0x39,0x00,0x34,
0x33,0x32,0x38,0x33,0xDD,0xFD,0xF3,0x33,0x0F,0x3C,0x25,0x38,0x25,0x31,0x29,0x32,
0x38,0x29,0x00,0x29,0x37,0x38,0x29,0xE5,0xFC,0x18,0x39,0x32,0x27,0x25,0x00,0x38,
0x2D,0x3A,0x29,0x37,0x38,0x29,0x00,0x33,0xFC,0x35,0x39,0x29,0x00,0x29,0x00,0x32,
0x29,0x27,0x29,0x37,0x37,0x25,0x36,0x2D,0x33,0x00,0x34,0x25,0x36,0x25,0xFD,0x37,
0x29,0x36,0x00,0x39,0x31,0x00,0x2C,0x29,0x36,0x33,0x2D,0xE5,0xFD,0x18,0x25,0x33,
0x00,0x37,0x39,0x34,0x33,0x36,0x38,0x33,0x00,0x33,0x30,0x2C,0x25,0x36,0x00,0x34,
0x25,0x36,0x25,0x00,0x38,0x2D,0xE5,0xFC,0x0B,0x2B,0x33,0x36,0x25,0x00,0x29,0x00,
0x33,0x00,0x31,0x33,0x31,0x29,0x32,0x38,0x33,0xFC,0x28,0x25,0x00,0x37,0x39,0x25,
0x00,0x29,0x30,0x2D,0x31,0x2D,0x32,0x25,0x27,0x25,0x33,0xE8,0xFD,0x34,0x29,0x30,
0x25,0x37,0x00,0x31,0x2D,0x32,0x2C,0x25,0x37,0x00,0x34,0x36,0x33,0x34,0x36,0x2D,
0x25,0x37,0x00,0x31,0x25,0x33,0x37,0xCA,0xFF,0xF3,0x32,0x1E,0x33,0x28,0x25,0x37,
0x00,0x25,0x37,0x00,0x30,0x29,0x32,0x28,0x25,0x37,0xFC,0x37,0x25,0x33,0x00,0x29,
0x37,0x35,0x39,0x29,0x27,0x2D,0x28,0x25,0x37,0x00,0x32,0x33,0xFC,0x2A,0x2D,0x31,
0xE5,0x00,0x0B,0x28,0x29,0x39,0x37,0xE8,0x00,0x24,0x29,0x36,0x33,0xCA,0xFF,0xF3,
0x32,0xD3,0x25,0x36,0x35,0x39,0x29,0x2E,0x33,0xD3,0xFD,0x0E,0x29,0x00,0x3A,0x29,
0x36,0x28,0x25,0x28,0x29,0x00,0x38,0x2D,0x32,0x2C,0x25,0x37,0xE5,0xE5,0xE5,0xFC,
0x25,0x00,0x25,0x30,0x31,0x25,0x00,0x28,0x29,0x00,0x39,0x31,0xFC,0x2C,0x29,0x36,
0x33,0x2D,0xE5,0xE5,0xE5,0xFD,0x20,0x25,0x2D,0xE5,0xE5,0xE5,0xFD,0x0F,0x32,0x2A,
0x36,0x29,0x32,0x38,0x29,0x00,0x33,0x00,0x19,0x31,0x29,0x2B,0x25,0xE8,0xFC,0x29,
0x00,0x28,0x29,0x31,0x33,0x32,0x37,0x38,0x36,0x29,0x00,0x28,0x33,0x00,0x35,0x39,
0x29,0xFC,0x29,0x37,0x37,0x29,0x00,0x27,0x33,0x36,0x34,0x33,0x00,0x29,0x00,0x27,
0x25,0x34,0x25,0x3E,0xE5,0xFD,0x1D,0x39,0x25,0x00,0x29,0x37,0x34,0x25,0x28,0x25,
0x00,0x2C,0x29,0x37,0x2D,0x38,0x25,0x36,0x25,0xFC,0x25,0x33,0x00,0x27,0x33,0x32,
0x2C,0x29,0x27,0x29,0x36,0x00,0x25,0xFC,0x3A,0x29,0x36,0x28,0x25,0x28,0x29,0xDD,
0xFD,0x1E,0x29,0x31,0x00,0x33,0x00,0x35,0x39,0x29,0x00,0x29,0xFC,0x32,0x29,0x27,
0x29,0x37,0x37,0x25,0x36,0x2D,0x33,0xE5,0xE5,0xE5,0xFC,0x34,0x25,0x36,0x25,0x00,
0x37,0x29,0x36,0x00,0x39,0x31,0x00,0x2C,0x29,0x36,0x33,0x2D,0xDD,0xFD,0x0E,0x29,
0x3A,0x29,0x00,0x37,0x29,0x36,0x00,0x3A,0x33,0x27,0x29,0x00,0x35,0x39,0x29,0x31,
0xFC,0x33,0x00,0x28,0x29,0x38,0x29,0x36,0x31,0x2D,0x32,0x25,0xCA,0xFF,0xFF,
};
alignas(16) inline constexpr uint16_t mmz3_msg12_script_offsets[] = {
0x0000,0x0001,0x0076,0x00C0,0x0128,0x01AC,0x01F0,0x028F,
0x033E,0x038C,0x0419,0x049C,0x04FD,0x05A9,0x0646,0x068F,
0x074F,0x07C8,0x0807,0x086E,0x08D6,0x0916,0x0981,0x09F3,
0x0A35,0x0AAE,0x0C0D,0x0D1C,0x0E0F,0x0ED6,0x0F8B,0x0FA1,
0x0FB5,0x0FD8,0x103A,0x115F,0x1328,0x1347,0x13CE,0x13FF,
0x1420,0x143D,0x14BA,0x14EE,0x16DE,0x17BD,0x17E4,0x1904,
0x1914,0x1985,0x19BD,0x19F6,0x1A05,0x1AA8,0x1B11,0x1BE7,
0x1C06,
};
constexpr int mmz3_msg12_num_entries = 57;
alignas(16) inline constexpr uint8_t mmz3_msg12_script_data[] = {
0xFF,0xF3,0x17,0x23,0x25,0x25,0x25,0x25,0x25,0x2C,0xCA,0xFD,0x0F,0x39,0x00,0x25,
0x31,0x33,0x00,0x33,0x00,0x32,0x33,0x3A,0x33,0xFC,0x31,0x39,0x32,0x28,0x33,0x00,
0x28,0x33,0x00,0x16,0x33,0x36,0x28,0x29,0x00,0x21,0x29,0x2D,0x30,0xCA,0xFC,0x0F,
0x00,0x38,0x25,0x33,0x00,0x35,0x39,0x29,0x32,0x38,0x29,0xCA,0xFD,0x18,0x25,0x33,
0x00,0x28,0x29,0x2D,0x3C,0x25,0x36,0x29,0x2D,0x00,0x3A,0x33,0x27,0x29,0xFC,0x37,
0x29,0x00,0x2D,0x32,0x38,0x36,0x33,0x31,0x29,0x38,0x29,0x36,0xCA,0x00,0x20,0x33,
0x39,0xFC,0x36,0x29,0x28,0x39,0x3E,0x2D,0xD6,0x30,0x33,0x00,0x25,0x00,0x27,0x2D,
0x32,0x3E,0x25,0x37,0xCA,0xFF,0xF3,0x06,0x23,0x25,0x25,0x25,0x25,0x25,0x25,0x25,
0x2C,0xCA,0xFD,0x11,0x36,0x25,0x3A,0x29,0x31,0x00,0x33,0x00,0x37,0x29,0x39,0x00,
0x32,0x33,0x31,0x29,0xFC,0x32,0x33,0x00,0x31,0x39,0x32,0x28,0x33,0xCA,0xFC,0x18,
0x33,0x37,0x37,0x33,0x00,0x2B,0x33,0x3A,0x29,0x36,0x32,0x25,0x32,0x38,0x29,0xE8,
0xFD,0x33,0x00,0x0E,0x36,0xE5,0x00,0x21,0x29,0x29,0x29,0x29,0x2D,0x30,0xCA,0xFF,
0xF3,0x06,0x23,0x25,0x25,0x25,0x2C,0xE5,0xE5,0xE5,0x00,0x35,0x39,0x29,0x32,0x38,
0x29,0xE5,0xE5,0xE5,0xFC,0x38,0x25,0x33,0x00,0x35,0x39,0x29,0x32,0x38,0x29,0xCA,
0xFD,0x0F,0x37,0x34,0x29,0x36,0x33,0x00,0x35,0x39,0x29,0x00,0x3A,0x33,0x27,0x29,
0xFC,0x37,0x29,0x00,0x36,0x29,0x38,0x33,0x36,0x27,0x25,0x00,0x28,0x29,0x00,0x28,
0x33,0x36,0xE8,0xFC,0x37,0x33,0x3E,0x2D,0x32,0x2C,0x33,0x00,0x32,0x29,0x37,0x38,
0x29,0xFD,0x32,0x33,0x3A,0x33,0x00,0x31,0x39,0x32,0x28,0x33,0xCA,0xFD,0x23,0x25,
0x25,0x2C,0x25,0x25,0x25,0x2C,0xCA,0xFF,0xF3,0x19,0x0D,0x25,0x26,0x29,0x27,0x25,
0x00,0x33,0x27,0x25,0xCA,0xFD,0x19,0x37,0x00,0x2D,0x28,0x29,0x25,0x2D,0x37,0x00,
0x28,0x33,0xFC,0x16,0x33,0x36,0x28,0x29,0x00,0x21,0x29,0x2D,0x30,0x00,0x27,0x33,
0x31,0x29,0x27,0x25,0x36,0x25,0x31,0xFC,0x2C,0x25,0x00,0x39,0x31,0xFD,0x37,0x29,
0x27,0x39,0x30,0x33,0xCA,0xFD,0x0F,0x00,0x35,0x39,0x29,0x31,0x00,0x29,0x00,0x3A,
0x33,0x27,0x29,0xFC,0x34,0x25,0x36,0x25,0x00,0x36,0x29,0x27,0x30,0x25,0x31,0x25,
0x36,0x00,0x25,0x2B,0x33,0x36,0x25,0xDD,0xFC,0x0B,0x38,0x39,0x25,0x30,0x2D,0x3E,
0x29,0xD6,0x37,0x29,0xCA,0xFD,0x1B,0x39,0x29,0x36,0x00,0x2A,0x2D,0x27,0x25,0x36,
0xFC,0x34,0x25,0x36,0x25,0x00,0x38,0x36,0x25,0x37,0xDD,0xFF,0xF3,0x08,0x20,0x33,
0x27,0x29,0x00,0x29,0x00,0x31,0x29,0x37,0x31,0x33,0xFC,0x30,0x29,0x32,0x38,0x33,
0x00,0x28,0x25,0x00,0x27,0x25,0x26,0x29,0x27,0x25,0xCA,0xFD,0x19,0x37,0x00,0x38,
0x29,0x31,0x34,0x33,0x37,0x00,0x2E,0x25,0xFC,0x38,0x29,0x00,0x28,0x29,0x2D,0x3C,
0x25,0x36,0x25,0x31,0x00,0x34,0x25,0x36,0x25,0x00,0x38,0x36,0x25,0x37,0xCA,0xFF,
0xF3,0x08,0xD3,0x39,0x2B,0x2C,0xCA,0xD3,0xFD,0x1A,0x33,0x28,0x29,0x00,0x37,0x29,
0x00,0x25,0x34,0x36,0x29,0x37,0x37,0x25,0x36,0xFC,0x33,0x00,0x35,0x39,0x25,0x32,
0x38,0x33,0xFC,0x35,0x39,0x2D,0x37,0x29,0x36,0xE5,0xE5,0xE5,0xFD,0x17,0x25,0x37,
0x00,0x2E,0x25,0x31,0x25,0x2D,0x37,0xFC,0x25,0x30,0x27,0x25,0x32,0x27,0x25,0x36,
0x25,0x00,0x39,0x31,0x25,0xFC,0x2C,0x2D,0x37,0x38,0x33,0x36,0x2D,0x25,0x00,0x35,
0x39,0x29,0x00,0x2E,0x25,0xFD,0x38,0x29,0x00,0x28,0x29,0x2D,0x3C,0x33,0x39,0x00,
0x34,0x25,0x36,0x25,0x00,0x38,0x36,0x25,0x37,0xE5,0xE5,0xE5,0xFD,0x1D,0x29,0x31,
0x34,0x36,0x29,0x00,0x2D,0x36,0x25,0xFC,0x25,0x38,0x36,0x25,0x37,0x00,0x28,0x33,
0xFC,0x16,0x33,0x36,0x28,0x29,0x00,0x21,0x29,0x2D,0x30,0xCA,0xFD,0xD3,0x27,0x25,
0x36,0x29,0x38,0x25,0xD3,0x00,0x0B,0x36,0x36,0x36,0x2B,0x2B,0x2C,0xCA,0xFF,0xF3,
0x1B,0x18,0x33,0x37,0x37,0x25,0xE8,0x00,0x35,0x39,0x29,0xFC,0x25,0x2B,0x2D,0x38,
0x25,0x28,0x33,0x00,0x3A,0x33,0x27,0x29,0x00,0x29,0xE5,0xFD,0x18,0x25,0x00,0x34,
0x36,0x33,0x3C,0x2D,0x31,0x25,0x00,0x3A,0x29,0x3E,0xE8,0x00,0x27,0x2C,0x25,0x31,
0x29,0xFC,0x27,0x33,0x31,0x00,0x31,0x25,0x2D,0x37,0x00,0x28,0x2D,0x37,0x27,0x36,
0x29,0x27,0x25,0x33,0xE5,0xFC,0x19,0x32,0x28,0x29,0x00,0x29,0x37,0x38,0x25,0x33,
0x00,0x33,0x37,0xFD,0x37,0x29,0x39,0x37,0x00,0x31,0x33,0x28,0x33,0x37,0xDD,0xFD,
0x18,0x25,0x33,0x00,0x38,0x29,0x31,0x00,0x33,0x00,0x28,0x2D,0x36,0x29,0x2D,0x38,
0x33,0xFC,0x28,0x29,0x00,0x3A,0x2D,0x3A,0x29,0x36,0x00,0x32,0x29,0x37,0x38,0x29,
0xFC,0x32,0x33,0x3A,0x33,0x00,0x31,0x39,0x32,0x28,0x33,0xE5,0xFD,0x0F,0x32,0x38,
0x25,0x33,0x00,0x3A,0x33,0x39,0x00,0x2B,0x25,0x36,0x25,0x32,0x38,0x2D,0x36,0xFC,
0x35,0x39,0x29,0x00,0x32,0x25,0x33,0x00,0x3A,0x2D,0x3A,0x25,0xE5,0xFF,0xF3,0x0A,
0x1C,0x29,0x38,0x33,0x36,0x32,0x29,0x00,0x34,0x25,0x36,0x25,0x00,0x27,0x25,0x37,
0x25,0xE5,0xFD,0x20,0x33,0x30,0x38,0x29,0x00,0x34,0x25,0x36,0x25,0x00,0x25,0x37,
0xFC,0x34,0x36,0x33,0x2A,0x39,0x32,0x28,0x29,0x3E,0x25,0x37,0xE8,0xFC,0x33,0x32,
0x28,0x29,0x00,0x28,0x33,0x36,0x31,0x2D,0x39,0xFD,0x38,0x33,0x28,0x33,0x37,0x00,
0x29,0x37,0x37,0x29,0x37,0x00,0x25,0x32,0x33,0x37,0xCA,0xFF,0xF3,0x0A,0x15,0x29,
0x2F,0x29,0x2F,0x29,0xE5,0xE5,0xE5,0xFD,0x20,0x33,0x27,0x29,0x00,0x29,0x00,0x39,
0x31,0x00,0x38,0x33,0x30,0x33,0xE5,0xE5,0xE5,0xFC,0xE5,0xE5,0xE5,0x2D,0x32,0x27,
0x2D,0x3A,0x2D,0x30,0x2D,0x3E,0x25,0x28,0x33,0xE5,0xE5,0xE5,0xFC,0x26,0x25,0x36,
0x26,0x25,0x36,0x33,0xCA,0xFD,0x19,0x37,0x00,0x28,0x25,0x00,0x37,0x39,0x25,0x00,
0x30,0x25,0x3D,0x25,0xFC,0x32,0x25,0x33,0x00,0x37,0x33,0x26,0x36,0x29,0x3A,0x2D,
0x3A,0x29,0x36,0x25,0x33,0xFC,0x32,0x33,0x00,0x32,0x33,0x3A,0x33,0x00,0x31,0x39,
0x32,0x28,0x33,0xFD,0x35,0x39,0x29,0x00,0x29,0x37,0x38,0x25,0x00,0x27,0x2C,0x29,
0x2B,0x25,0x32,0x28,0x33,0xE5,0xFD,0x15,0x29,0x2F,0x29,0x2F,0x29,0xE5,0xE5,0xE5,
0x2F,0x29,0x2F,0x29,0x29,0x29,0x29,0xCA,0xFF,0xF3,0x1D,0x0E,0x33,0x00,0x35,0x39,
0x29,0x00,0x37,0x29,0x36,0x3A,0x29,0xFC,0x37,0x39,0x27,0x25,0x38,0x25,0x00,0x28,
0x29,0x00,0x39,0x31,0xFC,0x37,0x29,0x27,0x39,0x30,0x33,0x00,0x25,0x38,0x36,0x25,
0x37,0x00,0x32,0x29,0x37,0x38,0x29,0xFD,0x32,0x33,0x3A,0x33,0x00,0x31,0x39,0x32,
0x28,0x33,0xDD,0xFD,0x20,0x33,0x39,0x00,0x38,0x29,0x00,0x28,0x29,0x37,0x34,0x29,
0x28,0x25,0x27,0x25,0x36,0x00,0x29,0xFC,0x38,0x29,0x00,0x31,0x25,0x32,0x28,0x25,
0x36,0x00,0x34,0x25,0x36,0x25,0x00,0x33,0x00,0x36,0x29,0x2D,0x32,0x33,0xFC,0x28,
0x33,0x37,0x00,0x31,0x33,0x36,0x38,0x33,0x37,0xCA,0xFD,0x0D,0x2C,0x2D,0x2F,0x25,
0x27,0x2C,0x2D,0x2F,0x25,0x27,0x2C,0x2D,0x2F,0x25,0xCA,0xFF,0xF3,0x0C,0x0D,0x2C,
0x2D,0x2F,0x25,0xCA,0x00,0x0D,0x2C,0x2D,0x2F,0x25,0x27,0x2C,0x2D,0x2F,0x25,0xCA,
0xFD,0x19,0x30,0x2C,0x29,0x00,0x27,0x33,0x31,0x33,0x00,0x2A,0x25,0x27,0x33,0x00,
0x38,0x2D,0x36,0x25,0x37,0xFC,0x28,0x33,0x00,0x37,0x29,0x39,0x00,0x3A,0x29,0x30,
0x2C,0x33,0x00,0x31,0x39,0x32,0x28,0x33,0x00,0x29,0xFC,0x28,0x29,0x00,0x38,0x33,
0x28,0x33,0x37,0x00,0x33,0x37,0x00,0x37,0x29,0x39,0x37,0x00,0x25,0x31,0x2D,0x2B,
0x33,0x37,0xCA,0xFD,0x0D,0x2C,0x2D,0x2F,0x25,0x2F,0x25,0xCA,0xFF,0xF3,0x0C,0x0D,
0x33,0x31,0x33,0x00,0x29,0x39,0xE8,0x00,0x33,0xFC,0x31,0x25,0x2D,0x37,0x00,0x32,
0x33,0x3A,0x33,0x00,0x29,0x00,0x33,0x00,0x31,0x29,0x30,0x2C,0x33,0x36,0xE8,0xFC,
0x34,0x39,0x28,0x29,0x00,0x34,0x29,0x36,0x28,0x29,0x36,0x00,0x34,0x25,0x36,0x25,
0x00,0x39,0x31,0xFD,0x31,0x33,0x32,0x38,0x25,0x33,0x00,0x28,0x29,0x00,0x37,0x39,
0x27,0x25,0x38,0x25,0xFC,0x28,0x29,0x00,0x39,0x31,0x00,0x37,0x29,0x27,0x39,0x30,
0x33,0x00,0x25,0x38,0x36,0x25,0x37,0xDD,0xCA,0xFD,0x13,0x31,0x34,0x33,0x37,0x37,
0x2D,0x3A,0x29,0x30,0xE5,0xE5,0xE5,0x00,0x18,0x25,0x33,0xE5,0xE5,0xE5,0xFC,0x0F,
0x39,0x00,0x32,0x25,0x33,0x00,0x35,0x39,0x29,0x36,0x33,0x00,0x31,0x33,0x36,0x36,
0x29,0x36,0xE5,0xFC,0x0F,0x39,0x00,0x32,0x25,0x33,0x00,0x35,0x39,0x29,0x36,0x33,
0x00,0x31,0x33,0x36,0x36,0x29,0x36,0xCA,0xFD,0x0D,0x2C,0x2D,0x2F,0x25,0x27,0x2C,
0x2D,0x2F,0x25,0x25,0x25,0x25,0x25,0xCA,0xFF,0xF3,0x1F,0x19,0x00,0x35,0x39,0x29,
0x00,0x3A,0x33,0x27,0x29,0x00,0x2A,0x25,0x3E,0x00,0x29,0x31,0x00,0x39,0x31,0xFC,
0x30,0x39,0x2B,0x25,0x36,0x00,0x27,0x33,0x31,0x33,0x00,0x29,0x37,0x38,0x29,0xE8,
0xFC,0x27,0x36,0x2D,0x25,0x32,0x27,0x25,0xDD,0xFD,0x14,0x25,0x00,0x29,0x00,0x2C,
0x33,0x36,0x25,0x00,0x28,0x29,0xFC,0x3A,0x33,0x27,0x29,0x00,0x2D,0x36,0xFC,0x28,
0x33,0x36,0x31,0x2D,0x36,0xE5,0xE5,0xE5,0xFD,0x20,0x33,0x27,0x29,0x00,0x32,0x25,
0x33,0x00,0x28,0x29,0x3A,0x29,0x00,0x3A,0x29,0x36,0x00,0x33,0xFC,0x31,0x39,0x32,
0x28,0x33,0x00,0x35,0x39,0x29,0x00,0x3A,0x2D,0x36,0x25,0xE8,0xFC,0x27,0x36,0x2D,
0x25,0x32,0x27,0x25,0xE5,0xFD,0x20,0x33,0x27,0x29,0x00,0x32,0x25,0x33,0x00,0x28,
0x29,0x3A,0x29,0x00,0x3A,0x2D,0x3A,0x29,0x36,0xFC,0x34,0x25,0x36,0x25,0x00,0x3A,
0x29,0xD6,0x30,0x33,0xCA,0xFF,0xF3,0x0E,0x0C,0x33,0x25,0x00,0x32,0x33,0x2D,0x38,
0x29,0xE8,0xFC,0x27,0x36,0x2D,0x25,0x32,0x27,0x25,0xE5,0xFD,0x0F,0x39,0x00,0x25,
0x27,0x2C,0x33,0x00,0x35,0x39,0x29,0xFC,0x3A,0x33,0x27,0x29,0x00,0x32,0x25,0x33,
0x00,0x3A,0x25,0x2D,0xFC,0x25,0x27,0x33,0x36,0x28,0x25,0x36,0x00,0x28,0x29,0x00,
0x32,0x33,0x3A,0x33,0xCA,0xFD,0x1E,0x2D,0x2E,0x2D,0x2E,0x2D,0x2E,0xCA,0xFF,0xF3,
0x0E,0x0B,0x36,0x36,0x2B,0x2C,0xE5,0xE5,0xE5,0xFC,0x18,0x25,0x33,0x00,0x34,0x36,
0x29,0x27,0x2D,0x37,0x25,0xFC,0x37,0x29,0x00,0x25,0x30,0x38,0x29,0x36,0x25,0x36,
0xE5,0xE5,0xE5,0xFD,0x1E,0x33,0x28,0x33,0x37,0x00,0x33,0x37,0x00,0x37,0x29,0x39,
0x37,0x00,0x29,0x37,0x2A,0x33,0x36,0x27,0x33,0x37,0xFC,0x37,0x29,0x36,0x25,0x33,
0x00,0x29,0x31,0x00,0x3A,0x25,0x33,0xE5,0xFD,0x0B,0x37,0x37,0x2D,0x31,0x00,0x29,
0xE5,0xFD,0x20,0x33,0x27,0x29,0x00,0x32,0x25,0x33,0x00,0x29,0x00,0x39,0x31,0x00,
0x2C,0x29,0x36,0x33,0x2D,0xE5,0xFC,0x0F,0x00,0x38,0x25,0x31,0x34,0x33,0x39,0x27,
0x33,0x00,0x29,0x00,0x39,0x31,0xFC,0x0E,0x29,0x39,0x37,0x00,0x28,0x25,0xFD,0x0E,
0x29,0x37,0x38,0x36,0x39,0x2D,0x27,0x25,0x33,0xE5,0xFD,0x18,0x25,0x33,0x00,0x2C,
0x25,0xE5,0xE5,0xE5,0x00,0x32,0x25,0x28,0x25,0xE5,0xE5,0xE5,0xFC,0x35,0x39,0x29,
0xE5,0xE5,0xE5,0x00,0x34,0x33,0x37,0x37,0x25,0xE5,0xE5,0xE5,0xFC,0x2A,0x25,0x3E,
0x29,0x36,0xE5,0xE5,0xE5,0xFD,0x0B,0x36,0x36,0x36,0x36,0x2B,0x2C,0xCA,0xFF,0xF3,
0x21,0x14,0x25,0xCA,0xFD,0x1A,0x36,0x2D,0x31,0x29,0x2D,0x36,0x33,0x00,0x36,0x33,
0x39,0x26,0x33,0xE8,0x00,0x29,0xFC,0x25,0x2B,0x33,0x36,0x25,0x00,0x2D,0x32,0x3A,
0x25,0x37,0x25,0x33,0xCA,0xFC,0x1B,0x39,0x29,0x00,0x2D,0x32,0x28,0x2D,0x2B,0x32,
0x25,0x32,0x38,0x29,0xCA,0xFD,0x18,0x25,0x33,0x00,0x2C,0x25,0x00,0x34,0x2D,0x29,
0x28,0x25,0x28,0x29,0xFC,0x34,0x25,0x36,0x25,0x00,0x35,0x39,0x29,0x31,0xFC,0x25,
0x30,0x38,0x29,0x36,0x25,0x00,0x25,0x00,0x33,0x36,0x28,0x29,0x31,0xCA,0xFD,0x0F,
0x39,0x00,0x33,0x00,0x27,0x33,0x32,0x28,0x29,0x32,0x33,0xE5,0xE5,0xE5,0xFC,0x25,
0x00,0x31,0x33,0x36,0x38,0x29,0xCA,0xFF,0xF3,0x10,0x14,0x25,0xCA,0xFD,0x1B,0x39,
0x29,0x31,0x00,0x25,0x30,0x38,0x29,0x36,0x25,0x36,0x00,0x33,0xFC,0x31,0x39,0x32,
0x28,0x33,0x00,0x28,0x33,0x00,0x16,0x33,0x36,0x28,0x29,0x00,0x21,0x29,0x2D,0x30,
0xFC,0x29,0x32,0x2A,0x36,0x29,0x32,0x38,0x25,0x36,0x25,0x00,0x31,0x2D,0x32,0x2C,
0x25,0x00,0x2D,0x36,0x25,0xCA,0xFF,0xF3,0x10,0x19,0x00,0x35,0x39,0x29,0x00,0x29,
0x00,0x2D,0x37,0x37,0x33,0xDD,0x00,0x1D,0x29,0xFC,0x25,0x38,0x36,0x29,0x3A,0x29,
0x00,0x25,0x00,0x28,0x29,0x37,0x25,0x2A,0x2D,0x25,0x36,0xFC,0x33,0x00,0x31,0x29,
0x39,0x00,0x2E,0x39,0x30,0x2B,0x25,0x31,0x29,0x32,0x38,0x33,0xDD,0xFD,0x16,0x33,
0x36,0x28,0x29,0x00,0x21,0x29,0x2D,0x30,0xE5,0xE5,0xE5,0xFC,0x34,0x39,0x32,0x2D,
0x37,0x38,0x25,0x00,0x29,0x37,0x38,0x29,0xFC,0x2D,0x32,0x37,0x29,0x32,0x37,0x25,
0x38,0x33,0xCA,0xFD,0x1F,0x2B,0x2B,0x2C,0x2C,0x2C,0xCA,0xCA,0xCA,0xFF,0xF3,0x23,
0x12,0x29,0x2E,0x29,0x2E,0x29,0x2E,0x29,0xCA,0xFD,0x0F,0x32,0x38,0x25,0x33,0x00,
0x3A,0x33,0x30,0x38,0x33,0x39,0xCA,0xFC,0x0E,0x29,0x00,0x32,0x33,0x3A,0x33,0xE8,
0x00,0x34,0x36,0x33,0x32,0x38,0x33,0xFC,0x34,0x25,0x36,0x25,0x00,0x37,0x29,0x36,
0x00,0x28,0x29,0x37,0x38,0x36,0x33,0x27,0x25,0x28,0x33,0xCA,0xFD,0x12,0x29,0x2E,
0x29,0x2E,0x29,0x2E,0xCA,0x00,0x0F,0x39,0x00,0x2A,0x25,0x36,0x29,0x2D,0x00,0x2D,
0x37,0x37,0x33,0xE8,0xFC,0x32,0x25,0x33,0x00,0x31,0x29,0x00,0x2D,0x32,0x27,0x33,
0x31,0x33,0x28,0x33,0xCA,0xFF,0xF3,0x12,0x12,0x29,0x2E,0x29,0x2E,0x29,0x2E,0x29,
0x2E,0x29,0x2E,0x29,0xCA,0xFD,0x19,0x30,0x2C,0x29,0x00,0x34,0x25,0x36,0x25,0x00,
0x3A,0x33,0x27,0x29,0xCA,0x00,0x0B,0x2B,0x33,0x36,0x25,0xFC,0x29,0x37,0x38,0x25,
0x00,0x28,0x29,0x37,0x38,0x36,0x33,0x27,0x25,0x28,0x33,0xCA,0xFC,0x12,0x29,0x2E,
0x29,0x2E,0x29,0x2E,0xCA,0xFF,0xF3,0x12,0x12,0x29,0x2E,0x29,0xE5,0xE5,0xE5,0x2E,
0x29,0xE5,0xE5,0xE5,0xFC,0x20,0x33,0x27,0x29,0x00,0x31,0x29,0x00,0x35,0x39,0x29,
0x26,0x36,0x33,0x39,0xCA,0xFD,0x17,0x25,0x37,0x00,0x32,0x25,0x33,0x00,0x34,0x33,
0x28,0x29,0x36,0x25,0xFC,0x35,0x39,0x29,0x26,0x36,0x25,0x36,0x00,0x33,0x00,0x19,
0x31,0x29,0x2B,0x25,0xCA,0xFC,0x0F,0x39,0x00,0x38,0x29,0x00,0x2B,0x25,0x36,0x25,
0x32,0x38,0x33,0xCA,0xFD,0x12,0x29,0x2E,0x29,0x2E,0x29,0x2E,0x29,0x2E,0x29,0x2E,
0x29,0x29,0x29,0x29,0xCA,0xFC,0xD3,0x35,0x39,0x29,0x2D,0x3C,0x39,0x31,0x29,0xD3,
0xFF,0xF3,0x25,0x1D,0x33,0x39,0x00,0x33,0x00,0x27,0x25,0x33,0xFC,0x2B,0x39,0x25,
0x36,0x28,0x2D,0x25,0x33,0x00,0x28,0x33,0x00,0x12,0x25,0x28,0x29,0x37,0xCA,0xFD,
0x16,0x33,0x36,0x28,0x29,0x00,0x21,0x29,0x2D,0x30,0x00,0x31,0x29,0x00,0x33,0x36,
0x28,0x29,0x32,0x33,0x39,0xFC,0x25,0x00,0x32,0x25,0x33,0x00,0x38,0x29,0x00,0x28,
0x29,0x2D,0x3C,0x25,0x36,0x00,0x34,0x25,0x37,0x37,0x25,0x36,0xE5,0xFD,0x20,0x33,
0x39,0x00,0x38,0x29,0x00,0x28,0x29,0x37,0x34,0x29,0x28,0x25,0x27,0x25,0x36,0x00,
0x25,0xFC,0x31,0x33,0x36,0x28,0x2D,0x28,0x25,0x37,0xCA,0x00,0x20,0x29,0x32,0x2C,
0x25,0xCA,0xFF,0xF3,0x14,0x11,0x36,0x36,0x25,0x36,0x3B,0x33,0x33,0x33,0x36,0x36,
0x36,0xCA,0xFD,0x10,0x25,0x30,0x38,0x25,0x00,0x27,0x25,0x36,0x32,0x29,0xFC,0x32,
0x33,0x37,0x00,0x37,0x29,0x39,0x37,0x00,0x33,0x37,0x37,0x33,0x37,0xCA,0xFC,0x0B,
0x2D,0x32,0x28,0x25,0x00,0x29,0x37,0x38,0x33,0x39,0x00,0x27,0x33,0x31,0x00,0x2A,
0x33,0x31,0x29,0xCA,0xFF,0xF3,0x14,0x0D,0xD6,0x27,0x33,0x31,0x33,0x00,0x2D,0x37,
0x37,0x33,0xFC,0x25,0x27,0x33,0x32,0x38,0x29,0x27,0x29,0x39,0xDD,0x00,0x1A,0x33,
0x36,0x00,0x35,0x39,0x29,0x00,0x32,0x25,0x33,0xFC,0x34,0x33,0x37,0x37,0x33,0x00,
0x28,0x29,0x37,0x34,0x29,0x28,0x25,0x27,0x25,0xD6,0x30,0x33,0xDD,0xFD,0x1A,0x33,
0x36,0x00,0x35,0x39,0x29,0x00,0x31,0x29,0x39,0x00,0x27,0x33,0x36,0x34,0x33,0xFC,
0x28,0x33,0x2D,0x00,0x28,0x29,0x00,0x32,0x33,0x3A,0x33,0xDD,0xFC,0x0B,0x2D,0xE5,
0xE5,0xE5,0x00,0x0B,0x2D,0xE5,0xE5,0xE5,0x00,0x0B,0x2D,0x2D,0x2D,0xCA,0xFD,0x11,
0x36,0x36,0x25,0x39,0x3B,0x36,0x39,0x39,0x36,0x36,0x36,0x36,0xCA,0xFF,0xF3,0x53,
0x12,0x29,0x2E,0x29,0x2E,0x29,0x2E,0x29,0xE5,0xE5,0xE5,0xFD,0x0F,0x37,0x38,0x25,
0x00,0x37,0x29,0x00,0x28,0x2D,0x3A,0x29,0x36,0x38,0x2D,0x32,0x28,0x33,0xFC,0x2A,
0x25,0x3E,0x29,0x32,0x28,0x33,0x00,0x28,0x29,0x00,0x2C,0x29,0x36,0x33,0x2D,0xE8,
0xFC,0x24,0x29,0x36,0x33,0xDD,0x00,0x12,0x31,0x31,0x31,0xDD,0xFD,0xF3,0x04,0x1D,
0x25,0x26,0x29,0xE8,0x00,0x29,0x00,0x3A,0x29,0x36,0x28,0x25,0x28,0x29,0xE8,0xFC,
0x35,0x39,0x29,0x00,0x32,0x25,0x33,0x00,0x38,0x29,0x32,0x2C,0x33,0x00,0x38,0x29,
0x31,0x34,0x33,0xFC,0x34,0x25,0x36,0x25,0x00,0x37,0x29,0x39,0x37,0x00,0x2E,0x33,
0x2B,0x33,0x37,0xFD,0x2D,0x32,0x37,0x2D,0x2B,0x32,0x2D,0x2A,0x2D,0x27,0x25,0x32,
0x38,0x29,0x37,0xDD,0xFD,0x0F,0x32,0x38,0x25,0x33,0x00,0x3A,0x25,0x31,0x33,0x37,
0x00,0x25,0x27,0x25,0x26,0x25,0x36,0xFC,0x27,0x33,0x31,0x00,0x2D,0x37,0x37,0x33,
0x00,0x28,0x29,0x00,0x39,0x31,0x25,0x00,0x3A,0x29,0x3E,0xFC,0x34,0x33,0x36,0x00,
0x38,0x33,0x28,0x25,0x37,0xE8,0x00,0x37,0x2D,0x31,0xDD,0xFD,0xF3,0x53,0x12,0x29,
0x2E,0x29,0x2E,0x29,0x2E,0x29,0xE5,0xE5,0xE5,0xFC,0x1B,0x39,0x29,0x00,0x34,0x25,
0x38,0x29,0x38,0x2D,0x27,0x33,0xE5,0xFD,0x0D,0x30,0x25,0x36,0x33,0xE8,0x00,0x39,
0x31,0x00,0x1C,0x29,0x34,0x30,0x33,0x2D,0x28,0x29,0xFC,0x27,0x33,0x31,0x33,0x00,
0x3A,0x33,0x27,0x29,0x00,0x2E,0x25,0x31,0x25,0x2D,0x37,0xFC,0x29,0x32,0x38,0x29,
0x32,0x28,0x29,0x36,0x2D,0x25,0xE5,0xFD,0x19,0x00,0x34,0x36,0x25,0x3E,0x29,0x36,
0x00,0x28,0x29,0xFC,0x2B,0x33,0x3A,0x29,0x36,0x32,0x25,0x36,0x00,0x38,0x39,0x28,
0x33,0x00,0x33,0xFC,0x35,0x39,0x29,0x00,0x3A,0x29,0xE5,0xE5,0xE5,0xFD,0x1D,0x33,
0x00,0x39,0x31,0x00,0x2C,0x39,0x31,0x25,0x32,0x33,0xFC,0x34,0x33,0x28,0x29,0x36,
0x2D,0x25,0x00,0x29,0x32,0x38,0x29,0x32,0x28,0x29,0x36,0xCA,0xFD,0xF3,0x04,0x1F,
0x31,0xE5,0xE5,0xE5,0x00,0x2C,0x39,0x31,0x25,0x32,0x33,0xDD,0xFF,0xF3,0x53,0xFB,
0x13,0x37,0x37,0x33,0x00,0x31,0x29,0x37,0x31,0x33,0xCA,0xFC,0x1D,0x33,0x39,0x00,
0x39,0x31,0x00,0x25,0x39,0x38,0x29,0x32,0x38,0x2D,0x27,0x33,0xFC,0x2C,0x39,0x31,
0x25,0x32,0x33,0xE5,0xFD,0x19,0x00,0x27,0x36,0x2D,0x25,0x28,0x33,0x36,0x00,0x28,
0x33,0x37,0xFC,0x1C,0x29,0x34,0x30,0x33,0x2D,0x28,0x29,0x37,0xE5,0xE5,0xE5,0xFD,
0x1F,0x31,0x00,0x37,0x29,0x36,0x00,0x2C,0x39,0x31,0x25,0x32,0x33,0xCA,0xFD,0xF3,
0x04,0xFB,0xE5,0xE5,0xE5,0xFD,0xF3,0x53,0xFB,0x19,0x00,0x28,0x29,0x37,0x29,0x2E,
0x33,0x00,0x28,0x29,0x00,0x34,0x33,0x28,0x29,0x36,0xE5,0xFC,0x19,0x00,0x34,0x36,
0x25,0x3E,0x29,0x36,0x00,0x28,0x29,0x00,0x2A,0x25,0x3E,0x29,0x36,0xFC,0x38,0x39,
0x28,0x33,0x00,0x2A,0x39,0x32,0x27,0x2D,0x33,0x32,0x25,0x36,0xFD,0x34,0x25,0x36,
0x25,0x00,0x3A,0x33,0x27,0x29,0xE5,0xFC,0x18,0x25,0x33,0x00,0x38,0x29,0x31,0x00,
0x27,0x33,0x31,0x33,0xFC,0x29,0x3C,0x34,0x29,0x36,0x2D,0x31,0x29,0x32,0x38,0x25,
0x36,0x00,0x2D,0x37,0x37,0x33,0xFD,0x37,0x29,0x31,0x00,0x39,0x31,0x00,0x27,0x29,
0x36,0x29,0x26,0x36,0x33,0xFC,0x2C,0x39,0x31,0x25,0x32,0x33,0xE5,0x00,0x0F,0x00,
0x33,0xFC,0x34,0x36,0x25,0x3E,0x29,0x36,0x00,0x37,0x39,0x34,0x36,0x29,0x31,0x33,
0xCA,0xFD,0x18,0x29,0x32,0x2C,0x39,0x31,0x00,0x37,0x2D,0x31,0x34,0x30,0x29,0x37,
0xFC,0x1C,0x29,0x34,0x30,0x33,0x2D,0x28,0x29,0x00,0x34,0x33,0x28,0x29,0x36,0x2D,
0x25,0xFC,0x29,0x32,0x38,0x29,0x32,0x28,0x29,0x36,0xCA,0xFF,0xF3,0x04,0x0B,0x34,
0x33,0x37,0x38,0x33,0x00,0x35,0x39,0x29,0x00,0x25,0xFC,0x31,0x25,0x2D,0x33,0x36,
0x2D,0x25,0x00,0x28,0x33,0x37,0x00,0x2C,0x39,0x31,0x25,0x32,0x33,0x37,0xFC,0x28,
0x29,0x27,0x29,0x32,0x38,0x29,0x37,0x00,0x38,0x25,0x31,0x26,0x29,0x31,0x00,0x32,
0x25,0x33,0xFD,0x29,0x32,0x38,0x29,0x32,0x28,0x29,0x36,0x2D,0x25,0xE5,0xFD,0x1A,
0x25,0x36,0x25,0x00,0x31,0x2D,0x31,0xE8,0x00,0x3A,0x33,0x27,0x29,0x00,0x32,0x25,
0x33,0x00,0x29,0x00,0x31,0x25,0x2D,0x37,0xFC,0x35,0x39,0x29,0x00,0x33,0x39,0x38,
0x36,0x33,0x00,0x17,0x25,0x3A,0x29,0x36,0x2D,0x27,0x2F,0xE5,0xFC,0x1D,0x33,0x00,
0x34,0x36,0x29,0x27,0x2D,0x37,0x33,0x00,0x25,0x27,0x25,0x26,0x25,0x36,0xFD,0x27,
0x33,0x31,0x00,0x3A,0x33,0x27,0x29,0x00,0x27,0x33,0x31,0x33,0x00,0x27,0x33,0x31,
0xFC,0x35,0x39,0x25,0x30,0x35,0x39,0x29,0x36,0x00,0x33,0x39,0x38,0x36,0x33,0xFC,
0x17,0x25,0x3A,0x29,0x36,0x2D,0x27,0x2F,0xE5,0xFD,0xF3,0x53,0x12,0x29,0x2E,0x29,
0x2E,0x29,0x2E,0x29,0xE5,0xE5,0xE5,0xFD,0x0C,0x29,0x31,0xE8,0x00,0x26,0x29,0x31,
0xCA,0xFD,0x19,0x38,0x2D,0x31,0x33,0x00,0x28,0x2D,0x37,0x27,0x39,0x36,0x37,0x33,
0xE8,0xFC,0x24,0x29,0x36,0x33,0xCA,0x00,0x1D,0x29,0x00,0x37,0x29,0x32,0x38,0x29,
0xFC,0x33,0x38,0x2D,0x31,0x33,0xE8,0x00,0x32,0x25,0x33,0x00,0x29,0xDD,0xFF,0xF3,
0x3F,0x19,0x2C,0xE8,0x00,0x33,0x2C,0x00,0x2C,0x33,0xE8,0x00,0x24,0x29,0x29,0x29,
0x36,0x36,0x33,0x33,0xCA,0xFD,0xF3,0x53,0x20,0x33,0x27,0x29,0x00,0x29,0x36,0x25,
0x00,0x28,0x2D,0x3A,0x29,0x36,0x38,0x2D,0x28,0x33,0xE8,0xFC,0x24,0x29,0x36,0x33,
0xE5,0xFD,0x11,0x33,0x37,0x38,0x25,0x36,0x2D,0x25,0x00,0x28,0x29,0x00,0x27,0x33,
0x32,0x38,0x2D,0x32,0x39,0x25,0x36,0xFC,0x2E,0x33,0x2B,0x25,0x32,0x28,0x33,0xE8,
0x00,0x31,0x25,0x37,0x00,0x2E,0x25,0x00,0x29,0xFC,0x2C,0x33,0x36,0x25,0x00,0x28,
0x29,0x00,0x32,0x33,0x37,0x00,0x37,0x29,0x34,0x25,0x36,0x25,0x36,0x31,0x33,0x37,
0xE5,0xFD,0x0B,0x2D,0x32,0x28,0x25,0x00,0x38,0x29,0x32,0x2C,0x33,0x00,0x25,0x30,
0x2B,0x39,0x31,0x25,0x37,0xFC,0x37,0x39,0x36,0x34,0x36,0x29,0x37,0x25,0x37,0x00,
0x28,0x2D,0x3A,0x29,0x36,0x38,0x2D,0x28,0x25,0x37,0xFC,0x34,0x25,0x36,0x25,0x00,
0x3A,0x33,0x27,0x29,0xE5,0xE5,0xE5,0xFD,0x0B,0x34,0x36,0x33,0x3A,0x29,0x2D,0x38,
0x29,0xD6,0x25,0x37,0x00,0x25,0x38,0x29,0xFC,0x33,0x00,0x2A,0x2D,0x31,0xE8,0x00,
0x24,0x29,0x36,0x33,0xCA,0xFF,0xF3,0x3F,0x11,0x36,0x36,0x36,0xE5,0xE5,0xE5,0x00,
0x1C,0x25,0x36,0x3B,0x36,0x25,0x36,0x36,0xCA,0xFD,0xF3,0x53,0x12,0x29,0x2E,0x29,
0x2E,0x29,0xE5,0xE5,0xE5,0xFC,0x18,0x25,0x33,0x00,0x29,0x37,0x38,0x25,0x00,0x31,
0x25,0x30,0xE8,0x00,0x24,0x29,0x36,0x33,0xE5,0xFD,0x17,0x25,0x37,0x00,0x33,0x00,
0x3A,0x29,0x36,0x28,0x25,0x28,0x29,0x2D,0x36,0x33,0xFC,0x34,0x33,0x28,0x29,0x36,
0x00,0x28,0x33,0x00,0x19,0x31,0x29,0x2B,0x25,0x00,0x29,0xFC,0x31,0x39,0x2D,0x38,
0x33,0x00,0x31,0x25,0x2D,0x33,0x36,0x00,0x28,0x33,0x00,0x35,0x39,0x29,0xFD,0x2A,
0x2D,0x3E,0x29,0x36,0x25,0x31,0x00,0x3A,0x33,0x27,0x29,0xFC,0x25,0x27,0x36,0x29,
0x28,0x2D,0x38,0x25,0x36,0xE5,0xFD,0x20,0x33,0x2B,0x39,0x29,0x00,0x34,0x33,0x36,
0x00,0x29,0x30,0x29,0xE8,0x00,0x19,0x31,0x29,0x2B,0x25,0xCA,0xFD,0x16,0x2D,0x26,
0x29,0x36,0x29,0x00,0x33,0x00,0x34,0x33,0x28,0x29,0x36,0xFC,0x28,0x25,0x00,0x0E,
0x25,0x36,0x2F,0x00,0x0F,0x30,0x2A,0xCA,0xCA,0xCA,0xFF,0xF3,0x3F,0x11,0x36,0x36,
0x36,0x36,0x36,0x36,0x1C,0x1C,0x1C,0x1C,0x1C,0x0B,0x0B,0x21,0x1C,0x1C,0xCA,0xCA,
0xFF,0xF3,0x04,0x1B,0x39,0x29,0x00,0x30,0x39,0x2B,0x25,0x36,0x00,0x29,0x00,0x29,
0x37,0x38,0x29,0xDD,0xFF,0xF3,0x04,0x0F,0x37,0x38,0x29,0x00,0x29,0x00,0x33,0x00,
0x30,0x39,0x2B,0x25,0x36,0xFC,0x33,0x32,0x28,0x29,0x00,0x29,0x39,0x00,0x28,0x33,
0x36,0x31,0x2D,0x25,0xE5,0xE5,0xE5,0xFF,0xF3,0x53,0x12,0x29,0x2E,0x29,0x2E,0x29,
0x2E,0x29,0x2E,0x29,0xCA,0xFC,0x0F,0x3C,0x27,0x29,0x30,0x29,0x32,0x38,0x29,0xE8,
0x00,0x24,0x29,0x36,0x33,0xCA,0xFD,0x1D,0x29,0x39,0x00,0x34,0x33,0x28,0x29,0x36,
0x00,0x29,0x00,0x29,0x3C,0x38,0x36,0x25,0xD6,0xFC,0x33,0x36,0x28,0x2D,0x32,0x25,
0x36,0x2D,0x33,0xE8,0x00,0x34,0x25,0x36,0x25,0x00,0x37,0x29,0x36,0xFC,0x39,0x31,
0x00,0x37,0x2D,0x31,0x34,0x30,0x29,0x37,0x00,0x2A,0x25,0x30,0x37,0x33,0xE5,0xFD,
0xF3,0x04,0x10,0x25,0x30,0x37,0x33,0xCA,0xDD,0xFF,0xF3,0x53,0x12,0x29,0x2E,0x29,
0x2E,0x29,0x2E,0x29,0xE5,0xE5,0xE5,0xFC,0x20,0x33,0x27,0x29,0xE8,0x00,0x33,0x00,
0x30,0x29,0x2B,0x29,0x32,0x28,0x25,0x36,0x2D,0x33,0xFC,0x1C,0x29,0x34,0x30,0x33,
0x2D,0x28,0x29,0xDD,0x00,0x13,0x28,0x2D,0x33,0x38,0x25,0xCA,0xFD,0x0B,0x35,0x39,
0x29,0x30,0x29,0x37,0x00,0x34,0x29,0x36,0x28,0x29,0x28,0x33,0x36,0x29,0x37,0x00,
0x28,0x25,0xFC,0x1C,0x29,0x37,0x2D,0x37,0x38,0x29,0x32,0x27,0x2D,0x25,0x00,0x25,
0x34,0x29,0x32,0x25,0x37,0xFC,0x28,0x29,0x27,0x2D,0x28,0x2D,0x36,0x25,0x31,0x00,
0x27,0x2C,0x25,0x31,0x25,0x36,0xFD,0x28,0x29,0x00,0xE9,0x24,0x29,0x36,0x33,0xE9,
0x00,0x33,0x00,0x1C,0x29,0x34,0x30,0x33,0x2D,0x28,0x29,0xFC,0x35,0x39,0x29,0x00,
0x29,0x32,0x27,0x33,0x32,0x38,0x36,0x25,0x36,0x25,0x31,0x00,0x25,0x35,0x39,0x2D,
0xFC,0x34,0x33,0x36,0x00,0x25,0x30,0x2B,0x39,0x31,0x25,0x00,0x36,0x25,0x3E,0x25,
0x33,0xE5,0xE5,0xE5,0xFD,0x20,0x33,0x27,0x29,0x00,0x34,0x33,0x28,0x29,0x00,0x37,
0x29,0x36,0x00,0x33,0x00,0x24,0x29,0x36,0x33,0xE8,0xFC,0x28,0x29,0x00,0x27,0x29,
0x36,0x38,0x33,0x00,0x31,0x33,0x28,0x33,0xE8,0xFC,0x31,0x25,0x37,0x00,0x27,0x33,
0x32,0x38,0x2D,0x32,0x39,0x25,0x00,0x37,0x29,0x32,0x28,0x33,0xFD,0x37,0x33,0x00,
0x39,0x31,0x25,0x00,0x27,0x33,0x34,0x2D,0x25,0xE5,0xFD,0x18,0x25,0x33,0x00,0x29,
0x00,0x32,0x29,0x32,0x2C,0x39,0x31,0xFC,0x2C,0x29,0x36,0x33,0x2D,0x00,0x30,0x29,
0x2B,0x29,0x32,0x28,0x25,0x36,0x2D,0x33,0xE5,0xFD,0x1D,0x33,0x00,0x29,0x00,0x39,
0x31,0x25,0xFC,0x36,0x29,0x34,0x36,0x33,0x28,0x39,0x27,0x25,0x33,0xCA,0xFF,0xF3,
0x53,0x12,0x29,0x2E,0x29,0x2E,0x29,0x2E,0x29,0xE5,0xE5,0xE5,0xFD,0x0B,0x27,0x36,
0x29,0x28,0x2D,0x38,0x25,0x3A,0x25,0x00,0x35,0x39,0x29,0x00,0x29,0x36,0x25,0x00,
0x39,0x31,0xFC,0x2C,0x29,0x36,0x33,0x2D,0x00,0x38,0x33,0x28,0x33,0x00,0x29,0x37,
0x37,0x29,0xFC,0x38,0x29,0x31,0x34,0x33,0xE8,0x00,0x32,0x25,0x33,0x00,0x29,0xDD,
0xFD,0x1D,0x29,0x31,0x00,0x37,0x39,0x37,0x34,0x29,0x2D,0x38,0x25,0x36,0x00,0x35,
0x39,0x29,0xFC,0x29,0x36,0x25,0x00,0x25,0x34,0x29,0x32,0x25,0x37,0x00,0x39,0x31,
0x25,0x00,0x27,0x33,0x34,0x2D,0x25,0xE5,0xFC,0x1B,0x39,0x29,0x00,0x36,0x2D,0x28,
0x2D,0x27,0x39,0x30,0x33,0xCA,0xFD,0x19,0x00,0x34,0x36,0x33,0x34,0x36,0x2D,0x33,
0x00,0x19,0x31,0x29,0x2B,0x25,0x00,0x29,0xFC,0x33,0x00,0x39,0x32,0x2D,0x27,0x33,
0x00,0x29,0x00,0x33,0x36,0x2D,0x2B,0x2D,0x32,0x25,0x30,0xFC,0x24,0x29,0x36,0x33,
0xCA,0xFD,0x20,0x33,0x27,0x29,0x00,0x29,0x00,0x25,0x34,0x29,0x32,0x25,0x37,0x00,
0x39,0x31,0x25,0xFC,0x27,0x33,0x34,0x2D,0x25,0x00,0x28,0x29,0x30,0x29,0xCA,0xFD,
0xF3,0x04,0x19,0x00,0x24,0x29,0x36,0x33,0x00,0x33,0x36,0x2D,0x2B,0x2D,0x32,0x25,
0x30,0xE5,0xE5,0xE5,0xFD,0x0F,0x32,0x38,0x25,0x33,0xE8,0x00,0x34,0x33,0x36,0x00,
0x35,0x39,0x29,0xFC,0x29,0x30,0x29,0x00,0x29,0x00,0x37,0x29,0x39,0x00,0x29,0x37,
0x27,0x36,0x25,0x3A,0x33,0xDD,0xFD,0xF3,0x53,0x12,0x31,0x34,0x2C,0xCA,0x00,0x0F,
0x00,0x39,0x31,0x00,0x37,0x25,0x32,0x2B,0x39,0x2D,0xD6,0xFC,0x32,0x25,0x36,0x2D,
0x33,0x00,0x0E,0x29,0x39,0x37,0x00,0x28,0x25,0xFC,0x0E,0x29,0x37,0x38,0x36,0x39,
0x2D,0x27,0x25,0x33,0xE8,0xFD,0x37,0x33,0x00,0x33,0x00,0x31,0x29,0x30,0x2C,0x33,
0x36,0x29,0x2D,0x00,0x34,0x25,0x36,0x25,0xFC,0x29,0x3C,0x38,0x36,0x25,0x2D,0x36,
0x00,0x38,0x33,0x28,0x33,0x00,0x33,0x00,0x37,0x29,0x39,0xFC,0x34,0x33,0x28,0x29,
0x36,0xE5,0xFD,0x17,0x39,0x2D,0x38,0x33,0x00,0x26,0x29,0x31,0xE8,0x00,0x19,0x31,
0x29,0x2B,0x25,0xE5,0xE5,0xE5,0xFC,0xE5,0xE5,0xE5,0x33,0x39,0x00,0x28,0x29,0x3A,
0x33,0x00,0x28,0x2D,0x3E,0x29,0x36,0xFC,0xE9,0x24,0x29,0x36,0x33,0x00,0x33,0x36,
0x2D,0x2B,0x2D,0x32,0x25,0x30,0xE9,0xDD,0xFD,0x12,0x33,0x36,0x25,0x00,0x28,0x29,
0x00,0x25,0x27,0x33,0x36,0x28,0x25,0x36,0xFC,0x29,0x37,0x38,0x29,0x00,0x34,0x25,
0x38,0x29,0x38,0x2D,0x27,0x33,0x00,0x2A,0x25,0x30,0x37,0x33,0xFC,0x28,0x29,0x00,
0x37,0x29,0x39,0x00,0x37,0x33,0x32,0x2C,0x33,0x00,0x28,0x29,0x00,0x39,0x31,0xFD,
0x37,0x29,0x27,0x39,0x30,0x33,0xCA,0xFF,0xF3,0x04,0x1A,0x30,0x25,0x32,0x29,0x2E,
0x25,0xE5,0xE5,0xE5,0xFC,0x36,0x29,0x25,0x38,0x2D,0x3A,0x25,0x36,0x00,0x33,0x00,
0x19,0x31,0x29,0x2B,0x25,0xDD,0xFF,0xF3,0x04,0xD3,0x2B,0x39,0x30,0x34,0xCA,0xD3,
0xFD,0xF3,0x53,0x12,0x29,0x2E,0x29,0x2E,0x29,0xE5,0xE5,0xE5,0xFC,0x19,0x30,0x2C,
0x29,0xE8,0x00,0x31,0x25,0x37,0x00,0x32,0x25,0x33,0xFC,0x2D,0x32,0x38,0x29,0x36,
0x2A,0x2D,0x36,0x25,0xE5,0xFD,0x18,0x25,0x33,0x00,0x37,0x29,0x00,0x29,0x37,0x35,
0x39,0x29,0x27,0x25,0xE5,0xE5,0xE5,0xFD,0x1E,0x29,0x32,0x2C,0x33,0x00,0x25,0x37,
0x00,0x3A,0x2D,0x28,0x25,0x37,0x00,0x28,0x29,0xFC,0x38,0x33,0x28,0x33,0x37,0x00,
0x33,0x37,0x00,0x2C,0x39,0x31,0x25,0x32,0x33,0x37,0x00,0x29,0xFC,0x1C,0x29,0x34,
0x30,0x33,0x2D,0x28,0x29,0x37,0x00,0x29,0x31,0xFD,0x31,0x2D,0x32,0x2C,0x25,0x37,
0x00,0x31,0x25,0x33,0x37,0xCA,0xFD,0xF3,0x04,0x0F,0x36,0x2F,0xCA,0xFF,0xF3,0x2C,
0x24,0x29,0x36,0x33,0xCA,0xFC,0x19,0x00,0x35,0x39,0x29,0x00,0x29,0x37,0x38,0x25,
0x00,0x2A,0x25,0x3E,0x29,0x32,0x28,0x33,0xDD,0xCA,0xFC,0x1C,0x25,0x34,0x2D,0x28,
0x33,0xE8,0x00,0x30,0x29,0x3A,0x25,0x32,0x38,0x29,0xD6,0x37,0x29,0xCA,0xFF,0xF3,
0x30,0x0F,0x2D,0xCA,0xFD,0x20,0x2D,0x31,0x00,0x25,0x2E,0x39,0x37,0x38,0x25,0x36,
0xFC,0x27,0x33,0x32,0x38,0x25,0x37,0xE8,0x00,0x19,0x31,0x29,0x2B,0x25,0xCA,0xFF,
0xF3,0x2E,0x0F,0x00,0x2C,0x33,0x36,0x25,0x00,0x28,0x29,0xFC,0x29,0x37,0x27,0x30,
0x25,0x36,0x29,0x27,0x29,0x36,0x00,0x2D,0x37,0x37,0x33,0xCA,0xFF,0xF3,0x04,0x1A,
0x29,0x37,0x37,0x33,0x25,0x30,0xCA,0xFD,0xF3,0x2C,0x21,0x29,0x2D,0x30,0x00,0x38,
0x29,0x32,0x38,0x25,0xFC,0x29,0x32,0x2B,0x25,0x32,0x25,0x36,0x00,0x3A,0x33,0x27,
0x29,0xE5,0xE5,0xE5,0xFD,0x0F,0x30,0x29,0x00,0x32,0x25,0x33,0x00,0x34,0x33,0x28,
0x29,0x00,0x2A,0x25,0x3E,0x29,0x36,0x00,0x32,0x25,0x28,0x25,0xFC,0x32,0x33,0x00,
0x37,0x29,0x39,0x00,0x29,0x37,0x38,0x25,0x28,0x33,0xFC,0x25,0x38,0x39,0x25,0x30,
0xE5,0xFD,0xF3,0x53,0x0B,0x36,0x2B,0x2C,0xCA,0xFC,0x0E,0x25,0x36,0x2F,0x00,0x0F,
0x30,0x2A,0xCA,0xFD,0x2A,0x25,0x27,0x25,0xD6,0x33,0x37,0x00,0x27,0x25,0x30,0x25,
0x36,0x00,0x25,0x00,0x26,0x33,0x27,0x25,0xCA,0xFF,0xF3,0x39,0x24,0x29,0x29,0x29,
0x29,0x36,0x36,0x33,0x33,0x33,0x33,0xCA,0xFD,0xF3,0x73,0x19,0x00,0x35,0x39,0x29,
0x00,0x29,0x37,0x38,0x25,0x00,0x25,0x27,0x33,0x32,0x38,0x29,0x27,0x29,0x32,0x28,
0x33,0xE8,0xFC,0x0E,0x25,0x36,0x2F,0x00,0x0F,0x30,0x2A,0xDD,0xCA,0xFF,0xF3,0x34,
0x0F,0x30,0x25,0xE5,0xE5,0xE5,0xFD,0x0B,0x00,0x31,0x25,0x30,0x28,0x2D,0x27,0x25,
0x33,0x00,0x28,0x25,0xFC,0x0E,0x25,0x36,0x2F,0x00,0x0F,0x30,0x2A,0x00,0x29,0x37,
0x38,0x25,0x00,0x37,0x29,0xFC,0x28,0x29,0x37,0x3A,0x25,0x32,0x29,0x27,0x29,0x32,
0x28,0x33,0xE5,0xE5,0xE5,0xFD,0xF3,0x53,0x1B,0x39,0x29,0x31,0x00,0x29,0x00,0x29,
0x37,0x37,0x29,0xDD,0x00,0x22,0xDD,0xCA,0xFD,0xF3,0x34,0x0B,0x37,0x37,0x2D,0x31,
0x00,0x29,0xE8,0x00,0x21,0x29,0x2D,0x30,0xE5,0xFC,0x0D,0x33,0x31,0x33,0x00,0x2C,
0x25,0x00,0x39,0x31,0x00,0x37,0x29,0x27,0x39,0x30,0x33,0xE5,0xE5,0xE5,0xFD,0x1E,
0x36,0x25,0x26,0x25,0x30,0x2C,0x29,0x2D,0x00,0x27,0x33,0x31,0x00,0x33,0x00,0x24,
0x29,0x36,0x33,0xFC,0x34,0x25,0x36,0x25,0x00,0x28,0x29,0x36,0x36,0x33,0x38,0x25,
0x36,0x00,0x33,0xFC,0x19,0x31,0x29,0x2B,0x25,0x00,0x29,0x32,0x38,0x25,0x33,0xE5,
0xE5,0xE5,0xFD,0x0F,0x00,0x37,0x25,0x30,0x3A,0x25,0x31,0x33,0x37,0x00,0x33,0x00,
0x31,0x39,0x32,0x28,0x33,0xFC,0x28,0x25,0x37,0x00,0x37,0x39,0x25,0x37,0x00,0x2B,
0x25,0x36,0x36,0x25,0x37,0xFC,0x25,0x3A,0x25,0x36,0x29,0x32,0x38,0x25,0x37,0xE5,
0xFD,0xF3,0x04,0x0D,0x33,0x31,0x33,0x00,0x2C,0x25,0xE5,0xE5,0xE5,0x00,0x39,0x31,
0xFC,0x37,0x29,0x27,0x39,0x30,0x33,0xDD,0xFD,0xF3,0x34,0x19,0x00,0x19,0x31,0x29,
0x2B,0x25,0x00,0x28,0x29,0x36,0x36,0x33,0x38,0x25,0x28,0x33,0xFC,0x39,0x37,0x25,
0x00,0x33,0x00,0x37,0x29,0x39,0x00,0x27,0x33,0x36,0x34,0x33,0xFC,0x33,0x36,0x2D,
0x2B,0x2D,0x32,0x25,0x30,0xE5,0xFD,0x0F,0x00,0x38,0x25,0x33,0x00,0x37,0x2D,0x31,
0x34,0x30,0x29,0x37,0x00,0x25,0x37,0x37,0x2D,0x31,0xE5,0xE5,0xE5,0xFD,0x19,0x00,
0x37,0x29,0x39,0x00,0x27,0x33,0x36,0x34,0x33,0x00,0x25,0x38,0x39,0x25,0x30,0xFC,
0x34,0x33,0x28,0x29,0x00,0x37,0x29,0x36,0x00,0x39,0x31,0x25,0xFC,0x27,0x33,0x34,
0x2D,0x25,0xE5,0xE5,0xE5,0xFD,0x17,0x25,0x37,0x00,0x33,0x00,0x37,0x29,0x39,0x00,
0x27,0x33,0x36,0x25,0x27,0x25,0x33,0xFC,0x29,0x00,0x33,0x00,0x3A,0x29,0x36,0x28,
0x25,0x28,0x29,0x2D,0x36,0x33,0xE5,0xFD,0x0C,0x29,0x31,0xE8,0x00,0x25,0x2B,0x33,
0x36,0x25,0x00,0x29,0x00,0x33,0xFC,0x31,0x33,0x31,0x29,0x32,0x38,0x33,0xE5,0x00,
0x0F,0x32,0x35,0x39,0x25,0x32,0x38,0x33,0x00,0x33,0xFC,0x34,0x33,0x28,0x29,0x36,
0x00,0x28,0x25,0x00,0x0E,0x25,0x36,0x2F,0x00,0x0F,0x30,0x2A,0xFD,0x29,0x00,0x2A,
0x36,0x25,0x27,0x33,0xE5,0xFD,0x12,0x33,0x36,0x25,0x00,0x28,0x29,0x00,0x38,0x29,
0x36,0x31,0x2D,0x32,0x25,0x36,0xFC,0x33,0x00,0x35,0x39,0x29,0x00,0x3A,0x33,0x27,
0x29,0x00,0x27,0x33,0x31,0x29,0x27,0x33,0x39,0xFC,0x2C,0x25,0x00,0x39,0x31,0x00,
0x37,0x29,0x27,0x39,0x30,0x33,0xE8,0x00,0x24,0x29,0x36,0x33,0xCA,0xFF,0xF3,0x53,
0x24,0x29,0x36,0x33,0xE8,0x00,0x32,0x25,0x33,0x00,0x2A,0x25,0x27,0x25,0x00,0x2D,
0x37,0x37,0x33,0xCA,0xFD,0x0F,0x37,0x37,0x29,0x00,0x29,0x00,0x33,0x00,0x37,0x29,
0x39,0x00,0x27,0x33,0x36,0x34,0x33,0xFC,0x33,0x36,0x2D,0x2B,0x2D,0x32,0x25,0x30,
0xCA,0x00,0x18,0x25,0x33,0x00,0x37,0x29,0x32,0x38,0x29,0xFC,0x32,0x29,0x32,0x2C,
0x39,0x31,0x00,0x25,0x34,0x29,0x2B,0x33,0xDD,0xFD,0x0E,0x29,0x00,0x3A,0x29,0x36,
0x28,0x25,0x28,0x29,0x00,0x29,0x37,0x38,0x25,0xFC,0x28,0x2D,0x37,0x34,0x33,0x37,
0x38,0x33,0x00,0x25,0x00,0x34,0x25,0x37,0x37,0x25,0x36,0xFC,0x33,0x00,0x36,0x29,
0x37,0x38,0x33,0x00,0x28,0x25,0x00,0x37,0x39,0x25,0x00,0x3A,0x2D,0x28,0x25,0xFD,
0x32,0x29,0x37,0x37,0x25,0x00,0x27,0x33,0x34,0x2D,0x25,0xFC,0x26,0x25,0x36,0x25,
0x38,0x25,0xDD,0xFD,0xF3,0x34,0x20,0x33,0x27,0x29,0x00,0x34,0x33,0x28,0x29,0x00,
0x2A,0x25,0x3E,0x29,0x36,0xE5,0xFD,0x1D,0x25,0x26,0x29,0x00,0x33,0x00,0x35,0x39,
0x29,0x00,0x29,0x00,0x33,0xFC,0x36,0x29,0x25,0x30,0x31,0x29,0x32,0x38,0x29,0x00,
0x2D,0x31,0x34,0x33,0x36,0x38,0x25,0x32,0x38,0x29,0xE5,0xFD,0x0F,0x31,0x00,0x2A,
0x36,0x29,0x32,0x38,0x29,0xE8,0x00,0x24,0x29,0x36,0x33,0xCA,0xFF,0xF3,0x70,0x24,
0x29,0xE5,0xE5,0xE5,0x36,0x33,0xE5,0xE5,0xE5,0xFC,0x24,0x29,0x36,0x33,0xE5,0xE5,
0xE5,0xFD,0x0B,0x27,0x33,0x36,0x28,0x29,0xE5,0xE5,0xE5,0xFC,0x24,0x29,0x36,0x33,
0xE5,0xE5,0xE5,0xFF,0xF3,0x34,0x1A,0x33,0x28,0x29,0x00,0x31,0x29,0x00,0x33,0x39,
0x3A,0x2D,0x36,0xE8,0xFC,0x24,0x29,0x36,0x33,0xDD,0xFD,0x0B,0x00,0x31,0x2D,0x32,
0x2C,0x25,0x00,0x29,0x32,0x29,0x36,0x2B,0x2D,0x25,0x00,0x29,0x37,0x38,0x25,0xFC,
0x35,0x39,0x25,0x37,0x29,0x00,0x29,0x37,0x2B,0x33,0x38,0x25,0x28,0x25,0xE5,0xFD,
0x18,0x25,0x33,0x00,0x34,0x33,0x37,0x37,0x33,0xE5,0xE5,0xE5,0xFC,0x2A,0x2D,0x27,
0x25,0x36,0x00,0x32,0x29,0x37,0x38,0x29,0xFC,0x31,0x39,0x32,0x28,0x33,0xE5,0xE5,
0xE5,0x00,0x31,0x39,0x2D,0x38,0x33,0x00,0x31,0x25,0x2D,0x37,0xE5,0xFD,0x24,0x29,
0x36,0x33,0xE5,0xE5,0xE5,0xFD,0x1B,0x39,0x29,0x36,0x33,0x00,0x28,0x29,0x2D,0x3C,
0x25,0x36,0x00,0x29,0x37,0x38,0x29,0xFC,0x31,0x39,0x32,0x28,0x33,0x00,0x29,0x31,
0x00,0x37,0x39,0x25,0x37,0x00,0x31,0x25,0x33,0x37,0xE5,0xFD,0x0B,0x00,0x25,0x31,
0x29,0x25,0x27,0x25,0x00,0x35,0x39,0x29,0xFC,0x33,0x00,0x21,0x29,0x2D,0x30,0x00,
0x36,0x29,0x34,0x36,0x29,0x37,0x29,0x32,0x38,0x25,0xFC,0x32,0x25,0x33,0x00,0x28,
0x29,0x37,0x25,0x34,0x25,0x36,0x29,0x27,0x29,0x39,0xE5,0xFD,0x1B,0x39,0x29,0x36,
0x33,0x00,0x35,0x39,0x29,0xE5,0xE5,0xE5,0xFC,0x34,0x36,0x33,0x38,0x29,0x2E,0x25,
0x00,0x2C,0x39,0x31,0x25,0x32,0x33,0x37,0xFC,0x29,0x00,0x1C,0x29,0x34,0x30,0x33,
0x2D,0x28,0x29,0x37,0xE5,0xFD,0x24,0x29,0xE5,0xE5,0xE5,0x36,0x33,0xE5,0xE5,0xE5,
0xFC,0x20,0x33,0x27,0x29,0x00,0x34,0x33,0x28,0x29,0x00,0x2A,0x25,0x3E,0x29,0x36,
0xE5,0xE5,0xE5,0xFC,0x20,0x33,0x27,0x29,0xE5,0xE5,0xE5,0x00,0x34,0x33,0x28,0x29,
0xE5,0xE5,0xE5,0xFF,0xF3,0x40,0x24,0x29,0x36,0x33,0xE8,0x00,0x25,0x27,0x33,0x36,
0x28,0x29,0xCA,0xFF,0xF3,0x40,0x24,0x29,0x36,0x33,0xCA,0xFD,0x0B,0x2C,0xE8,0x00,
0x35,0x39,0x29,0x00,0x25,0x30,0x2D,0x3A,0x2D,0x33,0xCA,0xFC,0x0F,0x37,0x38,0x25,
0x3A,0x25,0x00,0x38,0x25,0x33,0x00,0x34,0x36,0x29,0x33,0x27,0x39,0x34,0x25,0x28,
0x25,0xFC,0x27,0x33,0x31,0x00,0x3A,0x33,0x27,0x29,0xE5,0xE5,0xE5,0xFD,0xF3,0x6C,
0x1D,0x36,0xE5,0x00,0x24,0x29,0x36,0x33,0xCA,0x00,0x12,0x25,0xFC,0x36,0x29,0x27,
0x39,0x34,0x29,0x36,0x25,0x28,0x33,0x00,0x25,0xFC,0x27,0x33,0x32,0x37,0x27,0x2D,
0x29,0x32,0x27,0x2D,0x25,0xE5,0xFD,0x1B,0x39,0x29,0x00,0x25,0x30,0x2D,0x3A,0x2D,
0x33,0xE5,0xE5,0xE5,0xFF,0xF3,0x6C,0x0F,0x2D,0xCA,0x00,0x1E,0x33,0x28,0x33,0x37,
0xCA,0xFD,0x19,0x00,0x1D,0x36,0xE5,0x00,0x24,0x29,0x36,0x33,0x00,0x29,0x37,0x38,
0x25,0xFC,0x25,0x27,0x33,0x36,0x28,0x25,0x28,0x33,0xCA,0x00,0x0F,0x37,0x38,0x25,
0xFC,0x26,0x29,0x31,0xCA,0x00,0x23,0x39,0x2E,0x39,0x39,0xCA,0xFF,0xF3,0x05,0x19,
0x32,0x28,0x29,0x00,0x29,0x37,0x38,0x33,0x39,0xE5,0xE5,0xE5,0xFC,0x25,0x00,0x0C,
0x25,0x37,0x29,0x00,0x28,0x25,0xFC,0x1C,0x29,0x37,0x2D,0x37,0x38,0x29,0x32,0x27,
0x2D,0x25,0xDD,0xFD,0x1B,0x39,0x29,0x31,0x00,0x34,0x33,0x28,0x29,0x00,0x38,0x29,
0x36,0xE5,0xE5,0xE5,0xDD,0xFF,0xF3,0x38,0x24,0x29,0x36,0x36,0x36,0x33,0x33,0x33,
0x33,0xE5,0xE5,0xE5,0xFF,0xF3,0x05,0xFB,0x0E,0x25,0x36,0x2F,0x00,0x0F,0x30,0x2A,
0xDD,0xFD,0x0F,0x37,0x34,0x29,0x36,0x25,0xE5,0xE5,0xE5,0x00,0x32,0x25,0x33,0xE5,
0xFC,0x20,0x33,0x27,0x29,0x00,0x29,0xE5,0xE5,0xE5,0xFD,0xF3,0x43,0x0F,0x30,0x25,
0x00,0x38,0x29,0x00,0x38,0x36,0x33,0x39,0x3C,0x29,0xFC,0x28,0x29,0x00,0x3A,0x33,
0x30,0x38,0x25,0x00,0x25,0x35,0x39,0x2D,0xE5,0xFD,0xF3,0x38,0x24,0x29,0xE5,0xE5,
0xE5,0x36,0x33,0xE5,0xE5,0xE5,0xFD,0xF3,0x40,0x1B,0x39,0x29,0x00,0x30,0x39,0x3E,
0x00,0x38,0x25,0x33,0x00,0x27,0x25,0x30,0x2D,0x28,0x25,0xFC,0x29,0x00,0x37,0x39,
0x25,0x3A,0x29,0xE5,0xE5,0xE5,0xFD,0xF3,0x05,0x17,0x33,0x38,0x2C,0x29,0x36,0x00,
0x0F,0x30,0x2A,0xE5,0xE5,0xE5,0xFD,0x0B,0x00,0x31,0x25,0x30,0x28,0x2D,0x27,0x25,
0x33,0x00,0x28,0x29,0xFC,0x21,0x29,0x2D,0x30,0x00,0x2A,0x33,0x2D,0x00,0x35,0x39,
0x29,0x26,0x36,0x25,0x28,0x25,0xDD,0xFF,0xF3,0x05,0xFB,0x18,0x25,0x33,0x00,0x28,
0x29,0x26,0x29,0x36,0x2D,0x25,0x31,0x33,0x37,0xFC,0x37,0x29,0x2B,0x39,0x2D,0xD6,
0x30,0x25,0xDD,0xFD,0xF3,0x40,0x0F,0x32,0x2A,0x2D,0x31,0x00,0x29,0x00,0x30,0x2D,
0x3A,0x36,0x29,0xE5,0xFD,0x0B,0x2D,0x32,0x28,0x25,0x00,0x2C,0x25,0x00,0x33,0x00,
0x21,0x29,0x2D,0x30,0xE8,0xFC,0x31,0x25,0x37,0x00,0x3A,0x25,0x31,0x33,0x37,0x00,
0x28,0x29,0x2D,0x3C,0x25,0xD6,0x30,0x25,0x00,0x2D,0x36,0xFC,0x29,0x31,0x00,0x34,
0x25,0x3E,0x00,0x34,0x33,0x36,0x00,0x29,0x32,0x35,0x39,0x25,0x32,0x38,0x33,0xE5,
0xFF,0xF3,0x40,0x22,0x00,0x31,0x29,0x00,0x2A,0x25,0x30,0x33,0x39,0x00,0x28,0x29,
0x00,0x3A,0x33,0x27,0x29,0xE8,0xFC,0x24,0x29,0x36,0x33,0xE5,0xFD,0xF3,0x05,0x0F,
0x32,0x38,0x29,0x32,0x28,0x33,0xE5,0xE5,0xE5,0xFD,0xF3,0x40,0x0F,0x39,0x00,0x37,
0x29,0x2D,0x00,0x35,0x39,0x29,0x00,0x3A,0x33,0x27,0x29,0x00,0x32,0x25,0x33,0xFC,
0x37,0x29,0x00,0x34,0x36,0x29,0x33,0x27,0x39,0x34,0x25,0x00,0x27,0x33,0x31,0x00,
0x32,0x25,0x28,0x25,0xE8,0xFC,0x31,0x25,0x37,0xE5,0xE5,0xE5,0xFD,0xF3,0x05,0x4F,
0xDD,0xFD,0xF3,0x40,0x0B,0x2D,0x32,0x28,0x25,0x00,0x35,0x39,0x29,0x00,0x33,0x00,
0x37,0x29,0x39,0x00,0x27,0x33,0x36,0x34,0x33,0xFC,0x37,0x29,0x2E,0x25,0x00,0x39,
0x31,0x25,0x00,0x27,0x33,0x34,0x2D,0x25,0xE5,0xE5,0xE5,0xFD,0x0F,0x32,0x35,0x39,
0x25,0x32,0x38,0x33,0x00,0x33,0x00,0x37,0x29,0x39,0x00,0x27,0x33,0x36,0x25,0x27,
0x25,0x33,0xFC,0x2A,0x33,0x36,0x00,0x37,0x29,0x39,0xE8,0x00,0x3A,0x33,0x27,0x29,
0x00,0x29,0xFC,0x24,0x29,0x36,0x33,0xE5,0xFD,0x19,0x00,0x39,0x32,0x2D,0x27,0x33,
0xE8,0xFC,0x33,0x00,0x3A,0x29,0x36,0x28,0x25,0x28,0x29,0x2D,0x36,0x33,0x00,0x24,
0x29,0x36,0x33,0xE5,0xE5,0xE5,0xFF,0xF3,0x04,0x0D,0x2D,0x29,0x30,0xE5,0xE5,0xE5,
0xFD,0x19,0x26,0x36,0x2D,0x2B,0x25,0x28,0x33,0xE5,0xFD,0xF3,0x41,0x24,0x29,0xD6,
0x24,0x29,0x36,0x33,0xCA,0xFF,0xF3,0x04,0xFB,0x1D,0x33,0x00,0x37,0x33,0x39,0x00,
0x29,0x39,0xE5,0xE5,0xE5,0xFD,0x0F,0x39,0x00,0x37,0x33,0x39,0xE5,0xE5,0xE5,0xFD,
0xE5,0xE5,0xE5,0x24,0x29,0x36,0x33,0xE5,0xFF,
};
alignas(16) inline constexpr uint16_t mmz3_msg13_script_offsets[] = {
0x0000,0x009A,0x0146,0x0163,0x0283,0x03B5,0x0413,0x04BA,
0x05C2,0x06DE,0x072F,0x074F,0x0781,0x07D4,0x0A80,0x0AA1,
0x0ACA,0x0BBC,0x0DB9,0x0DD3,0x0E30,0x0E95,0x1034,0x105D,
0x10B0,0x112C,0x11A9,0x136F,0x1402,0x150C,0x153B,0x1551,
0x1584,0x15B6,0x15BC,0x1637,0x1641,0x16EA,0x182B,0x1840,
0x18C3,0x1951,0x1990,0x19A5,0x1A5B,0x1C51,0x1C89,0x1D4C,
0x1E9B,0x1EB8,0x1F32,0x2010,0x202F,0x20D6,0x22D5,0x22E9,
0x231E,0x237F,0x23DF,0x2452,0x24EF,0x2530,0x2583,0x271F,
0x282C,0x285E,0x28A1,0x28D6,0x2903,0x2942,0x2997,0x2A84,
0x2AAD,0x2CE1,0x2DE8,0x2E25,0x2E5C,0x2E72,0x2F43,0x2F8C,
0x2FCD,0x300E,0x3090,0x30B0,0x30B7,0x30C8,0x30EB,0x3136,
0x3145,0x31C0,0x31D4,0x3268,0x3409,0x346B,0x34A3,0x34D2,
0x34E2,0x3533,0x3608,0x364D,
};
constexpr int mmz3_msg13_num_entries = 100;
alignas(16) inline constexpr uint8_t mmz3_msg13_script_data[] = {
0xF3,0x6C,0x1D,0x36,0x38,0x25,0xE5,0x00,0x0D,0x2D,0x29,0x30,0xE8,0x00,0x34,0x33,
0x36,0xFC,0x2A,0x25,0x3A,0x33,0x36,0xE8,0x00,0x25,0x32,0x2D,0x31,0x29,0xD6,0x37,
0x29,0xE5,0xFD,0x1E,0x39,0x28,0x33,0x00,0x28,0x29,0x39,0x00,0x27,0x29,0x36,0x38,
0x33,0xFC,0x25,0x32,0x38,0x29,0x37,0xE8,0x00,0x32,0x25,0x33,0x00,0x29,0x00,0x25,
0x37,0x37,0x2D,0x31,0xDD,0xFD,0xF3,0x6D,0x0B,0x37,0x37,0x2D,0x31,0x00,0x29,0xE5,
0xFD,0x0D,0x33,0x32,0x2A,0x2D,0x25,0x31,0x33,0x37,0x00,0x29,0x31,0x00,0x3A,0x33,
0x27,0x29,0xE8,0xFC,0x1D,0x36,0x38,0x25,0xE5,0x00,0x0D,0x2D,0x29,0x30,0xE5,0x00,
0x0F,0x00,0x32,0x33,0xFC,0x1D,0x36,0xE5,0x00,0x24,0x29,0x36,0x33,0x00,0x38,0x25,
0x31,0x26,0x29,0x31,0xCA,0xFD,0xF3,0x40,0x19,0x26,0x36,0x2D,0x2B,0x25,0x28,0x25,
0x00,0x25,0x00,0x38,0x33,0x28,0x33,0x37,0xE5,0xFF,0xF3,0x40,0x0B,0x00,0x37,0x2D,
0x31,0x39,0x30,0x25,0x27,0x25,0x33,0xFC,0x30,0x29,0x3A,0x25,0x36,0x25,0x00,0x39,
0x31,0x00,0x34,0x33,0x39,0x27,0x33,0x00,0x31,0x25,0x2D,0x37,0xFC,0x28,0x29,0x00,
0x38,0x29,0x31,0x34,0x33,0x00,0x34,0x25,0x36,0x25,0x00,0x38,0x29,0x36,0x31,0x2D,
0x32,0x25,0x36,0xE5,0xE5,0xE5,0xFD,0x0B,0x27,0x2C,0x33,0x00,0x35,0x39,0x29,0x00,
0x3A,0x25,0x31,0x33,0x37,0xFC,0x34,0x36,0x29,0x27,0x2D,0x37,0x25,0x36,0x00,0x28,
0x25,0x00,0x37,0x39,0x25,0x00,0x25,0x2E,0x39,0x28,0x25,0xFC,0x28,0x29,0x00,0x32,
0x33,0x3A,0x33,0xE8,0x00,0x24,0x29,0x36,0x33,0xE5,0xE5,0xE5,0xFD,0x17,0x25,0x37,
0x00,0x34,0x36,0x2D,0x31,0x29,0x2D,0x36,0x33,0x00,0x28,0x29,0x3A,0x29,0x36,0x2D,
0x25,0xFC,0x28,0x29,0x37,0x27,0x25,0x32,0x37,0x25,0x36,0x00,0x39,0x31,0x00,0x34,
0x33,0x39,0x27,0x33,0xE5,0xFD,0x1A,0x33,0x36,0x00,0x29,0x32,0x35,0x39,0x25,0x32,
0x38,0x33,0xE5,0xE5,0xE5,0xFF,0x1D,0x25,0x30,0x3A,0x25,0x36,0x00,0x33,0x37,0x00,
0x28,0x25,0x28,0x33,0x37,0xDD,0xFC,0x00,0x00,0x1D,0x13,0x17,0xFC,0x00,0x00,0x18,
0x0B,0x19,0xFF,0xF3,0x40,0x20,0x33,0x39,0x00,0x27,0x39,0x2D,0x28,0x25,0x36,0x00,
0x28,0x29,0xFC,0x2B,0x29,0x36,0x29,0x32,0x27,0x2D,0x25,0x36,0x00,0x33,0x37,0x00,
0x28,0x25,0x28,0x33,0x37,0xE8,0xFC,0x27,0x33,0x31,0x33,0x00,0x37,0x29,0x31,0x34,
0x36,0x29,0xE5,0xFD,0x1D,0x29,0x00,0x34,0x36,0x29,0x27,0x2D,0x37,0x25,0x36,0x00,
0x28,0x29,0x00,0x25,0x30,0x2B,0x33,0xE8,0xFC,0x31,0x29,0x00,0x25,0x3A,0x2D,0x37,
0x29,0xE5,0xFD,0x1F,0x31,0x25,0x00,0x27,0x33,0x2D,0x37,0x25,0x00,0x25,0x00,0x31,
0x25,0x2D,0x37,0xE5,0xE5,0xE5,0xFC,0x0E,0x29,0x3A,0x29,0x36,0x2D,0x25,0x00,0x2D,
0x36,0x00,0x3A,0x29,0x36,0x00,0x33,0xFC,0x0D,0x29,0x36,0x3A,0x29,0x25,0x39,0xE5,
0xFD,0x19,0x39,0x3A,0x2D,0x00,0x28,0x2D,0x3E,0x29,0x36,0x00,0x35,0x39,0x29,0x00,
0x29,0x30,0x29,0x00,0x2E,0x25,0xFC,0x38,0x29,0x36,0x31,0x2D,0x32,0x33,0x39,0x00,
0x33,0x00,0x25,0x32,0x25,0x30,0x2D,0x37,0x25,0x28,0x33,0x36,0xFC,0x28,0x29,0x00,
0x0E,0x2D,0x37,0x27,0x33,0x37,0x00,0x1D,0x29,0x27,0x36,0x29,0x38,0x33,0x37,0xE5,
0xFD,0x1D,0x29,0x00,0x29,0x32,0x27,0x33,0x32,0x38,0x36,0x25,0x36,0x00,0x25,0x30,
0x2B,0x39,0x31,0xFC,0x0E,0x2D,0x37,0x27,0x33,0x00,0x1D,0x29,0x27,0x36,0x29,0x38,
0x33,0x00,0x35,0x39,0x29,0xFC,0x32,0x25,0x33,0x00,0x34,0x33,0x37,0x37,0x25,0x00,
0x25,0x32,0x25,0x30,0x2D,0x37,0x25,0x36,0xE8,0xFD,0x34,0x29,0x27,0x25,0x00,0x25,
0x33,0x00,0x0D,0x29,0x36,0x3A,0x29,0x25,0x39,0xFC,0x34,0x25,0x36,0x25,0x00,0x36,
0x29,0x3A,0x2D,0x3E,0x25,0xD6,0x30,0x33,0x00,0x34,0x33,0x36,0xFC,0x3A,0x33,0x27,
0x29,0xE5,0xFF,0xF3,0x40,0x18,0x25,0x33,0x00,0x28,0x29,0x3A,0x29,0x36,0x2D,0x25,
0xFC,0x28,0x29,0x37,0x27,0x25,0x32,0x37,0x25,0x36,0xDD,0x00,0x18,0x25,0x33,0x00,
0x37,0x29,0xFC,0x29,0x3C,0x2D,0x2E,0x25,0x00,0x28,0x29,0x31,0x25,0x2D,0x37,0xE5,
0xFD,0x20,0x33,0x39,0x00,0x27,0x39,0x2D,0x28,0x25,0x36,0x00,0x28,0x33,0x37,0xFC,
0x28,0x25,0x28,0x33,0x37,0xE5,0x00,0x17,0x29,0x00,0x25,0x3A,0x2D,0x37,0x29,0xFC,
0x37,0x29,0x00,0x34,0x36,0x29,0x27,0x2D,0x37,0x25,0x36,0x00,0x28,0x29,0x00,0x25,
0x30,0x2B,0x33,0xE5,0xFD,0x1F,0x31,0x25,0x00,0x27,0x33,0x2D,0x37,0x25,0x00,0x25,
0x00,0x31,0x25,0x2D,0x37,0xE5,0xE5,0xE5,0xFC,0x0E,0x29,0x3A,0x29,0x36,0x2D,0x25,
0x00,0x2D,0x36,0x00,0x3A,0x29,0x36,0x00,0x33,0xFC,0x0D,0x29,0x36,0x3A,0x29,0x25,
0x39,0xE5,0xFD,0x19,0x39,0x3A,0x2D,0x00,0x28,0x2D,0x3E,0x29,0x36,0x00,0x35,0x39,
0x29,0x00,0x29,0x30,0x29,0x00,0x2E,0x25,0xFC,0x38,0x29,0x36,0x31,0x2D,0x32,0x33,
0x39,0x00,0x33,0x00,0x25,0x32,0x25,0x30,0x2D,0x37,0x25,0x28,0x33,0x36,0xFC,0x28,
0x29,0x00,0x0E,0x2D,0x37,0x27,0x33,0x37,0x00,0x1D,0x29,0x27,0x36,0x29,0x38,0x33,
0x37,0xE5,0xFD,0x1D,0x29,0x00,0x29,0x32,0x27,0x33,0x32,0x38,0x36,0x25,0x36,0x00,
0x25,0x30,0x2B,0x39,0x31,0xFC,0x0E,0x2D,0x37,0x27,0x33,0x00,0x1D,0x29,0x27,0x36,
0x29,0x38,0x33,0x00,0x35,0x39,0x29,0xFC,0x32,0x25,0x33,0x00,0x34,0x33,0x37,0x37,
0x25,0x00,0x25,0x32,0x25,0x30,0x2D,0x37,0x25,0x36,0xE8,0xFD,0x34,0x29,0x27,0x25,
0x00,0x25,0x33,0x00,0x0D,0x29,0x36,0x3A,0x29,0x25,0x39,0xFC,0x34,0x25,0x36,0x25,
0x00,0x36,0x29,0x3A,0x2D,0x3E,0x25,0xD6,0x30,0x33,0x00,0x34,0x33,0x36,0xFC,0x3A,
0x33,0x27,0x29,0xE5,0xFF,0xF3,0x40,0x14,0x25,0x00,0x2A,0x25,0x30,0x33,0x39,0x00,
0x27,0x33,0x31,0xFC,0x33,0x00,0x0D,0x29,0x36,0x3A,0x29,0x25,0x39,0xDD,0xFD,0x19,
0x39,0x3A,0x2D,0x00,0x28,0x2D,0x3E,0x29,0x36,0x00,0x35,0x39,0x29,0x00,0x29,0x37,
0x38,0x25,0xFC,0x25,0x32,0x37,0x2D,0x33,0x37,0x33,0x00,0x34,0x25,0x36,0x25,0x00,
0x38,0x29,0x37,0x38,0x25,0x36,0xFD,0x33,0x00,0x37,0x29,0x39,0x00,0x25,0x32,0x25,
0x30,0x2D,0x37,0x25,0x28,0x33,0x36,0x00,0x28,0x29,0xFC,0x28,0x2D,0x37,0x27,0x33,
0x37,0xCA,0xFF,0xF3,0x6C,0x19,0x00,0x35,0x39,0x25,0x36,0x38,0x33,0x00,0x28,0x33,
0xFC,0x0D,0x29,0x36,0x3A,0x29,0x25,0x39,0xDD,0xFD,0x1A,0x25,0x37,0x37,0x29,0x00,
0x34,0x29,0x30,0x25,0x00,0x37,0x25,0x30,0x25,0xFC,0x28,0x33,0x00,0x27,0x33,0x31,
0x25,0x32,0x28,0x25,0x32,0x38,0x29,0x00,0x25,0xFC,0x28,0x2D,0x36,0x29,0x2D,0x38,
0x25,0xE8,0x00,0x29,0x00,0x29,0xFD,0x33,0x00,0x35,0x39,0x25,0x36,0x38,0x33,0x00,
0x26,0x29,0x31,0xFC,0x32,0x25,0x00,0x37,0x39,0x25,0x00,0x2A,0x36,0x29,0x32,0x38,
0x29,0xE5,0xFD,0x0F,0x00,0x39,0x38,0x2D,0x30,0x00,0x35,0x39,0x29,0xFC,0x25,0x00,
0x26,0x25,0x37,0x29,0x00,0x37,0x29,0x2E,0x25,0x00,0x38,0x25,0x33,0xFC,0x2B,0x36,
0x25,0x32,0x28,0x29,0x00,0x25,0x2B,0x33,0x36,0x25,0xE8,0x00,0x31,0x25,0x37,0xFD,
0x38,0x25,0x31,0x26,0x29,0x31,0x00,0x29,0x00,0x2A,0x25,0x27,0x2D,0x30,0xFC,0x37,
0x29,0x00,0x34,0x29,0x36,0x28,0x29,0x36,0xCA,0xFF,0xF3,0x43,0x0F,0x2D,0xE8,0x00,
0x24,0x29,0x36,0x33,0xCA,0x00,0x20,0x33,0x27,0x29,0x00,0x29,0x37,0x38,0x25,0xFC,
0x26,0x29,0x31,0xCA,0xFD,0x10,0x2D,0x35,0x39,0x29,0x2D,0x00,0x37,0x25,0x26,0x29,
0x32,0x28,0x33,0x00,0x28,0x25,0xFC,0x32,0x33,0x38,0x2D,0x27,0x2D,0x25,0xE5,0xFD,
0x0B,0x34,0x29,0x37,0x25,0x36,0x00,0x28,0x25,0x00,0x32,0x33,0x3A,0x25,0xFC,0x29,
0x32,0x29,0x36,0x2B,0x2D,0x25,0xE8,0x00,0x33,0x00,0x31,0x39,0x32,0x28,0x33,0xFC,
0x25,0x2D,0x32,0x28,0x25,0x00,0x32,0x25,0x33,0x00,0x29,0x37,0x38,0x25,0x00,0x29,
0x31,0x00,0x34,0x25,0x3E,0xE5,0xFD,0x18,0x39,0x32,0x27,0x25,0x00,0x34,0x29,0x32,
0x37,0x29,0x2D,0x00,0x35,0x39,0x29,0x00,0x25,0xFC,0x34,0x25,0x3E,0x00,0x37,0x29,
0x36,0x2D,0x25,0x00,0x2A,0x25,0x27,0x2D,0x30,0xE8,0xFC,0x31,0x25,0x37,0x00,0x31,
0x29,0x37,0x31,0x33,0x00,0x25,0x37,0x37,0x2D,0x31,0xE5,0xE5,0xE5,0xFD,0xE5,0xE5,
0xE5,0xFD,0x0F,0x32,0x2A,0x2D,0x31,0xE8,0x00,0x25,0x27,0x25,0x26,0x29,0x2D,0x00,
0x28,0x29,0xFC,0x38,0x29,0x36,0x31,0x2D,0x32,0x25,0x36,0x00,0x39,0x31,0x25,0x00,
0x25,0x36,0x31,0x25,0xFC,0x32,0x33,0x3A,0x25,0x00,0x34,0x25,0x36,0x25,0x00,0x3A,
0x33,0x27,0x29,0xE5,0xFD,0x1E,0x25,0x31,0x26,0x29,0x31,0x00,0x25,0x36,0x36,0x39,
0x31,0x29,0x2D,0x00,0x37,0x29,0x39,0xFC,0x1D,0xE5,0x0C,0x33,0x33,0x31,0x29,0x36,
0x25,0x32,0x2B,0xCA,0xFD,0x1E,0x33,0x31,0x29,0xE8,0x00,0x29,0x00,0x37,0x39,0x25,
0xCA,0xFF,0xF3,0x43,0x0B,0x2C,0xE8,0x00,0x39,0x31,0x25,0x00,0x27,0x33,0x2D,0x37,
0x25,0x00,0x25,0x00,0x31,0x25,0x2D,0x37,0xE5,0xFC,0x1D,0x33,0x26,0x36,0x29,0x00,
0x33,0x37,0x00,0x0E,0x2D,0x37,0x27,0x33,0x37,0xFC,0x1D,0x29,0x27,0x36,0x29,0x38,
0x33,0x37,0xE5,0xFD,0x19,0x37,0x00,0x0E,0x2D,0x37,0x27,0x33,0x37,0x00,0x1D,0x29,
0x27,0x36,0x29,0x38,0x33,0x37,0xFC,0x27,0x33,0x32,0x38,0x29,0x31,0x00,0x27,0x33,
0x2D,0x37,0x25,0x37,0x00,0x35,0x39,0x29,0xFD,0x3A,0x33,0x27,0x29,0x00,0x32,0x25,
0x33,0x00,0x34,0x33,0x28,0x29,0xFC,0x28,0x29,0x27,0x33,0x28,0x2D,0x2A,0x2D,0x27,
0x25,0x36,0xE8,0xFC,0x32,0x25,0x33,0x00,0x29,0xDD,0xFD,0x0C,0x29,0x31,0xE8,0x00,
0x29,0x39,0x00,0x34,0x33,0x37,0x37,0x33,0xFC,0x25,0x32,0x25,0x30,0x2D,0x37,0x25,
0xD6,0x30,0x33,0x37,0x00,0x34,0x33,0x36,0x00,0x3A,0x33,0x27,0x29,0xE8,0xFD,0x29,
0x32,0x38,0x25,0x33,0x00,0x3A,0x29,0x32,0x2C,0x25,0x00,0x35,0x39,0x25,0x32,0x28,
0x33,0xFC,0x35,0x39,0x2D,0x37,0x29,0x36,0xE5,0xFD,0x1E,0x25,0x31,0x26,0x29,0x31,
0x00,0x34,0x33,0x28,0x29,0x00,0x2A,0x25,0x30,0x25,0x36,0xFC,0x27,0x33,0x31,0x2D,
0x2B,0x33,0x00,0x37,0x29,0x00,0x25,0x30,0x2B,0x39,0x31,0x25,0x00,0x3A,0x29,0x3E,
0xFC,0x35,0x39,0x2D,0x37,0x29,0x36,0x00,0x3A,0x29,0x36,0x00,0x33,0xFD,0x27,0x33,
0x32,0x38,0x29,0x39,0x28,0x33,0x00,0x28,0x29,0x00,0x39,0x31,0xFC,0x28,0x2D,0x37,
0x27,0x33,0x00,0x35,0x39,0x29,0x00,0x2E,0x25,0xFC,0x2E,0x39,0x30,0x2B,0x25,0x31,
0x33,0x37,0x00,0x25,0x32,0x25,0x30,0x2D,0x37,0x25,0x28,0x33,0xE5,0xFF,0xF3,0x00,
0x19,0x34,0x29,0x36,0x25,0x28,0x33,0x36,0x25,0xD9,0x00,0x1D,0x36,0xE5,0x00,0x24,
0x29,0x36,0x33,0xE5,0xE5,0xE5,0xFD,0x1A,0x33,0x36,0x00,0x2A,0x25,0x3A,0x33,0x36,
0xE8,0x00,0x3A,0x25,0x00,0x34,0x25,0x36,0x25,0xFD,0x25,0x00,0x37,0x25,0x30,0x25,
0x00,0x28,0x33,0x00,0x27,0x33,0x31,0x25,0x32,0x28,0x25,0x32,0x38,0x29,0xE8,0xFD,
0x2D,0x31,0x29,0x28,0x2D,0x25,0x38,0x25,0x31,0x29,0x32,0x38,0x29,0xE5,0xFF,0xF3,
0x43,0x12,0x31,0x31,0xDD,0x00,0x24,0x29,0x36,0x33,0xE8,0x00,0x29,0x37,0x38,0x25,
0x33,0xFC,0x38,0x29,0x00,0x27,0x2C,0x25,0x31,0x25,0x32,0x28,0x33,0xE5,0xFF,0xF3,
0x04,0x0F,0x37,0x38,0x29,0x00,0x1C,0x29,0x27,0x33,0x2D,0x30,0x00,0x1C,0x33,0x28,
0xFC,0x34,0x25,0x36,0x29,0x27,0x29,0x00,0x2A,0x25,0x27,0x2D,0x30,0x00,0x28,0x29,
0xFC,0x39,0x37,0x25,0x36,0xE5,0x00,0x19,0x26,0x36,0x2D,0x2B,0x25,0x28,0x33,0xE5,
0xFF,0xF3,0x43,0x19,0x00,0x31,0x39,0x32,0x28,0x33,0x00,0x29,0x00,0x34,0x29,0x37,
0x25,0x28,0x33,0xFC,0x28,0x29,0x31,0x25,0x2D,0x37,0x00,0x34,0x25,0x36,0x25,0x00,
0x25,0x00,0x0D,0x2D,0x29,0x30,0xFC,0x29,0x32,0x2A,0x36,0x29,0x32,0x38,0x25,0x36,
0x00,0x37,0x33,0x3E,0x2D,0x32,0x2C,0x25,0xE5,0xE5,0xE5,0xFD,0x0D,0x39,0x2D,0x28,
0x29,0x00,0x26,0x29,0x31,0x00,0x28,0x29,0x30,0x25,0xE8,0xFC,0x24,0x29,0x36,0x33,
0xE5,0xE5,0xE5,0xFF,0xF3,0x40,0x0E,0x29,0x37,0x27,0x39,0x30,0x34,0x29,0x00,0x34,
0x33,0x36,0x00,0x28,0x29,0x31,0x33,0x36,0x25,0x36,0xFC,0x38,0x25,0x32,0x38,0x33,
0xE8,0x00,0x24,0x29,0x36,0x33,0xE5,0xFC,0x0F,0x37,0x38,0x25,0x00,0x34,0x36,0x33,
0x32,0x38,0x33,0xDD,0xFD,0x1D,0x2D,0x31,0x39,0x30,0x25,0x31,0x33,0x37,0xFC,0x32,
0x33,0x37,0x37,0x25,0x37,0x00,0x33,0x34,0x27,0x33,0x29,0x37,0xFD,0x37,0x29,0x2B,
0x39,0x32,0x28,0x33,0x00,0x25,0x00,0x2D,0x32,0x2A,0x33,0x36,0x31,0x25,0x27,0x25,
0x33,0xFC,0x25,0x38,0x39,0x25,0x30,0xE5,0xFD,0x1A,0x36,0x29,0x34,0x25,0x36,0x29,
0x2D,0x00,0x33,0x37,0xFC,0x36,0x29,0x37,0x39,0x30,0x38,0x25,0x28,0x33,0x37,0x00,
0x29,0x31,0x00,0x2A,0x33,0x36,0x31,0x25,0xFC,0x28,0x29,0x00,0x31,0x2D,0x37,0x37,
0x33,0x29,0x37,0xE5,0xFD,0x0B,0x37,0x00,0x28,0x39,0x25,0x37,0x00,0x34,0x36,0x2D,
0x31,0x29,0x2D,0x36,0x25,0x37,0xFC,0x37,0x25,0x33,0xE5,0xE5,0xE5,0xFD,0x17,0x2D,
0x37,0x37,0x33,0x29,0x37,0x00,0x34,0x25,0x36,0x25,0x00,0x29,0x3A,0x2D,0x38,0x25,
0x36,0xFC,0x35,0x39,0x29,0x00,0x18,0x29,0x33,0x00,0x0B,0x36,0x27,0x25,0x28,0x2D,
0x25,0xFC,0x33,0x26,0x38,0x29,0x32,0x2C,0x25,0x00,0x25,0x00,0x0E,0x25,0x36,0x2F,
0x00,0x0F,0x30,0x2A,0xE5,0xFD,0x0B,0x37,0x00,0x33,0x39,0x38,0x36,0x25,0x37,0x00,
0x28,0x39,0x25,0x37,0x00,0x37,0x25,0x33,0xE5,0xE5,0xE5,0xFD,0x0B,0x38,0x25,0x35,
0x39,0x29,0x37,0x00,0x28,0x29,0x00,0x2B,0x39,0x29,0x36,0x36,0x2D,0x30,0x2C,0x25,
0xFC,0x27,0x33,0x32,0x38,0x36,0x25,0x00,0x18,0x29,0x33,0x00,0x0B,0x36,0x27,0x25,
0x28,0x2D,0x25,0xFD,0x34,0x25,0x36,0x25,0x00,0x34,0x36,0x33,0x38,0x29,0x2B,0x29,
0x36,0x00,0x25,0xFC,0x38,0x33,0x28,0x33,0x37,0x00,0x28,0x29,0x00,0x37,0x39,0x25,
0x00,0x25,0x31,0x29,0x25,0x27,0x25,0xE5,0xFD,0xE5,0xE5,0xE5,0xFD,0xE5,0xE5,0xE5,
0xFD,0x24,0x29,0x36,0x33,0xE5,0xE5,0xE5,0x00,0x30,0x39,0x38,0x25,0x36,0x00,0x29,
0xFC,0x25,0x00,0x32,0x33,0x37,0x37,0x25,0x00,0x39,0x32,0x2D,0x27,0x25,0x00,0x33,
0x34,0x27,0x25,0x33,0xDD,0xFD,0x1B,0x39,0x29,0x36,0x33,0x00,0x28,0x2D,0x3E,0x29,
0x36,0xE8,0x00,0x32,0x33,0x37,0xFC,0x28,0x29,0x37,0x29,0x32,0x3A,0x33,0x30,0x3A,
0x29,0x31,0x33,0x37,0x00,0x29,0x37,0x38,0x25,0xFC,0x32,0x33,0x3A,0x25,0x00,0x29,
0x32,0x29,0x36,0x2B,0x2D,0x25,0xE5,0xE5,0xE5,0xFD,0x1A,0x29,0x32,0x37,0x29,0x2D,
0x00,0x35,0x39,0x29,0x00,0x33,0x00,0x31,0x39,0x32,0x28,0x33,0xFC,0x29,0x32,0x2A,
0x2D,0x31,0x00,0x29,0x37,0x38,0x25,0x36,0x2D,0x25,0x00,0x29,0x31,0xFC,0x34,0x25,
0x3E,0xE5,0xE5,0xE5,0xFD,0x1D,0x29,0x36,0x40,0x00,0x35,0x39,0x29,0x00,0x36,0x29,
0x25,0x30,0x31,0x29,0x32,0x38,0x29,0xFC,0x38,0x29,0x31,0x33,0x37,0x00,0x35,0x39,
0x29,0x00,0x27,0x33,0x32,0x38,0x2D,0x32,0x39,0x25,0x36,0xFC,0x30,0x39,0x38,0x25,
0x32,0x28,0x33,0xDD,0xFD,0xF3,0x05,0x0D,0x2D,0x29,0x30,0xE5,0xE5,0xE5,0xFD,0x20,
0x33,0x27,0x29,0x00,0x2E,0x25,0x00,0x29,0x37,0x38,0x25,0x00,0x2A,0x25,0x3E,0x29,
0x32,0x28,0x33,0xFC,0x33,0x00,0x37,0x29,0x39,0x00,0x31,0x29,0x30,0x2C,0x33,0x36,
0xE5,0xFD,0x0F,0x00,0x32,0x25,0x33,0x00,0x29,0x37,0x38,0x25,0x00,0x37,0x33,0x3E,
0x2D,0x32,0x2C,0x25,0xE5,0xFD,0x0E,0x29,0x2D,0x3C,0x29,0x00,0x33,0x00,0x36,0x29,
0x37,0x38,0x33,0x00,0x29,0x31,0xFC,0x32,0x33,0x37,0x37,0x25,0x37,0x00,0x31,0x25,
0x33,0x37,0xE5,0xFD,0xF3,0x40,0x24,0x29,0xE5,0xE5,0xE5,0x24,0x29,0x36,0x33,0xE5,
0xE5,0xE5,0xFD,0xF3,0x62,0x1D,0x36,0xE5,0x00,0x24,0x29,0x36,0x33,0xE8,0x00,0x29,
0x37,0x38,0x25,0x31,0x33,0x37,0xFC,0x34,0x36,0x33,0x32,0x38,0x33,0x37,0xE5,0x00,
0x1A,0x33,0x28,0x29,0x00,0x34,0x25,0x36,0x38,0x2D,0x36,0xFC,0x25,0x00,0x35,0x39,
0x25,0x30,0x35,0x39,0x29,0x36,0x00,0x31,0x33,0x31,0x29,0x32,0x38,0x33,0xE5,0xFF,
0xF3,0x62,0x0F,0x30,0x29,0x2B,0x29,0x36,0x00,0x39,0x31,0x25,0x00,0x31,0x2D,0x37,
0x37,0x25,0x33,0xDD,0xFC,0x00,0x00,0x1D,0x13,0x17,0xFC,0x00,0x00,0x18,0x0B,0x19,
0xFF,0xF3,0x62,0xFA,0x1B,0x39,0x25,0x32,0x28,0x33,0x00,0x29,0x37,0x38,0x2D,0x3A,
0x29,0x36,0x00,0x34,0x36,0x33,0x32,0x38,0x33,0xE8,0xFC,0x2A,0x25,0x27,0x25,0xD6,
0x31,0x29,0x00,0x37,0x25,0x26,0x29,0x36,0xE5,0xFF,0xF3,0x61,0x20,0x33,0x27,0x29,
0x00,0x27,0x33,0x31,0x34,0x30,0x29,0x38,0x33,0x39,0xFC,0x38,0x33,0x28,0x25,0x37,
0x00,0x25,0x37,0x00,0x31,0x2D,0x37,0x37,0x33,0x29,0x37,0xE5,0xFD,0x0B,0x00,0x34,
0x36,0x33,0x3C,0x2D,0x31,0x25,0x00,0x31,0x2D,0x37,0x37,0x25,0x33,0xFC,0x27,0x33,
0x32,0x37,0x2D,0x37,0x38,0x29,0x00,0x29,0x31,0x00,0x28,0x29,0x27,0x2D,0x28,0x2D,
0x36,0xFC,0x33,0x00,0x35,0x39,0x29,0x00,0x2A,0x25,0x3E,0x29,0x36,0x00,0x27,0x33,
0x31,0x00,0x39,0x31,0x25,0xFD,0x2A,0x25,0x26,0x36,0x2D,0x27,0x25,0x00,0x28,0x29,
0x00,0x31,0x2D,0x37,0x37,0x29,0x2D,0x37,0xFC,0x35,0x39,0x29,0x00,0x2A,0x33,0x2D,
0x00,0x28,0x29,0x37,0x27,0x33,0x26,0x29,0x36,0x38,0x25,0xFC,0x36,0x29,0x27,0x29,
0x32,0x38,0x29,0x31,0x29,0x32,0x38,0x29,0xE5,0xFD,0x0B,0x38,0x39,0x25,0x30,0x31,
0x29,0x32,0x38,0x29,0x00,0x38,0x25,0x31,0x26,0x29,0x31,0xFC,0x29,0x37,0x38,0x25,
0x31,0x33,0x37,0x00,0x34,0x36,0x33,0x27,0x39,0x36,0x25,0x32,0x28,0x33,0x00,0x25,
0xFC,0x0E,0x25,0x36,0x2F,0x00,0x0F,0x30,0x2A,0xE8,0xFD,0x29,0x32,0x35,0x39,0x25,
0x32,0x38,0x33,0x00,0x25,0x32,0x25,0x30,0x2D,0x37,0x25,0x31,0x33,0x37,0xFC,0x37,
0x33,0x30,0x39,0x27,0x33,0x29,0x37,0x00,0x34,0x25,0x36,0x25,0x00,0x29,0x37,0x38,
0x29,0xFC,0x34,0x36,0x33,0x26,0x30,0x29,0x31,0x25,0xE5,0xFF,0xF3,0x40,0x1E,0x29,
0x31,0x33,0x37,0x00,0x35,0x39,0x29,0x00,0x2A,0x25,0x3E,0x29,0x36,0xFC,0x25,0x30,
0x2B,0x33,0x00,0x27,0x33,0x31,0x00,0x29,0x37,0x37,0x29,0x00,0x31,0x2D,0x37,0x37,
0x29,0x30,0xFC,0x25,0x2B,0x33,0x36,0x25,0x00,0x31,0x29,0x37,0x31,0x33,0xE5,0xFD,
0x1E,0x2D,0x3A,0x29,0x31,0x33,0x37,0x00,0x35,0x39,0x29,0x00,0x27,0x25,0x30,0x27,
0x39,0x30,0x25,0x36,0xFC,0x25,0x37,0x00,0x27,0x33,0x33,0x36,0x28,0x29,0x32,0x25,
0x28,0x25,0x37,0x00,0x28,0x29,0xFC,0x38,0x36,0x25,0x32,0x37,0x2A,0x29,0x36,0x29,
0x32,0x27,0x2D,0x25,0x00,0x28,0x25,0xFD,0x2A,0x25,0x26,0x36,0x2D,0x27,0x25,0x00,
0x28,0x29,0x00,0x31,0x2D,0x37,0x37,0x29,0x2D,0x37,0xFC,0x26,0x25,0x37,0x29,0x25,
0x32,0x28,0x33,0xD6,0x32,0x33,0x37,0x00,0x29,0x31,0x00,0x25,0x32,0x38,0x2D,0xD6,
0xFC,0x2B,0x25,0x37,0x00,0x2A,0x33,0x38,0x33,0x2B,0x36,0x25,0x2A,0x2D,0x25,0x37,
0xFD,0x37,0x25,0x38,0x29,0x30,0x2D,0x38,0x25,0x2D,0x37,0xE5,0xE5,0xE5,0xFD,0xE5,
0xE5,0xE5,0x29,0x32,0x38,0x25,0x33,0x00,0x25,0x37,0xFC,0x27,0x33,0x33,0x36,0x28,
0x29,0x32,0x25,0x28,0x25,0x37,0x00,0x37,0x29,0x36,0x2D,0x25,0x31,0xFC,0x34,0x29,
0x36,0x2D,0x2B,0x33,0x37,0x25,0x37,0x00,0x28,0x29,0x31,0x25,0x2D,0x37,0xFD,0x34,
0x25,0x36,0x25,0x00,0x39,0x37,0x25,0xD6,0x30,0x25,0x37,0x00,0x27,0x33,0x31,0x33,
0xFC,0x36,0x33,0x38,0x25,0x00,0x28,0x29,0x00,0x38,0x36,0x25,0x32,0x37,0x2A,0x29,
0x36,0x29,0x32,0x27,0x2D,0x25,0xFC,0x28,0x2D,0x36,0x29,0x38,0x25,0xE5,0xFD,0xF3,
0x62,0x0B,0x00,0x36,0x33,0x38,0x25,0x00,0x38,0x29,0x36,0x36,0x29,0x37,0x38,0x36,
0x29,0xFC,0x34,0x25,0x36,0x25,0x00,0x25,0x00,0x2A,0x25,0x26,0x36,0x2D,0x27,0x25,
0x00,0x28,0x29,0xFC,0x31,0x2D,0x37,0x37,0x29,0x2D,0x37,0x00,0x38,0x25,0x31,0x26,
0x29,0x31,0x00,0x29,0xFD,0x34,0x29,0x36,0x2D,0x2B,0x33,0x37,0x25,0xE8,0x00,0x28,
0x29,0x3A,0x2D,0x28,0x33,0x00,0x25,0x37,0xFC,0x34,0x25,0x38,0x36,0x39,0x30,0x2C,
0x25,0x37,0x00,0x28,0x29,0xFC,0x36,0x29,0x27,0x33,0x32,0x2C,0x29,0x27,0x2D,0x31,
0x29,0x32,0x38,0x33,0x00,0x35,0x39,0x29,0xFD,0x29,0x37,0x38,0x25,0x33,0x00,0x34,
0x36,0x33,0x27,0x39,0x36,0x25,0x32,0x28,0x33,0xFC,0x32,0x29,0x37,0x37,0x25,0x00,
0x25,0x36,0x29,0x25,0xE5,0xFD,0x0F,0x37,0x38,0x25,0x31,0x33,0x37,0x00,0x29,0x37,
0x27,0x25,0x32,0x29,0x25,0x32,0x28,0x33,0xFC,0x29,0x31,0x00,0x26,0x39,0x37,0x27,
0x25,0x00,0x28,0x25,0x00,0x0E,0x25,0x36,0x2F,0x00,0x0F,0x30,0x2A,0xE8,0xFC,0x31,
0x25,0x37,0x00,0x25,0x2D,0x32,0x28,0x25,0x00,0x37,0x29,0x31,0x00,0x37,0x33,0x36,
0x38,0x29,0xE5,0xFD,0xF3,0x04,0x0F,0x32,0x38,0x29,0x32,0x28,0x2D,0x28,0x33,0xE5,
0xFD,0x0B,0x3A,0x2D,0x37,0x29,0xD6,0x31,0x29,0x00,0x37,0x29,0xFC,0x25,0x30,0x2B,
0x33,0x00,0x31,0x39,0x28,0x25,0x36,0xE5,0xFF,0xF3,0x40,0x0E,0x29,0x00,0x25,0x27,
0x33,0x36,0x28,0x33,0xE5,0xFD,0x0B,0x2C,0xE8,0x00,0x27,0x29,0x36,0x38,0x33,0xE5,
0xE5,0xE5,0xFF,0xF3,0x40,0x0F,0x32,0x38,0x36,0x25,0x36,0x29,0x31,0x33,0x37,0x00,
0x29,0x31,0x00,0x27,0x33,0x32,0x38,0x25,0x38,0x33,0xFC,0x2D,0x31,0x29,0x28,0x2D,
0x25,0x38,0x25,0x31,0x29,0x32,0x38,0x29,0x00,0x37,0x29,0xFC,0x37,0x33,0x39,0x26,
0x29,0x36,0x31,0x33,0x37,0x00,0x25,0x30,0x2B,0x33,0x00,0x32,0x33,0x3A,0x33,0xE5,
0xFD,0x1A,0x33,0x36,0x00,0x2A,0x25,0x3A,0x33,0x36,0xE8,0x00,0x28,0x29,0x37,0x27,
0x25,0x32,0x37,0x25,0xFC,0x25,0x38,0x29,0x00,0x29,0x32,0x38,0x25,0x33,0xE5,0xFF,
0xF3,0x40,0x1E,0x39,0x28,0x33,0x00,0x26,0x29,0x31,0xE5,0xE5,0xE5,0x00,0x31,0x25,
0x37,0xFC,0x34,0x33,0x36,0x00,0x2A,0x25,0x3A,0x33,0x36,0xE8,0x00,0x38,0x29,0x32,
0x38,0x29,0xFC,0x32,0x25,0x33,0x00,0x29,0x3C,0x25,0x2B,0x29,0x36,0x25,0x36,0xE5,
0xFD,0x0F,0x32,0x38,0x36,0x25,0x36,0x29,0x31,0x33,0x37,0x00,0x29,0x31,0x00,0x27,
0x33,0x32,0x38,0x25,0x38,0x33,0xFC,0x30,0x33,0x2B,0x33,0xE8,0x00,0x29,0x32,0x38,
0x25,0x33,0x00,0x34,0x33,0x36,0xFC,0x33,0x36,0x25,0x00,0x28,0x29,0x37,0x27,0x25,
0x32,0x37,0x25,0xE5,0xFF,0xF3,0x2C,0x17,0x29,0x37,0x38,0x36,0x29,0x00,0x22,0xE5,
0xE5,0xE5,0xFD,0x0B,0x2D,0x32,0x28,0x25,0x00,0x27,0x33,0x32,0x2A,0x2D,0x25,0x00,
0x32,0x29,0x37,0x37,0x29,0xFC,0x2C,0x33,0x31,0x29,0x31,0xE5,0xE5,0xE5,0x00,0x21,
0x29,0x2D,0x30,0xDD,0xFD,0xF3,0x37,0x1D,0x29,0x39,0x00,0x28,0x29,0x37,0x38,0x2D,
0x29,0x36,0x36,0x33,0x00,0x32,0x25,0x33,0xFC,0x37,0x29,0x2B,0x39,0x2D,0x39,0x00,
0x33,0x37,0x00,0x27,0x25,0xD6,0x27,0x25,0xD6,0xFC,0x32,0x25,0x2D,0x37,0x00,0x33,
0x2A,0x2D,0x27,0x2D,0x25,0x2D,0x37,0xE5,0xFD,0x1B,0x39,0x29,0x00,0x33,0x00,0x35,
0x39,0x29,0x00,0x29,0x30,0x29,0x00,0x2A,0x2D,0xD6,0xFC,0x3E,0x29,0x37,0x37,0x29,
0x00,0x34,0x36,0x33,0x3A,0x33,0x27,0x25,0x37,0x37,0x29,0x00,0x39,0x31,0x25,0xFC,
0x27,0x25,0x38,0x25,0x37,0x38,0x36,0x33,0x2A,0x29,0x00,0x38,0x29,0x36,0x36,0x2D,
0x3A,0x29,0x30,0xE5,0xE5,0xE5,0xFD,0x32,0x25,0x33,0xD6,0x32,0x25,0x33,0x00,0x37,
0x2D,0x2B,0x32,0x2D,0x2A,0x2D,0x27,0x25,0x00,0x35,0x39,0x29,0xFC,0x28,0x29,0x37,
0x38,0x29,0x36,0x36,0x25,0xD6,0x30,0x33,0x00,0x2A,0x33,0x37,0x37,0x29,0xFC,0x2E,
0x39,0x37,0x38,0x2D,0x2A,0x2D,0x27,0x25,0x28,0x33,0xE5,0xFD,0x0F,0x30,0x29,0x00,
0x36,0x29,0x38,0x33,0x36,0x32,0x33,0x39,0x00,0x25,0xFC,0x18,0x29,0x33,0x00,0x0B,
0x36,0x27,0x25,0x28,0x2D,0x25,0x00,0x28,0x29,0xFC,0x2A,0x33,0x36,0x31,0x25,0x00,
0x30,0x29,0x2B,0x25,0x30,0xE5,0xFD,0x1B,0x39,0xD6,0x35,0x39,0x25,0x30,0x00,0x36,
0x25,0x3E,0x25,0x33,0x00,0x2C,0x25,0xFC,0x34,0x25,0x36,0x25,0x00,0x29,0x3C,0x34,
0x39,0x30,0x37,0x25,0xD6,0x30,0x33,0xDD,0xFD,0x18,0x25,0x33,0x00,0x37,0x29,0x00,
0x34,0x36,0x29,0xD6,0x34,0x36,0x29,0xD6,0x34,0x36,0x29,0x33,0xD6,0xFC,0x27,0x39,
0x34,0x29,0xE5,0x00,0x0F,0x30,0x29,0x00,0x25,0x34,0x36,0x29,0x32,0x28,0x29,0x39,
0xFC,0x31,0x39,0x2D,0x38,0x25,0x37,0x00,0x27,0x33,0x2D,0x37,0x25,0x37,0x00,0x28,
0x33,0x37,0x00,0x37,0x29,0x39,0x37,0xFD,0x29,0x36,0x36,0x33,0x37,0x00,0x28,0x33,
0x00,0x34,0x25,0x37,0x37,0x25,0x28,0x33,0xE5,0xFD,0x0F,0x30,0x29,0x00,0x2A,0x25,
0xD6,0x2A,0x25,0x36,0x25,0x00,0x25,0x37,0x00,0x27,0x33,0x2D,0x37,0x25,0x37,0xFC,
0x27,0x29,0x36,0x38,0x25,0x37,0x00,0x29,0x37,0xD6,0x29,0x37,0x38,0x25,0x00,0x3A,
0x29,0x3E,0xE5,0xFF,0xF3,0x2C,0x17,0x25,0x37,0xE5,0xE5,0xE5,0xFD,0xF3,0x3B,0x12,
0x29,0x2C,0x29,0x2C,0x29,0xE5,0xE5,0xE5,0xFC,0x19,0x26,0x36,0x2D,0x2B,0x25,0x28,
0x33,0xE8,0x00,0x17,0x29,0x37,0x38,0x36,0x29,0x00,0x22,0xE5,0xFF,0xF3,0x3B,0x0F,
0x39,0xE8,0x00,0x0E,0x36,0xE5,0x00,0x21,0x29,0x2D,0x30,0xE8,0xFC,0x2E,0x25,0x31,
0x25,0x2D,0x37,0x00,0x36,0x29,0x34,0x29,0x38,0x2D,0x36,0x29,0x2D,0x00,0x31,0x29,
0x39,0x37,0xFC,0x29,0x36,0x36,0x33,0x37,0x00,0x28,0x33,0x00,0x34,0x25,0x37,0x37,
0x25,0x28,0x33,0xE5,0xFD,0x18,0x39,0x32,0x27,0x25,0x00,0x31,0x25,0x2D,0x37,0xE5,
0x00,0x1D,0x2D,0x31,0xE5,0xFC,0x12,0x29,0x2C,0x29,0x2C,0x29,0xE5,0xE5,0xE5,0xFF,
0xF3,0x3B,0xFB,0x0B,0x2D,0x32,0x28,0x25,0x00,0x25,0x37,0x37,0x2D,0x31,0xE8,0x00,
0x2A,0x33,0x2A,0x33,0x27,0x25,0x36,0xFC,0x37,0x33,0x26,0x36,0x29,0x00,0x31,0x2D,
0x31,0x00,0x34,0x29,0x30,0x25,0x37,0xFC,0x31,0x2D,0x32,0x2C,0x25,0x37,0x00,0x27,
0x33,0x37,0x38,0x25,0x37,0xE5,0xE5,0xE5,0xFD,0x18,0x33,0x37,0x37,0x25,0xE8,0x00,
0x27,0x33,0x31,0x33,0x00,0x27,0x25,0x2D,0x36,0x25,0x31,0xFC,0x33,0x37,0x00,0x34,
0x33,0x28,0x29,0x36,0x33,0x37,0x33,0x37,0xFC,0x1B,0x39,0x25,0x38,0x36,0x33,0x00,
0x11,0x39,0x25,0x36,0x28,0x2D,0x33,0x29,0x37,0xCA,0xFD,0xF3,0x2C,0xFB,0x19,0x00,
0x35,0x39,0x29,0xDD,0xCA,0x00,0x21,0x29,0x2D,0x30,0xCA,0xFF,0xF3,0x3B,0x17,0x29,
0x37,0x38,0x36,0x29,0x00,0x22,0xE5,0xFD,0x0B,0x00,0x0E,0x25,0x36,0x2F,0x00,0x0F,
0x30,0x2A,0xFC,0x25,0x34,0x25,0x36,0x29,0x27,0x29,0x39,0x00,0x29,0x31,0xFC,0x18,
0x29,0x33,0x00,0x0B,0x36,0x27,0x25,0x28,0x2D,0x25,0xE5,0xFD,0x0B,0x36,0x29,0x25,
0x00,0x24,0xD6,0x04,0x01,0x08,0x0A,0xE5,0xE5,0xE5,0xFC,0x0F,0x00,0x25,0x00,0x25,
0x36,0x29,0x25,0x00,0x31,0x25,0x2D,0x37,0xFC,0x28,0x2D,0x37,0x38,0x25,0x32,0x38,
0x29,0x00,0x28,0x25,0x35,0x39,0x2D,0xE5,0xFD,0x1F,0x31,0x00,0x28,0x2D,0x37,0x38,
0x36,0x2D,0x38,0x33,0xFC,0x36,0x29,0x37,0x2D,0x28,0x29,0x32,0x27,0x2D,0x25,0x30,
0xFC,0x2C,0x39,0x31,0x25,0x32,0x33,0xE5,0xFF,0xF3,0x2C,0x00,0x13,0x36,0x29,0x31,
0x33,0x37,0xE5,0xFD,0x16,0x29,0x3A,0x2D,0x25,0x38,0x2C,0x25,0x32,0x00,0x29,0x00,
0x10,0x29,0x2A,0x32,0x2D,0x36,0xFC,0x25,0x2D,0x32,0x28,0x25,0x00,0x29,0x37,0x38,
0x25,0x33,0x00,0x29,0x31,0xFC,0x31,0x25,0x32,0x39,0x38,0x29,0x32,0x27,0x25,0x33,
0xE8,0xFD,0x31,0x25,0x37,0x00,0x37,0x29,0x00,0x25,0x34,0x39,0x36,0x25,0x36,0x31,
0x33,0x37,0xFC,0x39,0x31,0x00,0x34,0x33,0x39,0x27,0x33,0x00,0x25,0x37,0x00,0x27,
0x33,0x2D,0x37,0x25,0x37,0xE5,0xE5,0xE5,0xFD,0xF3,0x37,0x12,0x25,0x36,0x34,0x39,
0x2D,0x25,0xE8,0x00,0x25,0x38,0x29,0xFC,0x35,0x39,0x25,0x32,0x28,0x33,0x00,0x34,
0x29,0x32,0x37,0x25,0x00,0x29,0x31,0xFC,0x25,0x2B,0x2D,0x36,0x00,0x27,0x33,0x31,
0x33,0x00,0x37,0x29,0xFD,0x29,0x37,0x38,0x2D,0x3A,0x29,0x37,0x37,0x29,0x00,0x32,
0x33,0xFC,0x27,0x33,0x31,0x25,0x32,0x28,0x33,0xDD,0xFD,0x0E,0x29,0x2D,0x3C,0x25,
0x32,0x28,0x33,0x00,0x25,0xFC,0x1C,0x29,0x37,0x2D,0x37,0x38,0x29,0x32,0x27,0x2D,
0x25,0x00,0x37,0x29,0xFC,0x37,0x25,0x2D,0x36,0x00,0x27,0x33,0x31,0x00,0x25,0x00,
0x37,0x39,0x25,0xFD,0x27,0x33,0x31,0x00,0x2D,0x32,0x27,0x33,0x32,0x38,0x25,0x3A,
0x29,0x2D,0x37,0xFC,0x30,0x29,0x3A,0x25,0x32,0x38,0x25,0x31,0x29,0x32,0x38,0x33,
0x37,0xE5,0xE5,0xE5,0xFD,0x0B,0x38,0x29,0x00,0x31,0x29,0x37,0x31,0x33,0x00,0x28,
0x29,0x2D,0x3C,0x25,0x32,0x28,0x33,0xFC,0x25,0x00,0x0E,0x25,0x36,0x2F,0x00,0x0F,
0x30,0x2A,0xFC,0x29,0x37,0x27,0x25,0x34,0x25,0x36,0xE5,0xE5,0xE5,0xFD,0x0F,0x37,
0x38,0x33,0x39,0x00,0x27,0x25,0x32,0x37,0x25,0x28,0x33,0x00,0x28,0x29,0xFC,0x2B,
0xD6,0x2B,0x29,0x32,0x38,0x29,0x00,0x2D,0x32,0x39,0x38,0x2D,0x30,0xFC,0x27,0x33,
0x31,0x33,0x00,0x3A,0x33,0x27,0x29,0xE5,0xFD,0x19,0x37,0x00,0x1B,0x39,0x25,0x38,
0x36,0x33,0xFC,0x11,0x39,0x25,0x36,0x28,0x2D,0x33,0x29,0x37,0x00,0x37,0x29,0x36,
0x25,0x33,0xFC,0x28,0x29,0x37,0x38,0x2D,0x38,0x39,0x2D,0x28,0x33,0x37,0xE5,0xFD,
0xF3,0x2C,0x17,0x25,0x37,0xE5,0xE5,0xE5,0x00,0x17,0x29,0x37,0x38,0x36,0x29,0x00,
0x22,0xDD,0xCA,0xFD,0xF3,0x37,0x0E,0x36,0xE5,0x00,0x21,0x29,0x2D,0x30,0xE5,0xE5,
0xE5,0xFD,0x0F,0x39,0x00,0x29,0x32,0x27,0x33,0x31,0x29,0x32,0x28,0x33,0x00,0x33,
0xFC,0x27,0x33,0x31,0x25,0x32,0x28,0x33,0x00,0x28,0x33,0x37,0x00,0x32,0x33,0x37,
0x37,0x33,0x37,0xFC,0x29,0x3C,0xD6,0x29,0x3C,0x29,0x36,0x27,0x2D,0x38,0x33,0x37,
0xE5,0xFD,0x20,0x25,0x2D,0x00,0x25,0x27,0x29,0x2D,0x38,0x25,0x36,0xDD,0xFF,0xF3,
0x3B,0x12,0x29,0x2E,0x29,0x2E,0x29,0x2E,0x29,0xE5,0xE5,0xE5,0xFC,0x1D,0x2D,0x31,
0xE8,0x00,0x37,0x29,0x32,0x2C,0x33,0x36,0xCA,0xFD,0x0D,0x25,0x34,0x38,0x39,0x36,
0x25,0x36,0x29,0x2D,0x00,0x25,0xFC,0x0E,0x25,0x36,0x2F,0x00,0x0F,0x30,0x2A,0xE8,
0x00,0x37,0x29,0x31,0xFC,0x2A,0x25,0x30,0x2C,0x25,0x36,0xE5,0xE5,0xE5,0xFD,0xE5,
0xE5,0xE5,0x25,0x32,0x38,0x29,0x37,0x00,0x35,0x39,0x29,0xFC,0x27,0x25,0x2D,0x25,
0x00,0x32,0x25,0x37,0x00,0x31,0x25,0x33,0x37,0x00,0x28,0x25,0xFC,0x1C,0x29,0x37,
0x2D,0x37,0x38,0x29,0x32,0x27,0x2D,0x25,0x00,0x29,0xFD,0x37,0x29,0x00,0x38,0x33,
0x36,0x32,0x29,0x00,0x39,0x31,0x25,0xFC,0x25,0x31,0x29,0x25,0x27,0x25,0x00,0x34,
0x25,0x36,0x25,0xFC,0x29,0x37,0x38,0x29,0x00,0x31,0x39,0x32,0x28,0x33,0xE5,0xE5,
0xE5,0xFF,0xF3,0x61,0x19,0x37,0x00,0x34,0x36,0x29,0x34,0x25,0x36,0x25,0x38,0x2D,
0x3A,0x33,0x37,0xFC,0x34,0x25,0x36,0x25,0x00,0x33,0x00,0x30,0x25,0x32,0x27,0x25,
0x31,0x29,0x32,0x38,0x33,0xFC,0x28,0x33,0x00,0x31,0x2D,0x37,0x37,0x29,0x30,0xFD,
0x27,0x33,0x31,0x29,0x27,0x25,0x36,0x25,0x31,0xE5,0xFD,0x18,0x25,0x33,0x00,0x37,
0x25,0x26,0x29,0x31,0x33,0x37,0x00,0x25,0x00,0x25,0x36,0x29,0x25,0xFC,0x25,0x30,
0x3A,0x33,0xE8,0x00,0x31,0x25,0x37,0xFC,0x29,0x37,0x38,0x25,0x31,0x33,0x37,0x00,
0x38,0x29,0x32,0x38,0x25,0x32,0x28,0x33,0xFD,0x32,0x33,0x37,0x00,0x25,0x26,0x36,
0x2D,0x36,0x00,0x27,0x25,0x31,0x2D,0x32,0x2C,0x33,0xFC,0x31,0x29,0x28,0x2D,0x25,
0x32,0x38,0x29,0x00,0x2C,0x25,0x27,0x2F,0x29,0x25,0x31,0x29,0x32,0x38,0x33,0x00,
0x29,0xFC,0x28,0x29,0x37,0x27,0x33,0x26,0x36,0x2D,0xD6,0x30,0x33,0xE5,0xFD,0xF3,
0x62,0x1F,0x31,0x25,0x00,0x29,0x32,0x33,0x36,0x31,0x29,0x00,0x29,0x32,0x29,0x36,
0x2B,0x2D,0x25,0xFC,0x29,0x31,0x25,0x32,0x25,0x00,0x28,0x33,0x00,0x31,0x2D,0x37,
0x37,0x29,0x30,0xE5,0xFD,0x1A,0x25,0x36,0x29,0x27,0x29,0x00,0x35,0x39,0x29,0x00,
0x19,0x31,0x29,0x2B,0x25,0xFC,0x29,0x37,0x38,0x25,0x00,0x25,0x00,0x26,0x33,0x36,
0x28,0x33,0xE5,0xFD,0xF3,0x40,0x19,0x31,0x29,0x2B,0x25,0xDD,0xCA,0xFD,0x0F,0x37,
0x37,0x29,0x00,0x19,0x31,0x29,0x2B,0x25,0xE8,0x00,0x32,0x33,0xFC,0x31,0x2D,0x37,
0x37,0x29,0x30,0xCA,0xDD,0xFD,0xF3,0x04,0xE5,0xE5,0xE5,0xFF,0xF3,0x04,0x0D,0x2D,
0x29,0x30,0xE5,0xE5,0xE5,0xFD,0x13,0x32,0x37,0x2D,0x36,0x25,0x00,0x25,0x37,0xFC,
0x27,0x33,0x33,0x36,0x28,0x29,0x32,0x25,0x28,0x25,0x37,0x00,0x35,0x39,0x29,0xFC,
0x29,0x32,0x27,0x33,0x32,0x38,0x36,0x33,0x39,0xE5,0xFF,0xF3,0x40,0x13,0x37,0x37,
0x33,0x00,0x29,0xE5,0xE5,0xE5,0xFC,0x34,0x29,0x36,0x2D,0x2B,0x33,0x37,0x33,0xCA,
0xFF,0xF3,0x04,0x19,0x34,0x29,0x36,0x25,0x28,0x33,0x36,0x25,0xE5,0xFD,0x0B,0x34,
0x36,0x29,0x37,0x37,0x29,0xD6,0x37,0x29,0x00,0x29,0x00,0x34,0x36,0x29,0x34,0x25,
0x36,0x29,0xFC,0x25,0x00,0x38,0x36,0x25,0x32,0x37,0x2A,0x29,0x36,0x29,0x32,0x27,
0x2D,0x25,0xE5,0xFF,0xF3,0x40,0x24,0x29,0x36,0x33,0xE8,0x00,0x32,0x25,0x33,0x00,
0x29,0x37,0x38,0x33,0x39,0xFC,0x37,0x29,0x2B,0x39,0x36,0x25,0x00,0x28,0x2D,0x37,
0x37,0x33,0xCA,0xFD,0xF3,0x04,0x0D,0x33,0x32,0x2A,0x2D,0x33,0x00,0x29,0x31,0x00,
0x3A,0x33,0x27,0x29,0xE5,0xFF,0xF3,0x40,0xE5,0xE5,0xE5,0xFF,0xF3,0x40,0x0E,0x29,
0x00,0x25,0x27,0x33,0x36,0x28,0x33,0xE5,0xE5,0xE5,0xFC,0xE5,0xE5,0xE5,0x13,0x32,
0x37,0x29,0x36,0x2D,0x32,0x28,0x33,0xE5,0xE5,0xE5,0x33,0x37,0xFC,0x28,0x25,0x28,
0x33,0x37,0xE5,0xE5,0xE5,0xFD,0x1A,0x33,0x36,0x00,0x2A,0x25,0x3A,0x33,0x36,0xE8,
0xFC,0x38,0x36,0x25,0x32,0x37,0x2A,0x2D,0x36,0x25,0xD6,0x33,0xCA,0xFD,0xF3,0x61,
0x0F,0x32,0x38,0x29,0x32,0x28,0x2D,0x28,0x33,0xE5,0xFC,0x13,0x32,0x2D,0x27,0x2D,
0x25,0x32,0x28,0x33,0x00,0x33,0x37,0xFD,0x34,0x36,0x29,0x34,0x25,0x36,0x25,0x38,
0x2D,0x3A,0x33,0x37,0x00,0x28,0x29,0xFC,0x38,0x36,0x25,0x32,0x37,0x2A,0x29,0x36,
0x29,0x32,0x27,0x2D,0x25,0xE5,0xFF,0xF3,0x40,0x24,0x29,0x36,0x33,0xE5,0xE5,0xE5,
0xFF,0xF3,0x40,0x24,0x29,0x36,0x33,0xE5,0xE5,0xE5,0xFD,0x17,0x29,0x00,0x25,0x30,
0x29,0x2B,0x36,0x25,0x00,0x38,0x25,0x32,0x38,0x33,0xFC,0x35,0x39,0x29,0x00,0x29,
0x37,0x38,0x29,0x2E,0x25,0x00,0x25,0x00,0x37,0x25,0x30,0x3A,0x33,0xE5,0xE5,0xE5,
0xFD,0x1A,0x33,0x36,0x00,0x2A,0x25,0x3A,0x33,0x36,0xE5,0xE5,0xE5,0x00,0x32,0x39,
0x32,0x27,0x25,0xFC,0x3A,0x33,0x30,0x38,0x29,0x00,0x25,0x00,0x2A,0x25,0x3E,0x29,
0x36,0xFC,0x25,0x30,0x2B,0x33,0x00,0x38,0x25,0x33,0x00,0x30,0x33,0x39,0x27,0x33,
0xFD,0x27,0x33,0x31,0x33,0x00,0x2D,0x37,0x37,0x33,0xE5,0xE5,0xE5,0xFD,0xF3,0x05,
0xE5,0xE5,0xE5,0xFC,0x20,0x33,0x39,0x00,0x34,0x29,0x32,0x37,0x25,0x36,0x00,0x32,
0x2D,0x37,0x37,0x33,0xE5,0xFD,0x0B,0x00,0x34,0x36,0x33,0x34,0x33,0x37,0x2D,0x38,
0x33,0xE5,0xE5,0xE5,0xFC,0x0D,0x33,0x31,0x33,0x00,0x29,0x37,0x38,0x25,0x00,0x33,
0x00,0x12,0x25,0x36,0x34,0x39,0x2D,0x25,0xDD,0xFF,0xF3,0x40,0x19,0x00,0x0D,0x29,
0x36,0x3A,0x29,0x25,0x39,0x00,0x33,0x00,0x30,0x29,0x3A,0x33,0x39,0xFC,0x34,0x25,
0x36,0x25,0x00,0x25,0x00,0x37,0x25,0x30,0x25,0x00,0x28,0x29,0xFC,0x31,0x25,0x32,
0x39,0x38,0x29,0x32,0x27,0x25,0x33,0xE5,0xFD,0x18,0x25,0x33,0x00,0x29,0x37,0x38,
0x25,0x3A,0x25,0x00,0x2A,0x29,0x36,0x2D,0x28,0x33,0xFC,0x2B,0x36,0x25,0x3A,0x29,
0x31,0x29,0x32,0x38,0x29,0xE8,0xFC,0x31,0x25,0x37,0xE5,0xE5,0xE5,0xFD,0x1E,0x29,
0x36,0x25,0x00,0x35,0x39,0x29,0x00,0x28,0x29,0x37,0x27,0x25,0x32,0x37,0x25,0x36,
0xFC,0x29,0x00,0x37,0x29,0x00,0x36,0x29,0x27,0x39,0x34,0x29,0x36,0x25,0x36,0x00,
0x34,0x33,0x36,0xFC,0x39,0x31,0x00,0x38,0x29,0x31,0x34,0x33,0xE5,0xFD,0xE5,0xE5,
0xE5,0xFD,0x0B,0x37,0x00,0x27,0x33,0x2D,0x37,0x25,0x37,0x00,0x2A,0x2D,0x27,0x25,
0x36,0x25,0x31,0xFC,0x36,0x29,0x25,0x30,0x31,0x29,0x32,0x38,0x29,0xFC,0x2C,0x33,
0x36,0x36,0x2D,0x3A,0x29,0x2D,0x37,0xE5,0xE5,0xE5,0xFD,0x19,0x37,0x00,0x33,0x34,
0x29,0x36,0x25,0x28,0x33,0x36,0x29,0x37,0xFC,0x36,0x29,0x39,0x32,0x2D,0x36,0x25,
0x33,0x00,0x38,0x33,0x28,0x25,0x00,0x25,0xFC,0x2D,0x32,0x2A,0x33,0x36,0x31,0x25,
0x27,0x25,0x33,0x00,0x34,0x33,0x37,0x37,0x2D,0x3A,0x29,0x30,0xE5,0xFD,0x0B,0x32,
0x25,0x30,0x2D,0x37,0x25,0x36,0x00,0x38,0x33,0x28,0x25,0x00,0x29,0x37,0x37,0x25,
0xFC,0x2D,0x32,0x2A,0x33,0x36,0x31,0x25,0x27,0x25,0x33,0x00,0x30,0x29,0x3A,0x25,
0x36,0x25,0xFC,0x39,0x31,0x00,0x38,0x29,0x31,0x34,0x33,0xE5,0xFD,0x1E,0x29,0x32,
0x38,0x29,0x00,0x28,0x29,0x37,0x27,0x25,0x32,0x37,0x25,0x36,0xFC,0x39,0x31,0x00,
0x34,0x33,0x39,0x27,0x33,0x00,0x25,0x38,0x29,0xFC,0x30,0x25,0xE5,0xFD,0xF3,0x05,
0x0F,0x37,0x38,0x33,0x39,0x00,0x26,0x29,0x31,0xE5,0xFF,0xF3,0x40,0x0F,0x32,0x38,
0x25,0x33,0xE8,0xFC,0x25,0x33,0x00,0x31,0x29,0x32,0x33,0x37,0xE5,0xE5,0xE5,0xFF,
0xF3,0x40,0x0B,0x2D,0x32,0x28,0x25,0x00,0x32,0x25,0x33,0x00,0x29,0x32,0x38,0x29,
0x32,0x28,0x33,0xFC,0x27,0x33,0x31,0x33,0x00,0x18,0x29,0x33,0x00,0x0B,0x36,0x27,
0x25,0x28,0x2D,0x25,0xFC,0x34,0x39,0x28,0x29,0x00,0x28,0x2D,0x37,0x34,0x25,0x36,
0x25,0x36,0x00,0x39,0x31,0xFD,0x31,0x2D,0x37,0x37,0x29,0x30,0x00,0x34,0x25,0x36,
0x25,0x00,0x39,0x31,0x25,0x00,0x25,0x36,0x29,0x25,0xFC,0x33,0x32,0x28,0x29,0x00,
0x3A,0x2D,0x3A,0x29,0x31,0xFC,0x2C,0x39,0x31,0x25,0x32,0x33,0x37,0xE5,0xE5,0xE5,
0xFD,0xE5,0xE5,0xE5,0x31,0x29,0x37,0x31,0x33,0x00,0x34,0x25,0x36,0x25,0xFC,0x33,
0x26,0x38,0x29,0x36,0x00,0x25,0x00,0x0E,0x25,0x36,0x2F,0x00,0x0F,0x30,0x2A,0xE5,
0xE5,0xE5,0xFF,0xF3,0x40,0x0E,0x29,0x00,0x25,0x27,0x33,0x36,0x28,0x33,0xE5,0xE5,
0xE5,0xFD,0x0B,0x2D,0x32,0x28,0x25,0x00,0x32,0x25,0x33,0x00,0x29,0x32,0x38,0x29,
0x32,0x28,0x33,0xFC,0x27,0x33,0x31,0x33,0x00,0x18,0x29,0x33,0x00,0x0B,0x36,0x27,
0x25,0x28,0x2D,0x25,0xFC,0x34,0x39,0x28,0x29,0x00,0x28,0x2D,0x37,0x34,0x25,0x36,
0x25,0x36,0x00,0x39,0x31,0xFD,0x31,0x2D,0x37,0x37,0x29,0x30,0x00,0x34,0x25,0x36,
0x25,0x00,0x39,0x31,0x25,0x00,0x25,0x36,0x29,0x25,0xFC,0x33,0x32,0x28,0x29,0x00,
0x3A,0x2D,0x3A,0x29,0x31,0xFC,0x2C,0x39,0x31,0x25,0x32,0x33,0x37,0xE5,0xE5,0xE5,
0xFD,0xE5,0xE5,0xE5,0x31,0x29,0x37,0x31,0x33,0x00,0x34,0x25,0x36,0x25,0xFC,0x33,
0x26,0x38,0x29,0x36,0x00,0x25,0x00,0x0E,0x25,0x36,0x2F,0x00,0x0F,0x30,0x2A,0xE5,
0xFF,0xF3,0x61,0x0B,0x30,0x2B,0x39,0x29,0x31,0x00,0x2D,0x32,0x3A,0x25,0x28,0x2D,
0x39,0xFC,0x32,0x33,0x37,0x37,0x33,0x00,0x27,0x2D,0x36,0x27,0x39,0x2D,0x38,0x33,
0xFC,0x28,0x29,0x00,0x38,0x36,0x25,0x32,0x37,0x31,0x2D,0x37,0x37,0x25,0x33,0xCA,
0xFD,0x0F,0x00,0x18,0x29,0x33,0x00,0x0B,0x36,0x27,0x25,0x28,0x2D,0x25,0xCA,0xFF,
0xF3,0x05,0x1A,0x33,0x32,0x2C,0x25,0xD6,0x33,0x37,0x00,0x29,0x31,0x00,0x30,0x2D,
0x32,0x2C,0x25,0xCA,0xFF,0xF3,0x36,0xFB,0x1A,0xD6,0x34,0xD6,0x34,0x33,0x28,0x29,
0x00,0x31,0x29,0x00,0x33,0x39,0x3A,0x2D,0x36,0xDD,0xFC,0x17,0x29,0x31,0x26,0x36,
0x33,0x37,0x00,0x28,0x25,0xFC,0x1C,0x29,0x37,0x2D,0x37,0x38,0x29,0x32,0x27,0x2D,
0x25,0xE5,0xFD,0x0F,0xE5,0xE5,0xE5,0x00,0x0E,0xD6,0x0E,0x33,0x39,0x38,0x33,0x36,
0x25,0x00,0x0D,0x2D,0x29,0x30,0xE5,0xFD,0xF3,0x41,0x0D,0x33,0x34,0x3D,0x00,0x22,
0xCA,0xFD,0xF3,0x36,0x1E,0x29,0x31,0x33,0x37,0x00,0x25,0x00,0x27,0x39,0x37,0x38,
0x33,0x28,0x2D,0x25,0xFC,0x28,0x25,0x00,0x0E,0xD6,0x0E,0x25,0x36,0x2F,0x00,0x0F,
0x30,0x2A,0xE5,0xFD,0x1A,0x33,0x32,0x2C,0x25,0x31,0x33,0x37,0x00,0x2A,0x2D,0x31,
0x00,0x25,0xFC,0x29,0x37,0x38,0x29,0x00,0x27,0x33,0x32,0x2A,0x30,0x2D,0x38,0x33,
0xFC,0x2D,0x32,0x37,0x29,0x32,0x37,0x25,0x38,0x33,0xE5,0xFD,0x1A,0x29,0x28,0x2D,
0x31,0x33,0x37,0x00,0x35,0x39,0x29,0xFC,0x37,0x29,0x00,0x36,0x29,0x32,0x28,0x25,
0x31,0x00,0x25,0xFC,0x32,0xD6,0x32,0x33,0x37,0xE5,0xFF,0xF3,0x40,0x1C,0x29,0x32,
0x28,0x29,0x36,0xD6,0x37,0x29,0xDD,0xFD,0xF3,0x3B,0x0F,0x32,0x38,0x36,0x29,0x2B,
0x39,0x29,0x31,0xD6,0x32,0x33,0x37,0x00,0x25,0xFC,0x32,0x33,0x3A,0x25,0x00,0x29,
0x32,0x29,0x36,0x2B,0x2D,0x25,0x00,0x35,0x39,0x29,0xFC,0x2D,0x32,0x3A,0x29,0x32,
0x38,0x25,0x36,0x25,0x31,0xE8,0xFD,0x33,0x00,0x0D,0x2D,0x29,0x30,0x00,0x1D,0x3D,
0x37,0x38,0x29,0x31,0xE5,0xFD,0x1D,0x29,0x00,0x2A,0x2D,0x3E,0x29,0x36,0x29,0x31,
0x00,0x2D,0x37,0x37,0x33,0xE8,0x00,0x2B,0x25,0x36,0x25,0x32,0xD6,0xFC,0x38,0x2D,
0x3E,0x25,0x36,0x29,0x2D,0x00,0x25,0x00,0x37,0x29,0x2B,0x39,0x36,0x25,0x32,0x27,
0x25,0x00,0x28,0x29,0xFC,0x3A,0x33,0x27,0x29,0x37,0xE8,0x00,0x17,0x25,0x3A,0x29,
0x36,0x2D,0x27,0x2F,0x37,0xE5,0xFD,0xF3,0x40,0x1E,0x29,0x31,0x00,0x35,0x39,0x29,
0x00,0x37,0x29,0x36,0xE5,0xE5,0xE5,0xFD,0xF3,0x3B,0x0D,0x33,0x31,0x33,0x00,0x36,
0x29,0x37,0x39,0x30,0x38,0x25,0x28,0x33,0x00,0x28,0x29,0xFC,0x32,0x33,0x37,0x37,
0x33,0x00,0x25,0x32,0x25,0x30,0x2D,0x37,0x29,0x00,0x28,0x25,0xFC,0x2D,0x32,0x2A,
0x33,0x36,0x31,0x25,0x27,0x25,0x33,0x00,0x28,0x33,0xFD,0x0D,0x2D,0x29,0x30,0x00,
0x1D,0x3D,0x37,0x38,0x29,0x31,0x00,0x35,0x39,0x29,0xFC,0x2B,0x29,0x32,0x38,0x2D,
0x30,0x31,0x29,0x32,0x38,0x29,0x00,0x32,0x33,0x37,0xFC,0x29,0x32,0x3A,0x2D,0x25,
0x36,0x25,0x31,0xE5,0xE5,0xE5,0xFD,0x0E,0x29,0x38,0x29,0x36,0x31,0x2D,0x32,0x25,
0x31,0x33,0x37,0xFC,0x35,0x39,0x29,0x00,0x25,0x33,0x00,0x27,0x33,0x31,0x26,0x2D,
0x32,0x25,0xD6,0x30,0x33,0xFC,0x27,0x33,0x31,0x00,0x25,0x00,0x0E,0x25,0x36,0x2F,
0x00,0x0F,0x30,0x2A,0xE8,0xFD,0x34,0x33,0x28,0x29,0x36,0x2D,0x25,0x00,0x37,0x29,
0x36,0x00,0x34,0x33,0x37,0x37,0x2D,0x3A,0x29,0x30,0xFC,0x2B,0x29,0x36,0x25,0x36,
0x00,0x29,0x32,0x33,0x36,0x31,0x29,0x37,0x00,0x27,0x25,0x32,0xD6,0xFC,0x38,0x2D,
0x28,0x25,0x28,0x29,0x37,0x00,0x28,0x29,0x00,0x29,0x32,0x29,0x36,0x2B,0x2D,0x25,
0xE5,0xFD,0x13,0x37,0x37,0x33,0x00,0x36,0x29,0x37,0x33,0x30,0x3A,0x29,0x36,0x2D,
0x25,0x00,0x25,0xFC,0x27,0x36,0x2D,0x37,0x29,0x00,0x29,0x32,0x29,0x36,0x2B,0x29,
0x38,0x2D,0x27,0x25,0xFC,0x28,0x29,0x00,0x39,0x31,0x00,0x37,0x33,0x00,0x2B,0x33,
0x30,0x34,0x29,0xE5,0xFD,0x14,0x25,0x00,0x32,0x25,0x33,0x00,0x2C,0x25,0x3A,0x29,
0x36,0x2D,0x25,0x00,0x36,0x25,0x3E,0x25,0x33,0xFC,0x34,0x25,0x36,0x25,0x00,0x30,
0x39,0x38,0x25,0x36,0x31,0x33,0x37,0xE5,0xFD,0xF3,0x37,0x0D,0x2D,0x29,0x30,0xE5,
0xE5,0xE5,0xFD,0x1F,0x31,0x25,0x00,0x37,0x33,0x00,0x36,0x29,0x37,0x34,0x33,0x37,
0x38,0x25,0x00,0x28,0x29,0xFC,0x3A,0x33,0x27,0x29,0x00,0x38,0x36,0x25,0x36,0x25,
0x00,0x34,0x25,0x3E,0xFC,0x25,0xD6,0x25,0x33,0x00,0x31,0x39,0x32,0x28,0x33,0xE5,
0xFF,0xF3,0x40,0xE5,0xE5,0xE5,0xFD,0x18,0x25,0x33,0x00,0x34,0x33,0x37,0x37,0x33,
0xE5,0xE5,0xE5,0xFD,0x27,0x33,0x32,0x2A,0x2D,0x25,0x36,0xE5,0xE5,0xE5,0x29,0x31,
0x00,0x3A,0x33,0x27,0x29,0xE5,0xFD,0xF3,0x37,0x19,0x00,0x35,0x39,0x29,0x00,0x29,
0x00,0x2D,0xD6,0x2D,0x37,0x37,0x33,0xDD,0xFF,0xF3,0x40,0x20,0x33,0x27,0x29,0x00,
0x29,0x37,0x38,0x25,0x3A,0x25,0x00,0x28,0x2D,0x37,0x34,0x33,0x37,0x38,0x33,0x00,
0x25,0xFC,0x37,0x25,0x27,0x36,0x2D,0x2A,0x2D,0x27,0x25,0x36,0x00,0x2C,0x39,0x31,
0x25,0x32,0x33,0x37,0xFC,0x34,0x25,0x36,0x25,0x00,0x33,0x26,0x38,0x29,0x36,0x00,
0x25,0xFD,0x0E,0x25,0x36,0x2F,0x00,0x0F,0x30,0x2A,0xCA,0xFD,0x18,0x25,0x33,0x00,
0x34,0x33,0x37,0x37,0x33,0x00,0x27,0x33,0x32,0x2A,0x2D,0x25,0x36,0x00,0x29,0x31,
0xFC,0x3A,0x33,0x27,0x29,0x00,0x28,0x29,0x34,0x33,0x2D,0x37,0x00,0x28,0x29,0x00,
0x3A,0x29,0x36,0xFC,0x2D,0x37,0x37,0x33,0xE5,0xFD,0x18,0x25,0x33,0x00,0x34,0x33,
0x28,0x29,0x00,0x38,0x29,0x36,0x00,0x33,0xFC,0x0D,0x2D,0x29,0x30,0x00,0x1D,0x3D,
0x37,0x38,0x29,0x31,0xE5,0xFD,0x10,0x33,0x2D,0x00,0x27,0x36,0x2D,0x25,0x28,0x33,
0x00,0x34,0x25,0x36,0x25,0x00,0x35,0x39,0x29,0xFC,0x2C,0x39,0x31,0x25,0x32,0x33,
0x37,0x00,0x29,0x00,0x1C,0x29,0x34,0x30,0x33,0x2D,0x28,0x29,0x37,0xFC,0x3A,0x2D,
0x3A,0x25,0x31,0x00,0x29,0x31,0x00,0x34,0x25,0x3E,0xCA,0xFF,0xF3,0x37,0xFB,0x0F,
0x37,0x37,0x25,0x00,0x29,0xE5,0xE5,0xE5,0x00,0x37,0xD6,0x37,0x39,0x25,0xFC,0x36,
0x29,0x37,0x34,0x33,0x37,0x38,0x25,0xDD,0xFD,0x0C,0x29,0x31,0xE5,0xFD,0x1E,0x29,
0x31,0x00,0x33,0xD6,0x33,0x00,0x31,0x33,0x32,0x33,0x34,0x33,0x30,0x2D,0x33,0xFC,
0x28,0x33,0x37,0x00,0x36,0x29,0x27,0x39,0x36,0x37,0x33,0x37,0xFC,0x29,0x32,0x29,
0x36,0x2B,0x29,0x38,0x2D,0x27,0x33,0x37,0xE5,0xE5,0xE5,0xFD,0x0F,0x00,0x33,0x00,
0x24,0x29,0x36,0x33,0xE8,0x00,0x39,0x31,0x00,0x1C,0x29,0x34,0x30,0x33,0x2D,0x28,
0x29,0xFC,0x27,0x33,0x31,0x00,0x25,0x38,0x29,0x36,0x36,0x33,0x36,0x2D,0x3E,0x25,
0x32,0x38,0x29,0x37,0xFC,0x2C,0xD6,0x2C,0x25,0x26,0x2D,0x30,0x2D,0x28,0x25,0x28,
0x29,0x37,0xFD,0x28,0x29,0x00,0x27,0x33,0x31,0x26,0x25,0x38,0x29,0xE5,0xE5,0xE5,
0xFD,0x18,0xD6,0x32,0x25,0x33,0x00,0x37,0x25,0x33,0x00,0x31,0x25,0x2D,0x37,0x00,
0x35,0x39,0x29,0xFC,0x37,0x39,0x2E,0x33,0x37,0x00,0x29,0x3C,0x38,0x36,0x29,0x31,
0x2D,0x37,0x38,0x25,0x37,0xCA,0xFD,0x0D,0x2D,0x29,0x30,0xE5,0xE5,0xE5,0xFC,0x0F,
0x39,0x00,0x29,0x37,0x38,0x25,0x3A,0x25,0x00,0x31,0x29,0x00,0x27,0x33,0x32,0x38,
0x29,0x32,0x28,0x33,0xFC,0x25,0x38,0x29,0x00,0x25,0x2B,0x33,0x36,0x25,0xE8,0xFD,
0x34,0x33,0x36,0x35,0x39,0x29,0x00,0x3A,0x33,0x27,0x29,0x00,0x29,0x37,0x38,0x25,
0x3A,0x25,0xFC,0x25,0x35,0x39,0x2D,0xE8,0x00,0x39,0x31,0x25,0x00,0x2C,0x39,0x31,
0x25,0x32,0x25,0xE5,0xE5,0xE5,0xFD,0x0B,0x2B,0x33,0x36,0x25,0x00,0x29,0x32,0x2A,
0x36,0x29,0x32,0x38,0x25,0x36,0x25,0xFC,0x25,0x37,0x00,0x27,0x33,0x32,0x37,0x29,
0x35,0x39,0x29,0x32,0x27,0x2D,0x25,0x37,0xE8,0xFC,0x2E,0x39,0x32,0x38,0x33,0x00,
0x27,0x33,0x31,0x00,0x37,0x29,0x39,0x37,0xFD,0x25,0x31,0x2D,0x2B,0x33,0x37,0x00,
0x17,0x25,0x3A,0x29,0x36,0x2D,0x27,0x2F,0x37,0xCA,0xFF,0xF3,0x61,0x0B,0x00,0x38,
0x36,0x25,0x32,0x37,0x31,0x2D,0x37,0x37,0x25,0x33,0x00,0x2A,0x33,0x2D,0xFC,0x27,
0x33,0x36,0x38,0x25,0x28,0x25,0xE5,0xFF,0xF3,0x62,0x0B,0x00,0x31,0x2D,0x30,0x2D,
0x27,0x2D,0x25,0x00,0x28,0x29,0x00,0x18,0x29,0x33,0xFC,0x0B,0x36,0x27,0x25,0x28,
0x2D,0x25,0x00,0x27,0x33,0x31,0x29,0x27,0x33,0x39,0xFC,0x25,0x00,0x25,0x3A,0x25,
0x32,0x27,0x25,0x36,0x00,0x34,0x25,0x36,0x25,0xFD,0x25,0x00,0x32,0x33,0x37,0x37,
0x25,0x00,0x26,0x25,0x37,0x29,0x00,0x25,0x00,0x34,0x25,0x36,0x38,0x2D,0x36,0xFC,
0x28,0x29,0x00,0x31,0x39,0x30,0x38,0x2D,0x34,0x30,0x25,0x37,0x00,0x25,0x36,0x29,
0x25,0x37,0xE5,0xFD,0x13,0x32,0x2D,0x27,0x2D,0x25,0x36,0x25,0x31,0x00,0x39,0x31,
0x25,0xFC,0x33,0x2A,0x29,0x32,0x37,0x2D,0x3A,0x25,0x00,0x38,0x33,0x38,0x25,0x30,
0xE5,0xFF,0xF3,0x40,0x24,0x29,0x36,0x33,0xE5,0xE5,0xE5,0x0F,0x39,0xE5,0xE5,0xE5,
0xFD,0xF3,0x05,0x20,0x33,0x27,0x29,0x00,0x25,0x27,0x36,0x29,0x28,0x2D,0x38,0x33,
0x39,0x00,0x29,0x31,0x00,0x37,0x2D,0xFC,0x31,0x29,0x37,0x31,0x25,0x00,0x29,0x00,
0x30,0x39,0x38,0x33,0x39,0xFC,0x29,0x31,0x00,0x27,0x33,0x32,0x37,0x29,0x35,0x39,
0x29,0x32,0x27,0x2D,0x25,0xE5,0xFD,0x19,0x00,0x35,0x39,0x29,0x00,0x37,0x29,0x00,
0x37,0x29,0x2B,0x39,0x29,0xE5,0xE5,0xE5,0xFC,0x29,0x00,0x31,0x29,0x39,0x00,0x38,
0x36,0x25,0x26,0x25,0x30,0x2C,0x33,0xE5,0xFD,0x17,0x29,0x00,0x28,0x2D,0x2B,0x25,
0x00,0x29,0x31,0x00,0x35,0x39,0x29,0x00,0x25,0x36,0x29,0x25,0x37,0xFC,0x29,0x30,
0x29,0x37,0x00,0x29,0x37,0x38,0x25,0x33,0xE5,0xFC,0x0F,0x39,0x00,0x33,0x37,0x00,
0x2D,0x32,0x38,0x29,0x36,0x27,0x29,0x34,0x38,0x25,0x36,0x29,0x2D,0xE5,0xFD,0xF3,
0x40,0x24,0x29,0x36,0x33,0xE5,0xE5,0xE5,0xFD,0xF3,0x61,0x17,0x33,0x37,0x38,0x36,
0x25,0x32,0x28,0x33,0x00,0x33,0x37,0xFC,0x31,0x33,0x3A,0x2D,0x31,0x29,0x32,0x38,
0x33,0x37,0x00,0x28,0x29,0x00,0x18,0x29,0x33,0xFC,0x0B,0x36,0x27,0x25,0x28,0x2D,
0x25,0x00,0x32,0x33,0xFD,0x31,0x33,0x32,0x2D,0x38,0x33,0x36,0xE5,0xE5,0xE5,0xFF,
0xF3,0x00,0x1D,0x25,0x30,0x25,0x00,0x28,0x29,0x00,0x31,0x25,0x32,0x39,0x38,0x29,
0x32,0x27,0x25,0x33,0xFD,0x29,0x31,0x00,0x39,0x37,0x33,0xE5,0xE5,0xE5,0xFF,0xF3,
0x40,0x0F,0x32,0x38,0x25,0x33,0x00,0x2D,0x37,0x38,0x33,0xFC,0x2A,0x33,0x2D,0x00,
0x29,0x31,0x00,0x35,0x39,0x29,0xFC,0x38,0x39,0x28,0x33,0x00,0x38,0x29,0x36,0x31,
0x2D,0x32,0x33,0x39,0xE5,0xE5,0xE5,0xFD,0x0E,0x36,0xE5,0x00,0x21,0x29,0x2D,0x30,
0x00,0x27,0x33,0x31,0x33,0xFC,0x2B,0x33,0x3A,0x29,0x36,0x32,0x25,0x32,0x38,0x29,
0x00,0x28,0x29,0xFC,0x18,0x29,0x33,0x00,0x0B,0x36,0x27,0x25,0x28,0x2D,0x25,0xE5,
0xE5,0xE5,0xFD,0xF3,0x05,0x0F,0x37,0x37,0x29,0x37,0x00,0x2C,0x39,0x31,0x25,0x32,
0x33,0x37,0xFC,0x32,0x25,0x33,0x00,0x37,0x25,0x26,0x29,0x31,0x00,0x32,0x25,0x28,
0x25,0xE5,0xE5,0xE5,0xFD,0x18,0x25,0x33,0xE8,0x00,0x32,0x25,0x33,0x00,0x29,0x00,
0x2D,0x37,0x37,0x33,0xE5,0xFC,0x18,0x39,0x32,0x27,0x25,0x00,0x38,0x29,0x32,0x38,
0x25,0x36,0x25,0x31,0xFC,0x25,0x34,0x36,0x29,0x32,0x28,0x29,0x36,0x00,0x32,0x25,
0x28,0x25,0xE5,0xE5,0xE5,0xFF,0xF3,0x40,0x20,0x2D,0x28,0x25,0x37,0x00,0x27,0x33,
0x31,0x00,0x27,0x33,0x31,0x2D,0x28,0x25,0xFC,0x29,0x00,0x27,0x33,0x32,0x2A,0x33,
0x36,0x38,0x33,0xFC,0x28,0x29,0x00,0x37,0x33,0x26,0x36,0x25,0xE5,0xE5,0xE5,0xFD,
0x0B,0x37,0x00,0x34,0x29,0x37,0x37,0x33,0x25,0x37,0x00,0x34,0x25,0x36,0x25,0x36,
0x25,0x31,0xFC,0x28,0x29,0x00,0x37,0x29,0x00,0x2D,0x32,0x27,0x33,0x31,0x33,0x28,
0x25,0x36,0x00,0x29,0x31,0xFC,0x34,0x29,0x32,0x37,0x25,0x36,0xE5,0xE5,0xE5,0xFD,
0x0B,0x2D,0x32,0x28,0x25,0x00,0x34,0x33,0x28,0x29,0x00,0x2C,0x25,0x3A,0x29,0x36,
0xFC,0x34,0x29,0x37,0x37,0x33,0x25,0x37,0x00,0x35,0x39,0x29,0xFC,0x35,0x39,0x29,
0x2D,0x36,0x25,0x31,0x00,0x25,0x2B,0x2D,0x36,0xE5,0xFD,0x1D,0x29,0x00,0x34,0x39,
0x28,0x29,0x37,0x37,0x29,0x31,0x33,0x37,0xFC,0x2A,0x25,0x3E,0x29,0x36,0x00,0x27,
0x33,0x31,0x00,0x35,0x39,0x29,0x00,0x29,0x37,0x37,0x25,0x37,0xFC,0x34,0x29,0x37,
0x37,0x33,0x25,0x37,0x00,0x37,0x25,0x2D,0x26,0x25,0x31,0xFD,0x33,0x00,0x35,0x39,
0x29,0x00,0x33,0x00,0x0E,0x36,0xE5,0x00,0x21,0x29,0x2D,0x30,0xFC,0x36,0x29,0x25,
0x30,0x31,0x29,0x32,0x38,0x29,0x00,0x34,0x30,0x25,0x32,0x29,0x2E,0x25,0xE5,0xE5,
0xE5,0xFD,0x1E,0x25,0x30,0x3A,0x29,0x3E,0x00,0x34,0x33,0x37,0x37,0x25,0x31,0x33,
0x37,0xFC,0x31,0x39,0x28,0x25,0x36,0x00,0x18,0x29,0x33,0x00,0x0B,0x36,0x27,0x25,
0x28,0x2D,0x25,0xE5,0xFD,0xF3,0x61,0x1B,0x39,0x29,0x31,0x00,0x29,0x00,0x29,0x37,
0x38,0x29,0xFC,0x0E,0x36,0xE5,0x00,0x21,0x29,0x2D,0x30,0xE8,0x00,0x28,0x29,0xFC,
0x35,0x39,0x25,0x30,0x35,0x39,0x29,0x36,0x00,0x31,0x33,0x28,0x33,0xDD,0xFD,0x19,
0x00,0x35,0x39,0x29,0x00,0x38,0x29,0x31,0x00,0x29,0x37,0x38,0x25,0x28,0x33,0xFC,
0x2A,0x25,0x3E,0x29,0x32,0x28,0x33,0x00,0x28,0x29,0x37,0x28,0x29,0xFC,0x35,0x39,
0x29,0x00,0x36,0x29,0x25,0x34,0x25,0x36,0x29,0x27,0x29,0x39,0xDD,0xFD,0xF3,0x62,
0x1D,0x29,0x00,0x34,0x39,0x28,0x29,0x36,0x00,0x36,0x29,0x39,0x32,0x2D,0x36,0xFC,
0x39,0x31,0x00,0x34,0x33,0x39,0x27,0x33,0x00,0x28,0x29,0xFC,0x2D,0x32,0x2A,0x33,
0x36,0x31,0x25,0x27,0x25,0x33,0xE5,0xE5,0xE5,0xFD,0x34,0x33,0x28,0x29,0x36,0x2D,
0x25,0x31,0x33,0x37,0xFC,0x25,0x32,0x25,0x30,0x2D,0x37,0x25,0xD6,0x30,0x25,0xFC,
0x34,0x25,0x36,0x25,0x00,0x37,0x25,0x26,0x29,0x36,0xFD,0x33,0x32,0x28,0x29,0x00,
0x29,0x37,0x38,0x25,0x00,0x25,0x2B,0x33,0x36,0x25,0x00,0x29,0xFC,0x33,0x00,0x35,
0x39,0x29,0x00,0x38,0x29,0x31,0xFC,0x2A,0x29,0x2D,0x38,0x33,0x00,0x25,0x38,0x29,
0x00,0x25,0x2B,0x33,0x36,0x25,0xE5,0xFD,0xF3,0x05,0x0F,0x37,0x38,0x25,0x00,0x26,
0x29,0x31,0xE5,0xFD,0x1A,0x25,0x36,0x25,0x00,0x33,0x32,0x28,0x29,0x00,0x28,0x29,
0x3A,0x33,0x00,0x2D,0x36,0xDD,0xFC,0x1D,0x33,0x00,0x31,0x29,0x00,0x28,0x2D,0x2B,
0x25,0xE5,0xE5,0xE5,0xFF,0xF3,0x40,0x1D,0x2D,0x31,0xE8,0x00,0x31,0x25,0x37,0x00,
0x25,0x32,0x38,0x29,0x37,0xE5,0xE5,0xE5,0xFF,0xF3,0x61,0x13,0x37,0x33,0x30,0x25,
0x31,0x33,0x37,0x00,0x25,0x30,0x2B,0x39,0x32,0x37,0xFC,0x30,0x39,0x2B,0x25,0x36,
0x29,0x37,0x00,0x34,0x25,0x36,0x25,0x00,0x35,0x39,0x29,0xFC,0x36,0x29,0x39,0x32,
0x25,0x00,0x2D,0x32,0x2A,0x33,0x36,0x31,0x25,0x27,0x25,0x33,0xE5,0xFF,0xF3,0x61,
0x0F,0xE5,0xE5,0xE5,0x00,0x34,0x36,0x33,0x32,0x38,0x33,0xE5,0xFD,0x0B,0x27,0x25,
0x26,0x25,0x31,0x33,0x37,0x00,0x28,0x29,0x00,0x2D,0x32,0x37,0x29,0x36,0x2D,0x36,
0xFC,0x33,0x37,0x00,0x28,0x25,0x28,0x33,0x37,0x00,0x36,0x29,0x27,0x39,0x34,0x29,
0x36,0x25,0x28,0x33,0x37,0xFC,0x25,0x38,0x29,0x00,0x25,0x2B,0x33,0x36,0x25,0xE5,
0xFD,0xF3,0x62,0x0B,0x2B,0x33,0x36,0x25,0xE8,0x00,0x27,0x33,0x31,0x29,0x27,0x29,
0x31,0x33,0x37,0xFC,0x25,0x00,0x25,0x32,0x25,0x30,0x2D,0x37,0x29,0xE5,0xFF,0xF3,
0x40,0x11,0x36,0x25,0x27,0x25,0x37,0x00,0x25,0x33,0x00,0x24,0x29,0x36,0x33,0xE8,
0xFC,0x36,0x29,0x39,0x32,0x2D,0x31,0x33,0x37,0xFC,0x31,0x39,0x2D,0x38,0x25,0x00,
0x2D,0x32,0x2A,0x33,0x36,0x31,0x25,0x27,0x25,0x33,0xE5,0xFD,0x0B,0x32,0x25,0x30,
0x2D,0x37,0x25,0x36,0x00,0x33,0x37,0x00,0x28,0x25,0x28,0x33,0x37,0xFC,0x30,0x29,
0x3A,0x25,0x36,0x25,0x00,0x38,0x29,0x31,0x34,0x33,0xE8,0x00,0x29,0x32,0x38,0x25,
0x33,0xFC,0x34,0x33,0x36,0x00,0x25,0x2B,0x33,0x36,0x25,0xE5,0xE5,0xE5,0xFF,0xF3,
0x40,0x0B,0x2C,0xE8,0x00,0x27,0x29,0x36,0x38,0x33,0xE5,0x00,0x13,0x37,0x37,0x33,
0xFC,0x31,0x29,0x00,0x30,0x29,0x31,0x26,0x36,0x25,0xE5,0xFD,0x19,0x00,0x0D,0x29,
0x36,0x3A,0x29,0x25,0x39,0x00,0x31,0x29,0x00,0x28,0x2D,0x37,0x37,0x29,0x00,0x35,
0x39,0x29,0xFC,0x33,0x00,0x29,0x37,0x38,0x25,0x28,0x33,0x00,0x28,0x33,0x00,0x12,
0x25,0x36,0x34,0x39,0x2D,0x25,0xFC,0x31,0x29,0x30,0x2C,0x33,0x36,0x33,0x39,0x00,
0x31,0x39,0x2D,0x38,0x33,0xE5,0xFD,0x1A,0x33,0x36,0x00,0x35,0x39,0x29,0x00,0x32,
0x25,0x33,0x00,0x3A,0x25,0x2D,0xFC,0x3A,0x2D,0x37,0x2D,0x38,0x25,0xD6,0x30,0x33,
0xDD,0xFF,0xF3,0x40,0x0F,0x37,0x38,0x25,0x00,0x26,0x29,0x31,0xE5,0xE5,0xE5,0xFC,
0x17,0x25,0x37,0x00,0x34,0x33,0x36,0x00,0x2A,0x25,0x3A,0x33,0x36,0xE8,0xFC,0x32,
0x25,0x33,0x00,0x37,0x29,0x00,0x29,0x3C,0x27,0x29,0x28,0x25,0xE5,0xFD,0x0B,0x2C,
0xE8,0x00,0x27,0x29,0x36,0x38,0x33,0xE5,0x00,0x13,0x37,0x37,0x33,0xFC,0x31,0x29,
0x00,0x30,0x29,0x31,0x26,0x36,0x25,0xE5,0xFD,0x19,0x00,0x0D,0x29,0x36,0x3A,0x29,
0x25,0x39,0x00,0x31,0x29,0x00,0x28,0x2D,0x37,0x37,0x29,0x00,0x35,0x39,0x29,0xFC,
0x33,0x00,0x29,0x37,0x38,0x25,0x28,0x33,0x00,0x28,0x33,0x00,0x12,0x25,0x36,0x34,
0x39,0x2D,0x25,0xFC,0x31,0x29,0x30,0x2C,0x33,0x36,0x33,0x39,0x00,0x31,0x39,0x2D,
0x38,0x33,0xE5,0xFD,0x1A,0x33,0x36,0x00,0x35,0x39,0x29,0x00,0x32,0x25,0x33,0x00,
0x3A,0x25,0x2D,0xFC,0x3A,0x2D,0x37,0x2D,0x38,0x25,0xD6,0x30,0x33,0xDD,0xFF,0xF3,
0x04,0x14,0x25,0x00,0x34,0x33,0x28,0x29,0xFC,0x2A,0x2D,0x27,0x25,0x36,0x00,0x28,
0x29,0x00,0x34,0x29,0xDD,0xFD,0x18,0x33,0x37,0x37,0x25,0xE8,0x00,0x12,0x25,0x36,
0x34,0x39,0x2D,0x25,0xE8,0xFC,0x32,0x25,0x33,0x00,0x29,0x00,0x2A,0x25,0x27,0x2D,
0x30,0xFC,0x28,0x29,0x36,0x36,0x39,0x26,0x25,0xD6,0x30,0x33,0xE5,0xE5,0xE5,0xFF,
0xF3,0x2D,0x19,0x00,0x35,0x39,0x29,0x00,0x29,0x37,0x38,0x25,0x00,0x38,0x36,0x25,
0x31,0x25,0x32,0x28,0x33,0xDD,0xFC,0x1A,0x33,0x36,0x00,0x35,0x39,0x29,0x00,0x31,
0x29,0xFC,0x36,0x29,0x37,0x2B,0x25,0x38,0x33,0x39,0xDD,0xFD,0x0F,0x37,0x34,0x29,
0x36,0x25,0x00,0x25,0x30,0x2B,0x39,0x31,0xFC,0x2A,0x25,0x3A,0x33,0x36,0x00,0x29,
0x31,0x00,0x38,0x36,0x33,0x27,0x25,0xDD,0xFD,0xF3,0x04,0x1E,0x25,0x30,0x3A,0x29,
0x3E,0xE5,0xFF,0xF3,0x42,0x19,0x2C,0xE8,0x00,0x25,0x27,0x33,0x36,0x28,0x33,0x39,
0xE5,0xFD,0x0D,0x33,0x31,0x33,0x00,0x37,0x29,0x00,0x37,0x29,0x32,0x38,0x29,0xDD,
0xFD,0xF3,0x2D,0x12,0x33,0x36,0x36,0x2D,0x3A,0x29,0x30,0xE5,0xFD,0x1D,0x33,0x00,
0x28,0x29,0x00,0x34,0x29,0x32,0x37,0x25,0x36,0x00,0x35,0x39,0x29,0xFC,0x3A,0x33,
0x27,0x29,0x37,0x00,0x31,0x29,0x00,0x25,0x2E,0x39,0x28,0x25,0x36,0x25,0x31,0xFC,
0x31,0x29,0x00,0x28,0x25,0x00,0x32,0x25,0x39,0x37,0x29,0x25,0x37,0xE5,0xFD,0x10,
0x39,0x2D,0x00,0x28,0x29,0x37,0x34,0x33,0x2E,0x25,0x28,0x33,0x00,0x28,0x33,0xFC,
0x31,0x29,0x39,0x00,0x27,0x25,0x36,0x2B,0x33,0x00,0x29,0x00,0x29,0x3C,0x34,0x39,
0x30,0x37,0x33,0xFC,0x28,0x29,0x00,0x18,0x29,0x33,0x00,0x0B,0x36,0x27,0x25,0x28,
0x2D,0x25,0xE5,0xFD,0x1D,0x33,0x39,0x00,0x31,0x29,0x36,0x27,0x25,0x28,0x33,0x36,
0x2D,0x25,0xFC,0x28,0x29,0x37,0x27,0x25,0x36,0x38,0x25,0x28,0x25,0xE5,0xE5,0xE5,
0xFD,0xF3,0x42,0x13,0x37,0x37,0x33,0x00,0x32,0x25,0x33,0x00,0x29,0x00,0x3A,0x29,
0x36,0x28,0x25,0x28,0x29,0xE5,0xFD,0x1D,0x33,0x00,0x28,0x29,0x2A,0x29,0x32,0x28,
0x29,0x39,0xFC,0x37,0x39,0x25,0x37,0x00,0x27,0x36,0x29,0x32,0x27,0x25,0x37,0xE8,
0xFC,0x2D,0x2B,0x39,0x25,0x30,0x00,0x25,0x00,0x32,0x33,0x37,0xE5,0xFD,0x18,0x25,
0x33,0x00,0x27,0x33,0x31,0x29,0x38,0x29,0x39,0xFC,0x32,0x29,0x32,0x2C,0x39,0x31,
0x00,0x29,0x36,0x36,0x33,0xE5,0xFD,0xF3,0x2D,0x17,0x2D,0x32,0x2C,0x25,0x37,0x00,
0x27,0x36,0x29,0x32,0x27,0x25,0x37,0xE5,0xE5,0xE5,0xFD,0x14,0x25,0x00,0x32,0x25,
0x33,0x00,0x34,0x33,0x37,0x37,0x33,0xFC,0x2A,0x2D,0x27,0x25,0x36,0x00,0x28,0x29,
0xFC,0x26,0x36,0x25,0x27,0x33,0x37,0x00,0x27,0x36,0x39,0x3E,0x25,0x28,0x33,0x37,
0xE5,0xE5,0xE5,0xFD,0x0E,0x29,0x3A,0x29,0x31,0x33,0x37,0x00,0x34,0x36,0x33,0x38,
0x29,0x2B,0x29,0x36,0xFC,0x33,0x37,0x00,0x2C,0x39,0x31,0x25,0x32,0x33,0x37,0xFC,
0x28,0x33,0x00,0x21,0x29,0x2D,0x30,0xE5,0xFD,0x1E,0x29,0x31,0x33,0x37,0x00,0x35,
0x39,0x29,0xFC,0x28,0x29,0x38,0x29,0x30,0x33,0xFC,0x2D,0x31,0x29,0x28,0x2D,0x25,
0x38,0x25,0x31,0x29,0x32,0x38,0x29,0xE5,0xFD,0x0F,0x37,0x29,0xE5,0xE5,0xE5,0x00,
0x29,0x37,0x29,0xE5,0xE5,0xE5,0xFC,0x21,0x29,0x2D,0x30,0xCA,0xCA,0xCA,0xFF,0xF3,
0x42,0x0F,0x37,0x34,0x29,0x36,0x29,0xCA,0xFD,0x1D,0x39,0x25,0x37,0x00,0x2A,0x29,
0x36,0x2D,0x28,0x25,0x37,0x00,0x25,0x2D,0x32,0x28,0x25,0xFC,0x32,0x25,0x33,0x00,
0x27,0x39,0x36,0x25,0x36,0x25,0x31,0xFC,0x34,0x33,0x36,0x00,0x27,0x33,0x31,0x34,
0x30,0x29,0x38,0x33,0xCA,0xFD,0xF3,0x2D,0x1D,0x33,0x39,0x00,0x39,0x31,0x00,0x2B,
0x39,0x29,0x36,0x36,0x29,0x2D,0x36,0x33,0xE8,0xFC,0x32,0x25,0x37,0x27,0x2D,0x28,
0x33,0x00,0x34,0x25,0x36,0x25,0x00,0x34,0x36,0x33,0x38,0x29,0x2B,0x29,0x36,0xFC,
0x2C,0x39,0x31,0x25,0x32,0x33,0x37,0xE5,0xFD,0x1D,0x33,0x39,0x00,0x39,0x31,0x00,
0x33,0x36,0x2B,0x39,0x30,0x2C,0x33,0x37,0x33,0xFC,0x2B,0x39,0x29,0x36,0x36,0x29,
0x2D,0x36,0x33,0x00,0x28,0x29,0xFC,0x18,0x29,0x33,0x00,0x0B,0x36,0x27,0x25,0x28,
0x2D,0x25,0xCA,0xFD,0x18,0x25,0x33,0x00,0x34,0x36,0x29,0x27,0x2D,0x37,0x33,0xFC,
0x28,0x29,0x00,0x32,0x29,0x32,0x2C,0x39,0x31,0x25,0x00,0x25,0x2E,0x39,0x28,0x25,
0xCA,0xFD,0x0B,0x2D,0x32,0x28,0x25,0x00,0x35,0x39,0x29,0x00,0x31,0x29,0x39,0x00,
0x27,0x33,0x36,0x34,0x33,0xFC,0x38,0x29,0x36,0x31,0x2D,0x32,0x29,0x00,0x29,0x31,
0x00,0x36,0x39,0x2D,0x32,0x25,0x37,0xE5,0xE5,0xE5,0xFD,0x20,0x33,0x39,0x00,0x27,
0x33,0x32,0x38,0x2D,0x32,0x39,0x25,0x36,0x00,0x30,0x39,0x38,0x25,0x32,0x28,0x33,
0xFC,0x27,0x33,0x31,0x00,0x2B,0x33,0x37,0x38,0x33,0x00,0x34,0x29,0x30,0x25,0xFC,
0x2C,0x39,0x31,0x25,0x32,0x2D,0x28,0x25,0x28,0x29,0xCA,0xFF,0xF3,0x42,0x0F,0x32,
0x38,0x25,0x33,0xE5,0xE5,0xE5,0xFD,0x12,0x25,0x36,0x34,0x39,0x2D,0x25,0x00,0x37,
0x29,0x00,0x36,0x29,0x27,0x39,0x37,0x25,0xFC,0x25,0x00,0x3A,0x2D,0x36,0x00,0x27,
0x33,0x31,0xFC,0x32,0x33,0x37,0xE5,0xFD,0xF3,0x04,0xE5,0xE5,0xE5,0xFF,0xF3,0x00,
0x19,0x34,0x29,0x36,0x25,0x28,0x33,0x36,0x25,0xD9,0x00,0x1D,0x36,0xE5,0x00,0x24,
0x29,0x36,0x33,0xE5,0xE5,0xE5,0xFD,0x20,0x29,0x32,0x2C,0x25,0x00,0x25,0x00,0x37,
0x25,0x30,0x25,0x00,0x28,0x33,0x00,0x27,0x33,0x31,0x25,0x32,0x28,0x25,0x32,0x38,
0x29,0xFD,0x2D,0x31,0x29,0x28,0x2D,0x25,0x38,0x25,0x31,0x29,0x32,0x38,0x29,0xE5,
0xFF,0xF3,0x42,0x1E,0x29,0x00,0x38,0x29,0x31,0x00,0x31,0x39,0x2D,0x38,0x33,0xFC,
0x33,0x27,0x39,0x34,0x25,0x28,0x33,0xE8,0x00,0x32,0x25,0x33,0x00,0x29,0xE8,0xFC,
0x24,0x29,0x36,0x33,0xDD,0xFD,0xF3,0x04,0x20,0x33,0x30,0x38,0x33,0x00,0x28,0x29,
0x34,0x33,0x2D,0x37,0xE5,0xFF,0xF3,0x42,0x24,0x29,0x36,0x33,0xE5,0xE5,0xE5,0xFD,
0x12,0x25,0x36,0x34,0x39,0x2D,0x25,0xE5,0xE5,0xE5,0xFD,0x18,0x29,0x31,0x00,0x34,
0x29,0x32,0x37,0x29,0x31,0x00,0x29,0x31,0xFC,0x31,0x33,0x36,0x36,0x29,0x36,0xE5,
0xE5,0xE5,0xFF,0xF3,0x61,0x0F,0x37,0x38,0x25,0x31,0x33,0x37,0x00,0x25,0x32,0x25,
0x30,0x2D,0x37,0x25,0x32,0x28,0x33,0xFC,0x33,0x37,0x00,0x28,0x25,0x28,0x33,0x37,
0xE5,0x00,0x1A,0x33,0x36,0x00,0x2A,0x25,0x3A,0x33,0x36,0xFC,0x29,0x37,0x34,0x29,
0x36,0x29,0x00,0x39,0x31,0x00,0x34,0x33,0x39,0x27,0x33,0x00,0x31,0x25,0x2D,0x37,
0xE5,0xFF,0xF3,0x61,0x0B,0x00,0x25,0x32,0x25,0x30,0x2D,0x37,0x29,0x00,0x28,0x25,
0xFC,0x2D,0x32,0x2A,0x33,0x36,0x31,0x25,0x27,0x25,0x33,0x00,0x29,0x37,0x38,0x25,
0xFC,0x27,0x33,0x31,0x34,0x30,0x29,0x38,0x25,0xE5,0xFD,0x0B,0x00,0x1D,0x36,0x38,
0x25,0xE5,0x00,0x0D,0x2D,0x29,0x30,0xFC,0x2D,0x32,0x2A,0x33,0x36,0x31,0x25,0x36,
0x25,0x00,0x37,0x33,0x26,0x36,0x29,0xFC,0x33,0x00,0x35,0x39,0x29,0x00,0x25,0x27,
0x2C,0x25,0x31,0x33,0x37,0xE5,0xFF,0xF3,0x40,0x24,0x29,0x36,0x33,0xE5,0xE5,0xE5,
0x00,0x37,0x2D,0x32,0x38,0x33,0x00,0x31,0x39,0x2D,0x38,0x33,0xE5,0xFD,0x1C,0x29,
0x39,0x32,0x2D,0x39,0x00,0x31,0x39,0x2D,0x38,0x25,0xFC,0x2D,0x32,0x2A,0x33,0x36,
0x31,0x25,0x27,0x25,0x33,0x00,0x34,0x25,0x36,0x25,0xFC,0x32,0x33,0x37,0xE8,0x00,
0x31,0x25,0x37,0xE5,0xE5,0xE5,0xFD,0x0B,0x2D,0x32,0x28,0x25,0x00,0x32,0x25,0x33,
0x00,0x37,0x25,0x26,0x29,0x31,0x33,0x37,0xFC,0x33,0x32,0x28,0x29,0x00,0x29,0x37,
0x38,0x25,0xFC,0x33,0x00,0x21,0x29,0x2D,0x30,0xE5,0xFD,0x17,0x25,0x37,0x00,0x37,
0x2D,0x31,0x00,0x28,0x29,0x37,0x27,0x33,0x26,0x36,0x2D,0x31,0x33,0x37,0xFC,0x33,
0x00,0x35,0x39,0x29,0x00,0x29,0x30,0x29,0xFC,0x34,0x33,0x28,0x29,0x36,0x2D,0x25,
0x00,0x38,0x29,0x32,0x38,0x25,0x36,0xE5,0xFD,0x0B,0x32,0x38,0x29,0x37,0x00,0x28,
0x29,0x00,0x2A,0x25,0x30,0x25,0x36,0xFC,0x37,0x33,0x26,0x36,0x29,0x00,0x33,0x00,
0x21,0x29,0x2D,0x30,0xE5,0xE5,0xE5,0xFD,0x20,0x33,0x39,0x00,0x25,0x26,0x36,0x2D,
0x36,0x00,0x33,0x00,0x25,0x36,0x35,0x39,0x2D,0x3A,0x33,0x00,0x28,0x25,0x37,0xFC,
0x11,0x39,0x29,0x36,0x36,0x25,0x37,0x00,0x0F,0x30,0x2A,0x2D,0x27,0x25,0x37,0xFC,
0x35,0x39,0x29,0x00,0x3A,0x33,0x27,0x29,0x00,0x29,0x32,0x27,0x33,0x32,0x38,0x36,
0x33,0x39,0xE5,0xFF,0xF3,0x02,0xFB,0x0B,0x36,0x35,0x39,0x2D,0x3A,0x33,0x00,0xCC,
0x0A,0x05,0x06,0x04,0x09,0x09,0xFC,0xDB,0xDB,0x00,0x11,0x39,0x29,0x36,0x36,0x25,
0x37,0x00,0x0F,0x30,0x2A,0x2D,0x27,0x25,0x37,0x00,0xDB,0xDB,0xFF,0xF3,0x02,0xFB,
0x1A,0x29,0x36,0x38,0x33,0x00,0x28,0x33,0x00,0x2A,0x2D,0x32,0x25,0x30,0x00,0x28,
0x25,0x37,0xFC,0x11,0x39,0x29,0x36,0x36,0x25,0x37,0x00,0x17,0x25,0x3A,0x29,0x36,
0x2D,0x27,0x2F,0xE8,0x00,0x31,0x39,0x2D,0x38,0x33,0x37,0xFC,0x0D,0x3D,0x26,0x29,
0x36,0xD6,0x29,0x30,0x3A,0x29,0x37,0x00,0x2A,0x33,0x36,0x25,0x31,0x00,0x39,0x37,
0x25,0x28,0x33,0x37,0xE5,0xE5,0xE5,0xFD,0x19,0x00,0x34,0x29,0x36,0x2D,0x33,0x28,
0x33,0x00,0x28,0x29,0x37,0x28,0x29,0x00,0x29,0x37,0x37,0x29,0xFC,0x31,0x33,0x31,
0x29,0x32,0x38,0x33,0x00,0x25,0x38,0x29,0x00,0x33,0x00,0x2A,0x2D,0x31,0xFC,0x28,
0x33,0x37,0x00,0x27,0x33,0x31,0x26,0x25,0x38,0x29,0x37,0x00,0x2A,0x33,0x2D,0xFD,
0x27,0x33,0x32,0x2C,0x29,0x27,0x2D,0x28,0x33,0x00,0x27,0x33,0x31,0x33,0x00,0x25,
0x37,0xFC,0x11,0x39,0x29,0x36,0x36,0x25,0x37,0x00,0x0F,0x30,0x2A,0x2D,0x27,0x25,
0x37,0xE5,0xFD,0x0F,0x31,0x00,0x34,0x25,0x36,0x38,0x2D,0x27,0x39,0x30,0x25,0x36,
0xE8,0x00,0x33,0x00,0x39,0x37,0x33,0x00,0x28,0x33,0xFC,0x29,0x32,0x33,0x36,0x31,
0x29,0x00,0x29,0x30,0x2A,0x33,0x00,0x27,0x33,0x32,0x2C,0x29,0x27,0x2D,0x28,0x33,
0x00,0x27,0x33,0x31,0x33,0xFC,0x25,0x00,0xE9,0x0E,0x25,0x36,0x2F,0x00,0x0F,0x30,
0x2A,0xE9,0xE8,0xFD,0x29,0x00,0x27,0x33,0x34,0x2D,0x25,0x37,0x00,0x28,0x29,0x37,
0x38,0x29,0x00,0x29,0x30,0x2A,0x33,0xE8,0xFC,0x27,0x2C,0x25,0x31,0x25,0x28,0x25,
0x37,0x00,0xE9,0x0C,0x25,0x26,0x3D,0x00,0x0F,0x30,0x3A,0x29,0x37,0xE9,0xE8,0xFD,
0x34,0x25,0x36,0x25,0x00,0x25,0x31,0x34,0x30,0x2D,0x2A,0x2D,0x27,0x25,0x36,0x00,
0x33,0x00,0x34,0x33,0x28,0x29,0x36,0xFC,0x28,0x33,0x37,0x00,0x1C,0x29,0x34,0x30,
0x33,0x2D,0x28,0x29,0x37,0xE5,0xE5,0xE5,0xFD,0x29,0x32,0x35,0x39,0x25,0x32,0x38,
0x33,0x00,0x27,0x33,0x32,0x38,0x36,0x33,0x30,0x25,0x3A,0x25,0x31,0xFC,0x25,0x00,
0x28,0x2D,0x38,0x33,0x37,0x00,0x1C,0x29,0x34,0x30,0x33,0x2D,0x28,0x29,0x37,0xFC,
0x25,0x00,0x3A,0x33,0x32,0x38,0x25,0x28,0x29,0xE5,0xE5,0xE5,0xFD,0x2A,0x29,0x3E,
0x00,0x28,0x29,0x37,0x38,0x25,0x00,0x25,0x00,0x34,0x2D,0x33,0x36,0xFC,0x2B,0x39,
0x29,0x36,0x36,0x25,0x00,0x36,0x29,0x2B,0x2D,0x37,0x38,0x36,0x25,0x28,0x25,0xFC,
0x32,0x25,0x00,0x2C,0x2D,0x37,0x38,0x33,0x36,0x2D,0x25,0xE5,0xE5,0xE5,0xFD,0x0B,
0x2D,0x32,0x28,0x25,0x00,0x35,0x39,0x29,0x00,0x33,0x00,0x39,0x37,0x33,0x00,0x28,
0x25,0xFC,0x0E,0x25,0x36,0x2F,0x00,0x0F,0x30,0x2A,0x00,0x34,0x39,0x37,0x37,0x29,
0x00,0x2A,0x2D,0x31,0x00,0x25,0xFC,0x2B,0x39,0x29,0x36,0x36,0x25,0x00,0x29,0x31,
0x00,0x35,0x39,0x25,0x38,0x36,0x33,0x00,0x25,0x32,0x33,0x37,0xE5,0xE5,0xE5,0xFD,
0x0B,0x34,0x36,0x33,0x3C,0x2D,0x31,0x25,0x28,0x25,0x31,0x29,0x32,0x38,0x29,0x00,
0x0A,0x01,0xCE,0xFC,0x28,0x29,0x00,0x38,0x33,0x28,0x33,0x37,0x00,0x33,0x37,0x00,
0x1C,0x29,0x34,0x30,0x33,0x2D,0x28,0x29,0x37,0xE8,0xFD,0x29,0x00,0x07,0x01,0xCE,
0x00,0x28,0x33,0x37,0x00,0x2C,0x39,0x31,0x25,0x32,0x33,0x37,0xE8,0xFC,0x2A,0x33,
0x36,0x25,0x31,0x00,0x25,0x32,0x2D,0x35,0x39,0x2D,0x30,0x25,0x28,0x33,0x37,0xE5,
0xFF,0xF3,0x40,0x0B,0x00,0x38,0x29,0x27,0x32,0x33,0x30,0x33,0x2B,0x2D,0x25,0x00,
0x39,0x37,0x25,0x28,0x25,0xFC,0x32,0x25,0x35,0x39,0x29,0x30,0x29,0x00,0x38,0x29,
0x31,0x34,0x33,0xE5,0xE5,0xE5,0xFD,0xE5,0xE5,0xE5,0x25,0x00,0x38,0x29,0x27,0x32,
0x33,0x30,0x33,0x2B,0x2D,0x25,0x00,0x28,0x29,0xFC,0x39,0x37,0x25,0x36,0x00,0x0C,
0x25,0x26,0x3D,0x00,0x0F,0x30,0x3A,0x29,0x37,0x00,0x34,0x25,0x36,0x25,0xFC,0x27,
0x33,0x32,0x38,0x36,0x33,0x30,0x25,0x36,0x00,0x1C,0x29,0x34,0x30,0x33,0x2D,0x28,
0x29,0x37,0xE5,0xFD,0x0E,0x29,0x3A,0x29,0x00,0x37,0x29,0x36,0x00,0x33,0x00,0x35,
0x39,0x29,0xFC,0x33,0x00,0x21,0x29,0x2D,0x30,0x00,0x38,0x29,0x32,0x38,0x25,0xFC,
0x39,0x38,0x2D,0x30,0x2D,0x3E,0x25,0x36,0x00,0x33,0x39,0x38,0x36,0x25,0x00,0x3A,
0x29,0x3E,0xE5,0xFD,0x0F,0x37,0x38,0x33,0x39,0x00,0x37,0x29,0x2B,0x39,0x36,0x25,
0x00,0x28,0x29,0x00,0x35,0x39,0x29,0xFC,0x33,0x00,0x35,0x39,0x29,0x00,0x33,0x00,
0x24,0x29,0x36,0x33,0x00,0x3A,0x2D,0x39,0x00,0x32,0x25,0xFC,0x2A,0x25,0x26,0x36,
0x2D,0x27,0x25,0x00,0x28,0x29,0x00,0x27,0x33,0x34,0x2D,0x25,0x37,0xFD,0x28,0x25,
0x00,0x0E,0x25,0x36,0x2F,0x00,0x0F,0x30,0x2A,0x00,0x29,0x36,0x25,0x31,0xFC,0x31,
0x25,0x35,0x39,0x2D,0x32,0x25,0x37,0x00,0x34,0x36,0x29,0x34,0x25,0x36,0x25,0x28,
0x25,0x37,0xFC,0x34,0x25,0x36,0x25,0x00,0x29,0x37,0x38,0x29,0x00,0x34,0x36,0x33,
0x34,0x33,0x37,0x2D,0x38,0x33,0xE5,0xFF,0xF3,0x62,0xE5,0xE5,0xE5,0xFD,0x12,0x29,
0x2E,0x29,0x2E,0x29,0x2E,0x29,0xE5,0xE5,0xE5,0xFD,0x0F,0x3C,0x27,0x29,0x30,0x29,
0x32,0x38,0x29,0x00,0x38,0x36,0x25,0x26,0x25,0x30,0x2C,0x33,0xFC,0x28,0x29,0x00,
0x34,0x29,0x37,0x35,0x39,0x2D,0x37,0x25,0xE8,0xFC,0x0E,0x36,0x25,0xE5,0x00,0x0D,
0x2D,0x29,0x30,0xE5,0xFF,0xF3,0x40,0x19,0x00,0x35,0x39,0x29,0xDD,0xFD,0xF3,0x61,
0x13,0x32,0x2A,0x29,0x30,0x2D,0x3E,0x31,0x29,0x32,0x38,0x29,0xE5,0xE5,0xE5,0xFD,
0xE5,0xE5,0xE5,0x27,0x2C,0x29,0x2B,0x25,0x36,0x25,0x31,0x00,0x39,0x31,0xFC,0x34,
0x33,0x39,0x27,0x33,0x00,0x38,0x25,0x36,0x28,0x29,0xE5,0xFF,0xF3,0x04,0x0F,0x37,
0x37,0x29,0x00,0x29,0x00,0x33,0xFC,0x0E,0x36,0xE5,0x00,0x21,0x29,0x2D,0x30,0xDD,
0xCA,0xFF,0xF3,0x3A,0xFB,0x12,0x29,0x2E,0x29,0x2E,0x29,0xE5,0xE5,0xE5,0xFD,0x0E,
0x29,0x37,0x38,0x25,0x00,0x3A,0x29,0x3E,0xE8,0x00,0x33,0x00,0x19,0x31,0x29,0x2B,
0x25,0x00,0x29,0xFC,0x25,0x26,0x37,0x33,0x30,0x39,0x38,0x25,0x31,0x29,0x32,0x38,
0x29,0xFC,0x34,0x29,0x36,0x2A,0x29,0x2D,0x38,0x33,0xE5,0xFD,0x0B,0x2B,0x33,0x36,
0x25,0x00,0x34,0x33,0x37,0x37,0x33,0xFC,0x31,0x25,0x32,0x2D,0x34,0x39,0x30,0x25,
0x36,0x00,0x25,0x00,0x38,0x33,0x28,0x33,0x37,0xFC,0x33,0x37,0x00,0x1C,0x29,0x34,
0x30,0x33,0x2D,0x28,0x29,0x37,0xFD,0x28,0x33,0x00,0x34,0x30,0x25,0x32,0x29,0x38,
0x25,0xE8,0x00,0x37,0x29,0x31,0xFC,0x39,0x37,0x25,0x36,0x00,0x0C,0x25,0x26,0x3D,
0x00,0x0F,0x30,0x3A,0x29,0x37,0xE8,0xFD,0x29,0x00,0x2A,0x25,0x3E,0x29,0x36,0x00,
0x27,0x33,0x31,0x00,0x35,0x39,0x29,0x00,0x2A,0x25,0x27,0x25,0x31,0xFC,0x33,0x00,
0x35,0x39,0x29,0x00,0x29,0x39,0x00,0x35,0x39,0x2D,0x37,0x29,0x36,0xE5,0xFD,0x12,
0x29,0x2E,0x29,0x2E,0x29,0x2E,0x29,0xE5,0xE5,0xE5,0xFC,0x12,0x33,0x36,0x25,0x00,
0x28,0x29,0x00,0x27,0x33,0x31,0x29,0x27,0x25,0x36,0xE8,0xFC,0x19,0x31,0x29,0x2B,
0x25,0xE5,0xFF,0xF3,0x3A,0xFB,0x0B,0x2B,0x33,0x36,0x25,0x00,0x3A,0x29,0x36,0x25,
0x33,0xE8,0xFC,0x34,0x25,0x38,0x29,0x38,0x2D,0x27,0x33,0x37,0x00,0x2C,0x39,0x31,
0x25,0x32,0x33,0x37,0xE8,0xFD,0x33,0x00,0x35,0x39,0x29,0x00,0x33,0x26,0x38,0x29,
0x31,0xFC,0x34,0x33,0x36,0x00,0x28,0x29,0x37,0x38,0x29,0x36,0x36,0x25,0x36,0x00,
0x33,0xFC,0x0E,0x36,0xE5,0x00,0x21,0x29,0x2D,0x30,0xE5,0xFF,0xF3,0x3A,0xFB,0x1D,
0x25,0x26,0x33,0x36,0x29,0x2D,0x29,0x31,0x00,0x33,0x00,0x31,0x29,0x28,0x33,0xE5,
0xE5,0xE5,0xFD,0x1C,0x29,0x34,0x30,0x33,0x2D,0x28,0x29,0x37,0xFC,0x2D,0x32,0x37,
0x29,0x32,0x37,0x25,0x38,0x33,0x37,0xE8,0xFC,0x35,0x39,0x29,0x00,0x31,0x29,0x00,
0x28,0x29,0x37,0x38,0x29,0x36,0x36,0x25,0x36,0x25,0x31,0xCA,0xFF,0xF3,0x3A,0xFB,
0x11,0x36,0x25,0x3A,0x29,0x31,0x00,0x31,0x29,0x39,0x00,0x32,0x33,0x31,0x29,0xFC,
0x32,0x29,0x37,0x38,0x29,0x00,0x31,0x39,0x32,0x28,0x33,0xE5,0xE5,0xE5,0xFD,0x19,
0x00,0x32,0x33,0x31,0x29,0x00,0x28,0x33,0x00,0x37,0x29,0x39,0xFC,0x32,0x33,0x3A,
0x33,0x00,0x2B,0x33,0x3A,0x29,0x36,0x32,0x25,0x32,0x38,0x29,0xCA,0xFF,0xF3,0x3A,
0xFB,0x0F,0x37,0x37,0x29,0x00,0x32,0x33,0x31,0x29,0x00,0x29,0xFC,0x0E,0x36,0xE5,
0x00,0x21,0x29,0x2D,0x30,0xE5,0xFD,0x19,0x00,0x31,0x39,0x32,0x28,0x33,0x00,0x2D,
0x32,0x38,0x29,0x2D,0x36,0x33,0xFC,0x29,0x37,0x38,0x25,0x00,0x32,0x25,0x37,0x00,
0x31,0x2D,0x32,0x2C,0x25,0x37,0xFC,0x31,0x25,0x33,0x37,0xE5,0xE5,0xE5,0xFD,0x1E,
0x29,0x32,0x2C,0x33,0x00,0x33,0x00,0x34,0x33,0x28,0x29,0x36,0xFC,0x28,0x29,0x00,
0x29,0x37,0x31,0x25,0x2B,0x25,0xD6,0x30,0x33,0xFC,0x29,0x32,0x38,0x36,0x29,0x00,
0x31,0x29,0x39,0x37,0x00,0x28,0x29,0x28,0x33,0x37,0xFD,0x29,0x31,0x00,0x35,0x39,
0x25,0x30,0x35,0x39,0x29,0x36,0xFC,0x31,0x33,0x31,0x29,0x32,0x38,0x33,0xCA,0xFF,
0xF3,0x61,0x12,0x29,0x2E,0x29,0x2E,0x29,0x2E,0x29,0x2E,0x29,0x29,0x29,0xE5,0xE5,
0xE5,0xFD,0x0C,0x3B,0x25,0x2C,0x25,0x2C,0x25,0x2C,0x25,0x2C,0x25,0x2C,0xCA,0xFF,
0xF3,0x40,0x18,0x25,0x33,0xCA,0xFF,0xF3,0x5F,0x1C,0x36,0x36,0xE5,0xE5,0xE5,0x2B,
0x36,0x36,0x34,0x2C,0xE5,0xE5,0xE5,0xFF,0xF3,0x40,0x13,0x37,0x38,0x33,0x00,0x32,
0x25,0x33,0x00,0x34,0x33,0x28,0x29,0xFC,0x29,0x37,0x38,0x25,0x36,0x00,0x25,0x27,
0x33,0x32,0x38,0x29,0x27,0x29,0x32,0x28,0x33,0xCA,0xFF,0xF3,0x5E,0x1F,0x31,0x00,
0x32,0x33,0x3A,0x33,0x00,0x31,0x39,0x32,0x28,0x33,0xE5,0xE5,0xE5,0xFC,0x1F,0x31,
0x00,0x32,0x33,0x3A,0x33,0x00,0x33,0x36,0x28,0x29,0x31,0xE5,0xE5,0xE5,0xFD,0x0B,
0x00,0x2C,0x2D,0x37,0x38,0x33,0x36,0x2D,0x25,0x00,0x3A,0x33,0x30,0x38,0x25,0x00,
0x25,0xFC,0x37,0x29,0x00,0x34,0x33,0x36,0x00,0x29,0x31,0x00,0x31,0x25,0x36,0x27,
0x2C,0x25,0xE5,0xE5,0xE5,0xFF,0xF3,0x05,0x0D,0x2D,0x29,0x30,0xCA,0x00,0x0B,0x38,
0x36,0x25,0x37,0xCA,0xFF,0xF3,0x40,0x24,0x29,0x36,0x33,0xDD,0xCA,0xFD,0xF3,0x5E,
0x11,0x36,0x25,0x3A,0x29,0x31,0x00,0x37,0x29,0x39,0x00,0x32,0x33,0x31,0x29,0xFC,
0x32,0x33,0x00,0x31,0x39,0x32,0x28,0x33,0xE5,0xE5,0xE5,0x00,0x19,0xFC,0x32,0x33,
0x31,0x29,0x00,0x28,0x33,0x00,0x32,0x33,0x37,0x37,0x33,0xFD,0x2B,0x33,0x3A,0x29,
0x36,0x32,0x25,0x32,0x38,0x29,0xE5,0xE5,0xE5,0xFD,0x21,0x29,0x2D,0x30,0xCA,0x00,
0x21,0x29,0x2D,0x30,0xCA,0x00,0x21,0x29,0x2D,0x30,0xCA,0xFC,0x21,0x29,0x2D,0x30,
0xCA,0x00,0x21,0x29,0x2D,0x30,0xCA,0x00,0x21,0x29,0x2D,0x30,0xCA,0xFC,0x21,0x29,
0x2D,0x30,0xCA,0x00,0x21,0x29,0x2D,0x30,0xCA,0x00,0x21,0x29,0x2D,0x30,0xCA,0xFF,
0xF3,0x34,0x19,0x37,0x00,0x28,0x33,0x2D,0x37,0xE8,0x00,0x35,0x39,0x2D,0x29,0x38,
0x33,0x37,0xCA,0xFF,0xF3,0x40,0x0B,0x36,0x2B,0x2C,0xCA,0xFD,0xF3,0x34,0x1E,0x36,
0x25,0x32,0x35,0x39,0x2D,0x30,0x25,0xE5,0x00,0x1D,0x33,0xFC,0x29,0x37,0x38,0x25,
0x33,0x00,0x2D,0x32,0x27,0x33,0x32,0x37,0x27,0x2D,0x29,0x32,0x38,0x29,0x37,0xE5,
0xFD,0x19,0x00,0x39,0x32,0x2D,0x27,0x33,0x00,0x35,0x39,0x29,0x00,0x2A,0x2D,0x3E,
0xFC,0x2A,0x33,0x2D,0x00,0x28,0x29,0x37,0x25,0x38,0x2D,0x3A,0x25,0x36,0x00,0x33,
0xFC,0x34,0x33,0x28,0x29,0x36,0x00,0x28,0x25,0x00,0x0E,0x25,0x36,0x2F,0x00,0x0F,
0x30,0x2A,0xE5,0xFD,0x17,0x25,0x37,0x00,0x31,0x29,0x39,0x00,0x34,0x33,0x28,0x29,
0x36,0x00,0x25,0x38,0x39,0x25,0x30,0xFC,0x37,0x33,0x00,0x34,0x33,0x28,0x29,0x00,
0x34,0x36,0x33,0x38,0x29,0x2B,0x29,0x36,0xFC,0x33,0x37,0x00,0x28,0x29,0x37,0x38,
0x25,0x00,0x26,0x25,0x37,0x29,0xE5,0xFF,0xF3,0x05,0x0E,0x29,0x31,0x33,0x36,0x33,
0x39,0x00,0x26,0x25,0x37,0x38,0x25,0x32,0x38,0x29,0xE8,0xFC,0x22,0xE5,0xFD,0x19,
0x32,0x28,0x29,0x00,0x29,0x37,0x38,0x25,0x00,0x33,0x00,0x21,0x29,0x2D,0x30,0xDD,
0xFD,0xF3,0x34,0x18,0x33,0x00,0x37,0x2D,0x37,0x38,0x29,0x31,0x25,0x00,0x28,0x29,
0xFC,0x29,0x32,0x29,0x36,0x2B,0x2D,0x25,0x00,0x37,0x39,0x26,0x38,0x29,0x36,0x36,
0x25,0x32,0x29,0x33,0xFC,0x28,0x29,0x00,0x18,0x29,0x33,0x00,0x0B,0x36,0x27,0x25,
0x28,0x2D,0x25,0xE5,0xE5,0xE5,0xFD,0xE9,0x1D,0x39,0x26,0x00,0x0B,0x36,0x27,0x25,
0x28,0x2D,0x25,0xE9,0xCA,0xFD,0x19,0x31,0x29,0x2B,0x25,0x00,0x38,0x25,0x31,0x26,
0x29,0x31,0xFC,0x29,0x37,0x38,0x25,0x00,0x30,0x25,0xE8,0xFC,0x38,0x36,0x25,0x32,
0x37,0x31,0x2D,0x38,0x2D,0x32,0x28,0x33,0x00,0x33,0xFD,0x34,0x33,0x28,0x29,0x36,
0x00,0x28,0x25,0x00,0x0E,0x25,0x36,0x2F,0xFC,0x0F,0x30,0x2A,0x00,0x34,0x33,0x36,
0x00,0x38,0x33,0x28,0x33,0xFC,0x33,0x00,0x31,0x39,0x32,0x28,0x33,0xE5,0xFD,0xF3,
0x05,0x0B,0x33,0x00,0x34,0x25,0x36,0x29,0x27,0x29,0x36,0xE5,0xE5,0xE5,0xFD,0x22,
0x00,0x29,0x00,0x29,0x39,0x00,0x37,0x33,0x31,0x33,0x37,0x00,0x33,0x37,0xFC,0x39,
0x32,0x2D,0x27,0x33,0x37,0x00,0x35,0x39,0x29,0x00,0x34,0x33,0x28,0x29,0x31,0xFC,
0x37,0x29,0x00,0x31,0x33,0x3A,0x29,0x36,0x00,0x30,0x2D,0x3A,0x36,0x29,0x31,0x29,
0x32,0x38,0x29,0xE5,0xFD,0x22,0xE5,0xFD,0x18,0x33,0x37,0x00,0x28,0x2D,0x2B,0x25,
0x00,0x25,0x37,0xFC,0x27,0x33,0x33,0x36,0x28,0x29,0x32,0x25,0x28,0x25,0x37,0x00,
0x28,0x29,0xFC,0x1D,0x39,0x26,0x00,0x0B,0x36,0x27,0x25,0x28,0x2D,0x25,0xE5,0xFD,
0xF3,0x34,0x0F,0x32,0x38,0x25,0x33,0x00,0x34,0x30,0x25,0x32,0x29,0x2E,0x25,0xFC,
0x30,0x39,0x38,0x25,0x36,0x00,0x27,0x33,0x32,0x38,0x36,0x25,0x00,0x33,0x00,0x19,
0x31,0x29,0x2B,0x25,0xDD,0xFD,0xF3,0x05,0x1D,0x2D,0x31,0xE5,0xE5,0xE5,0xFD,0x1A,
0x33,0x36,0x00,0x35,0x39,0x29,0xDD,0xFD,0xF3,0x34,0x18,0x25,0x28,0x25,0xE5,0xE5,
0xE5,0x00,0x29,0x37,0x38,0x33,0x39,0xFC,0x37,0x29,0x2B,0x39,0x36,0x33,0x00,0x28,
0x29,0x00,0x35,0x39,0x29,0xFC,0x29,0x37,0x38,0x25,0x36,0x25,0x00,0x26,0x29,0x31,
0xE5,0xE5,0xE5,0xFD,0x1E,0x29,0x32,0x2C,0x25,0x00,0x27,0x39,0x2D,0x28,0x25,0x28,
0x33,0xE8,0x00,0x24,0x29,0x36,0x33,0xE5,0xFF,0xF3,0x61,0x12,0x29,0xE5,0xE5,0xE5,
0xFD,0x20,0x29,0x36,0x2D,0x2A,0x2D,0x35,0x39,0x29,0x2D,0x00,0x25,0x37,0xFC,0x27,
0x33,0x33,0x36,0x28,0x29,0x32,0x25,0x28,0x25,0x37,0x00,0x28,0x29,0xFC,0x1D,0x39,
0x26,0x00,0x0B,0x36,0x27,0x25,0x28,0x2D,0x25,0x00,0x32,0x33,0xFD,0x28,0x2D,0x37,
0x34,0x33,0x37,0x2D,0x38,0x2D,0x3A,0x33,0x00,0x28,0x29,0xFC,0x38,0x36,0x25,0x32,
0x37,0x2A,0x29,0x36,0x29,0x32,0x27,0x2D,0x25,0xE5,0xFD,0xF3,0x04,0x1E,0x36,0x25,
0x32,0x37,0x2A,0x2D,0x36,0x25,0xD6,0x31,0x29,0xE5,0xFF,0xF3,0x61,0x1C,0x29,0x27,
0x29,0x26,0x2D,0x28,0x33,0xE5,0x00,0x1E,0x33,0x28,0x33,0x00,0x33,0xFC,0x34,0x29,
0x37,0x37,0x33,0x25,0x30,0xE8,0x00,0x34,0x36,0x29,0x34,0x25,0x36,0x29,0xD6,0x37,
0x29,0xFC,0x34,0x25,0x36,0x25,0x00,0x38,0x36,0x25,0x32,0x37,0x2A,0x29,0x36,0x2D,
0x36,0xE5,0xFF,0xF3,0x62,0x1A,0x36,0x29,0x34,0x25,0x36,0x25,0x38,0x2D,0x3A,0x33,
0x37,0x00,0x34,0x25,0x36,0x25,0x00,0x25,0xFC,0x38,0x36,0x25,0x32,0x37,0x2A,0x29,
0x36,0x29,0x32,0x27,0x2D,0x25,0xFC,0x27,0x33,0x31,0x34,0x30,0x29,0x38,0x33,0x37,
0xE5,0xFF,0xF3,0x61,0x1E,0x36,0x25,0x32,0x37,0x2A,0x29,0x36,0x2D,0x32,0x28,0x33,
0xCA,0xFF,0xF3,0x61,0x0E,0x25,0x28,0x33,0x37,0x00,0x28,0x29,0x00,0x27,0x33,0x33,
0x36,0x28,0x29,0x32,0x25,0x28,0x25,0x37,0xFC,0x33,0x26,0x38,0x2D,0x28,0x33,0x37,
0x00,0x28,0x29,0xFC,0x19,0x36,0x2D,0x2B,0x2D,0x32,0x25,0x30,0x00,0x22,0xE5,0xE5,
0xE5,0xFD,0xE5,0xE5,0xE5,0x2A,0x33,0x36,0x25,0x31,0xFC,0x2D,0x32,0x37,0x29,0x36,
0x2D,0x28,0x33,0x37,0x00,0x34,0x33,0x36,0xFC,0x27,0x33,0x31,0x34,0x30,0x29,0x38,
0x33,0xE5,0xFF,0xF3,0x40,0x0B,0x37,0x00,0x27,0x33,0x33,0x36,0x28,0x29,0x32,0x25,
0x28,0x25,0x37,0xFC,0x30,0x29,0x3A,0x25,0x31,0x00,0x25,0x00,0x39,0x31,0xFC,0x30,
0x25,0x26,0x33,0x36,0x25,0x38,0x33,0x36,0x2D,0x33,0x00,0x28,0x29,0xFD,0x34,0x29,
0x37,0x35,0x39,0x2D,0x37,0x25,0xFC,0x25,0x26,0x25,0x32,0x28,0x33,0x32,0x25,0x28,
0x33,0xE5,0xFD,0x1D,0x29,0x2B,0x39,0x32,0x28,0x33,0x00,0x32,0x33,0x37,0x37,0x33,
0x37,0xFC,0x36,0x29,0x2B,0x2D,0x37,0x38,0x36,0x33,0x37,0xE8,0x00,0x25,0x30,0x2D,
0x00,0x29,0x36,0x25,0xFC,0x33,0x32,0x28,0x29,0x00,0x33,0x00,0x21,0x29,0x2D,0x30,
0xFD,0x36,0x29,0x25,0x30,0x2D,0x3E,0x25,0x3A,0x25,0x00,0x37,0x39,0x25,0x37,0xFC,
0x34,0x29,0x37,0x35,0x39,0x2D,0x37,0x25,0x37,0xE5,0xFD,0x0F,0x37,0x38,0x25,0x00,
0x26,0x29,0x31,0x00,0x25,0x33,0x00,0x30,0x25,0x28,0x33,0xFC,0x28,0x33,0x00,0x30,
0x39,0x2B,0x25,0x36,0x00,0x33,0x32,0x28,0x29,0xFC,0x28,0x33,0x36,0x31,0x2D,0x25,
0xE8,0x00,0x24,0x29,0x36,0x33,0xE5,0xFD,0xF3,0x05,0x21,0x29,0x2D,0x30,0x00,0x29,
0x00,0x19,0x31,0x29,0x2B,0x25,0xFC,0x29,0x37,0x38,0x25,0x33,0x00,0x30,0x25,0xE8,
0xFC,0x32,0x25,0x33,0x00,0x29,0xDD,0xFF,0xF3,0x40,0x24,0x29,0x36,0x33,0xE5,0xE5,
0xE5,0xFD,0x1E,0x29,0x32,0x2C,0x25,0x00,0x27,0x39,0x2D,0x28,0x25,0x28,0x33,0xE5,
0xE5,0xE5,0xFD,0xF3,0x05,0x19,0x00,0x2A,0x25,0x36,0x29,0x2D,0xE5,0xFD,0x19,0x34,
0x29,0x36,0x25,0x28,0x33,0x36,0x25,0xE5,0xE5,0xE5,0xFC,0x1E,0x39,0x28,0x33,0x00,
0x29,0x37,0x38,0x25,0x00,0x34,0x36,0x33,0x32,0x38,0x33,0xDD,0xFF,0xF3,0x61,0x1A,
0x33,0x28,0x29,0x00,0x34,0x25,0x36,0x38,0x2D,0x36,0x00,0x25,0xFC,0x35,0x39,0x25,
0x30,0x35,0x39,0x29,0x36,0x00,0x31,0x33,0x31,0x29,0x32,0x38,0x33,0xE8,0xFC,0x1D,
0x36,0xE5,0x00,0x24,0x29,0x36,0x33,0xE5,0xFF,
};
