#pragma once
#include <cstdint>

alignas(16) inline constexpr uint16_t mmz4_misc_text_script_offsets[] = {
0x0000,0x0002,0x000C,0x0015,0x0018,0x001B,0x001D,0x001F,
0x0021,0x0023,0x0025,0x0027,0x002A,0x002A,0x002A,0x002A,
0x002A,0x002A,0x002A,0x002A,0x002A,0x002A,0x002A,0x002A,
0x002A,0x002A,0x002A,0x002A,0x002A,0x002A,0x002A,0x002C,
0x002E,0x0030,0x0032,0x0034,0x0036,0x0038,0x003A,0x003C,
0x003E,0x0043,0x0048,0x004D,0x0052,0x0057,0x005C,0x0061,
0x0090,0x00C3,0x00F1,0x0126,0x015E,0x0192,0x01CB,0x01FE,
0x022F,0x025F,0x0295,0x02CA,0x0302,0x0319,0x033F,0x0371,
0x03A0,0x03DA,0x0413,0x0442,0x047F,0x04B3,0x04E8,0x0513,
0x0536,0x0563,0x058F,0x05BE,0x05E6,0x0605,0x063B,0x0660,
0x068F,0x06AD,0x06AD,0x06AD,0x06AD,0x06AD,0x06AD,0x06AD,
0x06AD,0x06AD,0x06AD,0x06B5,0x06BE,0x06C7,0x06CE,0x06D7,
0x06DE,0x06DE,0x06DE,0x06DE,0x06DE,0x06F7,0x0711,0x072E,
0x074C,0x0773,0x07A9,0x07C1,0x07F5,0x080B,0x080B,0x0817,
0x081F,0x082C,0x0849,0x0862,0x0879,0x08A7,0x08C1,0x08C1,
0x08C1,0x08D8,0x08EF,0x0907,0x091C,0x0936,0x095A,0x096A,
0x097A,0x097A,0x097A,0x09AE,0x09E2,0x0A0C,0x0A3B,0x0A75,
0x0AA6,0x0AD6,0x0B05,0x0B12,0x0B12,0x0B27,0x0B39,0x0B53,
0x0B6D,0x0B88,0x0BA3,0x0BD2,0x0BEC,0x0BEC,0x0BEC,0x0C02,
0x0C1B,0x0C31,0x0C46,0x0C59,0x0C6B,0x0C81,0x0CA6,0x0CA6,
0x0CA6,0x0CBC,0x0CDC,0x0D08,0x0D34,0x0D60,0x0D83,0x0DAD,
0x0DD8,0x0DD8,0x0DD8,0x0DFC,0x0E20,0x0E41,0x0E5A,0x0E75,
0x0E91,0x0EA1,0x0EA1,0x0EA1,0x0EA1,0x0EA1,0x0EA1,0x0EA1,
0x0EA1,0x0EA1,0x0EA1,0x0EA1,0x0EA1,0x0EA1,0x0EA1,0x0EA1,
0x0EA1,0x0EA1,0x0EA1,0x0EA1,0x0EA1,0x0EA1,0x0EA1,0x0EA1,
0x0EA1,0x0EAD,0x0EB8,0x0EC3,0x0ECF,0x0EDA,0x0EE2,0x0EED,
0x0EF7,0x0F03,0x0F0E,0x0F17,0x0F25,0x0F31,0x0F3C,0x0F4A,
0x0F54,0x0F62,0x0F67,0x0F67,0x0F67,0x0F67,0x0F67,0x0F67,
0x0F67,0x0F67,0x0F72,0x0F7E,0x0F89,0x0F96,0x0FA3,0x0FA3,
0x0FA3,0x0FA3,0x0FA3,0x0FA3,0x0FAE,0x0FB9,0x0FC5,0x0FCE,
0x0FDB,0x0FE5,0x0FEF,0x0FF9,0x1008,0x1012,0x101D,0x1028,
0x1036,0x1044,0x1044,0x1051,0x105E,0x1067,0x106F,0x107D,
0x1088,0x1093,0x109D,0x10A6,0x10B3,0x10BE,0x10C9,0x10C9,
0x10C9,0x10C9,0x10D2,0x10DE,0x10EA,0x10F7,0x1101,0x1101,
0x1101,0x1101,0x1101,0x1101,0x1101,0x1101,0x1101,0x1101,
0x1101,0x110B,0x1113,0x111E,0x1127,0x1131,0x1138,0x1140,
0x1149,0x1154,0x115E,0x1167,0x116F,0x117B,0x1182,0x118B,
0x1193,0x119F,0x11A7,0x11B3,0x11BD,0x11C2,0x11CB,0x11D2,
0x11DC,0x11E5,0x11EE,0x11F9,0x1204,0x120C,0x1218,0x1224,
0x122D,0x1234,0x1240,0x124B,0x1254,0x125B,0x1262,0x126B,
0x1277,0x1281,0x128B,0x1294,0x12A0,0x12AA,0x12B5,0x12BC,
0x12C5,0x12CC,0x12D6,0x12E0,0x12E0,0x12E0,0x12E0,0x12E0,
0x12E0,0x12E0,0x12E0,0x12E0,0x12E0,0x12EC,0x12F6,0x1303,
0x130F,0x131B,0x1324,0x132E,0x1339,0x1346,0x1351,0x135C,
0x1366,0x1374,0x137D,0x1388,0x1392,0x13A0,0x13AA,0x13B8,
0x13C4,0x13CB,0x13D6,0x13DF,0x13EB,0x13F6,0x1401,0x140E,
0x141B,0x1425,0x1433,0x1441,0x144C,0x1455,0x1463,0x1470,
0x147B,0x1484,0x148D,0x1498,0x14A6,0x14B2,0x14BE,0x14C9,
0x14D7,0x14E3,0x14F0,0x14F9,0x1504,0x150D,0x1519,0x1525,
0x1525,0x1525,0x1525,0x1525,0x1525,0x1525,0x1525,0x1525,
0x1525,0x152E,0x1539,0x1544,0x154F,0x1559,0x1563,0x156D,
0x1577,0x1582,0x158B,0x1594,0x159C,0x15A2,0x15A9,0x15B2,
0x15BC,0x15C4,0x15CB,0x15CF,0x15D8,0x15DE,0x15E9,0x15F4,
0x15FF,0x160A,0x160F,0x1618,0x1622,0x1622,0x1622,0x1622,
0x1622,0x1622,0x1622,0x1622,0x1635,0x1651,0x166D,0x1689,
0x16A7,0x16C5,0x16E3,0x16FF,0x1714,0x172B,0x1747,0x1760,
0x1777,0x1794,0x17B1,0x17CE,0x17E5,0x1800,0x1810,0x1827,
0x1843,0x185B,0x1873,0x1890,0x18AC,0x18C9,0x18E0,0x18E0,
0x18E0,0x18E0,0x18E0,0x18E0,0x18E0,0x18E0,0x18E0,0x18EB,
0x18F6,0x1901,0x1919,0x1931,0x194A,0x194A,0x194A,0x1956,
0x195B,0x1966,0x1972,0x1978,0x197E,0x1984,0x199E,0x19B8,
0x19D2,0x19E8,0x1A03,0x1A1A,0x1A34,0x1A4E,0x1A63,0x1A63,
0x1A63,0x1A63,0x1A63,0x1A63,0x1A63,0x1A63,0x1A63,0x1A63,
0x1A63,0x1A63,0x1A63,0x1A63,0x1A63,0x1A63,0x1A63,0x1A63,
0x1A63,0x1A63,0x1A63,0x1A63,0x1A63,0x1A63,0x1A63,0x1A63,
0x1A63,0x1A72,0x1A81,0x1A97,0x1AAD,0x1AC6,0x1ADF,0x1AED,
0x1AFB,0x1B09,0x1B17,0x1B24,0x1B31,0x1B3D,0x1B49,0x1B55,
0x1B61,0x1B70,0x1B7F,0x1B8C,0x1B99,0x1C21,0x1CB2,0x1D40,
0x1DC9,0x1E48,0x1EEA,0x1F76,0x1F7F,0x1F7F,0x1F7F,0x1F7F,
0x1F7F,0x1F7F,0x1F7F,0x1F7F,0x1F7F,0x1F7F,0x1F7F,0x1F7F,
0x1F7F,0x1F7F,0x1F7F,0x1F7F,0x1F7F,0x1F7F,0x1F7F,0x1F7F,
0x1F7F,0x1F7F,0x1F7F,0x1F7F,0x1F7F,0x1F7F,0x1F7F,0x1F7F,
0x1F7F,0x1F7F,0x1F7F,0x1F7F,0x1F7F,0x1F7F,0x1F7F,0x1F7F,
0x1F7F,0x1F7F,0x1F7F,0x1F7F,0x1F7F,0x1F7F,0x1F7F,0x1F7F,
0x1F7F,0x1F7F,0x1F7F,0x1F7F,0x1F7F,0x1F7F,0x1F7F,0x1F7F,
0x1F7F,0x1F86,0x1F90,0x1F98,0x1FA3,0x1FAC,0x1FB6,0x1FBD,
0x1FC5,0x1FCE,0x1FD9,0x1FE3,0x1FEC,0x1FF4,0x2000,0x2007,
0x2010,0x2018,0x2024,0x202C,0x2038,0x2042,0x204B,0x2052,
0x205C,0x2067,0x2072,0x207B,0x2084,0x208F,0x209A,0x20A2,
0x20AE,0x20BA,0x20C3,0x20CA,0x20D5,0x20E0,0x20EC,0x20F5,
0x2101,0x210A,0x2111,0x2118,0x2121,0x212D,0x2137,0x2140,
0x214C,0x2156,0x2161,0x2168,0x216F,0x2178,0x217F,0x2189,
0x2193,0x219D,0x21A3,0x21AA,0x21B5,0x21BF,0x21C8,0x21D3,
0x21DF,0x21E8,0x21F1,0x21FC,0x2205,0x220E,0x2217,0x2223,
0x222F,0x223B,0x2246,0x224F,0x2256,0x2260,0x226A,0x2274,
0x227B,0x2284,0x228A,0x2294,0x229C,0x22A1,0x22A8,0x22AF,
0x22BA,0x22C0,0x22C7,0x22CD,0x22D5,0x22DD,0x22E4,0x22EF,
0x22F4,0x2303,0x2315,0x2327,0x233B,0x2373,0x2392,0x23B9,
0x23ED,0x2426,0x2454,0x247B,0x24A8,0x24D6,0x2502,0x2529,
0x2568,0x2589,0x25C9,0x2601,0x2633,0x2664,0x2686,0x26C5,
0x26FF,0x2733,0x275B,0x2774,0x279D,0x27D6,0x280F,0x283E,
0x286D,0x288E,0x28C1,0x28F9,0x293F,0x2985,0x29B2,0x29ED,
0x2A1C,0x2A48,0x2A7B,0x2AB0,0x2AE5,0x2B13,0x2B36,0x2B66,
0x2B91,0x2BBA,0x2BE7,0x2C15,0x2C48,0x2C71,0x2C9C,0x2CD4,
0x2D04,0x2D48,0x2D75,0x2D9B,0x2DD1,0x2DFD,0x2E31,0x2E76,
0x2E9F,0x2ED0,0x2EF3,0x2F20,0x2F5B,0x2F81,0x2FB7,0x2FE4,
0x3012,0x3045,0x3076,0x30A8,0x30DB,0x3111,0x3147,0x317F,
0x31B4,0x31DB,0x320D,0x3243,0x3276,0x32A4,0x32CD,0x32F8,
0x332C,0x335E,0x3395,0x33C5,0x3402,0x3432,0x3468,0x3490,
0x34B9,0x34E9,0x351D,0x355D,0x35A2,0x35A2,0x35A2,0x35BE,
0x35D7,0x35E2,0x35EF,0x3603,0x360A,0x3618,0x362F,0x3636,
0x365D,0x3674,0x36A0,0x36CD,0x36E9,0x3711,0x3745,0x376F,
0x379C,0x37CD,0x37EB,0x381A,0x384E,0x3872,0x389D,0x38D4,
0x3906,0x3906,0x3906,0x3906,0x3906,0x3906,0x3918,0x3932,
0x3945,0x3959,0x396E,0x3984,0x3999,0x39A9,0x39BA,0x39CB,
0x39DB,0x39F4,0x3A04,0x3A23,0x3A36,0x3A4F,0x3A5E,0x3A77,
0x3A86,0x3A90,0x3A9B,0x3AA7,0x3AB4,0x3ABD,0x3AC7,0x3AD2,
0x3ADE,0x3ADE,0x3ADE,0x3ADE,0x3ADE,0x3B10,0x3B33,0x3B7D,

};
constexpr int mmz4_misc_text_num_entries = 864;
alignas(16) inline constexpr uint8_t mmz4_misc_text_script_data[] = {
0xCD,0xFF,0x1D,0x13,0x18,0x00,0x0E,0x0B,0x1E,0x19,0x1D,0xFF,0x0D,0x0B,0x18,0x0D,
0x0F,0x16,0x0B,0x1C,0xFF,0xF2,0x12,0xFF,0xF2,0x1F,0xFF,0x22,0xFF,0xD8,0xFF,0xD9,
0xFF,0xD0,0xFF,0xE9,0xFF,0xE0,0xFF,0xF2,0x0F,0xFF,0x01,0xFF,0x02,0xFF,0x03,0xFF,
0x04,0xFF,0x05,0xFF,0x06,0xFF,0x07,0xFF,0x08,0xFF,0x09,0xFF,0x0A,0xFF,0x16,0x3A,
0xE5,0x10,0xFF,0x16,0x3A,0xE5,0x0F,0xFF,0x16,0x3A,0xE5,0x0E,0xFF,0x16,0x3A,0xE5,
0x0D,0xFF,0x16,0x3A,0xE5,0x0C,0xFF,0x16,0x3A,0xE5,0x0B,0xFF,0x16,0x3A,0xE5,0x1D,
0xFF,0x0B,0xD9,0x0B,0x1C,0x0F,0x0B,0x00,0x24,0x0F,0x1C,0x19,0xFC,0xF2,0x0F,0x37,
0x38,0x25,0x00,0x31,0x2D,0x37,0x2D,0x43,0x32,0x00,0x2C,0x25,0xF1,0xFC,0xF2,0x37,
0x2D,0x28,0x33,0x00,0x27,0x33,0x31,0x34,0x30,0x29,0x38,0x25,0x28,0x25,0xF1,0xFF,
0x0B,0xD9,0x1A,0x0B,0x1C,0x1E,0x13,0x0D,0x16,0x0F,0x00,0x0C,0x0F,0x0B,0x17,0xFC,
0xF2,0x0F,0x37,0x38,0x25,0x00,0x31,0x2D,0x37,0x2D,0x43,0x32,0x00,0x2C,0x25,0xF1,
0xFC,0xF2,0x37,0x2D,0x28,0x33,0x00,0x27,0x33,0x31,0x34,0x30,0x29,0x38,0x25,0x28,
0x25,0xF1,0xFF,0x0B,0xD9,0x0E,0x0F,0x0F,0x1A,0x00,0x1D,0x0F,0x0B,0xFC,0xF2,0x0F,
0x37,0x38,0x25,0x00,0x31,0x2D,0x37,0x2D,0x43,0x32,0x00,0x2C,0x25,0xF1,0xFC,0xF2,
0x37,0x2D,0x28,0x33,0x00,0x27,0x33,0x31,0x34,0x30,0x29,0x38,0x25,0x28,0x25,0xF1,
0xFF,0x0B,0xD9,0x12,0x0B,0x18,0x11,0x13,0x18,0x11,0x00,0x11,0x0B,0x1C,0x0E,0x0F,
0x18,0x1D,0xFC,0xF2,0x0F,0x37,0x38,0x25,0x00,0x31,0x2D,0x37,0x2D,0x43,0x32,0x00,
0x2C,0x25,0xF1,0xFC,0xF2,0x37,0x2D,0x28,0x33,0x00,0x27,0x33,0x31,0x34,0x30,0x29,
0x38,0x25,0x28,0x25,0xF1,0xFF,0x0B,0xD9,0x1F,0x18,0x0E,0x0F,0x1C,0x11,0x1C,0x19,
0x1F,0x18,0x0E,0x00,0x10,0x19,0x1C,0x0F,0x1D,0x1E,0xFC,0xF2,0x0F,0x37,0x38,0x25,
0x00,0x31,0x2D,0x37,0x2D,0x43,0x32,0x00,0x2C,0x25,0xF1,0xFC,0xF2,0x37,0x2D,0x28,
0x33,0x00,0x27,0x33,0x31,0x34,0x30,0x29,0x38,0x25,0x28,0x25,0xF1,0xFF,0x0B,0xD9,
0x0B,0x1C,0x1E,0x13,0x10,0x13,0x0D,0x13,0x0B,0x16,0x00,0x1D,0x1F,0x18,0xFC,0xF2,
0x0F,0x37,0x38,0x25,0x00,0x31,0x2D,0x37,0x2D,0x43,0x32,0x00,0x2C,0x25,0xF1,0xFC,
0xF2,0x37,0x2D,0x28,0x33,0x00,0x27,0x33,0x31,0x34,0x30,0x29,0x38,0x25,0x28,0x25,
0xF1,0xFF,0x0B,0xD9,0x12,0x13,0x0C,0x0F,0x1C,0x18,0x0B,0x1E,0x13,0x19,0x18,0x00,
0x0D,0x12,0x0B,0x17,0x0C,0x0F,0x1C,0xFC,0xF2,0x0F,0x37,0x38,0x25,0x00,0x31,0x2D,
0x37,0x2D,0x43,0x32,0x00,0x2C,0x25,0xF1,0xFC,0xF2,0x37,0x2D,0x28,0x33,0x00,0x27,
0x33,0x31,0x34,0x30,0x29,0x38,0x25,0x28,0x25,0xF1,0xFF,0x0B,0xD9,0x17,0x0B,0x11,
0x18,0x0F,0x1E,0x13,0x0D,0x00,0x24,0x19,0x18,0x0F,0xFC,0xF2,0x0F,0x37,0x38,0x25,
0x00,0x31,0x2D,0x37,0x2D,0x43,0x32,0x00,0x2C,0x25,0xF1,0xFC,0xF2,0x37,0x2D,0x28,
0x33,0x00,0x27,0x33,0x31,0x34,0x30,0x29,0x38,0x25,0x28,0x25,0xF1,0xFF,0x0B,0xD9,
0x16,0x13,0x20,0x13,0x18,0x11,0x00,0x0D,0x13,0x1E,0x23,0xFC,0xF2,0x0F,0x37,0x38,
0x25,0x00,0x31,0x2D,0x37,0x2D,0x43,0x32,0x00,0x2C,0x25,0xF1,0xFC,0xF2,0x37,0x2D,
0x28,0x33,0x00,0x27,0x33,0x31,0x34,0x30,0x29,0x38,0x25,0x28,0x25,0xF1,0xFF,0x0B,
0xD9,0x1E,0x12,0x0F,0x00,0x1A,0x1C,0x13,0x1D,0x19,0x18,0xFC,0xF2,0x0F,0x37,0x38,
0x25,0x00,0x31,0x2D,0x37,0x2D,0x43,0x32,0x00,0x2C,0x25,0xF1,0xFC,0xF2,0x37,0x2D,
0x28,0x33,0x00,0x27,0x33,0x31,0x34,0x30,0x29,0x38,0x25,0x28,0x25,0xF1,0xFF,0x0B,
0xD9,0x1C,0x0B,0x11,0x18,0x0B,0x1C,0x19,0x15,0x00,0x0D,0x19,0x18,0x1E,0x1C,0x19,
0x16,0xFC,0xF2,0x0F,0x37,0x38,0x25,0x00,0x31,0x2D,0x37,0x2D,0x43,0x32,0x00,0x2C,
0x25,0xF1,0xFC,0xF2,0x37,0x2D,0x28,0x33,0x00,0x27,0x33,0x31,0x34,0x30,0x29,0x38,
0x25,0x28,0x25,0xF1,0xFF,0x0B,0xD9,0x1E,0x0F,0x16,0x0F,0x1A,0x19,0x1C,0x1E,0x0F,
0x1C,0x00,0x0C,0x0B,0x1D,0x0F,0xFC,0xF2,0x0F,0x37,0x38,0x25,0x00,0x31,0x2D,0x37,
0x2D,0x43,0x32,0x00,0x2C,0x25,0xF1,0xFC,0xF2,0x37,0x2D,0x28,0x33,0x00,0x27,0x33,
0x31,0x34,0x30,0x29,0x38,0x25,0x28,0x25,0xF1,0xFF,0x0B,0xD9,0x1E,0x0F,0x16,0x0F,
0x1A,0x19,0x1C,0x1E,0x0F,0x1C,0x00,0x0D,0x13,0x1C,0x0D,0x1F,0x13,0x1E,0xFC,0xF2,
0x0F,0x37,0x38,0x25,0x00,0x31,0x2D,0x37,0x2D,0x43,0x32,0x00,0x2C,0x25,0xF1,0xFC,
0xF2,0x37,0x2D,0x28,0x33,0x00,0x27,0x33,0x31,0x34,0x30,0x29,0x38,0x25,0x28,0x25,
0xF1,0xFF,0x0B,0xD9,0x1C,0x0F,0x1D,0x13,0x1D,0x1E,0x0B,0x18,0x0D,0x0F,0x00,0x1E,
0x1C,0x0B,0x13,0x16,0x0F,0x1C,0xFC,0xFC,0xFF,0x0B,0xD9,0x0B,0x1C,0x0F,0x0B,0x00,
0x24,0x0F,0x1C,0x19,0xFC,0x0C,0xD9,0xDD,0xDD,0xDD,0xFC,0x17,0xD9,0x0F,0x3C,0x34,
0x30,0x33,0x36,0x25,0x00,0x0B,0x36,0x29,0x25,0x00,0x24,0x29,0x36,0x33,0xFF,0x0B,
0xD9,0x1A,0x0B,0x1C,0x1E,0x13,0x0D,0x16,0x0F,0x00,0x0C,0x0F,0x0B,0x17,0xFC,0x0C,
0xD9,0x12,0x0F,0x0B,0x1E,0x00,0x11,0x0F,0x18,0x0C,0x16,0x0F,0x17,0xFC,0x17,0xD9,
0x0D,0x33,0x36,0x38,0x25,0x00,0x30,0x25,0x00,0x29,0x32,0x29,0x36,0x2B,0x42,0x25,
0xFF,0x0B,0xD9,0x0E,0x0F,0x0F,0x1A,0x00,0x1D,0x0F,0x0B,0xFC,0x0C,0xD9,0x1E,0x0F,
0x0D,0x12,0x00,0x15,0x1C,0x0B,0x15,0x0F,0x18,0xFC,0x17,0xD9,0x0E,0x29,0x38,0x29,
0x32,0x29,0x36,0x00,0x37,0x39,0x26,0x00,0x38,0x25,0x30,0x25,0x28,0x36,0x33,0xFF,
0x0B,0xD9,0x12,0x0B,0x18,0x11,0x13,0x18,0x11,0x00,0x11,0x0B,0x1C,0x0E,0x0F,0x18,
0x1D,0xFC,0x0C,0xD9,0x1A,0x0F,0x11,0x0B,0x1D,0x19,0x16,0x1E,0x0B,0x00,0x0F,0x0D,
0x16,0x0B,0x13,0x1C,0xFC,0x17,0xD9,0x0E,0x29,0x38,0x41,0x32,0x00,0x30,0x30,0x39,
0x3A,0x2D,0x25,0x00,0x40,0x27,0x2D,0x28,0x25,0xFF,0x0B,0xD9,0x1F,0x18,0x0E,0x0F,
0x1C,0x11,0x1C,0x19,0x1F,0x18,0x0E,0x00,0x10,0x19,0x1C,0x0F,0x1D,0x1E,0xFC,0x0C,
0xD9,0x18,0x19,0x0C,0x16,0x0F,0x00,0x17,0x0B,0x18,0x0E,0x1C,0x0B,0x11,0x19,0xFC,
0x17,0xD9,0x0E,0x29,0x38,0x41,0x32,0x00,0x30,0x25,0x00,0x29,0x36,0x33,0x37,0x2D,
0x33,0x32,0xFF,0x0B,0xD9,0x0B,0x1C,0x1E,0x13,0x10,0x13,0x0D,0x13,0x0B,0x16,0x00,
0x1D,0x1F,0x18,0xFC,0x0C,0xD9,0x1D,0x19,0x16,0x00,0x1E,0x13,0x1E,0x0B,0x18,0x13,
0x19,0x18,0xFC,0x17,0xD9,0x0E,0x29,0x38,0x41,0x32,0x00,0x29,0x30,0x00,0x37,0x33,
0x30,0xFF,0x0B,0xD9,0x12,0x13,0x0C,0x0F,0x1C,0x18,0x0B,0x1E,0x13,0x19,0x18,0x00,
0x0D,0x12,0x0B,0x17,0x0C,0x0F,0x1C,0xFC,0x0C,0xD9,0x10,0x0F,0x18,0x1C,0x13,0x00,
0x16,0x1F,0x18,0x0B,0x0F,0x0E,0x11,0x0F,0xFC,0x17,0xD9,0x0E,0x29,0x37,0x38,0x36,
0x39,0x3D,0x29,0x00,0x25,0x30,0x00,0x29,0x32,0x29,0x31,0x2D,0x2B,0x33,0xFF,0x0B,
0xD9,0x17,0x0B,0x11,0x18,0x0F,0x1E,0x13,0x0D,0x00,0x24,0x19,0x18,0x0F,0xFC,0x0C,
0xD9,0x17,0x13,0x18,0x19,0x00,0x17,0x0B,0x11,0x18,0x1F,0x1D,0xFC,0x17,0xD9,0x0E,
0x29,0x38,0x29,0x32,0x29,0x36,0x00,0x2D,0x32,0x37,0x38,0x25,0x30,0x25,0x27,0x2D,
0x43,0x32,0xFF,0x0B,0xD9,0x16,0x13,0x20,0x13,0x18,0x11,0x00,0x0D,0x13,0x1E,0x23,
0xFC,0x0C,0xD9,0x1A,0x19,0x1A,0x16,0x0B,0x00,0x0D,0x19,0x0D,0x0B,0x1A,0x0F,0x1E,
0x1C,0x13,0xFC,0x17,0xD9,0x0E,0x29,0x38,0x41,0x32,0x00,0x37,0x2D,0x37,0x38,0xE5,
0x00,0x37,0x29,0x2B,0x39,0x36,0xE5,0xFF,0x0B,0xD9,0x12,0x1F,0x17,0x0B,0x18,0x00,
0x0D,0x19,0x16,0x19,0x18,0x23,0xFC,0x0C,0xD9,0xDD,0xDD,0xDD,0xFC,0x17,0xD9,0x1D,
0x25,0x30,0x3A,0x25,0x00,0x25,0x00,0x30,0x33,0x37,0x00,0x2C,0x39,0x31,0x25,0x32,
0x33,0x37,0xFF,0x0B,0xD9,0x1E,0x12,0x0F,0x00,0x1A,0x1C,0x13,0x1D,0x19,0x18,0xFC,
0x0C,0xD9,0xDD,0xDD,0xDD,0xFC,0x17,0xD9,0x1D,0x25,0x30,0x3A,0x25,0x00,0x25,0x00,
0x18,0x29,0x2D,0x2B,0x29,0xFF,0x0B,0xD9,0x1C,0x0B,0x11,0x18,0x0B,0x1C,0x19,0x15,
0x00,0x0D,0x19,0x18,0x1E,0x1C,0x19,0x16,0xFC,0x0C,0xD9,0xDD,0xDD,0xDD,0xFC,0x17,
0xD9,0x0F,0x32,0x27,0x39,0x29,0x32,0x38,0x36,0x25,0x00,0x25,0x00,0x0D,0x36,0x25,
0x2A,0x38,0xFF,0x0B,0xD9,0x1E,0x0F,0x16,0x0F,0x1A,0x19,0x1C,0x1E,0x0F,0x1C,0x00,
0x0C,0x0B,0x1D,0x0F,0xFC,0x0C,0xD9,0xDD,0xDD,0xDD,0xFC,0x17,0xD9,0x0D,0x25,0x32,
0x27,0x29,0x30,0x25,0x00,0x2D,0x32,0x2C,0x2D,0x26,0x2D,0x28,0x33,0x36,0xFF,0x0B,
0xD9,0x1E,0x0F,0x16,0x0F,0x1A,0x19,0x1C,0x1E,0x0F,0x1C,0x00,0x0D,0x13,0x1C,0x0D,
0x1F,0x13,0x1E,0xFC,0x0C,0xD9,0xDD,0xDD,0xDD,0xFC,0x17,0xD9,0x0E,0x29,0x37,0x38,
0x36,0x39,0x3D,0x29,0x00,0x34,0x36,0x33,0x2B,0x36,0x25,0x31,0x25,0xFF,0x0B,0xD9,
0x1C,0x0B,0x11,0x18,0x0B,0x1C,0x19,0x15,0x00,0x0D,0x19,0x1C,0x0F,0xFC,0x0C,0xD9,
0xDD,0xDD,0xDD,0xFC,0x17,0xD9,0x0E,0x29,0x38,0x41,0x32,0x00,0x29,0x30,0x00,0x32,
0x39,0x27,0x30,0x29,0x33,0xFF,0x0F,0x37,0x38,0x25,0x00,0x31,0x2D,0x37,0x2D,0x43,
0x32,0x00,0x2C,0x25,0xFC,0x37,0x2D,0x28,0x33,0x00,0x27,0x33,0x31,0x34,0x30,0x29,
0x38,0x25,0x28,0x25,0xFF,0x13,0x32,0x2D,0x27,0x2D,0x25,0x36,0x00,0x30,0x25,0x00,
0x31,0x2D,0x37,0x2D,0x43,0x32,0xFC,0x0D,0x25,0x31,0x26,0x2D,0x25,0x36,0x00,0x29,
0x30,0x00,0x27,0x30,0x2D,0x31,0x25,0xFC,0x20,0x33,0x30,0x3A,0x29,0x36,0x00,0x25,
0x00,0x37,0x29,0x30,0x29,0x27,0x27,0x2D,0x43,0x32,0xFF,0x13,0x32,0x2D,0x27,0x2D,
0x25,0x36,0x00,0x30,0x25,0x00,0x31,0x2D,0x37,0x2D,0x43,0x32,0xFC,0x20,0x33,0x30,
0x3A,0x29,0x36,0x00,0x25,0x00,0x37,0x29,0x30,0x29,0x27,0x27,0x2D,0x43,0x32,0xFF,
0x13,0x36,0x00,0x25,0x30,0x00,0x40,0x36,0x29,0x25,0xFC,0x0D,0x25,0x31,0x26,0x2D,
0x25,0x36,0x00,0x29,0x30,0x00,0x27,0x30,0x2D,0x31,0x25,0xFC,0x20,0x33,0x30,0x3A,
0x29,0x36,0x00,0x25,0x00,0x37,0x29,0x30,0x29,0x27,0x27,0x2D,0x43,0x32,0xFF,0x13,
0x36,0x00,0x25,0x30,0x00,0x40,0x36,0x29,0x25,0xFC,0x20,0x33,0x30,0x3A,0x29,0x36,
0x00,0x25,0x00,0x37,0x29,0x30,0x29,0x27,0x27,0x2D,0x43,0x32,0xFF,0x0D,0x2C,0x25,
0x36,0x2D,0x38,0x29,0xFF,0x20,0x25,0x36,0x2D,0x25,0x26,0x30,0x29,0xFF,0x1A,0x36,
0x33,0x2B,0x36,0x29,0x37,0x37,0xFF,0x0D,0x36,0x33,0x2D,0x36,0x29,0xFF,0x18,0x33,
0x39,0x3A,0x29,0x30,0x30,0x29,0xFF,0x1C,0x29,0x27,0x36,0x39,0x29,0xFF,0x0B,0x36,
0x31,0x25,0x00,0x34,0x36,0x2D,0x32,0x27,0x2D,0x34,0x25,0x30,0xFC,0x0F,0x35,0x39,
0x2D,0x34,0x25,0x28,0x25,0xD9,0xFF,0x0B,0x36,0x31,0x25,0x00,0x37,0x29,0x27,0x39,
0x32,0x28,0x25,0x36,0x2D,0x25,0xFC,0x0F,0x35,0x39,0x2D,0x34,0x25,0x28,0x25,0xD9,
0xFF,0x0F,0x22,0x00,0x1D,0x2F,0x2D,0x30,0x30,0xFC,0x0D,0x25,0x31,0x26,0x2D,0x25,
0x36,0x00,0x30,0x25,0x00,0x0F,0x22,0x00,0x1D,0x2F,0x2D,0x30,0x30,0xFF,0x1D,0x39,
0x26,0x00,0x1E,0x25,0x32,0x2F,0xFC,0x11,0x39,0x25,0x36,0x28,0x25,0x00,0x29,0x32,
0x29,0x36,0x2B,0x42,0x25,0x00,0x29,0x3C,0x38,0x36,0x25,0xFF,0x0F,0x37,0x27,0x25,
0x34,0x29,0x00,0x1F,0x32,0x2D,0x38,0xFC,0x1D,0x25,0x30,0x2D,0x36,0x00,0x28,0x29,
0x00,0x40,0x36,0x29,0x25,0x37,0x00,0x27,0x33,0x31,0x34,0x30,0x29,0x38,0x25,0x28,
0x25,0x37,0xFF,0x4F,0x13,0x32,0x2D,0x27,0x2D,0x25,0x36,0x00,0x37,0x29,0x35,0xE5,
0x00,0x28,0x29,0x00,0x29,0x37,0x27,0x25,0x34,0x29,0xDD,0xFC,0x0B,0x00,0x0C,0x39,
0x38,0x38,0x33,0x32,0xD9,0x0F,0x37,0x27,0x00,0x0C,0x00,0x0C,0x39,0x38,0x38,0x33,
0x32,0xD9,0x0D,0x25,0x32,0x27,0x29,0x30,0xFF,0x18,0x33,0x00,0x34,0x39,0x29,0x28,
0x29,0x37,0x00,0x29,0x37,0x27,0x25,0x34,0x25,0x36,0x00,0x25,0x2C,0x33,0x36,0x25,
0xFF,0x4F,0x0E,0x29,0x37,0x29,0x27,0x2C,0x25,0x36,0x00,0x25,0x36,0x31,0x25,0x00,
0x25,0x27,0x38,0x39,0x25,0x30,0xDD,0xFC,0x0B,0x00,0x0C,0x39,0x38,0x38,0x33,0x32,
0xD9,0x1E,0x2D,0x36,0x25,0x36,0x00,0x0C,0x00,0x0C,0x39,0x38,0x38,0x33,0x32,0xD9,
0x17,0x25,0x32,0x38,0xFF,0x18,0x33,0x00,0x34,0x39,0x29,0x28,0x29,0x37,0x00,0x38,
0x2D,0x36,0x25,0x36,0x00,0x32,0x25,0x28,0x25,0xFC,0xFF,0x0C,0x1F,0x1D,0x1E,0x0F,
0x1C,0x00,0x1D,0x12,0x19,0x1E,0xFF,0x24,0x00,0x1D,0x0B,0x0C,0x0F,0x1C,0xFF,0x24,
0x0F,0x1C,0x19,0x00,0x15,0x18,0x1F,0x0D,0x15,0x16,0x0F,0xFF,0x0C,0x39,0x29,0x32,
0x33,0x00,0x29,0x32,0x00,0x25,0x38,0x25,0x35,0x39,0x29,0x37,0x00,0x25,0x00,0x28,
0x2D,0x37,0x38,0x25,0x32,0x27,0x2D,0x25,0xFF,0x0C,0x39,0x29,0x32,0x33,0x00,0x29,
0x32,0x00,0x27,0x33,0x31,0x26,0x25,0x38,0x29,0x00,0x27,0x29,0x36,0x27,0x25,0x32,
0x33,0xFF,0x1C,0x33,0x26,0x25,0x00,0x25,0x36,0x31,0x25,0x37,0x00,0x28,0x29,0x00,
0x29,0x32,0x29,0x31,0x2D,0x2B,0x33,0x37,0xFF,0x1C,0x29,0x27,0x39,0x34,0x29,0x36,
0x25,0x00,0x29,0x32,0x29,0x36,0x2B,0x42,0x25,0x00,0x28,0x29,0x30,0x00,0x38,0x25,
0x32,0x35,0x39,0x29,0xFC,0x0F,0x32,0x29,0x36,0x2B,0x42,0x25,0x00,0x36,0x29,0x37,
0x38,0x25,0x32,0x38,0x29,0xD9,0xFF,0x0B,0x36,0x31,0x25,0x00,0x38,0x33,0x31,0x25,
0x28,0x25,0x00,0x27,0x33,0x32,0x00,0x24,0x00,0x15,0x32,0x39,0x27,0x2F,0x30,0x29,
0xFF,0x0D,0x25,0x31,0x26,0x2D,0x25,0x36,0x00,0x0D,0x2C,0x2D,0x34,0x00,0x28,0x29,
0x00,0x0D,0x25,0x26,0x29,0x3E,0x25,0xFF,0x0D,0x25,0x31,0x26,0x2D,0x25,0x36,0x00,
0x0D,0x2C,0x2D,0x34,0x00,0x28,0x29,0x00,0x0D,0x39,0x29,0x36,0x34,0x33,0xFF,0x0D,
0x25,0x31,0x26,0x2D,0x25,0x36,0x00,0x0D,0x2C,0x2D,0x34,0x00,0x28,0x29,0x00,0x1A,
0x2D,0x29,0x36,0x32,0x25,0x37,0xFF,0x20,0x29,0x36,0x00,0x34,0x2D,0x29,0x3E,0x25,
0x37,0x00,0x33,0x26,0x38,0x29,0x32,0x2D,0x28,0x25,0x37,0xFF,0x16,0x2D,0x37,0x38,
0x25,0x00,0x28,0x29,0x00,0x34,0x2D,0x29,0x3E,0x25,0x37,0x00,0x33,0x26,0x38,0x29,
0x32,0x2D,0x28,0x25,0x37,0xFF,0xD4,0x0D,0x33,0x32,0x38,0x36,0x33,0x30,0x00,0x1A,
0x25,0x28,0xD9,0x0D,0x25,0x31,0x26,0x2D,0x25,0x36,0x00,0x32,0x2D,0x3A,0x29,0x30,
0x00,0x28,0x29,0x30,0x00,0x29,0x30,0x2A,0x33,0xFF,0x18,0x33,0x00,0x30,0x30,0x29,
0x3A,0x25,0x37,0x00,0x29,0x30,0x2A,0x33,0x37,0xFF,0x18,0x33,0x00,0x30,0x30,0x29,
0x3A,0x25,0x37,0xFC,0x29,0x30,0x2A,0x33,0x37,0xFF,0xF2,0x1E,0x2D,0x31,0x29,0x00,
0x1D,0x38,0x33,0x34,0x34,0x29,0x36,0xF1,0xD9,0x00,0x1D,0x2D,0x32,0x00,0x29,0x30,
0x29,0x31,0x29,0x32,0x38,0x33,0xFC,0x0E,0x25,0x4C,0x25,0xD8,0x27,0x33,0x32,0x2B,
0x29,0x30,0x25,0x00,0x29,0x32,0x29,0x31,0x2D,0x2B,0x33,0x37,0xFC,0xFF,0xF2,0x1E,
0x36,0x25,0x27,0x38,0x33,0x36,0x00,0x1D,0x2C,0x33,0x38,0xF1,0xD9,0x00,0x1E,0x36,
0x39,0x29,0x32,0x33,0xFC,0x0B,0x26,0x37,0x33,0x36,0x26,0x29,0x00,0x28,0x2D,0x37,
0x34,0x25,0x36,0x33,0x37,0x00,0x28,0x29,0x00,0x29,0x32,0x29,0x36,0x2B,0x42,0x25,
0xFC,0xFF,0xF2,0x0C,0x39,0x36,0x32,0x2D,0x32,0x2B,0x00,0x1D,0x2C,0x33,0x38,0xF1,
0xD9,0x00,0x10,0x39,0x29,0x2B,0x33,0xFC,0x0E,0x25,0x4C,0x25,0x00,0x27,0x33,0x32,
0x00,0x29,0x3C,0x34,0x30,0x33,0x37,0x2D,0x43,0x32,0xFC,0xFF,0xF2,0x13,0x27,0x29,
0x00,0x14,0x25,0x3A,0x29,0x30,0x2D,0x32,0xF1,0xD9,0x00,0x12,0x2D,0x29,0x30,0x33,
0xFC,0x0B,0x38,0x25,0x27,0x25,0x00,0x27,0x33,0x32,0x00,0x30,0x25,0x32,0x3E,0x25,
0x00,0x28,0x29,0x00,0x2C,0x2D,0x29,0x30,0x33,0xFC,0xFF,0xF2,0x1D,0x2F,0x3D,0x00,
0x0D,0x2C,0x25,0x37,0x29,0x36,0xF1,0xD9,0x00,0x1D,0x2D,0x32,0x00,0x29,0x30,0x29,
0x31,0x29,0x32,0x38,0x33,0xFC,0x1A,0x36,0x29,0x37,0x37,0x00,0x0E,0x33,0x3B,0x32,
0x00,0x29,0x32,0x00,0x29,0x30,0x00,0x25,0x2D,0x36,0x29,0x00,0x3D,0x00,0x37,0x25,
0x26,0x29,0x36,0xFC,0xFF,0xF2,0x1E,0x2C,0x39,0x32,0x28,0x29,0x36,0x00,0x1D,0x38,
0x25,0x26,0xF1,0xD9,0x00,0x1E,0x2C,0x39,0x32,0x28,0x29,0x36,0xFC,0x0B,0x38,0x25,
0x27,0x25,0x00,0x27,0x33,0x32,0x00,0x37,0x25,0x26,0x29,0x36,0x00,0x29,0x32,0x00,
0x28,0x25,0x37,0x2C,0xFC,0xFF,0xF2,0x10,0x30,0x25,0x31,0x29,0x00,0x10,0x25,0x32,
0x2B,0xF1,0xD9,0x00,0x10,0x30,0x25,0x31,0x29,0xFC,0x1A,0x36,0x29,0x37,0x37,0x00,
0x1F,0x34,0x00,0x3D,0x00,0x25,0x38,0x25,0x27,0x25,0x00,0x27,0x33,0x32,0x00,0x37,
0x25,0x26,0x29,0x36,0xFC,0xFF,0xF2,0x13,0x27,0x29,0x00,0x0C,0x30,0x25,0x28,0x29,
0xF1,0xD9,0x00,0x13,0x27,0x29,0xFC,0x1A,0x36,0x29,0x37,0x37,0x00,0x0E,0x33,0x3B,
0x32,0x00,0x3D,0x00,0x25,0x38,0x25,0x27,0x25,0x00,0x27,0x33,0x32,0x00,0x37,0x25,
0x26,0x29,0x36,0xFC,0xFF,0x18,0x33,0x32,0x29,0x00,0x30,0x29,0x25,0x36,0x32,0x29,
0x28,0xFF,0x0B,0x38,0x36,0x2D,0x26,0x39,0x38,0x33,0x37,0xFC,0x18,0x39,0x36,0x37,
0x29,0x00,0x29,0x32,0x00,0x01,0xFF,0x1D,0x39,0x29,0x30,0x38,0x25,0xFC,0x29,0x32,
0x29,0x36,0x2B,0x42,0x25,0xD1,0x1D,0xD2,0xFF,0x0B,0x39,0x31,0x29,0x32,0x38,0x25,
0x00,0x31,0x40,0x3C,0xFC,0xF2,0x05,0xF1,0x00,0x3A,0x2D,0x38,0x25,0x30,0x2D,0x28,
0x25,0x28,0xFF,0x0B,0x39,0x31,0x29,0x32,0x38,0x25,0x00,0x31,0x40,0x3C,0xFC,0xF2,
0x09,0xF1,0x00,0x3A,0x2D,0x38,0x25,0x30,0x2D,0x28,0x25,0x28,0xFF,0x0B,0x39,0x31,
0x29,0x32,0x38,0x25,0x00,0x31,0x40,0x3C,0xFC,0xF2,0x02,0x03,0xF1,0x00,0x3A,0x2D,
0x38,0x25,0x30,0x2D,0x28,0x25,0x28,0xFF,0x0B,0x39,0x31,0x29,0x32,0x38,0x25,0x00,
0x31,0x40,0x3C,0xFC,0xF2,0x02,0x07,0xF1,0x00,0x3A,0x2D,0x38,0x25,0x30,0x2D,0x28,
0x25,0x28,0xFF,0x0B,0x39,0x31,0x29,0x32,0x38,0x25,0x00,0x31,0x40,0x3C,0xFC,0xF2,
0x02,0x07,0xF1,0x00,0x3A,0x2D,0x38,0x25,0x30,0x2D,0x28,0x25,0x28,0xFC,0x3D,0x00,
0x37,0x39,0x29,0x30,0x38,0x25,0xFC,0x29,0x32,0x29,0x36,0x2B,0x42,0x25,0xD1,0x1D,
0xD2,0xFF,0xF2,0x0D,0x39,0x40,0x28,0x36,0x39,0x34,0x30,0x29,0xF1,0xFC,0x31,0x40,
0x3C,0xFC,0x3A,0x2D,0x38,0x25,0x30,0x2D,0x28,0x25,0x28,0xFF,0x0B,0x38,0x36,0x2D,
0x26,0x39,0x38,0x33,0x37,0xFC,0x0B,0x32,0x2D,0x31,0x25,0x30,0x00,0x29,0x32,0x00,
0x01,0xFF,0x0B,0x39,0x31,0x29,0x32,0x38,0x25,0xFC,0x3A,0x29,0x30,0x33,0x27,0x2D,
0x28,0x25,0x28,0xFC,0x27,0x33,0x36,0x36,0x29,0x36,0xFF,0x1C,0x25,0x30,0x29,0x32,
0x38,0x2D,0x3E,0x25,0xFC,0x28,0x29,0x37,0x30,0x2D,0x3E,0x00,0x31,0x39,0x36,0x33,
0xFF,0x0E,0x2D,0x37,0x34,0x25,0x36,0x25,0xFC,0xF2,0x2A,0x30,0x25,0x31,0x29,0xF1,
0x37,0x2C,0x33,0x38,0x37,0xFF,0x0E,0x2D,0x37,0x34,0x25,0x36,0x25,0xFC,0xF2,0x2D,
0x27,0x29,0xF1,0x37,0x2C,0x33,0x38,0x37,0xFF,0x0E,0x2D,0x37,0x34,0x25,0x36,0x25,
0xFC,0xF2,0x38,0x2C,0x39,0x32,0x28,0x29,0x36,0xF1,0xFF,0x0B,0x37,0x27,0x2D,0x29,
0x32,0x28,0x29,0x00,0x28,0x29,0xFC,0x30,0x33,0x37,0x00,0x2A,0x33,0x37,0x33,0x37,
0xFF,0xF2,0x0E,0x39,0x34,0x30,0x2D,0x27,0x25,0xF1,0x00,0x29,0x30,0xFC,0x3A,0x25,
0x30,0x33,0x36,0x00,0x28,0x29,0xFC,0x28,0x29,0x2A,0x29,0x32,0x37,0x25,0xFC,0x26,
0x40,0x37,0x2D,0x27,0x33,0xFF,0x0B,0x38,0x36,0x2D,0x26,0x39,0x38,0x33,0x37,0xFC,
0x12,0x25,0x27,0x2F,0x29,0x36,0x00,0x29,0x32,0x00,0x01,0xFF,0x0E,0x2D,0x37,0x34,
0x25,0x36,0x25,0x00,0x05,0xFC,0x26,0x25,0x30,0x25,0x37,0xFC,0x37,0x29,0x2B,0x39,
0x2D,0x28,0x25,0x37,0xFC,0x26,0x39,0x37,0x38,0x29,0x36,0xFF,0x1A,0x36,0x29,0x37,
0x37,0x00,0x1F,0x34,0xFC,0x29,0x32,0x00,0x38,0x36,0x2D,0x34,0x30,0x29,0xFC,0x25,
0x38,0x25,0x35,0x39,0x29,0x00,0x34,0x25,0x36,0x25,0xFC,0x27,0x33,0x36,0x38,0x29,
0x00,0x25,0x37,0x27,0x32,0x28,0xE5,0xFF,0x0B,0x4C,0x25,0x28,0x29,0x00,0x02,0x00,
0x25,0x30,0xFC,0x34,0x33,0x28,0x29,0x36,0x00,0x28,0x29,0x30,0xFC,0x0C,0x39,0x37,
0x38,0x29,0x36,0xE8,0x1D,0x25,0x26,0x29,0x36,0xFC,0x3D,0x00,0x15,0x32,0x39,0x27,
0x2F,0x30,0x29,0xFF,0x1A,0x36,0x29,0x37,0x37,0x00,0x0E,0x33,0x3B,0x32,0xFC,0x29,
0x32,0x00,0x38,0x36,0x2D,0x34,0x30,0x29,0xFC,0x25,0x38,0x25,0x35,0x39,0x29,0x00,
0x34,0x25,0x36,0x25,0xFC,0x33,0x32,0x28,0x25,0x00,0x27,0x33,0x36,0x38,0x29,0xFF,
0x17,0x40,0x37,0x00,0x34,0x36,0x33,0x26,0xE5,0xFC,0x29,0x32,0x29,0x31,0x2D,0x2B,
0x33,0x37,0xFC,0x37,0x39,0x29,0x30,0x38,0x29,0x32,0xFC,0x33,0x26,0x2E,0x29,0x38,
0x33,0x37,0xFF,0xF2,0x0E,0x39,0x34,0x30,0x2D,0x27,0x25,0xF1,0x00,0x29,0x30,0xFC,
0x29,0x30,0x00,0x29,0x2A,0x29,0x27,0x38,0x33,0x00,0x28,0x29,0xFC,0x25,0x30,0x2B,
0x39,0x32,0x33,0x37,0xFC,0x33,0x26,0x2E,0x29,0x38,0x33,0x37,0xFF,0x1D,0x34,0xE5,
0x00,0x27,0x31,0x32,0x28,0x37,0xFC,0x34,0x25,0x36,0x25,0x00,0x29,0x2E,0x27,0x38,
0x25,0x36,0xE5,0xFC,0x27,0x2C,0x2B,0x00,0x25,0x38,0x2F,0x00,0x33,0xFC,0x0F,0x22,
0x00,0x1D,0x2F,0x2D,0x30,0x30,0x37,0xFF,0x0F,0x3A,0x33,0x30,0x39,0x27,0xE5,0x00,
0x29,0x30,0x2A,0x33,0xFC,0x20,0x29,0x36,0x00,0x29,0x2A,0x29,0x27,0x38,0x33,0xFC,
0x12,0x25,0x26,0x30,0x25,0x36,0x00,0x29,0x30,0x2A,0x33,0xFF,0x0E,0x25,0x36,0x00,
0x0D,0x36,0x3D,0x37,0x38,0x25,0x30,0xFC,0x00,0x1D,0x42,0xFC,0x00,0x18,0x33,0xFC,
0x1D,0x2D,0x2B,0xE5,0x00,0x18,0x3A,0xD9,0xFC,0x0E,0x2D,0x37,0x34,0xE5,0xD9,0xFF,
0x10,0x25,0x30,0x38,0x25,0x32,0xFC,0x0D,0x36,0x3D,0x37,0x38,0x25,0x30,0x37,0xFC,
0xFC,0x1D,0x2D,0x2B,0xE5,0x00,0x18,0x3A,0xD9,0xFC,0x0E,0x2D,0x37,0x34,0xE5,0xD9,
0xFF,0x18,0x2D,0x3A,0x29,0x30,0x00,0x25,0x30,0x00,0x31,0x40,0x3C,0xFC,0x32,0x33,
0x00,0x37,0x39,0x26,0x29,0x00,0x31,0x40,0x37,0xFF,0x0F,0x3A,0x33,0x30,0x39,0x27,
0xE5,0x00,0x29,0x30,0x2A,0x33,0x00,0x27,0x33,0x32,0x00,0x0F,0xD6,0x0D,0x36,0x3D,
0x37,0x38,0x25,0x30,0xFF,0x20,0x29,0x36,0x00,0x32,0x2D,0x3A,0x29,0x30,0x00,0x3D,
0x00,0x29,0x2A,0x29,0x27,0x38,0x33,0x00,0x28,0x29,0x30,0x00,0x29,0x30,0x2A,0x33,
0xFF,0x12,0x25,0x26,0x30,0x25,0x36,0x00,0x27,0x33,0x32,0x00,0x29,0x30,0x2A,0x33,
0xFF,0x1D,0x34,0x36,0x29,0x25,0x28,0x00,0x1D,0x2C,0x33,0x38,0xFF,0x0E,0x36,0x2D,
0x30,0x30,0x00,0x1D,0x2C,0x33,0x38,0xFF,0x0D,0x36,0x33,0x37,0x37,0x00,0x1D,0x2C,
0x33,0x38,0xFF,0x16,0x25,0x31,0x34,0x00,0x0C,0x39,0x36,0x32,0x29,0x36,0xFF,0x03,
0xD6,0x21,0x25,0x3D,0x00,0x1D,0x2C,0x33,0x38,0xFF,0x13,0x17,0x00,0x1D,0x2C,0x33,
0x38,0xFF,0x13,0x27,0x29,0x00,0x0C,0x39,0x37,0x38,0x29,0x36,0xFF,0x0C,0x29,0x25,
0x31,0x00,0x1D,0x2C,0x33,0x38,0xFF,0x1D,0x29,0x25,0x36,0x27,0x2C,0x00,0x1D,0x2C,
0x33,0x38,0xFF,0x0C,0x30,0x25,0x3E,0x29,0x00,0x1D,0x2C,0x33,0x38,0xFF,0x1E,0x36,
0x2D,0x00,0x1D,0x2C,0x33,0x38,0xFF,0x20,0x29,0x36,0x38,0x2D,0x27,0x25,0x30,0x00,
0x1D,0x2C,0x33,0x38,0xFF,0x21,0x2D,0x28,0x29,0x00,0x0C,0x39,0x37,0x38,0x29,0x36,
0xFF,0x0C,0x29,0x32,0x28,0x00,0x16,0x25,0x37,0x29,0x36,0xFF,0x1C,0x29,0x2A,0x30,
0x29,0x27,0x38,0x00,0x16,0x25,0x37,0x29,0x36,0xFF,0x21,0x25,0x38,0x29,0x36,0x00,
0x11,0x39,0x32,0xFF,0x0D,0x25,0x32,0x32,0x33,0x32,0x00,0x0C,0x39,0x37,0x38,0x29,
0x36,0xFF,0x16,0x25,0x31,0x34,0xFF,0x17,0x29,0x38,0x00,0x1D,0x2C,0x2D,0x29,0x30,
0x28,0xFF,0x16,0x25,0x31,0x34,0x00,0x1D,0x2C,0x2D,0x29,0x30,0x28,0xFF,0x13,0x27,
0x29,0x00,0x1D,0x2C,0x2D,0x29,0x30,0x28,0xFF,0x0C,0x30,0x25,0x28,0x29,0x00,0x1D,
0x2C,0x2D,0x29,0x30,0x28,0xFF,0x1D,0x2C,0x25,0x36,0x34,0x00,0x1D,0x2C,0x2D,0x29,
0x30,0x28,0xFF,0x0C,0x33,0x39,0x32,0x28,0x00,0x1E,0x2D,0x36,0x29,0xFF,0x14,0x33,
0x2D,0x32,0x38,0x00,0x0C,0x33,0x31,0x26,0xFF,0x1C,0x2D,0x37,0x2D,0x32,0x2B,0x00,
0x0C,0x33,0x31,0x26,0xFF,0x0F,0x2B,0x2B,0x00,0x0C,0x33,0x31,0x26,0xFF,0x0C,0x25,
0x30,0x30,0x33,0x33,0x32,0x00,0x0C,0x33,0x31,0x26,0xFF,0x11,0x29,0x25,0x36,0x00,
0x0C,0x33,0x31,0x26,0xFF,0x12,0x2D,0x3A,0x29,0x00,0x0C,0x33,0x31,0x26,0xFF,0x18,
0x29,0x33,0x32,0x00,0x0C,0x33,0x31,0x26,0xFF,0x11,0x3D,0x36,0x33,0x00,0x0C,0x33,
0x33,0x31,0x29,0x36,0x25,0x32,0x2B,0xFF,0x21,0x25,0x3A,0x29,0x00,0x0C,0x33,0x31,
0x26,0xFF,0x0C,0x39,0x36,0x37,0x38,0x00,0x0C,0x33,0x31,0x26,0xFF,0x04,0xD6,0x21,
0x25,0x3D,0x00,0x0C,0x33,0x31,0x26,0xFF,0x17,0x2D,0x32,0x2D,0x00,0x0D,0x36,0x25,
0x26,0x25,0x32,0x00,0x1C,0xFF,0x17,0x2D,0x32,0x2D,0x00,0x0D,0x36,0x25,0x26,0x25,
0x32,0x00,0x0C,0xFF,0x16,0x33,0x32,0x2B,0x00,0x1D,0x32,0x25,0x34,0x34,0x29,0x36,
0xFF,0x0F,0x30,0x29,0x27,0x38,0x36,0x2D,0x27,0x00,0x1C,0x33,0x28,0xFF,0x1E,0x25,
0x32,0x2B,0x00,0x1C,0x33,0x28,0xFF,0x0C,0x29,0x29,0x00,0x1C,0x33,0x28,0xFF,0x0F,
0x30,0x29,0x27,0x38,0x36,0x2D,0x27,0x00,0x18,0x25,0x2D,0x30,0xFF,0x17,0x25,0x2B,
0x1A,0x39,0x32,0x27,0x2C,0x00,0x18,0xFF,0x17,0x25,0x2B,0x1A,0x39,0x32,0x27,0x2C,
0x00,0x1D,0xFF,0x0E,0x36,0x2D,0x30,0x30,0x00,0x1C,0x33,0x28,0xFF,0x0D,0x25,0x36,
0x28,0x00,0x15,0x29,0x3D,0xFF,0x0F,0x30,0x29,0x27,0x38,0x36,0x2D,0x27,0x00,0x0B,
0x36,0x31,0xFF,0x12,0x29,0x25,0x38,0x00,0x1D,0x25,0x26,0x36,0x29,0xFF,0x1D,0x38,
0x29,0x29,0x30,0x00,0x0D,0x30,0x25,0x3B,0xFF,0x17,0x29,0x2B,0x25,0x00,0x0B,0x3C,
0x29,0xFF,0x10,0x30,0x25,0x31,0x29,0x00,0x1D,0x3B,0x33,0x36,0x28,0xFF,0x17,0x29,
0x2B,0x25,0x00,0x12,0x25,0x31,0x31,0x29,0x36,0xFF,0x0E,0x29,0x25,0x38,0x2C,0x00,
0x1A,0x2D,0x29,0x36,0x27,0x29,0xFF,0x13,0x36,0x33,0x32,0x00,0x1A,0x2D,0x34,0x29,
0xFF,0x0B,0x36,0x27,0x0D,0x25,0x32,0x32,0x33,0x32,0xFF,0x0B,0x3C,0x29,0x30,0x33,
0x2D,0x28,0xFF,0x0C,0x29,0x25,0x31,0x21,0x25,0x30,0x2F,0x29,0x36,0xFF,0x0C,0x29,
0x29,0x32,0x29,0x36,0x25,0x32,0xFF,0x0C,0x33,0x31,0x26,0x25,0x28,0x29,0x29,0x36,
0xFF,0x0C,0x33,0x32,0x2B,0x25,0x30,0xFF,0x0C,0x33,0x32,0x37,0x29,0x27,0x38,0xFF,
0x0D,0xD6,0x12,0x33,0x34,0x34,0x29,0x36,0xFF,0x0D,0x29,0x36,0x25,0x38,0x25,0x32,
0x2D,0x39,0x31,0xFF,0x0D,0x36,0x33,0x37,0x37,0x26,0x3D,0x32,0x29,0xFF,0x0D,0x36,
0x3D,0x33,0x18,0x29,0x33,0x32,0xFF,0x0F,0xD6,0x16,0x25,0x37,0x29,0x36,0xFF,0x0F,
0x30,0x29,0x0E,0x29,0x37,0x29,0x36,0x38,0x29,0x36,0xFF,0x10,0x25,0x2D,0x38,0x25,
0x30,0xFF,0x11,0x25,0x32,0x2B,0x25,0x11,0x39,0x32,0xFF,0x11,0x30,0x25,0x27,0x2D,
0x25,0x30,0xFF,0x11,0x30,0x25,0x37,0x37,0x0D,0x25,0x32,0x32,0x33,0x32,0xFF,0x11,
0x3D,0x36,0x25,0x38,0x33,0x36,0xFF,0x11,0x3D,0x36,0x33,0x0D,0x25,0x32,0x32,0x33,
0x32,0x12,0xFF,0x12,0x29,0x27,0x2C,0x36,0x3D,0x37,0x38,0x25,0xFF,0x14,0x39,0x32,
0x2F,0xFF,0x15,0x29,0x36,0x26,0x29,0x36,0x33,0x37,0xFF,0x15,0x29,0x36,0x33,0x37,
0x2C,0xFF,0x16,0x25,0x31,0x34,0x30,0x33,0x36,0x38,0x22,0xFF,0x17,0x25,0x2B,0x32,
0x29,0x1A,0x25,0x18,0xFF,0x17,0x25,0x2B,0x32,0x29,0x1A,0x25,0x1D,0xFF,0x17,0x29,
0x27,0x2C,0x25,0x31,0x29,0x37,0x33,0x32,0xFF,0x17,0x29,0x28,0x39,0x12,0x33,0x34,
0x34,0x29,0x36,0xFF,0x17,0x29,0x38,0x38,0x25,0x39,0x36,0xFF,0x17,0x2D,0x32,0x2D,
0x0D,0x36,0x25,0x26,0x25,0x32,0x0C,0xFF,0x17,0x2D,0x32,0x2D,0x0D,0x36,0x25,0x26,
0x25,0x32,0x1C,0xFF,0x17,0x33,0x30,0x29,0x2B,0x39,0x30,0x29,0xFF,0x17,0x33,0x30,
0x33,0x2D,0x28,0xFF,0x18,0x29,0x29,0x28,0x0C,0x25,0x30,0x30,0x33,0x33,0x32,0xFF,
0x18,0x2D,0x27,0x33,0x37,0x0D,0x36,0x25,0x26,0x0C,0xFF,0x1A,0xE5,0x0D,0x33,0x36,
0x34,0x37,0x29,0xFF,0x1A,0x33,0x34,0x30,0x25,0x32,0xFF,0x1C,0x25,0x2D,0x2F,0x29,
0x32,0xFF,0x1C,0x0C,0x0D,0x25,0x32,0x32,0x33,0x32,0xFF,0x1C,0x29,0x2A,0x30,0x29,
0x0C,0x29,0x29,0x31,0x29,0x36,0xFF,0x1D,0xD6,0x0D,0x36,0x3D,0x37,0x38,0x25,0x30,
0xFF,0x1D,0x25,0x32,0x28,0x0E,0x33,0x3E,0x29,0x36,0xFF,0x1D,0x27,0x36,0x25,0x34,
0x0F,0x30,0x2A,0xFF,0x1D,0x29,0x36,0x34,0x29,0x32,0x38,0x11,0x29,0x25,0x36,0xFF,
0x1E,0x29,0x30,0x30,0x3D,0x0C,0x33,0x31,0x26,0xFF,0x1E,0x36,0x2D,0x25,0x2A,0x33,
0x36,0x31,0x29,0x36,0xFF,0x20,0xE5,0x0D,0x30,0x25,0x3B,0xFF,0x20,0xE5,0x10,0x29,
0x32,0x27,0x29,0x36,0xFF,0x20,0xE5,0x10,0x2D,0x36,0x29,0xFF,0x20,0xE5,0x17,0x2D,
0x37,0x37,0x2D,0x30,0x29,0xFF,0x23,0x25,0x28,0x33,0x2F,0x36,0x33,0x2D,0x28,0xFF,
0xF2,0x0B,0x36,0x27,0x0D,0x25,0x32,0x32,0x33,0x32,0xF1,0xFF,0xF2,0x0B,0x3C,0x29,
0x30,0x33,0x2D,0x28,0xF1,0xFF,0xF2,0x0C,0x29,0x25,0x31,0x21,0x25,0x30,0x2F,0x29,
0x36,0xF1,0xFF,0xF2,0x0D,0x36,0x33,0x37,0x37,0x26,0x3D,0x32,0x29,0xF1,0xFF,0xF2,
0x0C,0x33,0x31,0x26,0x25,0x28,0x29,0x29,0x36,0xF1,0xFF,0xF2,0x0C,0x33,0x32,0x2B,
0x25,0x30,0xF1,0xFF,0xF2,0x0C,0x33,0x32,0x37,0x29,0x27,0x38,0xF1,0xFF,0xF2,0x0D,
0xD6,0x12,0x33,0x34,0x34,0x29,0x36,0xF1,0xFF,0xF2,0x0D,0x29,0x36,0x25,0x38,0x25,
0x32,0x2D,0x39,0x31,0xF1,0xFF,0xF2,0x0C,0x29,0x29,0x32,0x29,0x36,0x25,0x32,0xF1,
0xFF,0xF2,0x0D,0x36,0x3D,0x33,0x18,0x29,0x33,0x32,0xF1,0xFF,0xF2,0x0F,0xD6,0x16,
0x25,0x37,0x29,0x36,0xF1,0xFF,0xF2,0x0F,0x30,0x29,0x0E,0x29,0x37,0x29,0x36,0x38,
0x29,0x36,0xF1,0xFF,0xF2,0x10,0x25,0x2D,0x38,0x25,0x30,0xF1,0xFF,0xF2,0x11,0x25,
0x32,0x2B,0x25,0x11,0x39,0x32,0xF1,0xFF,0xF2,0x11,0x30,0x25,0x27,0x2D,0x25,0x30,
0xF1,0xFF,0xF2,0x11,0x30,0x25,0x37,0x37,0x0D,0x25,0x32,0x32,0x33,0x32,0xF1,0xFF,
0xF2,0x11,0x3D,0x36,0x25,0x38,0x33,0x36,0xF1,0xFF,0xF2,0x11,0x3D,0x36,0x33,0x0D,
0x25,0x32,0x32,0x33,0x32,0x12,0xF1,0xFF,0xF2,0x12,0x29,0x27,0x2C,0x36,0x3D,0x37,
0x38,0x25,0xF1,0xFF,0xF2,0x14,0x39,0x32,0x2F,0xF1,0xFF,0xF2,0x15,0x29,0x36,0x26,
0x29,0x36,0x33,0x37,0xF1,0xFF,0xF2,0x15,0x29,0x36,0x33,0x37,0x2C,0xF1,0xFF,0xF2,
0x16,0x25,0x31,0x34,0x30,0x33,0x36,0x38,0x22,0xF1,0xFF,0xF2,0x17,0x25,0x2B,0x32,
0x29,0x1A,0x25,0x18,0xF1,0xFF,0xF2,0x17,0x25,0x2B,0x32,0x29,0x1A,0x25,0x1D,0xF1,
0xFF,0xF2,0x17,0x29,0x27,0x2C,0x25,0x31,0x29,0x37,0x33,0x32,0xF1,0xFF,0xF2,0x17,
0x29,0x28,0x39,0x12,0x33,0x34,0x34,0x29,0x36,0xF1,0xFF,0xF2,0x17,0x29,0x38,0x38,
0x25,0x39,0x36,0xF1,0xFF,0xF2,0x17,0x2D,0x32,0x2D,0x0D,0x36,0x25,0x26,0x25,0x32,
0x0C,0xF1,0xFF,0xF2,0x17,0x2D,0x32,0x2D,0x0D,0x36,0x25,0x26,0x25,0x32,0x1C,0xF1,
0xFF,0xF2,0x17,0x33,0x30,0x29,0x2B,0x39,0x30,0x29,0xF1,0xFF,0xF2,0x17,0x33,0x30,
0x33,0x2D,0x28,0xF1,0xFF,0xF2,0x18,0x29,0x29,0x28,0x0C,0x25,0x30,0x30,0x33,0x33,
0x32,0xF1,0xFF,0xF2,0x18,0x2D,0x27,0x33,0x37,0x0D,0x36,0x25,0x26,0x0C,0xF1,0xFF,
0xF2,0x1A,0xE5,0x0D,0x33,0x36,0x34,0x37,0x29,0xF1,0xFF,0xF2,0x1A,0x33,0x34,0x30,
0x25,0x32,0xF1,0xFF,0xF2,0x1C,0x25,0x2D,0x2F,0x29,0x32,0xF1,0xFF,0xF2,0x1C,0x0C,
0x0D,0x25,0x32,0x32,0x33,0x32,0xF1,0xFF,0xF2,0x1C,0x29,0x2A,0x30,0x29,0x0C,0x29,
0x29,0x31,0x29,0x36,0xF1,0xFF,0xF2,0x1D,0xD6,0x0D,0x36,0x3D,0x37,0x38,0x25,0x30,
0xF1,0xFF,0xF2,0x1D,0x25,0x32,0x28,0x0E,0x33,0x3E,0x29,0x36,0xF1,0xFF,0xF2,0x1D,
0x27,0x36,0x25,0x34,0x0F,0x30,0x2A,0xF1,0xFF,0xF2,0x1D,0x29,0x36,0x34,0x29,0x32,
0x38,0x11,0x29,0x25,0x36,0xF1,0xFF,0xF2,0x1E,0x29,0x30,0x30,0x3D,0x0C,0x33,0x31,
0x26,0xF1,0xFF,0xF2,0x1E,0x36,0x2D,0x25,0x2A,0x33,0x36,0x31,0x29,0x36,0xF1,0xFF,
0xF2,0x20,0xE5,0x0D,0x30,0x25,0x3B,0xF1,0xFF,0xF2,0x20,0xE5,0x10,0x29,0x32,0x27,
0x29,0x36,0xF1,0xFF,0xF2,0x20,0xE5,0x10,0x2D,0x36,0x29,0xF1,0xFF,0xF2,0x20,0xE5,
0x17,0x2D,0x37,0x37,0x2D,0x30,0x29,0xF1,0xFF,0xF2,0x23,0x25,0x28,0x33,0x2F,0x36,
0x33,0x2D,0x28,0xF1,0xFF,0x0B,0xD6,0x0D,0x2C,0x25,0x36,0x2B,0x29,0xFF,0x0B,0xD6,
0x1C,0x29,0x27,0x33,0x3A,0x29,0x36,0x02,0xFF,0x0B,0xD6,0x1C,0x29,0x27,0x33,0x3A,
0x29,0x36,0x03,0xFF,0x0B,0xD6,0x1C,0x29,0x27,0x33,0x3A,0x29,0x36,0x04,0xFF,0x1B,
0xD6,0x0D,0x2C,0x25,0x36,0x2B,0x29,0x02,0xFF,0x1B,0xD6,0x0D,0x2C,0x25,0x36,0x2B,
0x29,0x03,0xFF,0x1B,0xD6,0x0D,0x2C,0x25,0x36,0x2B,0x29,0x04,0xFF,0x0B,0xD6,0x10,
0x2D,0x30,0x30,0x2D,0x32,0x2B,0xFF,0x21,0x29,0x25,0x34,0x33,0x32,0x1A,0x30,0x39,
0x37,0xFF,0x14,0x39,0x32,0x2F,0x12,0x29,0x25,0x28,0xFF,0x0B,0x26,0x37,0x33,0x36,
0x26,0x29,0x36,0xFF,0x1C,0x33,0x30,0x30,0x2D,0x32,0x2B,0xFF,0x0F,0x36,0x25,0x37,
0x29,0xFF,0x1D,0x38,0x36,0x33,0x32,0x2B,0xFF,0x1D,0x38,0x36,0x33,0x32,0x2B,0x29,
0x36,0xFF,0x1D,0x38,0x36,0x33,0x32,0x2B,0x29,0x37,0x38,0xFF,0x1C,0x29,0x2A,0x30,
0x29,0x27,0x38,0xFF,0x0F,0x3C,0x38,0x29,0x32,0x28,0xFF,0x0F,0x30,0x2A,0xFF,0x14,
0x39,0x32,0x2F,0x0C,0x33,0x28,0x3D,0xFF,0x1B,0x39,0x2D,0x27,0x2F,0xFF,0x0E,0x33,
0x39,0x26,0x30,0x29,0x14,0x39,0x31,0x34,0xFF,0x1D,0x34,0x30,0x25,0x37,0x2C,0x14,
0x39,0x31,0x34,0xFF,0x1D,0x34,0x2D,0x2F,0x29,0x1E,0x3D,0x34,0x29,0x13,0xFF,0x1D,
0x34,0x2D,0x2F,0x29,0x1E,0x3D,0x34,0x29,0x21,0xFF,0x10,0x36,0x33,0x2B,0xFF,0x14,
0x39,0x32,0x2F,0x10,0x33,0x33,0x38,0xFF,0x1D,0xD6,0x0D,0x36,0x3D,0x37,0x38,0x25,
0x30,0xFF,0x0B,0x39,0x38,0x33,0x27,0x25,0x36,0x2B,0x25,0x00,0x28,0x29,0x00,0x25,
0x36,0x31,0x25,0x37,0xFF,0x0D,0x39,0x36,0x25,0x00,0x25,0x30,0x00,0x29,0x37,0x38,
0x25,0x36,0x00,0x35,0x39,0x2D,0x29,0x38,0x33,0xD9,0xF2,0x18,0x3A,0xE5,0x02,0xF1,
0xFF,0x0D,0x39,0x36,0x25,0x00,0x25,0x30,0x00,0x29,0x37,0x38,0x25,0x36,0x00,0x35,
0x39,0x2D,0x29,0x38,0x33,0xD9,0xF2,0x18,0x3A,0xE5,0x03,0xF1,0xFF,0x0D,0x39,0x36,
0x25,0x00,0x25,0x30,0x00,0x29,0x37,0x38,0x25,0x36,0x00,0x35,0x39,0x2D,0x29,0x38,
0x33,0xD9,0xF2,0x18,0x3A,0xE5,0x04,0xF1,0xFF,0x0B,0x27,0x29,0x30,0x29,0x36,0x25,
0x00,0x27,0x25,0x36,0x2B,0x25,0x00,0x28,0x29,0x00,0x25,0x36,0x31,0x25,0x37,0xD9,
0xF2,0x18,0x3A,0xE5,0x02,0xF1,0xFF,0x0B,0x27,0x29,0x30,0x29,0x36,0x25,0x00,0x27,
0x25,0x36,0x2B,0x25,0x00,0x28,0x29,0x00,0x25,0x36,0x31,0x25,0x37,0xD9,0xF2,0x18,
0x3A,0xE5,0x03,0xF1,0xFF,0x0B,0x27,0x29,0x30,0x29,0x36,0x25,0x00,0x27,0x25,0x36,
0x2B,0x25,0x00,0x28,0x29,0x00,0x25,0x36,0x31,0x25,0x37,0xD9,0xF2,0x18,0x3A,0xE5,
0x04,0xF1,0xFF,0x1C,0x29,0x27,0x25,0x36,0x2B,0x25,0x00,0x31,0x39,0x32,0x2D,0x27,
0x2D,0x43,0x32,0x00,0x27,0x33,0x32,0x00,0x38,0x2D,0x29,0x31,0x34,0x33,0xFF,0x0D,
0x25,0x34,0x25,0x27,0x2D,0x28,0x25,0x28,0x00,0x28,0x29,0x00,0x25,0x36,0x31,0x25,
0x00,0xD4,0x02,0xFF,0x0F,0x31,0x2D,0x38,0x29,0x00,0x39,0x32,0x00,0x25,0x39,0x36,
0x25,0x00,0x29,0x37,0x34,0x29,0x27,0x2D,0x25,0x30,0xFF,0x1D,0x2D,0x32,0x00,0x36,
0x29,0x38,0x36,0x33,0x27,0x29,0x37,0x33,0x00,0x25,0x30,0x00,0x37,0x29,0x36,0x00,
0x28,0x25,0x4C,0x25,0x28,0x33,0xFF,0x0B,0x2D,0x36,0xD4,0x1F,0x00,0x33,0x00,0x0E,
0x25,0x37,0x2C,0xD4,0x1F,0xD8,0x0E,0x00,0x3D,0x00,0x1D,0x25,0x26,0x29,0x36,0xFF,
0x1D,0x25,0x26,0x29,0x36,0x00,0x26,0x30,0x33,0x35,0x39,0x29,0x25,0x00,0x28,0x2D,
0x37,0x34,0x25,0x36,0x33,0x37,0xFF,0x1E,0x36,0x25,0x31,0x34,0x25,0x37,0xD9,0x00,
0x28,0x25,0x4C,0x33,0x00,0x32,0x33,0x00,0x31,0x39,0x29,0x36,0x38,0x29,0x00,0x18,
0x3A,0xE5,0x02,0xFF,0x1E,0x36,0x25,0x31,0x34,0x25,0x37,0xD9,0x00,0x28,0x25,0x4C,
0x33,0x00,0x32,0x33,0x00,0x31,0x39,0x29,0x36,0x38,0x29,0x00,0x18,0x3A,0xE5,0x03,
0xFF,0x1E,0x36,0x25,0x31,0x34,0x25,0x37,0xD9,0x00,0x28,0x25,0x4C,0x33,0x00,0x32,
0x33,0x00,0x31,0x39,0x29,0x36,0x38,0x29,0x00,0x18,0x3A,0xE5,0x04,0xFF,0x1D,0x25,
0x26,0x29,0x36,0x00,0x36,0x29,0x2A,0x30,0x29,0x2E,0x25,0x00,0x28,0x2D,0x37,0x34,
0x25,0x36,0x33,0x37,0xFF,0x13,0x32,0x3A,0x29,0x32,0x27,0xE5,0x00,0x38,0x36,0x25,
0x37,0x00,0x28,0x25,0x4C,0x33,0x00,0x28,0x39,0x36,0x25,0x00,0x31,0x40,0x37,0xFF,
0x18,0x3A,0x00,0x31,0x40,0x3C,0xE5,0x00,0x29,0x30,0x2A,0x33,0x00,0xD4,0x02,0xFF,
0x0F,0x31,0x2D,0x38,0x29,0x00,0x39,0x32,0x00,0x25,0x39,0x36,0x25,0x00,0x29,0x37,
0x34,0x29,0x27,0x2D,0x25,0x30,0xFF,0x0B,0x39,0x31,0x29,0x32,0x38,0x25,0x00,0x3A,
0x29,0x30,0x33,0x27,0x2D,0x28,0x25,0x28,0x00,0x25,0x30,0x00,0x27,0x33,0x36,0x36,
0x29,0x36,0xFF,0x1A,0x39,0x29,0x28,0x29,0x00,0x2C,0x25,0x27,0x29,0x36,0x00,0x28,
0x33,0x26,0x30,0x29,0x00,0x37,0x25,0x30,0x38,0x33,0xFF,0x1A,0x39,0x29,0x28,0x29,
0x00,0x37,0x25,0x30,0x38,0x25,0x36,0x00,0x37,0x33,0x26,0x36,0x29,0x00,0x25,0x2B,
0x39,0x25,0xFF,0x0D,0x25,0x31,0x2D,0x32,0x25,0x00,0x29,0x32,0x00,0x2C,0x2D,0x29,
0x30,0x33,0x00,0x37,0x2D,0x32,0x00,0x36,0x29,0x37,0x26,0x25,0x30,0x25,0x36,0xFF,
0x1D,0x2D,0x32,0x00,0x29,0x2A,0x29,0x27,0x38,0x33,0x00,0x29,0x32,0x00,0x3A,0x2D,
0x29,0x32,0x38,0x33,0xD8,0x2D,0x31,0x25,0x32,0x29,0x37,0xFF,0x1C,0x25,0x30,0x29,
0x32,0x38,0x2D,0x3E,0x25,0x00,0x28,0x29,0x37,0x30,0x2D,0x3E,0x25,0x31,0x2D,0x29,
0x32,0x38,0x33,0x00,0x31,0x39,0x36,0x33,0xFF,0x0F,0x31,0x2D,0x38,0x29,0x00,0x39,
0x32,0x00,0x25,0x39,0x36,0x25,0x00,0x29,0x37,0x34,0x29,0x27,0x2D,0x25,0x30,0xFF,
0x18,0x33,0x36,0x31,0x25,0x30,0x12,0x29,0x25,0x28,0xFF,0x18,0x33,0x36,0x31,0x25,
0x30,0x0C,0x33,0x28,0x3D,0xFF,0x18,0x33,0x36,0x31,0x25,0x30,0x10,0x33,0x33,0x38,
0xFF,0x0F,0x37,0x38,0x25,0x28,0x33,0x00,0x28,0x29,0x00,0x27,0x25,0x26,0x29,0x3E,
0x25,0x00,0x32,0x33,0x36,0x31,0x25,0x30,0xFF,0x0F,0x37,0x38,0x25,0x28,0x33,0x00,
0x28,0x29,0x00,0x27,0x39,0x29,0x36,0x34,0x33,0x00,0x32,0x33,0x36,0x31,0x25,0x30,
0xFF,0x0F,0x37,0x38,0x25,0x28,0x33,0x00,0x28,0x29,0x00,0x34,0x2D,0x29,0x36,0x32,
0x25,0x37,0x00,0x32,0x33,0x36,0x31,0x25,0x30,0xFF,0xDD,0xDD,0xDD,0xDD,0xDD,0xDD,
0xDD,0xDD,0xDD,0xDD,0xDD,0xFF,0x18,0x33,0x32,0x29,0xFF,0x18,0x33,0x00,0x25,0x30,
0x27,0x25,0x32,0x3E,0x25,0xFF,0x1F,0x37,0x25,0x36,0x00,0x34,0x2D,0x29,0x3E,0x25,
0x37,0xFF,0x16,0x2D,0x37,0x38,0x33,0xFF,0x46,0x3C,0x2D,0x38,0x33,0xFF,0x10,0x25,
0x30,0x30,0x43,0xFF,0x0D,0x33,0x31,0x26,0x2D,0x32,0x25,0x00,0x34,0x2D,0x29,0x3E,
0x25,0x37,0x00,0x34,0x25,0x36,0x25,0x00,0x27,0x2C,0x2D,0x34,0x37,0xFF,0x20,0x29,
0x36,0x00,0x36,0x29,0x27,0x29,0x38,0x25,0x00,0x31,0x2D,0x29,0x32,0x38,0x36,0x25,
0x37,0x00,0x27,0x36,0x29,0x25,0x37,0xFF,0x1D,0x29,0x30,0x29,0x27,0xE5,0x00,0x34,
0x2D,0x29,0x3E,0x25,0x00,0x27,0x33,0x32,0x00,0x0B,0x00,0x0C,0x39,0x38,0x38,0x33,
0x32,0xFF,0x0D,0x25,0x32,0x27,0x29,0x30,0x25,0x36,0x00,0x27,0x33,0x32,0x00,0x0B,
0x00,0x0C,0x39,0x38,0x38,0x33,0x32,0xFF,0x1D,0x29,0x30,0x29,0x27,0xE5,0x00,0x36,
0x29,0x27,0x29,0x38,0x25,0x00,0x27,0x33,0x32,0x00,0x0B,0x00,0x0C,0x39,0x38,0x38,
0x33,0x32,0xFF,0x0B,0x3A,0x2D,0x37,0x33,0xD9,0x37,0x29,0x00,0x39,0x37,0x25,0x36,
0x40,0x32,0x00,0x34,0x2D,0x29,0x3E,0x25,0x37,0xFF,0x18,0x33,0x00,0x2C,0x25,0x3D,
0x00,0x34,0x2D,0x29,0x3E,0x25,0x37,0x00,0x37,0x39,0x2A,0x2D,0x27,0x2D,0x29,0x32,
0x38,0x29,0x37,0xFF,0x18,0x33,0x00,0x34,0x39,0x29,0x28,0x29,0x37,0x00,0x27,0x36,
0x29,0x25,0x36,0x00,0x31,0x40,0x37,0x00,0x27,0x2C,0x2D,0x34,0x37,0xFF,0x17,0x33,
0x37,0x38,0x36,0x25,0x32,0x28,0x33,0x00,0x36,0x29,0x37,0x39,0x30,0x38,0x25,0x28,
0x33,0x37,0xFF,0xF7,0x00,0x00,0x00,0x00,0x0D,0x19,0x18,0x1E,0x13,0x18,0x1F,0x0B,
0x1C,0xFF,0xF7,0x01,0x00,0x00,0x00,0x0D,0x19,0x18,0x1E,0x13,0x18,0x1F,0x0B,0x1C,
0xFF,0x00,0xF7,0x00,0x0D,0x0B,0x1C,0x11,0x0B,0x1C,0xF1,0x00,0x00,0xF7,0x00,0x1A,
0x0B,0x1C,0x1E,0x13,0x0E,0x0B,0xFF,0x00,0xF7,0x01,0x0D,0x0B,0x1C,0x11,0x0B,0x1C,
0xF1,0x00,0x00,0xF7,0x01,0x1A,0x0B,0x1C,0x1E,0x13,0x0E,0x0B,0xFF,0x00,0xF7,0x00,
0x1D,0x0B,0x16,0x13,0x1C,0xF1,0x00,0xF7,0x00,0x0E,0x0F,0x16,0xF1,0x00,0xF7,0x00,
0x14,0x1F,0x0F,0x11,0x19,0xFF,0x00,0xF7,0x01,0x1D,0x0B,0x16,0x13,0x1C,0xF1,0x00,
0xF7,0x01,0x0E,0x0F,0x16,0xF1,0x00,0xF7,0x01,0x14,0x1F,0x0F,0x11,0x19,0xFF,0xF7,
0x00,0x1A,0x16,0x0B,0x18,0x1E,0x00,0x1A,0x0B,0x18,0x13,0x0D,0xFF,0xF7,0x01,0x1A,
0x16,0x0B,0x18,0x1E,0x00,0x1A,0x0B,0x18,0x13,0x0D,0xFF,0xF7,0x00,0x0C,0x1F,0x1D,
0x23,0x00,0x0C,0x0B,0x1D,0x15,0x0F,0x1E,0xFF,0xF7,0x01,0x0C,0x1F,0x1D,0x23,0x00,
0x0C,0x0B,0x1D,0x15,0x0F,0x1E,0xFF,0xF7,0x00,0x16,0x1F,0x17,0x0C,0x0F,0x1C,0x14,
0x0B,0x0D,0x15,0xFF,0xF7,0x01,0x16,0x1F,0x17,0x0C,0x0F,0x1C,0x14,0x0B,0x0D,0x15,
0xFF,0xF7,0x00,0x16,0x0B,0x20,0x0B,0x00,0x1D,0x1F,0x1C,0x10,0xFF,0xF7,0x01,0x16,
0x0B,0x20,0x0B,0x00,0x1D,0x1F,0x1C,0x10,0xFF,0xF7,0x00,0x0F,0x16,0x10,0x00,0x0D,
0x12,0x0B,0x1D,0x0F,0xFF,0xF7,0x01,0x0F,0x16,0x10,0x00,0x0D,0x12,0x0B,0x1D,0x0F,
0xFF,0xF7,0x00,0x1D,0x16,0x0B,0x17,0x00,0x12,0x0B,0x1C,0x20,0x0F,0x1D,0x1E,0xFF,
0xF7,0x01,0x1D,0x16,0x0B,0x17,0x00,0x12,0x0B,0x1C,0x20,0x0F,0x1D,0x1E,0xFF,0xF7,
0x00,0x0F,0x18,0x0F,0x1C,0x11,0x23,0x00,0x16,0x0B,0x0C,0xFF,0xF7,0x01,0x0F,0x18,
0x0F,0x1C,0x11,0x23,0x00,0x16,0x0B,0x0C,0xFF,0x17,0x39,0x41,0x3A,0x29,0x38,0x29,
0x00,0x27,0x33,0x32,0x00,0xD4,0x0D,0x33,0x32,0x38,0x36,0x33,0x30,0xFC,0x1A,0x25,
0x28,0x00,0x3D,0x00,0x27,0x33,0x36,0x38,0x25,0x00,0x2C,0x2D,0x29,0x36,0x26,0x25,
0xFC,0x27,0x33,0x32,0x00,0x0C,0x00,0x0C,0x39,0x38,0x38,0x33,0x32,0xE5,0x00,0x0D,
0x33,0x36,0x38,0x25,0xFC,0x25,0x32,0x38,0x29,0x37,0x00,0x34,0x25,0x36,0x25,0x00,
0x31,0x40,0x37,0x00,0x34,0x38,0x37,0xE5,0xFC,0x0B,0x38,0x36,0x25,0x34,0x25,0x00,
0x30,0x2D,0x26,0x41,0x30,0x39,0x30,0x25,0x37,0xFC,0x17,0x29,0x27,0x25,0x32,0x2D,
0x30,0x33,0x2D,0x28,0x29,0x00,0x34,0x25,0x36,0x25,0x00,0x34,0x38,0x37,0xE5,0xFC,
0x29,0x3C,0x38,0x36,0x25,0x00,0x29,0x32,0x00,0x07,0x01,0x00,0x37,0x29,0x2B,0xE5,
0xFF,0x1E,0x33,0x31,0x25,0x00,0x26,0x33,0x30,0x25,0x37,0x00,0x36,0x33,0x28,0x25,
0x32,0x38,0x29,0x37,0x00,0x27,0x33,0x32,0xFC,0x24,0x29,0x36,0x33,0x00,0x15,0x32,
0x39,0x27,0x2F,0x30,0x29,0x00,0x3D,0x00,0x34,0x33,0x32,0x30,0x25,0x37,0xFC,0x29,
0x32,0x00,0x30,0x25,0x00,0x31,0x29,0x38,0x25,0xE5,0x00,0x17,0x39,0x41,0x3A,0x29,
0x38,0x29,0x00,0x27,0x33,0x32,0xFC,0xD4,0x0D,0x33,0x32,0x38,0x36,0x33,0x30,0x00,
0x1A,0x25,0x28,0xE5,0xFC,0x0B,0x00,0x0C,0x39,0x38,0x38,0x33,0x32,0xDB,0x37,0x25,
0x30,0x38,0x25,0x36,0xFC,0x0C,0x00,0x0C,0x39,0x38,0x38,0x33,0x32,0xDB,0x38,0x33,
0x31,0x25,0x36,0xD8,0x37,0x33,0x30,0x38,0x25,0x36,0xFC,0x1E,0x2D,0x29,0x31,0x34,
0x33,0x00,0x30,0x42,0x31,0x2D,0x38,0x29,0xD9,0x00,0x07,0x01,0x00,0x37,0x29,0x2B,
0xE5,0xFF,0x17,0x39,0x41,0x3A,0x29,0x38,0x29,0x00,0x27,0x33,0x32,0x00,0xD4,0x0D,
0x33,0x32,0x38,0x36,0x33,0x30,0xFC,0x1A,0x25,0x28,0xE5,0x00,0x0D,0x33,0x36,0x38,
0x25,0x00,0x38,0x36,0x33,0x32,0x27,0x33,0x37,0xFC,0x35,0x39,0x29,0x00,0x27,0x25,
0x29,0x32,0x00,0x27,0x33,0x32,0x00,0x0C,0x00,0x0C,0x39,0x38,0x38,0x33,0x32,0xE5,
0xFC,0x0D,0x33,0x36,0x38,0x25,0x00,0x25,0x30,0x00,0x27,0x29,0x32,0x38,0x36,0x33,
0x00,0x34,0x25,0x36,0x25,0xFC,0x31,0x40,0x37,0x00,0x34,0x38,0x37,0xE5,0x00,0x0C,
0x33,0x31,0x26,0x25,0x37,0xFC,0x29,0x3C,0x34,0x30,0x33,0x38,0x25,0x32,0x00,0x3D,
0x00,0x35,0x39,0x2D,0x38,0x25,0x32,0xFC,0x38,0x2D,0x29,0x31,0x34,0x33,0xE5,0x00,
0x16,0x42,0x31,0x2D,0x38,0x29,0xD9,0x00,0x07,0x01,0x00,0x37,0x29,0x2B,0xE5,0xFF,
0x17,0x39,0x41,0x3A,0x29,0x38,0x29,0x00,0x27,0x33,0x32,0x00,0xD4,0x0D,0x33,0x32,
0x38,0x36,0x33,0x30,0xFC,0x1A,0x25,0x28,0xE5,0x00,0x0B,0x34,0x25,0x2B,0x25,0x00,
0x30,0x30,0x25,0x31,0x25,0x37,0x00,0x27,0x33,0x32,0xFC,0x0C,0x00,0x0C,0x39,0x38,
0x38,0x33,0x32,0xE5,0xFC,0x0B,0x00,0x0C,0x39,0x38,0x38,0x33,0x32,0xDB,0x37,0x25,
0x30,0x38,0x25,0x36,0xE5,0xFC,0x0B,0x34,0x25,0x2B,0x25,0x00,0x34,0x36,0x33,0x32,
0x38,0x33,0x00,0x34,0x25,0x36,0x25,0x00,0x31,0x40,0x37,0xFC,0x34,0x38,0x37,0xE5,
0x00,0x17,0x25,0x32,0x38,0x29,0x32,0x38,0x29,0x00,0x2A,0x36,0x42,0x33,0x00,0x33,
0xFC,0x34,0x2D,0x29,0x36,0x28,0x29,0x37,0x00,0x38,0x2D,0x29,0x31,0x34,0x33,0xE5,
0x00,0x07,0x01,0x00,0x37,0x29,0x2B,0xE5,0xFF,0x17,0x39,0x41,0x3A,0x29,0x38,0x29,
0x00,0x27,0x33,0x32,0x00,0xD4,0x0D,0x33,0x32,0x38,0x36,0x33,0x30,0xFC,0x1A,0x25,
0x28,0xE5,0x00,0x11,0x39,0x42,0x25,0x00,0x25,0x30,0x00,0x29,0x30,0x2A,0x33,0xFC,
0x27,0x2C,0x25,0x38,0x25,0x36,0x36,0x25,0x00,0x2C,0x25,0x27,0x2D,0x25,0x00,0x30,
0x25,0x00,0x30,0x39,0x3E,0xFC,0x27,0x33,0x32,0x00,0x30,0x25,0x00,0x30,0x40,0x31,
0x34,0x25,0x36,0x25,0xE5,0xFC,0x0B,0x00,0x0C,0x39,0x38,0x38,0x33,0x32,0xDB,0x37,
0x25,0x30,0x38,0x25,0x36,0xFC,0x0C,0x00,0x0C,0x39,0x38,0x38,0x33,0x32,0xDB,0x2D,
0x30,0x39,0x31,0x2D,0x32,0x25,0x36,0xFC,0x16,0x42,0x31,0x2D,0x38,0x29,0xD9,0x00,
0x07,0x01,0x00,0x37,0x29,0x2B,0xE5,0xFF,0x17,0x39,0x41,0x3A,0x29,0x38,0x29,0x00,
0x27,0x33,0x32,0x00,0xD4,0x0D,0x33,0x32,0x38,0x36,0x33,0x30,0xFC,0x1A,0x25,0x28,
0xE5,0x00,0x1C,0x33,0x31,0x34,0x29,0x00,0x2D,0x32,0x38,0x29,0x36,0x36,0x39,0x34,
0x38,0x33,0x36,0x29,0x37,0xFC,0x3D,0x00,0x38,0x33,0x31,0x25,0x00,0x33,0x26,0x2E,
0x29,0x38,0x33,0x37,0xE5,0x0B,0x00,0x0C,0x39,0x38,0x38,0x33,0x32,0xDB,0xFC,0x37,
0x25,0x30,0x38,0x25,0x36,0xE5,0x0C,0x00,0x0C,0x39,0x38,0x38,0x33,0x32,0xDB,0x31,
0x25,0x36,0x38,0x2D,0x30,0x30,0x33,0xFC,0x1E,0x25,0x31,0x25,0x4C,0x33,0x00,0x28,
0x25,0x00,0x34,0x38,0x37,0xE5,0x00,0x1A,0x2D,0x32,0x27,0x2C,0x33,0x37,0xFC,0x36,
0x29,0x37,0x38,0x25,0x32,0x00,0x38,0x2D,0x29,0x31,0x34,0x33,0x00,0x3D,0x00,0x37,
0x29,0x00,0x36,0x33,0x31,0x34,0x29,0x32,0xE5,0xFC,0x16,0x42,0x31,0x2D,0x38,0x29,
0xD9,0x00,0x07,0x01,0x00,0x37,0x29,0x2B,0xE5,0xFF,0x17,0x39,0x41,0x3A,0x29,0x38,
0x29,0x00,0x27,0x33,0x32,0x00,0xD4,0x0D,0x33,0x32,0x38,0x36,0x33,0x30,0xFC,0x1A,
0x25,0x28,0xE5,0x1B,0x39,0x2D,0x38,0x25,0x00,0x34,0x2D,0x29,0x3E,0x25,0x37,0x00,
0x27,0x33,0x32,0xFC,0x0C,0x00,0x0C,0x39,0x38,0x38,0x33,0x32,0xE5,0xFC,0x0B,0x00,
0x0C,0x39,0x38,0x38,0x33,0x32,0xDB,0x37,0x25,0x30,0x38,0x25,0x36,0xFC,0x1A,0x39,
0x30,0x37,0x25,0x00,0x0C,0x00,0x0C,0x39,0x38,0x38,0x33,0x32,0x00,0x33,0x38,0x36,
0x25,0x00,0x3A,0x29,0x3E,0xFC,0x34,0x25,0x36,0x25,0x00,0x31,0x33,0x3A,0x29,0x36,
0x00,0x30,0x25,0x00,0x34,0x2D,0x29,0x3E,0x25,0xE5,0xFC,0x1F,0x32,0x29,0x00,0x34,
0x25,0x36,0x25,0x00,0x28,0x29,0x37,0x38,0x36,0x39,0x2D,0x36,0xE5,0x00,0x0A,0x01,
0x00,0x37,0x29,0x2B,0xE5,0xFF,0xF2,0x1C,0x0F,0x11,0x16,0x0B,0x1D,0xF1,0xFF,0x0B,
0x34,0x34,0x32,0x29,0x38,0xFF,0x0B,0x36,0x27,0x0D,0x25,0x32,0x32,0x33,0x32,0xFF,
0x0B,0x3C,0x29,0x30,0x33,0x2D,0x28,0xFF,0x0C,0x29,0x25,0x31,0x21,0x25,0x30,0x2F,
0x29,0x36,0xFF,0x0C,0x29,0x29,0x32,0x29,0x36,0x25,0x32,0xFF,0x0C,0x33,0x31,0x26,
0x25,0x28,0x29,0x29,0x36,0xFF,0x0C,0x33,0x32,0x2B,0x25,0x30,0xFF,0x0C,0x33,0x32,
0x37,0x29,0x27,0x38,0xFF,0x0D,0xD6,0x12,0x33,0x34,0x34,0x29,0x36,0xFF,0x0D,0x33,
0x27,0x25,0x1A,0x33,0x39,0x30,0x29,0x38,0xFF,0x0D,0x36,0x33,0x37,0x37,0x26,0x3D,
0x32,0x29,0xFF,0x0D,0x36,0x3D,0x33,0x18,0x29,0x33,0x32,0xFF,0x0F,0xD6,0x16,0x25,
0x37,0x29,0x36,0xFF,0x0F,0x30,0x29,0x0E,0x29,0x37,0x29,0x36,0x38,0x29,0x36,0xFF,
0x10,0x25,0x2D,0x38,0x25,0x30,0xFF,0x11,0x25,0x32,0x2B,0x25,0x11,0x39,0x32,0xFF,
0x11,0x30,0x25,0x27,0x2D,0x25,0x30,0xFF,0x11,0x30,0x25,0x37,0x37,0x0D,0x25,0x32,
0x32,0x33,0x32,0xFF,0x11,0x3D,0x36,0x25,0x38,0x33,0x36,0xFF,0x11,0x3D,0x36,0x33,
0x0D,0x25,0x32,0x32,0x33,0x32,0x12,0xFF,0x12,0x29,0x27,0x2C,0x36,0x3D,0x37,0x38,
0x25,0xFF,0x15,0x29,0x36,0x26,0x29,0x36,0x33,0x37,0xFF,0x15,0x29,0x36,0x33,0x37,
0x2C,0xFF,0x16,0x25,0x31,0x34,0x30,0x33,0x36,0x38,0x22,0xFF,0x17,0x25,0x2B,0x32,
0x29,0x17,0x2D,0x32,0x29,0x18,0xFF,0x17,0x25,0x2B,0x32,0x29,0x17,0x2D,0x32,0x29,
0x1D,0xFF,0x17,0x25,0x2B,0x32,0x29,0x1A,0x25,0x18,0xFF,0x17,0x25,0x2B,0x32,0x29,
0x1A,0x25,0x1D,0xFF,0x17,0x29,0x27,0x2C,0x25,0x31,0x29,0x37,0x33,0x32,0xFF,0x17,
0x29,0x28,0x39,0x12,0x33,0x34,0x34,0x29,0x36,0xFF,0x17,0x29,0x38,0x38,0x25,0x39,
0x36,0xFF,0x17,0x2D,0x32,0x2D,0x0D,0x36,0x25,0x26,0x25,0x32,0x0C,0xFF,0x17,0x2D,
0x32,0x2D,0x0D,0x36,0x25,0x26,0x25,0x32,0x1C,0xFF,0x17,0x33,0x30,0x29,0x2B,0x39,
0x30,0x29,0xFF,0x17,0x33,0x30,0x33,0x2D,0x28,0xFF,0x18,0x2D,0x27,0x33,0x37,0x0D,
0x36,0x25,0x26,0x0C,0xFF,0x18,0x2D,0x27,0x33,0x37,0x0D,0x36,0x25,0x26,0x0D,0xFF,
0x18,0x29,0x29,0x28,0x0C,0x25,0x30,0x30,0x33,0x33,0x32,0xFF,0x1A,0xE5,0x0D,0x33,
0x36,0x34,0x37,0x29,0xFF,0x1A,0x29,0x27,0x2C,0x1A,0x36,0x2D,0x27,0x2F,0x29,0x36,
0xFF,0x1A,0x29,0x38,0x2D,0x38,0x18,0x29,0x38,0xFF,0x1A,0x33,0x34,0x30,0x25,0x32,
0xFF,0x1C,0x25,0x2D,0x2F,0x29,0x32,0xFF,0x1C,0x0C,0x0D,0x25,0x32,0x32,0x33,0x32,
0xFF,0x1C,0x29,0x2A,0x30,0x29,0x0C,0x29,0x29,0x31,0x29,0x36,0xFF,0x1D,0x25,0x32,
0x28,0x0E,0x33,0x3E,0x29,0x36,0xFF,0x1D,0x27,0x36,0x25,0x34,0x0F,0x30,0x2A,0xFF,
0x1D,0x29,0x36,0x34,0x29,0x32,0x38,0x11,0x29,0x25,0x36,0xFF,0x1E,0x29,0x30,0x30,
0x3D,0x0C,0x33,0x31,0x26,0xFF,0x1E,0x36,0x2D,0x25,0x2A,0x33,0x36,0x31,0x29,0x36,
0xFF,0x1E,0x36,0x2D,0x1C,0x25,0x3D,0xFF,0x20,0xE5,0x0D,0x30,0x25,0x3B,0xFF,0x20,
0xE5,0x10,0x29,0x32,0x27,0x29,0x36,0xFF,0x20,0xE5,0x10,0x2D,0x36,0x29,0xFF,0x20,
0xE5,0x17,0x2D,0x37,0x37,0x2D,0x30,0x29,0xFF,0x23,0x25,0x28,0x33,0x2F,0x36,0x33,
0x2D,0x28,0xFF,0x0D,0x25,0x36,0x32,0x25,0x2B,0x29,0x00,0x01,0xFF,0x0D,0x36,0x25,
0x2A,0x38,0xFF,0x0D,0x3D,0x26,0x25,0x30,0x30,0xFF,0x10,0xE5,0x16,0x39,0x32,0x25,
0x29,0x28,0x2B,0x29,0xFF,0x12,0xE5,0x11,0x29,0x32,0x26,0x30,0x29,0x31,0xFF,0x17,
0xE5,0x17,0x25,0x2B,0x32,0x39,0x37,0xFF,0x18,0xE5,0x17,0x25,0x32,0x28,0x36,0x25,
0x2B,0x33,0xFF,0x1A,0xE5,0x0D,0x33,0x27,0x25,0x34,0x29,0x38,0x36,0x2D,0xFF,0x1A,
0xE5,0x0F,0x27,0x30,0x25,0x2D,0x36,0xFF,0x1C,0xE5,0x0C,0x25,0x32,0x28,0x25,0x31,
0xFF,0x1D,0xE5,0x1E,0x2D,0x38,0x25,0x32,0x2D,0x33,0x32,0xFF,0x1D,0x39,0x26,0x00,
0x0D,0x33,0x36,0x29,0xFF,0x1E,0xE5,0x15,0x36,0x25,0x2F,0x29,0x32,0xFF,0x1E,0x2C,
0x29,0x11,0x2D,0x25,0x32,0x38,0xFF,0x21,0x29,0x2D,0x30,0xD1,0x10,0x33,0x36,0x31,
0x02,0xD2,0xFF,0x21,0x29,0x2D,0x30,0xD1,0x10,0x33,0x36,0x31,0x03,0xD2,0xFF,0x0D,
0x30,0x25,0x26,0x25,0x32,0x2B,0x29,0x36,0x18,0x1D,0xFF,0x10,0x2D,0x36,0x29,0x1C,
0x29,0x32,0x25,0x32,0x38,0xFF,0x11,0x29,0x25,0x36,0x0C,0x25,0x32,0x2F,0xFF,0x1C,
0x2D,0x26,0x33,0x34,0x37,0xFF,0x1D,0x34,0x3D,0x16,0x25,0x36,0x39,0x29,0x0F,0xFF,
0x1D,0x34,0x3D,0x16,0x25,0x36,0x39,0x29,0x10,0xFF,0x1D,0x34,0x3D,0x16,0x25,0x36,
0x39,0x29,0x13,0xFF,0x1E,0x3D,0x36,0x2D,0x32,0x29,0xFF,0x0B,0x30,0x33,0x39,0x29,
0x38,0x38,0x29,0xFF,0x0C,0x36,0x2D,0x37,0x29,0xFF,0x0D,0x25,0x36,0x25,0x3A,0x25,
0x32,0x29,0x36,0xFF,0x0D,0x29,0x36,0x3A,0x29,0x25,0x39,0xFF,0x0D,0x2D,0x29,0x30,
0xFF,0x0D,0x33,0x30,0x26,0x33,0x36,0xFF,0x10,0x25,0x39,0x27,0x33,0x32,0xFF,0x12,
0x2D,0x36,0x33,0x32,0x28,0x29,0x30,0x30,0x29,0xFF,0x18,0x29,0x2D,0x2B,0x29,0xFF,
0x1C,0x25,0x2A,0x25,0x30,0x29,0xFF,0x1C,0x33,0x39,0x2B,0x29,0xFF,0x1E,0x29,0x31,
0x34,0x29,0x38,0x29,0xFF,0x1E,0x33,0x36,0x32,0x25,0x28,0x33,0xFF,0x1E,0x3D,0x34,
0x2C,0x33,0x32,0xFF,0x21,0x29,0x2D,0x30,0xD1,0x18,0x33,0x36,0x31,0xD2,0xFF,0x24,
0x29,0x36,0x33,0xFF,0x0E,0x25,0x38,0x33,0x37,0x00,0x28,0x29,0x30,0xFC,0x2E,0x29,
0x2A,0x29,0xFF,0x0E,0x25,0x38,0x33,0x37,0x00,0x28,0x29,0x30,0xFC,0x37,0x39,0x26,
0x2E,0x29,0x2A,0x29,0xFF,0x0E,0x25,0x38,0x33,0x37,0x00,0x28,0x29,0x30,0xFC,0x29,
0x32,0x29,0x31,0x2D,0x2B,0x33,0xFF,0x0E,0x25,0x38,0x33,0x37,0x00,0x28,0x29,0xFC,
0x34,0x29,0x36,0x37,0x33,0x32,0x25,0x2E,0x29,0x37,0xFF,0x16,0x30,0x29,0x2B,0x25,
0x00,0x37,0x2D,0xFC,0x25,0x38,0x25,0x35,0x39,0x29,0x00,0x31,0x2D,0x29,0x30,0xFC,
0x28,0x29,0x00,0x17,0x25,0x32,0x28,0x36,0x25,0x2B,0x33,0xFC,0x25,0x27,0x2D,0x29,
0x36,0x38,0x25,0xE5,0xFC,0x18,0x33,0x00,0x28,0x25,0xFC,0x34,0x2D,0x29,0x3E,0x25,
0x37,0xE5,0xFF,0x0D,0x25,0x4C,0x43,0x32,0x00,0x29,0x32,0xFC,0x38,0x29,0x27,0x2C,
0x33,0xE8,0xFC,0x34,0x25,0x36,0x29,0x28,0x00,0x33,0xFC,0x37,0x39,0x29,0x30,0x33,
0xE5,0xFF,0x1D,0x2C,0x33,0x38,0x30,0x33,0x2D,0x28,0xFC,0x31,0x33,0x28,0x2D,0x2A,
0x2D,0x27,0x25,0x28,0x33,0xFC,0x34,0x25,0x36,0x25,0x00,0x38,0x25,0x30,0x25,0x36,
0xFC,0x31,0x25,0x28,0x29,0x36,0x25,0xE5,0xFF,0x17,0x29,0x27,0x25,0x32,0x2D,0x30,
0x33,0x2D,0x28,0x29,0xFC,0x27,0x25,0x31,0x2D,0x32,0x25,0x00,0x29,0x32,0xFC,0x38,
0x29,0x27,0x2C,0x33,0x00,0x33,0xFC,0x37,0x39,0x29,0x30,0x33,0xE5,0xFC,0x0E,0x2D,
0x37,0x34,0x25,0x36,0x25,0xFC,0x36,0x25,0x3D,0x33,0x37,0xE5,0xFF,0x17,0x29,0x27,
0x25,0x32,0x2D,0x30,0x33,0x2D,0x28,0x29,0xFC,0x28,0x29,0x30,0x00,0x26,0x33,0x37,
0x35,0x39,0x29,0xFC,0x37,0x39,0x26,0x38,0x29,0x36,0x36,0x40,0x32,0x29,0x33,0xE5,
0xFC,0x0D,0x25,0x31,0x26,0x2D,0x25,0x00,0x27,0x33,0x32,0xFC,0x29,0x30,0x00,0x27,
0x30,0x2D,0x31,0x25,0xE5,0xFF,0x16,0x25,0x32,0x3E,0x25,0x28,0x33,0x00,0x34,0x33,
0x36,0xFC,0x17,0x29,0x27,0x2C,0x25,0x31,0x29,0x37,0x33,0x32,0xE5,0xFC,0x1A,0x33,
0x32,0x29,0x00,0x26,0x33,0x31,0x26,0x25,0x37,0xFC,0x29,0x32,0x00,0x37,0x39,0x29,
0x30,0x33,0xE5,0xFF,0x17,0x29,0x27,0x25,0x32,0x2D,0x30,0x33,0x2D,0x28,0x29,0xFC,
0x30,0x25,0x32,0x3E,0x25,0x00,0x26,0x33,0x31,0x26,0x25,0x37,0xFC,0x28,0x29,0x37,
0x28,0x29,0xFC,0x25,0x36,0x36,0x2D,0x26,0x25,0xE5,0xFF,0x0C,0x33,0x31,0x26,0x25,
0x00,0x35,0x39,0x29,0xFC,0x3A,0x39,0x29,0x30,0x25,0x00,0x25,0x30,0xFC,0x33,0x26,
0x2E,0x29,0x38,0x2D,0x3A,0x33,0xE5,0xFC,0x20,0x25,0x36,0x2D,0x33,0x37,0xFC,0x38,
0x25,0x31,0x25,0x4C,0x33,0x37,0xE5,0xFF,0x10,0x2D,0x2E,0x33,0x00,0x29,0x32,0xFC,
0x38,0x29,0x27,0x2C,0x33,0x00,0x33,0xFC,0x37,0x39,0x29,0x30,0x33,0xE5,0xFC,0x11,
0x36,0x25,0x32,0x00,0x36,0x25,0x32,0x2B,0x33,0xFC,0x28,0x29,0x00,0x28,0x2D,0x37,
0x34,0x25,0x36,0x33,0xE5,0xFF,0x17,0x40,0x35,0x39,0x2D,0x32,0x25,0x37,0x00,0x28,
0x29,0xFC,0x1A,0x33,0x34,0x30,0x25,0xFC,0x0D,0x33,0x27,0x25,0x34,0x29,0x38,0x36,
0x2D,0xE5,0xFC,0x18,0x33,0x00,0x28,0x25,0x32,0xFC,0x34,0x2D,0x29,0x3E,0x25,0x37,
0xE5,0xFF,0x1D,0x29,0x00,0x38,0x29,0x30,0x29,0x34,0x33,0x36,0x38,0x25,0xFC,0x3D,
0x00,0x28,0x2D,0x37,0x34,0x25,0x36,0x25,0x00,0x29,0x32,0xFC,0x33,0x27,0x2C,0x33,
0x00,0x28,0x2D,0x36,0x29,0x27,0x27,0xE5,0xFF,0x1A,0x36,0x33,0x3D,0x29,0x27,0x38,
0x33,0x36,0xFC,0x2C,0x33,0x30,0x33,0x2B,0x36,0x25,0x31,0x25,0xFC,0x0D,0x33,0x32,
0x3A,0x29,0x36,0x38,0x2D,0x28,0x33,0xE5,0xFC,0x0E,0x2D,0x37,0x34,0x25,0x36,0x25,
0xFC,0x29,0x30,0x29,0x27,0xE5,0x00,0x28,0x29,0x37,0x28,0x29,0xFC,0x37,0x39,0x00,
0x32,0x44,0x27,0x30,0x29,0x33,0xE5,0xFF,0x0F,0x32,0x00,0x34,0x25,0x36,0x29,0x28,
0xE8,0xFC,0x27,0x25,0x36,0x2B,0x25,0x00,0x3D,0xFC,0x28,0x2D,0x37,0x34,0x25,0x36,
0x25,0xFC,0x30,0x40,0x37,0x29,0x36,0xE5,0xFF,0x17,0x29,0x27,0x25,0x32,0x2D,0x30,
0x33,0x2D,0x28,0x29,0x37,0xFC,0x29,0x3C,0x34,0x39,0x30,0x37,0x25,0x28,0x33,0x37,
0xFC,0x34,0x33,0x36,0xFC,0x17,0x29,0x27,0x2C,0x25,0x31,0x29,0x37,0x33,0x32,0xE5,
0xFC,0x16,0x25,0x32,0x3E,0x25,0x00,0x26,0x33,0x30,0x25,0x37,0xFC,0x29,0x30,0x41,
0x27,0x38,0x36,0x2D,0x27,0x25,0x37,0xE5,0xFF,0x17,0x29,0x27,0x25,0x32,0x2D,0x30,
0x33,0x2D,0x28,0x29,0xFC,0x37,0x29,0x00,0x29,0x3C,0x34,0x25,0x32,0x28,0x29,0xFC,
0x3D,0x00,0x27,0x33,0x32,0x38,0x36,0x25,0x29,0xE5,0xFC,0x1A,0x39,0x29,0x28,0x29,
0x37,0xFC,0x34,0x25,0x36,0x25,0x36,0x38,0x29,0x00,0x29,0x32,0xFC,0x41,0x30,0xE5,
0xFF,0x17,0x29,0x27,0x25,0x32,0x2D,0x30,0x33,0x2D,0x28,0x29,0xFC,0x28,0x2D,0x37,
0x29,0x4C,0x25,0x28,0x33,0xFC,0x34,0x25,0x36,0x25,0x00,0x27,0x25,0x3A,0x25,0x36,
0xE5,0xFC,0x16,0x25,0x32,0x3E,0x25,0xFC,0x29,0x37,0x27,0x33,0x31,0x26,0x36,0x33,
0x37,0xE5,0xFF,0x17,0x29,0x27,0x25,0x32,0x2D,0x30,0x33,0x2D,0x28,0x29,0xFC,0x31,
0x43,0x3A,0x2D,0x30,0xE5,0xFC,0x0E,0x2D,0x37,0x34,0x25,0x36,0x25,0xFC,0x34,0x36,
0x33,0x3D,0x29,0x27,0x38,0x2D,0x30,0x29,0x37,0xFC,0x28,0x29,0x00,0x2C,0x2D,0x29,
0x30,0x33,0xE5,0xFF,0x1C,0x33,0x28,0x29,0x25,0x00,0x25,0xFC,0x1E,0x3D,0x36,0x2D,
0x32,0x29,0x00,0x29,0x32,0xFC,0x37,0x33,0x30,0xFC,0x25,0x36,0x38,0x2D,0x2A,0x2D,
0x27,0x2D,0x25,0x30,0xE5,0xFF,0x17,0x29,0x27,0x25,0x32,0x2D,0x30,0x33,0x2D,0x28,
0x29,0xFC,0x35,0x39,0x29,0x00,0x3A,0x2D,0x2B,0x2D,0x30,0x25,0xFC,0x30,0x42,0x32,
0x29,0x25,0x37,0x00,0x28,0x29,0xFC,0x29,0x32,0x29,0x36,0x2B,0x42,0x25,0xE5,0xFC,
0x1D,0x29,0x00,0x28,0x29,0x38,0x2D,0x29,0x32,0x29,0xFC,0x27,0x33,0x32,0x00,0x28,
0x25,0x4C,0x33,0xE5,0xFF,0x20,0x39,0x29,0x30,0x25,0x00,0x3D,0xFC,0x28,0x2D,0x37,
0x34,0x25,0x36,0x25,0x00,0x29,0x32,0xFC,0x28,0x33,0x37,0xFC,0x37,0x29,0x32,0x38,
0x2D,0x28,0x33,0x37,0xE5,0xFC,0x1D,0x29,0x00,0x27,0x39,0x29,0x30,0x2B,0x25,0x00,
0x28,0x29,0xFC,0x39,0x32,0x25,0x00,0x2C,0x41,0x30,0x2D,0x27,0x29,0xE5,0xFF,0x0F,
0x3C,0x34,0x39,0x30,0x37,0x25,0x28,0x33,0x00,0x28,0x29,0xFC,0x17,0x29,0x27,0x2C,
0x25,0x31,0x29,0x37,0x33,0x32,0xE5,0xFC,0x0E,0x2D,0x37,0x34,0x25,0x36,0x25,0xFC,
0x2C,0x2D,0x29,0x30,0x33,0x00,0x29,0x32,0xFC,0x37,0x29,0x2D,0x37,0x00,0x28,0x2D,
0x36,0xE5,0xFF,0x17,0x29,0x27,0x25,0x32,0x2D,0x30,0x33,0x2D,0x28,0x29,0xFC,0x27,
0x33,0x36,0x36,0x29,0x28,0x33,0x36,0xE5,0xFC,0x1D,0x25,0x30,0x38,0x25,0xFC,0x33,
0x26,0x37,0x38,0x40,0x27,0x39,0x30,0x33,0x37,0xE5,0xFF,0x18,0x25,0x28,0x25,0x00,
0x3D,0xFC,0x25,0x38,0x25,0x27,0x25,0x00,0x27,0x33,0x32,0xFC,0x30,0x29,0x32,0x2B,
0x39,0x25,0xE5,0xFF,0x17,0x29,0x27,0x25,0x32,0x2D,0x30,0x33,0x2D,0x28,0x29,0xFC,
0x28,0x2D,0x37,0x29,0x4C,0x25,0x28,0x33,0xFC,0x34,0x25,0x36,0x25,0x00,0x35,0x39,
0x29,0x31,0x25,0x36,0xFC,0x26,0x25,0x37,0x39,0x36,0x25,0xE5,0xFF,0x17,0x2D,0x32,
0x25,0xFC,0x2A,0x30,0x33,0x38,0x25,0x32,0x38,0x29,0xFC,0x27,0x33,0x32,0x00,0x2D,
0x31,0x40,0x32,0xE5,0xFC,0x0E,0x29,0x37,0x3A,0x42,0x25,0x00,0x27,0x33,0x32,0xFC,
0x17,0x25,0x2B,0x1A,0x39,0x32,0x27,0x2C,0x18,0xE5,0xFC,0x18,0x33,0x00,0x34,0x2D,
0x29,0x3E,0x25,0x37,0xE5,0xFF,0x17,0x2D,0x32,0x25,0xFC,0x2A,0x30,0x33,0x38,0x25,
0x32,0x38,0x29,0xFC,0x27,0x33,0x32,0x00,0x2D,0x31,0x40,0x32,0xE5,0xFC,0x0E,0x29,
0x37,0x3A,0x42,0x25,0x00,0x27,0x33,0x32,0xFC,0x17,0x25,0x2B,0x1A,0x39,0x32,0x27,
0x2C,0x1D,0xE5,0xFC,0x18,0x33,0x00,0x34,0x2D,0x29,0x3E,0x25,0x37,0xE5,0xFF,0x1A,
0x36,0x33,0x38,0x29,0x2B,0x29,0xFC,0x3E,0x33,0x32,0x25,0x00,0x31,0x25,0x2B,0x32,
0xE5,0xFC,0x27,0x33,0x32,0x00,0x17,0x25,0x2B,0x32,0x29,0x1A,0x25,0x1D,0xFC,0x28,
0x29,0x00,0x27,0x33,0x30,0x33,0x36,0xFC,0x25,0x3E,0x39,0x30,0xE5,0xFF,0x1A,0x36,
0x33,0x38,0x29,0x2B,0x29,0xFC,0x3E,0x33,0x32,0x25,0x00,0x31,0x25,0x2B,0x32,0xE5,
0xFC,0x27,0x33,0x32,0x00,0x17,0x25,0x2B,0x32,0x29,0x1A,0x25,0x18,0xFC,0x28,0x29,
0x00,0x27,0x33,0x30,0x33,0x36,0xFC,0x36,0x33,0x2E,0x33,0xE5,0xFF,0x16,0x25,0x32,
0x3E,0x25,0x00,0x38,0x36,0x29,0x37,0xFC,0x38,0x2D,0x34,0x33,0x37,0x00,0x28,0x29,
0xFC,0x17,0x29,0x27,0x25,0x32,0x2D,0x30,0x33,0x2D,0x28,0x29,0xE5,0xFF,0x17,0x29,
0x27,0x25,0x32,0x2D,0x30,0x33,0x2D,0x28,0x29,0xFC,0x35,0x39,0x29,0x00,0x37,0x25,
0x30,0x38,0x25,0x00,0x3D,0xFC,0x28,0x2D,0x37,0x34,0x25,0x36,0x25,0xFC,0x2C,0x25,
0x27,0x2D,0x25,0x00,0x25,0x31,0x26,0x33,0x37,0xFC,0x30,0x25,0x28,0x33,0x37,0xE5,
0xFF,0x17,0x29,0x27,0x25,0x32,0x2D,0x30,0x33,0x2D,0x28,0x29,0xFC,0x25,0x32,0x38,
0x2D,0x2B,0x39,0x33,0xE5,0xFC,0x13,0x32,0x31,0x39,0x32,0x29,0x00,0x25,0xFC,0x25,
0x38,0x25,0x35,0x39,0x29,0x37,0xFC,0x25,0x30,0x00,0x29,0x37,0x38,0x25,0x36,0xFC,
0x27,0x29,0x36,0x36,0x25,0x28,0x33,0xE5,0xFF,0x0D,0x30,0x25,0x26,0x25,0x32,0x2B,
0x29,0x36,0x18,0x1D,0xFC,0x29,0x32,0x3A,0x42,0x25,0x00,0x29,0x37,0x38,0x29,0xFC,
0x17,0x29,0x27,0x25,0x32,0x2D,0x30,0x33,0x2D,0x28,0x29,0xE5,0xFC,0x0F,0x3C,0x34,
0x30,0x33,0x38,0x25,0x00,0x37,0x2D,0xFC,0x27,0x2C,0x33,0x27,0x25,0x00,0x27,0x33,
0x32,0xFC,0x17,0x2D,0x32,0x2D,0x0D,0x36,0x25,0x26,0x25,0x32,0x1C,0xE5,0xFF,0x0D,
0x30,0x25,0x26,0x25,0x32,0x2B,0x29,0x36,0x18,0x1D,0xFC,0x29,0x32,0x3A,0x42,0x25,
0x00,0x29,0x37,0x38,0x29,0xFC,0x17,0x29,0x27,0x25,0x32,0x2D,0x30,0x33,0x2D,0x28,
0x29,0xE5,0xFC,0x0F,0x3C,0x34,0x30,0x33,0x38,0x25,0x00,0x37,0x2D,0xFC,0x27,0x2C,
0x33,0x27,0x25,0x00,0x27,0x33,0x32,0xFC,0x17,0x2D,0x32,0x2D,0x0D,0x36,0x25,0x26,
0x25,0x32,0x0C,0xE5,0xFF,0x1E,0x33,0x34,0x33,0x00,0x35,0x39,0x29,0xFC,0x25,0x37,
0x33,0x31,0x25,0x00,0x28,0x29,0x30,0xFC,0x37,0x39,0x29,0x30,0x33,0x00,0x3D,0xFC,
0x28,0x2D,0x37,0x34,0x25,0x36,0x25,0xFC,0x38,0x25,0x30,0x25,0x28,0x36,0x33,0x37,
0xE5,0xFF,0x1D,0x2C,0x33,0x38,0x30,0x33,0x2D,0x28,0xFC,0x31,0x33,0x28,0x2D,0x2A,
0x2D,0x27,0x25,0x28,0x33,0xE5,0xFC,0x1F,0x37,0x25,0x00,0x31,0x25,0x36,0x38,0x2D,
0x30,0x30,0x33,0xFC,0x3D,0x00,0x30,0x25,0x32,0x3E,0x25,0xFC,0x25,0x2B,0x39,0x25,
0x00,0x27,0x33,0x32,0xFC,0x26,0x33,0x31,0x26,0x25,0x37,0xE5,0xFF,0x17,0x29,0x27,
0x25,0x32,0x2D,0x30,0x33,0x2D,0x28,0x29,0xFC,0x27,0x33,0x32,0x00,0x26,0x33,0x31,
0x26,0x25,0x37,0xFC,0x35,0x39,0x29,0x00,0x37,0x29,0xFC,0x28,0x2D,0x3A,0x2D,0x28,
0x29,0x32,0x00,0x29,0x32,0xFC,0x38,0x36,0x29,0x37,0xE5,0xFF,0x17,0x29,0x27,0x25,
0x32,0x2D,0x30,0x33,0x2D,0x28,0x29,0xFC,0x31,0x43,0x3A,0x2D,0x30,0x00,0x27,0x33,
0x32,0xFC,0x30,0x30,0x25,0x3A,0x29,0x37,0xE5,0xFC,0x18,0x33,0x00,0x28,0x25,0xFC,
0x34,0x2D,0x29,0x3E,0x25,0x37,0xE5,0xFF,0x17,0x29,0x27,0x25,0x32,0x2D,0x30,0x33,
0x2D,0x28,0x29,0xFC,0x38,0x2D,0x34,0x33,0x00,0x34,0x29,0x3E,0xFC,0x2B,0x30,0x33,
0x26,0x33,0xE5,0xFC,0x16,0x25,0x32,0x3E,0x25,0x00,0x34,0x44,0x25,0x37,0xFC,0x28,
0x29,0x30,0x00,0x27,0x39,0x29,0x36,0x34,0x33,0xE5,0xFF,0x1A,0x25,0x32,0x38,0x2C,
0x29,0x33,0x32,0x00,0x29,0x32,0xFC,0x27,0x40,0x31,0x25,0x36,0x25,0x00,0x28,0x29,
0xFC,0x2C,0x2D,0x26,0x29,0x36,0x32,0x25,0x27,0x2D,0x43,0x32,0xE5,0xFC,0x0F,0x30,
0x2A,0x33,0x37,0x00,0x30,0x33,0xFC,0x36,0x29,0x3A,0x2D,0x3A,0x29,0x32,0xE5,0xFF,
0x19,0x27,0x39,0x30,0x38,0x33,0x00,0x29,0x32,0xFC,0x2C,0x39,0x29,0x27,0x33,0x37,
0xE5,0xFC,0x18,0x33,0x00,0x34,0x39,0x29,0x28,0x29,0xFC,0x28,0x29,0x37,0x38,0x36,
0x39,0x2D,0x36,0x37,0x29,0xE5,0xFC,0x18,0x33,0x00,0x28,0x25,0xFC,0x34,0x2D,0x29,
0x3E,0x25,0x37,0xE5,0xFF,0x17,0x29,0x27,0x25,0x32,0x2D,0x30,0x33,0x2D,0x28,0x29,
0xFC,0x28,0x29,0x32,0x38,0x36,0x33,0x00,0x28,0x29,0xFC,0x0C,0x29,0x29,0x32,0x29,
0x36,0x25,0x32,0xE5,0xFC,0x18,0x33,0x00,0x28,0x25,0xFC,0x34,0x2D,0x29,0x3E,0x25,
0x37,0xE5,0xFF,0x17,0x29,0x27,0x25,0x32,0x2D,0x30,0x33,0x2D,0x28,0x29,0xFC,0x34,
0x30,0x25,0x32,0x38,0x25,0x00,0x28,0x41,0x26,0x2D,0x30,0xFC,0x25,0x30,0x00,0x2A,
0x39,0x29,0x2B,0x33,0xE5,0xFF,0x1C,0x39,0x29,0x28,0x25,0xFC,0x29,0x32,0x29,0x36,
0x2B,0x42,0x25,0x00,0x34,0x33,0x36,0xFC,0x37,0x39,0x29,0x30,0x33,0xE5,0xFC,0x1D,
0x29,0x00,0x27,0x25,0x36,0x2B,0x25,0x00,0x29,0x32,0xFC,0x38,0x33,0x36,0x31,0x29,
0x32,0x38,0x25,0x37,0xE5,0xFF,0x1A,0x36,0x33,0x38,0x29,0x2B,0x2D,0x28,0x33,0xFC,
0x34,0x33,0x36,0x00,0x29,0x37,0x27,0x39,0x28,0x33,0xE5,0xFC,0x0E,0x2D,0x37,0x34,
0x25,0x36,0x25,0xFC,0x34,0x36,0x33,0x3D,0x29,0x27,0x38,0x2D,0x30,0x29,0x37,0xE5,
0xFF,0x17,0x29,0x27,0x25,0x32,0x2D,0x30,0x33,0x2D,0x28,0x29,0xFC,0x28,0x2D,0x37,
0x34,0x25,0x36,0x25,0xFC,0x30,0x40,0x37,0x29,0x36,0x29,0x37,0x00,0x35,0x39,0x29,
0xFC,0x36,0x29,0x26,0x33,0x38,0x25,0x32,0xE5,0xFF,0x17,0x29,0x27,0x25,0x32,0x2D,
0x30,0x33,0x2D,0x28,0x29,0xFC,0x29,0x3C,0x27,0x25,0x3A,0x25,0x00,0x25,0x36,0x29,
0x32,0x25,0xFC,0x3D,0x00,0x27,0x25,0x29,0x00,0x28,0x29,0x37,0x28,0x29,0xFC,0x25,
0x36,0x36,0x2D,0x26,0x25,0xE5,0xFF,0x0D,0x2D,0x26,0x29,0x36,0xD6,0x29,0x30,0x2A,
0x33,0xFC,0x28,0x41,0x26,0x2D,0x30,0x00,0x25,0x00,0x30,0x39,0x3E,0xE5,0xFC,0x0F,
0x32,0x00,0x27,0x40,0x34,0x37,0x39,0x30,0x25,0xFC,0x28,0x29,0x00,0x2C,0x2D,0x26,
0x29,0x36,0x32,0xE5,0xFF,0x17,0x29,0x27,0x25,0x32,0x2D,0x30,0x33,0x2D,0x28,0x29,
0x37,0xFC,0x28,0x29,0x00,0x11,0x29,0x25,0x36,0x0C,0x25,0x32,0x2F,0xFC,0x29,0x32,
0x00,0x27,0x40,0x31,0x25,0x36,0x25,0x00,0x28,0x29,0xFC,0x2C,0x2D,0x26,0x29,0x36,
0x32,0x25,0x27,0x2D,0x43,0x32,0xE5,0xFF,0x1D,0x2D,0x2B,0x39,0x29,0x00,0x25,0x30,
0xFC,0x33,0x26,0x2E,0x29,0x38,0x2D,0x3A,0x33,0xE5,0xFC,0x0F,0x3C,0x34,0x30,0x33,
0x38,0x25,0x00,0x25,0x30,0xFC,0x25,0x27,0x29,0x36,0x27,0x25,0x36,0x37,0x29,0xE5,
0xFF,0x1D,0x29,0x00,0x31,0x39,0x29,0x3A,0x29,0x00,0x29,0x32,0xFC,0x38,0x36,0x2D,
0x40,0x32,0x2B,0x39,0x30,0x33,0xE5,0xFC,0x0E,0x2D,0x37,0x34,0x25,0x36,0x25,0x00,
0x38,0x36,0x29,0x37,0xFC,0x38,0x2D,0x36,0x33,0x37,0xE5,0xFF,0x0E,0x2D,0x37,0x34,
0x25,0x36,0x25,0xFC,0x30,0x40,0x37,0x29,0x36,0x29,0x37,0x00,0x29,0x32,0xFC,0x38,
0x36,0x29,0x37,0x00,0x28,0x2D,0x36,0xE5,0xFC,0x18,0x33,0x00,0x37,0x29,0xFC,0x28,
0x29,0x37,0x38,0x36,0x39,0x3D,0x29,0xE5,0xFC,0x18,0x33,0x00,0x34,0x2D,0x29,0x3E,
0x25,0x37,0xE5,0xFF,0x20,0x25,0x36,0x2D,0x25,0x32,0x38,0x29,0xFC,0x25,0x37,0x29,
0x37,0x2D,0x32,0x33,0xE5,0xFC,0x16,0x29,0x00,0x2B,0x39,0x37,0x38,0x25,0xFC,0x25,
0x38,0x25,0x27,0x25,0x36,0x00,0x34,0x33,0x36,0xFC,0x37,0x33,0x36,0x34,0x36,0x29,
0x37,0x25,0xE5,0xFF,0x20,0x25,0x36,0x2D,0x25,0x32,0x38,0x29,0x00,0x35,0x39,0x29,
0xFC,0x37,0x29,0x00,0x27,0x39,0x29,0x30,0x2B,0x25,0x00,0x28,0x29,0xFC,0x30,0x42,
0x32,0x29,0x25,0x37,0x00,0x28,0x29,0xFC,0x29,0x32,0x29,0x36,0x2B,0x42,0x25,0xE5,
0xFC,0x0B,0x38,0x25,0x27,0x25,0x00,0x27,0x33,0x32,0xFC,0x29,0x37,0x34,0x28,0x25,
0x00,0x2A,0x39,0x29,0x2B,0x33,0xE5,0xFF,0x20,0x25,0x36,0x2D,0x25,0x32,0x38,0x29,
0xFC,0x2B,0x29,0x32,0x41,0x36,0x2D,0x27,0x33,0xE5,0xFC,0x1D,0x2D,0x00,0x25,0x27,
0x2D,0x29,0x36,0x38,0x25,0xE8,0xFC,0x34,0x36,0x29,0x32,0x28,0x29,0xFC,0x2A,0x39,
0x29,0x2B,0x33,0xE5,0xFF,0x20,0x25,0x36,0x2D,0x25,0x32,0x38,0x29,0x00,0x27,0x33,
0x32,0xFC,0x31,0x2D,0x37,0x2D,0x30,0x00,0x28,0x29,0xFC,0x26,0x25,0x36,0x36,0x2D,
0x28,0x33,0xFC,0x25,0x31,0x34,0x30,0x2D,0x33,0xE5,0xFF,0x0D,0x25,0x32,0x2B,0x36,
0x29,0x2E,0x33,0xFC,0x31,0x29,0x27,0x25,0x32,0x2D,0x30,0x33,0x2D,0x28,0x29,0xE5,
0xFC,0x1C,0x29,0x2A,0x30,0x29,0x2E,0x25,0xFC,0x28,0x2D,0x37,0x34,0x25,0x36,0x33,
0x37,0x00,0x27,0x33,0x32,0xFC,0x27,0x25,0x34,0x25,0x36,0x25,0x3E,0x43,0x32,0xE5,
0xFF,0x0D,0x36,0x29,0x25,0x28,0x33,0x00,0x27,0x33,0x32,0xFC,0x34,0x30,0x25,0x32,
0x33,0x37,0xFC,0x25,0x32,0x38,0x2D,0x2B,0x39,0x33,0x37,0xE5,0xFC,0x0D,0x43,0x28,
0x2D,0x2B,0x33,0xD9,0xFC,0x17,0x33,0x28,0xD6,0x0D,0x10,0xE5,0xFF,0x1C,0x29,0x34,
0x30,0x33,0x2D,0x28,0x29,0x00,0x28,0x29,0xFC,0x18,0x29,0x33,0x00,0x0B,0x36,0x27,
0x25,0x28,0x2D,0x25,0xFC,0x28,0x29,0x00,0x27,0x33,0x31,0x26,0x25,0x38,0x29,0xE5,
0xFC,0x0B,0x31,0x2D,0x2B,0x33,0x00,0x28,0x29,0xFC,0x18,0x29,0x2D,0x2B,0x29,0xE5,
0xFF,0x1A,0x36,0x33,0x2B,0x36,0x25,0x31,0x25,0x00,0x28,0x29,0xFC,0x34,0x36,0x33,
0x38,0x29,0x27,0x27,0x2D,0x43,0x32,0xE5,0xFC,0x0D,0x2D,0x36,0x27,0x39,0x2D,0x38,
0x33,0xFC,0x38,0x29,0x30,0x29,0x38,0x36,0x25,0x32,0x37,0x34,0xE5,0xFC,0x1A,0x39,
0x29,0x28,0x29,0x00,0x39,0x37,0x25,0x36,0xFC,0x0D,0x2D,0x26,0x29,0x36,0xD6,0x29,
0x30,0x2A,0x33,0x37,0xE5,0xFF,0x1C,0x29,0x34,0x30,0x33,0x2D,0x28,0x29,0xFC,0x30,
0x33,0x26,0x33,0xE5,0xFC,0x16,0x25,0x32,0x3E,0x25,0xFC,0x27,0x33,0x30,0x31,0x2D,
0x30,0x30,0x33,0x37,0xFC,0x28,0x29,0x00,0x2C,0x2D,0x29,0x30,0x33,0xE5,0xFF,0x1C,
0x29,0x34,0x30,0x33,0x2D,0x28,0x29,0xFC,0x38,0x33,0x36,0x38,0x39,0x2B,0x25,0xE5,
0xFC,0x1C,0x29,0x2A,0x30,0x29,0x2E,0x25,0xFC,0x25,0x38,0x25,0x35,0x39,0x29,0x37,
0x00,0x27,0x33,0x32,0xFC,0x27,0x25,0x34,0x25,0x36,0x25,0x3E,0x43,0x32,0xE5,0xFF,
0x1C,0x29,0x34,0x30,0x33,0x2D,0x28,0x29,0xFC,0x37,0x29,0x00,0x37,0x29,0x34,0x25,
0x36,0x25,0xFC,0x3D,0x00,0x39,0x32,0x29,0x00,0x27,0x33,0x32,0xFC,0x2D,0x31,0x40,
0x32,0xE5,0xFF,0x1C,0x29,0x34,0x30,0x33,0x2D,0x28,0x29,0x00,0x29,0x32,0xFC,0x26,
0x33,0x37,0x35,0x39,0x29,0x00,0x37,0x39,0x26,0xE5,0xFC,0x1D,0x29,0x00,0x36,0x29,
0x2B,0x29,0x32,0x29,0x36,0x25,0xFC,0x27,0x33,0x32,0x00,0x37,0x33,0x30,0xE5,0xFF,
0x1C,0x29,0x34,0x30,0x33,0x2D,0x28,0x29,0x00,0x25,0x3A,0x29,0xFC,0x29,0x32,0x27,
0x25,0x36,0x2B,0x25,0x28,0x33,0x00,0x28,0x29,0xFC,0x30,0x25,0x00,0x37,0x29,0x2B,
0x39,0x36,0x2D,0x28,0x25,0x28,0xFC,0x28,0x29,0x00,0x0D,0x2D,0x39,0x28,0x25,0x28,
0xFC,0x20,0x2D,0x3A,0x2D,0x29,0x32,0x38,0x29,0xE5,0xFF,0x1C,0x29,0x34,0x30,0x33,
0x2D,0x28,0x29,0xFC,0x34,0x29,0x2B,0x25,0x37,0x33,0xE5,0xFC,0x0E,0x29,0x37,0x38,
0x36,0x39,0x3D,0x29,0xFC,0x32,0x25,0x38,0x39,0x36,0x25,0x30,0x29,0x3E,0x25,0xE5,
0xFF,0x1A,0x36,0x33,0x38,0x29,0x2B,0x29,0x00,0x26,0x25,0x37,0x29,0xFC,0x38,0x29,
0x30,0x29,0x38,0x36,0x25,0x32,0x37,0x34,0xE5,0xFC,0x0D,0x33,0x32,0x29,0x27,0x38,
0x25,0x28,0x33,0x00,0x25,0xFC,0x27,0x39,0x25,0x38,0x36,0x33,0xFC,0x37,0x2D,0x37,
0x38,0x29,0x31,0x25,0x37,0xE5,0xFF,0x1C,0x29,0x34,0x30,0x33,0x2D,0x28,0x29,0xFC,
0x31,0x25,0x36,0x2D,0x34,0x33,0x37,0x25,0xE5,0xFC,0x0B,0x30,0x29,0x38,0x29,0x25,
0x00,0x27,0x33,0x32,0xFC,0x25,0x30,0x25,0x37,0x00,0x28,0x29,0xFC,0x2A,0x39,0x29,
0x2B,0x33,0xE5,0xFF,0x18,0x44,0x27,0x30,0x29,0x33,0xFC,0x2B,0x36,0x25,0x32,0x28,
0x29,0xE5,0xFC,0x1B,0x39,0x2D,0x38,0x25,0xFC,0x29,0x32,0x27,0x2C,0x39,0x2A,0x29,
0xFC,0x3D,0x00,0x28,0x29,0x38,0x41,0x32,0xFC,0x30,0x40,0x37,0x29,0x36,0x29,0x37,
0xE5,0xFF,0x1C,0x29,0x34,0x30,0x33,0x2D,0x28,0x29,0xFC,0x27,0x25,0x30,0x25,0x31,
0x25,0x36,0xE5,0x00,0x0F,0x32,0xFC,0x37,0x39,0x26,0x31,0x25,0x36,0x2D,0x32,0x33,
0xE5,0xFC,0x0B,0x38,0x25,0x27,0x25,0x00,0x29,0x32,0x38,0x36,0x29,0xFC,0x38,0x2D,
0x32,0x38,0x25,0xE5,0xFF,0x17,0x39,0x27,0x2C,0x33,0x00,0x38,0x2D,0x29,0x31,0x34,
0x33,0xFC,0x34,0x36,0x29,0x37,0x33,0xE5,0xFC,0x0B,0x38,0x25,0x27,0x25,0x00,0x27,
0x33,0x32,0xFC,0x2B,0x33,0x30,0x34,0x29,0x00,0x28,0x29,0xFC,0x31,0x25,0x36,0x38,
0x2D,0x30,0x30,0x33,0xE5,0xFF,0x0E,0x36,0xE5,0x00,0x21,0x29,0x2D,0x30,0x00,0x27,
0x33,0x32,0xFC,0x34,0x25,0x36,0x38,0x29,0x37,0x00,0x28,0x29,0xFC,0x1C,0x25,0x2B,
0x32,0x25,0x36,0x33,0x2F,0xE5,0xFC,0x0F,0x37,0x38,0x40,0xFC,0x34,0x33,0x38,0x29,
0x32,0x27,0x2D,0x25,0x28,0x33,0xE5,0xFF,0x0E,0x36,0xE5,0x00,0x21,0x29,0x2D,0x30,
0xFC,0x38,0x36,0x25,0x37,0xFC,0x2A,0x39,0x37,0x2D,0x33,0x32,0x25,0x36,0x37,0x29,
0xFC,0x34,0x33,0x36,0x00,0x27,0x33,0x31,0x34,0x30,0x29,0x38,0x33,0xFC,0x27,0x33,
0x32,0x00,0x1C,0x25,0x2B,0x32,0x36,0x33,0x2F,0xE5,0xFF,0x0D,0x25,0x32,0x2B,0x36,
0x29,0x2E,0x33,0xFC,0x31,0x29,0x27,0x25,0x32,0x2D,0x30,0x33,0x2D,0x28,0x29,0xE5,
0xFC,0x1A,0x36,0x33,0x38,0x29,0x2B,0x29,0xFC,0x3E,0x33,0x32,0x25,0x00,0x31,0x25,
0x2B,0x32,0xE5,0xFC,0x28,0x29,0x00,0x2D,0x32,0x38,0x36,0x39,0x37,0x33,0x37,0xE5,
0xFF,0x12,0x33,0x36,0x31,0x2D,0x2B,0x25,0xFC,0x31,0x29,0x27,0x25,0x32,0x2D,0x30,
0x33,0x2D,0x28,0x29,0xE5,0xFC,0x1B,0x39,0x29,0x31,0x25,0xFC,0x2D,0x32,0x38,0x36,
0x39,0x37,0x33,0x37,0x00,0x29,0x32,0xFC,0x29,0x30,0x00,0x26,0x33,0x37,0x35,0x39,
0x29,0xFC,0x37,0x39,0x26,0xE5,0xFF,0x0F,0x37,0x27,0x39,0x34,0x29,0xFC,0x1D,0x29,
0x36,0x34,0x29,0x32,0x38,0xFC,0x11,0x29,0x25,0x36,0x37,0xE5,0xFC,0x1A,0x39,0x32,
0x38,0x33,0x37,0x00,0x28,0x41,0x26,0xE5,0xFC,0x29,0x32,0x00,0x27,0x39,0x25,0x38,
0x36,0x33,0xFC,0x27,0x33,0x31,0x34,0x39,0x29,0x36,0x38,0x25,0x37,0xE5,0xFF,0x0E,
0x29,0x37,0x38,0x36,0x39,0x3D,0x29,0x00,0x33,0xFC,0x38,0x2D,0x36,0x25,0x00,0x33,
0x27,0x2C,0x33,0xFC,0x28,0x2D,0x37,0x27,0x33,0x37,0x00,0x27,0x30,0x25,0x3A,0x29,
0xFC,0x34,0x25,0x36,0x25,0x00,0x28,0x29,0x38,0x29,0x32,0x29,0x36,0xFC,0x29,0x37,
0x38,0x33,0xE5,0xFF,0x21,0x3D,0x3A,0x29,0x36,0x32,0xFC,0x31,0x29,0x27,0x25,0x32,
0x2D,0x30,0x33,0x2D,0x28,0x29,0xE5,0xFC,0x16,0x25,0x32,0x3E,0x25,0xFC,0x29,0x30,
0x29,0x27,0x38,0x36,0x27,0x2D,0x28,0x25,0x28,0xE5,0xFF,0x21,0x3D,0x3A,0x29,0x36,
0x32,0xFC,0x31,0x29,0x27,0x25,0x32,0x2D,0x30,0x33,0x2D,0x28,0x29,0xE5,0xFC,0x0E,
0x2D,0x37,0x34,0x25,0x36,0x25,0xFC,0x34,0x36,0x33,0x3D,0x29,0x27,0x38,0x2D,0x30,
0x29,0x37,0xFC,0x28,0x29,0x00,0x2A,0x39,0x29,0x2B,0x33,0xE5,0xFF,0x21,0x3D,0x3A,
0x29,0x36,0x32,0xFC,0x31,0x29,0x27,0x25,0x32,0x2D,0x30,0x33,0x2D,0x28,0x29,0xE5,
0xFC,0x1D,0x39,0x00,0x25,0x30,0x2D,0x29,0x32,0x38,0x33,0xFC,0x2A,0x33,0x36,0x31,
0x25,0x00,0x2C,0x2D,0x29,0x30,0x33,0xFC,0x29,0x32,0x00,0x38,0x36,0x33,0x3E,0x33,
0x37,0xE5,0xFF,0x17,0x29,0x27,0x25,0x32,0x2D,0x30,0x33,0x2D,0x28,0x29,0xFC,0x27,
0x33,0x32,0x00,0x33,0x27,0x2C,0x33,0xFC,0x11,0x30,0x25,0x37,0x37,0x0D,0x25,0x32,
0x32,0x33,0x32,0x37,0xFC,0x35,0x39,0x29,0x00,0x30,0x33,0xFC,0x29,0x37,0x27,0x33,
0x30,0x38,0x25,0x32,0xE5,0xFF,0x1C,0x29,0x34,0x30,0x33,0x2D,0x28,0x29,0xFC,0x37,
0x33,0x30,0x2D,0x38,0x25,0x36,0x2D,0x25,0xE5,0xFC,0x0F,0x32,0x27,0x25,0x36,0x2B,
0x25,0x28,0x25,0x00,0x28,0x29,0xFC,0x0D,0x2D,0x26,0x29,0x36,0xD6,0x29,0x30,0x2A,
0x33,0x37,0xE5,0xFF,0x0D,0x2C,0x2D,0x27,0x25,0xFC,0x2C,0x39,0x31,0x25,0x32,0x25,
0x00,0x37,0x2D,0x32,0xFC,0x36,0x29,0x32,0x27,0x33,0x36,0x00,0x2C,0x25,0x27,0x2D,
0x25,0xFC,0x1C,0x29,0x34,0x30,0x33,0x2D,0x28,0x29,0x37,0xE5,0xFF,0x12,0x39,0x31,
0x25,0x32,0x33,0x37,0xFC,0x37,0x25,0x30,0x3A,0x25,0x28,0x33,0x37,0x00,0x28,0x29,
0xFC,0x18,0x29,0x33,0x00,0x0B,0x36,0x27,0x25,0x28,0x2D,0x25,0xFC,0x34,0x33,0x36,
0x00,0x18,0x29,0x2D,0x2B,0x29,0xE5,0xFF,0x13,0x32,0x2B,0x29,0x32,0x2D,0x29,0x36,
0x33,0xFC,0x27,0x36,0x29,0x25,0x00,0x25,0x36,0x31,0x25,0x37,0xFC,0x34,0x25,0x36,
0x25,0x00,0x24,0x29,0x36,0x33,0xE5,0xFC,0x1E,0x25,0x31,0x26,0x2D,0x41,0x32,0x00,
0x27,0x36,0x29,0x25,0xFC,0x27,0x2C,0x2D,0x34,0x37,0xE5,0xFF,0x0D,0x2D,0x29,0x32,
0x38,0x42,0x2A,0x2D,0x27,0x25,0xFC,0x28,0x29,0x37,0x25,0x36,0x36,0x33,0x30,0x30,
0x25,0xFC,0x29,0x30,0x2A,0x33,0x37,0xE8,0xFC,0x1C,0x29,0x34,0x30,0x33,0x2D,0x28,
0x29,0x37,0x00,0x3D,0xFC,0x29,0x32,0x29,0x36,0x2B,0x42,0x25,0xE5,0xFF,0x0E,0x29,
0x28,0x2D,0x27,0x25,0x28,0x33,0xFC,0x30,0x42,0x28,0x29,0x36,0x00,0x28,0x29,0x30,
0xFC,0x29,0x35,0x39,0x2D,0x34,0x33,0xFC,0x0D,0x33,0x30,0x26,0x33,0x36,0xE5,0xFC,
0x12,0x25,0x00,0x27,0x33,0x31,0x29,0x38,0x2D,0x28,0x33,0xFC,0x29,0x36,0x36,0x33,
0x36,0x29,0x37,0xE5,0xFF,0x1C,0x29,0x34,0x30,0x33,0x2D,0x28,0x29,0x00,0x28,0x29,
0xFC,0x27,0x33,0x31,0x26,0x25,0x38,0x29,0xE5,0xFC,0x20,0x2D,0x25,0x2E,0x25,0x00,
0x27,0x33,0x32,0xFC,0x24,0x29,0x36,0x33,0x00,0x3D,0xFC,0x27,0x33,0x31,0x34,0x25,
0x4C,0x42,0x25,0xE5,0xFF,0x13,0x32,0x2A,0x33,0x00,0x28,0x29,0x00,0x30,0x25,0xFC,
0x1C,0x29,0x37,0x2D,0x37,0x38,0x29,0x32,0x27,0x2D,0x25,0xE5,0xFC,0x1D,0x29,0x00,
0x39,0x32,0x2D,0x43,0x00,0x34,0x25,0x36,0x25,0xFC,0x25,0x34,0x33,0x3D,0x25,0x36,
0x00,0x27,0x33,0x32,0xFC,0x2D,0x32,0x2A,0x33,0x36,0x31,0x25,0x27,0x2D,0x43,0x32,
0xE5,0xFF,0x16,0x42,0x28,0x29,0x36,0x00,0x28,0x29,0xFC,0x2C,0x39,0x31,0x25,0x32,
0x33,0x37,0x00,0x29,0x32,0xFC,0x27,0x33,0x30,0x33,0x32,0x2D,0x25,0xE5,0xFC,0x1A,
0x29,0x36,0x2D,0x33,0x28,0x2D,0x37,0x38,0x25,0xFC,0x25,0x27,0x38,0x2D,0x3A,0x25,
0xE5,0xFF,0x0B,0x27,0x38,0x44,0x25,0x00,0x27,0x33,0x31,0x33,0xFC,0x30,0x42,0x28,
0x29,0x36,0x00,0x28,0x29,0x00,0x30,0x25,0xFC,0x27,0x25,0x36,0x25,0x3A,0x25,0x32,
0x25,0xE5,0xFC,0x1E,0x33,0x28,0x33,0x37,0xFC,0x27,0x33,0x32,0x2A,0x42,0x25,0x32,
0x00,0x29,0x32,0xFC,0x41,0x30,0xE5,0xFF,0x1C,0x29,0x34,0x30,0x33,0x2D,0x28,0x29,
0xFC,0x29,0x32,0x27,0x25,0x36,0x2B,0x25,0x28,0x25,0x00,0x28,0x29,0xFC,0x34,0x30,
0x25,0x32,0x29,0x25,0x36,0xFC,0x31,0x2D,0x37,0x2D,0x33,0x32,0x29,0x37,0xE5,0xFF,
0x12,0x39,0x31,0x25,0x32,0x33,0x00,0x27,0x39,0x2D,0x28,0x25,0xFC,0x29,0x35,0x39,
0x2D,0x34,0x25,0x2E,0x29,0xE5,0xFC,0x1D,0x33,0x30,0x33,0x00,0x27,0x33,0x32,0x2A,
0x42,0x25,0xFC,0x29,0x32,0x00,0x22,0xE5,0xFF,0x13,0x32,0x38,0x29,0x32,0x38,0x25,
0xFC,0x30,0x30,0x29,0x3A,0x25,0x36,0x00,0x25,0xFC,0x38,0x33,0x28,0x33,0x37,0x00,
0x30,0x33,0x37,0xFC,0x2C,0x39,0x31,0x25,0x32,0x33,0x37,0x00,0x25,0xFC,0x45,0x36,
0x29,0x25,0x00,0x24,0x29,0x36,0x33,0xE5,0xFF,0x0D,0x2C,0x2D,0x27,0x33,0x00,0x35,
0x39,0x29,0x00,0x37,0x29,0xFC,0x39,0x32,0x2D,0x43,0x00,0x25,0x00,0x30,0x25,0xFC,
0x27,0x25,0x36,0x25,0x3A,0x25,0x32,0x25,0xE5,0xFC,0x0B,0x31,0x2D,0x2B,0x25,0x26,
0x30,0x29,0x00,0x27,0x33,0x32,0xFC,0x24,0x29,0x36,0x33,0xE5,0xFF,0x0D,0x2D,0x29,
0x32,0x38,0x42,0x2A,0x2D,0x27,0x33,0xFC,0x31,0x25,0x30,0x3A,0x25,0x28,0x33,0xE5,
0xFC,0x1E,0x36,0x25,0x37,0x00,0x34,0x29,0x36,0x28,0x29,0x36,0xFC,0x25,0x00,0x0D,
0x33,0x34,0x3D,0x00,0x22,0xE8,0xFC,0x2B,0x33,0x26,0x2D,0x29,0x36,0x32,0x25,0xFC,
0x18,0x29,0x33,0x00,0x0B,0x36,0x27,0x25,0x28,0x2D,0x25,0xE5,0xFF,0x1C,0x29,0x34,
0x30,0x33,0x2D,0x28,0x29,0xFC,0x30,0x29,0x2B,0x29,0x32,0x28,0x25,0x36,0x2D,0x33,
0xE5,0xFC,0x12,0x25,0x30,0x30,0x25,0x28,0x33,0x00,0x34,0x33,0x36,0xFC,0x0D,0x2D,
0x29,0x30,0x00,0x29,0x32,0x00,0x39,0x32,0xFC,0x30,0x25,0x26,0x33,0x36,0x25,0x38,
0x33,0x36,0x2D,0x33,0xFC,0x37,0x39,0x26,0x38,0x29,0x36,0x36,0x40,0x32,0x29,0x33,
0xE5,0xFF,0x16,0x29,0x2A,0x38,0xD8,0x1C,0x2D,0x2B,0x2C,0x38,0x00,0x27,0x25,0x31,
0x26,0x2D,0x25,0x36,0x00,0x29,0x38,0x2D,0x35,0x39,0x29,0x38,0x25,0xFF,0x1F,0x34,
0xD8,0x0E,0x33,0x3B,0x32,0x00,0x3D,0x00,0x30,0x39,0x29,0x2B,0x33,0x00,0x0B,0x00,
0x0C,0x39,0x38,0x38,0x33,0x32,0xFF,0x17,0x2D,0x00,0x17,0x2D,0x31,0x2D,0xE5,0xE5,
0xE5,0xFF,0x17,0x2D,0x00,0x17,0x2D,0x31,0x2D,0x31,0x2D,0xE5,0xE5,0xE5,0xFF,0x4E,
0x17,0x2D,0x31,0x2D,0x31,0x2D,0x31,0x2D,0xCA,0xFC,0x4E,0x17,0x2D,0x31,0x2D,0x31,
0x2D,0xCA,0xFF,0x4F,0x24,0x29,0x36,0x33,0xDD,0xFF,0x1E,0x29,0x32,0x2B,0x33,0xFC,
0x2C,0x25,0x31,0x26,0x36,0x29,0xE5,0xFF,0x4E,0x0F,0xD6,0x0D,0x36,0x3D,0x37,0x38,
0x25,0x30,0x37,0xE8,0xFC,0x28,0x25,0x31,0x29,0x00,0x31,0x25,0x37,0xCA,0xFF,0x4E,
0x24,0x29,0x36,0x33,0xCA,0xFF,0x17,0x29,0x00,0x34,0x33,0x36,0x38,0x29,0xFC,0x26,
0x2D,0x29,0x32,0xE5,0xFC,0x4F,0x17,0x29,0x00,0x28,0x25,0x37,0x00,0x31,0x25,0x37,
0xFC,0x0F,0xD6,0x0D,0x36,0x3D,0x37,0x38,0x25,0x30,0x37,0xDD,0xFF,0x4E,0x24,0x29,
0x36,0x33,0xCA,0xFC,0x4E,0x0E,0x25,0x36,0x29,0x00,0x30,0x33,0xFC,0x31,0x29,0x2E,
0x33,0x36,0xCA,0xFF,0x19,0x3D,0x29,0xE8,0x00,0x24,0x29,0x36,0x33,0xE5,0xFC,0x1B,
0x39,0x2D,0x29,0x36,0x33,0xFC,0x25,0x3D,0x39,0x28,0x25,0x36,0x38,0x29,0xFC,0x29,
0x32,0x00,0x30,0x33,0x00,0x35,0x39,0x29,0xFC,0x34,0x39,0x29,0x28,0x25,0xE5,0xFF,
0x1F,0x37,0x25,0x00,0x34,0x25,0x36,0x38,0x29,0x37,0xFC,0x31,0x25,0x2B,0x32,0x29,
0x38,0x00,0x3D,0xFC,0x2A,0x36,0x33,0x2B,0x00,0x34,0x25,0x36,0x25,0xFC,0x39,0x32,
0x00,0x27,0x2C,0x2D,0x34,0xFC,0x32,0x39,0x29,0x3A,0x33,0xE5,0xFF,0x1E,0x25,0x32,
0x38,0x33,0x00,0x2C,0x25,0x26,0x30,0x25,0x36,0xFC,0x31,0x29,0x00,0x28,0x2D,0x33,
0xFC,0x2C,0x25,0x31,0x26,0x36,0x29,0xE5,0xFF,0x4E,0x1B,0x39,0x2D,0x29,0x36,0x33,
0xFC,0x27,0x36,0x29,0x27,0x29,0x36,0x00,0x3D,0xFC,0x27,0x33,0x34,0x2D,0x25,0x36,
0xFC,0x32,0x39,0x29,0x3A,0x33,0x37,0xFC,0x34,0x33,0x28,0x29,0x36,0x29,0x37,0xCA,
0xFF,0x0D,0x29,0x36,0x25,0x38,0x25,0x32,0x2D,0x39,0x31,0xD4,0xFC,0x34,0x36,0x33,
0x34,0x29,0x30,0x30,0x29,0x36,0xD4,0xFC,0x36,0x29,0x2A,0x30,0x29,0x27,0x38,0x2D,
0x3A,0x29,0xFC,0x26,0x29,0x25,0x31,0xDB,0xFC,0x27,0x2C,0x2D,0x34,0x00,0x32,0x39,
0x29,0x3A,0x33,0xE5,0xFF,0x4E,0x19,0x3D,0x29,0xE8,0x00,0x24,0x29,0x36,0x33,0xCA,
0xFC,0x4E,0x0B,0x30,0x33,0x39,0x29,0x38,0x38,0x29,0xFC,0x31,0x29,0x00,0x29,0x32,
0x37,0x29,0x4C,0x25,0xFC,0x25,0x00,0x2C,0x25,0x26,0x30,0x25,0x36,0xCA,0xFF,0x4E,
0x19,0x3D,0x29,0xE8,0x00,0x24,0x29,0x36,0x33,0xCA,0xFC,0x1B,0x39,0x2D,0x29,0x36,
0x33,0xFC,0x27,0x36,0x29,0x27,0x29,0x36,0xE5,0xFC,0x4F,0x0D,0x36,0x29,0x29,0x37,
0x00,0x35,0x39,0x29,0xFC,0x34,0x39,0x29,0x28,0x33,0xDD,0xFF,0x0D,0x33,0x32,0x00,
0x34,0x25,0x36,0x38,0x29,0x37,0xFC,0x31,0x29,0x27,0x2C,0x00,0x28,0x39,0x36,0x25,
0x37,0xFC,0x34,0x39,0x29,0x28,0x29,0x37,0xFC,0x36,0x29,0x2A,0x33,0x36,0x3E,0x25,
0x36,0xFC,0x38,0x39,0x00,0x27,0x39,0x29,0x36,0x34,0x33,0xE5,0xFF,0x4E,0x24,0x29,
0x36,0x33,0xCA,0xFC,0x4F,0x1D,0x33,0x3D,0x00,0x28,0x29,0xFC,0x25,0x3D,0x39,0x28,
0x25,0x00,0x34,0x25,0x36,0x25,0xFC,0x38,0x2D,0xDD,0xFF,0x19,0x3D,0x29,0xE8,0x00,
0x24,0x29,0x36,0x33,0xE5,0xFC,0x4F,0x1A,0x33,0x36,0x00,0x35,0x39,0x29,0xFC,0x0D,
0x2D,0x29,0x30,0x00,0x29,0x37,0x38,0x25,0xFC,0x37,0x2D,0x29,0x31,0x34,0x36,0x29,
0xFC,0x33,0x27,0x39,0x34,0x25,0x28,0x25,0xDD,0xFF,0x12,0x31,0x36,0xD4,0x10,0x30,
0x25,0x31,0x29,0xFC,0x38,0x2C,0x36,0x33,0x3B,0x29,0x36,0xD4,0xFC,0x37,0x34,0x2D,
0x32,0x32,0x29,0x36,0xD4,0xFC,0x27,0x29,0x36,0x25,0x38,0x25,0x32,0x2D,0x39,0x31,
0xFC,0xDB,0x27,0x2C,0x2D,0x34,0x00,0x32,0x39,0x29,0x3A,0x33,0xE5,0xFF,0x4E,0x24,
0x29,0x36,0x33,0xCA,0xFC,0x4E,0x11,0x36,0x25,0x27,0x2D,0x25,0x37,0xFC,0x34,0x33,
0x36,0x00,0x30,0x33,0x37,0xFC,0x0F,0xD6,0x0D,0x36,0x3D,0x37,0x38,0x25,0x30,0x37,
0xCA,0xFF,0x4E,0x24,0x29,0x36,0x33,0xCA,0xFC,0x4E,0x11,0x36,0x25,0x27,0x2D,0x25,
0x37,0x00,0x34,0x33,0x36,0xFC,0x25,0x3D,0x39,0x28,0x25,0x36,0x31,0x29,0x00,0x25,
0xFC,0x27,0x36,0x29,0x27,0x29,0x36,0x00,0x25,0x37,0x2D,0xCA,0xFF,0x16,0x3A,0xE5,
0x08,0x00,0x12,0x25,0x27,0x2F,0x29,0x36,0xFC,0x0C,0x39,0x37,0x38,0x29,0x36,0x00,
0x0D,0x31,0x28,0xDB,0xFC,0x17,0x2D,0x36,0x25,0x00,0x28,0x29,0x36,0xE5,0xFC,0x0E,
0xE8,0x0E,0x1C,0xE8,0x1C,0xE8,0xFC,0x0E,0xE8,0x0E,0x1C,0xE8,0x1C,0xE8,0x0C,0x37,
0x38,0x36,0xE5,0xFF,0x16,0x3A,0xE5,0x08,0x00,0x12,0x25,0x27,0x2F,0x29,0x36,0xFC,
0x1D,0x25,0x26,0x29,0x36,0x00,0x0D,0x31,0x28,0xDB,0xFC,0x4E,0x17,0x2D,0x36,0x25,
0x00,0x28,0x29,0x36,0xE5,0xFC,0x1C,0xE8,0x0E,0x1C,0xE8,0x0E,0xFC,0x3D,0x00,0x37,
0x25,0x26,0x29,0x36,0xCA,0xFF,0x4E,0x0F,0x36,0x36,0x33,0x36,0x00,0x25,0x30,0x00,
0x27,0x25,0x36,0x2B,0x25,0x36,0xCA,0xFF,0x4F,0x11,0x39,0x25,0x36,0x28,0x25,0x36,
0x00,0x28,0x25,0x38,0x33,0x37,0xDD,0xFC,0x00,0x00,0x1D,0x42,0xFC,0x00,0x00,0x18,
0x33,0xFF,0x11,0x39,0x25,0x36,0x28,0x25,0x32,0x28,0x33,0x00,0x37,0x3D,0x37,0xE5,
0x28,0x25,0x38,0x25,0xFF,0x11,0x39,0x25,0x36,0x28,0x25,0x32,0x28,0x33,0x00,0x37,
0x3D,0x37,0xE5,0x28,0x25,0x38,0x25,0xE5,0xFF,0x11,0x39,0x25,0x36,0x28,0x25,0x32,
0x28,0x33,0x00,0x37,0x3D,0x37,0xE5,0x28,0x25,0x38,0x25,0xE5,0xE5,0xFF,0x11,0x39,
0x25,0x36,0x28,0x25,0x32,0x28,0x33,0x00,0x37,0x3D,0x37,0xE5,0x28,0x25,0x38,0x25,
0xE5,0xE5,0xE5,0xFF,0x18,0x33,0x00,0x25,0x34,0x25,0x2B,0x39,0x29,0x37,0x00,0x29,
0x30,0x00,0x29,0x35,0x39,0x2D,0x34,0x33,0xFF,0x0E,0x25,0x38,0x33,0x37,0x00,0x2B,
0x39,0x25,0x36,0x28,0x25,0x28,0x33,0x37,0xFF,0x0F,0x36,0x36,0x33,0x36,0x00,0x25,
0x30,0x00,0x2B,0x39,0x25,0x36,0x28,0x25,0x36,0xFF,0x0F,0x36,0x36,0x33,0x36,0x00,
0x25,0x30,0x00,0x2B,0x39,0x25,0x36,0x28,0x25,0x36,0xFF,0x0E,0x25,0x38,0x33,0x37,
0x00,0x27,0x33,0x36,0x36,0x39,0x34,0x38,0x33,0x37,0xFF,0x1F,0x34,0xD8,0x0E,0x33,
0x3B,0x32,0x00,0x3D,0x00,0x30,0x39,0x29,0x2B,0x33,0x00,0x0B,0x00,0x0C,0x39,0x38,
0x38,0x33,0x32,0xFF,0x0E,0x25,0x38,0x33,0x37,0x00,0x2B,0x39,0x25,0x36,0x28,0x25,
0x28,0x33,0x37,0xFF,0x4F,0x1D,0x33,0x26,0x36,0x29,0x37,0x27,0x36,0x2D,0x26,0x2D,
0x36,0x00,0x28,0x25,0x38,0x33,0x37,0xDD,0xFC,0x00,0x00,0x1D,0x42,0xFC,0x00,0x00,
0x18,0x33,0xFF,0x0E,0x25,0x38,0x33,0x37,0x00,0x37,0x33,0x26,0x36,0x29,0x37,0x27,
0x36,0x2D,0x38,0x33,0x37,0xFF,0x4F,0x0D,0x25,0x36,0x2B,0x25,0x36,0x00,0x28,0x25,
0x38,0x33,0x37,0xDD,0xFC,0x00,0x00,0x1D,0x42,0xFC,0x00,0x00,0x18,0x33,0xFF,0x0E,
0x25,0x38,0x33,0x37,0x00,0x27,0x25,0x36,0x2B,0x25,0x28,0x33,0x37,0xFF,0x4F,0x0C,
0x33,0x36,0x36,0x25,0x36,0x00,0x28,0x25,0x38,0x33,0x37,0xDD,0xFC,0x00,0x00,0x1D,
0x42,0xFC,0x00,0x00,0x18,0x33,0xFF,0x0E,0x25,0x38,0x33,0x37,0x00,0x26,0x33,0x36,
0x36,0x25,0x28,0x33,0x37,0xFF,0x11,0x39,0x25,0x36,0x28,0x25,0x32,0x28,0x33,0xFF,
0x11,0x39,0x25,0x36,0x28,0x25,0x32,0x28,0x33,0xE5,0xFF,0x11,0x39,0x25,0x36,0x28,
0x25,0x32,0x28,0x33,0xE5,0xE5,0xFF,0x11,0x39,0x25,0x36,0x28,0x25,0x32,0x28,0x33,
0xE5,0xE5,0xE5,0xFF,0x0D,0x25,0x36,0x2B,0x25,0x32,0x28,0x33,0xFF,0x0D,0x25,0x36,
0x2B,0x25,0x32,0x28,0x33,0xE5,0xFF,0x0D,0x25,0x36,0x2B,0x25,0x32,0x28,0x33,0xE5,
0xE5,0xFF,0x0D,0x25,0x36,0x2B,0x25,0x32,0x28,0x33,0xE5,0xE5,0xE5,0xFF,0x1C,0x41,
0x27,0x33,0x36,0x28,0x00,0x25,0x27,0x38,0x39,0x25,0x30,0x2D,0x3E,0x25,0x28,0x33,
0xFC,0xFC,0x00,0x00,0x11,0x39,0x25,0x36,0x28,0x25,0x36,0x00,0x36,0x41,0x27,0x33,
0x36,0x28,0xFC,0x00,0x00,0x18,0x33,0x00,0x2B,0x39,0x25,0x36,0x28,0x25,0x36,0xFF,
0xF2,0x17,0x2D,0x32,0x2D,0x00,0x11,0x25,0x31,0x29,0xD9,0xF1,0xFC,0xF2,0x0F,0x32,
0x29,0x36,0x2B,0x3D,0x00,0x16,0x25,0x26,0xE5,0xF1,0x00,0x25,0x4C,0x25,0x28,0x2D,
0x28,0x33,0xFF,0x1D,0x25,0x30,0x2D,0x36,0x00,0x28,0x29,0x30,0x00,0x2E,0x39,0x29,
0x2B,0x33,0x00,0x3D,0x00,0x3A,0x33,0x30,0x3A,0x29,0x36,0xFC,0x25,0x00,0x30,0x25,
0x00,0x34,0x25,0x32,0x38,0x25,0x30,0x30,0x25,0x00,0x28,0x29,0x00,0x38,0x42,0x38,
0x39,0x30,0x33,0xE5,0xFC,0x0F,0x30,0x00,0x34,0x36,0x33,0x2B,0x36,0x29,0x37,0x33,
0x00,0x37,0x29,0x00,0x34,0x29,0x36,0x28,0x29,0x36,0x40,0xE5,0xFF,0x1D,0x25,0x30,
0x2D,0x36,0x00,0x25,0x00,0x30,0x25,0x00,0x34,0x25,0x32,0x38,0x25,0x30,0x30,0x25,
0xFC,0x34,0x36,0x2D,0x32,0x27,0x2D,0x34,0x25,0x30,0xE5,0x00,0x0F,0x30,0x00,0x34,
0x36,0x33,0x2B,0x36,0x29,0x37,0x33,0xFC,0x32,0x33,0x00,0x2B,0x39,0x25,0x36,0x28,
0x25,0x28,0x33,0x00,0x37,0x29,0x00,0x34,0x29,0x36,0x28,0x29,0x36,0x40,0xE5,0xFF,

};
alignas(16) inline constexpr uint16_t mmz4_msg00_script_offsets[] = {
0x0000,0x0028,0x0052,0x0082,0x0098,0x00B9,0x0128,0x01AF,
0x02E7,0x0341,0x0366,0x0382,0x03AD,0x04B6,0x04E7,0x0547,
0x0595,0x0775,0x0AA0,0x0AA0,0x0AA0,0x0AA0,0x0AA0,0x0AA0,
0x0AA0,0x0AA0,0x0AA0,0x0AA0,0x0AA0,0x0AA0,0x0AA0,0x0AA0,
0x0AA0,0x0AA0,0x0AA0,0x0AA0,0x0AA0,0x0AA0,0x0AA0,0x0AA0,
0x0AA0,0x0AC6,0x0AE9,0x0B14,0x0B2F,0x0B2F,0x0B2F,0x0B2F,
0x0B2F,0x0B5B,0x0B6D,0x0B6D,0x0B82,0x0B82,0x0B8C,0x0BB8,
0x0BD5,0x0BF6,0x0BF6,0x0BF6,0x0C01,0x0C1E,0x0C36,0x0C36,
0x0C36,0x0D6A,0x0EF0,0x1021,0x11B4,0x1258,0x1366,0x146D,
0x15E7,0x1751,0x1915,0x1A57,0x1C06,0x1D21,0x1ED4,0x200B,
0x21B0,0x21EE,0x21EE,0x24C4,0x2631,0x2631,0x2631,0x2631,
0x2631,0x2631,0x2631,0x2631,0x2631,0x2631,0x2631,0x2631,
0x2631,0x2631,0x2631,0x2631,0x2631,0x2654,0x288F,0x2B8A,
0x2B8A,0x2C5B,0x2D2C,0x2DBD,0x2ECE,0x2F69,0x2FC2,0x3053,
0x3128,0x31F9,0x3333,0x33FB,0x34AF,0x34AF,0x34AF,0x34AF,
0x34AF,0x34AF,0x34AF,0x34AF,0x34AF,0x34AF,0x34AF,0x34AF,
0x34AF,0x34AF,0x34AF,0x34AF,0x34AF,0x34AF,0x34AF,0x34AF,
0x34AF,0x34AF,0x34AF,0x34AF,0x34AF,0x34AF,0x34AF,0x34AF,
0x34AF,0x34AF,0x34AF,0x34AF,0x34AF,0x34AF,0x34AF,0x351F,
0x354F,0x358D,0x35C3,0x3734,0x3A2C,0x3A85,0x3AFD,0x3D53,
0x3EC1,0x4054,0x4054,0x4054,0x4054,0x4054,0x4054,0x4054,
0x4054,0x4054,0x4054,0x408B,0x4161,0x420A,0x4346,0x43D4,
0x4683,0x4858,0x4894,0x48B4,0x48F0,0x493D,0x493D,0x493D,
0x493D,0x493D,0x493D,0x493D,0x493D,0x493D,0x493D,0x493D,
0x493D,0x493D,0x493D,0x493D,0x493D,0x493D,0x493D,0x493D,
0x493D,0x493D,0x493D,0x493D,0x493D,0x493D,0x493D,0x493D,
0x493D,0x493D,0x493D,0x493D,0x493D,0x493D,0x493D,0x493D,
0x493D,0x493D,0x4970,0x49AB,0x49AB,0x49D3,0x49FB,0x4A22,
0x4A48,0x4A6E,0x4A97,0x4ABE,0x4ABE,0x4ABE,0x4ABE,
};
constexpr int mmz4_msg00_num_entries = 231;
alignas(16) inline constexpr uint8_t mmz4_msg00_script_data[] = {
0xF3,0x02,0x4F,0x12,0x25,0x26,0x30,0x25,0x36,0x00,0x27,0x33,0x32,0x00,0x35,0x39,
0x2D,0x41,0x32,0xDD,0xFC,0x00,0x00,0x19,0x34,0x29,0x36,0x25,0x28,0x33,0x36,0x25,
0xFC,0x00,0x00,0x0D,0x2D,0x29,0x30,0xFF,0xF3,0x07,0x4F,0x1B,0x39,0x41,0x00,0x33,
0x27,0x39,0x36,0x36,0x29,0xDD,0xFC,0x00,0x00,0x11,0x29,0x37,0x38,0x2D,0x33,0x32,
0x25,0x36,0x00,0x28,0x25,0x38,0x33,0x37,0xFC,0x00,0x00,0x12,0x25,0x26,0x30,0x25,
0x36,0xFF,0xF3,0x07,0x00,0x00,0x11,0x39,0x25,0x36,0x28,0x25,0x36,0x00,0x28,0x25,
0x38,0x33,0x37,0xFC,0x00,0x00,0x0D,0x25,0x36,0x2B,0x25,0x36,0x00,0x28,0x25,0x38,
0x33,0x37,0xFC,0x00,0x00,0x0C,0x33,0x36,0x36,0x25,0x36,0x00,0x28,0x25,0x38,0x33,
0x37,0xFF,0xF3,0x07,0x0B,0x2C,0xE8,0x00,0x25,0x32,0x38,0x29,0x37,0x00,0x28,0x29,
0x00,0x29,0x37,0x33,0xE5,0xE5,0xE5,0xFF,0xF3,0x07,0x4E,0x11,0x39,0x25,0x36,0x28,
0x25,0x36,0x41,0x00,0x38,0x39,0x37,0x00,0x28,0x25,0x38,0x33,0x37,0xCA,0xFC,0x00,
0x00,0x1D,0x42,0xFC,0x00,0x00,0x18,0x33,0xFF,0xF3,0x07,0x4E,0x1E,0x33,0x28,0x33,
0x00,0x2B,0x39,0x25,0x36,0x28,0x25,0x28,0x33,0xCA,0xFD,0x0F,0x37,0x38,0x25,0x36,
0x41,0x00,0x25,0x35,0x39,0x42,0x00,0x29,0x32,0x00,0x30,0x25,0xFC,0x37,0x25,0x30,
0x25,0x00,0x28,0x29,0x30,0x00,0x27,0x33,0x31,0x25,0x32,0x28,0x25,0x32,0x38,0x29,
0xE5,0xFD,0x1D,0x2D,0x00,0x35,0x39,0x2D,0x29,0x36,0x29,0x37,0x00,0x2B,0x39,0x25,
0x36,0x28,0x25,0x36,0xFC,0x38,0x39,0x37,0x00,0x28,0x25,0x38,0x33,0x37,0xE8,0x00,
0x37,0x33,0x30,0x33,0xFC,0x34,0x25,0x37,0x25,0x00,0x34,0x33,0x36,0x00,0x25,0x35,
0x39,0x42,0xE5,0xFD,0xE5,0xE5,0xE5,0xFF,0xF3,0x07,0x4F,0x1D,0x29,0x2B,0x39,0x36,
0x33,0xDD,0xFC,0x18,0x33,0x00,0x38,0x29,0x00,0x29,0x37,0x2A,0x39,0x29,0x36,0x27,
0x29,0x37,0xFC,0x28,0x29,0x31,0x25,0x37,0x2D,0x25,0x28,0x33,0xE5,0xFD,0x0F,0x37,
0x38,0x25,0x36,0x41,0x00,0x25,0x35,0x39,0x42,0x00,0x37,0x2D,0xFC,0x27,0x25,0x31,
0x26,0x2D,0x25,0x37,0x00,0x28,0x29,0x00,0x2D,0x28,0x29,0x25,0xE5,0xFD,0x17,0x29,
0x00,0x29,0x32,0x27,0x25,0x36,0x2B,0x33,0x00,0x28,0x29,0x00,0x30,0x33,0x37,0xFC,
0x28,0x25,0x38,0x33,0x37,0xE5,0x00,0x1A,0x25,0x37,0x25,0x00,0x34,0x33,0x36,0x00,
0x25,0x35,0x39,0x42,0xFC,0x37,0x2D,0x00,0x32,0x29,0x27,0x29,0x37,0x2D,0x38,0x25,
0x37,0x00,0x2B,0x39,0x25,0x36,0x28,0x25,0x36,0xE5,0xFD,0xE5,0xE5,0xE5,0xFF,0xF3,
0x3B,0x24,0x29,0x36,0x33,0xE5,0xE5,0xE5,0xFC,0x23,0x33,0xE5,0xE5,0xE5,0xFD,0xF3,
0x04,0x1A,0x36,0x29,0x33,0x27,0x39,0x34,0x25,0x36,0x37,0x29,0x00,0x32,0x33,0xFC,
0x28,0x29,0x38,0x29,0x32,0x28,0x36,0x40,0x00,0x25,0x30,0x00,0x29,0x2E,0x41,0x36,
0x27,0x2D,0x38,0x33,0xFC,0x28,0x29,0x00,0x21,0x29,0x2D,0x30,0xE5,0xFD,0x1D,0x33,
0x30,0x33,0x00,0x34,0x39,0x29,0x28,0x29,0x37,0x00,0x2C,0x25,0x27,0x29,0x36,0xFC,
0x38,0x39,0x00,0x31,0x29,0x2E,0x33,0x36,0x00,0x29,0x37,0x2A,0x39,0x29,0x36,0x3E,
0x33,0x00,0x3D,0xFC,0x29,0x37,0x34,0x29,0x36,0x25,0x36,0x00,0x35,0x39,0x29,0x00,
0x26,0x25,0x37,0x38,0x29,0xE5,0xFD,0xF3,0x07,0x0F,0x37,0x38,0x40,0x00,0x26,0x2D,
0x29,0x32,0xE8,0x00,0x2C,0x25,0x2B,0x25,0x31,0x33,0x37,0xFC,0x30,0x33,0x00,0x35,
0x39,0x29,0x00,0x34,0x33,0x28,0x25,0x31,0x33,0x37,0x00,0x34,0x25,0x36,0x25,0xFC,
0x34,0x36,0x33,0x38,0x29,0x2B,0x29,0x36,0x00,0x30,0x25,0xFD,0x30,0x25,0x00,0x32,
0x25,0x38,0x39,0x36,0x25,0x30,0x29,0x3E,0x25,0xFC,0x25,0x30,0x36,0x29,0x28,0x29,
0x28,0x33,0x36,0x00,0x28,0x29,0x30,0x00,0x45,0x36,0x29,0x25,0xFC,0x24,0x29,0x36,
0x33,0xE5,0xFD,0x0F,0x37,0x34,0x29,0x36,0x33,0x00,0x35,0x39,0x29,0x00,0x30,0x25,
0x00,0x2B,0x29,0x32,0x38,0x29,0xFC,0x28,0x29,0x30,0x00,0x0B,0x37,0x29,0x32,0x38,
0x25,0x31,0x2D,0x29,0x32,0x38,0x33,0xFC,0x29,0x32,0x38,0x2D,0x29,0x32,0x28,0x25,
0x00,0x35,0x39,0x29,0x00,0x32,0x33,0xFD,0x35,0x39,0x29,0x36,0x29,0x31,0x33,0x37,
0x00,0x2C,0x25,0x27,0x29,0x36,0x30,0x29,0x37,0xFC,0x28,0x25,0x4C,0x33,0xE5,0xFD,
0xF3,0x04,0x0F,0x37,0x38,0x33,0x3D,0x00,0x37,0x29,0x2B,0x39,0x36,0x33,0x00,0x35,
0x39,0x29,0x00,0x37,0x42,0xE5,0xFF,0xF3,0x22,0x4E,0x12,0x29,0x00,0x28,0x29,0x38,
0x29,0x27,0x38,0x25,0x28,0x33,0xFC,0x37,0x29,0x4C,0x25,0x30,0x29,0x37,0x00,0x28,
0x29,0x30,0x00,0x29,0x2E,0x41,0x36,0x27,0x2D,0x38,0x33,0xFC,0x28,0x29,0x00,0x21,
0x29,0x2D,0x30,0xCA,0xFD,0x4E,0x12,0x25,0x3D,0x00,0x09,0x00,0x39,0x32,0x2D,0x28,
0x25,0x28,0x29,0x37,0xCA,0xFD,0xF3,0x04,0x1C,0x25,0x2B,0x32,0x25,0x36,0x33,0x2F,
0x00,0x2C,0x25,0xFC,0x27,0x33,0x31,0x29,0x32,0x3E,0x25,0x28,0x33,0xE5,0xE5,0xE5,
0xFF,0xF3,0x22,0x17,0x33,0x37,0x38,0x36,0x25,0x32,0x28,0x33,0x00,0x28,0x25,0x38,
0x33,0x37,0xFC,0x29,0x32,0x00,0x34,0x25,0x32,0x38,0x25,0x30,0x30,0x25,0x00,0x25,
0x2C,0x33,0x36,0x25,0xE5,0xFF,0xF3,0x22,0x4F,0x0F,0x30,0x29,0x2B,0x2D,0x36,0x00,
0x31,0x2D,0x37,0x2D,0x43,0x32,0xDD,0xFC,0x00,0x00,0x1D,0x42,0xFC,0x00,0x00,0x18,
0x33,0xFF,0xF3,0x22,0x4E,0x0B,0x3A,0x42,0x37,0x25,0x31,0x29,0x00,0x27,0x39,0x25,
0x32,0x28,0x33,0x00,0x29,0x37,0x38,0x41,0x37,0xFC,0x30,0x2D,0x37,0x38,0x33,0x00,
0x34,0x25,0x36,0x25,0x00,0x34,0x25,0x36,0x38,0x2D,0x36,0xCA,0xFF,0xF3,0x22,0x4E,
0x1C,0x29,0x34,0x30,0x33,0x2D,0x28,0x29,0x37,0x00,0x37,0x29,0xFC,0x27,0x33,0x32,
0x27,0x29,0x32,0x38,0x36,0x25,0x32,0x00,0x29,0x32,0xFC,0x45,0x36,0x29,0x25,0x00,
0x24,0x29,0x36,0x33,0xCA,0xFD,0x4E,0x16,0x33,0x37,0x00,0x1C,0x29,0x34,0x30,0x33,
0x2D,0x28,0x29,0x37,0x00,0x28,0x29,0xFC,0x21,0x29,0x2D,0x30,0x00,0x3A,0x25,0x32,
0x00,0x2C,0x25,0x27,0x2D,0x25,0x00,0x29,0x30,0xFC,0x0B,0x37,0x29,0x32,0x38,0x25,
0x31,0x2D,0x29,0x32,0x38,0x33,0xCA,0xFD,0xF3,0x3B,0x4F,0x4E,0x1B,0x39,0x41,0xCA,
0xDD,0xFC,0x4F,0x4E,0x16,0x33,0x00,0x29,0x32,0x27,0x33,0x32,0x38,0x36,0x25,0x36,
0x33,0x32,0xCA,0xDD,0xFD,0xF3,0x22,0x4E,0x12,0x25,0x3D,0x00,0x27,0x33,0x31,0x26,
0x25,0x38,0x29,0x37,0x00,0x34,0x33,0x36,0xFC,0x38,0x33,0x28,0x33,0x00,0x29,0x30,
0xFC,0x0B,0x37,0x29,0x32,0x38,0x25,0x31,0x2D,0x29,0x32,0x38,0x33,0xCA,0xFD,0x16,
0x33,0x37,0x00,0x1C,0x29,0x34,0x30,0x33,0x2D,0x28,0x29,0x37,0x00,0x29,0x37,0x38,
0x40,0x32,0xFC,0x25,0x3A,0x25,0x32,0x3E,0x25,0x32,0x28,0x33,0xE5,0xFD,0xF3,0x04,
0x4E,0x19,0x34,0x29,0x36,0x25,0x28,0x33,0x36,0x25,0xCA,0xFC,0x4E,0x1E,0x36,0x25,
0x32,0x37,0x2A,0x2D,0x41,0x36,0x29,0x31,0x29,0x00,0x25,0x30,0xFC,0x0B,0x37,0x29,
0x32,0x38,0x25,0x31,0x2D,0x29,0x32,0x38,0x33,0xCA,0xFD,0xF3,0x22,0x4E,0x13,0x32,
0x2B,0x36,0x29,0x37,0x25,0x32,0x28,0x33,0xFC,0x27,0x33,0x33,0x36,0x28,0x29,0x32,
0x25,0x28,0x25,0x37,0xCA,0xFF,0xF3,0x3B,0x4E,0x24,0x29,0x36,0x33,0xCA,0x00,0x1A,
0x36,0x33,0x38,0x29,0x2B,0x29,0x00,0x29,0x30,0xFC,0x0B,0x37,0x29,0x32,0x38,0x25,
0x31,0x2D,0x29,0x32,0x38,0x33,0xE5,0xE5,0xE5,0xFC,0x1A,0x33,0x36,0x00,0x2A,0x25,
0x3A,0x33,0x36,0xE5,0xE5,0xE5,0xFF,0xF3,0x07,0x4E,0x0E,0x25,0x38,0x33,0x37,0x00,
0x2B,0x39,0x25,0x36,0x28,0x25,0x28,0x33,0x37,0xCA,0xFC,0x4E,0x24,0x29,0x36,0x33,
0xE8,0x00,0x38,0x29,0x32,0x00,0x27,0x39,0x2D,0x28,0x25,0x28,0x33,0xCA,0xFD,0xF3,
0x22,0x4E,0x24,0x29,0x36,0x33,0xCA,0xFC,0x4E,0x16,0x2D,0x37,0x38,0x33,0x00,0x34,
0x25,0x36,0x25,0x00,0x30,0x25,0xFC,0x38,0x36,0x25,0x32,0x37,0x2A,0x29,0x36,0x29,
0x32,0x27,0x2D,0x25,0xCA,0xFD,0xF3,0x04,0x4E,0x1E,0x36,0x25,0x32,0x37,0x2A,0x2D,
0x41,0x36,0x29,0x31,0x29,0xCA,0xFF,0xF3,0x07,0x4E,0x24,0x29,0x36,0x33,0xE8,0x00,
0x38,0x29,0x32,0x00,0x27,0x39,0x2D,0x28,0x25,0x28,0x33,0xCA,0xFD,0xF3,0x22,0x4E,
0x24,0x29,0x36,0x33,0xCA,0xFC,0x4E,0x16,0x2D,0x37,0x38,0x33,0x00,0x34,0x25,0x36,
0x25,0x00,0x30,0x25,0xFC,0x38,0x36,0x25,0x32,0x37,0x2A,0x29,0x36,0x29,0x32,0x27,
0x2D,0x25,0xCA,0xFD,0xF3,0x04,0x4E,0x1E,0x36,0x25,0x32,0x37,0x2A,0x2D,0x41,0x36,
0x29,0x31,0x29,0xCA,0xFF,0xF3,0x22,0x0F,0x37,0x38,0x29,0x00,0x29,0x37,0x00,0x29,
0x30,0x00,0x34,0x39,0x32,0x38,0x33,0xFC,0x28,0x33,0x32,0x28,0x29,0x00,0x0D,0x36,
0x25,0x2A,0x38,0xFC,0x28,0x29,0x37,0x25,0x34,0x25,0x36,0x29,0x27,0x2D,0x43,0x00,
0x38,0x36,0x25,0x37,0xFD,0x30,0x30,0x29,0x3A,0x25,0x36,0x37,0x29,0x00,0x25,0x00,
0x18,0x29,0x2D,0x2B,0x29,0xE5,0xFD,0x1A,0x36,0x33,0x26,0x25,0x26,0x30,0x29,0x31,
0x29,0x32,0x38,0x29,0x00,0x29,0x37,0x38,0x25,0xFC,0x37,0x29,0x25,0x00,0x30,0x25,
0x00,0x26,0x25,0x37,0x29,0x00,0x25,0x3A,0x25,0x32,0x3E,0x25,0x28,0x25,0xFC,0x28,
0x29,0x00,0x33,0x34,0x29,0x36,0x25,0x27,0x2D,0x33,0x32,0x29,0x37,0xFD,0x28,0x29,
0x00,0x1C,0x25,0x2B,0x32,0x25,0x36,0x33,0x2F,0xE5,0xFD,0xF3,0x04,0x0B,0x37,0x42,
0x00,0x35,0x39,0x29,0x00,0x18,0x29,0x2D,0x2B,0x29,0x00,0x29,0x37,0x38,0x40,0xFC,
0x25,0x35,0x39,0x42,0xE5,0xE5,0xE5,0xFD,0xF3,0x3B,0x19,0x3D,0x29,0xE8,0x00,0x24,
0x29,0x36,0x33,0xE5,0xE5,0xE5,0xFD,0x4F,0x0F,0x37,0x38,0x25,0x31,0x33,0x37,0x00,
0x2C,0x25,0x27,0x2D,0x29,0x32,0x28,0x33,0xFC,0x30,0x33,0x00,0x27,0x33,0x36,0x36,
0x29,0x27,0x38,0x33,0xDD,0xFD,0xF3,0x04,0x4F,0x1E,0x29,0x00,0x36,0x29,0x2A,0x2D,
0x29,0x36,0x29,0x37,0x00,0x25,0x00,0x30,0x25,0xFC,0x2B,0x29,0x32,0x38,0x29,0x00,
0x28,0x29,0x30,0xFC,0x0B,0x37,0x29,0x32,0x38,0x25,0x31,0x2D,0x29,0x32,0x38,0x33,
0xDD,0xFD,0xF3,0x3B,0x1D,0x42,0xE5,0xE5,0xE5,0xFC,0x13,0x32,0x27,0x30,0x39,0x37,
0x33,0x00,0x37,0x2D,0x00,0x25,0x3D,0x39,0x28,0x25,0x31,0x33,0x37,0xFC,0x25,0x00,
0x18,0x29,0x2D,0x2B,0x29,0xE5,0xE5,0xE5,0xFD,0x4F,0x0E,0x29,0x00,0x35,0x39,0x41,
0x00,0x37,0x29,0x36,0x3A,0x2D,0x36,0x40,0x00,0x37,0x2D,0xFC,0x30,0x25,0x00,0x2B,
0x29,0x32,0x38,0x29,0x00,0x32,0x33,0x00,0x25,0x26,0x36,0x29,0xFC,0x37,0x39,0x00,
0x27,0x33,0x36,0x25,0x3E,0x43,0x32,0xDD,0xFD,0x12,0x29,0x00,0x29,0x37,0x38,0x25,
0x28,0x33,0x00,0x34,0x29,0x32,0x37,0x25,0x32,0x28,0x33,0xFC,0x28,0x29,0x37,0x28,
0x29,0x00,0x35,0x39,0x29,0x00,0x29,0x37,0x27,0x39,0x27,0x2C,0x41,0xFC,0x27,0x39,
0x40,0x32,0x38,0x33,0x00,0x33,0x28,0x2D,0x25,0x32,0x00,0x30,0x33,0x37,0xFD,0x2C,
0x39,0x31,0x25,0x32,0x33,0x37,0x00,0x25,0x00,0x30,0x33,0x37,0xFC,0x1C,0x29,0x34,
0x30,0x33,0x2D,0x28,0x29,0x37,0xE5,0xE5,0xE5,0xFD,0x17,0x29,0x00,0x34,0x36,0x29,
0x2B,0x39,0x32,0x38,0x33,0x00,0x37,0x2D,0xFC,0x34,0x33,0x28,0x29,0x31,0x33,0x37,
0x00,0x2C,0x25,0x27,0x29,0x36,0x00,0x28,0x29,0x00,0x29,0x37,0x38,0x29,0xFC,0x31,
0x39,0x32,0x28,0x33,0x00,0x39,0x32,0x00,0x30,0x39,0x2B,0x25,0x36,0x00,0x31,0x29,
0x2E,0x33,0x36,0xE5,0xFF,0xF3,0x22,0x1F,0x32,0x25,0x00,0x30,0x42,0x32,0x29,0x25,
0x00,0x29,0x3C,0x38,0x29,0x36,0x32,0x25,0xE5,0xFC,0x1A,0x36,0x33,0x3A,0x2D,0x29,
0x32,0x29,0x00,0x28,0x29,0x30,0xFC,0x0B,0x37,0x29,0x32,0x38,0x25,0x31,0x2D,0x29,
0x32,0x38,0x33,0xE5,0xFD,0xF3,0x3B,0x4F,0x0F,0x2C,0xDD,0xFD,0xF3,0x22,0x0D,0x33,
0x32,0x29,0x27,0x38,0x25,0x32,0x28,0x33,0xE5,0xFD,0xF3,0x5D,0x14,0x33,0x3A,0x29,
0x32,0x00,0x28,0x29,0x30,0xFC,0x0B,0x37,0x29,0x32,0x38,0x25,0x31,0x2D,0x29,0x32,
0x38,0x33,0xD9,0xFC,0xE9,0x4F,0x17,0x29,0x00,0x33,0x3D,0x29,0x37,0xE8,0x00,0x24,
0x29,0x36,0x33,0xE5,0xE5,0xE5,0xDD,0xE9,0xFD,0xE9,0x18,0x33,0x00,0x34,0x33,0x28,
0x29,0x31,0x33,0x37,0x00,0x2C,0x25,0x27,0x29,0x36,0xFC,0x00,0x32,0x25,0x28,0x25,
0x00,0x34,0x25,0x36,0x25,0x00,0x37,0x25,0x30,0x3A,0x25,0x36,0x00,0x25,0xFC,0x00,
0x18,0x29,0x2D,0x2B,0x29,0xE5,0xE9,0xFD,0xE9,0x16,0x33,0x37,0x00,0x2C,0x39,0x31,
0x25,0x32,0x33,0x37,0x00,0x32,0x33,0xFC,0x00,0x37,0x33,0x31,0x33,0x37,0x00,0x38,
0x25,0x32,0x00,0x2A,0x39,0x29,0x36,0x38,0x29,0x37,0xFC,0x00,0x27,0x33,0x31,0x33,
0x00,0x39,0x37,0x38,0x29,0x28,0x29,0x37,0xE8,0xFD,0x00,0x1C,0x29,0x34,0x30,0x33,
0x2D,0x28,0x29,0x37,0xE5,0xE9,0xFD,0xE9,0x1A,0x29,0x36,0x33,0x00,0x38,0x29,0x32,
0x42,0x25,0x37,0xFC,0x00,0x36,0x25,0x3E,0x43,0x32,0xE5,0xE9,0xFD,0xE9,0x1D,0x2D,
0x00,0x25,0x26,0x25,0x32,0x28,0x33,0x32,0x25,0x31,0x33,0x37,0x00,0x25,0xFC,0x00,
0x18,0x29,0x2D,0x2B,0x29,0xE8,0x00,0x38,0x33,0x28,0x33,0x00,0x29,0x37,0x38,0x29,
0xFC,0x00,0x0B,0x37,0x29,0x32,0x38,0x25,0x31,0x2D,0x29,0x32,0x38,0x33,0x00,0x32,
0x33,0xFD,0x00,0x37,0x2D,0x2B,0x32,0x2D,0x2A,0x2D,0x27,0x25,0x36,0x40,0x00,0x32,
0x25,0x28,0x25,0xE5,0xE9,0xFD,0xE9,0x0E,0x29,0x37,0x28,0x29,0x00,0x35,0x39,0x29,
0x00,0x38,0x33,0x28,0x33,0x37,0xFC,0x00,0x28,0x29,0x27,0x2D,0x28,0x2D,0x31,0x33,
0x37,0x00,0x3A,0x2D,0x3A,0x2D,0x36,0xFC,0x00,0x30,0x2D,0x26,0x36,0x29,0x37,0x00,
0x28,0x29,0x30,0x00,0x28,0x33,0x31,0x2D,0x32,0x2D,0x33,0xFD,0x00,0x28,0x29,0x00,
0x21,0x29,0x2D,0x30,0xE8,0x00,0x18,0x29,0x2D,0x2B,0x29,0x00,0x32,0x33,0x37,0xFC,
0x00,0x2C,0x25,0x00,0x25,0x3D,0x39,0x28,0x25,0x28,0x33,0x00,0x31,0x40,0x37,0xFC,
0x00,0x3A,0x29,0x27,0x29,0x37,0x00,0x28,0x29,0x00,0x30,0x25,0x37,0x00,0x35,0x39,
0x29,0xFD,0x00,0x34,0x33,0x28,0x29,0x31,0x33,0x37,0x00,0x27,0x33,0x32,0x38,0x25,
0x36,0xE5,0xE9,0xFD,0xE9,0x18,0x33,0x00,0x38,0x29,0x32,0x29,0x31,0x33,0x37,0xFC,
0x00,0x28,0x29,0x36,0x29,0x27,0x2C,0x33,0x00,0x25,0x00,0x34,0x29,0x28,0x2D,0x36,
0x38,0x29,0xFC,0x00,0x29,0x37,0x38,0x33,0xE8,0x00,0x34,0x29,0x36,0x33,0xE5,0xE5,
0xE5,0xE9,0xFD,0xE9,0x1A,0x33,0x36,0x00,0x2A,0x25,0x3A,0x33,0x36,0xE8,0x00,0x37,
0x25,0x30,0x3A,0x25,0x00,0x25,0xFC,0x00,0x18,0x29,0x2D,0x2B,0x29,0x00,0x34,0x33,
0x36,0xFC,0x00,0x32,0x33,0x37,0x33,0x38,0x36,0x33,0x37,0xE5,0xE9,0xFD,0xE9,0x1D,
0x2D,0x00,0x28,0x29,0x00,0x3A,0x29,0x36,0x28,0x25,0x28,0x00,0x32,0x33,0xFC,0x00,
0x29,0x36,0x29,0x37,0x00,0x27,0x33,0x31,0x33,0x00,0x21,0x29,0x2D,0x30,0x00,0x3D,
0xFC,0x00,0x30,0x33,0x37,0x00,0x28,0x29,0x31,0x40,0x37,0xE8,0xFD,0x00,0x34,0x33,
0x36,0x00,0x2A,0x25,0x3A,0x33,0x36,0xFC,0x00,0x34,0x36,0x41,0x37,0x38,0x25,0x32,
0x33,0x37,0x00,0x38,0x39,0xFC,0x00,0x2A,0x39,0x29,0x36,0x3E,0x25,0xE5,0xE9,0xFD,
0xF3,0x07,0x4E,0x24,0x29,0x36,0x33,0xCA,0xFD,0xF3,0x04,0x1D,0x25,0x30,0x3A,0x25,
0x36,0x41,0x00,0x25,0x00,0x18,0x29,0x2D,0x2B,0x29,0xE5,0xFD,0xF3,0x5D,0x14,0x33,
0x3A,0x29,0x32,0x00,0x28,0x29,0x30,0xFC,0x0B,0x37,0x29,0x32,0x38,0x25,0x31,0x2D,
0x29,0x32,0x38,0x33,0xD9,0xFC,0xE9,0x11,0x36,0x25,0x27,0x2D,0x25,0x37,0xE5,0xE5,
0xE5,0xFD,0x00,0x3D,0xE5,0xE5,0xE5,0x26,0x39,0x29,0x32,0x25,0x00,0x37,0x39,0x29,
0x36,0x38,0x29,0xE5,0xE5,0xE5,0xE9,0xFD,0xF3,0x22,0x24,0x29,0x36,0x33,0xE8,0x00,
0x29,0x37,0x38,0x25,0x31,0x33,0x37,0xFC,0x30,0x2D,0x37,0x38,0x33,0x37,0x00,0x27,
0x39,0x25,0x32,0x28,0x33,0x00,0x38,0x44,0xFC,0x30,0x33,0x00,0x29,0x37,0x38,0x41,
0x37,0xE5,0xFD,0xF3,0x07,0x24,0x29,0x36,0x33,0xE5,0xE5,0xE5,0xFC,0x4E,0x1E,0x29,
0x32,0x00,0x27,0x39,0x2D,0x28,0x25,0x28,0x33,0x00,0x25,0x2C,0x42,0xFC,0x2A,0x39,
0x29,0x36,0x25,0xCA,0xFD,0xF3,0x04,0x19,0x34,0x29,0x36,0x25,0x28,0x33,0x36,0x25,
0xE8,0xFC,0x38,0x36,0x25,0x32,0x37,0x2A,0x2D,0x41,0x36,0x29,0x31,0x29,0xE5,0xFF,
0xF3,0x0D,0x4F,0x18,0x29,0x27,0x29,0x37,0x2D,0x38,0x25,0x37,0x00,0x25,0x30,0x2B,
0x33,0xDD,0xFC,0x00,0x00,0x1C,0x29,0x27,0x29,0x38,0x25,0x37,0xFC,0x00,0x00,0x12,
0x25,0x26,0x30,0x25,0x36,0xFF,0xF3,0x0F,0x4F,0x1B,0x39,0x41,0x00,0x34,0x25,0x37,
0x25,0xE8,0x00,0x24,0x29,0x36,0x33,0xDD,0xFC,0x00,0x00,0x0F,0x30,0x2A,0x33,0xFC,
0x00,0x00,0x12,0x25,0x26,0x30,0x25,0x36,0xFF,0xF3,0x22,0x0F,0x37,0x38,0x25,0x37,
0x00,0x37,0x33,0x32,0x00,0x30,0x25,0x37,0x00,0x40,0x36,0x29,0x25,0x37,0xFC,0x25,
0x00,0x30,0x25,0x37,0x00,0x35,0x39,0x29,0x00,0x34,0x39,0x29,0x28,0x29,0x37,0x00,
0x2D,0x36,0xE5,0xFF,0xFB,0xF3,0x22,0x4F,0x0F,0x37,0x38,0x25,0x00,0x31,0x2D,0x37,
0x2D,0x43,0x32,0xDD,0xFC,0x00,0x00,0x1D,0x42,0xFC,0x00,0x00,0x18,0x33,0xFF,0xF3,
0x22,0x0F,0x37,0x38,0x40,0x00,0x26,0x2D,0x29,0x32,0xE5,0xE5,0xE5,0xFC,0x16,0x2D,
0x37,0x38,0x33,0x00,0x34,0x25,0x36,0x25,0x00,0x30,0x25,0xFC,0x38,0x36,0x25,0x32,
0x37,0x2A,0x29,0x36,0x29,0x32,0x27,0x2D,0x25,0xE5,0xFF,0xF3,0x22,0x4E,0x1E,0x36,
0x25,0x32,0x37,0x2A,0x2D,0x36,0x2D,0x29,0x32,0x28,0x33,0xCA,0xFF,0xF3,0x07,0x24,
0x29,0x36,0x33,0xE8,0x00,0x38,0x29,0x32,0x00,0x27,0x39,0x2D,0x28,0x25,0x28,0x33,
0xE5,0xFF,0xF3,0x3B,0x24,0x29,0x36,0x33,0xE5,0xE5,0xE5,0xFF,0xF3,0x3B,0x24,0x29,
0x36,0x33,0xE5,0xE5,0xE5,0xFD,0x0B,0x37,0x29,0x2B,0x44,0x36,0x25,0x38,0x29,0x00,
0x28,0x29,0x00,0x3A,0x33,0x30,0x3A,0x29,0x36,0xFC,0x37,0x25,0x32,0x33,0x00,0x3D,
0x00,0x37,0x25,0x30,0x3A,0x33,0xE5,0xFF,0xF3,0x07,0x0E,0x25,0x00,0x30,0x33,0x00,
0x31,0x29,0x2E,0x33,0x36,0xFC,0x28,0x29,0x00,0x38,0x2D,0xE8,0x00,0x24,0x29,0x36,
0x33,0xE5,0xE5,0xE5,0xFF,0xF3,0x3B,0x24,0x29,0x36,0x33,0xE5,0xE5,0xE5,0xFD,0x20,
0x39,0x29,0x30,0x3A,0x29,0x00,0x27,0x33,0x32,0xFC,0x32,0x33,0x37,0x33,0x38,0x36,
0x33,0x37,0xE5,0xE5,0xE5,0xFF,0xF3,0x3B,0x4E,0x24,0x29,0x36,0x33,0x33,0x33,0xCA,
0xFF,0xF3,0x22,0x1E,0x36,0x25,0x32,0x37,0x2A,0x2D,0x36,0x2D,0x29,0x32,0x28,0x33,
0xE5,0xE5,0xE5,0xFC,0x03,0xE5,0xE5,0xE5,0xFC,0x02,0xE5,0xE5,0xE5,0xFF,0xF3,0x22,
0x0C,0x2D,0x29,0x32,0x3A,0x29,0x32,0x2D,0x28,0x33,0xFC,0x28,0x29,0x00,0x3A,0x39,
0x29,0x30,0x38,0x25,0xE5,0xFF,0xFB,0xF3,0x22,0x1F,0x32,0x00,0x2B,0x36,0x25,0x32,
0x00,0x27,0x25,0x4C,0x43,0x32,0x00,0x28,0x29,0xFC,0x34,0x25,0x36,0x38,0x42,0x27,
0x39,0x30,0x25,0x37,0x00,0x2A,0x39,0x29,0xFC,0x27,0x33,0x30,0x33,0x27,0x25,0x28,
0x33,0x00,0x29,0x32,0x00,0x29,0x30,0x00,0x34,0x39,0x32,0x38,0x33,0xFD,0x0B,0xD6,
0x05,0x00,0x34,0x33,0x36,0x00,0x29,0x30,0x00,0x29,0x2E,0x41,0x36,0x27,0x2D,0x38,
0x33,0xFC,0x28,0x29,0x00,0x21,0x29,0x2D,0x30,0xE5,0xFD,0x0E,0x2D,0x37,0x34,0x25,
0x36,0x25,0x00,0x36,0x25,0x3D,0x33,0x37,0x00,0x30,0x40,0x37,0x29,0x36,0xFC,0x2D,
0x32,0x38,0x29,0x36,0x31,0x2D,0x38,0x29,0x32,0x38,0x29,0x37,0x00,0x35,0x39,0x29,
0xFC,0x28,0x29,0x37,0x38,0x36,0x39,0x3D,0x29,0x32,0x00,0x38,0x33,0x28,0x33,0xFD,
0x29,0x32,0x00,0x29,0x30,0x00,0x40,0x36,0x29,0x25,0xE5,0xFD,0x1A,0x25,0x36,0x29,
0x27,0x29,0x00,0x2A,0x39,0x32,0x27,0x2D,0x33,0x32,0x25,0x36,0xFC,0x27,0x33,0x32,
0x00,0x29,0x32,0x29,0x36,0x2B,0x42,0x25,0x00,0x37,0x33,0x30,0x25,0x36,0xE5,0xFD,
0x1A,0x36,0x33,0x32,0x38,0x33,0x00,0x29,0x37,0x38,0x25,0x36,0x40,0x00,0x25,0x30,
0xFC,0x25,0x30,0x27,0x25,0x32,0x27,0x29,0x00,0x28,0x29,0x00,0x28,0x2D,0x37,0x34,
0x25,0x36,0x33,0xFC,0x28,0x29,0x30,0x00,0x45,0x36,0x29,0x25,0x00,0x24,0x29,0x36,
0x33,0xE5,0xFD,0x0D,0x33,0x36,0x38,0x25,0x00,0x30,0x25,0x00,0x29,0x32,0x29,0x36,
0x2B,0x42,0x25,0xFC,0x28,0x29,0x30,0x00,0x27,0x25,0x4C,0x43,0x32,0x00,0x25,0x32,
0x38,0x29,0x37,0x00,0x28,0x29,0xFC,0x35,0x39,0x29,0x00,0x45,0x36,0x29,0x25,0x00,
0x24,0x29,0x36,0x33,0xFD,0x29,0x32,0x38,0x36,0x29,0x00,0x29,0x32,0x00,0x37,0x39,
0x00,0x25,0x30,0x27,0x25,0x32,0x27,0x29,0xE5,0xFF,0xFB,0xF3,0x22,0x1F,0x32,0x00,
0x2B,0x36,0x25,0x32,0x00,0x27,0x25,0x4C,0x43,0x32,0x00,0x28,0x29,0xFC,0x34,0x25,
0x36,0x38,0x42,0x27,0x39,0x30,0x25,0x37,0x00,0x2A,0x39,0x29,0xFC,0x27,0x33,0x30,
0x33,0x27,0x25,0x28,0x33,0x00,0x29,0x32,0x00,0x29,0x30,0x00,0x34,0x39,0x32,0x38,
0x33,0xFD,0x0B,0xD6,0x05,0x00,0x34,0x33,0x36,0x00,0x29,0x30,0x00,0x29,0x2E,0x41,
0x36,0x27,0x2D,0x38,0x33,0xFC,0x28,0x29,0x00,0x21,0x29,0x2D,0x30,0xE5,0xFD,0x0E,
0x2D,0x37,0x34,0x25,0x36,0x25,0x00,0x36,0x25,0x3D,0x33,0x37,0x00,0x30,0x40,0x37,
0x29,0x36,0xFC,0x2D,0x32,0x38,0x29,0x36,0x31,0x2D,0x38,0x29,0x32,0x38,0x29,0x37,
0x00,0x35,0x39,0x29,0xFC,0x28,0x29,0x37,0x38,0x36,0x39,0x3D,0x29,0x32,0x00,0x38,
0x33,0x28,0x33,0xFD,0x29,0x32,0x00,0x29,0x30,0x00,0x40,0x36,0x29,0x25,0xE5,0xFD,
0x1A,0x25,0x36,0x29,0x27,0x29,0x00,0x2A,0x39,0x32,0x27,0x2D,0x33,0x32,0x25,0x36,
0xFC,0x27,0x33,0x32,0x00,0x29,0x32,0x29,0x36,0x2B,0x42,0x25,0x00,0x37,0x33,0x30,
0x25,0x36,0xE5,0xFD,0x1A,0x36,0x33,0x32,0x38,0x33,0x00,0x29,0x37,0x38,0x25,0x36,
0x40,0x00,0x25,0x30,0xFC,0x25,0x30,0x27,0x25,0x32,0x27,0x29,0x00,0x28,0x29,0x00,
0x28,0x2D,0x37,0x34,0x25,0x36,0x33,0xFC,0x28,0x29,0x30,0x00,0x45,0x36,0x29,0x25,
0x00,0x24,0x29,0x36,0x33,0xE5,0xFD,0x0D,0x33,0x36,0x38,0x25,0x00,0x30,0x25,0x00,
0x29,0x32,0x29,0x36,0x2B,0x42,0x25,0xFC,0x28,0x29,0x30,0x00,0x27,0x25,0x4C,0x43,
0x32,0x00,0x25,0x32,0x38,0x29,0x37,0x00,0x28,0x29,0xFC,0x35,0x39,0x29,0x00,0x45,
0x36,0x29,0x25,0x00,0x24,0x29,0x36,0x33,0xFD,0x29,0x32,0x38,0x36,0x29,0x00,0x29,
0x32,0x00,0x37,0x39,0x00,0x25,0x30,0x27,0x25,0x32,0x27,0x29,0xE5,0xFD,0x0D,0x33,
0x31,0x33,0x00,0x29,0x37,0x38,0x40,0x00,0x32,0x39,0x26,0x30,0x25,0x28,0x33,0xE8,
0xFC,0x29,0x30,0x00,0x27,0x25,0x4C,0x43,0x32,0x00,0x32,0x33,0x00,0x27,0x25,0x36,
0x2B,0x25,0xFC,0x25,0x30,0x00,0x02,0x01,0x01,0xCE,0xE5,0xFD,0x1A,0x39,0x29,0x28,
0x29,0x00,0x37,0x29,0x36,0x00,0x38,0x39,0xFC,0x33,0x34,0x33,0x36,0x38,0x39,0x32,
0x2D,0x28,0x25,0x28,0x00,0x28,0x29,0xFC,0x25,0x38,0x25,0x27,0x25,0x36,0xE5,0xFF,
0xFB,0xF3,0x22,0x1C,0x29,0x27,0x2D,0x26,0x42,0x00,0x39,0x32,0x00,0x2D,0x32,0x2A,
0x33,0x36,0x31,0x29,0x00,0x28,0x29,0xFC,0x35,0x39,0x29,0x00,0x29,0x30,0x00,0x37,
0x39,0x26,0x31,0x25,0x36,0x2D,0x32,0x33,0xFC,0x38,0x25,0x30,0x25,0x28,0x36,0x33,
0x00,0x2B,0x2D,0x2B,0x25,0x32,0x38,0x29,0x00,0x29,0x37,0x38,0x40,0xFD,0x34,0x25,
0x38,0x36,0x39,0x30,0x30,0x25,0x32,0x28,0x33,0x00,0x29,0x30,0xFC,0x2A,0x33,0x32,
0x28,0x33,0x00,0x28,0x29,0x30,0x00,0x31,0x25,0x36,0xE5,0xFC,0x16,0x30,0x29,0x3A,
0x25,0x00,0x29,0x3C,0x34,0x30,0x33,0x37,0x2D,0x3A,0x33,0x37,0xE8,0xFD,0x25,0x37,
0x42,0x00,0x35,0x39,0x29,0x00,0x27,0x36,0x29,0x33,0x00,0x35,0x39,0x29,0xFC,0x34,
0x29,0x36,0x2A,0x33,0x36,0x25,0x36,0x40,0x00,0x30,0x25,0x00,0x38,0x2D,0x29,0x36,
0x36,0x25,0xFC,0x3D,0x00,0x28,0x29,0x38,0x33,0x32,0x25,0x36,0x40,0xE5,0xFD,0x0B,
0x30,0x00,0x2A,0x36,0x25,0x27,0x38,0x39,0x36,0x25,0x36,0x00,0x39,0x32,0x25,0xFC,
0x34,0x30,0x25,0x27,0x25,0x00,0x38,0x29,0x27,0x38,0x43,0x32,0x2D,0x27,0x25,0xE8,
0xFC,0x34,0x33,0x28,0x36,0x42,0x25,0x32,0x00,0x27,0x25,0x39,0x37,0x25,0x36,0x00,
0x39,0x32,0xFD,0x38,0x29,0x36,0x36,0x29,0x31,0x33,0x38,0x33,0x00,0x28,0x29,0xFC,
0x34,0x36,0x33,0x34,0x33,0x36,0x27,0x2D,0x33,0x32,0x29,0x37,0xFC,0x27,0x25,0x38,
0x25,0x37,0x38,0x36,0x43,0x2A,0x2D,0x27,0x25,0x37,0xE5,0xFD,0x0E,0x29,0x38,0x41,
0x32,0x00,0x29,0x30,0x00,0x37,0x39,0x26,0x31,0x25,0x36,0x2D,0x32,0x33,0xFC,0x25,
0x32,0x38,0x29,0x37,0x00,0x28,0x29,0x00,0x35,0x39,0x29,0x00,0x30,0x30,0x29,0x2B,
0x39,0x29,0xFC,0x25,0x00,0x37,0x39,0x00,0x28,0x29,0x37,0x38,0x2D,0x32,0x33,0xE5,
0xFF,0xFB,0xF3,0x22,0x1C,0x29,0x27,0x2D,0x26,0x42,0x00,0x39,0x32,0x00,0x2D,0x32,
0x2A,0x33,0x36,0x31,0x29,0x00,0x28,0x29,0xFC,0x35,0x39,0x29,0x00,0x29,0x30,0x00,
0x37,0x39,0x26,0x31,0x25,0x36,0x2D,0x32,0x33,0xFC,0x38,0x25,0x30,0x25,0x28,0x36,
0x33,0x00,0x2B,0x2D,0x2B,0x25,0x32,0x38,0x29,0x00,0x29,0x37,0x38,0x40,0xFD,0x34,
0x25,0x38,0x36,0x39,0x30,0x30,0x25,0x32,0x28,0x33,0x00,0x29,0x30,0xFC,0x2A,0x33,
0x32,0x28,0x33,0x00,0x28,0x29,0x30,0x00,0x31,0x25,0x36,0xE5,0xFC,0x16,0x30,0x29,
0x3A,0x25,0x00,0x29,0x3C,0x34,0x30,0x33,0x37,0x2D,0x3A,0x33,0x37,0xE8,0xFD,0x25,
0x37,0x42,0x00,0x35,0x39,0x29,0x00,0x27,0x36,0x29,0x33,0x00,0x35,0x39,0x29,0xFC,
0x34,0x29,0x36,0x2A,0x33,0x36,0x25,0x36,0x40,0x00,0x30,0x25,0x00,0x38,0x2D,0x29,
0x36,0x36,0x25,0xFC,0x3D,0x00,0x28,0x29,0x38,0x33,0x32,0x25,0x36,0x40,0xE5,0xFD,
0x0B,0x30,0x00,0x2A,0x36,0x25,0x27,0x38,0x39,0x36,0x25,0x36,0x00,0x39,0x32,0x25,
0xFC,0x34,0x30,0x25,0x27,0x25,0x00,0x38,0x29,0x27,0x38,0x43,0x32,0x2D,0x27,0x25,
0xE8,0xFC,0x34,0x33,0x28,0x36,0x42,0x25,0x32,0x00,0x27,0x25,0x39,0x37,0x25,0x36,
0x00,0x39,0x32,0xFD,0x38,0x29,0x36,0x36,0x29,0x31,0x33,0x38,0x33,0x00,0x28,0x29,
0xFC,0x34,0x36,0x33,0x34,0x33,0x36,0x27,0x2D,0x33,0x32,0x29,0x37,0xFC,0x27,0x25,
0x38,0x25,0x37,0x38,0x36,0x43,0x2A,0x2D,0x27,0x25,0x37,0xE5,0xFD,0x0E,0x29,0x38,
0x41,0x32,0x00,0x29,0x30,0x00,0x37,0x39,0x26,0x31,0x25,0x36,0x2D,0x32,0x33,0xFC,
0x25,0x32,0x38,0x29,0x37,0x00,0x28,0x29,0x00,0x35,0x39,0x29,0x00,0x30,0x30,0x29,
0x2B,0x39,0x29,0xFC,0x25,0x00,0x37,0x39,0x00,0x28,0x29,0x37,0x38,0x2D,0x32,0x33,
0xE5,0xFD,0x0F,0x30,0x00,0x27,0x30,0x2D,0x31,0x25,0x00,0x29,0x37,0x38,0x40,0xFC,
0x37,0x33,0x30,0x29,0x25,0x28,0x33,0xE8,0x00,0x32,0x33,0x00,0x2C,0x25,0x26,0x36,
0x40,0xFC,0x34,0x36,0x33,0x26,0x30,0x29,0x31,0x25,0x37,0x00,0x28,0x29,0x00,0x36,
0x25,0x28,0x2D,0x33,0xE5,0xFD,0x0D,0x2D,0x29,0x30,0x00,0x34,0x33,0x28,0x36,0x40,
0x00,0x25,0x3D,0x39,0x28,0x25,0x36,0x38,0x29,0xFC,0x25,0x00,0x29,0x32,0x27,0x33,
0x32,0x38,0x36,0x25,0x36,0x00,0x29,0x30,0xFC,0x37,0x39,0x26,0x31,0x25,0x36,0x2D,
0x32,0x33,0xE5,0xFF,0xFB,0xF3,0x22,0x12,0x29,0x31,0x33,0x37,0x00,0x30,0x33,0x27,
0x25,0x30,0x2D,0x3E,0x25,0x28,0x33,0x00,0x30,0x25,0xFC,0x2A,0x33,0x36,0x38,0x25,
0x30,0x29,0x3E,0x25,0x00,0x2A,0x30,0x33,0x38,0x25,0x32,0x38,0x29,0xFC,0x28,0x29,
0x00,0x21,0x29,0x2D,0x30,0xE5,0x00,0x11,0x29,0x32,0x29,0x36,0x25,0xFD,0x32,0x39,
0x26,0x29,0x37,0x00,0x29,0x37,0x34,0x29,0x27,0x2D,0x25,0x30,0x29,0x37,0x00,0x35,
0x39,0x29,0xFC,0x34,0x36,0x33,0x3A,0x33,0x27,0x25,0x32,0x00,0x36,0x29,0x30,0x40,
0x31,0x34,0x25,0x2B,0x33,0x37,0xFC,0x3D,0x00,0x30,0x30,0x39,0x3A,0x2D,0x25,0x00,
0x40,0x27,0x2D,0x28,0x25,0xE5,0xFD,0x13,0x32,0x2A,0x2D,0x30,0x38,0x36,0x25,0x38,
0x29,0x00,0x3D,0x00,0x28,0x29,0x36,0x36,0x2D,0x26,0x25,0xFC,0x29,0x37,0x25,0x00,
0x31,0x33,0x32,0x37,0x38,0x36,0x39,0x33,0x37,0x2D,0x28,0x25,0x28,0xFC,0x2A,0x30,
0x33,0x38,0x25,0x32,0x38,0x29,0xE5,0xFF,0xFB,0xF3,0x22,0x12,0x29,0x31,0x33,0x37,
0x00,0x30,0x33,0x27,0x25,0x30,0x2D,0x3E,0x25,0x28,0x33,0x00,0x30,0x25,0xFC,0x2A,
0x33,0x36,0x38,0x25,0x30,0x29,0x3E,0x25,0x00,0x2A,0x30,0x33,0x38,0x25,0x32,0x38,
0x29,0xFC,0x28,0x29,0x00,0x21,0x29,0x2D,0x30,0xE5,0x00,0x11,0x29,0x32,0x29,0x36,
0x25,0xFD,0x32,0x39,0x26,0x29,0x37,0x00,0x29,0x37,0x34,0x29,0x27,0x2D,0x25,0x30,
0x29,0x37,0x00,0x35,0x39,0x29,0xFC,0x34,0x36,0x33,0x3A,0x33,0x27,0x25,0x32,0x00,
0x36,0x29,0x30,0x40,0x31,0x34,0x25,0x2B,0x33,0x37,0xFC,0x3D,0x00,0x30,0x30,0x39,
0x3A,0x2D,0x25,0x00,0x40,0x27,0x2D,0x28,0x25,0xE5,0xFD,0x13,0x32,0x2A,0x2D,0x30,
0x38,0x36,0x25,0x38,0x29,0x00,0x3D,0x00,0x28,0x29,0x36,0x36,0x2D,0x26,0x25,0xFC,
0x29,0x37,0x25,0x00,0x31,0x33,0x32,0x37,0x38,0x36,0x39,0x33,0x37,0x2D,0x28,0x25,
0x28,0xFC,0x2A,0x30,0x33,0x38,0x25,0x32,0x38,0x29,0xE5,0xFD,0x0D,0x33,0x31,0x33,
0x00,0x29,0x37,0x38,0x40,0x00,0x37,0x33,0x30,0x29,0x25,0x28,0x33,0xE8,0xFC,0x25,
0x30,0x2B,0x39,0x32,0x25,0x37,0x00,0x32,0x39,0x26,0x29,0x37,0x00,0x37,0x29,0x00,
0x2C,0x25,0x32,0xFC,0x28,0x2D,0x37,0x2D,0x34,0x25,0x28,0x33,0xE5,0xFD,0x16,0x25,
0x00,0x3A,0x2D,0x37,0x2D,0x26,0x2D,0x30,0x2D,0x28,0x25,0x28,0x00,0x29,0x37,0xFC,
0x25,0x30,0x38,0x25,0xE5,0x00,0x0F,0x37,0x00,0x39,0x32,0x00,0x26,0x39,0x29,0x32,
0xFC,0x31,0x33,0x31,0x29,0x32,0x38,0x33,0x00,0x34,0x25,0x36,0x25,0x00,0x25,0x38,
0x25,0x27,0x25,0x36,0xE5,0xFF,0xFB,0xF3,0x22,0x0F,0x37,0x38,0x25,0x00,0x40,0x36,
0x29,0x25,0x00,0x25,0x32,0x38,0x29,0x37,0xFC,0x34,0x29,0x36,0x38,0x29,0x32,0x29,
0x27,0x42,0x25,0x00,0x25,0x00,0x33,0x38,0x36,0x33,0xFC,0x2B,0x36,0x39,0x34,0x33,
0x00,0x28,0x29,0x00,0x36,0x29,0x37,0x2D,0x37,0x38,0x29,0x32,0x27,0x2D,0x25,0xE5,
0xFD,0x0B,0x2C,0x33,0x36,0x25,0x00,0x21,0x29,0x2D,0x30,0x00,0x30,0x25,0x00,0x39,
0x37,0x25,0xFC,0x27,0x33,0x31,0x33,0x00,0x26,0x25,0x37,0x29,0x00,0x25,0x3A,0x25,
0x32,0x3E,0x25,0x28,0x25,0xE5,0xFC,0x0E,0x29,0x38,0x29,0x27,0x38,0x33,0xFD,0x32,
0x25,0x32,0x33,0x31,0x40,0x35,0x39,0x2D,0x32,0x25,0x37,0x00,0x27,0x33,0x32,0xFC,
0x2A,0x33,0x36,0x31,0x25,0x00,0x28,0x29,0x00,0x34,0x30,0x25,0x32,0x38,0x25,0xE5,
0xFC,0x1A,0x25,0x36,0x29,0x27,0x29,0x32,0x00,0x34,0x36,0x33,0x37,0x34,0x29,0x36,
0x25,0x36,0xFD,0x27,0x33,0x32,0x00,0x30,0x25,0x00,0x29,0x32,0x29,0x36,0x2B,0x42,
0x25,0xFC,0x2B,0x29,0x33,0x38,0x41,0x36,0x31,0x2D,0x27,0x25,0xE5,0x00,0x0B,0x00,
0x29,0x37,0x38,0x29,0xFC,0x36,0x2D,0x38,0x31,0x33,0xE8,0xFD,0x37,0x29,0x2B,0x39,
0x2D,0x36,0x40,0x32,0x00,0x2C,0x25,0x37,0x38,0x25,0xFC,0x29,0x32,0x2B,0x39,0x30,
0x30,0x2D,0x36,0x00,0x45,0x36,0x29,0x25,0x00,0x24,0x29,0x36,0x33,0xE5,0xFC,0x0E,
0x29,0x38,0x41,0x32,0x30,0x25,0x37,0x00,0x25,0x32,0x38,0x29,0x37,0xFD,0x28,0x29,
0x00,0x35,0x39,0x29,0x00,0x33,0x27,0x39,0x36,0x36,0x25,0xE5,0xFF,0xFB,0xF3,0x22,
0x0F,0x37,0x38,0x25,0x00,0x40,0x36,0x29,0x25,0x00,0x25,0x32,0x38,0x29,0x37,0xFC,
0x34,0x29,0x36,0x38,0x29,0x32,0x29,0x27,0x42,0x25,0x00,0x25,0x00,0x33,0x38,0x36,
0x33,0xFC,0x2B,0x36,0x39,0x34,0x33,0x00,0x28,0x29,0x00,0x36,0x29,0x37,0x2D,0x37,
0x38,0x29,0x32,0x27,0x2D,0x25,0xE5,0xFD,0x0B,0x2C,0x33,0x36,0x25,0x00,0x21,0x29,
0x2D,0x30,0x00,0x30,0x25,0x00,0x39,0x37,0x25,0xFC,0x27,0x33,0x31,0x33,0x00,0x26,
0x25,0x37,0x29,0x00,0x25,0x3A,0x25,0x32,0x3E,0x25,0x28,0x25,0xE5,0xFC,0x0E,0x29,
0x38,0x29,0x27,0x38,0x33,0xFD,0x32,0x25,0x32,0x33,0x31,0x40,0x35,0x39,0x2D,0x32,
0x25,0x37,0x00,0x27,0x33,0x32,0xFC,0x2A,0x33,0x36,0x31,0x25,0x00,0x28,0x29,0x00,
0x34,0x30,0x25,0x32,0x38,0x25,0xE5,0xFC,0x1A,0x25,0x36,0x29,0x27,0x29,0x32,0x00,
0x34,0x36,0x33,0x37,0x34,0x29,0x36,0x25,0x36,0xFD,0x27,0x33,0x32,0x00,0x30,0x25,
0x00,0x29,0x32,0x29,0x36,0x2B,0x42,0x25,0xFC,0x2B,0x29,0x33,0x38,0x41,0x36,0x31,
0x2D,0x27,0x25,0xE5,0x00,0x0B,0x00,0x29,0x37,0x38,0x29,0xFC,0x36,0x2D,0x38,0x31,
0x33,0xE8,0xFD,0x37,0x29,0x2B,0x39,0x2D,0x36,0x40,0x32,0x00,0x2C,0x25,0x37,0x38,
0x25,0xFC,0x29,0x32,0x2B,0x39,0x30,0x30,0x2D,0x36,0x00,0x45,0x36,0x29,0x25,0x00,
0x24,0x29,0x36,0x33,0xE5,0xFC,0x0E,0x29,0x38,0x41,0x32,0x30,0x25,0x37,0x00,0x25,
0x32,0x38,0x29,0x37,0xFD,0x28,0x29,0x00,0x35,0x39,0x29,0x00,0x33,0x27,0x39,0x36,
0x36,0x25,0xE5,0x00,0x0F,0x37,0x38,0x40,0xFC,0x32,0x39,0x26,0x30,0x25,0x28,0x33,
0xE8,0x00,0x25,0x37,0x42,0x00,0x35,0x39,0x29,0x00,0x30,0x25,0x37,0xFC,0x32,0x25,
0x32,0x33,0x31,0x40,0x35,0x39,0x2D,0x32,0x25,0x37,0x00,0x3D,0xFD,0x30,0x33,0x37,
0x00,0x17,0x29,0x27,0x25,0x32,0x2D,0x30,0x33,0x2D,0x28,0x29,0x37,0x00,0x32,0x33,
0xFC,0x36,0x2D,0x32,0x28,0x29,0x32,0x00,0x25,0x30,0x00,0x02,0x01,0x01,0xCE,0xE5,
0xFC,0x0B,0x2C,0x33,0x36,0x25,0x00,0x29,0x37,0x00,0x39,0x32,0x00,0x26,0x39,0x29,
0x32,0xFD,0x31,0x33,0x31,0x29,0x32,0x38,0x33,0x00,0x34,0x25,0x36,0x25,0x00,0x25,
0x38,0x25,0x27,0x25,0x36,0xE5,0xFF,0xFB,0xF3,0x22,0x0E,0x29,0x38,0x29,0x27,0x38,
0x33,0x00,0x39,0x32,0x00,0x25,0x39,0x31,0x29,0x32,0x38,0x33,0xFC,0x25,0x32,0x33,
0x36,0x31,0x25,0x30,0x00,0x29,0x32,0x00,0x30,0x25,0x00,0x37,0x29,0x4C,0x25,0x30,
0xFC,0x38,0x41,0x36,0x31,0x2D,0x27,0x25,0x00,0x29,0x32,0x00,0x29,0x30,0x00,0x34,
0x39,0x32,0x38,0x33,0xFD,0x0B,0xD6,0x03,0xE5,0x00,0x1A,0x25,0x36,0x29,0x27,0x29,
0x00,0x35,0x39,0x29,0x00,0x21,0x29,0x2D,0x30,0xFC,0x2C,0x25,0x00,0x38,0x33,0x31,
0x25,0x28,0x33,0x00,0x27,0x33,0x32,0x38,0x36,0x33,0x30,0x00,0x28,0x29,0xFC,0x39,
0x32,0x00,0x37,0x33,0x30,0x00,0x25,0x36,0x38,0x2D,0x2A,0x2D,0x27,0x2D,0x25,0x30,
0xE8,0xFD,0x28,0x2D,0x37,0x29,0x4C,0x25,0x28,0x33,0x00,0x34,0x25,0x36,0x25,0x00,
0x29,0x30,0xFC,0x27,0x33,0x32,0x38,0x36,0x33,0x30,0x00,0x27,0x30,0x2D,0x31,0x40,
0x38,0x2D,0x27,0x33,0xE8,0x00,0x3D,0xFC,0x30,0x33,0x00,0x2C,0x25,0x00,0x31,0x33,
0x28,0x2D,0x2A,0x2D,0x27,0x25,0x28,0x33,0xFD,0x34,0x25,0x36,0x25,0x00,0x37,0x33,
0x26,0x36,0x29,0x27,0x25,0x30,0x29,0x32,0x38,0x25,0x36,0x37,0x29,0xE5,0xFC,0x0F,
0x30,0x00,0x27,0x25,0x30,0x33,0x36,0x00,0x29,0x3C,0x38,0x36,0x29,0x31,0x33,0x00,
0x2C,0x25,0xFC,0x37,0x29,0x27,0x25,0x28,0x33,0x00,0x29,0x30,0x00,0x40,0x36,0x29,
0x25,0xE8,0xFD,0x27,0x33,0x32,0x3A,0x2D,0x36,0x38,0x2D,0x41,0x32,0x28,0x33,0x30,
0x25,0x00,0x29,0x32,0x00,0x39,0x32,0xFC,0x28,0x29,0x37,0x2D,0x29,0x36,0x38,0x33,
0xE5,0x00,0x16,0x25,0xFC,0x28,0x29,0x37,0x29,0x36,0x38,0x2D,0x2A,0x2D,0x27,0x25,
0x27,0x2D,0x43,0x32,0xFD,0x37,0x29,0x00,0x29,0x3C,0x34,0x25,0x32,0x28,0x29,0x00,
0x2C,0x25,0x27,0x2D,0x25,0xFC,0x45,0x36,0x29,0x25,0x00,0x24,0x29,0x36,0x33,0xE8,
0x00,0x28,0x29,0x38,0x41,0x32,0x00,0x29,0x37,0x29,0xFC,0x37,0x33,0x30,0x00,0x25,
0x32,0x38,0x29,0x37,0x00,0x28,0x29,0x00,0x35,0x39,0x29,0x00,0x37,0x29,0x25,0xFD,
0x28,0x29,0x31,0x25,0x37,0x2D,0x25,0x28,0x33,0x00,0x38,0x25,0x36,0x28,0x29,0xE5,
0xFF,0xFB,0xF3,0x22,0x0E,0x29,0x38,0x29,0x27,0x38,0x33,0x00,0x39,0x32,0x00,0x25,
0x39,0x31,0x29,0x32,0x38,0x33,0xFC,0x25,0x32,0x33,0x36,0x31,0x25,0x30,0x00,0x29,
0x32,0x00,0x30,0x25,0x00,0x37,0x29,0x4C,0x25,0x30,0xFC,0x38,0x41,0x36,0x31,0x2D,
0x27,0x25,0x00,0x29,0x32,0x00,0x29,0x30,0x00,0x34,0x39,0x32,0x38,0x33,0xFD,0x0B,
0xD6,0x03,0xE5,0x00,0x1A,0x25,0x36,0x29,0x27,0x29,0x00,0x35,0x39,0x29,0x00,0x21,
0x29,0x2D,0x30,0xFC,0x2C,0x25,0x00,0x38,0x33,0x31,0x25,0x28,0x33,0x00,0x27,0x33,
0x32,0x38,0x36,0x33,0x30,0x00,0x28,0x29,0xFC,0x39,0x32,0x00,0x37,0x33,0x30,0x00,
0x25,0x36,0x38,0x2D,0x2A,0x2D,0x27,0x2D,0x25,0x30,0xE8,0xFD,0x28,0x2D,0x37,0x29,
0x4C,0x25,0x28,0x33,0x00,0x34,0x25,0x36,0x25,0x00,0x29,0x30,0xFC,0x27,0x33,0x32,
0x38,0x36,0x33,0x30,0x00,0x27,0x30,0x2D,0x31,0x40,0x38,0x2D,0x27,0x33,0xE8,0x00,
0x3D,0xFC,0x30,0x33,0x00,0x2C,0x25,0x00,0x31,0x33,0x28,0x2D,0x2A,0x2D,0x27,0x25,
0x28,0x33,0xFD,0x34,0x25,0x36,0x25,0x00,0x37,0x33,0x26,0x36,0x29,0x27,0x25,0x30,
0x29,0x32,0x38,0x25,0x36,0x37,0x29,0xE5,0xFC,0x0F,0x30,0x00,0x27,0x25,0x30,0x33,
0x36,0x00,0x29,0x3C,0x38,0x36,0x29,0x31,0x33,0x00,0x2C,0x25,0xFC,0x37,0x29,0x27,
0x25,0x28,0x33,0x00,0x29,0x30,0x00,0x40,0x36,0x29,0x25,0xE8,0xFD,0x27,0x33,0x32,
0x3A,0x2D,0x36,0x38,0x2D,0x41,0x32,0x28,0x33,0x30,0x25,0x00,0x29,0x32,0x00,0x39,
0x32,0xFC,0x28,0x29,0x37,0x2D,0x29,0x36,0x38,0x33,0xE5,0x00,0x16,0x25,0xFC,0x28,
0x29,0x37,0x29,0x36,0x38,0x2D,0x2A,0x2D,0x27,0x25,0x27,0x2D,0x43,0x32,0xFD,0x37,
0x29,0x00,0x29,0x3C,0x34,0x25,0x32,0x28,0x29,0x00,0x2C,0x25,0x27,0x2D,0x25,0xFC,
0x45,0x36,0x29,0x25,0x00,0x24,0x29,0x36,0x33,0xE8,0x00,0x28,0x29,0x38,0x41,0x32,
0x00,0x29,0x37,0x29,0xFC,0x37,0x33,0x30,0x00,0x25,0x32,0x38,0x29,0x37,0x00,0x28,
0x29,0x00,0x35,0x39,0x29,0x00,0x37,0x29,0x25,0xFD,0x28,0x29,0x31,0x25,0x37,0x2D,
0x25,0x28,0x33,0x00,0x38,0x25,0x36,0x28,0x29,0xE5,0xFC,0x0B,0x2C,0x33,0x36,0x25,
0x00,0x29,0x37,0x38,0x40,0x00,0x32,0x39,0x26,0x30,0x25,0x28,0x33,0xE8,0xFC,0x25,
0x37,0x42,0x00,0x35,0x39,0x29,0x00,0x30,0x25,0xFD,0x38,0x29,0x31,0x34,0x29,0x36,
0x25,0x38,0x39,0x36,0x25,0x00,0x32,0x33,0x00,0x29,0x37,0xFC,0x38,0x25,0x32,0x00,
0x25,0x30,0x38,0x25,0xE5,0x00,0x0F,0x37,0x00,0x38,0x39,0xFC,0x33,0x34,0x33,0x36,
0x38,0x39,0x32,0x2D,0x28,0x25,0x28,0xFD,0x34,0x25,0x36,0x25,0x00,0x25,0x38,0x25,
0x27,0x25,0x36,0xE5,0xFF,0xFB,0xF3,0x22,0x12,0x29,0x00,0x28,0x29,0x37,0x27,0x39,
0x26,0x2D,0x29,0x36,0x38,0x33,0x00,0x39,0x32,0xFC,0x25,0x32,0x38,0x2D,0x2B,0x39,
0x33,0x00,0x30,0x25,0x26,0x33,0x36,0x25,0x38,0x33,0x36,0x2D,0x33,0xFC,0x28,0x29,
0x00,0x2D,0x32,0x3A,0x29,0x37,0x38,0x2D,0x2B,0x25,0x27,0x2D,0x43,0x32,0x00,0x28,
0x29,0xFD,0x0D,0x2D,0x26,0x29,0x36,0xD6,0x29,0x30,0x2A,0x33,0x37,0x00,0x27,0x33,
0x32,0x00,0x31,0x40,0x37,0xFC,0x28,0x29,0x00,0x39,0x32,0x00,0x37,0x2D,0x2B,0x30,
0x33,0x00,0x28,0x29,0xFC,0x25,0x32,0x38,0x2D,0x2B,0x4A,0x29,0x28,0x25,0x28,0xE5,
0xFD,0x0B,0x30,0x2B,0x39,0x32,0x33,0x37,0x00,0x29,0x3C,0x34,0x29,0x36,0x2D,0x31,
0x29,0x32,0x38,0x33,0x37,0xFC,0x2A,0x25,0x30,0x30,0x2D,0x28,0x33,0x37,0x00,0x2C,
0x25,0x32,0x00,0x29,0x37,0x38,0x25,0x28,0x33,0xFC,0x29,0x32,0x00,0x2C,0x2D,0x26,
0x29,0x36,0x32,0x25,0x27,0x2D,0x43,0x32,0x00,0x28,0x29,0x37,0x28,0x29,0xFD,0x30,
0x25,0x00,0x2B,0x39,0x29,0x36,0x36,0x25,0xE5,0xE5,0xE5,0x00,0x0F,0x37,0x38,0x40,
0x32,0xFC,0x29,0x31,0x34,0x29,0x3E,0x25,0x32,0x28,0x33,0x00,0x25,0x00,0x28,0x29,
0x37,0x34,0x29,0x36,0x38,0x25,0x36,0xFC,0x3D,0x00,0x25,0x30,0x2B,0x39,0x32,0x33,
0x37,0x00,0x37,0x33,0x32,0x00,0x31,0x39,0x3D,0xFD,0x34,0x29,0x30,0x2D,0x2B,0x36,
0x33,0x37,0x33,0x37,0xE5,0xFC,0x12,0x25,0x3D,0x00,0x17,0x29,0x27,0x25,0x32,0x2D,
0x30,0x33,0x2D,0x28,0x29,0x37,0x00,0x3D,0xFC,0x17,0x25,0x3A,0x29,0x36,0x2D,0x27,
0x2F,0x37,0x00,0x34,0x33,0x36,0x00,0x38,0x33,0x28,0x33,0xFD,0x29,0x30,0x00,0x30,
0x39,0x2B,0x25,0x36,0xE5,0xFC,0x13,0x32,0x2A,0x2D,0x30,0x38,0x36,0x25,0x38,0x29,
0x00,0x3D,0x00,0x29,0x30,0x2D,0x31,0x2D,0x32,0x25,0xFC,0x25,0x30,0x00,0x29,0x32,
0x29,0x31,0x2D,0x2B,0x33,0xE5,0xFF,0xFB,0xF3,0x22,0x12,0x29,0x00,0x28,0x29,0x37,
0x27,0x39,0x26,0x2D,0x29,0x36,0x38,0x33,0x00,0x39,0x32,0xFC,0x25,0x32,0x38,0x2D,
0x2B,0x39,0x33,0x00,0x30,0x25,0x26,0x33,0x36,0x25,0x38,0x33,0x36,0x2D,0x33,0xFC,
0x28,0x29,0x00,0x2D,0x32,0x3A,0x29,0x37,0x38,0x2D,0x2B,0x25,0x27,0x2D,0x43,0x32,
0x00,0x28,0x29,0xFD,0x0D,0x2D,0x26,0x29,0x36,0xD6,0x29,0x30,0x2A,0x33,0x37,0x00,
0x27,0x33,0x32,0x00,0x31,0x40,0x37,0xFC,0x28,0x29,0x00,0x39,0x32,0x00,0x37,0x2D,
0x2B,0x30,0x33,0x00,0x28,0x29,0xFC,0x25,0x32,0x38,0x2D,0x2B,0x4A,0x29,0x28,0x25,
0x28,0xE5,0xFD,0x0B,0x30,0x2B,0x39,0x32,0x33,0x37,0x00,0x29,0x3C,0x34,0x29,0x36,
0x2D,0x31,0x29,0x32,0x38,0x33,0x37,0xFC,0x2A,0x25,0x30,0x30,0x2D,0x28,0x33,0x37,
0x00,0x2C,0x25,0x32,0x00,0x29,0x37,0x38,0x25,0x28,0x33,0xFC,0x29,0x32,0x00,0x2C,
0x2D,0x26,0x29,0x36,0x32,0x25,0x27,0x2D,0x43,0x32,0x00,0x28,0x29,0x37,0x28,0x29,
0xFD,0x30,0x25,0x00,0x2B,0x39,0x29,0x36,0x36,0x25,0xE5,0xE5,0xE5,0x00,0x0F,0x37,
0x38,0x40,0x32,0xFC,0x29,0x31,0x34,0x29,0x3E,0x25,0x32,0x28,0x33,0x00,0x25,0x00,
0x28,0x29,0x37,0x34,0x29,0x36,0x38,0x25,0x36,0xFC,0x3D,0x00,0x25,0x30,0x2B,0x39,
0x32,0x33,0x37,0x00,0x37,0x33,0x32,0x00,0x31,0x39,0x3D,0xFD,0x34,0x29,0x30,0x2D,
0x2B,0x36,0x33,0x37,0x33,0x37,0xE5,0xFC,0x12,0x25,0x3D,0x00,0x17,0x29,0x27,0x25,
0x32,0x2D,0x30,0x33,0x2D,0x28,0x29,0x37,0x00,0x3D,0xFC,0x17,0x25,0x3A,0x29,0x36,
0x2D,0x27,0x2F,0x37,0x00,0x34,0x33,0x36,0x00,0x38,0x33,0x28,0x33,0xFD,0x29,0x30,
0x00,0x30,0x39,0x2B,0x25,0x36,0xE5,0xFC,0x13,0x32,0x2A,0x2D,0x30,0x38,0x36,0x25,
0x38,0x29,0x00,0x3D,0x00,0x29,0x30,0x2D,0x31,0x2D,0x32,0x25,0xFC,0x25,0x30,0x00,
0x29,0x32,0x29,0x31,0x2D,0x2B,0x33,0xE5,0xFD,0x0F,0x37,0x38,0x40,0x00,0x37,0x33,
0x30,0x29,0x25,0x28,0x33,0xE8,0x00,0x25,0x37,0x42,0xFC,0x35,0x39,0x29,0x00,0x25,
0x30,0x2B,0x39,0x32,0x25,0x37,0x00,0x36,0x39,0x38,0x25,0x37,0xFC,0x26,0x30,0x33,
0x35,0x39,0x29,0x25,0x28,0x25,0x37,0x00,0x34,0x33,0x36,0x00,0x2C,0x2D,0x29,0x30,
0x33,0xFD,0x34,0x33,0x28,0x36,0x42,0x25,0x32,0x00,0x25,0x26,0x36,0x2D,0x36,0x37,
0x29,0xE5,0xFC,0x1A,0x33,0x28,0x36,0x42,0x25,0x37,0x00,0x29,0x32,0x27,0x33,0x32,
0x38,0x36,0x25,0x36,0xFC,0x39,0x32,0x25,0x00,0x36,0x39,0x38,0x25,0x00,0x33,0x27,
0x39,0x30,0x38,0x25,0xE5,0xFF,0xFB,0xF3,0x22,0x12,0x29,0x00,0x28,0x29,0x38,0x29,
0x27,0x38,0x25,0x28,0x33,0x00,0x39,0x32,0x00,0x2B,0x36,0x25,0x32,0xFC,0x2A,0x30,
0x39,0x2E,0x33,0x00,0x31,0x25,0x2B,0x32,0x41,0x38,0x2D,0x27,0x33,0x00,0x29,0x32,
0xFC,0x29,0x30,0x00,0x34,0x39,0x32,0x38,0x33,0x00,0x0C,0xD6,0x02,0xE5,0x00,0x16,
0x33,0x37,0xFD,0x34,0x39,0x30,0x37,0x33,0x37,0xFC,0x29,0x30,0x29,0x27,0x38,0x36,
0x33,0x31,0x25,0x2B,0x32,0x41,0x38,0x2D,0x27,0x33,0x37,0xFC,0x29,0x37,0x38,0x40,
0x32,0x00,0x2B,0x29,0x32,0x29,0x36,0x25,0x32,0x28,0x33,0xFD,0x31,0x39,0x27,0x2C,
0x33,0x00,0x36,0x39,0x2D,0x28,0x33,0x00,0x3D,0x00,0x37,0x29,0xFC,0x29,0x37,0x38,
0x40,0x00,0x34,0x36,0x33,0x34,0x25,0x2B,0x25,0x32,0x28,0x33,0xE5,0x00,0x0F,0x37,
0xFC,0x34,0x36,0x33,0x26,0x25,0x26,0x30,0x29,0x00,0x35,0x39,0x29,0x00,0x29,0x37,
0x29,0xFD,0x36,0x39,0x2D,0x28,0x33,0x00,0x2D,0x32,0x38,0x29,0x36,0x2A,0x2D,0x29,
0x36,0x25,0x00,0x27,0x33,0x32,0xFC,0x29,0x30,0x00,0x2A,0x39,0x32,0x27,0x2D,0x33,
0x32,0x25,0x31,0x2D,0x29,0x32,0x38,0x33,0x00,0x28,0x29,0xFC,0x30,0x33,0x37,0x00,
0x37,0x2D,0x37,0x38,0x29,0x31,0x25,0x37,0x00,0x28,0x29,0xFD,0x27,0x33,0x32,0x38,
0x36,0x33,0x30,0x00,0x25,0x31,0x26,0x2D,0x29,0x32,0x38,0x25,0x30,0xFC,0x28,0x29,
0x30,0x00,0x45,0x36,0x29,0x25,0x00,0x24,0x29,0x36,0x33,0xE5,0xFD,0x13,0x32,0x2A,
0x2D,0x30,0x38,0x36,0x25,0x38,0x29,0x00,0x3D,0x00,0x28,0x29,0x38,0x41,0x32,0xFC,
0x29,0x37,0x29,0x00,0x28,0x2D,0x37,0x34,0x33,0x37,0x2D,0x38,0x2D,0x3A,0x33,0xE5,
0xFF,0xFB,0xF3,0x22,0x12,0x29,0x00,0x28,0x29,0x38,0x29,0x27,0x38,0x25,0x28,0x33,
0x00,0x39,0x32,0x00,0x2B,0x36,0x25,0x32,0xFC,0x2A,0x30,0x39,0x2E,0x33,0x00,0x31,
0x25,0x2B,0x32,0x41,0x38,0x2D,0x27,0x33,0x00,0x29,0x32,0xFC,0x29,0x30,0x00,0x34,
0x39,0x32,0x38,0x33,0x00,0x0C,0xD6,0x02,0xE5,0x00,0x16,0x33,0x37,0xFD,0x34,0x39,
0x30,0x37,0x33,0x37,0xFC,0x29,0x30,0x29,0x27,0x38,0x36,0x33,0x31,0x25,0x2B,0x32,
0x41,0x38,0x2D,0x27,0x33,0x37,0xFC,0x29,0x37,0x38,0x40,0x32,0x00,0x2B,0x29,0x32,
0x29,0x36,0x25,0x32,0x28,0x33,0xFD,0x31,0x39,0x27,0x2C,0x33,0x00,0x36,0x39,0x2D,
0x28,0x33,0x00,0x3D,0x00,0x37,0x29,0xFC,0x29,0x37,0x38,0x40,0x00,0x34,0x36,0x33,
0x34,0x25,0x2B,0x25,0x32,0x28,0x33,0xE5,0x00,0x0F,0x37,0xFC,0x34,0x36,0x33,0x26,
0x25,0x26,0x30,0x29,0x00,0x35,0x39,0x29,0x00,0x29,0x37,0x29,0xFD,0x36,0x39,0x2D,
0x28,0x33,0x00,0x2D,0x32,0x38,0x29,0x36,0x2A,0x2D,0x29,0x36,0x25,0x00,0x27,0x33,
0x32,0xFC,0x29,0x30,0x00,0x2A,0x39,0x32,0x27,0x2D,0x33,0x32,0x25,0x31,0x2D,0x29,
0x32,0x38,0x33,0x00,0x28,0x29,0xFC,0x30,0x33,0x37,0x00,0x37,0x2D,0x37,0x38,0x29,
0x31,0x25,0x37,0x00,0x28,0x29,0xFD,0x27,0x33,0x32,0x38,0x36,0x33,0x30,0x00,0x25,
0x31,0x26,0x2D,0x29,0x32,0x38,0x25,0x30,0xFC,0x28,0x29,0x30,0x00,0x45,0x36,0x29,
0x25,0x00,0x24,0x29,0x36,0x33,0xE5,0xFD,0x13,0x32,0x2A,0x2D,0x30,0x38,0x36,0x25,
0x38,0x29,0x00,0x3D,0x00,0x28,0x29,0x38,0x41,0x32,0xFC,0x29,0x37,0x29,0x00,0x28,
0x2D,0x37,0x34,0x33,0x37,0x2D,0x38,0x2D,0x3A,0x33,0xE5,0x00,0x16,0x33,0x37,0xFC,
0x36,0x29,0x30,0x40,0x31,0x34,0x25,0x2B,0x33,0x37,0x00,0x35,0x39,0x29,0x00,0x30,
0x29,0xFD,0x37,0x29,0x36,0x3A,0x42,0x25,0x32,0x00,0x28,0x29,0x00,0x2A,0x39,0x29,
0x32,0x38,0x29,0x00,0x28,0x29,0xFC,0x29,0x32,0x29,0x36,0x2B,0x42,0x25,0x00,0x2C,
0x25,0x32,0x00,0x27,0x29,0x37,0x25,0x28,0x33,0xE8,0xFC,0x28,0x29,0x2E,0x40,0x32,
0x28,0x33,0x30,0x33,0xFD,0x38,0x29,0x31,0x34,0x33,0x36,0x25,0x30,0x31,0x29,0x32,
0x38,0x29,0xFC,0x2D,0x32,0x25,0x27,0x38,0x2D,0x3A,0x33,0xE5,0x00,0x0F,0x37,0x00,
0x38,0x39,0xFC,0x33,0x34,0x33,0x36,0x38,0x39,0x32,0x2D,0x28,0x25,0x28,0x00,0x34,
0x25,0x36,0x25,0xFD,0x28,0x29,0x38,0x29,0x32,0x29,0x36,0x30,0x33,0x00,0x28,0x29,
0x00,0x39,0x32,0x25,0x00,0x3A,0x29,0x3E,0xFC,0x34,0x33,0x36,0x00,0x38,0x33,0x28,
0x25,0x37,0xE5,0xFF,0xFB,0xF3,0x22,0x12,0x29,0x00,0x28,0x29,0x37,0x27,0x39,0x26,
0x2D,0x29,0x36,0x38,0x33,0x00,0x30,0x25,0x37,0xFC,0x36,0x39,0x2D,0x32,0x25,0x37,
0x00,0x28,0x29,0x00,0x30,0x33,0x00,0x35,0x39,0x29,0x00,0x2A,0x39,0x29,0xFC,0x39,
0x32,0x25,0x00,0x2B,0x36,0x25,0x32,0x00,0x27,0x2D,0x39,0x28,0x25,0x28,0x00,0x2C,
0x25,0x27,0x29,0xFD,0x39,0x32,0x00,0x37,0x2D,0x2B,0x30,0x33,0xE5,0x00,0x1A,0x25,
0x36,0x29,0x27,0x29,0x00,0x39,0x32,0x25,0xFC,0x27,0x2D,0x39,0x28,0x25,0x28,0x00,
0x38,0x33,0x38,0x25,0x30,0x31,0x29,0x32,0x38,0x29,0xFC,0x2A,0x39,0x32,0x27,0x2D,
0x33,0x32,0x25,0x30,0xE8,0x00,0x34,0x29,0x36,0x33,0x00,0x32,0x33,0xFD,0x28,0x29,
0x38,0x29,0x27,0x38,0x33,0x00,0x37,0x2D,0x2B,0x32,0x33,0x37,0x00,0x28,0x29,0xFC,
0x3A,0x2D,0x28,0x25,0xE5,0x00,0x0F,0x30,0x00,0x37,0x2D,0x37,0x38,0x29,0x31,0x25,
0x00,0x28,0x29,0xFC,0x37,0x29,0x2B,0x39,0x36,0x2D,0x28,0x25,0x28,0x00,0x2C,0x25,
0x00,0x37,0x2D,0x28,0x33,0xFD,0x38,0x33,0x31,0x25,0x28,0x33,0x00,0x34,0x33,0x36,
0x00,0x39,0x32,0x00,0x3A,0x2D,0x36,0x39,0x37,0xE5,0xFC,0x1A,0x25,0x36,0x29,0x27,
0x29,0x00,0x35,0x39,0x29,0x00,0x29,0x30,0xFC,0x37,0x2D,0x37,0x38,0x29,0x31,0x25,
0x00,0x29,0x37,0x38,0x40,0xFD,0x29,0x3C,0x34,0x25,0x32,0x28,0x2D,0x41,0x32,0x28,
0x33,0x37,0x29,0x00,0x3D,0xFC,0x25,0x38,0x25,0x27,0x25,0x32,0x28,0x33,0x00,0x38,
0x33,0x28,0x33,0x00,0x25,0x00,0x37,0x39,0xFC,0x34,0x25,0x37,0x33,0xE5,0x00,0x0E,
0x29,0x38,0x41,0x32,0xFD,0x30,0x33,0x37,0x00,0x34,0x30,0x25,0x32,0x29,0x37,0x00,
0x28,0x29,0xFC,0x29,0x3C,0x34,0x25,0x32,0x37,0x2D,0x43,0x32,0x00,0x28,0x29,0x00,
0x30,0x25,0xFC,0x27,0x2D,0x39,0x28,0x25,0x28,0xE5,0xFF,0xFB,0xF3,0x22,0x12,0x29,
0x00,0x28,0x29,0x37,0x27,0x39,0x26,0x2D,0x29,0x36,0x38,0x33,0x00,0x30,0x25,0x37,
0xFC,0x36,0x39,0x2D,0x32,0x25,0x37,0x00,0x28,0x29,0x00,0x30,0x33,0x00,0x35,0x39,
0x29,0x00,0x2A,0x39,0x29,0xFC,0x39,0x32,0x25,0x00,0x2B,0x36,0x25,0x32,0x00,0x27,
0x2D,0x39,0x28,0x25,0x28,0x00,0x2C,0x25,0x27,0x29,0xFD,0x39,0x32,0x00,0x37,0x2D,
0x2B,0x30,0x33,0xE5,0x00,0x1A,0x25,0x36,0x29,0x27,0x29,0x00,0x39,0x32,0x25,0xFC,
0x27,0x2D,0x39,0x28,0x25,0x28,0x00,0x38,0x33,0x38,0x25,0x30,0x31,0x29,0x32,0x38,
0x29,0xFC,0x2A,0x39,0x32,0x27,0x2D,0x33,0x32,0x25,0x30,0xE8,0x00,0x34,0x29,0x36,
0x33,0x00,0x32,0x33,0xFD,0x28,0x29,0x38,0x29,0x27,0x38,0x33,0x00,0x37,0x2D,0x2B,
0x32,0x33,0x37,0x00,0x28,0x29,0xFC,0x3A,0x2D,0x28,0x25,0xE5,0x00,0x0F,0x30,0x00,
0x37,0x2D,0x37,0x38,0x29,0x31,0x25,0x00,0x28,0x29,0xFC,0x37,0x29,0x2B,0x39,0x36,
0x2D,0x28,0x25,0x28,0x00,0x2C,0x25,0x00,0x37,0x2D,0x28,0x33,0xFD,0x38,0x33,0x31,
0x25,0x28,0x33,0x00,0x34,0x33,0x36,0x00,0x39,0x32,0x00,0x3A,0x2D,0x36,0x39,0x37,
0xE5,0xFC,0x1A,0x25,0x36,0x29,0x27,0x29,0x00,0x35,0x39,0x29,0x00,0x29,0x30,0xFC,
0x37,0x2D,0x37,0x38,0x29,0x31,0x25,0x00,0x29,0x37,0x38,0x40,0xFD,0x29,0x3C,0x34,
0x25,0x32,0x28,0x2D,0x41,0x32,0x28,0x33,0x37,0x29,0x00,0x3D,0xFC,0x25,0x38,0x25,
0x27,0x25,0x32,0x28,0x33,0x00,0x38,0x33,0x28,0x33,0x00,0x25,0x00,0x37,0x39,0xFC,
0x34,0x25,0x37,0x33,0xE5,0x00,0x0E,0x29,0x38,0x41,0x32,0xFD,0x30,0x33,0x37,0x00,
0x34,0x30,0x25,0x32,0x29,0x37,0x00,0x28,0x29,0xFC,0x29,0x3C,0x34,0x25,0x32,0x37,
0x2D,0x43,0x32,0x00,0x28,0x29,0x00,0x30,0x25,0xFC,0x27,0x2D,0x39,0x28,0x25,0x28,
0xE5,0xFD,0x16,0x25,0x00,0x32,0x29,0x3A,0x25,0x28,0x25,0x00,0x29,0x32,0x00,0x29,
0x30,0x00,0x40,0x36,0x29,0x25,0xFC,0x2C,0x25,0x00,0x25,0x2A,0x29,0x27,0x38,0x25,
0x28,0x33,0x00,0x29,0x30,0xFC,0x2A,0x39,0x32,0x27,0x2D,0x33,0x32,0x25,0x31,0x2D,
0x29,0x32,0x38,0x33,0x00,0x28,0x29,0x30,0xFD,0x37,0x2D,0x37,0x38,0x29,0x31,0x25,
0x00,0x28,0x29,0x00,0x37,0x29,0x2B,0x39,0x36,0x2D,0x28,0x25,0x28,0xE5,0xFC,0x0F,
0x37,0x00,0x29,0x30,0x00,0x31,0x33,0x31,0x29,0x32,0x38,0x33,0x00,0x2D,0x28,0x29,
0x25,0x30,0xFC,0x34,0x25,0x36,0x25,0x00,0x25,0x38,0x25,0x27,0x25,0x36,0xE5,0xFF,
0xFB,0xF3,0x22,0x12,0x29,0x00,0x2D,0x32,0x2B,0x36,0x29,0x37,0x25,0x28,0x33,0x00,
0x30,0x25,0x37,0xFC,0x27,0x33,0x33,0x36,0x28,0x29,0x32,0x25,0x28,0x25,0x37,0x00,
0x28,0x29,0x00,0x30,0x25,0xFC,0x0C,0x25,0x37,0x29,0x00,0x28,0x29,0xFD,0x1E,0x29,
0x30,0x29,0x38,0x36,0x25,0x32,0x37,0x34,0x33,0x36,0x38,0x29,0xE5,0xFF,0xFB,0xF3,
0x22,0x1F,0x37,0x25,0x32,0x28,0x33,0x00,0x30,0x25,0x00,0x0C,0x25,0x37,0x29,0x00,
0x28,0x29,0xFC,0x1E,0x29,0x30,0x29,0x38,0x36,0x25,0x32,0x37,0x34,0x33,0x36,0x38,
0x29,0xE8,0xFC,0x34,0x33,0x28,0x29,0x31,0x33,0x37,0x00,0x38,0x36,0x25,0x32,0x37,
0x2A,0x29,0x36,0x2D,0x36,0x38,0x29,0xFD,0x25,0x00,0x1C,0x25,0x2B,0x32,0x25,0x36,
0x33,0x2F,0xE8,0x00,0x34,0x29,0x36,0x33,0xFC,0x38,0x29,0x32,0x28,0x36,0x40,0x37,
0x00,0x35,0x39,0x29,0xFC,0x28,0x29,0x37,0x25,0x27,0x38,0x2D,0x3A,0x25,0x36,0x00,
0x30,0x25,0xFD,0x34,0x36,0x33,0x38,0x29,0x27,0x27,0x2D,0x43,0x32,0x00,0x35,0x39,
0x29,0x00,0x30,0x33,0xFC,0x36,0x33,0x28,0x29,0x25,0x00,0x34,0x33,0x36,0x00,0x38,
0x39,0x00,0x27,0x39,0x29,0x32,0x38,0x25,0xE5,0xFD,0xF3,0x04,0x4F,0x0D,0x43,0x31,
0x33,0x00,0x2C,0x25,0x2B,0x33,0x00,0x29,0x37,0x33,0xDD,0xFD,0xF3,0x07,0x1A,0x39,
0x29,0x28,0x33,0x00,0x25,0x3D,0x39,0x28,0x25,0x36,0x00,0x27,0x33,0x32,0x00,0x29,
0x37,0x33,0xE5,0xFC,0x0D,0x39,0x25,0x32,0x28,0x33,0x00,0x38,0x29,0xFC,0x38,0x36,
0x25,0x32,0x37,0x2A,0x29,0x36,0x2D,0x31,0x33,0x37,0xE8,0xFD,0x38,0x29,0x00,0x27,
0x33,0x32,0x3A,0x29,0x36,0x38,0x2D,0x31,0x33,0x37,0x00,0x29,0x32,0xFC,0x28,0x25,
0x38,0x33,0x37,0x00,0x28,0x29,0x00,0x34,0x36,0x33,0x2B,0x36,0x25,0x31,0x25,0x00,
0x3D,0xFC,0x38,0x29,0x00,0x29,0x32,0x3A,0x2D,0x25,0x31,0x33,0x37,0x00,0x34,0x33,
0x36,0x00,0x39,0x32,0xFD,0x27,0x2D,0x36,0x27,0x39,0x2D,0x38,0x33,0xE5,0x00,0x1A,
0x39,0x29,0x28,0x33,0xFC,0x31,0x33,0x28,0x2D,0x2A,0x2D,0x27,0x25,0x36,0x00,0x29,
0x30,0xFC,0x34,0x36,0x33,0x2B,0x36,0x25,0x31,0x25,0x00,0x28,0x29,0xFD,0x38,0x36,
0x25,0x32,0x37,0x2A,0x29,0x36,0x29,0x32,0x27,0x2D,0x25,0x00,0x34,0x25,0x36,0x25,
0xFC,0x35,0x39,0x29,0x00,0x34,0x39,0x29,0x28,0x25,0x37,0x00,0x31,0x33,0x3A,0x29,
0x36,0x38,0x29,0xFC,0x30,0x2D,0x26,0x36,0x29,0x31,0x29,0x32,0x38,0x29,0x00,0x28,
0x29,0x32,0x38,0x36,0x33,0xFD,0x28,0x29,0x30,0x00,0x27,0x2D,0x36,0x27,0x39,0x2D,
0x38,0x33,0xFD,0xF3,0x22,0x1D,0x39,0x34,0x29,0x36,0x34,0x33,0x32,0x29,0x00,0x2D,
0x31,0x40,0x2B,0x29,0x32,0x29,0x37,0xFC,0x29,0x32,0x00,0x29,0x30,0x00,0x27,0x2D,
0x36,0x27,0x39,0x2D,0x38,0x33,0x00,0x34,0x25,0x36,0x25,0xFC,0x35,0x39,0x29,0x00,
0x34,0x39,0x29,0x28,0x25,0x37,0x00,0x3A,0x29,0x36,0xFD,0x30,0x33,0x00,0x35,0x39,
0x29,0x00,0x33,0x27,0x39,0x36,0x36,0x29,0xE5,0xE5,0xE5,0xFC,0x0B,0x37,0x42,0x00,
0x34,0x33,0x28,0x36,0x40,0x37,0x00,0x31,0x33,0x3A,0x29,0x36,0x38,0x29,0xFC,0x28,
0x29,0x37,0x28,0x29,0x00,0x30,0x25,0x00,0x0C,0x25,0x37,0x29,0x00,0x28,0x29,0xFD,
0x1E,0x29,0x30,0x29,0x38,0x36,0x25,0x32,0x37,0x34,0x33,0x36,0x38,0x29,0x00,0x2C,
0x25,0x37,0x38,0x25,0xFC,0x1C,0x25,0x2B,0x32,0x25,0x36,0x33,0x2F,0x00,0x31,0x29,
0x28,0x2D,0x25,0x32,0x38,0x29,0xFC,0x25,0x30,0x2B,0x33,0x00,0x37,0x2D,0x31,0x2D,
0x30,0x25,0x36,0x00,0x25,0x30,0xFD,0x0D,0x2D,0x26,0x29,0x36,0x29,0x37,0x34,0x25,
0x27,0x2D,0x33,0xE5,0x00,0x1D,0x2D,0xFC,0x25,0x3A,0x25,0x32,0x3E,0x25,0x37,0x00,
0x2C,0x25,0x37,0x38,0x25,0x00,0x29,0x30,0xFC,0x2A,0x2D,0x32,0x25,0x30,0x00,0x28,
0x29,0x30,0x00,0x27,0x2D,0x36,0x27,0x39,0x2D,0x38,0x33,0xE8,0xFD,0x28,0x29,0x26,
0x29,0x36,0x42,0x25,0x37,0x00,0x34,0x33,0x28,0x29,0x36,0xFC,0x28,0x29,0x37,0x25,
0x27,0x38,0x2D,0x3A,0x25,0x36,0xFC,0x28,0x2D,0x36,0x29,0x27,0x38,0x25,0x31,0x29,
0x32,0x38,0x29,0x00,0x29,0x30,0xFD,0x34,0x36,0x33,0x2B,0x36,0x25,0x31,0x25,0x00,
0x28,0x29,0xFC,0x34,0x36,0x33,0x38,0x29,0x27,0x27,0x2D,0x43,0x32,0xE5,0x00,0x0D,
0x33,0x32,0x00,0x29,0x37,0x33,0xFC,0x2A,0x39,0x29,0x36,0x25,0x00,0x28,0x29,0x30,
0x00,0x27,0x25,0x31,0x2D,0x32,0x33,0xE8,0xFD,0x28,0x29,0x26,0x29,0x36,0x42,0x25,
0x37,0x00,0x34,0x33,0x28,0x29,0x36,0xFC,0x27,0x33,0x31,0x34,0x30,0x29,0x38,0x25,
0x36,0x00,0x30,0x25,0xFC,0x38,0x36,0x25,0x32,0x37,0x2A,0x29,0x36,0x29,0x32,0x27,
0x2D,0x25,0xE5,0xFF,0xFB,0xF3,0x07,0x1A,0x33,0x36,0x00,0x2A,0x2D,0x32,0x00,0x29,
0x37,0x00,0x30,0x25,0x00,0x2C,0x33,0x36,0x25,0xFC,0x28,0x29,0x00,0x1C,0x25,0x2B,
0x32,0x25,0x36,0x33,0x2F,0xE5,0xFD,0xF3,0x22,0x1E,0x29,0x00,0x38,0x36,0x25,0x32,
0x37,0x2A,0x29,0x36,0x2D,0x36,0x41,0x00,0x25,0x30,0xFC,0x2D,0x32,0x38,0x29,0x36,
0x2D,0x33,0x36,0xE5,0x00,0x13,0x32,0x38,0x29,0x32,0x38,0x25,0xFC,0x29,0x32,0x27,
0x33,0x32,0x38,0x36,0x25,0x36,0x00,0x39,0x32,0x25,0x00,0x2A,0x33,0x36,0x31,0x25,
0xFD,0x28,0x29,0x00,0x28,0x29,0x37,0x25,0x27,0x38,0x2D,0x3A,0x25,0x36,0x00,0x29,
0x30,0xFC,0x32,0x44,0x27,0x30,0x29,0x33,0x00,0x28,0x29,0x00,0x1C,0x25,0x2B,0x32,
0x25,0x36,0x33,0x2F,0xFC,0x37,0x2D,0x32,0x00,0x28,0x29,0x37,0x38,0x36,0x39,0x2D,
0x36,0x30,0x33,0xE5,0xFD,0x1D,0x2D,0x00,0x29,0x30,0x00,0x32,0x44,0x27,0x30,0x29,
0x33,0x00,0x29,0x37,0xFC,0x28,0x29,0x37,0x38,0x36,0x39,0x2D,0x28,0x33,0xE8,0x00,
0x1C,0x25,0x2B,0x32,0x25,0x36,0x33,0x2F,0xFC,0x34,0x33,0x28,0x36,0x42,0x25,0x00,
0x27,0x33,0x30,0x25,0x34,0x37,0x25,0x36,0xE5,0xFD,0xF3,0x07,0x0D,0x33,0x32,0x00,
0x21,0x29,0x2D,0x30,0x00,0x3D,0x00,0x0D,0x36,0x25,0x2A,0x38,0xFC,0x28,0x29,0x36,
0x36,0x33,0x38,0x25,0x28,0x33,0x37,0xE8,0x00,0x4F,0x35,0x39,0x2D,0x41,0x32,0xFC,
0x34,0x33,0x28,0x36,0x42,0x25,0x00,0x29,0x37,0x38,0x25,0x36,0xFD,0x27,0x33,0x32,
0x38,0x36,0x33,0x30,0x25,0x32,0x28,0x33,0xFC,0x1C,0x25,0x2B,0x32,0x25,0x36,0x33,
0x2F,0xDD,0xFD,0xF3,0x3B,0x24,0x29,0x36,0x33,0xE8,0x00,0x38,0x29,0x32,0x2B,0x33,
0x00,0x39,0x32,0x00,0x31,0x25,0x30,0xFC,0x34,0x36,0x29,0x37,0x29,0x32,0x38,0x2D,
0x31,0x2D,0x29,0x32,0x38,0x33,0xFC,0x37,0x33,0x26,0x36,0x29,0x00,0x29,0x37,0x38,
0x33,0xE5,0xFD,0x1D,0x33,0x30,0x33,0x00,0x38,0x29,0x32,0x00,0x27,0x39,0x2D,0x28,
0x25,0x28,0x33,0xE8,0xFC,0x4F,0x28,0x29,0x00,0x25,0x27,0x39,0x29,0x36,0x28,0x33,
0xDD,0xFD,0xF3,0x04,0x0F,0x37,0x38,0x40,0x00,0x26,0x2D,0x29,0x32,0xE5,0xE5,0xE5,
0xFF,0xF3,0x04,0x4F,0x0B,0x30,0x2B,0x33,0x00,0x28,0x29,0x00,0x30,0x25,0x00,0x27,
0x25,0x36,0x25,0x3A,0x25,0x32,0x25,0xFC,0x38,0x29,0x00,0x31,0x33,0x30,0x29,0x37,
0x38,0x25,0xDD,0xFF,0xF3,0x07,0x1D,0x42,0xE5,0xE5,0xE5,0xFD,0x17,0x29,0x00,0x37,
0x33,0x36,0x34,0x36,0x29,0x32,0x28,0x2D,0x43,0xFC,0x37,0x25,0x26,0x29,0x36,0x00,
0x35,0x39,0x29,0x00,0x38,0x33,0x28,0x33,0x37,0xFC,0x30,0x33,0x37,0x00,0x2C,0x39,
0x31,0x25,0x32,0x33,0x37,0x00,0x28,0x29,0x30,0xFD,0x25,0x37,0x29,0x32,0x38,0x25,
0x31,0x2D,0x29,0x32,0x38,0x33,0x00,0x33,0x28,0x2D,0x25,0x26,0x25,0x32,0xFC,0x25,
0x00,0x30,0x33,0x37,0x00,0x1C,0x29,0x34,0x30,0x33,0x2D,0x28,0x29,0x37,0xE5,0xE5,
0xE5,0xFD,0x0F,0x37,0x00,0x35,0x39,0x29,0x00,0x3D,0x33,0xE5,0xE5,0xE5,0xFC,0x2C,
0x29,0x31,0x33,0x37,0x00,0x30,0x39,0x27,0x2C,0x25,0x28,0x33,0x00,0x38,0x25,0x32,
0x38,0x33,0xFC,0x34,0x33,0x36,0x00,0x30,0x33,0x37,0x00,0x1C,0x29,0x34,0x30,0x33,
0x2D,0x28,0x29,0x37,0xE8,0xFD,0x35,0x39,0x29,0x00,0x32,0x33,0x00,0x37,0x25,0x26,
0x42,0x25,0x00,0x35,0x39,0x29,0xFC,0x33,0x38,0x36,0x33,0x37,0x00,0x2C,0x39,0x31,
0x25,0x32,0x33,0x37,0xFC,0x34,0x29,0x32,0x37,0x25,0x26,0x25,0x32,0x00,0x25,0x37,
0x42,0xE5,0xE5,0xE5,0xFD,0xF3,0x04,0x4F,0x18,0x33,0x00,0x28,0x2D,0x2E,0x29,0x36,
0x33,0x32,0x00,0x35,0x39,0x29,0x00,0x29,0x30,0xFC,0x25,0x37,0x29,0x32,0x38,0x25,
0x31,0x2D,0x29,0x32,0x38,0x33,0x00,0x29,0x37,0x38,0x25,0x26,0x25,0xFC,0x29,0x32,
0x00,0x39,0x32,0x00,0x30,0x39,0x2B,0x25,0x36,0x00,0x30,0x30,0x25,0x31,0x25,0x28,
0x33,0xFD,0x45,0x36,0x29,0x25,0x00,0x24,0x29,0x36,0x33,0xDD,0xFD,0xF3,0x3B,0x0B,
0x2C,0x42,0x00,0x38,0x25,0x31,0x26,0x2D,0x41,0x32,0xFC,0x28,0x29,0x26,0x29,0x36,
0x42,0x25,0x31,0x33,0x37,0x00,0x2D,0x36,0xE5,0xFD,0x16,0x39,0x27,0x2C,0x25,0x32,
0x00,0x34,0x33,0x36,0x00,0x31,0x25,0x32,0x38,0x29,0x32,0x29,0x36,0xFC,0x37,0x39,
0x00,0x2D,0x32,0x28,0x29,0x34,0x29,0x32,0x28,0x29,0x32,0x27,0x2D,0x25,0x00,0x28,
0x29,0xFC,0x21,0x29,0x2D,0x30,0xE8,0x00,0x3D,0x00,0x28,0x29,0x26,0x29,0x31,0x33,
0x37,0xFD,0x25,0x3D,0x39,0x28,0x25,0x36,0x30,0x33,0x37,0xE5,0xFD,0xF3,0x04,0x12,
0x25,0x3E,0x00,0x30,0x33,0x00,0x35,0x39,0x29,0x00,0x27,0x36,0x29,0x25,0x37,0xFC,
0x27,0x33,0x36,0x36,0x29,0x27,0x38,0x33,0xE5,0xFD,0xF3,0x07,0x11,0x36,0x25,0x27,
0x2D,0x25,0x37,0xE8,0x00,0x24,0x29,0x36,0x33,0xE5,0xFC,0x1D,0x33,0x30,0x33,0x00,
0x32,0x29,0x27,0x29,0x37,0x2D,0x38,0x33,0x00,0x25,0x30,0x2B,0x33,0xFC,0x31,0x40,
0x37,0x00,0x28,0x29,0x00,0x38,0x2D,0x29,0x31,0x34,0x33,0xE5,0xFD,0x1B,0x39,0x2D,
0x3E,0x40,0x00,0x37,0x29,0x25,0x00,0x26,0x39,0x29,0x32,0xFC,0x31,0x33,0x31,0x29,
0x32,0x38,0x33,0x00,0x34,0x25,0x36,0x25,0x00,0x2D,0x36,0xFC,0x28,0x33,0x32,0x28,
0x29,0x00,0x0D,0x29,0x36,0x3A,0x29,0x25,0x39,0x00,0x34,0x33,0x36,0xFD,0x31,0x25,
0x32,0x38,0x29,0x32,0x2D,0x31,0x2D,0x29,0x32,0x38,0x33,0xE5,0xFC,0x16,0x39,0x29,
0x2B,0x33,0x00,0x3A,0x29,0x32,0x00,0x25,0x00,0x3A,0x29,0x36,0x31,0x29,0xFC,0x25,
0x00,0x30,0x25,0x00,0x37,0x25,0x30,0x25,0x00,0x28,0x29,0x30,0xFD,0x27,0x33,0x31,
0x25,0x32,0x28,0x25,0x32,0x38,0x29,0xE5,0xFD,0xF3,0x07,0x0B,0x2C,0xE8,0x00,0x25,
0x32,0x38,0x29,0x37,0x00,0x28,0x29,0x00,0x29,0x37,0x33,0xE5,0xE5,0xE5,0xFF,0xF3,
0x07,0x0C,0x2D,0x29,0x32,0x3A,0x29,0x32,0x2D,0x28,0x33,0x00,0x28,0x29,0xFC,0x3A,
0x39,0x29,0x30,0x38,0x25,0xE8,0x00,0x24,0x29,0x36,0x33,0xE5,0xFD,0x1A,0x25,0x36,
0x29,0x27,0x29,0x00,0x35,0x39,0x29,0x00,0x30,0x33,0x37,0xFC,0x1C,0x29,0x34,0x30,
0x33,0x2D,0x28,0x29,0x37,0x00,0x32,0x33,0xFC,0x37,0x25,0x26,0x42,0x25,0x32,0x00,
0x28,0x29,0x00,0x30,0x25,0xFD,0x34,0x36,0x29,0x37,0x29,0x32,0x27,0x2D,0x25,0x00,
0x28,0x29,0x30,0xFC,0x25,0x37,0x29,0x32,0x38,0x25,0x31,0x2D,0x29,0x32,0x38,0x33,
0xE5,0xFD,0xF3,0x3B,0x1D,0x41,0x00,0x35,0x39,0x29,0x00,0x18,0x29,0x2D,0x2B,0x29,
0x00,0x28,0x2D,0x2E,0x33,0xFC,0x35,0x39,0x29,0x00,0x32,0x33,0x00,0x2A,0x39,0x41,
0x36,0x25,0x31,0x33,0x37,0xE8,0xFC,0x34,0x29,0x36,0x33,0x00,0x28,0x29,0x26,0x29,
0x31,0x33,0x37,0xFD,0x25,0x3A,0x2D,0x37,0x25,0x36,0x30,0x29,0x37,0x00,0x37,0x33,
0x26,0x36,0x29,0xFC,0x1C,0x25,0x2B,0x32,0x25,0x36,0x33,0x2F,0xE5,0xFD,0xF3,0x22,
0x0D,0x33,0x32,0x00,0x29,0x30,0x00,0x29,0x2E,0x41,0x36,0x27,0x2D,0x38,0x33,0x00,
0x28,0x29,0xFC,0x21,0x29,0x2D,0x30,0x00,0x38,0x25,0x32,0x00,0x27,0x29,0x36,0x27,
0x25,0xE8,0xFC,0x32,0x33,0x00,0x34,0x33,0x28,0x29,0x31,0x33,0x37,0xFD,0x25,0x36,
0x36,0x2D,0x29,0x37,0x2B,0x25,0x36,0x32,0x33,0x37,0x00,0x25,0xFC,0x28,0x29,0x30,
0x25,0x38,0x25,0x36,0x00,0x29,0x30,0xFC,0x25,0x37,0x29,0x32,0x38,0x25,0x31,0x2D,
0x29,0x32,0x38,0x33,0xFD,0x38,0x36,0x25,0x32,0x37,0x2A,0x2D,0x36,0x2D,0x41,0x32,
0x28,0x33,0x38,0x29,0x00,0x25,0x30,0x30,0x42,0xE5,0xFC,0x1E,0x29,0x32,0x28,0x36,
0x40,0x37,0x00,0x35,0x39,0x29,0x00,0x2D,0x36,0xFC,0x25,0x00,0x34,0x2D,0x29,0xE8,
0xFD,0x37,0x25,0x30,0x00,0x28,0x29,0x30,0x00,0x38,0x36,0x40,0x2D,0x30,0x29,0x36,
0x00,0x3D,0xFC,0x37,0x2D,0x2B,0x39,0x29,0x00,0x25,0x00,0x30,0x25,0xFC,0x28,0x29,
0x36,0x29,0x27,0x2C,0x25,0xE5,0xFD,0x18,0x33,0x00,0x28,0x29,0x26,0x29,0x36,0x42,
0x25,0x37,0x00,0x38,0x25,0x36,0x28,0x25,0x36,0xFC,0x29,0x32,0x00,0x30,0x30,0x29,
0x2B,0x25,0x36,0xE5,0xFD,0xF3,0x07,0x0B,0x2C,0xE8,0x00,0x3D,0x00,0x24,0x29,0x36,
0x33,0xE5,0xE5,0xE5,0xFD,0x1C,0x29,0x27,0x2D,0x26,0x2D,0x31,0x33,0x37,0x00,0x28,
0x25,0x38,0x33,0x37,0xFC,0x28,0x29,0x00,0x39,0x32,0x00,0x32,0x39,0x29,0x3A,0x33,
0xFC,0x0D,0x2D,0x26,0x29,0x36,0xD6,0x29,0x30,0x2A,0x33,0xFD,0x28,0x29,0x00,0x30,
0x25,0x00,0x0C,0x25,0x37,0x29,0x00,0x28,0x29,0x00,0x30,0x25,0xFC,0x1C,0x29,0x37,
0x2D,0x37,0x38,0x29,0x32,0x27,0x2D,0x25,0xE5,0xFD,0xF3,0x04,0x4F,0x1F,0x32,0x00,
0x32,0x39,0x29,0x3A,0x33,0xFC,0x0D,0x2D,0x26,0x29,0x36,0xD6,0x29,0x30,0x2A,0x33,
0xDD,0xFD,0xF3,0x07,0x12,0x25,0x32,0x00,0x29,0x37,0x38,0x25,0x28,0x33,0xFC,0x2D,
0x32,0x3A,0x29,0x37,0x38,0x2D,0x2B,0x25,0x32,0x28,0x33,0xFC,0x0D,0x2D,0x26,0x29,
0x36,0xD6,0x29,0x30,0x2A,0x33,0x37,0xE5,0xFD,0x1E,0x29,0x32,0x29,0x31,0x33,0x37,
0x00,0x39,0x32,0x33,0x00,0x28,0x29,0x00,0x30,0x33,0x37,0xFC,0x32,0x39,0x29,0x3A,
0x33,0x37,0x00,0x29,0x32,0x00,0x29,0x30,0x00,0x27,0x39,0x25,0x36,0x38,0x33,0xFC,
0x28,0x29,0x00,0x25,0x30,0x00,0x30,0x25,0x28,0x33,0x00,0x27,0x33,0x32,0xFD,0x0B,
0x30,0x33,0x39,0x29,0x38,0x38,0x29,0xE5,0x00,0x20,0x29,0x00,0x25,0xFC,0x26,0x39,
0x37,0x27,0x25,0x36,0x30,0x33,0x00,0x27,0x33,0x32,0xFC,0x29,0x30,0x30,0x25,0xE5,
0xFD,0x1E,0x25,0x31,0x26,0x2D,0x41,0x32,0x00,0x38,0x2D,0x29,0x32,0x29,0x00,0x29,
0x30,0xFC,0x31,0x25,0x32,0x39,0x25,0x30,0xE8,0x00,0x25,0x37,0x42,0x00,0x35,0x39,
0x29,0xFC,0x34,0x42,0x28,0x29,0x30,0x29,0x00,0x28,0x29,0x38,0x25,0x30,0x30,0x29,
0x37,0xE5,0xFD,0xF3,0x04,0x16,0x33,0x00,0x2C,0x25,0x36,0x41,0xE5,0xFD,0xF3,0x07,
0x0D,0x39,0x25,0x32,0x28,0x33,0x00,0x29,0x37,0x38,0x41,0x37,0x00,0x30,0x2D,0x37,
0x38,0x33,0xE8,0xFC,0x28,0x2D,0x36,0x42,0x2B,0x29,0x38,0x29,0x00,0x25,0x30,0xFC,
0x25,0x37,0x29,0x32,0x38,0x25,0x31,0x2D,0x29,0x32,0x38,0x33,0xE5,0xFD,0x16,0x39,
0x29,0x2B,0x33,0x00,0x2D,0x36,0x41,0x00,0x25,0xFC,0x36,0x29,0x39,0x32,0x2D,0x36,
0x31,0x29,0x00,0x27,0x33,0x32,0x38,0x2D,0x2B,0x33,0xFC,0x29,0x32,0x00,0x29,0x30,
0x00,0x38,0x36,0x40,0x2D,0x30,0x29,0x36,0xE5,0xFF,0xF3,0x07,0x1A,0x25,0x36,0x29,
0x27,0x29,0x00,0x35,0x39,0x29,0x00,0x29,0x30,0x00,0x2E,0x29,0x2A,0x29,0xFC,0x28,
0x29,0x00,0x29,0x37,0x25,0x00,0x40,0x36,0x29,0x25,0x00,0x29,0x36,0x25,0x00,0x29,
0x30,0xFC,0x36,0x29,0x25,0x27,0x38,0x33,0x36,0x00,0x28,0x29,0x00,0x29,0x32,0x29,
0x36,0x2B,0x42,0x25,0xFD,0x28,0x29,0x30,0x00,0x36,0x25,0x3D,0x33,0x00,0x28,0x29,
0xFC,0x34,0x25,0x36,0x38,0x42,0x27,0x39,0x30,0x25,0x37,0xE5,0xFD,0x1D,0x2D,0x32,
0x00,0x41,0x30,0xE8,0x00,0x30,0x25,0x00,0x34,0x33,0x38,0x29,0x32,0x27,0x2D,0x25,
0xFC,0x28,0x29,0x30,0x00,0x36,0x25,0x3D,0x33,0x00,0x29,0x37,0x38,0x40,0xFC,0x28,
0x2D,0x37,0x31,0x2D,0x32,0x39,0x3D,0x29,0x32,0x28,0x33,0x00,0x34,0x33,0x27,0x33,
0xFD,0x25,0x00,0x34,0x33,0x27,0x33,0x00,0x3D,0x00,0x3D,0x25,0x00,0x32,0x33,0xFC,
0x36,0x29,0x34,0x36,0x29,0x37,0x29,0x32,0x38,0x25,0x00,0x39,0x32,0x25,0xFC,0x25,
0x31,0x29,0x32,0x25,0x3E,0x25,0x00,0x34,0x25,0x36,0x25,0xFD,0x45,0x36,0x29,0x25,
0x00,0x24,0x29,0x36,0x33,0xE5,0xFD,0x0C,0x39,0x29,0x32,0x00,0x38,0x36,0x25,0x26,
0x25,0x2E,0x33,0xE8,0xFC,0x24,0x29,0x36,0x33,0xE5,0xFF,0xF3,0x07,0x0B,0x37,0x42,
0x00,0x35,0x39,0x29,0x00,0x29,0x30,0x00,0x2E,0x29,0x2A,0x29,0x00,0x28,0x29,0xFC,
0x29,0x37,0x38,0x25,0x00,0x40,0x36,0x29,0x25,0x00,0x29,0x36,0x25,0x00,0x39,0x32,
0x33,0xFC,0x28,0x29,0x00,0x30,0x33,0x37,0x00,0x2C,0x33,0x31,0x26,0x36,0x29,0x37,
0x00,0x28,0x29,0xFD,0x1A,0x2C,0x25,0x32,0x38,0x33,0x31,0xE5,0xE5,0xE5,0xFD,0x1A,
0x2C,0x25,0x32,0x38,0x33,0x31,0x00,0x34,0x29,0x36,0x28,0x2D,0x43,0x00,0x30,0x25,
0xFC,0x3A,0x2D,0x28,0x25,0x00,0x29,0x32,0x00,0x39,0x32,0x25,0x00,0x28,0x29,0xFC,
0x32,0x39,0x29,0x37,0x38,0x36,0x25,0x37,0x00,0x26,0x25,0x38,0x25,0x30,0x30,0x25,
0x37,0xE5,0xFD,0x0B,0x00,0x3A,0x29,0x27,0x29,0x37,0x00,0x31,0x29,0x00,0x34,0x36,
0x29,0x2B,0x39,0x32,0x38,0x33,0xFC,0x37,0x2D,0x00,0x38,0x33,0x28,0x25,0x37,0x00,
0x32,0x39,0x29,0x37,0x38,0x36,0x25,0x37,0xFC,0x26,0x25,0x38,0x25,0x30,0x30,0x25,
0x37,0x00,0x37,0x33,0x30,0x33,0x00,0x29,0x37,0x38,0x40,0x32,0xFD,0x27,0x36,0x29,
0x25,0x32,0x28,0x33,0x00,0x31,0x40,0x37,0x00,0x28,0x33,0x30,0x33,0x36,0xFC,0x29,
0x32,0x00,0x29,0x30,0x00,0x31,0x39,0x32,0x28,0x33,0xE5,0xFF,0xF3,0x3B,0x18,0x33,
0x00,0x34,0x39,0x29,0x28,0x33,0x00,0x27,0x36,0x29,0x29,0x36,0x00,0x35,0x39,0x29,
0xFC,0x34,0x30,0x25,0x32,0x29,0x25,0x36,0x25,0x32,0x00,0x25,0x38,0x25,0x27,0x25,
0x36,0xFC,0x39,0x37,0x25,0x32,0x28,0x33,0x00,0x29,0x37,0x25,0xFD,0x2A,0x33,0x36,
0x38,0x25,0x30,0x29,0x3E,0x25,0x00,0x3A,0x33,0x30,0x25,0x28,0x33,0x36,0x25,0xE5,
0xFD,0x21,0x29,0x2D,0x30,0x00,0x3A,0x25,0x00,0x29,0x32,0x00,0x37,0x29,0x36,0x2D,
0x33,0xE5,0xFD,0x18,0x33,0x00,0x34,0x39,0x29,0x28,0x33,0x00,0x27,0x36,0x29,0x29,
0x36,0x00,0x35,0x39,0x29,0xFC,0x37,0x29,0x25,0x00,0x2C,0x39,0x31,0x25,0x32,0x33,
0xE5,0x00,0x4F,0x0D,0x43,0x31,0x33,0xFC,0x34,0x39,0x29,0x28,0x29,0x00,0x37,0x29,
0x36,0x00,0x38,0x25,0x32,0x00,0x27,0x36,0x39,0x29,0x30,0xDD,0xFF,0xF3,0x07,0x1A,
0x30,0x25,0x32,0x38,0x25,0x37,0xFC,0x25,0x36,0x38,0x2D,0x2A,0x2D,0x27,0x2D,0x25,
0x30,0x29,0x37,0xE5,0xE5,0xE5,0xFD,0x1B,0x39,0x41,0x00,0x2D,0x36,0x43,0x32,0x2D,
0x27,0x33,0x00,0x35,0x39,0x29,0x00,0x30,0x25,0xFC,0x31,0x2D,0x37,0x31,0x25,0x00,
0x38,0x29,0x27,0x32,0x33,0x30,0x33,0x2B,0x42,0x25,0xFC,0x28,0x29,0x37,0x38,0x2D,
0x32,0x25,0x28,0x25,0x00,0x25,0x00,0x34,0x36,0x33,0x38,0x29,0x2B,0x29,0x36,0xFD,
0x30,0x25,0x00,0x32,0x25,0x38,0x39,0x36,0x25,0x30,0x29,0x3E,0x25,0x00,0x29,0x37,
0x38,0x41,0xFC,0x28,0x29,0x37,0x38,0x36,0x39,0x3D,0x41,0x32,0x28,0x33,0x30,0x25,
0xE5,0xFD,0x16,0x33,0x37,0x00,0x2C,0x39,0x31,0x25,0x32,0x33,0x37,0x00,0x37,0x33,
0x32,0xFC,0x27,0x25,0x34,0x25,0x27,0x29,0x37,0x00,0x28,0x29,0x00,0x30,0x25,0x37,
0x00,0x27,0x33,0x37,0x25,0x37,0xFC,0x31,0x40,0x37,0x00,0x31,0x25,0x36,0x25,0x3A,
0x2D,0x30,0x30,0x33,0x37,0x25,0x37,0x00,0x3D,0xFD,0x30,0x25,0x37,0x00,0x31,0x40,
0x37,0x00,0x25,0x38,0x29,0x36,0x36,0x25,0x28,0x33,0x36,0x25,0x37,0xFC,0x27,0x33,
0x32,0x00,0x29,0x30,0x00,0x34,0x33,0x28,0x29,0x36,0x00,0x28,0x29,0x00,0x30,0x25,
0xFC,0x27,0x2D,0x29,0x32,0x27,0x2D,0x25,0xE5,0xFD,0xF3,0x3B,0x0D,0x33,0x31,0x33,
0x00,0x27,0x2D,0x29,0x32,0x38,0x42,0x2A,0x2D,0x27,0x25,0xE8,0xFC,0x31,0x29,0x00,
0x28,0x25,0x00,0x29,0x37,0x27,0x25,0x30,0x33,0x2A,0x36,0x42,0x33,0x37,0xFC,0x37,
0x33,0x30,0x33,0x00,0x34,0x29,0x32,0x37,0x25,0x36,0x30,0x33,0xE5,0xFF,0xF3,0x07,
0x0C,0x2D,0x29,0x32,0x3A,0x29,0x32,0x2D,0x28,0x33,0x00,0x28,0x29,0xFC,0x3A,0x39,
0x29,0x30,0x38,0x25,0xE8,0x00,0x24,0x29,0x36,0x33,0xE5,0xFC,0x4F,0x0D,0x43,0x31,
0x33,0x00,0x38,0x29,0x00,0x29,0x32,0x27,0x39,0x29,0x32,0x38,0x36,0x25,0x37,0xDD,
0xFD,0x0B,0x39,0x32,0x00,0x34,0x25,0x36,0x25,0x00,0x38,0x2D,0xE8,0x00,0x29,0x37,
0x29,0xFC,0x32,0x2D,0x3A,0x29,0x30,0x00,0x28,0x29,0x00,0x27,0x25,0x30,0x33,0x36,
0xFC,0x29,0x37,0x00,0x34,0x29,0x30,0x2D,0x2B,0x36,0x33,0x37,0x33,0xE5,0xFD,0xF3,
0x3B,0x4E,0x17,0x29,0x00,0x34,0x36,0x29,0x33,0x27,0x39,0x34,0x41,0xFC,0x38,0x25,
0x32,0x38,0x33,0xE5,0xE5,0xE5,0xCA,0xFD,0x17,0x29,0x00,0x25,0x30,0x29,0x2B,0x36,
0x25,0x00,0x3A,0x29,0x36,0xFC,0x35,0x39,0x29,0x00,0x29,0x37,0x38,0x40,0x37,0x00,
0x25,0x00,0x37,0x25,0x30,0x3A,0x33,0xE5,0xFF,0xF3,0x07,0x11,0x36,0x25,0x27,0x2D,
0x25,0x37,0xE8,0x00,0x24,0x29,0x36,0x33,0xE5,0xFD,0x0B,0x3D,0x39,0x28,0x25,0x37,
0x38,0x29,0x00,0x25,0x00,0x27,0x33,0x32,0x38,0x29,0x32,0x29,0x36,0xFC,0x25,0x00,
0x30,0x33,0x37,0x00,0x0D,0x2D,0x26,0x29,0x36,0xD6,0x29,0x30,0x2A,0x33,0x37,0xE5,
0xFD,0x0B,0x2C,0x33,0x36,0x25,0x00,0x34,0x39,0x29,0x28,0x29,0x32,0xFC,0x28,0x29,
0x37,0x27,0x25,0x32,0x37,0x25,0x36,0x00,0x29,0x32,0x00,0x34,0x25,0x3E,0xE5,0xE5,
0xE5,0xFF,0xF3,0x07,0x16,0x33,0x2B,0x36,0x25,0x37,0x38,0x29,0x00,0x28,0x29,0x38,
0x29,0x32,0x29,0x36,0xFC,0x29,0x30,0x00,0x36,0x39,0x2D,0x28,0x33,0x00,0x35,0x39,
0x29,0x00,0x37,0x29,0xFC,0x29,0x37,0x38,0x25,0x26,0x25,0x00,0x34,0x36,0x33,0x34,
0x25,0x2B,0x25,0x32,0x28,0x33,0xE5,0xFD,0x23,0x00,0x31,0x29,0x32,0x33,0x37,0x00,
0x31,0x25,0x30,0xE8,0x00,0x34,0x33,0x36,0x35,0x39,0x29,0xFC,0x37,0x2D,0x00,0x2C,
0x39,0x26,0x2D,0x29,0x36,0x25,0x00,0x37,0x29,0x2B,0x39,0x2D,0x28,0x33,0xFC,0x25,
0x37,0x42,0xE8,0x00,0x2D,0x32,0x27,0x30,0x39,0x37,0x33,0x00,0x29,0x37,0x38,0x29,
0xFD,0x38,0x36,0x40,0x2D,0x30,0x29,0x36,0x00,0x2C,0x25,0x26,0x36,0x42,0x25,0xFC,
0x29,0x37,0x38,0x25,0x28,0x33,0x00,0x29,0x32,0x00,0x34,0x29,0x30,0x2D,0x2B,0x36,
0x33,0xE5,0xFF,0xF3,0x07,0x12,0x25,0x3D,0x00,0x25,0x30,0x2B,0x33,0xFC,0x37,0x33,
0x30,0x2D,0x38,0x25,0x36,0x2D,0x33,0x00,0x29,0x32,0x00,0x39,0x32,0xFC,0x34,0x39,
0x29,0x26,0x30,0x33,0x00,0x2A,0x25,0x32,0x38,0x25,0x37,0x31,0x25,0xE5,0xE5,0xE5,
0xFD,0x13,0x32,0x27,0x30,0x39,0x37,0x33,0x00,0x37,0x2D,0x00,0x2B,0x25,0x32,0x25,
0x31,0x33,0x37,0xFC,0x29,0x37,0x38,0x25,0x00,0x26,0x25,0x38,0x25,0x30,0x30,0x25,
0xE8,0xFC,0x31,0x2D,0x29,0x32,0x38,0x36,0x25,0x37,0x00,0x29,0x3C,0x2D,0x37,0x38,
0x25,0x00,0x39,0x32,0x25,0xFD,0x26,0x36,0x29,0x27,0x2C,0x25,0x00,0x29,0x32,0x38,
0x36,0x29,0x00,0x2C,0x39,0x31,0x25,0x32,0x33,0x37,0xFC,0x3D,0x00,0x1C,0x29,0x34,
0x30,0x33,0x2D,0x28,0x29,0x37,0xE8,0x00,0x27,0x33,0x37,0x25,0x37,0xFC,0x25,0x37,
0x42,0x00,0x37,0x29,0x2B,0x39,0x2D,0x36,0x40,0x32,0xFD,0x29,0x3C,0x2D,0x37,0x38,
0x2D,0x29,0x32,0x28,0x33,0xE5,0xFD,0x0E,0x29,0x26,0x29,0x31,0x33,0x37,0x00,0x2C,
0x25,0x27,0x29,0x36,0x00,0x30,0x33,0xFC,0x34,0x33,0x37,0x2D,0x26,0x30,0x29,0x00,
0x34,0x33,0x36,0x00,0x29,0x30,0xFC,0x2A,0x39,0x38,0x39,0x36,0x33,0x00,0x28,0x29,
0x00,0x38,0x33,0x28,0x33,0x37,0xE5,0xFF,0xF3,0x07,0x0C,0x2D,0x29,0x32,0x3A,0x29,
0x32,0x2D,0x28,0x33,0x00,0x28,0x29,0xFC,0x3A,0x39,0x29,0x30,0x38,0x25,0xE8,0x00,
0x24,0x29,0x36,0x33,0xE5,0xFD,0x1D,0x41,0x00,0x28,0x43,0x32,0x28,0x29,0x00,0x30,
0x30,0x29,0x3A,0x25,0x36,0x33,0x32,0xFC,0x25,0x00,0x18,0x29,0x2D,0x2B,0x29,0xE5,
0xFD,0x12,0x25,0x3D,0x00,0x39,0x32,0x25,0x00,0x26,0x25,0x37,0x29,0x00,0x29,0x32,
0x29,0x31,0x2D,0x2B,0x25,0xFC,0x25,0x30,0x00,0x33,0x29,0x37,0x38,0x29,0x00,0x28,
0x29,0x00,0x32,0x39,0x29,0x37,0x38,0x36,0x25,0xFC,0x34,0x33,0x37,0x2D,0x27,0x2D,
0x43,0x32,0x00,0x25,0x27,0x38,0x39,0x25,0x30,0xE5,0xFD,0x18,0x29,0x2D,0x2B,0x29,
0x00,0x3D,0x00,0x0D,0x36,0x25,0x2A,0x38,0xFC,0x28,0x29,0x26,0x29,0x36,0x42,0x25,
0x32,0x00,0x29,0x37,0x38,0x25,0x36,0x00,0x25,0x30,0x30,0x42,0xE5,0xFD,0xF3,0x22,
0x0F,0x37,0x38,0x25,0x31,0x33,0x37,0x00,0x30,0x2D,0x37,0x38,0x33,0x37,0x00,0x34,
0x25,0x36,0x25,0xFC,0x30,0x25,0x00,0x38,0x36,0x25,0x32,0x37,0x2A,0x29,0x36,0x29,
0x32,0x27,0x2D,0x25,0xFC,0x27,0x39,0x25,0x32,0x28,0x33,0x00,0x38,0x44,0x00,0x30,
0x33,0x00,0x29,0x37,0x38,0x41,0x37,0xE5,0xFF,0xF3,0x22,0x1E,0x36,0x25,0x32,0x37,
0x2A,0x29,0x36,0x29,0x32,0x27,0x2D,0x25,0xFC,0x27,0x33,0x31,0x34,0x30,0x29,0x38,
0x25,0xE5,0xFD,0xF3,0x3B,0x17,0x29,0x00,0x25,0x30,0x29,0x2B,0x36,0x25,0x00,0x3A,
0x29,0x36,0x38,0x29,0x00,0x28,0x29,0xFC,0x3A,0x39,0x29,0x30,0x38,0x25,0xE5,0xFD,
0xF3,0x04,0x4F,0x0E,0x43,0x32,0x28,0x29,0x00,0x29,0x37,0x38,0x40,0x00,0x18,0x29,
0x2D,0x2B,0x29,0xDD,0xFD,0xF3,0x07,0x20,0x33,0x30,0x3A,0x2D,0x43,0x00,0x25,0x30,
0xFC,0x0B,0x37,0x29,0x32,0x38,0x25,0x31,0x2D,0x29,0x32,0x38,0x33,0x00,0x34,0x25,
0x36,0x25,0xFC,0x25,0x2B,0x36,0x25,0x28,0x29,0x27,0x29,0x36,0x30,0x29,0x37,0x00,
0x25,0x00,0x38,0x33,0x28,0x33,0x37,0xE5,0xFD,0xF3,0x04,0x23,0x25,0x00,0x3A,0x29,
0x33,0xE5,0xE5,0xE5,0xFD,0xF3,0x3B,0x4F,0x0D,0x36,0x29,0x29,0x37,0x00,0x35,0x39,
0x29,0x00,0x28,0x29,0x00,0x3A,0x29,0x36,0x28,0x25,0x28,0xFC,0x25,0x3D,0x39,0x28,
0x25,0x31,0x33,0x37,0x00,0x25,0x00,0x30,0x33,0x37,0xFC,0x2C,0x39,0x31,0x25,0x32,
0x33,0x37,0xDD,0xFD,0xF3,0x04,0x23,0x33,0x00,0x27,0x36,0x29,0x33,0x00,0x35,0x39,
0x29,0x00,0x37,0x42,0xE5,0xE5,0xE5,0xFD,0x1A,0x29,0x36,0x33,0x00,0x25,0x44,0x32,
0x00,0x32,0x33,0x00,0x2C,0x29,0x31,0x33,0x37,0xFC,0x38,0x29,0x36,0x31,0x2D,0x32,
0x25,0x28,0x33,0xE8,0x00,0x38,0x33,0x28,0x25,0x3A,0x42,0x25,0xFC,0x2C,0x25,0x3D,
0x00,0x38,0x36,0x25,0x26,0x25,0x2E,0x33,0xFD,0x34,0x33,0x36,0x00,0x2C,0x25,0x27,
0x29,0x36,0xE5,0xFD,0xF3,0x07,0x4E,0x0D,0x30,0x25,0x36,0x33,0xCA,0xFC,0x4E,0x0E,
0x29,0x38,0x29,0x32,0x2B,0x25,0x31,0x33,0x37,0x00,0x29,0x30,0x00,0x34,0x30,0x25,
0x32,0xFC,0x31,0x25,0x30,0x3A,0x25,0x28,0x33,0x00,0x28,0x29,0x00,0x21,0x29,0x2D,
0x30,0xCA,0xFF,0xF3,0x07,0x11,0x36,0x25,0x27,0x2D,0x25,0x37,0x00,0x25,0x00,0x38,
0x2D,0xE8,0xFC,0x25,0x37,0x29,0x2B,0x39,0x36,0x25,0x31,0x33,0x37,0x00,0x29,0x30,
0x00,0x25,0x27,0x27,0x29,0x37,0x33,0xFC,0x25,0x30,0x00,0x0D,0x2D,0x36,0x27,0x39,
0x2D,0x38,0x33,0x00,0x28,0x29,0xFD,0x1E,0x29,0x30,0x29,0x38,0x36,0x25,0x32,0x37,
0x34,0x33,0x36,0x38,0x29,0xE5,0xFD,0x0B,0x44,0x32,0x00,0x28,0x29,0x26,0x29,0x31,
0x33,0x37,0x00,0x29,0x3A,0x25,0x28,0x2D,0x36,0xFC,0x30,0x25,0x00,0x34,0x36,0x33,
0x38,0x29,0x27,0x27,0x2D,0x43,0x32,0x00,0x35,0x39,0x29,0xFC,0x36,0x33,0x28,0x29,
0x25,0x00,0x25,0x00,0x1C,0x25,0x2B,0x32,0x25,0x36,0x33,0x2F,0xE8,0xFD,0x34,0x29,
0x36,0x33,0x00,0x38,0x29,0x32,0x2B,0x33,0x00,0x39,0x32,0x25,0x00,0x2D,0x28,0x29,
0x25,0xE5,0xFD,0x0D,0x33,0x32,0x38,0x2D,0x32,0x39,0x29,0x31,0x33,0x37,0x00,0x27,
0x33,0x32,0x00,0x30,0x25,0xFC,0x37,0x2D,0x2B,0x39,0x2D,0x29,0x32,0x38,0x29,0x00,
0x31,0x2D,0x37,0x2D,0x43,0x32,0xFC,0x27,0x39,0x25,0x32,0x28,0x33,0x00,0x29,0x37,
0x38,0x41,0x37,0x00,0x30,0x2D,0x37,0x38,0x33,0xE5,0xFF,0xF3,0x07,0x1D,0x2D,0x00,
0x32,0x33,0x00,0x28,0x29,0x38,0x29,0x32,0x29,0x31,0x33,0x37,0x00,0x25,0xFC,0x1C,
0x25,0x2B,0x32,0x25,0x36,0x33,0x2F,0xE8,0x00,0x45,0x36,0x29,0x25,0x00,0x24,0x29,
0x36,0x33,0xFC,0x29,0x37,0x38,0x40,0x00,0x34,0x29,0x36,0x28,0x2D,0x28,0x25,0xE5,
0xE5,0xE5,0xFD,0x23,0x00,0x30,0x33,0x00,0x44,0x30,0x38,0x2D,0x31,0x33,0x00,0x28,
0x29,0x00,0x30,0x25,0xFC,0x32,0x25,0x38,0x39,0x36,0x25,0x30,0x29,0x3E,0x25,0x00,
0x37,0x29,0x00,0x2D,0x36,0x40,0xFC,0x27,0x33,0x32,0x00,0x29,0x30,0x30,0x33,0xE5,
0xFD,0x18,0x33,0x00,0x34,0x39,0x29,0x28,0x29,0x37,0x00,0x2A,0x25,0x30,0x30,0x25,
0x36,0xE5,0xE5,0xE5,0xFC,0x0F,0x30,0x00,0x31,0x39,0x32,0x28,0x33,0x00,0x27,0x39,
0x29,0x32,0x38,0x25,0xFC,0x27,0x33,0x32,0x38,0x2D,0x2B,0x33,0xE5,0xFD,0x23,0xE5,
0xE5,0xE5,0xFD,0xF3,0x3B,0x0B,0x37,0x29,0x2B,0x44,0x36,0x25,0x38,0x29,0x00,0x28,
0x29,0x00,0x3A,0x33,0x30,0x3A,0x29,0x36,0xE8,0xFC,0x4F,0x37,0x42,0xDD,0xFF,0xF3,
0x22,0x1E,0x33,0x28,0x25,0x37,0x00,0x30,0x25,0x37,0x00,0x31,0x2D,0x37,0x2D,0x33,
0x32,0x29,0x37,0xFC,0x2C,0x25,0x32,0x00,0x37,0x2D,0x28,0x33,0x00,0x27,0x33,0x31,
0x34,0x30,0x29,0x38,0x25,0x28,0x25,0x37,0xE5,0xFD,0x16,0x25,0x00,0x37,0x2D,0x38,
0x39,0x25,0x27,0x2D,0x43,0x32,0x00,0x29,0x32,0xFC,0x45,0x36,0x29,0x25,0x00,0x24,
0x29,0x36,0x33,0x00,0x29,0x37,0xFC,0x29,0x37,0x38,0x25,0x26,0x30,0x29,0xE5,0xFD,
0xF3,0x04,0x1A,0x25,0x36,0x29,0x27,0x29,0x00,0x35,0x39,0x29,0x00,0x30,0x33,0x00,
0x2C,0x2D,0x27,0x29,0xFC,0x25,0x00,0x38,0x2D,0x29,0x31,0x34,0x33,0xE5,0xFF,0xF3,
0x07,0x4E,0x1A,0x25,0x36,0x29,0x27,0x29,0x00,0x35,0x39,0x29,0x00,0x37,0x42,0xCA,
0xFD,0x0B,0x2C,0x33,0x36,0x25,0x00,0x45,0x36,0x29,0x25,0x00,0x24,0x29,0x36,0x33,
0xFC,0x29,0x37,0x38,0x40,0x00,0x25,0x00,0x37,0x25,0x30,0x3A,0x33,0xE5,0xFF,0xF3,
0x07,0x11,0x39,0x25,0x36,0x28,0x41,0x00,0x38,0x39,0x37,0x00,0x28,0x25,0x38,0x33,
0x37,0xFC,0x34,0x33,0x36,0x00,0x38,0x2D,0xE5,0xFD,0x1E,0x43,0x31,0x25,0x38,0x29,
0x00,0x39,0x32,0x00,0x28,0x29,0x37,0x27,0x25,0x32,0x37,0x33,0xE8,0xFC,0x38,0x29,
0x00,0x30,0x33,0x00,0x31,0x29,0x36,0x29,0x27,0x29,0x37,0xE5,0xFF,0xF3,0x07,0x4F,
0x0F,0x37,0x38,0x40,0x00,0x38,0x33,0x28,0x33,0x00,0x26,0x2D,0x29,0x32,0xDD,0xFD,
0x1E,0x43,0x31,0x25,0x38,0x29,0x00,0x39,0x32,0x00,0x28,0x29,0x37,0x27,0x25,0x32,
0x37,0x33,0xE8,0xFC,0x38,0x29,0x00,0x30,0x33,0x00,0x31,0x29,0x36,0x29,0x27,0x29,
0x37,0xE5,0xFF,0xF3,0x22,0x0F,0x37,0x38,0x33,0x3D,0x00,0x36,0x29,0x27,0x2D,0x26,
0x2D,0x29,0x32,0x28,0x33,0xFC,0x32,0x33,0x38,0x2D,0x27,0x2D,0x25,0x37,0x00,0x28,
0x29,0x00,0x30,0x25,0xFC,0x0C,0x25,0x37,0x29,0x00,0x28,0x29,0x00,0x30,0x25,0xFD,
0x1C,0x29,0x37,0x2D,0x37,0x38,0x29,0x32,0x27,0x2D,0x25,0xE5,0xFD,0x0B,0x26,0x36,
0x2D,0x29,0x32,0x28,0x33,0x00,0x27,0x25,0x32,0x25,0x30,0xE5,0xFD,0xF3,0x3F,0x4E,
0x0D,0x2D,0x29,0x30,0xCA,0x00,0x4E,0x24,0x29,0x36,0x33,0xCA,0xFC,0x4E,0x0F,0x37,
0x00,0x38,0x29,0x36,0x36,0x2D,0x26,0x30,0x29,0xCA,0xFD,0x4E,0x0F,0x30,0x00,0x36,
0x25,0x28,0x25,0x36,0x00,0x28,0x29,0x00,0x30,0x25,0xFC,0x26,0x25,0x37,0x29,0x00,
0x2C,0x25,0x00,0x28,0x29,0x38,0x29,0x27,0x38,0x25,0x28,0x33,0xFC,0x39,0x32,0x25,
0x00,0x29,0x32,0x33,0x36,0x31,0x29,0x00,0x37,0x29,0x4C,0x25,0x30,0xFD,0x28,0x29,
0x00,0x29,0x32,0x29,0x36,0x2B,0x42,0x25,0xCA,0xFD,0x4E,0x16,0x25,0x00,0x37,0x29,
0x4C,0x25,0x30,0x00,0x34,0x36,0x33,0x3A,0x2D,0x29,0x32,0x29,0xFC,0x28,0x29,0x30,
0x00,0x29,0x37,0x34,0x25,0x27,0x2D,0x33,0xCA,0xFD,0xF3,0x3B,0x4F,0x4E,0x0E,0x29,
0x30,0x00,0x29,0x37,0x34,0x25,0x27,0x2D,0x33,0xCA,0xDD,0xFD,0xF3,0x3F,0x4E,0x16,
0x25,0x00,0x37,0x29,0x4C,0x25,0x30,0x00,0x28,0x29,0xFC,0x29,0x32,0x29,0x36,0x2B,
0x42,0x25,0x00,0x29,0x37,0x38,0x40,0x00,0x2A,0x39,0x29,0x36,0x25,0xFC,0x28,0x29,
0x00,0x29,0x37,0x27,0x25,0x30,0x25,0xCA,0xFD,0x4E,0x1D,0x29,0x00,0x28,0x2D,0x36,
0x2D,0x2B,0x29,0xE5,0xE5,0xE5,0xFC,0x25,0x00,0x45,0x36,0x29,0x25,0x00,0x24,0x29,
0x36,0x33,0xCA,0xFC,0x4E,0x1D,0x25,0x30,0x2B,0x25,0x32,0xE5,0xE5,0xE5,0x00,0x28,
0x29,0x00,0x25,0x2C,0x42,0xCA,0xFD,0xF3,0x3B,0x4F,0x4E,0x1B,0x39,0x41,0x00,0x29,
0x37,0x00,0x29,0x37,0x33,0xCA,0xDD,0xFC,0x4E,0x1C,0x29,0x37,0x34,0x33,0x32,0x28,
0x29,0xCA,0xFD,0x4F,0x4E,0x1B,0x39,0x41,0x00,0x29,0x37,0x38,0x40,0x00,0x34,0x25,
0x37,0x25,0x32,0x28,0x33,0xFC,0x25,0x30,0x30,0x40,0x00,0x25,0x36,0x36,0x2D,0x26,
0x25,0xCA,0xDD,0xFF,0xF3,0x22,0x4E,0x0B,0x30,0x2B,0x33,0x00,0x29,0x37,0x38,0x40,
0xFC,0x2D,0x32,0x38,0x29,0x36,0x2A,0x2D,0x36,0x2D,0x29,0x32,0x28,0x33,0x00,0x27,
0x33,0x32,0xFC,0x30,0x25,0x00,0x37,0x29,0x4C,0x25,0x30,0xCA,0xFD,0x16,0x25,0x00,
0x2A,0x39,0x29,0x32,0x38,0x29,0x00,0x29,0x37,0xE5,0xE5,0xE5,0xFC,0x4E,0x18,0x29,
0x33,0x00,0x0B,0x36,0x27,0x25,0x28,0x2D,0x25,0xCA,0xFD,0xF3,0x26,0xDD,0xDD,0xDD,
0xD9,0xFC,0xE9,0x14,0x29,0x2E,0x29,0x2E,0x29,0xE5,0xE5,0xE5,0xE9,0xFD,0xE9,0x4E,
0x0C,0x3B,0x25,0x2C,0x25,0x2C,0x25,0x2C,0x25,0xCA,0xE9,0xFD,0xF3,0x04,0x16,0x33,
0x00,0x37,0x25,0x26,0x42,0x25,0xE5,0xE5,0xE5,0xFC,0x4E,0x0E,0x36,0xE5,0x00,0x21,
0x29,0x2D,0x30,0xCA,0xFD,0xF3,0x56,0x4E,0x1E,0x29,0x00,0x30,0x33,0x00,0x28,0x2D,
0x2E,0x29,0xE8,0x00,0x24,0x29,0x36,0x33,0xCA,0xFC,0x4E,0x18,0x33,0x00,0x38,0x2D,
0x29,0x32,0x29,0x37,0x00,0x32,0x2D,0x32,0x2B,0x39,0x32,0x25,0xFC,0x34,0x33,0x37,
0x2D,0x26,0x2D,0x30,0x2D,0x28,0x25,0x28,0x00,0x28,0x29,0xFD,0x28,0x29,0x38,0x29,
0x32,0x29,0x36,0x00,0x1C,0x25,0x2B,0x32,0x25,0x36,0x33,0x2F,0xCA,0xFD,0x4E,0x0D,
0x39,0x26,0x36,0x2D,0x36,0x00,0x38,0x33,0x28,0x33,0x00,0x27,0x33,0x32,0x00,0x39,
0x32,0xFC,0x31,0x25,0x32,0x38,0x33,0x00,0x28,0x29,0x00,0x28,0x29,0x37,0x38,0x36,
0x39,0x27,0x27,0x2D,0x43,0x32,0xFC,0x28,0x29,0x37,0x28,0x29,0x00,0x30,0x25,0x00,
0x27,0x33,0x31,0x33,0x28,0x2D,0x28,0x25,0x28,0xFD,0x28,0x29,0x00,0x31,0x2D,0x00,
0x27,0x25,0x4C,0x43,0x32,0x00,0x29,0x37,0x34,0x25,0x27,0x2D,0x25,0x30,0xFC,0x29,
0x37,0x00,0x34,0x25,0x36,0x25,0x00,0x30,0x33,0x00,0x35,0x39,0x29,0xFC,0x1C,0x25,
0x2B,0x32,0x25,0x36,0x33,0x2F,0x00,0x2A,0x39,0x29,0x00,0x27,0x36,0x29,0x25,0x28,
0x33,0xFD,0x28,0x29,0x37,0x28,0x29,0x00,0x29,0x30,0x00,0x34,0x36,0x2D,0x32,0x27,
0x2D,0x34,0x2D,0x33,0xCA,0xFD,0x4E,0x16,0x33,0x37,0x00,0x19,0x27,0x2C,0x33,0x00,
0x11,0x39,0x29,0x36,0x36,0x29,0x36,0x33,0x37,0xFC,0x32,0x33,0x00,0x2A,0x39,0x29,
0x36,0x33,0x32,0x00,0x31,0x40,0x37,0x00,0x35,0x39,0x29,0xFC,0x39,0x32,0x25,0x00,
0x28,0x2D,0x37,0x38,0x36,0x25,0x27,0x27,0x2D,0x43,0x32,0xFD,0x31,0x2D,0x29,0x32,
0x38,0x36,0x25,0x37,0x00,0x27,0x33,0x31,0x34,0x30,0x29,0x38,0x25,0x26,0x25,0xFC,
0x1C,0x25,0x2B,0x32,0x25,0x36,0x33,0x2F,0xCA,0xFD,0xF3,0x04,0x4E,0x19,0x34,0x29,
0x36,0x25,0x28,0x33,0x36,0x25,0xCA,0xFC,0x4F,0x1A,0x39,0x29,0x28,0x29,0x37,0x00,
0x38,0x36,0x25,0x32,0x37,0x2A,0x29,0x36,0x2D,0x36,0x31,0x29,0xFC,0x25,0x00,0x1C,
0x25,0x2B,0x32,0x25,0x36,0x33,0x2F,0xDD,0xFD,0xF3,0x22,0x4E,0x16,0x33,0x00,0x37,
0x2D,0x29,0x32,0x38,0x33,0xE8,0x00,0x32,0x33,0x00,0x34,0x39,0x29,0x28,0x33,0xFC,
0x28,0x29,0x38,0x29,0x36,0x31,0x2D,0x32,0x25,0x36,0x00,0x30,0x25,0x37,0xFC,0x27,
0x33,0x33,0x36,0x28,0x29,0x32,0x25,0x28,0x25,0x37,0xCA,0xFD,0x4E,0x18,0x33,0x00,
0x34,0x39,0x29,0x28,0x33,0x00,0x29,0x32,0x3A,0x2D,0x25,0x36,0x38,0x29,0x00,0x25,
0xFC,0x32,0x2D,0x32,0x2B,0x44,0x32,0x00,0x30,0x39,0x2B,0x25,0x36,0x00,0x37,0x2D,
0x32,0x00,0x39,0x32,0xFC,0x28,0x29,0x37,0x38,0x2D,0x32,0x33,0xCA,0xFD,0xF3,0x56,
0x4E,0x14,0x29,0x2E,0x29,0x2E,0x29,0xCA,0xFC,0x4E,0x0C,0x3B,0x25,0x2C,0x25,0x2C,
0x25,0x2C,0x25,0xCA,0xFD,0x4E,0x1E,0x39,0x00,0x27,0x33,0x32,0x2A,0x39,0x37,0x2D,
0x43,0x32,0x00,0x31,0x29,0xFC,0x29,0x32,0x38,0x39,0x37,0x2D,0x25,0x37,0x31,0x25,
0x00,0x37,0x2D,0x32,0xFC,0x30,0x42,0x31,0x2D,0x38,0x29,0x37,0xCA,0xFD,0x4E,0x13,
0x32,0x37,0x29,0x27,0x38,0x33,0x37,0x00,0x34,0x25,0x38,0x41,0x38,0x2D,0x27,0x33,
0x37,0xFC,0x25,0x36,0x36,0x25,0x37,0x38,0x36,0x40,0x32,0x28,0x33,0x37,0x29,0x00,
0x3D,0xFC,0x29,0x31,0x33,0x27,0x2D,0x33,0x32,0x40,0x32,0x28,0x33,0x37,0x29,0x00,
0x34,0x33,0x36,0xFD,0x37,0x39,0x00,0x34,0x36,0x29,0x27,0x2D,0x33,0x37,0x25,0xFC,
0x32,0x25,0x38,0x39,0x36,0x25,0x30,0x29,0x3E,0x25,0xCA,0xFD,0x4E,0x1B,0x39,0x2D,
0x29,0x36,0x33,0x00,0x33,0x42,0x36,0x30,0x33,0x37,0xFC,0x2B,0x36,0x2D,0x38,0x25,
0x36,0x00,0x27,0x39,0x25,0x32,0x28,0x33,0xFC,0x29,0x32,0x27,0x39,0x29,0x32,0x38,
0x36,0x29,0x32,0x00,0x37,0x39,0x00,0x2A,0x2D,0x32,0xCA,0xFF,0xF3,0x26,0xDD,0xDD,
0xDD,0xD9,0xFC,0xE9,0x4E,0x0F,0x30,0x00,0x44,0x32,0x2D,0x27,0x33,0x00,0x35,0x39,
0x29,0x00,0x29,0x37,0x38,0x40,0xFC,0x00,0x27,0x33,0x32,0x28,0x29,0x32,0x25,0x28,
0x33,0x00,0x29,0x36,0x29,0x37,0x00,0x38,0x44,0xCA,0xE9,0xFD,0xF3,0x56,0x4E,0x0D,
0x43,0x31,0x33,0x00,0x38,0x29,0x00,0x25,0x38,0x36,0x29,0x3A,0x29,0x37,0xCA,0xFD,
0x0F,0x37,0x25,0x00,0x3A,0x33,0x3E,0xE5,0xE5,0xE5,0xFC,0x4F,0x4E,0x0D,0x36,0x25,
0x2A,0x38,0xCA,0xDD,0xFF,0xFB,0xF3,0x26,0x0D,0x36,0x25,0x2A,0x38,0xD9,0xFC,0xE9,
0x12,0x29,0x00,0x28,0x29,0x37,0x38,0x36,0x39,0x2D,0x28,0x33,0x00,0x29,0x30,0xFC,
0x00,0x37,0x2D,0x37,0x38,0x29,0x31,0x25,0x00,0x28,0x29,0x00,0x27,0x33,0x32,0x38,
0x36,0x33,0x30,0xFD,0x00,0x36,0x29,0x31,0x33,0x38,0x33,0x00,0x28,0x29,0x00,0x1C,
0x25,0x2B,0x32,0x25,0x36,0x33,0x2F,0xE5,0xE9,0xFD,0xE9,0x4E,0x23,0x25,0x00,0x32,
0x33,0x00,0x37,0x33,0x3D,0x00,0x38,0x39,0xFC,0x00,0x34,0x29,0x36,0x36,0x33,0x00,
0x25,0x30,0x00,0x35,0x39,0x29,0x00,0x38,0x2D,0x36,0x25,0x37,0xFC,0x00,0x28,0x29,
0x00,0x30,0x25,0x00,0x27,0x25,0x28,0x29,0x32,0x25,0xCA,0xE9,0xFF,0xF3,0x21,0x4E,
0x0B,0x2C,0x33,0x36,0x25,0x00,0x3D,0x33,0x00,0x27,0x33,0x32,0x38,0x36,0x33,0x30,
0x33,0xFC,0x1C,0x25,0x2B,0x32,0x25,0x36,0x33,0x2F,0xCA,0xFD,0x1E,0x39,0x00,0x27,
0x25,0x4C,0x43,0x32,0x00,0x29,0x37,0x34,0x25,0x27,0x2D,0x25,0x30,0xFC,0x3D,0x25,
0x00,0x32,0x33,0x00,0x25,0x34,0x39,0x32,0x38,0x25,0x00,0x25,0xFC,0x45,0x36,0x29,
0x25,0x00,0x24,0x29,0x36,0x33,0xE5,0xE5,0xE5,0xFD,0x4E,0x0B,0x2C,0x33,0x36,0x25,
0x00,0x25,0x34,0x39,0x32,0x38,0x25,0x00,0x2C,0x25,0x27,0x2D,0x25,0xFC,0x38,0x2D,
0x00,0x3D,0x00,0x18,0x29,0x33,0x00,0x0B,0x36,0x27,0x25,0x28,0x2D,0x25,0xCA,0xFD,
0xF3,0x56,0x4E,0x1D,0x29,0x28,0x39,0x27,0x2D,0x28,0x33,0x00,0x34,0x33,0x36,0x00,
0x30,0x25,0x37,0xFC,0x28,0x39,0x30,0x27,0x29,0x37,0x00,0x34,0x25,0x30,0x25,0x26,
0x36,0x25,0x37,0x00,0x28,0x29,0xFC,0x39,0x32,0x25,0x00,0x31,0x39,0x2E,0x29,0x36,
0xCA,0xFD,0x4E,0x13,0x32,0x27,0x36,0x29,0x42,0x26,0x30,0x29,0xCA,0xFD,0x4E,0x4F,
0x1E,0x29,0x00,0x28,0x25,0x37,0x00,0x27,0x39,0x29,0x32,0x38,0x25,0x00,0x28,0x29,
0xFC,0x27,0x39,0x40,0x32,0x38,0x33,0x37,0x00,0x2C,0x39,0x31,0x25,0x32,0x33,0x37,
0x00,0x3D,0xFC,0x1C,0x29,0x34,0x30,0x33,0x2D,0x28,0x29,0x37,0x00,0x3A,0x2D,0x3A,
0x29,0x32,0xFD,0x26,0x25,0x2E,0x33,0x00,0x31,0x2D,0x00,0x27,0x33,0x32,0x38,0x36,
0x33,0x30,0xDD,0xCA,0xFD,0xF3,0x21,0x4F,0x4E,0x0F,0x37,0x38,0x40,0x37,0x00,0x28,
0x2D,0x27,0x2D,0x29,0x32,0x28,0x33,0xFC,0x35,0x39,0x29,0x00,0x28,0x29,0x26,0x33,
0x00,0x37,0x29,0x36,0x00,0x39,0x32,0xFC,0x1C,0x29,0x34,0x30,0x33,0x2D,0x28,0x29,
0x00,0x30,0x29,0x25,0x30,0x00,0x3D,0xFD,0x37,0x29,0x2B,0x39,0x2D,0x36,0x38,0x29,
0xCA,0xDD,0xFD,0x1D,0x2D,0x32,0x00,0x25,0x27,0x38,0x39,0x25,0x36,0xE5,0xE5,0xE5,
0xFC,0x1D,0x2D,0x32,0x00,0x34,0x29,0x32,0x37,0x25,0x36,0xE5,0xE5,0xE5,0xFD,0x4F,
0x1D,0x33,0x30,0x33,0x00,0x29,0x37,0x34,0x29,0x36,0x25,0x32,0x28,0x33,0xFC,0x38,
0x39,0x37,0x00,0x43,0x36,0x28,0x29,0x32,0x29,0x37,0xDD,0xFD,0x4F,0x4E,0x23,0x00,
0x29,0x37,0x38,0x40,0x37,0x00,0x25,0x34,0x36,0x33,0x26,0x25,0x32,0x28,0x33,0xFC,
0x30,0x25,0x00,0x28,0x29,0x37,0x38,0x36,0x39,0x27,0x27,0x2D,0x43,0x32,0x00,0x28,
0x29,0x00,0x30,0x25,0xFC,0x32,0x25,0x38,0x39,0x36,0x25,0x30,0x29,0x3E,0x25,0xE8,
0xFD,0x30,0x39,0x27,0x2C,0x25,0x32,0x28,0x33,0x00,0x37,0x33,0x30,0x33,0x00,0x34,
0x33,0x36,0xFC,0x37,0x33,0x26,0x36,0x29,0x3A,0x2D,0x3A,0x2D,0x36,0xCA,0xDD,0xFD,
0x4E,0x23,0x33,0xE5,0xE5,0xE5,0x00,0x32,0x33,0x00,0x34,0x29,0x36,0x31,0x2D,0x38,
0x2D,0x36,0x41,0xFC,0x35,0x39,0x29,0x00,0x38,0x33,0x31,0x29,0x37,0x00,0x29,0x30,
0x00,0x27,0x33,0x32,0x38,0x36,0x33,0x30,0xCA,0xFD,0x4E,0x12,0x29,0x00,0x30,0x39,
0x27,0x2C,0x25,0x28,0x33,0xFC,0x28,0x29,0x31,0x25,0x37,0x2D,0x25,0x28,0x33,0x00,
0x3D,0x00,0x34,0x33,0x36,0xFC,0x38,0x25,0x32,0x38,0x33,0x00,0x38,0x2D,0x29,0x31,
0x34,0x33,0x00,0x34,0x33,0x36,0x00,0x30,0x25,0xFD,0x2C,0x39,0x31,0x25,0x32,0x2D,
0x28,0x25,0x28,0x00,0x27,0x33,0x31,0x33,0x00,0x34,0x25,0x36,0x25,0xFC,0x28,0x29,
0x2E,0x25,0x36,0x38,0x29,0x00,0x2C,0x25,0x27,0x29,0x36,0x30,0x33,0xCA,0xFD,0x4E,
0x0D,0x25,0x31,0x26,0x2D,0x25,0x36,0x41,0x00,0x29,0x30,0x00,0x31,0x39,0x32,0x28,
0x33,0xCA,0xFF,0xF3,0x3B,0x4F,0x4E,0x1B,0x39,0x41,0xCA,0xDD,0x00,0x4F,0x4E,0x0F,
0x32,0x38,0x33,0x32,0x27,0x29,0x37,0xFC,0x3A,0x25,0x37,0x00,0x25,0x00,0x25,0x38,
0x25,0x27,0x25,0x36,0x00,0x18,0x29,0x33,0xFC,0x0B,0x36,0x27,0x25,0x28,0x2D,0x25,
0x00,0x29,0x32,0x00,0x37,0x39,0x00,0x30,0x39,0x2B,0x25,0x36,0xCA,0xDD,0xFD,0x4E,
0x0B,0x44,0x32,0x00,0x2C,0x25,0x3D,0x00,0x2C,0x39,0x31,0x25,0x32,0x33,0x37,0x00,
0x3D,0xFC,0x1C,0x29,0x34,0x30,0x33,0x2D,0x28,0x29,0x37,0x00,0x25,0x30,0x30,0x42,
0xCA,0xFD,0x4E,0x0C,0x25,0x37,0x29,0x00,0x28,0x29,0x00,0x30,0x25,0xFC,0x1C,0x29,
0x37,0x2D,0x37,0x38,0x29,0x32,0x27,0x2D,0x25,0xE8,0xFC,0x36,0x29,0x37,0x34,0x33,
0x32,0x28,0x25,0x32,0xCA,0xFD,0xF3,0x3F,0xE5,0xE5,0x29,0x30,0xCA,0xFC,0x4E,0x1C,
0x29,0x37,0xE5,0xE5,0xE5,0xCA,0xFC,0x0D,0x2D,0x29,0xE5,0xE5,0xE5,0xFD,0x4E,0x0D,
0x33,0x31,0x39,0x32,0x2D,0x27,0x25,0x27,0x2D,0x43,0x32,0xFC,0x36,0x29,0x37,0x38,
0x25,0x26,0x30,0x29,0x27,0x2D,0x28,0x25,0xCA,0xFC,0x4E,0x0D,0x2D,0x29,0x30,0xE8,
0x00,0x36,0x29,0x37,0x34,0x33,0x32,0x28,0x29,0xCA,0xFD,0xF3,0x3B,0x4E,0x16,0x30,
0x29,0x3A,0x29,0x32,0x00,0x25,0x00,0x38,0x33,0x28,0x33,0x37,0x00,0x30,0x33,0x37,
0xFC,0x28,0x29,0x00,0x30,0x25,0x00,0x1C,0x29,0x37,0x2D,0x37,0x38,0x29,0x32,0x27,
0x2D,0x25,0x00,0x25,0xFC,0x18,0x29,0x33,0x00,0x0B,0x36,0x27,0x25,0x28,0x2D,0x25,
0xCA,0xFD,0x4E,0x1D,0x25,0x35,0x39,0x29,0x32,0x00,0x25,0x00,0x30,0x33,0x37,0xFC,
0x2C,0x39,0x31,0x25,0x32,0x33,0x37,0x00,0x3D,0x00,0x1C,0x29,0x34,0x30,0x33,0x2D,
0x28,0x29,0x37,0xFC,0x28,0x29,0x00,0x25,0x30,0x30,0x42,0xCA,0xFD,0x4E,0x0B,0x39,
0x32,0x35,0x39,0x29,0x00,0x38,0x29,0x32,0x2B,0x25,0x32,0x00,0x35,0x39,0x29,0xFC,
0x2A,0x33,0x36,0x3E,0x25,0x36,0x30,0x33,0x37,0xE8,0x00,0x2D,0x32,0x38,0x29,0x32,
0x38,0x29,0x32,0xFC,0x37,0x25,0x30,0x3A,0x25,0x36,0x00,0x25,0x00,0x38,0x25,0x32,
0x38,0x33,0x37,0xFD,0x27,0x33,0x31,0x33,0x00,0x34,0x39,0x29,0x28,0x25,0x32,0xCA,
0xFF,0xF3,0x3B,0x0E,0x29,0x31,0x25,0x37,0x2D,0x25,0x28,0x33,0x37,0x00,0x3D,0x25,
0x00,0x2C,0x25,0x32,0xFC,0x37,0x39,0x2A,0x36,0x2D,0x28,0x33,0x00,0x30,0x33,0xFC,
0x37,0x39,0x2A,0x2D,0x27,0x2D,0x29,0x32,0x38,0x29,0xE5,0xE5,0xE5,0xFD,0xF3,0x3F,
0x4E,0x0F,0x32,0x38,0x29,0x32,0x28,0x2D,0x28,0x33,0xCA,0xFC,0x4E,0x1E,0x36,0x25,
0x32,0x37,0x31,0x2D,0x38,0x2D,0x36,0x41,0x00,0x38,0x39,0x37,0xFC,0x43,0x36,0x28,
0x29,0x32,0x29,0x37,0x00,0x28,0x29,0x00,0x2D,0x32,0x31,0x29,0x28,0x2D,0x25,0x38,
0x33,0xCA,0xFD,0xF3,0x22,0x4E,0x1A,0x36,0x29,0x34,0x25,0x36,0x25,0x38,0x2D,0x3A,
0x33,0x37,0x00,0x34,0x25,0x36,0x25,0xFC,0x30,0x25,0x00,0x38,0x36,0x25,0x32,0x37,
0x2A,0x29,0x36,0x29,0x32,0x27,0x2D,0x25,0x00,0x25,0xFC,0x1C,0x25,0x2B,0x32,0x25,
0x36,0x33,0x2F,0x00,0x27,0x33,0x31,0x34,0x30,0x29,0x38,0x33,0x37,0xCA,0xFD,0x0D,
0x33,0x31,0x33,0x00,0x30,0x25,0x37,0x00,0x27,0x33,0x33,0x36,0x28,0x29,0x32,0x25,
0x28,0x25,0x37,0xFC,0x37,0x29,0x00,0x26,0x25,0x37,0x25,0x32,0x00,0x29,0x32,0x00,
0x30,0x25,0x00,0x37,0x29,0x4C,0x25,0x30,0xFC,0x28,0x29,0x00,0x0D,0x36,0x25,0x2A,
0x38,0xE8,0x00,0x29,0x37,0x38,0x25,0x00,0x37,0x29,0x36,0x40,0xFD,0x39,0x32,0x25,
0x00,0x38,0x36,0x25,0x32,0x37,0x2A,0x29,0x36,0x29,0x32,0x27,0x2D,0x25,0xFC,0x2A,
0x33,0x36,0x3E,0x25,0x28,0x25,0xE5,0xFC,0x0B,0x28,0x29,0x31,0x40,0x37,0xE8,0x00,
0x38,0x39,0x00,0x34,0x33,0x37,0x2D,0x27,0x2D,0x43,0x32,0xFD,0x29,0x37,0x38,0x25,
0x36,0x40,0x00,0x25,0x30,0x2B,0x33,0x00,0x25,0x30,0x29,0x2E,0x25,0x28,0x25,0xFC,
0x28,0x29,0x00,0x30,0x25,0x00,0x28,0x29,0x00,0x0D,0x36,0x25,0x2A,0x38,0x00,0x29,
0x32,0xFC,0x30,0x25,0x00,0x37,0x25,0x30,0x25,0x00,0x28,0x29,0x00,0x27,0x33,0x32,
0x38,0x36,0x33,0x30,0xE5,0xFD,0xF3,0x04,0x0F,0x37,0x38,0x40,0x00,0x26,0x2D,0x29,
0x32,0xE8,0x00,0x37,0x33,0x30,0x33,0xFC,0x38,0x36,0x25,0x32,0x37,0x2A,0x2D,0x41,
0x36,0x29,0x31,0x29,0xE5,0xE5,0xE5,0xFD,0x0D,0x2D,0x29,0x30,0xE5,0xE5,0xE5,0xFD,
0x18,0x33,0x00,0x34,0x2D,0x29,0x36,0x28,0x25,0x37,0x00,0x30,0x25,0xFC,0x29,0x37,
0x34,0x29,0x36,0x25,0x32,0x3E,0x25,0xE5,0xE5,0xE5,0xFD,0xF3,0x3B,0x4E,0x24,0x29,
0x36,0x33,0xCA,0xFF,0xF3,0x41,0x4E,0x0F,0x35,0x39,0x2D,0x34,0x33,0x00,0x0D,0x33,
0x30,0x26,0x33,0x36,0xFC,0x36,0x29,0x34,0x33,0x36,0x38,0x40,0x32,0x28,0x33,0x37,
0x29,0xCA,0xFD,0x4E,0x17,0x2D,0x37,0x2D,0x43,0x32,0x00,0x27,0x39,0x31,0x34,0x30,
0x2D,0x28,0x25,0xE8,0xFC,0x0D,0x2D,0x29,0x30,0xCA,0xFF,0xFB,0xF3,0x41,0x4E,0x16,
0x33,0x37,0x00,0x2C,0x39,0x31,0x25,0x32,0x33,0x37,0x00,0x3D,0xFC,0x1C,0x29,0x34,
0x30,0x33,0x2D,0x28,0x29,0x37,0x00,0x2C,0x25,0x32,0x00,0x37,0x2D,0x28,0x33,0xFC,
0x29,0x3A,0x25,0x27,0x39,0x25,0x28,0x33,0x37,0xCA,0xFD,0x18,0x29,0x33,0x00,0x0B,
0x36,0x27,0x25,0x28,0x2D,0x25,0x00,0x2C,0x25,0x00,0x37,0x2D,0x28,0x33,0xFC,0x25,
0x36,0x36,0x25,0x37,0x25,0x28,0x25,0x00,0x34,0x33,0x36,0x00,0x29,0x30,0xFC,0x25,
0x38,0x25,0x35,0x39,0x29,0x00,0x28,0x29,0x00,0x1C,0x25,0x2B,0x32,0x25,0x36,0x33,
0x2F,0xE5,0xE5,0xE5,0xFD,0x18,0x33,0x00,0x35,0x39,0x29,0x28,0x25,0x00,0x32,0x25,
0x28,0x25,0x00,0x31,0x40,0x37,0xFC,0x35,0x39,0x29,0x00,0x39,0x32,0x00,0x27,0x36,
0x40,0x38,0x29,0x36,0x00,0x29,0x32,0x00,0x29,0x30,0xFC,0x27,0x29,0x32,0x38,0x36,
0x33,0x00,0x28,0x33,0x32,0x28,0x29,0x00,0x21,0x29,0x2D,0x30,0xFD,0x29,0x37,0x38,
0x25,0x26,0x25,0xE5,0xFD,0x0E,0x39,0x28,0x33,0x00,0x35,0x39,0x29,0x00,0x2C,0x25,
0x3D,0x25,0xFC,0x37,0x33,0x26,0x36,0x29,0x3A,0x2D,0x3A,0x2D,0x29,0x32,0x38,0x29,
0x37,0x00,0x29,0x32,0xFC,0x29,0x37,0x25,0x00,0x40,0x36,0x29,0x25,0xE5,0xE5,0xE5,
0xFF,0xF3,0x3B,0x23,0x25,0x00,0x3A,0x29,0x33,0xE5,0xE5,0xE5,0xFC,0x0C,0x39,0x29,
0x32,0x00,0x38,0x36,0x25,0x26,0x25,0x2E,0x33,0xE8,0xFC,0x38,0x33,0x28,0x33,0x37,
0xE5,0xE5,0xE5,0xFD,0xF3,0x07,0x0D,0x33,0x32,0x38,0x2D,0x32,0x44,0x29,0x32,0x00,
0x26,0x39,0x37,0x27,0x25,0x32,0x28,0x33,0xFC,0x34,0x33,0x37,0x2D,0x26,0x30,0x29,
0x37,0xFC,0x37,0x33,0x26,0x36,0x29,0x3A,0x2D,0x3A,0x2D,0x29,0x32,0x38,0x29,0x37,
0xE5,0xE5,0xE5,0xFD,0xF3,0x5D,0x0D,0x33,0x30,0x26,0x33,0x36,0xD9,0xFC,0xE9,0x0F,
0x32,0x38,0x29,0x32,0x28,0x2D,0x28,0x33,0xE5,0xE5,0xE5,0xE9,0xFD,0xF3,0x04,0x0D,
0x2D,0x29,0x30,0xE8,0x00,0x4F,0x29,0x37,0x38,0x40,0x37,0x00,0x26,0x2D,0x29,0x32,
0xDD,0xFD,0xF3,0x07,0x0F,0x37,0x38,0x33,0x3D,0x00,0x26,0x2D,0x29,0x32,0xE5,0xE5,
0xE5,0x00,0x1D,0x33,0x30,0x33,0xFC,0x39,0x32,0x00,0x34,0x33,0x27,0x33,0x00,0x27,
0x25,0x32,0x37,0x25,0x28,0x25,0xE5,0xE5,0xE5,0xFF,0xF3,0x22,0x0D,0x33,0x31,0x39,
0x32,0x2D,0x27,0x25,0x27,0x2D,0x43,0x32,0xFC,0x29,0x32,0x38,0x36,0x25,0x32,0x38,
0x29,0x00,0x28,0x29,0x37,0x28,0x29,0x00,0x39,0x32,0x25,0xFC,0x30,0x42,0x32,0x29,
0x25,0x00,0x29,0x3C,0x38,0x29,0x36,0x32,0x25,0xE5,0xE5,0xE5,0xFD,0x0F,0x37,0x00,
0x28,0x29,0x30,0xFC,0x0B,0x37,0x29,0x32,0x38,0x25,0x31,0x2D,0x29,0x32,0x38,0x33,
0xE5,0x00,0x16,0x25,0xFC,0x27,0x33,0x32,0x29,0x27,0x38,0x25,0x36,0x41,0xE5,0xFD,
0xF3,0x5D,0x18,0x29,0x2D,0x2B,0x29,0xD9,0xFC,0xE9,0x24,0x29,0x36,0x33,0xE5,0xE5,
0xE5,0xE9,0xFD,0xF3,0x04,0x18,0x29,0x2D,0x2B,0x29,0xE5,0xE5,0xE5,0xFD,0x10,0x39,
0x29,0x00,0x38,0x25,0x30,0x00,0x27,0x33,0x31,0x33,0xFC,0x28,0x2D,0x2E,0x2D,0x37,
0x38,0x29,0xE5,0xE5,0xE5,0xFD,0x18,0x33,0x00,0x2D,0x31,0x34,0x33,0x36,0x38,0x25,
0x00,0x30,0x33,0x00,0x35,0x39,0x29,0xFC,0x2C,0x25,0x2B,0x25,0xE8,0x00,0x31,0x2D,
0x29,0x32,0x38,0x36,0x25,0x37,0x00,0x37,0x2D,0x2B,0x25,0xFC,0x30,0x39,0x27,0x2C,
0x25,0x32,0x28,0x33,0xE8,0xFD,0x32,0x33,0x00,0x37,0x33,0x3D,0x00,0x28,0x2D,0x2A,
0x29,0x36,0x29,0x32,0x38,0x29,0xFC,0x28,0x29,0x00,0x21,0x29,0x2D,0x30,0xE5,0xFD,
0x23,0x00,0x3D,0x33,0xE5,0xE5,0xE5,0x00,0x38,0x39,0x3A,0x29,0x00,0x35,0x39,0x29,
0xFC,0x30,0x39,0x27,0x2C,0x25,0x36,0x00,0x27,0x33,0x32,0x38,0x36,0x25,0xFC,0x0D,
0x36,0x25,0x2A,0x38,0xE5,0xE5,0xE5,0xFD,0xF3,0x5D,0x18,0x29,0x2D,0x2B,0x29,0xD9,
0xFC,0xE9,0x18,0x33,0xE8,0x00,0x24,0x29,0x36,0x33,0xE5,0xE5,0xE5,0xE9,0xFC,0xE9,
0x11,0x36,0x25,0x27,0x2D,0x25,0x37,0xE5,0xE5,0xE5,0xE9,0xFD,0xE9,0x1A,0x33,0x36,
0x00,0x28,0x29,0x38,0x29,0x32,0x29,0x36,0xFC,0x00,0x25,0x00,0x0D,0x36,0x25,0x2A,
0x38,0xE5,0xE5,0xE5,0xE9,0xFF,0xF3,0x3B,0x1C,0x25,0x2B,0x32,0x25,0x36,0x33,0x2F,
0x00,0x3D,0x00,0x18,0x29,0x33,0xFC,0x0B,0x36,0x27,0x25,0x28,0x2D,0x25,0x00,0x3D,
0x25,0x00,0x32,0x33,0xFC,0x29,0x3C,0x2D,0x37,0x38,0x29,0x32,0xE5,0xE5,0xE5,0xFD,
0xF3,0x07,0x4F,0x1A,0x33,0x36,0x00,0x2A,0x2D,0x32,0x00,0x38,0x29,0x36,0x31,0x2D,
0x32,0x43,0xDD,0xFD,0xF3,0x3B,0x1E,0x25,0x32,0x38,0x33,0x37,0x00,0x2C,0x39,0x31,
0x25,0x32,0x33,0x37,0x00,0x3D,0xFC,0x1C,0x29,0x34,0x30,0x33,0x2D,0x28,0x29,0x37,
0x00,0x34,0x29,0x36,0x28,0x2D,0x29,0x36,0x33,0x32,0xFC,0x37,0x39,0x37,0x00,0x3A,
0x2D,0x28,0x25,0x37,0xE5,0xE5,0xE5,0xFD,0x24,0x29,0x36,0x33,0xE8,0x00,0x4F,0x2C,
0x2D,0x27,0x2D,0x31,0x33,0x37,0x00,0x30,0x33,0xFC,0x27,0x33,0x36,0x36,0x29,0x27,
0x38,0x33,0xDD,0xFF,0xF3,0x3B,0x4F,0x4E,0x1B,0x39,0x41,0x00,0x2A,0x39,0x29,0x00,
0x29,0x37,0x33,0xCA,0xDD,0xFD,0xF3,0x22,0x0F,0x37,0x33,0xE5,0xE5,0xE5,0x00,0x4E,
0x20,0x2D,0x32,0x33,0x00,0x28,0x29,0xFC,0x1C,0x25,0x2B,0x32,0x25,0x36,0x33,0x2F,
0xCA,0xFD,0x4E,0x1D,0x2D,0x2B,0x39,0x29,0xFC,0x33,0x34,0x29,0x36,0x25,0x38,0x2D,
0x3A,0x33,0xCA,0xFD,0xF3,0x3B,0x4E,0x1A,0x29,0x36,0x33,0x00,0x21,0x29,0x2D,0x30,
0x00,0x3D,0x00,0x0D,0x36,0x25,0x2A,0x38,0xFC,0x3D,0x25,0x00,0x32,0x33,0x00,0x29,
0x37,0x38,0x40,0x32,0xCA,0xFD,0x4F,0x4E,0x1B,0x39,0x2D,0x41,0x32,0x00,0x34,0x33,
0x28,0x36,0x42,0x25,0x00,0x29,0x37,0x38,0x25,0x36,0xFC,0x27,0x33,0x32,0x38,0x36,
0x33,0x30,0x40,0x32,0x28,0x33,0x30,0x33,0xCA,0xDD,0xFD,0xF3,0x04,0x4E,0x19,0x34,
0x29,0x36,0x25,0x28,0x33,0x36,0x25,0xCA,0xFC,0x4E,0x0F,0x32,0x3A,0x42,0x25,0x31,
0x29,0x00,0x28,0x29,0x00,0x3A,0x39,0x29,0x30,0x38,0x25,0xFC,0x25,0x00,0x1C,0x25,
0x2B,0x32,0x25,0x36,0x33,0x2F,0xCA,0xFD,0xF3,0x22,0x4E,0x18,0x33,0x00,0x34,0x39,
0x29,0x28,0x33,0xCA,0x00,0x1D,0x33,0x30,0x33,0xFC,0x30,0x25,0x00,0x37,0x25,0x30,
0x25,0x00,0x28,0x29,0x00,0x27,0x33,0x32,0x38,0x36,0x33,0x30,0xFC,0x29,0x37,0x38,
0x40,0x00,0x27,0x33,0x32,0x29,0x27,0x38,0x25,0x28,0x25,0xE5,0xFD,0x12,0x25,0x3D,
0x00,0x34,0x36,0x33,0x38,0x29,0x27,0x27,0x2D,0x43,0x32,0x00,0x29,0x32,0xFC,0x29,
0x30,0x00,0x27,0x2D,0x36,0x27,0x39,0x2D,0x38,0x33,0x00,0x2C,0x25,0x27,0x2D,0x25,
0xFC,0x29,0x30,0x00,0x27,0x29,0x32,0x38,0x36,0x33,0xE5,0xFD,0x4E,0x18,0x33,0x00,
0x34,0x33,0x28,0x29,0x31,0x33,0x37,0xFC,0x38,0x36,0x25,0x32,0x37,0x2A,0x29,0x36,
0x2D,0x36,0x38,0x29,0x00,0x28,0x29,0x37,0x28,0x29,0xFC,0x29,0x30,0x00,0x34,0x39,
0x32,0x38,0x33,0x00,0x28,0x29,0x00,0x25,0x27,0x27,0x29,0x37,0x33,0xFD,0x28,0x29,
0x30,0x00,0x38,0x36,0x40,0x2D,0x30,0x29,0x36,0xCA,0xFD,0x1C,0x25,0x2B,0x32,0x25,
0x36,0x33,0x2F,0x00,0x29,0x37,0x38,0x40,0xFC,0x25,0x27,0x29,0x30,0x29,0x36,0x25,
0x32,0x28,0x33,0xE5,0xE5,0xE5,0xFD,0x23,0x00,0x37,0x29,0x00,0x28,0x2D,0x36,0x2D,
0x2B,0x29,0xFC,0x28,0x2D,0x36,0x29,0x27,0x38,0x25,0x31,0x29,0x32,0x38,0x29,0x00,
0x25,0xE5,0xE5,0xE5,0xFD,0xF3,0x04,0x4F,0x1B,0x39,0x41,0x00,0x33,0x27,0x39,0x36,
0x36,0x29,0xDD,0xFD,0xF3,0x22,0x4E,0x1D,0x29,0x00,0x28,0x2D,0x36,0x2D,0x2B,0x29,
0xFC,0x28,0x2D,0x36,0x29,0x27,0x38,0x25,0x31,0x29,0x32,0x38,0x29,0x00,0x25,0xFC,
0x45,0x36,0x29,0x25,0x00,0x24,0x29,0x36,0x33,0xCA,0xFD,0x4E,0x0B,0x30,0x2B,0x39,
0x2D,0x29,0x32,0x00,0x2D,0x32,0x38,0x29,0x32,0x38,0x25,0xFC,0x29,0x37,0x38,0x36,
0x29,0x30,0x30,0x25,0x36,0x30,0x33,0xCA,0xFD,0xF3,0x3B,0x4F,0x4E,0x1B,0x39,0x41,
0xCA,0xDD,0xFD,0xF3,0x22,0x4E,0x0B,0x44,0x32,0x00,0x2C,0x25,0x3D,0x00,0x25,0x30,
0x2B,0x33,0x00,0x28,0x29,0xFC,0x38,0x2D,0x29,0x31,0x34,0x33,0x00,0x25,0x32,0x38,
0x29,0x37,0x00,0x28,0x29,0x00,0x35,0x39,0x29,0xFC,0x2D,0x31,0x34,0x25,0x27,0x38,
0x29,0xE8,0x00,0x34,0x29,0x36,0x33,0x00,0x32,0x33,0xFD,0x34,0x33,0x28,0x29,0x31,
0x33,0x37,0x00,0x28,0x29,0x37,0x25,0x27,0x38,0x2D,0x3A,0x25,0x36,0xFC,0x30,0x25,
0x00,0x34,0x36,0x33,0x38,0x29,0x27,0x27,0x2D,0x43,0x32,0x00,0x28,0x29,0x30,0xFC,
0x27,0x2D,0x36,0x27,0x39,0x2D,0x38,0x33,0x00,0x28,0x29,0x37,0x28,0x29,0x00,0x25,
0x35,0x39,0x42,0xCA,0xFD,0xF3,0x04,0x4F,0x4E,0x18,0x33,0x00,0x2C,0x25,0x3D,0x00,
0x32,0x25,0x28,0x25,0x00,0x35,0x39,0x29,0xFC,0x34,0x33,0x28,0x25,0x31,0x33,0x37,
0x00,0x2C,0x25,0x27,0x29,0x36,0xCA,0xDD,0xFD,0xF3,0x5D,0x18,0x29,0x2D,0x2B,0x29,
0xD9,0xFC,0xE9,0x4E,0x24,0x29,0x36,0x33,0xCA,0x00,0x4E,0x0D,0x2D,0x29,0x30,0xCA,
0xE9,0xFC,0xE9,0x4F,0x4E,0x0F,0x37,0x38,0x40,0x32,0x00,0x26,0x2D,0x29,0x32,0xCA,
0xDD,0xE9,0xFF,0xF3,0x3B,0x4E,0x18,0x29,0x2D,0x2B,0x29,0xCA,0xFC,0x1C,0x25,0x2B,
0x32,0x25,0x36,0x33,0x2F,0x00,0x29,0x37,0x38,0x40,0xE5,0xE5,0xE5,0xFD,0xF3,0x5D,
0x18,0x29,0x2D,0x2B,0x29,0xD9,0xFC,0xE9,0x4E,0x16,0x33,0x00,0x29,0x37,0x27,0x39,
0x27,0x2C,0x41,0xCA,0xE9,0xFD,0xE9,0x4E,0x1E,0x29,0x00,0x29,0x37,0x38,0x33,0x3D,
0x00,0x29,0x32,0x3A,0x2D,0x25,0x32,0x28,0x33,0xFC,0x00,0x39,0x32,0x25,0x37,0x00,
0x27,0x33,0x33,0x36,0x28,0x29,0x32,0x25,0x28,0x25,0x37,0xE8,0xFC,0x00,0x34,0x33,
0x28,0x36,0x42,0x25,0x37,0x00,0x30,0x30,0x29,0x2B,0x25,0x36,0xFD,0x00,0x25,0x00,
0x1C,0x25,0x2B,0x32,0x25,0x36,0x33,0x2F,0x00,0x27,0x33,0x32,0xFC,0x00,0x29,0x30,
0x30,0x25,0x37,0xCA,0xE9,0xFD,0xF3,0x3B,0x0B,0xE5,0xE5,0xE5,0xFC,0x4F,0x0B,0x00,
0x28,0x43,0x32,0x28,0x29,0x00,0x30,0x30,0x29,0x3A,0x25,0x32,0xDD,0xFD,0xF3,0x5D,
0x18,0x29,0x2D,0x2B,0x29,0xD9,0xFC,0xE9,0x0B,0x00,0x30,0x25,0x00,0x0C,0x25,0x37,
0x29,0x00,0x28,0x29,0xFC,0x00,0x1E,0x29,0x30,0x29,0x38,0x36,0x25,0x32,0x37,0x34,
0x33,0x36,0x38,0x29,0x00,0x29,0x32,0xFD,0x00,0x18,0x29,0x33,0x00,0x0B,0x36,0x27,
0x25,0x28,0x2D,0x25,0xE5,0xE9,0xFD,0xE9,0x10,0x39,0x29,0x00,0x28,0x2D,0x37,0x29,
0x4C,0x25,0x28,0x25,0xFC,0x00,0x33,0x36,0x2D,0x2B,0x2D,0x32,0x25,0x30,0x31,0x29,
0x32,0x38,0x29,0x00,0x34,0x25,0x36,0x25,0xFC,0x00,0x38,0x36,0x25,0x32,0x37,0x2A,
0x29,0x36,0x2D,0x36,0x00,0x38,0x36,0x33,0x34,0x25,0x37,0xE5,0xFD,0x00,0x4E,0x1A,
0x33,0x28,0x36,0x42,0x25,0x00,0x38,0x29,0x32,0x29,0x36,0x00,0x30,0x25,0xFC,0x00,
0x29,0x32,0x29,0x36,0x2B,0x42,0x25,0x00,0x37,0x39,0x2A,0x2D,0x27,0x2D,0x29,0x32,
0x38,0x29,0xFC,0x00,0x34,0x25,0x36,0x25,0x00,0x29,0x32,0x3A,0x2D,0x25,0x36,0x38,
0x29,0x00,0x25,0xFD,0x00,0x1C,0x25,0x2B,0x32,0x25,0x36,0x33,0x2F,0xCA,0xE9,0xFD,
0xF3,0x22,0x0D,0x33,0x33,0x36,0x28,0x29,0x32,0x25,0x28,0x25,0x37,0xFC,0x36,0x29,
0x27,0x2D,0x26,0x2D,0x28,0x25,0x37,0x00,0x28,0x29,0x37,0x28,0x29,0x00,0x29,0x30,
0xFC,0x0B,0x37,0x29,0x32,0x38,0x25,0x31,0x2D,0x29,0x32,0x38,0x33,0xE5,0xFD,0x13,
0x32,0x2B,0x36,0x29,0x37,0x40,0x32,0x28,0x33,0x30,0x25,0x37,0x00,0x25,0x2C,0x33,
0x36,0x25,0xE5,0xFD,0xF3,0x07,0x4E,0x24,0x29,0x36,0x33,0xCA,0xFD,0xF3,0x04,0x1D,
0x2D,0x00,0x29,0x37,0x00,0x32,0x39,0x29,0x37,0x38,0x36,0x25,0x00,0x44,0x32,0x2D,
0x27,0x25,0xFC,0x33,0x34,0x33,0x36,0x38,0x39,0x32,0x2D,0x28,0x25,0x28,0xE8,0x00,
0x38,0x29,0x32,0x2B,0x33,0xFC,0x35,0x39,0x29,0x00,0x25,0x34,0x36,0x33,0x3A,0x29,
0x27,0x2C,0x25,0x36,0x30,0x25,0xE5,0xFF,0xF3,0x22,0x0D,0x33,0x33,0x36,0x28,0x29,
0x32,0x25,0x28,0x25,0x37,0x00,0x2C,0x25,0x27,0x2D,0x25,0xFC,0x30,0x25,0x00,0x0C,
0x25,0x37,0x29,0x00,0x28,0x29,0xFC,0x1E,0x29,0x30,0x29,0x38,0x36,0x25,0x32,0x37,
0x34,0x33,0x36,0x38,0x29,0xFD,0x29,0x37,0x38,0x25,0x26,0x30,0x29,0x27,0x2D,0x28,
0x25,0x37,0xE5,0xFF,0xF3,0x22,0x4F,0x1E,0x36,0x25,0x32,0x37,0x2A,0xE5,0x00,0x25,
0x00,0x1E,0xE5,0x00,0x0C,0x25,0x37,0x29,0xDD,0xFC,0x00,0x00,0x1D,0x42,0xFC,0x00,
0x00,0x18,0x33,0xFF,0xF3,0x22,0x4E,0x1A,0x36,0x29,0x34,0x25,0x36,0x25,0x38,0x2D,
0x3A,0x33,0x37,0x00,0x28,0x29,0xFC,0x38,0x36,0x25,0x32,0x37,0x2A,0x29,0x36,0x29,
0x32,0x27,0x2D,0x25,0xFC,0x27,0x33,0x31,0x34,0x30,0x29,0x38,0x33,0x37,0xCA,0xFD,
0x4E,0x1E,0x36,0x25,0x32,0x37,0x2A,0x2D,0x36,0x2D,0x29,0x32,0x28,0x33,0xCA,0xFF,
0xF3,0x22,0x0E,0x29,0x00,0x25,0x27,0x39,0x29,0x36,0x28,0x33,0xE8,0xFC,0x25,0x4C,
0x25,0x28,0x2D,0x36,0x41,0x00,0x30,0x25,0x00,0x0C,0x25,0x37,0x29,0xFC,0x25,0x30,
0x00,0x31,0x25,0x34,0x25,0xE5,0xFD,0x0F,0x37,0x38,0x25,0x36,0x40,0x00,0x28,0x2D,
0x37,0x34,0x33,0x32,0x2D,0x26,0x30,0x29,0xFC,0x27,0x39,0x25,0x32,0x28,0x33,0x00,
0x29,0x37,0x38,0x41,0x37,0x00,0x30,0x2D,0x37,0x38,0x33,0xE5,0xFF,0xF3,0x02,0xFB,
0xF2,0x12,0x25,0x36,0x28,0x00,0x17,0x33,0x28,0x29,0xF1,0x00,0x25,0x4C,0x25,0x28,
0x2D,0x28,0x33,0xE5,0xFD,0x1A,0x39,0x29,0x28,0x29,0x37,0x00,0x2E,0x39,0x2B,0x25,
0x36,0x00,0x29,0x32,0x00,0x2C,0x25,0x36,0x28,0x00,0x31,0x33,0x28,0x29,0xE5,0xFF,
0xF3,0x02,0xFB,0xF2,0x1F,0x30,0x38,0x2D,0x31,0x25,0x38,0x29,0x00,0x17,0x33,0x28,
0x29,0xF1,0x00,0x25,0x4C,0x25,0x28,0x2D,0x28,0x33,0xE5,0xFD,0x1A,0x39,0x29,0x28,
0x29,0x37,0x00,0x2E,0x39,0x2B,0x25,0x36,0x00,0x29,0x32,0xFD,0x39,0x30,0x38,0x2D,
0x31,0x25,0x38,0x29,0x00,0x31,0x33,0x28,0x29,0xE5,0xFF,0xF3,0x02,0xFB,0xF2,0xE9,
0x1A,0x30,0x25,0x32,0x38,0x00,0x1A,0x25,0x32,0x2D,0x27,0xE9,0xF1,0xFC,0xF2,0x17,
0x2D,0x32,0x2D,0x00,0x11,0x25,0x31,0x29,0xF1,0x00,0x25,0x4C,0x25,0x28,0x2D,0x28,
0x33,0xE5,0xFF,0xF3,0x02,0xFB,0xF2,0xE9,0x0C,0x39,0x37,0x3D,0x00,0x0C,0x25,0x37,
0x2F,0x29,0x38,0xE9,0xF1,0xFC,0xF2,0x17,0x2D,0x32,0x2D,0x00,0x11,0x25,0x31,0x29,
0xF1,0x00,0x25,0x4C,0x25,0x28,0x2D,0x28,0x33,0xE5,0xFF,0xF3,0x02,0xFB,0xF2,0xE9,
0x16,0x39,0x31,0x26,0x29,0x36,0x2E,0x25,0x27,0x2F,0xE9,0xF1,0xFC,0xF2,0x17,0x2D,
0x32,0x2D,0x00,0x11,0x25,0x31,0x29,0xF1,0x00,0x25,0x4C,0x25,0x28,0x2D,0x28,0x33,
0xE5,0xFF,0xF3,0x02,0xFB,0xF2,0xE9,0x16,0x25,0x3A,0x25,0x00,0x1D,0x39,0x36,0x2A,
0xE9,0xF1,0xFC,0xF2,0x17,0x2D,0x32,0x2D,0x00,0x11,0x25,0x31,0x29,0xF1,0x00,0x25,
0x4C,0x25,0x28,0x2D,0x28,0x33,0xE5,0xFF,0xF3,0x02,0xFB,0xF2,0xE9,0x0F,0x30,0x2A,
0x00,0x0D,0x2C,0x25,0x37,0x29,0xE9,0xF1,0xFC,0xF2,0x17,0x2D,0x32,0x2D,0x00,0x11,
0x25,0x31,0x29,0xF1,0x00,0x25,0x4C,0x25,0x28,0x2D,0x28,0x33,0xE5,0xFF,0xF3,0x02,
0xFB,0xF2,0xE9,0x1D,0x30,0x25,0x31,0x00,0x12,0x25,0x36,0x3A,0x29,0x37,0x38,0xE9,
0xF1,0xFC,0xF2,0x17,0x2D,0x32,0x2D,0x00,0x11,0x25,0x31,0x29,0xF1,0x00,0x25,0x4C,
0x25,0x28,0x2D,0x28,0x33,0xE5,0xFF,0xF3,0x02,0xFB,0xF2,0xE9,0x0F,0x32,0x29,0x36,
0x2B,0x3D,0x00,0x16,0x25,0x26,0xE9,0xF1,0xFC,0xF2,0x17,0x2D,0x32,0x2D,0x00,0x11,
0x25,0x31,0x29,0xF1,0x00,0x25,0x4C,0x25,0x28,0x2D,0x28,0x33,0xE5,0xFF,0xF3,0x06,
0x4F,0x1D,0x25,0x30,0x2D,0x36,0x00,0x28,0x29,0x30,0x00,0x17,0x2D,0x32,0x2D,0x00,
0x11,0x25,0x31,0x29,0xDD,0xFC,0x00,0x00,0x1D,0x42,0xFC,0x00,0x00,0x18,0x33,0xFF,

};
alignas(16) inline constexpr uint16_t mmz4_msg01_script_offsets[] = {
0x0000,0x001B,0x003D,0x0054,0x0076,0x0076,0x0076,0x0076,
0x0076,0x0076,0x0076,0x00A6,0x00D6,0x010C,0x013E,0x0170,
0x01A1,0x01D2,0x0207,0x0207,0x0207,0x022D,0x022D,0x022D,
0x022D,0x022D,0x022D,0x022D,0x022D,0x022D,0x022D,0x022D,
0x0245,
};
constexpr int mmz4_msg01_num_entries = 33;
alignas(16) inline constexpr uint8_t mmz4_msg01_script_data[] = {
0x4E,0x18,0x39,0x29,0x3A,0x25,0x00,0x36,0x29,0x27,0x29,0x38,0x25,0x00,0x28,0x29,
0x37,0x27,0x39,0x26,0x2D,0x29,0x36,0x38,0x25,0xCA,0xFF,0xF2,0x18,0x33,0x00,0x37,
0x29,0x00,0x34,0x39,0x29,0x28,0x29,0x00,0x25,0x32,0x25,0x30,0x2D,0x3E,0x25,0x36,
0xFD,0x29,0x37,0x38,0x29,0x00,0x28,0x2D,0x37,0x27,0x33,0xF1,0xFF,0x4E,0x19,0x26,
0x38,0x2D,0x29,0x32,0x29,0x37,0x00,0x39,0x32,0x00,0x1D,0x39,0x26,0x00,0x1E,0x25,
0x32,0x2F,0xCA,0xFF,0x4E,0x0D,0x2D,0x26,0x29,0x36,0xD6,0x29,0x30,0x2A,0x33,0x00,
0x25,0x2C,0x33,0x36,0x25,0x00,0x29,0x37,0xFD,0x39,0x32,0x00,0x1D,0x39,0x26,0x00,
0x1E,0x25,0x32,0x2F,0xCA,0xFF,0x4E,0x19,0x26,0x38,0x2D,0x29,0x32,0x29,0x37,0x00,
0xF2,0x12,0x29,0x25,0x38,0x00,0x11,0x29,0x32,0x26,0x30,0x29,0x31,0xF1,0xFD,0x0F,
0x22,0x00,0x1D,0x2F,0x2D,0x30,0x30,0x00,0xF2,0x10,0x30,0x25,0x31,0x29,0x00,0x10,
0x25,0x32,0x2B,0xF1,0xCA,0xFF,0x4E,0x19,0x26,0x38,0x2D,0x29,0x32,0x29,0x37,0x00,
0xF2,0x1E,0x29,0x27,0x2C,0x00,0x15,0x36,0x25,0x2F,0x29,0x32,0xF1,0xFD,0x0F,0x22,
0x00,0x1D,0x2F,0x2D,0x30,0x30,0x00,0xF2,0x13,0x27,0x29,0x00,0x14,0x25,0x3A,0x29,
0x30,0x2D,0x32,0xF1,0xCA,0xFF,0x4E,0x19,0x26,0x38,0x2D,0x29,0x32,0x29,0x37,0x00,
0xF2,0x1A,0x29,0x2B,0x25,0x37,0x33,0x30,0x38,0x25,0x00,0x0F,0x27,0x30,0x25,0x2D,
0x36,0xF1,0xFD,0x0F,0x22,0x00,0x1D,0x2F,0x2D,0x30,0x30,0x00,0xF2,0x1E,0x2C,0x39,
0x32,0x28,0x29,0x36,0x00,0x1D,0x38,0x25,0x26,0xF1,0xCA,0xFF,0x4E,0x19,0x26,0x38,
0x2D,0x29,0x32,0x29,0x37,0x00,0xF2,0x18,0x33,0x26,0x30,0x29,0x00,0x17,0x25,0x32,
0x28,0x36,0x25,0x2B,0x33,0xF1,0xFD,0x0F,0x22,0x00,0x1D,0x2F,0x2D,0x30,0x30,0x00,
0xF2,0x1D,0x2F,0x3D,0x00,0x0D,0x2C,0x25,0x37,0x29,0x36,0xF1,0xCA,0xFF,0x4E,0x19,
0x26,0x38,0x2D,0x29,0x32,0x29,0x37,0x00,0xF2,0x1D,0x33,0x30,0x00,0x1E,0x2D,0x38,
0x25,0x32,0x2D,0x33,0x32,0xF1,0xFD,0x0F,0x22,0x00,0x1D,0x2F,0x2D,0x30,0x30,0x00,
0xF2,0x0C,0x39,0x36,0x32,0x2D,0x32,0x2B,0x00,0x1D,0x2C,0x33,0x38,0xF1,0xCA,0xFF,
0x4E,0x19,0x26,0x38,0x2D,0x29,0x32,0x29,0x37,0x00,0xF2,0x10,0x29,0x32,0x36,0x2D,
0x00,0x16,0x39,0x32,0x25,0x29,0x28,0x2B,0x29,0xF1,0xFD,0x0F,0x22,0x00,0x1D,0x2F,
0x2D,0x30,0x30,0x00,0xF2,0x13,0x27,0x29,0x00,0x0C,0x30,0x25,0x28,0x29,0xF1,0xCA,
0xFF,0x4E,0x19,0x26,0x38,0x2D,0x29,0x32,0x29,0x37,0x00,0xF2,0x17,0x2D,0x32,0x33,
0x00,0x17,0x25,0x2B,0x32,0x39,0x37,0xF1,0xFD,0x0F,0x22,0x00,0x1D,0x2F,0x2D,0x30,
0x30,0x00,0xF2,0x1E,0x36,0x25,0x27,0x38,0x33,0x36,0x00,0x1D,0x2C,0x33,0x38,0xF1,
0xCA,0xFF,0x4E,0x19,0x26,0x38,0x2D,0x29,0x32,0x29,0x37,0x00,0xF2,0x1A,0x33,0x34,
0x30,0x25,0x00,0x0D,0x33,0x27,0x25,0x34,0x29,0x38,0x36,0x2D,0xF1,0xFD,0x0F,0x22,
0x00,0x1D,0x2F,0x2D,0x30,0x30,0x00,0xF2,0x1E,0x2D,0x31,0x29,0x00,0x1D,0x38,0x33,
0x34,0x34,0x29,0x36,0xF1,0xCA,0xFF,0x4E,0x18,0x2D,0x3A,0x29,0x30,0x00,0x31,0x40,
0x3C,0x2D,0x31,0x33,0x00,0x28,0x29,0x00,0xF2,0x0F,0x30,0x2A,0x33,0xF1,0xFD,0x2D,
0x32,0x27,0x36,0x29,0x31,0x29,0x32,0x38,0x25,0x28,0x33,0xCA,0xFF,0x4E,0x19,0x26,
0x38,0x2D,0x29,0x32,0x29,0x37,0x00,0xF2,0x1C,0x29,0x27,0x33,0x2D,0x30,0x00,0x1C,
0x33,0x28,0xF1,0xCA,0xFF,0x4E,0x19,0x26,0x38,0x2D,0x29,0x32,0x29,0x37,0x00,0xF2,
0x1D,0xE5,0x0C,0x33,0x33,0x31,0x29,0x36,0x25,0x32,0x2B,0xF1,0xCA,0xFF,
};
alignas(16) inline constexpr uint16_t mmz4_msg02_script_offsets[] = {
0x0000,0x008B,0x0116,0x020B,0x0300,0x0359,0x0399,0x0404,
0x0455,0x04C3,0x04F1,0x0520,0x054E,0x05A0,0x05D2,0x0601,
0x0660,0x06AC,0x06E3,0x075C,0x07A0,0x08B6,0x0942,0x0942,
0x0942,0x0989,0x09F7,0x0A2B,0x0A7C,0x0A7C,0x0A7C,0x0ACE,
0x0B07,0x0B6B,0x0BAA,0x0BE2,0x0BF7,0x0BF7,0x0BF7,0x0BF7,
0x0BF7,0x0BF7,0x0BF7,0x0BF7,0x0BF7,0x0BF7,0x0BF7,0x0BF7,
0x0BF7,0x0F14,0x111E,0x11A0,0x122F,0x1272,0x1296,0x130C,
0x136D,0x139C,0x13D5,0x1409,0x1468,0x1497,0x14EE,0x1509,
0x1541,0x156A,0x163C,0x1697,0x1729,0x1792,0x1792,0x1792,
0x1814,0x1880,0x18EA,0x1933,0x1933,0x1933,0x1983,0x19FD,
0x1AAA,0x1B43,0x1B86,0x1C19,0x1C19,0x1C19,0x1C19,0x1C19,
0x1C19,0x1C19,0x1C19,0x1CB7,0x1E7A,0x1F1D,0x20E5,0x20E5,
0x20E5,0x218E,0x21FF,0x224F,0x227B,0x22E4,0x2314,0x23A2,
0x23CF,0x242F,0x24E1,0x250D,0x253B,0x256D,0x25A6,0x25D2,
0x2600,0x2632,0x266B,0x26B3,0x26CE,0x293A,0x29BA,0x2A3A,
0x2AB4,0x2AEE,0x2B0E,0x2B33,0x2B64,0x2BF9,0x2D55,0x2D94,
0x2DF5,0x2DF5,0x2DF5,0x2EB2,0x2EDB,0x2F05,0x2F5D,0x2F5D,
0x2F5D,0x2F9E,0x2FB5,0x302A,0x3082,0x30E9,0x310E,0x31B0,
0x33B1,0x341E,0x3453,0x3588,0x35C2,0x361C,0x367C,0x36B3,
0x36F2,0x3743,0x3772,0x381C,0x384A,0x3882,0x38B4,0x3901,
0x3945,0x399C,0x39DA,0x3A21,0x3AB2,0x3BD3,0x3C2F,0x3C2F,
0x3C2F,0x3CC0,0x3D44,0x3DB5,0x3E44,0x3E44,0x3E44,0x3F45,
0x3FE8,0x4075,0x40AD,0x4127,0x4155,0x41E6,0x4258,0x4324,
0x436C,0x43A2,0x4455,0x4523,0x456E,0x45FF,0x4685,0x4685,
0x4685,0x4716,0x4781,0x47DF,0x4802,0x4860,0x48EB,0x4949,
0x496B,0x49E9,0x4A16,0x4A40,0x4A63,0x4A8E,0x4AB9,0x4AE3,
0x4B18,0x4B76,0x4BC7,0x4CB7,0x4CD9,0x4D66,0x4DF5,0x4DF5,
0x4DF5,0x4E3B,0x4EAC,0x4F18,0x4FCC,0x4FCC,0x4FCC,0x4FF3,
0x503F,0x50E0,0x513D,0x517D,0x51AF,0x51AF,0x51AF,0x51AF,
0x51AF,0x51AF,0x51AF,0x51AF,0x51AF,0x51AF,0x51AF,0x520F,
0x5244,0x5325,0x5352,0x53B4,0x53D7,0x541B,0x544B,0x5494,
0x54ED,0x5541,0x557C,0x55DD,0x5657,0x5657,0x5657,0x56FE,

};
constexpr int mmz4_msg02_num_entries = 256;
alignas(16) inline constexpr uint8_t mmz4_msg02_script_data[] = {
0xF3,0x07,0x0F,0x37,0x38,0x33,0x3D,0x00,0x36,0x29,0x39,0x32,0x2D,0x29,0x32,0x28,
0x33,0xFC,0x2D,0x32,0x2A,0x33,0x36,0x31,0x25,0x27,0x2D,0x43,0x32,0x00,0x37,0x33,
0x26,0x36,0x29,0xFC,0x45,0x36,0x29,0x25,0x00,0x24,0x29,0x36,0x33,0xE8,0x00,0x34,
0x29,0x36,0x33,0xFD,0x32,0x29,0x27,0x29,0x37,0x2D,0x38,0x33,0x00,0x39,0x32,0x00,
0x34,0x33,0x27,0x33,0xFC,0x31,0x40,0x37,0x00,0x28,0x29,0x00,0x38,0x2D,0x29,0x31,
0x34,0x33,0xE5,0xFD,0x17,0x2D,0x29,0x32,0x38,0x36,0x25,0x37,0x00,0x38,0x25,0x32,
0x38,0x33,0xE8,0xFC,0x34,0x40,0x37,0x25,0x38,0x29,0x00,0x34,0x33,0x36,0x00,0x0D,
0x29,0x36,0x3A,0x29,0x25,0x39,0xFC,0x34,0x25,0x36,0x25,0x00,0x31,0x25,0x32,0x38,
0x29,0x32,0x2D,0x31,0x2D,0x29,0x32,0x38,0x33,0xE5,0xFF,0xF3,0x07,0x0F,0x37,0x38,
0x33,0x3D,0x00,0x36,0x29,0x39,0x32,0x2D,0x29,0x32,0x28,0x33,0xFC,0x2D,0x32,0x2A,
0x33,0x36,0x31,0x25,0x27,0x2D,0x43,0x32,0x00,0x37,0x33,0x26,0x36,0x29,0xFC,0x45,
0x36,0x29,0x25,0x00,0x24,0x29,0x36,0x33,0xE8,0x00,0x34,0x29,0x36,0x33,0xFD,0x32,
0x29,0x27,0x29,0x37,0x2D,0x38,0x33,0x00,0x39,0x32,0x00,0x34,0x33,0x27,0x33,0xFC,
0x31,0x40,0x37,0x00,0x28,0x29,0x00,0x38,0x2D,0x29,0x31,0x34,0x33,0xE5,0xFD,0x17,
0x2D,0x29,0x32,0x38,0x36,0x25,0x37,0x00,0x38,0x25,0x32,0x38,0x33,0xE8,0xFC,0x34,
0x40,0x37,0x25,0x38,0x29,0x00,0x34,0x33,0x36,0x00,0x0D,0x29,0x36,0x3A,0x29,0x25,
0x39,0xFC,0x34,0x25,0x36,0x25,0x00,0x31,0x25,0x32,0x38,0x29,0x32,0x2D,0x31,0x2D,
0x29,0x32,0x38,0x33,0xE5,0xFF,0xF3,0x07,0x45,0x36,0x29,0x25,0x00,0x24,0x29,0x36,
0x33,0xE5,0xE5,0xE5,0xFC,0x0B,0x35,0x39,0x42,0x00,0x27,0x25,0x3D,0x43,0x00,0x30,
0x25,0x00,0x27,0x33,0x30,0x33,0x32,0x2D,0x25,0xFC,0x29,0x37,0x34,0x25,0x27,0x2D,
0x25,0x30,0xFD,0x28,0x39,0x36,0x25,0x32,0x38,0x29,0x00,0x30,0x25,0x37,0x00,0x11,
0x39,0x29,0x36,0x36,0x25,0x37,0xFC,0x17,0x25,0x3A,0x29,0x36,0x2D,0x27,0x2F,0xE5,
0xE5,0xE5,0xFD,0x0D,0x39,0x29,0x37,0x38,0x25,0x00,0x27,0x36,0x29,0x29,0x36,0x00,
0x35,0x39,0x29,0xFC,0x2C,0x39,0x31,0x25,0x32,0x33,0x37,0x00,0x3D,0x00,0x30,0x25,
0xFC,0x32,0x25,0x38,0x39,0x36,0x25,0x30,0x29,0x3E,0x25,0x00,0x34,0x36,0x33,0x37,
0x34,0x29,0x36,0x29,0x32,0xFD,0x29,0x32,0x00,0x29,0x30,0x00,0x34,0x39,0x32,0x38,
0x33,0x00,0x27,0x29,0x36,0x33,0xFC,0x38,0x36,0x25,0x37,0x00,0x38,0x25,0x30,0x00,
0x28,0x29,0x37,0x25,0x37,0x38,0x36,0x29,0xE5,0xE5,0xE5,0xFD,0x18,0x39,0x32,0x27,
0x25,0x00,0x2C,0x29,0x00,0x3A,0x2D,0x37,0x38,0x33,0x00,0x30,0x25,0xFC,0x32,0x25,
0x38,0x39,0x36,0x25,0x30,0x29,0x3E,0x25,0xE5,0xE5,0xE5,0xFD,0x18,0x33,0x00,0x34,
0x39,0x29,0x28,0x33,0x00,0x29,0x37,0x34,0x29,0x36,0x25,0x36,0xFC,0x25,0x00,0x3A,
0x29,0x36,0x30,0x25,0x00,0x27,0x33,0x32,0x00,0x31,0x2D,0x37,0xFC,0x34,0x36,0x33,
0x34,0x2D,0x33,0x37,0x00,0x33,0x2E,0x33,0x37,0xE5,0xFF,0xF3,0x07,0x45,0x36,0x29,
0x25,0x00,0x24,0x29,0x36,0x33,0xE5,0xE5,0xE5,0xFC,0x0B,0x35,0x39,0x42,0x00,0x27,
0x25,0x3D,0x43,0x00,0x30,0x25,0x00,0x27,0x33,0x30,0x33,0x32,0x2D,0x25,0xFC,0x29,
0x37,0x34,0x25,0x27,0x2D,0x25,0x30,0xFD,0x28,0x39,0x36,0x25,0x32,0x38,0x29,0x00,
0x30,0x25,0x37,0x00,0x11,0x39,0x29,0x36,0x36,0x25,0x37,0xFC,0x17,0x25,0x3A,0x29,
0x36,0x2D,0x27,0x2F,0xE5,0xE5,0xE5,0xFD,0x0D,0x39,0x29,0x37,0x38,0x25,0x00,0x27,
0x36,0x29,0x29,0x36,0x00,0x35,0x39,0x29,0xFC,0x2C,0x39,0x31,0x25,0x32,0x33,0x37,
0x00,0x3D,0x00,0x30,0x25,0xFC,0x32,0x25,0x38,0x39,0x36,0x25,0x30,0x29,0x3E,0x25,
0x00,0x34,0x36,0x33,0x37,0x34,0x29,0x36,0x29,0x32,0xFD,0x29,0x32,0x00,0x29,0x30,
0x00,0x34,0x39,0x32,0x38,0x33,0x00,0x27,0x29,0x36,0x33,0xFC,0x38,0x36,0x25,0x37,
0x00,0x38,0x25,0x30,0x00,0x28,0x29,0x37,0x25,0x37,0x38,0x36,0x29,0xE5,0xE5,0xE5,
0xFD,0x18,0x39,0x32,0x27,0x25,0x00,0x2C,0x29,0x00,0x3A,0x2D,0x37,0x38,0x33,0x00,
0x30,0x25,0xFC,0x32,0x25,0x38,0x39,0x36,0x25,0x30,0x29,0x3E,0x25,0xE5,0xE5,0xE5,
0xFD,0x18,0x33,0x00,0x34,0x39,0x29,0x28,0x33,0x00,0x29,0x37,0x34,0x29,0x36,0x25,
0x36,0xFC,0x25,0x00,0x3A,0x29,0x36,0x30,0x25,0x00,0x27,0x33,0x32,0x00,0x31,0x2D,
0x37,0xFC,0x34,0x36,0x33,0x34,0x2D,0x33,0x37,0x00,0x33,0x2E,0x33,0x37,0xE5,0xFF,
0xF3,0x07,0x1D,0x2D,0x00,0x30,0x25,0x00,0x32,0x25,0x38,0x39,0x36,0x25,0x30,0x29,
0x3E,0x25,0xFC,0x36,0x29,0x25,0x30,0x31,0x29,0x32,0x38,0x29,0x00,0x2C,0x25,0xFC,
0x36,0x29,0x3A,0x2D,0x3A,0x2D,0x28,0x33,0xE8,0xFD,0x37,0x29,0x36,0x42,0x25,0x00,
0x2D,0x32,0x27,0x36,0x29,0x42,0x26,0x30,0x29,0xE5,0xFD,0x1E,0x29,0x32,0x2B,0x33,
0x00,0x35,0x39,0x29,0x00,0x3A,0x29,0x36,0x30,0x33,0x00,0x34,0x25,0x36,0x25,0xFC,
0x27,0x36,0x29,0x29,0x36,0x30,0x33,0xE5,0xFF,0xF3,0x07,0x24,0x29,0x36,0x33,0xE5,
0xE5,0xE5,0xFC,0x4F,0x1A,0x39,0x29,0x28,0x29,0x37,0x00,0x2D,0x36,0x00,0x25,0x32,
0x38,0x29,0x37,0xFC,0x25,0x30,0x00,0x45,0x36,0x29,0x25,0x00,0x24,0x29,0x36,0x33,
0xDD,0xFD,0x16,0x30,0x29,0x2B,0x25,0x36,0x29,0x31,0x33,0x37,0x00,0x29,0x32,0xFC,
0x37,0x29,0x2B,0x39,0x2D,0x28,0x25,0xE5,0xFF,0xF3,0x3B,0x1D,0x2D,0x00,0x1C,0x25,
0x2B,0x32,0x25,0x36,0x33,0x2F,0x00,0x37,0x29,0xFC,0x30,0x30,0x29,0x3A,0x25,0x00,
0x25,0x00,0x27,0x25,0x26,0x33,0xE8,0xFC,0x29,0x37,0x38,0x29,0x00,0x31,0x39,0x32,
0x28,0x33,0x00,0x37,0x29,0xFD,0x37,0x29,0x00,0x27,0x33,0x32,0x3A,0x29,0x36,0x38,
0x2D,0x36,0x40,0x00,0x29,0x32,0x00,0x39,0x32,0xFC,0x27,0x29,0x31,0x29,0x32,0x38,
0x29,0x36,0x2D,0x33,0x00,0x28,0x29,0x37,0x33,0x30,0x25,0x28,0x33,0xFC,0x29,0x32,
0x00,0x27,0x33,0x37,0x25,0x00,0x28,0x29,0x00,0x31,0x2D,0x32,0x39,0x38,0x33,0x37,
0xE5,0xE5,0xE5,0xFF,0xF3,0x07,0x24,0x29,0x36,0x33,0xE5,0xE5,0xE5,0xFD,0x1C,0x29,
0x27,0x33,0x2B,0x29,0x00,0x29,0x30,0x00,0x44,0x30,0x38,0x2D,0x31,0x33,0xFC,0x0D,
0x2D,0x26,0x29,0x36,0xD6,0x29,0x30,0x2A,0x33,0x00,0x28,0x29,0xFC,0x0B,0x30,0x33,
0x39,0x29,0x38,0x38,0x29,0x00,0x3D,0x00,0x37,0x2D,0x2B,0x39,0x29,0xFD,0x2C,0x25,
0x37,0x38,0x25,0x00,0x29,0x30,0xFC,0x25,0x37,0x29,0x32,0x38,0x25,0x31,0x2D,0x29,
0x32,0x38,0x33,0xE5,0xFF,0xF3,0x07,0x24,0x29,0x36,0x33,0xE8,0x00,0x4F,0x3D,0x25,
0x00,0x28,0x29,0x27,0x2D,0x28,0x2D,0x37,0x38,0x29,0xFC,0x39,0x32,0x00,0x32,0x33,
0x31,0x26,0x36,0x29,0x00,0x34,0x25,0x36,0x25,0xFC,0x29,0x30,0x00,0x0F,0x30,0x2A,
0x33,0xDD,0xFD,0x18,0x33,0xE8,0x00,0x34,0x33,0x36,0x00,0x30,0x33,0x00,0x35,0x39,
0x29,0x00,0x3A,0x29,0x33,0xE5,0xE5,0xE5,0xFD,0x17,0x29,0x00,0x28,0x25,0x00,0x34,
0x29,0x32,0x25,0x00,0x29,0x30,0x00,0x34,0x33,0x26,0x36,0x29,0xFC,0x34,0x29,0x35,
0x39,0x29,0x4C,0x2D,0x38,0x33,0x00,0x37,0x2D,0x32,0xFC,0x32,0x33,0x31,0x26,0x36,
0x29,0xE5,0xFF,0xF3,0x07,0x4F,0x1B,0x39,0x41,0x00,0x38,0x25,0x30,0x00,0x0D,0x2C,
0x25,0x36,0x2D,0x38,0x29,0xDD,0xFC,0x00,0x00,0x17,0x29,0x00,0x2B,0x39,0x37,0x38,
0x25,0xE5,0xFC,0x00,0x00,0x18,0x33,0x00,0x30,0x33,0x00,0x27,0x36,0x29,0x33,0xE5,
0xFF,0xF3,0x07,0x0F,0x37,0x00,0x39,0x32,0x00,0x32,0x33,0x31,0x26,0x36,0x29,0x00,
0x28,0x39,0x30,0x27,0x29,0xE8,0xFC,0x25,0x34,0x38,0x33,0x00,0x34,0x25,0x36,0x25,
0x00,0x39,0x32,0xFC,0x0F,0x30,0x2A,0x33,0x00,0x28,0x39,0x30,0x27,0x29,0xE5,0xFF,
0xF3,0x3B,0x4F,0x1B,0x39,0x41,0x00,0x38,0x29,0x32,0x42,0x25,0x00,0x28,0x29,0x00,
0x31,0x25,0x30,0x33,0xDD,0xFC,0x4F,0x0E,0x2D,0x2A,0x42,0x27,0x2D,0x30,0x00,0x28,
0x29,0xFC,0x34,0x36,0x33,0x32,0x39,0x32,0x27,0x2D,0x25,0x36,0xDD,0xFF,0xF3,0x07,
0x4F,0x1B,0x39,0x41,0x00,0x34,0x25,0x37,0x25,0xE8,0x00,0x24,0x29,0x36,0x33,0xDD,
0xFD,0x4F,0x0B,0x44,0x32,0x00,0x32,0x33,0x00,0x28,0x29,0x27,0x2D,0x28,0x29,0x37,
0x00,0x39,0x32,0xFC,0x32,0x33,0x31,0x26,0x36,0x29,0x00,0x34,0x25,0x36,0x25,0x00,
0x29,0x30,0xFC,0x0F,0x30,0x2A,0x33,0xDD,0xFD,0x1D,0x2D,0x00,0x29,0x37,0x00,0x25,
0x37,0x42,0xE8,0xFC,0x29,0x32,0x38,0x33,0x32,0x27,0x29,0x37,0xE5,0xE5,0xE5,0xFF,
0xF3,0x07,0x4F,0x18,0x33,0x00,0x38,0x29,0x00,0x2B,0x39,0x37,0x38,0x25,0x00,0x0D,
0x2C,0x25,0x36,0x2D,0x38,0x29,0xDD,0xFC,0x00,0x00,0x17,0x29,0x00,0x2B,0x39,0x37,
0x38,0x25,0xE5,0xFC,0x00,0x00,0x18,0x33,0x00,0x30,0x33,0x00,0x27,0x36,0x29,0x33,
0xE5,0xFF,0xF3,0x07,0x0F,0x37,0x00,0x39,0x32,0x00,0x32,0x33,0x31,0x26,0x36,0x29,
0x00,0x28,0x39,0x30,0x27,0x29,0xE8,0xFC,0x25,0x34,0x38,0x33,0x00,0x34,0x25,0x36,
0x25,0x00,0x39,0x32,0xFC,0x0F,0x30,0x2A,0x33,0x00,0x28,0x39,0x30,0x27,0x29,0xE5,
0xFF,0xF3,0x3B,0x1B,0x39,0x41,0x00,0x34,0x29,0x32,0x25,0xE8,0x00,0x31,0x29,0x00,
0x2B,0x39,0x37,0x38,0x25,0x26,0x25,0xFC,0x29,0x37,0x29,0x00,0x32,0x33,0x31,0x26,
0x36,0x29,0xE5,0xE5,0xE5,0xFD,0xF3,0x07,0x0B,0x34,0x44,0x36,0x25,0x38,0x29,0x00,
0x3D,0x00,0x29,0x30,0x2D,0x2B,0x29,0x00,0x39,0x32,0xFC,0x32,0x33,0x31,0x26,0x36,
0x29,0xE8,0x00,0x32,0x33,0x00,0x2C,0x25,0x2B,0x25,0x37,0xFC,0x29,0x37,0x34,0x29,
0x36,0x25,0x36,0x00,0x25,0x00,0x0B,0x30,0x33,0x39,0x29,0x38,0x38,0x29,0xE5,0xFF,
0xF3,0x07,0x19,0x2C,0xE8,0x00,0x24,0x29,0x36,0x33,0xE5,0xE5,0xE5,0xFD,0x0B,0x30,
0x33,0x39,0x29,0x38,0x38,0x29,0x00,0x31,0x39,0x29,0x36,0x29,0x00,0x34,0x33,0x36,
0xFC,0x27,0x33,0x32,0x38,0x25,0x36,0x38,0x29,0x00,0x37,0x33,0x26,0x36,0x29,0xFC,
0x0F,0x30,0x2A,0x33,0x37,0xE5,0xFD,0x0E,0x29,0x26,0x29,0x36,0x42,0x25,0x37,0x00,
0x2D,0x36,0x00,0x25,0x00,0x3A,0x29,0x36,0x30,0x25,0xE5,0xFF,0xF3,0x07,0x0B,0x30,
0x33,0x39,0x29,0x38,0x38,0x29,0x00,0x38,0x29,0x00,0x29,0x37,0x34,0x29,0x36,0x25,
0xE5,0xFD,0x0E,0x29,0x26,0x29,0x36,0x42,0x25,0x37,0x00,0x3A,0x29,0x36,0x30,0x25,
0xFC,0x30,0x33,0x00,0x25,0x32,0x38,0x29,0x37,0x00,0x34,0x33,0x37,0x2D,0x26,0x30,
0x29,0xE5,0xFF,0xF3,0x07,0x0B,0x27,0x25,0x26,0x33,0x00,0x28,0x29,0x00,0x36,0x29,
0x27,0x2D,0x26,0x2D,0x36,0xFC,0x32,0x33,0x38,0x2D,0x27,0x2D,0x25,0x37,0x00,0x28,
0x29,0x00,0x10,0x25,0x39,0x27,0x33,0x32,0xE8,0xFC,0x35,0x39,0x29,0x00,0x3A,0x2D,
0x2B,0x2D,0x30,0x25,0x00,0x25,0x2A,0x39,0x29,0x36,0x25,0xE5,0xFD,0x16,0x25,0x37,
0x00,0x38,0x36,0x33,0x34,0x25,0x37,0x00,0x28,0x29,0x00,0x21,0x29,0x2D,0x30,0xFC,
0x2C,0x25,0x32,0x00,0x28,0x29,0x2E,0x25,0x28,0x33,0x00,0x29,0x30,0x00,0x27,0x25,
0x31,0x2D,0x32,0x33,0xFC,0x2C,0x25,0x27,0x2D,0x25,0xFD,0x29,0x30,0x00,0x0B,0x37,
0x29,0x32,0x38,0x25,0x31,0x2D,0x29,0x32,0x38,0x33,0xE5,0xFF,0xF3,0x07,0x24,0x29,
0x36,0x33,0xE5,0xE5,0xE5,0xFD,0x4F,0x0D,0x36,0x29,0x29,0x37,0x00,0x35,0x39,0x29,
0x00,0x34,0x33,0x28,0x36,0x42,0x25,0x37,0xFC,0x25,0x3A,0x25,0x32,0x3E,0x25,0x36,
0x00,0x39,0x32,0x00,0x34,0x33,0x27,0x33,0x00,0x3D,0xFC,0x3A,0x29,0x36,0x00,0x29,
0x30,0x00,0x0B,0x37,0x29,0x32,0x38,0x25,0x31,0x2D,0x29,0x32,0x38,0x33,0xDD,0xFF,
0xF3,0x3B,0x18,0x33,0x00,0x31,0x29,0x00,0x37,0x33,0x36,0x34,0x36,0x29,0x32,0x28,
0x29,0x00,0x35,0x39,0x29,0xFC,0x30,0x25,0x00,0x2B,0x29,0x32,0x38,0x29,0x00,0x28,
0x29,0x30,0xFC,0x0B,0x37,0x29,0x32,0x38,0x25,0x31,0x2D,0x29,0x32,0x38,0x33,0x00,
0x32,0x33,0xFD,0x27,0x33,0x32,0x2A,0x42,0x29,0x00,0x29,0x32,0x00,0x32,0x33,0x37,
0x33,0x38,0x36,0x33,0x37,0xE5,0xFC,0x0F,0x37,0x00,0x32,0x25,0x38,0x39,0x36,0x25,
0x30,0x00,0x35,0x39,0x29,0x00,0x32,0x33,0xFC,0x32,0x33,0x37,0x00,0x38,0x29,0x32,
0x2B,0x25,0x32,0x00,0x27,0x33,0x32,0x2A,0x2D,0x25,0x32,0x3E,0x25,0xFD,0x27,0x39,
0x25,0x32,0x28,0x33,0x00,0x2C,0x25,0x26,0x30,0x25,0x31,0x33,0x37,0x00,0x28,0x29,
0xFC,0x25,0x3D,0x39,0x28,0x25,0x36,0x30,0x33,0x37,0xE5,0xE5,0xE5,0xFD,0x1A,0x29,
0x36,0x33,0x00,0x32,0x33,0x00,0x38,0x29,0x32,0x29,0x31,0x33,0x37,0xFC,0x38,0x2D,
0x29,0x31,0x34,0x33,0x00,0x34,0x25,0x36,0x25,0x00,0x27,0x25,0x31,0x26,0x2D,0x25,
0x36,0xFC,0x29,0x37,0x25,0x00,0x2D,0x31,0x34,0x36,0x29,0x37,0x2D,0x43,0x32,0xE5,
0xE5,0xE5,0xFD,0x1D,0x33,0x30,0x33,0x00,0x34,0x33,0x28,0x29,0x31,0x33,0x37,0x00,
0x29,0x37,0x34,0x29,0x36,0x25,0x36,0xFC,0x35,0x39,0x29,0x00,0x25,0x34,0x36,0x29,
0x32,0x28,0x25,0x32,0x00,0x25,0xFC,0x27,0x33,0x32,0x2A,0x2D,0x25,0x36,0x00,0x29,
0x32,0x00,0x32,0x33,0x37,0x33,0x38,0x36,0x33,0x37,0xFD,0x27,0x39,0x25,0x32,0x28,
0x33,0x00,0x29,0x32,0x2A,0x36,0x29,0x32,0x38,0x29,0x31,0x33,0x37,0xFC,0x25,0x00,
0x21,0x29,0x2D,0x30,0xE5,0xFF,0xF3,0x07,0x1B,0x39,0x2D,0x3E,0x40,0x00,0x32,0x33,
0x00,0x38,0x29,0x32,0x2B,0x25,0x31,0x33,0x37,0xFC,0x31,0x39,0x27,0x2C,0x33,0x00,
0x38,0x2D,0x29,0x31,0x34,0x33,0xE8,0x00,0x34,0x29,0x36,0x33,0xFC,0x2C,0x25,0x36,
0x41,0x00,0x30,0x33,0x00,0x34,0x33,0x37,0x2D,0x26,0x30,0x29,0xFD,0x34,0x25,0x36,
0x25,0x00,0x35,0x39,0x29,0x00,0x30,0x25,0x00,0x2B,0x29,0x32,0x38,0x29,0xFC,0x28,
0x29,0x30,0x00,0x0B,0x37,0x29,0x32,0x38,0x25,0x31,0x2D,0x29,0x32,0x38,0x33,0xFC,
0x32,0x33,0x37,0x00,0x29,0x32,0x38,0x2D,0x29,0x32,0x28,0x25,0xE5,0x00,0x1B,0x39,
0x2D,0x3E,0x40,0xFD,0x25,0x30,0x2B,0x44,0x32,0x00,0x28,0x42,0x25,0x00,0x27,0x25,
0x31,0x26,0x2D,0x29,0x32,0xFC,0x28,0x29,0x00,0x33,0x34,0x2D,0x32,0x2D,0x43,0x32,
0xE5,0xFF,0xF3,0x3B,0x24,0x29,0x36,0x33,0xE5,0xE5,0xE5,0xFC,0x0F,0x37,0x38,0x33,
0x3D,0x00,0x34,0x36,0x29,0x33,0x27,0x39,0x34,0x25,0x28,0x25,0xFC,0x34,0x33,0x36,
0x00,0x18,0x29,0x2D,0x2B,0x29,0xE5,0xFD,0x4E,0x1A,0x33,0x36,0x00,0x2A,0x25,0x3A,
0x33,0x36,0xE8,0x00,0x38,0x2D,0x29,0x32,0x29,0x37,0xFC,0x35,0x39,0x29,0x00,0x25,
0x3D,0x39,0x28,0x25,0x36,0x30,0x25,0xCA,0xFF,0xF3,0x07,0x1D,0x25,0x26,0x29,0x31,
0x33,0x37,0x00,0x28,0x43,0x32,0x28,0x29,0xFC,0x30,0x30,0x29,0x3A,0x25,0x36,0x33,
0x32,0x00,0x25,0x00,0x18,0x29,0x2D,0x2B,0x29,0xE5,0xFD,0x12,0x25,0x3D,0x00,0x39,
0x32,0x25,0x00,0x26,0x25,0x37,0x29,0x00,0x29,0x32,0x29,0x31,0x2D,0x2B,0x25,0xFC,
0x25,0x30,0x00,0x33,0x29,0x37,0x38,0x29,0x00,0x28,0x29,0x00,0x25,0x35,0x39,0x42,
0xE5,0xFD,0x18,0x29,0x2D,0x2B,0x29,0x00,0x3D,0x00,0x0D,0x36,0x25,0x2A,0x38,0xFC,
0x28,0x29,0x26,0x29,0x36,0x42,0x25,0x32,0x00,0x29,0x37,0x38,0x25,0x36,0xFC,0x28,
0x29,0x32,0x38,0x36,0x33,0xE5,0xFF,0xF3,0x3B,0x11,0x36,0x25,0x27,0x2D,0x25,0x37,
0xE8,0x00,0x24,0x29,0x36,0x33,0xE5,0xE5,0xE5,0xFD,0xF3,0x07,0x17,0x29,0x00,0x25,
0x30,0x29,0x2B,0x36,0x25,0x00,0x35,0x39,0x29,0x00,0x18,0x29,0x2D,0x2B,0x29,0xFC,
0x29,0x37,0x38,0x41,0x00,0x26,0x2D,0x29,0x32,0xE5,0xFF,0xF3,0x07,0x24,0x29,0x36,
0x33,0xE5,0xE5,0xE5,0xFD,0x1C,0x25,0x2B,0x32,0x25,0x36,0x33,0x2F,0x00,0x25,0x44,
0x32,0x00,0x29,0x37,0x38,0x40,0xFC,0x29,0x32,0x00,0x31,0x25,0x36,0x27,0x2C,0x25,
0xE5,0xE5,0xE5,0xFD,0xE5,0xE5,0xE5,0xFD,0x4E,0x0E,0x29,0x26,0x29,0x31,0x33,0x37,
0x00,0x34,0x36,0x33,0x38,0x29,0x2B,0x29,0x36,0xFC,0x29,0x30,0x00,0x31,0x39,0x32,
0x28,0x33,0x00,0x28,0x29,0x00,0x21,0x29,0x2D,0x30,0xCA,0xFF,0xF3,0x07,0x18,0x39,
0x32,0x27,0x25,0x00,0x37,0x29,0x00,0x31,0x29,0x00,0x2C,0x25,0x26,0x36,0x42,0x25,
0xFC,0x33,0x27,0x39,0x36,0x36,0x2D,0x28,0x33,0x00,0x39,0x37,0x25,0x36,0x00,0x30,
0x25,0xFC,0x0C,0x25,0x37,0x29,0x00,0x28,0x29,0x00,0x1E,0x36,0x25,0x32,0x37,0x34,
0x33,0x36,0x38,0x29,0xE5,0xFD,0x18,0x29,0x2D,0x2B,0x29,0x00,0x37,0x25,0x26,0x29,
0x00,0x30,0x33,0x00,0x35,0x39,0x29,0xFC,0x2C,0x25,0x27,0x29,0xE5,0xFF,0xF3,0x3B,
0x24,0x29,0x36,0x33,0xE5,0xE5,0xE5,0xFD,0xF3,0x07,0x1D,0x29,0x36,0x40,0x00,0x34,
0x29,0x30,0x2D,0x2B,0x36,0x33,0x37,0x33,0x00,0x25,0x30,0x30,0x40,0xFC,0x25,0x2A,
0x39,0x29,0x36,0x25,0xE8,0x00,0x25,0x37,0x42,0x00,0x35,0x39,0x29,0xFC,0x27,0x39,
0x42,0x28,0x25,0x38,0x29,0xE5,0xFF,0xF3,0x07,0x0F,0x30,0x00,0x27,0x2D,0x36,0x27,
0x39,0x2D,0x38,0x33,0x00,0x28,0x29,0xFC,0x38,0x29,0x30,0x29,0x38,0x36,0x25,0x32,
0x37,0x34,0x33,0x36,0x38,0x29,0x00,0x29,0x37,0xFC,0x31,0x39,0x3D,0x00,0x37,0x2D,
0x31,0x2D,0x30,0x25,0x36,0x00,0x25,0x30,0xFD,0x0D,0x2D,0x26,0x29,0x36,0x29,0x37,
0x34,0x25,0x27,0x2D,0x33,0xE5,0xFD,0x1D,0x33,0x30,0x33,0x00,0x38,0x29,0x32,0x00,
0x27,0x39,0x2D,0x28,0x25,0x28,0x33,0xFC,0x25,0x30,0x30,0x42,0x00,0x28,0x29,0x32,
0x38,0x36,0x33,0xE8,0x00,0x24,0x29,0x36,0x33,0xE5,0xFF,0xF3,0x07,0x0F,0x32,0x27,
0x39,0x29,0x32,0x38,0x36,0x25,0x00,0x30,0x25,0x00,0x2A,0x33,0x36,0x31,0x25,0xFC,
0x28,0x29,0x00,0x28,0x29,0x37,0x25,0x27,0x38,0x2D,0x3A,0x25,0x36,0x00,0x29,0x37,
0x29,0xFC,0x34,0x36,0x33,0x2B,0x36,0x25,0x31,0x25,0x00,0x28,0x29,0xFD,0x34,0x36,
0x33,0x38,0x29,0x27,0x27,0x2D,0x43,0x32,0xE5,0xFF,0xF3,0x07,0x24,0x29,0x36,0x33,
0xE8,0x00,0x37,0x2D,0x2B,0x39,0x29,0x00,0x25,0x37,0x42,0xE5,0xE5,0xE5,0xFD,0x0F,
0x37,0x38,0x40,0x37,0x00,0x25,0x00,0x39,0x32,0x00,0x34,0x25,0x37,0x33,0x00,0x28,
0x29,0xFC,0x37,0x25,0x30,0x3A,0x25,0x36,0x00,0x25,0x00,0x38,0x33,0x28,0x33,0x37,
0xE5,0xFF,0xF3,0x3B,0x24,0x29,0x36,0x33,0xE5,0xE5,0xE5,0xFC,0x0D,0x39,0x42,0x28,
0x25,0x38,0x29,0xE5,0xE5,0xE5,0xFF,0xF3,0x0D,0x19,0x3D,0x29,0xE8,0x00,0x24,0x29,
0x36,0x33,0xE8,0x00,0x4F,0x27,0x43,0x31,0x33,0xFC,0x3A,0x25,0x37,0xDD,0xFD,0x4F,
0x18,0x29,0x27,0x29,0x37,0x2D,0x38,0x25,0x37,0x00,0x39,0x32,0x00,0x25,0x2E,0x39,
0x37,0x38,0x29,0xDD,0xFC,0x0F,0x37,0x25,0x37,0x00,0x32,0x39,0x26,0x29,0x37,0x00,
0x28,0x29,0x00,0x34,0x33,0x30,0x3A,0x33,0xFC,0x37,0x33,0x32,0x00,0x33,0x38,0x36,
0x25,0x00,0x27,0x33,0x37,0x25,0xE5,0xFD,0xF3,0x04,0x18,0x33,0xE8,0x00,0x29,0x37,
0x38,0x33,0x3D,0x00,0x26,0x2D,0x29,0x32,0xE5,0xFD,0xF3,0x0D,0x0C,0x2D,0x29,0x32,
0xE8,0x00,0x34,0x29,0x36,0x33,0x00,0x32,0x33,0x00,0x38,0x29,0xFC,0x29,0x37,0x2A,
0x39,0x29,0x36,0x27,0x29,0x37,0x00,0x28,0x29,0x31,0x25,0x37,0x2D,0x25,0x28,0x33,
0xE5,0xFD,0x4F,0x23,0x25,0x00,0x34,0x36,0x33,0x26,0x25,0x37,0x38,0x29,0x00,0x38,
0x39,0xFC,0x24,0x29,0x36,0x33,0x00,0x15,0x32,0x39,0x27,0x2F,0x30,0x29,0xDD,0xFD,
0x1B,0x39,0x2D,0x3E,0x40,0x00,0x3D,0x25,0x00,0x30,0x33,0x00,0x37,0x29,0x34,0x25,
0x37,0xE8,0xFC,0x34,0x29,0x36,0x33,0x00,0x29,0x37,0x00,0x39,0x32,0x00,0x25,0x36,
0x31,0x25,0xFD,0x2D,0x32,0x38,0x29,0x2B,0x36,0x25,0x28,0x25,0x00,0x29,0x32,0x00,
0x39,0x32,0x00,0x27,0x2C,0x2D,0x34,0xFC,0x2D,0x31,0x34,0x30,0x25,0x32,0x38,0x25,
0x28,0x33,0x00,0x29,0x32,0x00,0x38,0x39,0xFC,0x31,0x25,0x32,0x33,0xE5,0x00,0x1E,
0x29,0x00,0x28,0x25,0x00,0x39,0x32,0x00,0x2B,0x36,0x25,0x32,0xFD,0x25,0x39,0x31,
0x29,0x32,0x38,0x33,0x00,0x28,0x29,0x00,0x2A,0x39,0x29,0x36,0x3E,0x25,0xFC,0x35,
0x39,0x29,0x00,0x37,0x2D,0x36,0x3A,0x29,0x00,0x34,0x25,0x36,0x25,0x00,0x25,0x38,
0x25,0x27,0x25,0x36,0xFD,0x29,0x32,0x29,0x31,0x2D,0x2B,0x33,0x37,0x00,0x33,0x00,
0x36,0x33,0x26,0x25,0x36,0x00,0x37,0x39,0x37,0xFC,0x25,0x36,0x31,0x25,0x37,0xE5,
0x00,0x18,0x33,0x00,0x2A,0x39,0x32,0x27,0x2D,0x33,0x32,0x25,0xFC,0x27,0x33,0x32,
0x00,0x38,0x33,0x28,0x33,0x37,0xE8,0xFD,0x34,0x29,0x36,0x33,0x00,0x27,0x33,0x32,
0x00,0x30,0x33,0x37,0x00,0x35,0x39,0x29,0x00,0x37,0x42,0xE8,0xFC,0x25,0x27,0x40,
0x26,0x25,0x30,0x33,0x37,0x00,0x27,0x33,0x32,0x00,0x29,0x30,0xFD,0x24,0x29,0x36,
0x33,0x00,0x15,0x32,0x39,0x27,0x2F,0x30,0x29,0x00,0x34,0x25,0x36,0x25,0xFC,0x38,
0x33,0x31,0x25,0x36,0x00,0x37,0x39,0x00,0x25,0x36,0x31,0x25,0xE5,0xFD,0x1A,0x33,
0x36,0x00,0x27,0x2D,0x29,0x36,0x38,0x33,0xE8,0x00,0x4F,0x27,0x39,0x40,0x30,0x00,
0x29,0x37,0xFC,0x38,0x39,0x00,0x37,0x2D,0x2B,0x39,0x2D,0x29,0x32,0x38,0x29,0x00,
0x34,0x25,0x37,0x33,0xDD,0xFD,0xF3,0x04,0x0D,0x2D,0x29,0x30,0x00,0x2D,0x32,0x3A,
0x29,0x37,0x38,0x2D,0x2B,0x25,0xFC,0x45,0x36,0x29,0x25,0x00,0x24,0x29,0x36,0x33,
0xE5,0xFD,0x0D,0x36,0x29,0x33,0x00,0x35,0x39,0x29,0x00,0x30,0x33,0x37,0x00,0x2C,
0x39,0x31,0x25,0x32,0x33,0x37,0xFC,0x28,0x29,0x00,0x25,0x30,0x30,0x42,0x00,0x32,
0x29,0x27,0x29,0x37,0x2D,0x38,0x25,0x32,0xFC,0x32,0x39,0x29,0x37,0x38,0x36,0x25,
0x00,0x25,0x3D,0x39,0x28,0x25,0xE5,0xE5,0xE5,0xFD,0xF3,0x0D,0x1A,0x25,0x36,0x29,
0x27,0x29,0x00,0x35,0x39,0x29,0x00,0x38,0x2D,0x29,0x32,0x29,0x37,0xFC,0x31,0x39,
0x27,0x2C,0x33,0x00,0x34,0x33,0x36,0x00,0x2C,0x25,0x27,0x29,0x36,0xE5,0xFD,0x1D,
0x2D,0x00,0x34,0x39,0x29,0x28,0x33,0x00,0x25,0x3D,0x39,0x28,0x25,0x36,0x00,0x29,
0x32,0xFC,0x25,0x30,0x2B,0x33,0xE8,0x00,0x32,0x33,0x00,0x28,0x39,0x28,0x29,0x37,
0xFC,0x29,0x32,0x00,0x34,0x29,0x28,0x2D,0x36,0x30,0x33,0xE5,0xFD,0x4E,0x0B,0x2C,
0xCA,0xFD,0x0D,0x25,0x37,0x2D,0x00,0x33,0x30,0x3A,0x2D,0x28,0x33,0x00,0x25,0x30,
0x2B,0x33,0xFC,0x2D,0x31,0x34,0x33,0x36,0x38,0x25,0x32,0x38,0x29,0xE5,0xFD,0x0B,
0x00,0x3A,0x29,0x27,0x29,0x37,0x00,0x30,0x33,0x37,0x00,0x29,0x32,0x29,0x31,0x2D,
0x2B,0x33,0x37,0xFC,0x37,0x39,0x29,0x30,0x38,0x25,0x32,0x00,0x34,0x2D,0x29,0x3E,
0x25,0x37,0xE5,0xFD,0x1A,0x39,0x29,0x28,0x29,0x00,0x35,0x39,0x29,0x00,0x25,0x30,
0x2B,0x39,0x32,0x25,0x37,0xFC,0x37,0x2D,0x36,0x3A,0x25,0x32,0x00,0x34,0x25,0x36,
0x25,0x00,0x27,0x36,0x29,0x25,0x36,0xFC,0x32,0x39,0x29,0x3A,0x33,0x37,0x00,0x27,
0x2C,0x2D,0x34,0x37,0xE5,0xFD,0x4E,0x1D,0x2D,0x00,0x35,0x39,0x2D,0x29,0x36,0x29,
0x37,0x00,0x2D,0x32,0x38,0x29,0x32,0x38,0x25,0x36,0xFC,0x2C,0x25,0x27,0x29,0x36,
0x00,0x39,0x32,0x33,0xE8,0x00,0x37,0x33,0x30,0x33,0xFC,0x25,0x3A,0x42,0x37,0x25,
0x31,0x29,0xCA,0xFF,0xF3,0x0D,0x1F,0x32,0x00,0x34,0x33,0x27,0x33,0x00,0x31,0x40,
0x37,0x00,0x28,0x29,0xFC,0x2D,0x32,0x2A,0x33,0x00,0x37,0x33,0x26,0x36,0x29,0x00,
0x29,0x30,0xFC,0x24,0x29,0x36,0x33,0x00,0x15,0x32,0x39,0x27,0x2F,0x30,0x29,0xE5,
0xE5,0xE5,0xFD,0x1A,0x39,0x29,0x28,0x29,0x37,0x00,0x34,0x39,0x30,0x37,0x25,0x36,
0x00,0x29,0x30,0xFC,0x26,0x33,0x38,0x43,0x32,0x00,0x28,0x29,0x00,0x30,0x25,0x32,
0x3E,0x25,0x36,0x00,0x33,0xFC,0x29,0x30,0x29,0x2B,0x2D,0x36,0x00,0x39,0x32,0x00,
0x25,0x36,0x31,0x25,0x00,0x29,0x32,0xFD,0x29,0x30,0x00,0x37,0x39,0x26,0x31,0x29,
0x32,0x44,0x00,0x34,0x25,0x36,0x25,0xFC,0x28,0x29,0x37,0x29,0x27,0x2C,0x25,0x36,
0x00,0x30,0x25,0x00,0x35,0x39,0x29,0xFC,0x38,0x33,0x31,0x25,0x37,0x38,0x29,0x00,
0x28,0x29,0x00,0x39,0x32,0xFD,0x29,0x32,0x29,0x31,0x2D,0x2B,0x33,0xE5,0xFD,0x16,
0x25,0x37,0x00,0x25,0x36,0x31,0x25,0x37,0x00,0x38,0x33,0x31,0x25,0x28,0x25,0x37,
0xFC,0x38,0x2D,0x29,0x32,0x29,0x32,0x00,0x39,0x32,0x00,0x30,0x42,0x31,0x2D,0x38,
0x29,0x00,0x28,0x29,0xFC,0x39,0x37,0x33,0x37,0xE8,0x00,0x38,0x29,0x32,0x30,0x33,
0x00,0x29,0x32,0xFD,0x27,0x39,0x29,0x32,0x38,0x25,0xE5,0x00,0x0B,0x2C,0xE8,0x00,
0x3D,0x00,0x33,0x38,0x36,0x25,0xFC,0x27,0x33,0x37,0x25,0xE8,0x00,0x37,0x2D,0x00,
0x29,0x37,0x38,0x40,0x37,0xFC,0x27,0x33,0x30,0x2B,0x25,0x28,0x33,0xE8,0x00,0x32,
0x33,0x00,0x2C,0x25,0x27,0x29,0xFD,0x2A,0x25,0x30,0x38,0x25,0x00,0x2D,0x36,0x00,
0x25,0x30,0x00,0x37,0x39,0x26,0x31,0x29,0x32,0x44,0xFC,0x34,0x25,0x36,0x25,0x00,
0x29,0x35,0x39,0x2D,0x34,0x25,0x36,0x00,0x29,0x30,0xFC,0x24,0x29,0x36,0x33,0x00,
0x15,0x32,0x39,0x27,0x2F,0x30,0x29,0xE5,0xFD,0x1D,0x33,0x30,0x33,0x00,0x34,0x36,
0x29,0x37,0x2D,0x33,0x32,0x25,0x00,0x25,0x36,0x36,0x2D,0x26,0x25,0xFC,0x25,0x30,
0x00,0x37,0x25,0x30,0x38,0x25,0x36,0x00,0x33,0x00,0x27,0x25,0x29,0x36,0xE5,0xFC,
0x1A,0x29,0x36,0x33,0x00,0x36,0x29,0x27,0x39,0x29,0x36,0x28,0x25,0x00,0x35,0x39,
0x29,0xFD,0x32,0x33,0x00,0x34,0x39,0x29,0x28,0x29,0x37,0x00,0x39,0x37,0x25,0x36,
0x00,0x29,0x30,0xFC,0x24,0x29,0x36,0x33,0x00,0x15,0x32,0x39,0x27,0x2F,0x30,0x29,
0x00,0x32,0x2D,0x00,0x30,0x25,0x37,0xFC,0x25,0x36,0x31,0x25,0x37,0x00,0x38,0x33,
0x31,0x25,0x28,0x25,0x37,0xFD,0x31,0x2D,0x29,0x32,0x38,0x36,0x25,0x37,0x00,0x29,
0x37,0x38,0x40,0x37,0xFC,0x27,0x33,0x30,0x2B,0x25,0x28,0x33,0xE8,0x00,0x34,0x33,
0x36,0x35,0x39,0x29,0xFC,0x39,0x37,0x25,0x37,0x00,0x37,0x39,0x00,0x34,0x33,0x28,
0x29,0x36,0x00,0x34,0x25,0x36,0x25,0xFD,0x37,0x33,0x37,0x38,0x29,0x32,0x29,0x36,
0x38,0x29,0xE5,0x00,0x1D,0x2D,0xFC,0x35,0x39,0x2D,0x29,0x36,0x29,0x37,0x00,0x34,
0x36,0x25,0x27,0x38,0x2D,0x27,0x25,0x36,0xE8,0xFC,0x2C,0x25,0x3E,0x30,0x33,0x00,
0x29,0x32,0x00,0x29,0x37,0x38,0x25,0x00,0x37,0x25,0x30,0x25,0xE5,0xFF,0xF3,0x0D,
0x1D,0x2D,0x00,0x35,0x39,0x2D,0x29,0x36,0x29,0x37,0x00,0x27,0x36,0x29,0x25,0x36,
0xFC,0x27,0x2C,0x2D,0x34,0x37,0xE8,0x00,0x30,0x25,0x00,0x31,0x25,0x32,0x29,0x36,
0x25,0xFC,0x31,0x40,0x37,0x00,0x2A,0x40,0x27,0x2D,0x30,0x00,0x29,0x37,0x00,0x26,
0x39,0x37,0x27,0x25,0x36,0xFD,0x36,0x29,0x27,0x29,0x38,0x25,0x37,0xE5,0x00,0x0F,
0x30,0x00,0x44,0x32,0x2D,0x27,0x33,0xFC,0x34,0x36,0x33,0x26,0x30,0x29,0x31,0x25,
0x00,0x29,0x37,0x00,0x35,0x39,0x29,0xFC,0x25,0x30,0x2B,0x39,0x32,0x33,0x37,0x00,
0x27,0x2C,0x2D,0x34,0x37,0x00,0x31,0x29,0x2E,0x33,0x36,0x29,0x37,0xFD,0x32,0x33,
0x00,0x38,0x2D,0x29,0x32,0x29,0x32,0x00,0x36,0x29,0x27,0x29,0x38,0x25,0xE5,0xFF,
0xF3,0x0D,0x4F,0x1B,0x39,0x41,0xDD,0x00,0x4F,0x16,0x25,0x00,0x32,0x25,0x38,0x39,
0x36,0x25,0x30,0x29,0x3E,0x25,0xFC,0x29,0x37,0x38,0x40,0x00,0x27,0x36,0x29,0x27,
0x2D,0x29,0x32,0x28,0x33,0x00,0x33,0x38,0x36,0x25,0xFC,0x3A,0x29,0x3E,0x00,0x29,
0x32,0x00,0x45,0x36,0x29,0x25,0x00,0x24,0x29,0x36,0x33,0xDD,0xFD,0x0E,0x29,0x31,
0x39,0x29,0x37,0x38,0x36,0x25,0x00,0x35,0x39,0x29,0x00,0x29,0x30,0xFC,0x34,0x33,
0x28,0x29,0x36,0x00,0x28,0x29,0x00,0x30,0x25,0xFC,0x32,0x25,0x38,0x39,0x36,0x25,
0x30,0x29,0x3E,0x25,0x00,0x29,0x37,0x00,0x31,0x39,0x3D,0xFD,0x37,0x39,0x34,0x29,
0x36,0x2D,0x33,0x36,0x00,0x25,0x30,0x00,0x34,0x33,0x28,0x29,0x36,0xFC,0x28,0x29,
0x00,0x30,0x25,0x00,0x27,0x2D,0x29,0x32,0x27,0x2D,0x25,0xE5,0xE5,0xE5,0xFF,0xF3,
0x0D,0x24,0x29,0x36,0x33,0xE8,0x00,0x4F,0x32,0x33,0x00,0x2D,0x26,0x25,0x37,0x00,
0x25,0x00,0x2D,0x36,0xFC,0x25,0x30,0x00,0x45,0x36,0x29,0x25,0x00,0x24,0x29,0x36,
0x33,0xDD,0xFD,0x17,0x29,0x2E,0x33,0x36,0x00,0x32,0x33,0x00,0x2C,0x25,0x2B,0x25,
0x37,0xFC,0x29,0x37,0x34,0x29,0x36,0x25,0x36,0x00,0x25,0x00,0x0D,0x2D,0x29,0x30,
0xE5,0xFF,0xF3,0x0D,0x1C,0x25,0x2B,0x32,0x25,0x36,0x33,0x2F,0xE5,0xE5,0xE5,0xFD,
0x0F,0x37,0x29,0x00,0x21,0x29,0x2D,0x30,0x00,0x29,0x37,0x00,0x39,0x32,0xFC,0x38,
0x33,0x32,0x38,0x33,0xE5,0xFF,0xF3,0x0D,0x24,0x29,0x36,0x33,0xE5,0xE5,0xE5,0xFD,
0x18,0x2D,0x00,0x37,0x2D,0x35,0x39,0x2D,0x29,0x36,0x25,0x00,0x38,0x44,0xFC,0x38,
0x2D,0x29,0x32,0x29,0x37,0x00,0x33,0x34,0x33,0x36,0x38,0x39,0x32,0x2D,0x28,0x25,
0x28,0xFC,0x37,0x2D,0x00,0x37,0x29,0x00,0x2D,0x31,0x34,0x30,0x29,0x31,0x29,0x32,
0x38,0x25,0xFD,0x1C,0x25,0x2B,0x32,0x25,0x36,0x33,0x2F,0xE5,0xE5,0xE5,0xFD,0x1E,
0x2D,0x29,0x32,0x29,0x37,0x00,0x35,0x39,0x29,0x00,0x28,0x29,0x38,0x29,0x32,0x29,
0x36,0x30,0x33,0xFC,0x25,0x32,0x38,0x29,0x37,0x00,0x28,0x29,0x00,0x35,0x39,0x29,
0x00,0x37,0x29,0xFC,0x25,0x27,0x38,0x2D,0x3A,0x29,0xE5,0xFF,0xF3,0x0D,0x4F,0x12,
0x31,0x31,0xDD,0x00,0x4F,0x1B,0x39,0x41,0x00,0x34,0x25,0x37,0x25,0xE8,0xFC,0x24,
0x29,0x36,0x33,0xDD,0xFD,0x0B,0x2C,0xE8,0x00,0x29,0x37,0x38,0x40,0x37,0x00,0x36,
0x29,0x27,0x33,0x36,0x36,0x2D,0x29,0x32,0x28,0x33,0xFC,0x25,0x00,0x38,0x33,0x28,
0x33,0x37,0x00,0x34,0x25,0x36,0x25,0x00,0x3A,0x29,0x36,0xFC,0x27,0x43,0x31,0x33,
0x00,0x30,0x30,0x25,0x31,0x25,0x36,0x00,0x25,0x30,0xFD,0x0F,0x30,0x2A,0x33,0xE8,
0x00,0x4F,0x29,0x2C,0xDD,0xFD,0x12,0x31,0x31,0xE5,0xE5,0xE5,0xFF,0xF3,0x0D,0x4F,
0x1B,0x39,0x41,0x00,0x38,0x25,0x30,0x00,0x1A,0x36,0x33,0x2B,0x36,0x29,0x37,0x37,
0xDD,0xFC,0x00,0x00,0x17,0x29,0x00,0x2B,0x39,0x37,0x38,0x25,0xE5,0xFC,0x00,0x00,
0x18,0x33,0x00,0x30,0x33,0x00,0x27,0x36,0x29,0x33,0xE5,0xFF,0xF3,0x0D,0x1A,0x36,
0x33,0x2B,0x36,0x29,0x37,0x37,0x00,0x29,0x37,0x00,0x39,0x32,0x00,0x2B,0x36,0x25,
0x32,0xFC,0x32,0x33,0x31,0x26,0x36,0x29,0x00,0x34,0x25,0x36,0x25,0x00,0x39,0x32,
0x00,0x38,0x2D,0x34,0x33,0xFC,0x32,0x39,0x29,0x3A,0x33,0x00,0x28,0x29,0x00,0x0F,
0x30,0x2A,0x33,0xE5,0xFF,0xF3,0x0D,0x12,0x31,0x31,0xE5,0xE5,0xE5,0xFC,0x4F,0x18,
0x33,0x00,0x29,0x37,0x00,0x30,0x33,0x00,0x38,0x39,0x3D,0x33,0xDD,0xFD,0x1A,0x33,
0x32,0x29,0x36,0x00,0x32,0x33,0x31,0x26,0x36,0x29,0x37,0x00,0x32,0x33,0xFC,0x29,
0x37,0x00,0x2A,0x40,0x27,0x2D,0x30,0xE5,0xFF,0xF3,0x0D,0x12,0x31,0x31,0xE5,0xE5,
0xE5,0xFD,0x0C,0x39,0x29,0x32,0x33,0xE8,0x00,0x32,0x33,0x00,0x2D,0x31,0x34,0x33,
0x36,0x38,0x25,0xFC,0x27,0x39,0x40,0x32,0x38,0x25,0x37,0x00,0x3A,0x29,0x27,0x29,
0x37,0xFC,0x34,0x36,0x29,0x2B,0x39,0x32,0x38,0x29,0x37,0xE8,0xFD,0x1A,0x36,0x33,
0x2B,0x36,0x29,0x37,0x37,0x00,0x29,0x37,0x00,0x30,0x33,0xFC,0x35,0x39,0x29,0x00,
0x37,0x29,0x00,0x31,0x29,0x00,0x3A,0x2D,0x29,0x32,0x29,0xFC,0x25,0x00,0x30,0x25,
0x00,0x31,0x29,0x32,0x38,0x29,0xE5,0xFF,0xF3,0x0D,0x0C,0x39,0x29,0x32,0x33,0xE8,
0x00,0x4F,0x35,0x39,0x41,0x00,0x28,0x2D,0x27,0x29,0x37,0xDD,0xFC,0x00,0x00,0x17,
0x29,0x00,0x2B,0x39,0x37,0x38,0x25,0xE5,0xFC,0x00,0x00,0x18,0x33,0x00,0x30,0x33,
0x00,0x27,0x36,0x29,0x33,0xE5,0xFF,0xF3,0x0D,0x4E,0x0F,0x32,0x38,0x33,0x32,0x27,
0x29,0x37,0x00,0x29,0x37,0x38,0x25,0x31,0x33,0x37,0xFC,0x28,0x29,0x00,0x25,0x27,
0x39,0x29,0x36,0x28,0x33,0xCA,0xFD,0x1A,0x36,0x33,0x2B,0x36,0x29,0x37,0x37,0x00,
0x29,0x37,0x00,0x39,0x32,0x00,0x2B,0x36,0x25,0x32,0xFC,0x32,0x33,0x31,0x26,0x36,
0x29,0x00,0x34,0x25,0x36,0x25,0x00,0x39,0x32,0x00,0x38,0x2D,0x34,0x33,0xFC,0x32,
0x39,0x29,0x3A,0x33,0x00,0x28,0x29,0x00,0x0F,0x30,0x2A,0x33,0xE5,0xFF,0xF3,0x0D,
0x12,0x31,0x31,0xE5,0xE5,0xE5,0xFC,0x18,0x33,0x00,0x38,0x29,0x00,0x2B,0x39,0x37,
0x38,0x43,0xE8,0x00,0x4F,0x29,0x2C,0xDD,0xFF,0xF3,0x0D,0x0C,0x39,0x29,0x32,0x33,
0xE8,0x00,0x25,0x2C,0x33,0x36,0x25,0x00,0x35,0x39,0x29,0xFC,0x38,0x2D,0x29,0x32,
0x29,0x37,0x00,0x39,0x32,0x00,0x32,0x33,0x31,0x26,0x36,0x29,0xE8,0xFC,0x28,0x42,
0x37,0x29,0x30,0x33,0x00,0x25,0x00,0x0B,0x30,0x33,0x39,0x29,0x38,0x38,0x29,0xE5,
0xFF,0xF3,0x0D,0x4F,0x1B,0x39,0x41,0x00,0x34,0x25,0x37,0x25,0xDD,0xFD,0x0B,0x30,
0x33,0x39,0x29,0x38,0x38,0x29,0x00,0x38,0x29,0x00,0x29,0x37,0x34,0x29,0x36,0x25,
0xE8,0xFC,0x4F,0x37,0x25,0x26,0x29,0x37,0xDD,0xFF,0xF3,0x0D,0x4E,0x19,0x3D,0x29,
0xE8,0x00,0x24,0x29,0x36,0x33,0xCA,0xFD,0x4F,0x1D,0x25,0x26,0x42,0x25,0x37,0x00,
0x35,0x39,0x29,0x00,0x2C,0x25,0x3D,0xFC,0x28,0x2D,0x2A,0x29,0x36,0x29,0x32,0x38,
0x29,0x37,0x00,0x32,0x2D,0x3A,0x29,0x30,0x29,0x37,0xFC,0x34,0x25,0x36,0x25,0x00,
0x30,0x33,0x37,0x00,0x27,0x2C,0x2D,0x34,0x37,0xDD,0xFD,0x16,0x33,0x37,0x00,0x28,
0x2D,0x37,0x38,0x2D,0x32,0x38,0x33,0x37,0xFC,0x32,0x2D,0x3A,0x29,0x30,0x29,0x37,
0x00,0x38,0x2D,0x29,0x32,0x29,0x32,0xFC,0x36,0x29,0x27,0x29,0x38,0x25,0x37,0x00,
0x37,0x2D,0x31,0x2D,0x30,0x25,0x36,0x29,0x37,0xE5,0xFD,0x1D,0x43,0x30,0x33,0x00,
0x25,0x2B,0x36,0x29,0x2B,0x25,0x00,0x25,0x30,0x2B,0x33,0xFC,0x29,0x37,0x34,0x29,
0x27,0x42,0x2A,0x2D,0x27,0x33,0x00,0x25,0x00,0x39,0x32,0x25,0xFC,0x36,0x29,0x27,
0x29,0x38,0x25,0x00,0x28,0x29,0x00,0x32,0x2D,0x3A,0x29,0x30,0x00,0x02,0xFD,0x3D,
0x00,0x3A,0x39,0x25,0x30,0x40,0xE8,0x00,0x37,0x29,0xFC,0x27,0x33,0x32,0x3A,0x2D,
0x29,0x36,0x38,0x29,0x00,0x29,0x32,0x00,0x39,0x32,0xFC,0x27,0x2C,0x2D,0x34,0x00,
0x28,0x29,0x00,0x32,0x2D,0x3A,0x29,0x30,0x00,0x03,0xE5,0xFF,0xF3,0x0D,0x1D,0x2D,
0x00,0x29,0x31,0x34,0x2D,0x29,0x3E,0x25,0x37,0x00,0x25,0xFC,0x29,0x32,0x27,0x33,
0x32,0x38,0x36,0x25,0x36,0x00,0x31,0x39,0x27,0x2C,0x25,0x37,0xFC,0x34,0x2D,0x29,
0x3E,0x25,0x37,0xE8,0x00,0x3A,0x29,0x32,0x00,0x25,0x00,0x31,0x42,0xE5,0xFD,0x4E,
0x12,0x25,0x36,0x41,0x00,0x27,0x33,0x32,0x00,0x29,0x30,0x30,0x25,0x37,0xFC,0x25,
0x30,0x2B,0x39,0x32,0x33,0x37,0x00,0x27,0x2C,0x2D,0x34,0x37,0xFC,0x2B,0x29,0x32,
0x2D,0x25,0x30,0x29,0x37,0xCA,0xFF,0xF3,0x0D,0x4E,0x19,0x3D,0x29,0xE8,0x00,0x24,
0x29,0x36,0x33,0xCA,0xFD,0x4F,0x0F,0x37,0x38,0x40,0x37,0x00,0x27,0x33,0x32,0x37,
0x2D,0x2B,0x39,0x2D,0x29,0x32,0x28,0x33,0xFC,0x25,0x30,0x2B,0x39,0x32,0x25,0x37,
0x00,0x34,0x25,0x36,0x38,0x29,0x37,0xDD,0xFD,0x13,0x32,0x38,0x29,0x32,0x38,0x25,
0x00,0x27,0x33,0x31,0x26,0x2D,0x32,0x25,0x36,0xFC,0x25,0x30,0x2B,0x39,0x32,0x25,
0x37,0x00,0x28,0x29,0x00,0x30,0x25,0x37,0xFC,0x34,0x25,0x36,0x38,0x29,0x37,0x00,
0x35,0x39,0x29,0x00,0x38,0x2D,0x29,0x32,0x29,0x37,0xE5,0xFD,0x4E,0x1A,0x33,0x28,
0x36,0x42,0x25,0x37,0x00,0x28,0x29,0x37,0x27,0x39,0x26,0x36,0x2D,0x36,0xFC,0x39,
0x32,0x00,0x27,0x2C,0x2D,0x34,0x00,0x38,0x33,0x38,0x25,0x30,0x31,0x29,0x32,0x38,
0x29,0xFC,0x32,0x39,0x29,0x3A,0x33,0xCA,0xFF,0xF3,0x0D,0x1D,0x2D,0x00,0x35,0x39,
0x2D,0x29,0x36,0x29,0x37,0x00,0x27,0x36,0x29,0x25,0x36,0x00,0x39,0x32,0xFC,0x27,
0x2C,0x2D,0x34,0x00,0x36,0x25,0x36,0x33,0xE8,0x00,0x2D,0x32,0x38,0x29,0x32,0x38,
0x25,0xFC,0x27,0x33,0x32,0x37,0x29,0x2B,0x39,0x2D,0x36,0x00,0x31,0x40,0x37,0x00,
0x34,0x25,0x36,0x38,0x29,0x37,0xE5,0xFD,0x0D,0x39,0x25,0x32,0x28,0x33,0x00,0x38,
0x29,0x32,0x2B,0x25,0x37,0x00,0x31,0x40,0x37,0xFC,0x34,0x25,0x36,0x38,0x29,0x37,
0xE8,0x00,0x34,0x40,0x37,0x25,0x38,0x29,0x00,0x25,0xFC,0x3A,0x29,0x36,0x31,0x29,
0xE5,0xFF,0xF3,0x0D,0x4F,0x4E,0x1B,0x39,0x41,0xCA,0xDD,0xFC,0x4F,0x4E,0x0D,0x36,
0x25,0x2A,0x38,0x00,0x37,0x29,0x00,0x30,0x30,0x29,0x3A,0x43,0x00,0x25,0xFC,0x18,
0x29,0x2D,0x2B,0x29,0xCA,0xDD,0xFD,0x0F,0x32,0x38,0x33,0x32,0x27,0x29,0x37,0xE5,
0xE5,0xE5,0xFD,0x16,0x25,0x00,0x2B,0x29,0x32,0x38,0x29,0x00,0x28,0x29,0x30,0xFC,
0x0B,0x37,0x29,0x32,0x38,0x25,0x31,0x2D,0x29,0x32,0x38,0x33,0x00,0x28,0x29,0x26,
0x29,0xFC,0x29,0x37,0x38,0x25,0x36,0x00,0x33,0x36,0x2B,0x25,0x32,0x2D,0x3E,0x25,
0x32,0x28,0x33,0x00,0x39,0x32,0xFD,0x2D,0x32,0x38,0x29,0x32,0x38,0x33,0x00,0x28,
0x29,0x00,0x36,0x29,0x37,0x27,0x25,0x38,0x29,0xE8,0xFC,0x4F,0x3A,0x29,0x36,0x28,
0x25,0x28,0xDD,0xFF,0xF3,0x0D,0x18,0x33,0x00,0x27,0x36,0x29,0x33,0x00,0x35,0x39,
0x29,0x00,0x30,0x33,0x37,0xFC,0x2C,0x39,0x31,0x25,0x32,0x33,0x37,0x00,0x38,0x29,
0x32,0x2B,0x25,0x32,0xFC,0x25,0x30,0x2B,0x39,0x32,0x25,0x00,0x33,0x34,0x33,0x36,
0x38,0x39,0x32,0x2D,0x28,0x25,0x28,0xFD,0x27,0x33,0x32,0x38,0x36,0x25,0x00,0x21,
0x29,0x2D,0x30,0xE5,0xFD,0x1E,0x2D,0x29,0x32,0x29,0x37,0x00,0x35,0x39,0x29,0x00,
0x30,0x30,0x29,0x2B,0x25,0x36,0xFC,0x25,0x32,0x38,0x29,0x37,0x00,0x35,0x39,0x29,
0x00,0x32,0x25,0x28,0x2D,0x29,0x00,0x25,0xFC,0x18,0x29,0x2D,0x2B,0x29,0xE5,0xFF,
0xF3,0x0D,0x4E,0x19,0x3D,0x29,0xE8,0x00,0x24,0x29,0x36,0x33,0xCA,0xFD,0x17,0x29,
0x00,0x25,0x30,0x29,0x2B,0x36,0x25,0x00,0x35,0x39,0x29,0x00,0x18,0x29,0x2D,0x2B,
0x29,0xFC,0x29,0x37,0x38,0x41,0x00,0x26,0x2D,0x29,0x32,0xE5,0xFD,0x0F,0x37,0x34,
0x29,0x36,0x33,0x00,0x35,0x39,0x29,0x00,0x29,0x37,0x38,0x33,0xFC,0x25,0x3D,0x39,
0x28,0x29,0x00,0x25,0x00,0x35,0x39,0x29,0x00,0x30,0x33,0x37,0xFC,0x2C,0x39,0x31,
0x25,0x32,0x33,0x37,0x00,0x37,0x29,0x00,0x25,0x26,0x36,0x25,0x32,0xFD,0x25,0x00,
0x32,0x33,0x37,0x33,0x38,0x36,0x33,0x37,0xE5,0xFF,0xF3,0x0D,0x24,0x29,0x36,0x33,
0xE5,0xE5,0xE5,0xFD,0x4F,0x1C,0x25,0x2B,0x32,0x25,0x36,0x33,0x2F,0x00,0x25,0x44,
0x32,0x00,0x29,0x37,0x38,0x40,0xFC,0x29,0x32,0x00,0x31,0x25,0x36,0x27,0x2C,0x25,
0xDD,0xFD,0x17,0x29,0x2E,0x33,0x36,0x00,0x32,0x33,0x37,0xFC,0x31,0x25,0x32,0x38,
0x29,0x32,0x29,0x31,0x33,0x37,0x00,0x29,0x32,0xFC,0x2B,0x39,0x25,0x36,0x28,0x2D,
0x25,0xE5,0xFF,0xF3,0x0D,0x12,0x25,0x00,0x37,0x2D,0x28,0x33,0x00,0x39,0x32,0x25,
0x00,0x30,0x39,0x27,0x2C,0x25,0xFC,0x30,0x25,0x36,0x2B,0x25,0x00,0x3D,0x00,0x28,
0x39,0x36,0x25,0xE5,0xE5,0xE5,0xFD,0x1A,0x29,0x36,0x33,0x00,0x27,0x36,0x29,0x33,
0x00,0x35,0x39,0x29,0xFC,0x38,0x33,0x31,0x25,0x37,0x38,0x29,0x00,0x30,0x25,0x00,
0x28,0x29,0x27,0x2D,0x37,0x2D,0x43,0x32,0xFC,0x27,0x33,0x36,0x36,0x29,0x27,0x38,
0x25,0xE5,0xFF,0xF3,0x0D,0x24,0x29,0x36,0x33,0xE5,0xE5,0xE5,0xFD,0x16,0x33,0x00,
0x37,0x2D,0x29,0x32,0x38,0x33,0x00,0x31,0x39,0x27,0x2C,0x33,0x00,0x35,0x39,0x29,
0xFC,0x37,0x33,0x30,0x33,0x00,0x34,0x39,0x29,0x28,0x25,0x00,0x25,0x3D,0x39,0x28,
0x25,0x36,0x38,0x29,0xFC,0x27,0x33,0x32,0x00,0x32,0x39,0x29,0x3A,0x25,0x37,0x00,
0x25,0x36,0x31,0x25,0x37,0xFD,0x3D,0x00,0x27,0x2C,0x2D,0x34,0x37,0xE5,0x00,0x17,
0x29,0x00,0x37,0x2D,0x29,0x32,0x38,0x33,0xFC,0x31,0x25,0x30,0x00,0x34,0x33,0x36,
0x00,0x28,0x29,0x2E,0x25,0x36,0x38,0x29,0x00,0x38,0x33,0x28,0x25,0xFC,0x30,0x25,
0x00,0x30,0x39,0x27,0x2C,0x25,0x00,0x25,0x00,0x38,0x2D,0xE5,0xFF,0xF3,0x0D,0x4E,
0x19,0x3D,0x29,0xE8,0x00,0x24,0x29,0x36,0x33,0xCA,0xFD,0x1A,0x25,0x36,0x29,0x27,
0x29,0x00,0x35,0x39,0x29,0x00,0x30,0x33,0x2B,0x36,0x25,0x37,0x38,0x29,0xFC,0x28,
0x29,0x37,0x25,0x27,0x38,0x2D,0x3A,0x25,0x36,0x00,0x30,0x25,0xFC,0x34,0x36,0x33,
0x38,0x29,0x27,0x27,0x2D,0x43,0x32,0xFD,0x35,0x39,0x29,0x00,0x36,0x33,0x28,0x29,
0x25,0x00,0x30,0x25,0x00,0x0C,0x25,0x37,0x29,0x00,0x28,0x29,0xFC,0x1E,0x29,0x30,
0x29,0x38,0x36,0x25,0x32,0x37,0x34,0x33,0x36,0x38,0x29,0xE5,0xFD,0x0B,0x2C,0x33,
0x36,0x25,0x00,0x37,0x33,0x30,0x33,0x00,0x35,0x39,0x29,0x28,0x25,0x00,0x29,0x30,
0xFC,0x34,0x36,0x33,0x2B,0x36,0x25,0x31,0x25,0x00,0x28,0x29,0xFC,0x34,0x36,0x33,
0x38,0x29,0x27,0x27,0x2D,0x43,0x32,0x00,0x35,0x39,0x29,0xFD,0x26,0x30,0x33,0x35,
0x39,0x29,0x25,0x00,0x29,0x30,0x00,0x25,0x27,0x27,0x29,0x37,0x33,0x00,0x25,0xFC,
0x1C,0x25,0x2B,0x32,0x25,0x36,0x33,0x2F,0xE5,0xFF,0xF3,0x0D,0x1D,0x29,0x00,0x28,
0x2D,0x27,0x29,0x00,0x35,0x39,0x29,0x00,0x29,0x30,0xFC,0x2D,0x32,0x38,0x29,0x36,
0x2D,0x33,0x36,0x00,0x28,0x29,0x30,0xFC,0x27,0x2D,0x36,0x27,0x39,0x2D,0x38,0x33,
0x00,0x29,0x37,0x00,0x27,0x33,0x31,0x33,0xFD,0x29,0x30,0x00,0x0D,0x2D,0x26,0x29,
0x36,0x29,0x37,0x34,0x25,0x27,0x2D,0x33,0xE8,0xFC,0x34,0x29,0x36,0x33,0x00,0x30,
0x25,0x00,0x2B,0x36,0x25,0x32,0xFC,0x28,0x2D,0x2A,0x29,0x36,0x29,0x32,0x27,0x2D,
0x25,0x00,0x29,0x37,0x00,0x35,0x39,0x29,0xFD,0x30,0x33,0x37,0x00,0x0F,0x30,0x2A,
0x33,0x37,0x00,0x32,0x33,0x00,0x37,0x29,0xFC,0x25,0x27,0x38,0x2D,0x3A,0x25,0x36,
0x40,0x32,0xFC,0x25,0x39,0x38,0x33,0x31,0x40,0x38,0x2D,0x27,0x25,0x31,0x29,0x32,
0x38,0x29,0x00,0x29,0x32,0xFD,0x29,0x30,0x00,0x27,0x2D,0x36,0x27,0x39,0x2D,0x38,
0x33,0xE5,0xFF,0xF3,0x0D,0x4E,0x19,0x3D,0x29,0xE8,0x00,0x24,0x29,0x36,0x33,0xCA,
0xFD,0x0C,0x39,0x29,0x32,0x00,0x38,0x36,0x25,0x26,0x25,0x2E,0x33,0x00,0x25,0x30,
0xFC,0x29,0x30,0x2D,0x31,0x2D,0x32,0x25,0x36,0x00,0x29,0x37,0x29,0xFC,0x34,0x36,
0x33,0x2B,0x36,0x25,0x31,0x25,0x00,0x28,0x29,0xFD,0x34,0x36,0x33,0x38,0x29,0x27,
0x27,0x2D,0x43,0x32,0xE5,0xFF,0xF3,0x0D,0x24,0x29,0x36,0x33,0xE8,0x00,0x2C,0x25,
0x00,0x30,0x30,0x29,0x2B,0x25,0x28,0x33,0xFC,0x29,0x30,0x00,0x31,0x33,0x31,0x29,
0x32,0x38,0x33,0xE5,0xFD,0xE5,0xE5,0xE5,0xFD,0x16,0x33,0x00,0x37,0x2D,0x29,0x32,
0x38,0x33,0x00,0x31,0x39,0x27,0x2C,0x33,0x00,0x35,0x39,0x29,0xFC,0x37,0x33,0x30,
0x33,0x00,0x34,0x39,0x29,0x28,0x25,0x00,0x25,0x3D,0x39,0x28,0x25,0x36,0x38,0x29,
0xFC,0x27,0x33,0x32,0x00,0x32,0x39,0x29,0x3A,0x25,0x37,0x00,0x25,0x36,0x31,0x25,
0x37,0xFD,0x3D,0x00,0x27,0x2C,0x2D,0x34,0x37,0xE5,0x00,0x17,0x29,0x00,0x37,0x2D,
0x29,0x32,0x38,0x33,0xFC,0x31,0x25,0x30,0x00,0x34,0x33,0x36,0x00,0x28,0x29,0x2E,
0x25,0x36,0x38,0x29,0x00,0x38,0x33,0x28,0x25,0xFC,0x30,0x25,0x00,0x30,0x39,0x27,
0x2C,0x25,0x00,0x25,0x00,0x38,0x2D,0xE5,0xFF,0xF3,0x0F,0x4E,0x19,0x2C,0xE8,0x00,
0x24,0x29,0x36,0x33,0xCA,0xFD,0x17,0x2D,0x36,0x25,0x00,0x29,0x37,0x38,0x29,0x00,
0x0F,0x30,0x2A,0x33,0xE5,0xFD,0x0F,0x37,0x00,0x31,0x39,0x3D,0x00,0x44,0x38,0x2D,
0x30,0xE8,0x00,0x34,0x29,0x36,0x33,0xFC,0x32,0x33,0x00,0x34,0x39,0x29,0x28,0x29,
0x37,0x00,0x39,0x37,0x25,0x36,0x30,0x33,0x00,0x29,0x32,0xFC,0x17,0x33,0x28,0x33,
0x00,0x0E,0x2D,0x2A,0x42,0x27,0x2D,0x30,0xE5,0xFD,0x16,0x33,0x00,0x37,0x2D,0x29,
0x32,0x38,0x33,0xE8,0x00,0x24,0x29,0x36,0x33,0xE5,0xE5,0xE5,0xFD,0x1D,0x41,0x00,
0x35,0x39,0x29,0x00,0x32,0x33,0x00,0x34,0x39,0x29,0x28,0x29,0x37,0xFC,0x39,0x37,
0x25,0x36,0x30,0x33,0xE8,0x00,0x34,0x29,0x36,0x33,0x00,0x2D,0x2B,0x39,0x25,0x30,
0xFC,0x32,0x29,0x27,0x29,0x37,0x2D,0x38,0x25,0x00,0x39,0x32,0x00,0x32,0x33,0x31,
0x26,0x36,0x29,0xE5,0xE5,0xE5,0xFF,0xF3,0x0F,0x0E,0x41,0x2E,0x25,0x31,0x29,0x00,
0x29,0x3C,0x34,0x30,0x2D,0x27,0x25,0x36,0x38,0x29,0xE5,0xFD,0x0F,0x37,0x38,0x29,
0x00,0x32,0x39,0x29,0x3A,0x33,0x00,0x0F,0x30,0x2A,0x33,0xFC,0x34,0x39,0x29,0x28,
0x29,0x00,0x27,0x33,0x34,0x2D,0x25,0x36,0x00,0x30,0x25,0x37,0xFC,0x2C,0x25,0x26,
0x2D,0x30,0x2D,0x28,0x25,0x28,0x29,0x37,0x00,0x28,0x29,0xFD,0x33,0x38,0x36,0x33,
0x37,0x00,0x0F,0x30,0x2A,0x33,0x37,0xE5,0xFD,0x4E,0x0E,0x29,0x00,0x2C,0x29,0x27,
0x2C,0x33,0xE8,0x00,0x34,0x39,0x29,0x28,0x29,0xFC,0x39,0x37,0x25,0x36,0x00,0x2C,
0x25,0x37,0x38,0x25,0x00,0x04,0x00,0x25,0x00,0x30,0x25,0xFC,0x3A,0x29,0x3E,0xCA,
0xFD,0x0B,0x35,0x39,0x42,0x00,0x37,0x29,0x00,0x27,0x33,0x31,0x34,0x30,0x2D,0x27,
0x25,0xFC,0x39,0x32,0x00,0x34,0x33,0x27,0x33,0xE5,0xFD,0x0F,0x30,0x00,0x0F,0x30,
0x2A,0x33,0x00,0x38,0x2D,0x29,0x32,0x29,0x00,0x25,0x30,0x2B,0x33,0xFC,0x30,0x30,
0x25,0x31,0x25,0x28,0x33,0x00,0x32,0x2D,0x3A,0x29,0x30,0xFC,0x31,0x40,0x3C,0x2D,
0x31,0x33,0xE5,0xFD,0x1D,0x2D,0x00,0x30,0x25,0x00,0x37,0x39,0x31,0x25,0x00,0x28,
0x29,0x00,0x30,0x33,0x37,0xFC,0x32,0x2D,0x3A,0x29,0x30,0x29,0x37,0x00,0x37,0x39,
0x34,0x29,0x36,0x25,0x00,0x29,0x30,0xFC,0x31,0x40,0x3C,0x2D,0x31,0x33,0xE8,0xFD,
0x34,0x2D,0x29,0x36,0x28,0x29,0x37,0x00,0x39,0x32,0x00,0x34,0x39,0x32,0x38,0x33,
0xFC,0x34,0x33,0x36,0x00,0x27,0x25,0x28,0x25,0x00,0x32,0x2D,0x3A,0x29,0x30,0x00,
0x28,0x29,0xFC,0x29,0x3C,0x27,0x29,0x37,0x33,0xE5,0xFD,0x4E,0x0F,0x37,0x00,0x28,
0x29,0x27,0x2D,0x36,0xE8,0x00,0x37,0x2D,0x00,0x30,0x33,0x37,0xFC,0x32,0x2D,0x3A,
0x29,0x30,0x29,0x37,0x00,0x27,0x33,0x31,0x26,0x2D,0x32,0x25,0x28,0x33,0x37,0xFD,
0x32,0x33,0x00,0x37,0x39,0x34,0x29,0x36,0x25,0x32,0x00,0x29,0x30,0x00,0x31,0x40,
0x3C,0x2D,0x31,0x33,0xE8,0xFC,0x32,0x33,0x00,0x34,0x2D,0x29,0x36,0x28,0x29,0x37,
0x00,0x34,0x39,0x32,0x38,0x33,0x37,0xCA,0xFD,0x1E,0x25,0x31,0x26,0x2D,0x41,0x32,
0x00,0x28,0x29,0x26,0x29,0x00,0x2C,0x25,0x26,0x29,0x36,0xFC,0x39,0x32,0x25,0x00,
0x2A,0x33,0x36,0x31,0x25,0x00,0x28,0x29,0x00,0x37,0x39,0x26,0x2D,0x36,0xFC,0x29,
0x30,0x00,0x32,0x2D,0x3A,0x29,0x30,0x00,0x31,0x40,0x3C,0x2D,0x31,0x33,0xE5,0xFD,
0x0D,0x30,0x25,0x36,0x33,0xE8,0x00,0x32,0x33,0x00,0x34,0x39,0x29,0x28,0x29,0xFC,
0x39,0x37,0x25,0x36,0x37,0x29,0x00,0x29,0x32,0xFC,0x17,0x33,0x28,0x33,0x00,0x0E,
0x2D,0x2A,0x42,0x27,0x2D,0x30,0xE5,0xE5,0xE5,0xFF,0xF3,0x0F,0x4E,0x19,0x2C,0xE8,
0x00,0x24,0x29,0x36,0x33,0xCA,0xFD,0x17,0x2D,0x36,0x25,0x00,0x29,0x37,0x38,0x33,
0xE8,0x00,0x4E,0x29,0x37,0x38,0x29,0xFC,0x0F,0x30,0x2A,0x33,0x00,0x29,0x37,0x00,
0x2D,0x32,0x27,0x36,0x29,0x42,0x26,0x30,0x29,0xCA,0xFD,0x4E,0x0F,0x37,0x00,0x17,
0x33,0x28,0x33,0x00,0x1F,0x30,0x38,0x2D,0x31,0x25,0x38,0x29,0xE8,0xFC,0x25,0x37,
0x42,0x00,0x35,0x39,0x29,0x00,0x34,0x39,0x29,0x28,0x29,0x00,0x39,0x37,0x25,0x36,
0xFC,0x3A,0x25,0x36,0x2D,0x25,0x37,0x00,0x2C,0x25,0x26,0x2D,0x30,0x2D,0x28,0x25,
0x28,0x29,0x37,0xFD,0x25,0x30,0x00,0x31,0x2D,0x37,0x31,0x33,0x00,0x38,0x2D,0x29,
0x31,0x34,0x33,0xCA,0xFD,0x4E,0x19,0x2C,0x00,0x37,0x42,0xE8,0x00,0x24,0x29,0x36,
0x33,0xCA,0xFC,0x4F,0x17,0x29,0x00,0x25,0x3D,0x39,0x28,0x25,0x37,0x00,0x27,0x33,
0x32,0x00,0x29,0x30,0xFC,0x32,0x33,0x31,0x26,0x36,0x29,0xDD,0xFF,0xF3,0x0F,0x0E,
0x41,0x2E,0x25,0x31,0x29,0x00,0x29,0x3C,0x34,0x30,0x2D,0x27,0x25,0x36,0x38,0x29,
0xE5,0xFD,0x0F,0x37,0x38,0x29,0x00,0x32,0x39,0x29,0x3A,0x33,0x00,0x0F,0x30,0x2A,
0x33,0xFC,0x34,0x39,0x29,0x28,0x29,0x00,0x27,0x33,0x34,0x2D,0x25,0x36,0x00,0x30,
0x25,0x37,0xFC,0x2C,0x25,0x26,0x2D,0x30,0x2D,0x28,0x25,0x28,0x29,0x37,0x00,0x28,
0x29,0xFD,0x33,0x38,0x36,0x33,0x37,0x00,0x0F,0x30,0x2A,0x33,0x37,0xE5,0xFD,0x4E,
0x1A,0x39,0x29,0x28,0x29,0x00,0x39,0x37,0x25,0x36,0x00,0x31,0x39,0x27,0x2C,0x25,
0x37,0xFC,0x2C,0x25,0x26,0x2D,0x30,0x2D,0x28,0x25,0x28,0x29,0x37,0x00,0x25,0x00,
0x30,0x25,0xFC,0x3A,0x29,0x3E,0xCA,0xFD,0x0B,0x35,0x39,0x42,0x00,0x37,0x29,0x00,
0x27,0x33,0x31,0x34,0x30,0x2D,0x27,0x25,0xFC,0x39,0x32,0x00,0x34,0x33,0x27,0x33,
0xE5,0xFD,0x0F,0x30,0x00,0x0F,0x30,0x2A,0x33,0x00,0x38,0x2D,0x29,0x32,0x29,0x00,
0x25,0x30,0x2B,0x33,0xFC,0x30,0x30,0x25,0x31,0x25,0x28,0x33,0x00,0x32,0x2D,0x3A,
0x29,0x30,0xFC,0x31,0x40,0x3C,0x2D,0x31,0x33,0xE5,0xFD,0x1D,0x2D,0x00,0x30,0x25,
0x00,0x37,0x39,0x31,0x25,0x00,0x28,0x29,0x00,0x30,0x33,0x37,0xFC,0x32,0x2D,0x3A,
0x29,0x30,0x29,0x37,0x00,0x37,0x39,0x34,0x29,0x36,0x25,0x00,0x29,0x30,0xFC,0x31,
0x40,0x3C,0x2D,0x31,0x33,0xE8,0xFD,0x34,0x2D,0x29,0x36,0x28,0x29,0x37,0x00,0x39,
0x32,0x00,0x34,0x39,0x32,0x38,0x33,0xFC,0x34,0x33,0x36,0x00,0x27,0x25,0x28,0x25,
0x00,0x32,0x2D,0x3A,0x29,0x30,0x00,0x28,0x29,0xFC,0x29,0x3C,0x27,0x29,0x37,0x33,
0xE5,0xFD,0x0F,0x32,0x00,0x33,0x38,0x36,0x25,0x37,0x00,0x34,0x25,0x30,0x25,0x26,
0x36,0x25,0x37,0xE8,0xFC,0x37,0x2D,0x00,0x31,0x25,0x32,0x38,0x2D,0x29,0x32,0x29,
0x37,0x00,0x30,0x33,0x37,0xFC,0x32,0x2D,0x3A,0x29,0x30,0x29,0x37,0x00,0x27,0x33,
0x31,0x26,0x2D,0x32,0x25,0x28,0x33,0x37,0xFD,0x34,0x33,0x36,0x00,0x28,0x29,0x26,
0x25,0x2E,0x33,0x00,0x28,0x29,0x30,0xFC,0x31,0x40,0x3C,0x2D,0x31,0x33,0xE8,0x00,
0x32,0x33,0x00,0x34,0x2D,0x29,0x36,0x28,0x29,0x37,0xFC,0x34,0x39,0x32,0x38,0x33,
0x37,0xE5,0xFD,0x1A,0x29,0x36,0x33,0x00,0x29,0x32,0x00,0x17,0x33,0x28,0x33,0xFC,
0x1F,0x30,0x38,0x2D,0x31,0x25,0x38,0x29,0x00,0x32,0x33,0x00,0x38,0x2D,0x29,0x32,
0x29,0x37,0xFC,0x35,0x39,0x29,0x00,0x34,0x36,0x29,0x33,0x27,0x39,0x34,0x25,0x36,
0x38,0x29,0x00,0x34,0x33,0x36,0xFD,0x29,0x30,0x00,0x32,0x2D,0x3A,0x29,0x30,0x00,
0x31,0x40,0x3C,0x2D,0x31,0x33,0xE5,0xFD,0x4E,0x49,0x37,0x25,0x30,0x33,0x00,0x26,
0x2D,0x29,0x32,0xCA,0xFF,0xF3,0x0F,0x4E,0x19,0x2C,0xE8,0x00,0x24,0x29,0x36,0x33,
0xCA,0xFD,0x4E,0x1A,0x36,0x33,0x32,0x38,0x33,0x00,0x30,0x30,0x29,0x2B,0x25,0x36,
0x40,0xFC,0x39,0x32,0x00,0x32,0x39,0x29,0x3A,0x33,0x00,0x0F,0x30,0x2A,0x33,0xCA,
0xFD,0x17,0x29,0x00,0x2C,0x29,0x00,0x29,0x37,0x38,0x25,0x28,0x33,0xFC,0x36,0x33,
0x31,0x34,0x2D,0x29,0x32,0x28,0x33,0x00,0x30,0x25,0x00,0x27,0x25,0x26,0x29,0x3E,
0x25,0xFC,0x34,0x25,0x36,0x25,0x00,0x34,0x33,0x32,0x29,0x36,0x30,0x29,0x00,0x32,
0x33,0x31,0x26,0x36,0x29,0xE8,0xFD,0x34,0x29,0x36,0x33,0x00,0x32,0x33,0x00,0x30,
0x33,0x2B,0x36,0x33,0xFC,0x28,0x29,0x27,0x2D,0x28,0x2D,0x36,0x31,0x29,0x00,0x34,
0x33,0x36,0x00,0x39,0x32,0x33,0xE5,0xFD,0x1D,0x39,0x34,0x33,0x32,0x2B,0x33,0x00,
0x35,0x39,0x29,0x00,0x34,0x36,0x2D,0x31,0x29,0x36,0x33,0xFC,0x38,0x29,0x32,0x28,
0x36,0x41,0x00,0x35,0x39,0x29,0x00,0x3A,0x29,0x36,0x30,0x33,0xE5,0xFF,0xF3,0x0F,
0x19,0x3D,0x29,0xE8,0x00,0x24,0x29,0x36,0x33,0xE5,0xFD,0x4E,0x19,0x42,0x00,0x35,
0x39,0x29,0x00,0x29,0x30,0x00,0x32,0x39,0x29,0x3A,0x33,0xFC,0x0F,0x30,0x2A,0x33,
0x00,0x29,0x37,0x00,0x31,0x39,0x3D,0x00,0x30,0x2D,0x37,0x38,0x33,0xCA,0xFD,0x1D,
0x2D,0x00,0x29,0x37,0x00,0x31,0x40,0x37,0x00,0x30,0x2D,0x37,0x38,0x33,0xFC,0x35,
0x39,0x29,0x00,0x3D,0x33,0xE8,0x00,0x35,0x39,0x2D,0x3E,0x40,0x00,0x34,0x39,0x29,
0x28,0x25,0xFC,0x34,0x29,0x28,0x2D,0x36,0x30,0x29,0x00,0x35,0x39,0x29,0x00,0x31,
0x29,0xFD,0x29,0x32,0x37,0x29,0x4C,0x29,0x00,0x25,0x30,0x2B,0x33,0xE5,0xFF,0xF3,
0x0F,0x12,0x33,0x30,0x25,0xE8,0x00,0x24,0x29,0x36,0x33,0xE5,0xFD,0x16,0x29,0x00,
0x34,0x29,0x28,0x42,0x00,0x25,0x00,0x0D,0x2D,0x29,0x30,0xFC,0x27,0x39,0x2D,0x28,
0x25,0x36,0x00,0x25,0x30,0x00,0x32,0x39,0x29,0x3A,0x33,0xFC,0x0F,0x30,0x2A,0x33,
0xE5,0xFD,0x17,0x29,0x00,0x34,0x36,0x29,0x33,0x27,0x39,0x34,0x25,0x00,0x32,0x33,
0xFC,0x2C,0x25,0x27,0x29,0x36,0x30,0x33,0x00,0x26,0x2D,0x29,0x32,0xE5,0xFF,0xF3,
0x0F,0x0F,0x37,0x34,0x29,0x36,0x33,0x00,0x35,0x39,0x29,0x00,0x29,0x30,0x00,0x32,
0x39,0x29,0x3A,0x33,0xFC,0x0F,0x30,0x2A,0x33,0x00,0x30,0x30,0x29,0x2B,0x39,0x29,
0x00,0x34,0x36,0x33,0x32,0x38,0x33,0xE5,0xE5,0xE5,0xFF,0xF3,0x0F,0x4E,0x19,0x2C,
0xE8,0x00,0x24,0x29,0x36,0x33,0xCA,0xFD,0x4F,0x1B,0x39,0x41,0x00,0x29,0x37,0x00,
0x29,0x30,0x00,0x45,0x36,0x29,0x25,0xFC,0x24,0x29,0x36,0x33,0xE8,0x00,0x29,0x32,
0x00,0x36,0x29,0x25,0x30,0x2D,0x28,0x25,0x28,0xDD,0xFD,0x1C,0x33,0x39,0x2B,0x29,
0xE8,0x00,0x30,0x25,0x00,0x33,0x34,0x29,0x36,0x25,0x28,0x33,0x36,0x25,0xE8,0xFC,
0x31,0x29,0x00,0x30,0x33,0x00,0x29,0x3C,0x34,0x30,0x2D,0x27,0x43,0xE8,0xFC,0x34,
0x29,0x36,0x33,0x00,0x32,0x33,0x00,0x30,0x33,0x00,0x29,0x32,0x38,0x2D,0x29,0x32,
0x28,0x33,0xE5,0xFF,0xF3,0x0F,0x17,0x29,0x00,0x2B,0x39,0x37,0x38,0x25,0x36,0x42,
0x25,0x00,0x3A,0x29,0x36,0xFC,0x45,0x36,0x29,0x25,0x00,0x24,0x29,0x36,0x33,0x00,
0x25,0x39,0x32,0x35,0x39,0x29,0x00,0x37,0x29,0x25,0xFC,0x39,0x32,0x25,0x00,0x3A,
0x29,0x3E,0xE5,0xFF,0xF3,0x0F,0x4E,0x19,0x2C,0xE8,0x00,0x24,0x29,0x36,0x33,0xCA,
0xFD,0x4E,0x17,0x2D,0x36,0x25,0x00,0x29,0x37,0x38,0x29,0x00,0x0F,0x30,0x2A,0x33,
0xCA,0xFD,0x1E,0x2D,0x29,0x32,0x29,0x00,0x30,0x33,0x37,0x00,0x33,0x2E,0x33,0x37,
0xFC,0x27,0x29,0x36,0x36,0x25,0x28,0x33,0x37,0x00,0x34,0x33,0x36,0x35,0x39,0x29,
0x00,0x37,0x2D,0x2B,0x39,0x29,0xFC,0x37,0x2D,0x29,0x32,0x28,0x33,0x00,0x39,0x32,
0x00,0x26,0x29,0x26,0x41,0xE5,0xFD,0x4E,0x0B,0x27,0x25,0x26,0x25,0x00,0x28,0x29,
0x00,0x30,0x30,0x29,0x2B,0x25,0x36,0xCA,0xFD,0x4E,0x0B,0x2C,0xE8,0x00,0x37,0x42,
0x00,0x24,0x29,0x36,0x33,0xCA,0xFC,0x1D,0x29,0x00,0x31,0x29,0x00,0x33,0x27,0x39,
0x36,0x36,0x2D,0x43,0x00,0x39,0x32,0xFC,0x32,0x33,0x31,0x26,0x36,0x29,0xE5,0xE5,
0xE5,0xFF,0xF3,0x0F,0x4F,0x1B,0x39,0x41,0x00,0x38,0x25,0x30,0x00,0x0D,0x36,0x33,
0x2D,0x36,0x29,0xDD,0xFC,0x00,0x00,0x17,0x29,0x00,0x2B,0x39,0x37,0x38,0x25,0xE5,
0xFC,0x00,0x00,0x18,0x33,0x00,0x30,0x33,0x00,0x27,0x36,0x29,0x33,0xE5,0xFF,0xF3,
0x0F,0x4F,0x0E,0x29,0x00,0x3A,0x29,0x36,0x28,0x25,0x28,0xDD,0xFC,0x4E,0x11,0x29,
0x32,0x2D,0x25,0x30,0xCA,0x00,0x17,0x29,0x00,0x25,0x30,0x29,0x2B,0x36,0x25,0xFC,
0x35,0x39,0x29,0x00,0x38,0x29,0x00,0x2B,0x39,0x37,0x38,0x29,0xE5,0xFD,0x0D,0x36,
0x33,0x2D,0x36,0x29,0x00,0x37,0x2D,0x2B,0x32,0x2D,0x2A,0x2D,0x27,0x25,0xFC,0xE9,
0x27,0x36,0x29,0x29,0x36,0xE9,0xE5,0x00,0x18,0x33,0x00,0x29,0x37,0x38,0x40,0xFC,
0x31,0x25,0x30,0x00,0x29,0x30,0x00,0x32,0x33,0x31,0x26,0x36,0x29,0xE5,0xFF,0xF3,
0x0F,0x4E,0x4F,0x18,0x33,0xCA,0xDD,0x00,0x16,0x29,0x00,0x34,0x39,0x37,0x29,0x00,
0x31,0x39,0x27,0x2C,0x33,0xFC,0x34,0x29,0x32,0x37,0x25,0x31,0x2D,0x29,0x32,0x38,
0x33,0x00,0x25,0x00,0x29,0x37,0x29,0xFC,0x32,0x33,0x31,0x26,0x36,0x29,0xE5,0xE5,
0xE5,0xFD,0x0C,0x39,0x29,0x32,0x33,0xE8,0x00,0x27,0x33,0x32,0x37,0x39,0x30,0x38,
0x25,0x00,0x27,0x33,0x32,0xFC,0x30,0x33,0x37,0x00,0x28,0x29,0x31,0x40,0x37,0xE8,
0x00,0x35,0x39,0x2D,0x3E,0x40,0xFC,0x38,0x29,0x32,0x2B,0x25,0x32,0x00,0x39,0x32,
0x00,0x31,0x29,0x2E,0x33,0x36,0xFD,0x32,0x33,0x31,0x26,0x36,0x29,0xE5,0x00,0x0D,
0x39,0x25,0x32,0x28,0x33,0xFC,0x29,0x32,0x27,0x39,0x29,0x32,0x38,0x36,0x29,0x37,
0x00,0x39,0x32,0x33,0xE8,0xFC,0x36,0x29,0x2B,0x36,0x29,0x37,0x25,0x00,0x3D,0x00,
0x38,0x29,0x00,0x28,0x2D,0x36,0x41,0xFD,0x27,0x43,0x31,0x33,0x00,0x39,0x37,0x25,
0x36,0x00,0x25,0x30,0x00,0x32,0x39,0x29,0x3A,0x33,0xFC,0x0F,0x30,0x2A,0x33,0xE5,
0xFF,0xF3,0x0F,0x19,0x3D,0x29,0xE8,0x00,0x24,0x29,0x36,0x33,0xE5,0xE5,0xE5,0xFD,
0x0E,0x29,0x2E,0x29,0x31,0x33,0x37,0x00,0x35,0x39,0x29,0x00,0x37,0x29,0xFC,0x30,
0x30,0x25,0x31,0x29,0x00,0x0D,0x36,0x33,0x2D,0x36,0x29,0xE5,0xFF,0xF3,0x0F,0x4F,
0x0D,0x36,0x33,0x2D,0x36,0x29,0x00,0x29,0x37,0x38,0x40,0x00,0x26,0x2D,0x29,0x32,
0xDD,0xFC,0x00,0x00,0x17,0x29,0x00,0x2B,0x39,0x37,0x38,0x25,0xFC,0x00,0x00,0x18,
0x33,0x00,0x30,0x33,0x00,0x27,0x36,0x29,0x33,0xE5,0xFF,0xF3,0x0F,0x4F,0x0E,0x29,
0x00,0x3A,0x29,0x36,0x28,0x25,0x28,0xDD,0xFC,0x17,0x29,0x00,0x25,0x30,0x29,0x2B,
0x36,0x25,0x00,0x2C,0x25,0x26,0x29,0x36,0x30,0x33,0xFC,0x34,0x29,0x32,0x37,0x25,
0x28,0x33,0x00,0x29,0x32,0x38,0x33,0x32,0x27,0x29,0x37,0xE5,0xFF,0xF3,0x0F,0x18,
0x33,0x00,0x29,0x36,0x29,0x37,0x00,0x28,0x2D,0x3A,0x29,0x36,0x38,0x2D,0x28,0x33,
0xE5,0xE5,0xE5,0xFD,0x0E,0x25,0x38,0x29,0x00,0x34,0x36,0x2D,0x37,0x25,0x00,0x3D,
0x00,0x34,0x33,0x32,0xFC,0x32,0x33,0x31,0x26,0x36,0x29,0x00,0x25,0x30,0x00,0x34,
0x33,0x26,0x36,0x29,0xE5,0xFF,0xF3,0x0F,0x19,0x3D,0x29,0xE8,0x00,0x24,0x29,0x36,
0x33,0xE5,0xE5,0xE5,0xFD,0x0E,0x29,0x2E,0x29,0x31,0x33,0x37,0x00,0x35,0x39,0x29,
0x00,0x37,0x29,0xFC,0x30,0x30,0x25,0x31,0x29,0x00,0x0D,0x36,0x33,0x2D,0x36,0x29,
0xE5,0xFF,0xF3,0x0F,0x4F,0x0D,0x36,0x33,0x2D,0x36,0x29,0x00,0x29,0x37,0x38,0x40,
0x00,0x26,0x2D,0x29,0x32,0xDD,0xFC,0x00,0x00,0x17,0x29,0x00,0x2B,0x39,0x37,0x38,
0x25,0xFC,0x00,0x00,0x18,0x33,0x00,0x30,0x33,0x00,0x27,0x36,0x29,0x33,0xE5,0xFF,
0xF3,0x0F,0x4F,0x0E,0x29,0x00,0x3A,0x29,0x36,0x28,0x25,0x28,0xDD,0xFC,0x17,0x29,
0x00,0x25,0x30,0x29,0x2B,0x36,0x25,0x00,0x2C,0x25,0x26,0x29,0x36,0x30,0x33,0xFC,
0x34,0x29,0x32,0x37,0x25,0x28,0x33,0x00,0x29,0x32,0x38,0x33,0x32,0x27,0x29,0x37,
0xE5,0xFF,0xF3,0x0F,0x18,0x33,0x00,0x29,0x36,0x29,0x37,0x00,0x28,0x2D,0x3A,0x29,
0x36,0x38,0x2D,0x28,0x33,0xE5,0xE5,0xE5,0xFD,0x0E,0x25,0x38,0x29,0x00,0x34,0x36,
0x2D,0x37,0x25,0x00,0x3D,0x00,0x34,0x33,0x32,0xFC,0x32,0x33,0x31,0x26,0x36,0x29,
0x00,0x25,0x30,0x00,0x34,0x33,0x26,0x36,0x29,0xE5,0xFF,0xF3,0x0F,0x0F,0x37,0x38,
0x40,0x00,0x26,0x2D,0x29,0x32,0xE8,0x00,0x24,0x29,0x36,0x33,0xE8,0xFC,0x38,0x29,
0x00,0x28,0x2D,0x36,0x41,0x00,0x27,0x43,0x31,0x33,0x00,0x2A,0x39,0x32,0x27,0x2D,
0x33,0x32,0x25,0xFC,0x29,0x30,0x00,0x0F,0x30,0x2A,0x33,0xE5,0xFD,0x20,0x2D,0x32,
0x33,0x00,0x27,0x33,0x32,0x00,0x39,0x32,0x00,0x31,0x25,0x32,0x39,0x25,0x30,0xE5,
0xE5,0xE5,0xFF,0xF3,0x0F,0x4F,0x1E,0x29,0x00,0x29,0x3C,0x34,0x30,0x2D,0x27,0x33,
0xDD,0xFC,0x00,0x00,0x1D,0x42,0xE5,0xFC,0x00,0x00,0x18,0x33,0xE5,0xFF,0xF3,0x0F,
0x4E,0x0F,0x37,0x38,0x40,0x00,0x26,0x2D,0x29,0x32,0xE8,0x00,0x38,0x29,0xFC,0x29,
0x3C,0x34,0x30,0x2D,0x27,0x33,0xCA,0xFD,0x0F,0x37,0x38,0x29,0x00,0x32,0x39,0x29,
0x3A,0x33,0x00,0x0F,0x30,0x2A,0x33,0xFC,0x34,0x39,0x29,0x28,0x29,0x00,0x27,0x33,
0x34,0x2D,0x25,0x36,0x00,0x30,0x25,0x37,0xFC,0x2C,0x25,0x26,0x2D,0x30,0x2D,0x28,
0x25,0x28,0x29,0x37,0x00,0x28,0x29,0x00,0x33,0x38,0x36,0x33,0x37,0xE5,0xFD,0x4E,
0x1A,0x39,0x29,0x28,0x29,0x00,0x39,0x37,0x25,0x36,0x00,0x2C,0x25,0x37,0x38,0x25,
0x00,0x04,0xFC,0x2C,0x25,0x26,0x2D,0x30,0x2D,0x28,0x25,0x28,0x29,0x37,0x00,0x25,
0x00,0x30,0x25,0x00,0x3A,0x29,0x3E,0xCA,0xFD,0x1A,0x29,0x36,0x33,0x00,0x25,0x44,
0x32,0x00,0x29,0x37,0x00,0x39,0x32,0x00,0x26,0x29,0x26,0x41,0xE8,0xFC,0x25,0x37,
0x42,0x00,0x35,0x39,0x29,0x00,0x32,0x33,0x00,0x34,0x39,0x29,0x28,0x29,0x37,0xFC,
0x39,0x37,0x25,0x36,0x00,0x38,0x33,0x28,0x25,0x37,0x00,0x38,0x33,0x28,0x25,0x3A,
0x42,0x25,0xE5,0xFD,0x0E,0x25,0x30,0x29,0x00,0x0F,0xD6,0x0D,0x36,0x3D,0x37,0x38,
0x25,0x30,0x37,0xFC,0x34,0x25,0x36,0x25,0x00,0x25,0x3D,0x39,0x28,0x25,0x36,0x30,
0x33,0x00,0x25,0xFC,0x27,0x36,0x29,0x27,0x29,0x36,0xE5,0xFD,0x0B,0x35,0x39,0x42,
0x00,0x37,0x29,0x00,0x34,0x33,0x32,0x29,0x00,0x39,0x32,0x00,0x34,0x33,0x27,0x33,
0xFC,0x27,0x33,0x31,0x34,0x30,0x2D,0x27,0x25,0x28,0x33,0xE5,0xFD,0x0F,0x30,0x00,
0x0F,0x30,0x2A,0x33,0x00,0x38,0x2D,0x29,0x32,0x29,0x00,0x25,0x30,0x2B,0x33,0xFC,
0x30,0x30,0x25,0x31,0x25,0x28,0x33,0x00,0x32,0x2D,0x3A,0x29,0x30,0x00,0x31,0x40,
0x3C,0x2D,0x31,0x33,0xE5,0xFD,0x1D,0x2D,0x00,0x30,0x33,0x37,0x00,0x04,0x00,0x32,
0x2D,0x3A,0x29,0x30,0x29,0x37,0x00,0x28,0x29,0xFC,0x2C,0x25,0x26,0x2D,0x30,0x2D,
0x28,0x25,0x28,0x00,0x27,0x33,0x31,0x26,0x2D,0x32,0x25,0x28,0x33,0x37,0xFC,0x29,
0x3C,0x27,0x29,0x28,0x29,0x32,0x00,0x29,0x30,0x00,0x31,0x40,0x3C,0x2D,0x31,0x33,
0xE8,0xFD,0x34,0x2D,0x29,0x36,0x28,0x29,0x37,0x00,0x39,0x32,0x00,0x34,0x39,0x32,
0x38,0x33,0x00,0x34,0x33,0x36,0xFC,0x27,0x25,0x28,0x25,0x00,0x32,0x2D,0x3A,0x29,
0x30,0x00,0x25,0x36,0x36,0x2D,0x26,0x25,0x00,0x28,0x29,0x30,0xFC,0x31,0x40,0x3C,
0x2D,0x31,0x33,0xE5,0xFD,0x4E,0x0F,0x32,0x00,0x33,0x38,0x36,0x25,0x37,0x00,0x34,
0x25,0x30,0x25,0x26,0x36,0x25,0x37,0xE8,0xFC,0x31,0x2D,0x29,0x32,0x38,0x36,0x25,
0x37,0x00,0x30,0x33,0x37,0x00,0x32,0x2D,0x3A,0x29,0x30,0x29,0x37,0xFC,0x27,0x33,
0x31,0x26,0x2D,0x32,0x25,0x28,0x33,0x37,0x00,0x29,0x37,0x38,0x41,0x32,0xFD,0x34,
0x33,0x36,0x00,0x28,0x29,0x26,0x25,0x2E,0x33,0x00,0x28,0x29,0x30,0xFC,0x31,0x40,
0x3C,0x2D,0x31,0x33,0xE8,0x00,0x32,0x33,0x00,0x34,0x29,0x36,0x28,0x29,0x36,0x40,
0x37,0xFC,0x34,0x39,0x32,0x38,0x33,0x37,0xCA,0xFD,0x1A,0x36,0x33,0x26,0x25,0x26,
0x30,0x29,0x31,0x29,0x32,0x38,0x29,0x00,0x2C,0x25,0x3D,0x25,0xFC,0x39,0x32,0x25,
0x00,0x2A,0x33,0x36,0x31,0x25,0x00,0x28,0x29,0x00,0x37,0x39,0x26,0x2D,0x36,0xFC,
0x29,0x30,0x00,0x32,0x2D,0x3A,0x29,0x30,0x00,0x31,0x40,0x3C,0x2D,0x31,0x33,0xE5,
0xFD,0x0D,0x39,0x25,0x32,0x28,0x33,0x00,0x35,0x39,0x2D,0x29,0x36,0x25,0x37,0x00,
0x25,0x3D,0x39,0x28,0x25,0x36,0xFC,0x25,0x30,0x00,0x0F,0x30,0x2A,0x33,0x00,0x25,
0x00,0x27,0x36,0x29,0x27,0x29,0x36,0xE8,0xFC,0x3A,0x29,0x32,0x00,0x25,0x00,0x3A,
0x2D,0x37,0x2D,0x38,0x25,0x36,0x31,0x29,0xE5,0xFF,0xF3,0x0F,0x4E,0x12,0x31,0x34,
0x2C,0xCA,0xFD,0x4E,0x23,0x25,0x00,0x29,0x37,0x38,0x25,0x26,0x25,0x00,0x30,0x2D,
0x37,0x38,0x25,0xFC,0x34,0x25,0x36,0x25,0x00,0x29,0x3C,0x34,0x30,0x2D,0x27,0x25,
0x36,0x38,0x29,0xFC,0x37,0x33,0x26,0x36,0x29,0x00,0x29,0x30,0x00,0x0F,0x30,0x2A,
0x33,0xCA,0xFD,0x18,0x33,0x00,0x38,0x2D,0x29,0x32,0x29,0x37,0x00,0x32,0x25,0x28,
0x25,0xFC,0x28,0x29,0x00,0x28,0x2D,0x3A,0x29,0x36,0x38,0x2D,0x28,0x33,0xE5,0xE5,
0xE5,0xFD,0x0F,0x37,0x34,0x29,0x36,0x33,0x00,0x35,0x39,0x29,0x00,0x37,0x29,0x34,
0x25,0x37,0xFC,0x30,0x33,0x00,0x35,0x39,0x29,0x00,0x29,0x37,0x38,0x40,0x37,0xFC,
0x2C,0x25,0x27,0x2D,0x29,0x32,0x28,0x33,0xE5,0xFF,0xF3,0x0F,0x4E,0x1D,0x2D,0x00,
0x32,0x29,0x27,0x29,0x37,0x2D,0x38,0x25,0x37,0x00,0x25,0x3D,0x39,0x28,0x25,0xFC,
0x27,0x33,0x32,0x00,0x38,0x39,0x00,0x0F,0x30,0x2A,0x33,0xE8,0xFC,0x28,0x41,0x2E,
0x25,0x31,0x29,0x30,0x33,0x00,0x25,0x00,0x31,0x42,0xCA,0xFD,0x0B,0x44,0x32,0x00,
0x28,0x29,0x26,0x33,0x00,0x36,0x29,0x3A,0x2D,0x37,0x25,0x36,0xFC,0x29,0x30,0x00,
0x31,0x25,0x32,0x39,0x25,0x30,0x00,0x28,0x29,0x00,0x3A,0x29,0x3E,0xFC,0x29,0x32,
0x00,0x27,0x39,0x25,0x32,0x28,0x33,0xE8,0xFD,0x34,0x29,0x36,0x33,0x00,0x29,0x37,
0x34,0x29,0x36,0x33,0x00,0x34,0x33,0x28,0x29,0x36,0xFC,0x25,0x3D,0x39,0x28,0x25,
0x36,0x38,0x29,0x00,0x25,0x30,0x2B,0x33,0xE5,0xFF,0xF3,0x0F,0x4F,0x18,0x29,0x27,
0x29,0x37,0x2D,0x38,0x25,0x37,0x00,0x25,0x3D,0x39,0x28,0x25,0x00,0x27,0x33,0x32,
0xFC,0x38,0x39,0x00,0x0F,0x30,0x2A,0x33,0xDD,0x00,0x4E,0x0B,0x35,0x39,0x42,0xFC,
0x29,0x37,0x38,0x33,0x3D,0x00,0x3D,0x33,0xCA,0xFD,0x0F,0x37,0x34,0x29,0x36,0x33,
0x00,0x34,0x33,0x28,0x29,0x36,0x00,0x37,0x29,0x36,0xFC,0x28,0x29,0x00,0x25,0x3D,
0x39,0x28,0x25,0x00,0x25,0x39,0x32,0x35,0x39,0x29,0xFC,0x28,0x29,0x26,0x25,0x00,
0x36,0x29,0x3A,0x2D,0x37,0x25,0x36,0x00,0x29,0x30,0xFD,0x31,0x25,0x32,0x39,0x25,
0x30,0x00,0x28,0x29,0x00,0x3A,0x29,0x3E,0x00,0x29,0x32,0xFC,0x27,0x39,0x25,0x32,
0x28,0x33,0xE5,0xFF,0xF3,0x0F,0x4F,0x1B,0x39,0x2D,0x29,0x36,0x29,0x37,0x00,0x29,
0x3C,0x34,0x30,0x2D,0x27,0x25,0x27,0x2D,0x43,0x32,0xDD,0xFC,0x00,0x00,0x18,0x33,
0xE8,0x00,0x29,0x37,0x38,0x33,0x3D,0x00,0x26,0x2D,0x29,0x32,0xE5,0xFC,0x00,0x00,
0x4F,0x1A,0x39,0x29,0x28,0x33,0x00,0x33,0x42,0x36,0x30,0x25,0xDD,0xFF,0xF3,0x0F,
0x0F,0x37,0x38,0x40,0x00,0x26,0x2D,0x29,0x32,0xE5,0xE5,0xE5,0xFC,0x1D,0x2D,0x00,
0x29,0x37,0x38,0x40,0x37,0x00,0x37,0x29,0x2B,0x39,0x36,0x33,0xE5,0xFF,0xF3,0x0F,
0x4E,0x0F,0x37,0x38,0x40,0x00,0x26,0x2D,0x29,0x32,0xCA,0xFC,0x0F,0x31,0x34,0x29,
0x3E,0x25,0x36,0x41,0x00,0x28,0x29,0x37,0x28,0x29,0xFC,0x25,0x36,0x36,0x2D,0x26,
0x25,0xE5,0xFF,0xF3,0x0F,0x4F,0x1B,0x39,0x29,0x00,0x35,0x39,0x2D,0x29,0x36,0x29,
0x37,0x00,0x37,0x25,0x26,0x29,0x36,0xDD,0xFC,0x00,0x00,0x18,0x2D,0x3A,0x29,0x30,
0x00,0x1E,0x33,0x38,0x25,0x30,0xFC,0x00,0x00,0x18,0x2D,0x3A,0x29,0x30,0x00,0x17,
0x40,0x3C,0xE5,0xFF,0xF3,0x0F,0x0F,0x37,0x38,0x29,0x00,0x0F,0x30,0x2A,0x33,0x00,
0x34,0x39,0x29,0x28,0x29,0x00,0x39,0x37,0x25,0x36,0xFC,0x39,0x32,0x25,0x00,0x28,
0x29,0x00,0x27,0x25,0x28,0x25,0x00,0x2C,0x25,0x26,0x2D,0x30,0x2D,0x28,0x25,0x28,
0xFC,0x28,0x29,0x00,0x18,0x39,0x36,0x37,0x29,0xE8,0x00,0x0B,0x32,0x2D,0x31,0x25,
0x30,0x00,0x3D,0xFD,0x12,0x25,0x27,0x2F,0x29,0x36,0xE5,0xFC,0x0F,0x30,0x00,0x32,
0x2D,0x3A,0x29,0x30,0x00,0x27,0x33,0x31,0x26,0x2D,0x32,0x25,0x28,0x33,0x00,0x28,
0x29,0xFC,0x30,0x25,0x37,0x00,0x38,0x36,0x29,0x37,0x00,0x2C,0x25,0x26,0x2D,0x30,
0x2D,0x28,0x25,0x28,0x29,0x37,0xFD,0x37,0x29,0x00,0x30,0x30,0x25,0x31,0x25,0x00,
0x18,0x2D,0x3A,0x29,0x30,0x00,0x1E,0x33,0x38,0x25,0x30,0xE5,0xFC,0x4F,0x0F,0x32,
0x38,0x29,0x32,0x28,0x2D,0x28,0x33,0xDD,0xFF,0xF3,0x0F,0x0F,0x30,0x00,0x18,0x2D,
0x3A,0x29,0x30,0x00,0x17,0x40,0x3C,0xE5,0xFC,0x29,0x37,0x00,0x26,0x40,0x37,0x2D,
0x27,0x25,0x31,0x29,0x32,0x38,0x29,0xFC,0x27,0x39,0x40,0x32,0x38,0x33,0x00,0x34,
0x39,0x29,0x28,0x29,0x37,0x00,0x39,0x37,0x25,0x36,0xFD,0x25,0x00,0x38,0x39,0x00,
0x0F,0x30,0x2A,0x33,0x00,0x37,0x2D,0x32,0xFC,0x29,0x3C,0x27,0x29,0x28,0x29,0x36,
0x38,0x29,0xE5,0x00,0x1A,0x33,0x36,0xFC,0x29,0x2E,0x29,0x31,0x34,0x30,0x33,0xE8,
0x00,0x37,0x2D,0x00,0x38,0x2D,0x29,0x32,0x29,0xFD,0x39,0x32,0x00,0x18,0x2D,0x3A,
0x29,0x30,0x00,0x17,0x40,0x3C,0xE5,0x00,0x28,0x29,0x00,0x06,0xE8,0xFC,0x3D,0x00,
0x29,0x30,0x00,0x32,0x2D,0x3A,0x29,0x30,0x00,0x27,0x33,0x31,0x26,0x2D,0x32,0x25,
0x28,0x33,0xFC,0x28,0x29,0x00,0x30,0x25,0x37,0x00,0x2C,0x25,0x26,0x2D,0x30,0x2D,
0x28,0x25,0x28,0x29,0x37,0xFD,0x18,0x39,0x36,0x37,0x29,0xE8,0x00,0x0B,0x32,0x2D,
0x31,0x25,0x30,0x00,0x3D,0xFC,0x12,0x25,0x27,0x2F,0x29,0x36,0x00,0x30,0x30,0x29,
0x2B,0x25,0x32,0x00,0x25,0xFC,0x31,0x29,0x32,0x33,0x37,0x00,0x28,0x29,0x00,0x06,
0xE8,0xFD,0x29,0x32,0x38,0x33,0x32,0x27,0x29,0x37,0x00,0x32,0x33,0x00,0x37,0x29,
0xFC,0x34,0x2D,0x29,0x36,0x28,0x29,0x32,0x00,0x34,0x39,0x32,0x38,0x33,0x37,0x00,
0x34,0x33,0x36,0xFC,0x39,0x37,0x25,0x36,0x30,0x33,0xE5,0x00,0x1D,0x2D,0x00,0x32,
0x33,0x00,0x38,0x29,0xFD,0x2D,0x31,0x34,0x33,0x36,0x38,0x25,0x00,0x34,0x29,0x36,
0x28,0x29,0x36,0xFC,0x34,0x39,0x32,0x38,0x33,0x37,0xE8,0x00,0x37,0x2D,0x29,0x31,
0x34,0x36,0x29,0xFC,0x34,0x39,0x29,0x28,0x29,0x37,0x00,0x29,0x3C,0x27,0x29,0x28,
0x29,0x36,0xFD,0x29,0x30,0x00,0x18,0x2D,0x3A,0x29,0x30,0x00,0x17,0x40,0x3C,0xE5,
0xFC,0x0F,0x37,0x00,0x39,0x32,0x00,0x34,0x33,0x27,0x33,0x00,0x28,0x2D,0x2A,0x42,
0x27,0x2D,0x30,0xE8,0xFC,0x4F,0x30,0x33,0x00,0x29,0x32,0x38,0x29,0x32,0x28,0x2D,
0x37,0x38,0x29,0xDD,0xFF,0xF3,0x0F,0x4E,0x19,0x3D,0x29,0xE8,0x00,0x24,0x29,0x36,
0x33,0xCA,0xFD,0x4F,0x1A,0x39,0x29,0x28,0x29,0x37,0x00,0x27,0x39,0x2D,0x28,0x25,
0x36,0x00,0x28,0x29,0xFC,0x31,0x2D,0x00,0x0F,0x30,0x2A,0x33,0x00,0x34,0x33,0x36,
0x00,0x31,0x42,0xDD,0xFD,0x4E,0x0D,0x39,0x42,0x28,0x25,0x30,0x33,0x00,0x26,0x2D,
0x29,0x32,0xCA,0xFF,0xF3,0x0F,0x4E,0x19,0x3D,0x29,0xE8,0x00,0x24,0x29,0x36,0x33,
0xCA,0xFD,0x1D,0x25,0x26,0x29,0x37,0xE5,0xE5,0xE5,0xFD,0x18,0x33,0x00,0x30,0x29,
0x00,0x28,0x2D,0x2B,0x25,0x37,0x00,0x25,0x00,0x0D,0x2D,0x29,0x30,0xE8,0xFC,0x34,
0x29,0x36,0x33,0x00,0x27,0x39,0x25,0x32,0x28,0x33,0x00,0x27,0x36,0x29,0x3E,0x27,
0x25,0xFC,0x35,0x39,0x2D,0x29,0x36,0x33,0x00,0x2D,0x32,0x3A,0x29,0x37,0x38,0x2D,
0x2B,0x25,0x36,0xFD,0x37,0x33,0x26,0x36,0x29,0x00,0x30,0x33,0x37,0x00,0x0F,0x30,
0x2A,0x33,0x37,0xE5,0xFF,0xF3,0x0F,0x19,0x3D,0x29,0xE8,0x00,0x24,0x29,0x36,0x33,
0xE5,0xE5,0xE5,0xFD,0x16,0x33,0x37,0x00,0x2C,0x39,0x31,0x25,0x32,0x33,0x37,0x00,
0x28,0x29,0x30,0xFC,0x0B,0x37,0x29,0x32,0x38,0x25,0x31,0x2D,0x29,0x32,0x38,0x33,
0x00,0x32,0x33,0xFC,0x34,0x25,0x36,0x29,0x27,0x29,0x32,0x00,0x35,0x39,0x29,0x36,
0x29,0x36,0xFD,0x31,0x39,0x27,0x2C,0x33,0x00,0x25,0x00,0x30,0x33,0x37,0xFC,0x1C,
0x29,0x34,0x30,0x33,0x2D,0x28,0x29,0x37,0xE5,0xE5,0xE5,0xFD,0x1A,0x29,0x36,0x33,
0x00,0x38,0x29,0x32,0x2B,0x33,0x00,0x2A,0x29,0x00,0x29,0x32,0xFC,0x29,0x30,0x30,
0x33,0x37,0xE5,0x00,0x18,0x29,0x2D,0x2B,0x29,0x00,0x3D,0x00,0x30,0x33,0x37,0xFC,
0x28,0x29,0x31,0x40,0x37,0x00,0x37,0x33,0x32,0x00,0x2C,0x39,0x31,0x25,0x32,0x33,
0x37,0xFD,0x2D,0x2B,0x39,0x25,0x30,0x00,0x35,0x39,0x29,0x00,0x0D,0x2D,0x29,0x30,
0xE8,0x00,0x25,0x37,0x42,0xFC,0x35,0x39,0x29,0x00,0x27,0x25,0x31,0x26,0x2D,0x25,
0x36,0x40,0x32,0x00,0x28,0x29,0xFC,0x33,0x34,0x2D,0x32,0x2D,0x43,0x32,0xE5,0xE5,
0xE5,0xFF,0xF3,0x0F,0x19,0x3D,0x29,0xE8,0x00,0x24,0x29,0x36,0x33,0xE5,0xE5,0xE5,
0xFD,0x18,0x29,0x2D,0x2B,0x29,0x00,0x29,0x37,0x38,0x40,0x00,0x26,0x2D,0x29,0x32,
0xE8,0xFC,0x4F,0x3A,0x29,0x36,0x28,0x25,0x28,0xDD,0xFF,0xF3,0x0F,0x4E,0x24,0x29,
0x36,0x33,0xCA,0xFD,0x4E,0x1B,0x39,0x41,0x00,0x25,0x30,0x2D,0x3A,0x2D,0x33,0x00,
0x35,0x39,0x29,0xFC,0x18,0x29,0x2D,0x2B,0x29,0x00,0x29,0x37,0x38,0x41,0x00,0x26,
0x2D,0x29,0x32,0xCA,0xFF,0xF3,0x0F,0x19,0x3D,0x29,0xE8,0x00,0x24,0x29,0x36,0x33,
0xE5,0xE5,0xE5,0xFD,0x17,0x29,0x00,0x34,0x36,0x29,0x2B,0x39,0x32,0x38,0x33,0x00,
0x37,0x2D,0xFC,0x34,0x33,0x28,0x36,0x41,0x00,0x2C,0x25,0x27,0x29,0x36,0x31,0x29,
0x00,0x25,0x31,0x2D,0x2B,0x25,0xFC,0x28,0x29,0x00,0x30,0x25,0x00,0x2B,0x29,0x32,
0x38,0x29,0x00,0x28,0x29,0x30,0xFD,0x0B,0x37,0x29,0x32,0x38,0x25,0x31,0x2D,0x29,
0x32,0x38,0x33,0xFC,0x38,0x25,0x31,0x26,0x2D,0x41,0x32,0xE5,0xFF,0xF3,0x0F,0x19,
0x3D,0x29,0xE8,0x00,0x24,0x29,0x36,0x33,0xE5,0xE5,0xE5,0xFD,0x4F,0x1B,0x39,0x41,
0x00,0x34,0x25,0x37,0x25,0x36,0x40,0x00,0x27,0x33,0x32,0xFC,0x32,0x33,0x37,0x33,
0x38,0x36,0x33,0x37,0x00,0x37,0x2D,0x00,0x1C,0x25,0x2B,0x32,0x25,0x36,0x33,0x2F,
0xFC,0x37,0x29,0x00,0x29,0x37,0x38,0x36,0x29,0x30,0x30,0x25,0xDD,0xFF,0xF3,0x0F,
0x1E,0x29,0x32,0x2B,0x33,0x00,0x31,0x2D,0x29,0x28,0x33,0xE8,0xFC,0x24,0x29,0x36,
0x33,0xE5,0xE5,0xE5,0xFF,0xF3,0x0F,0x19,0x3D,0x29,0xE8,0x00,0x24,0x29,0x36,0x33,
0xE5,0xE5,0xE5,0xFD,0x4F,0x1A,0x33,0x36,0x00,0x35,0x39,0x41,0x00,0x21,0x29,0x2D,
0x30,0x00,0x37,0x2D,0x2B,0x39,0x29,0xFC,0x2C,0x25,0x27,0x2D,0x29,0x32,0x28,0x33,
0x00,0x27,0x33,0x37,0x25,0x37,0x00,0x31,0x25,0x30,0x25,0x37,0xDD,0xFD,0x4E,0x1E,
0x25,0x31,0x26,0x2D,0x41,0x32,0x00,0x39,0x37,0x43,0x00,0x25,0x00,0x0D,0x36,0x29,
0x25,0xFC,0x3D,0x00,0x1A,0x36,0x29,0x25,0xCA,0xFD,0x4E,0x19,0x2E,0x25,0x30,0x40,
0x00,0x36,0x29,0x27,0x2D,0x26,0x25,0x00,0x30,0x33,0x00,0x35,0x39,0x29,0xFC,0x37,
0x29,0x00,0x31,0x29,0x36,0x29,0x27,0x29,0xCA,0xFF,0xF3,0x0F,0x12,0x25,0x26,0x30,
0x25,0x32,0x28,0x33,0x00,0x28,0x29,0x00,0x29,0x30,0x30,0x25,0x37,0xE8,0xFC,0x4F,
0x27,0x36,0x29,0x29,0x37,0x00,0x35,0x39,0x29,0x00,0x0D,0x36,0x29,0x25,0x00,0x3D,
0xFC,0x1A,0x36,0x29,0x25,0x00,0x37,0x29,0x00,0x30,0x30,0x29,0x3A,0x25,0x32,0x00,
0x26,0x2D,0x29,0x32,0xFD,0x27,0x33,0x32,0x00,0x17,0x33,0x38,0x2C,0x29,0x36,0x00,
0x0F,0x30,0x2A,0xDD,0xFC,0x4E,0x0F,0x37,0x33,0x00,0x29,0x37,0x34,0x29,0x36,0x33,
0xCA,0xFF,0xF3,0x0F,0x19,0x3D,0x29,0xE8,0x00,0x24,0x29,0x36,0x33,0xE5,0xE5,0xE5,
0xFD,0x0D,0x39,0x25,0x32,0x28,0x33,0x00,0x38,0x44,0x00,0x3D,0x00,0x0D,0x2D,0x29,
0x30,0xFC,0x38,0x29,0x32,0x2B,0x25,0x32,0x00,0x38,0x2D,0x29,0x31,0x34,0x33,0x00,
0x30,0x2D,0x26,0x36,0x29,0xE8,0xFC,0x28,0x29,0x26,0x29,0x36,0x42,0x25,0x31,0x33,
0x37,0x00,0x2D,0x36,0x00,0x25,0xFD,0x3A,0x29,0x36,0x00,0x45,0x36,0x29,0x25,0x00,
0x24,0x29,0x36,0x33,0xFC,0x2E,0x39,0x32,0x38,0x33,0x37,0xE5,0x00,0x4E,0x1A,0x36,
0x33,0x31,0x29,0x38,0x2D,0x28,0x33,0xCA,0xFF,0xF3,0x0F,0x24,0x29,0x36,0x33,0xE8,
0x00,0x4E,0x32,0x33,0x00,0x33,0x30,0x3A,0x2D,0x28,0x29,0x37,0xFC,0x32,0x39,0x29,
0x37,0x38,0x36,0x25,0x00,0x34,0x36,0x33,0x31,0x29,0x37,0x25,0xCA,0xFF,0xF3,0x0F,
0x4E,0x19,0x2C,0xE8,0x00,0x24,0x29,0x36,0x33,0xCA,0xFD,0x17,0x2D,0x36,0x25,0x00,
0x29,0x37,0x38,0x29,0x00,0x0F,0x30,0x2A,0x33,0xE8,0xFC,0x4F,0x32,0x33,0x00,0x29,
0x37,0x00,0x2B,0x29,0x32,0x2D,0x25,0x30,0xDD,0xFD,0x4E,0x0F,0x37,0x00,0x17,0x33,
0x28,0x33,0x00,0x10,0x40,0x27,0x2D,0x30,0xE8,0x00,0x25,0x37,0x42,0xFC,0x35,0x39,
0x29,0x00,0x32,0x33,0x00,0x32,0x29,0x27,0x29,0x37,0x2D,0x38,0x25,0x37,0xFC,0x28,
0x25,0x36,0x30,0x29,0xFD,0x0F,0xD6,0x0D,0x36,0x3D,0x37,0x38,0x25,0x30,0x37,0x00,
0x34,0x25,0x36,0x25,0xFC,0x39,0x37,0x25,0x36,0x00,0x37,0x39,0x37,0xFC,0x2C,0x25,
0x26,0x2D,0x30,0x2D,0x28,0x25,0x28,0x29,0x37,0xCA,0xFD,0x4E,0x0B,0x2C,0xE8,0x00,
0x37,0x42,0xCA,0x00,0x24,0x29,0x36,0x33,0xE8,0x00,0x3D,0x25,0xFC,0x34,0x29,0x32,
0x37,0x41,0x00,0x39,0x32,0x00,0x32,0x33,0x31,0x26,0x36,0x29,0xE5,0xE5,0xE5,0xFF,
0xF3,0x0F,0x0E,0x41,0x2E,0x25,0x31,0x29,0x00,0x29,0x3C,0x34,0x30,0x2D,0x27,0x25,
0x36,0x38,0x29,0xE5,0xFD,0x0F,0x37,0x38,0x29,0x00,0x32,0x39,0x29,0x3A,0x33,0x00,
0x0F,0x30,0x2A,0x33,0xFC,0x34,0x39,0x29,0x28,0x29,0x00,0x27,0x33,0x34,0x2D,0x25,
0x36,0x00,0x30,0x25,0x37,0xFC,0x2C,0x25,0x26,0x2D,0x30,0x2D,0x28,0x25,0x28,0x29,
0x37,0x00,0x28,0x29,0xFD,0x33,0x38,0x36,0x33,0x37,0x00,0x0F,0x30,0x2A,0x33,0x37,
0xE5,0xFD,0x4E,0x0E,0x29,0x00,0x2C,0x29,0x27,0x2C,0x33,0xE8,0x00,0x34,0x39,0x29,
0x28,0x29,0xFC,0x39,0x37,0x25,0x36,0x00,0x2C,0x25,0x37,0x38,0x25,0x00,0x04,0x00,
0x25,0x00,0x30,0x25,0xFC,0x3A,0x29,0x3E,0xCA,0xFD,0x1A,0x29,0x36,0x33,0x00,0x27,
0x33,0x31,0x33,0x00,0x29,0x37,0x00,0x17,0x33,0x28,0x33,0xFC,0x10,0x40,0x27,0x2D,
0x30,0xE8,0x00,0x37,0x33,0x30,0x33,0x00,0x39,0x37,0x25,0xFC,0x2C,0x25,0x26,0x2D,
0x30,0x2D,0x28,0x25,0x28,0x29,0x37,0x00,0x2C,0x25,0x37,0x38,0x25,0xFD,0x32,0x2D,
0x3A,0x29,0x30,0x00,0x06,0xE8,0x00,0x3D,0x00,0x25,0x35,0x39,0x42,0x00,0x37,0x29,
0xFC,0x27,0x33,0x31,0x34,0x30,0x2D,0x27,0x25,0x00,0x39,0x32,0x00,0x34,0x33,0x27,
0x33,0xE5,0xFD,0x0F,0x30,0x00,0x0F,0x30,0x2A,0x33,0x00,0x38,0x2D,0x29,0x32,0x29,
0x00,0x25,0x30,0x2B,0x33,0xFC,0x30,0x30,0x25,0x31,0x25,0x28,0x33,0x00,0x32,0x2D,
0x3A,0x29,0x30,0xFC,0x31,0x40,0x3C,0x2D,0x31,0x33,0xE5,0xFD,0x1D,0x2D,0x00,0x30,
0x25,0x00,0x37,0x39,0x31,0x25,0x00,0x28,0x29,0x00,0x30,0x25,0x37,0x00,0x04,0xFC,
0x2C,0x25,0x26,0x2D,0x30,0x2D,0x28,0x25,0x28,0x29,0x37,0x00,0x37,0x39,0x34,0x29,
0x36,0x25,0xFC,0x29,0x30,0x00,0x31,0x40,0x3C,0x2D,0x31,0x33,0xE8,0xFD,0x34,0x2D,
0x29,0x36,0x28,0x29,0x37,0x00,0x39,0x32,0x00,0x34,0x39,0x32,0x38,0x33,0x00,0x34,
0x33,0x36,0xFC,0x27,0x25,0x28,0x25,0x00,0x32,0x2D,0x3A,0x29,0x30,0x00,0x35,0x39,
0x29,0x00,0x30,0x33,0xFC,0x29,0x3C,0x27,0x29,0x28,0x25,0xE5,0xFD,0x4E,0x0F,0x32,
0x00,0x33,0x38,0x36,0x25,0x37,0x00,0x34,0x25,0x30,0x25,0x26,0x36,0x25,0x37,0xE8,
0xFC,0x37,0x2D,0x00,0x31,0x25,0x32,0x38,0x2D,0x29,0x32,0x29,0x37,0x00,0x30,0x33,
0x37,0xFC,0x32,0x2D,0x3A,0x29,0x30,0x29,0x37,0x00,0x27,0x33,0x31,0x26,0x2D,0x32,
0x25,0x28,0x33,0x37,0xFD,0x26,0x25,0x2E,0x33,0x00,0x29,0x30,0x00,0x32,0x2D,0x3A,
0x29,0x30,0xFC,0x31,0x40,0x3C,0x2D,0x31,0x33,0xE8,0x00,0x32,0x33,0x00,0x34,0x2D,
0x29,0x36,0x28,0x29,0x37,0xFC,0x34,0x39,0x32,0x38,0x33,0x37,0xCA,0xFD,0x1B,0x39,
0x2D,0x3E,0x40,0x00,0x38,0x25,0x31,0x26,0x2D,0x41,0x32,0x00,0x2C,0x25,0x3D,0x25,
0xFC,0x2A,0x33,0x36,0x31,0x25,0x00,0x28,0x29,0x00,0x25,0x39,0x31,0x29,0x32,0x38,
0x25,0x36,0xFC,0x29,0x30,0x00,0x32,0x2D,0x3A,0x29,0x30,0x00,0x31,0x40,0x3C,0x2D,
0x31,0x33,0xE5,0xFD,0x4E,0x49,0x37,0x25,0x30,0x33,0x00,0x26,0x2D,0x29,0x32,0xCA,
0xFF,0xF3,0x29,0x4E,0x12,0x33,0x30,0x25,0xE8,0x00,0x24,0x29,0x36,0x33,0xCA,0xFD,
0x4F,0x1E,0x29,0x00,0x29,0x32,0x38,0x29,0x36,0x25,0x37,0x38,0x29,0xDD,0xFD,0x0F,
0x37,0x38,0x29,0x00,0x38,0x36,0x40,0x2D,0x30,0x29,0x36,0x00,0x2C,0x25,0x00,0x2D,
0x28,0x33,0xFC,0x38,0x25,0x32,0x00,0x26,0x36,0x39,0x37,0x27,0x33,0x00,0x34,0x33,
0x36,0x00,0x38,0x25,0x32,0x38,0x33,0xFC,0x38,0x2D,0x29,0x31,0x34,0x33,0x00,0x35,
0x39,0x29,0x00,0x31,0x2D,0x00,0x27,0x39,0x29,0x36,0x34,0x33,0xFD,0x3D,0x25,0x00,
0x35,0x39,0x29,0x28,0x43,0x00,0x31,0x33,0x30,0x2D,0x28,0x33,0xE5,0xFF,0xF3,0x29,
0x0B,0x2C,0xE8,0x00,0x27,0x2D,0x29,0x36,0x38,0x33,0xE8,0x00,0x24,0x29,0x36,0x33,
0xE5,0xE5,0xE5,0xFD,0x4F,0x18,0x33,0x00,0x2D,0x26,0x25,0x37,0x00,0x25,0x00,0x2D,
0x36,0xFC,0x25,0x00,0x30,0x33,0x00,0x28,0x29,0x00,0x0D,0x29,0x36,0x3A,0x29,0x25,
0x39,0xDD,0xFF,0xF3,0x29,0x4E,0x12,0x33,0x30,0x25,0xE8,0x00,0x24,0x29,0x36,0x33,
0xCA,0xFD,0x4F,0x12,0x25,0x37,0x00,0x33,0x42,0x28,0x33,0x00,0x2C,0x25,0x26,0x30,
0x25,0x36,0xFC,0x28,0x29,0x30,0x00,0x0D,0x25,0x31,0x26,0x2D,0x25,0x28,0x33,0x36,
0xFC,0x28,0x29,0x00,0x0D,0x30,0x2D,0x31,0x25,0xDD,0xFD,0x1E,0x29,0x00,0x30,0x33,
0x00,0x29,0x3C,0x34,0x30,0x2D,0x27,0x33,0xFC,0x26,0x36,0x29,0x3A,0x29,0x31,0x29,
0x32,0x38,0x29,0xE5,0xE5,0xE5,0xFD,0x0F,0x37,0x00,0x39,0x32,0x00,0x37,0x25,0x38,
0x41,0x30,0x2D,0x38,0x29,0x00,0x29,0x32,0xFC,0x43,0x36,0x26,0x2D,0x38,0x25,0x00,
0x27,0x25,0x34,0x25,0x3E,0x00,0x28,0x29,0xFC,0x25,0x30,0x38,0x29,0x36,0x25,0x36,
0x00,0x29,0x30,0x00,0x34,0x36,0x33,0x34,0x2D,0x33,0xFD,0x27,0x30,0x2D,0x31,0x25,
0xE5,0x00,0x0B,0x44,0x32,0x00,0x29,0x37,0x38,0x40,0x00,0x29,0x32,0xFC,0x28,0x29,
0x37,0x25,0x36,0x36,0x33,0x30,0x30,0x33,0xE8,0x00,0x34,0x29,0x36,0x33,0xFC,0x34,
0x36,0x33,0x32,0x38,0x33,0x00,0x29,0x37,0x38,0x25,0x36,0x40,0xFD,0x33,0x34,0x29,
0x36,0x25,0x38,0x2D,0x3A,0x33,0xE5,0x00,0x1D,0x33,0x30,0x33,0xFC,0x34,0x39,0x29,
0x28,0x29,0x00,0x39,0x37,0x25,0x36,0x37,0x29,0x00,0x29,0x32,0xFC,0x25,0x30,0x2B,
0x39,0x32,0x25,0x37,0x00,0x3E,0x33,0x32,0x25,0x37,0xE5,0xFD,0x4E,0x1D,0x29,0x2B,
0x44,0x32,0x00,0x29,0x30,0x00,0x40,0x36,0x29,0x25,0xE8,0x00,0x29,0x30,0xFC,0x27,
0x25,0x31,0x26,0x2D,0x33,0x00,0x28,0x29,0x00,0x27,0x30,0x2D,0x31,0x25,0xFC,0x34,
0x39,0x29,0x28,0x29,0x00,0x2C,0x25,0x27,0x29,0x36,0xFD,0x31,0x40,0x37,0x00,0x2A,
0x40,0x27,0x2D,0x30,0x00,0x33,0x00,0x28,0x2D,0x2A,0x42,0x27,0x2D,0x30,0xFC,0x25,
0x3A,0x25,0x32,0x3E,0x25,0x36,0xCA,0xFF,0xF3,0x29,0x4E,0x12,0x33,0x30,0x25,0xE8,
0x00,0x24,0x29,0x36,0x33,0xCA,0xFC,0x4F,0x1E,0x29,0x00,0x29,0x32,0x38,0x29,0x36,
0x25,0x37,0x38,0x29,0xDD,0xFD,0x0D,0x2D,0x29,0x30,0x00,0x2C,0x25,0x00,0x29,0x37,
0x38,0x25,0x28,0x33,0xFC,0x29,0x37,0x34,0x29,0x36,0x40,0x32,0x28,0x33,0x38,0x29,
0xE5,0xFF,0xF3,0x29,0x4F,0x0F,0x2C,0xDD,0xFD,0x4F,0x16,0x25,0x00,0x32,0x25,0x38,
0x39,0x36,0x25,0x30,0x29,0x3E,0x25,0x00,0x29,0x37,0x38,0x40,0xFC,0x36,0x29,0x2B,
0x36,0x29,0x37,0x25,0x32,0x28,0x33,0x00,0x25,0x30,0xFC,0x45,0x36,0x29,0x25,0x00,
0x24,0x29,0x36,0x33,0xDD,0xFD,0x4E,0x23,0xD6,0x3D,0x25,0x00,0x33,0x42,0x00,0x37,
0x33,0x26,0x36,0x29,0x00,0x29,0x37,0x33,0xCA,0xFC,0x0D,0xD6,0x27,0x30,0x25,0x36,
0x33,0x00,0x35,0x39,0x29,0x00,0x37,0x42,0xE5,0xE5,0xE5,0xFF,0xF3,0x29,0x4F,0x0F,
0x2C,0xDD,0xFD,0x4F,0x1B,0x39,0x41,0x00,0x38,0x2D,0x34,0x33,0x00,0x28,0x29,0x00,
0x30,0x39,0x2B,0x25,0x36,0xFC,0x29,0x37,0x00,0x45,0x36,0x29,0x25,0x00,0x24,0x29,
0x36,0x33,0xDD,0xFD,0x23,0xD6,0x3D,0x33,0x00,0x30,0x33,0x00,0x37,0x41,0xE8,0x00,
0x34,0xD6,0x34,0x29,0x36,0x33,0xFC,0x28,0x29,0x26,0x29,0x36,0x42,0x25,0x37,0x00,
0x3A,0x29,0x36,0x30,0x33,0x00,0x27,0x33,0x32,0xFC,0x38,0x39,0x37,0x00,0x34,0x36,
0x33,0x34,0x2D,0x33,0x37,0x00,0x33,0x2E,0x33,0x37,0xE5,0xFF,0xF3,0x29,0x4F,0x1C,
0x25,0x2B,0x32,0x25,0x36,0x33,0x2F,0xDD,0x00,0x0F,0x37,0x00,0x30,0x25,0xFC,0x34,
0x36,0x2D,0x31,0x29,0x36,0x25,0x00,0x3A,0x29,0x3E,0x00,0x35,0x39,0x29,0xFC,0x33,
0x2D,0x2B,0x33,0x00,0x2C,0x25,0x26,0x30,0x25,0x36,0x00,0x28,0x29,0x00,0x29,0x37,
0x33,0xE5,0xFF,0xF3,0x29,0x4E,0x13,0x32,0x38,0x29,0x32,0x38,0x25,0x36,0x41,0x00,
0x25,0x3A,0x29,0x36,0x2D,0x2B,0x39,0x25,0x36,0xFC,0x30,0x33,0x00,0x35,0x39,0x29,
0x00,0x34,0x39,0x29,0x28,0x25,0x00,0x34,0x25,0x36,0x25,0xFC,0x25,0x3D,0x39,0x28,
0x25,0x36,0x38,0x29,0x00,0x25,0x00,0x28,0x29,0x38,0x29,0x32,0x29,0x36,0x30,0x33,
0xCA,0xFF,0xF3,0x29,0x4F,0x1B,0x39,0x41,0x00,0x34,0x25,0x37,0x25,0xE8,0x00,0x24,
0x29,0x36,0x33,0xDD,0xFD,0x4F,0x0F,0x2C,0xDD,0x00,0x4F,0x1B,0x39,0x2D,0x29,0x36,
0x29,0x37,0x00,0x35,0x39,0x29,0xFC,0x29,0x30,0x2D,0x2E,0x25,0x00,0x39,0x32,0x00,
0x32,0x33,0x31,0x26,0x36,0x29,0xFC,0x34,0x25,0x36,0x25,0x00,0x29,0x30,0x00,0x0F,
0x30,0x2A,0x33,0xDD,0xFD,0x12,0x31,0x31,0xE8,0x00,0x26,0x39,0x29,0x32,0x33,0xE5,
0xE5,0xE5,0xFF,0xF3,0x29,0x4F,0x1B,0x39,0x41,0x00,0x38,0x25,0x30,0x00,0x18,0x33,
0x39,0x3A,0x29,0x30,0x30,0x29,0xDD,0xFC,0x00,0x00,0x17,0x29,0x00,0x2B,0x39,0x37,
0x38,0x25,0xE5,0xFC,0x00,0x00,0x18,0x33,0x00,0x30,0x33,0x00,0x27,0x36,0x29,0x33,
0xE5,0xFF,0xF3,0x29,0x4E,0x18,0x33,0x39,0x3A,0x29,0x30,0x30,0x29,0x00,0x29,0x37,
0x00,0x31,0x2D,0xFC,0x34,0x25,0x30,0x25,0x26,0x36,0x25,0x00,0x2A,0x25,0x3A,0x33,
0x36,0x2D,0x38,0x25,0xCA,0xFD,0x1D,0x2D,0x2B,0x32,0x2D,0x2A,0x2D,0x27,0x25,0x00,
0xE9,0x32,0x33,0x38,0x2D,0x27,0x2D,0x25,0xE9,0xE5,0xFD,0x0F,0x36,0x25,0x00,0x28,
0x29,0x00,0x29,0x37,0x34,0x29,0x36,0x25,0x36,0xFC,0x35,0x39,0x29,0x00,0x39,0x32,
0x00,0x26,0x39,0x37,0x27,0x25,0x28,0x33,0x36,0x00,0x28,0x29,0xFC,0x2D,0x32,0x2A,
0x33,0x36,0x31,0x25,0x27,0x2D,0x43,0x32,0x00,0x27,0x33,0x31,0x33,0x00,0x3D,0x33,
0xFD,0x34,0x29,0x32,0x37,0x25,0x36,0x25,0x00,0x29,0x32,0x00,0x29,0x37,0x29,0xFC,
0x32,0x33,0x31,0x26,0x36,0x29,0xE8,0x00,0x4F,0x32,0x33,0xDD,0xFD,0x17,0x29,0x00,
0x25,0x30,0x29,0x2B,0x36,0x25,0x00,0x35,0x39,0x29,0x00,0x38,0x29,0xFC,0x2C,0x25,
0x3D,0x25,0x00,0x2B,0x39,0x37,0x38,0x25,0x28,0x33,0xE5,0xFF,0xF3,0x29,0x1A,0xD6,
0x34,0x29,0x36,0x33,0xE5,0xE5,0xE5,0xFD,0xD3,0x37,0x2D,0x2B,0x2C,0xD3,0x00,0x0F,
0x36,0x25,0x00,0x39,0x32,0x00,0x32,0x33,0x31,0x26,0x36,0x29,0xFC,0x38,0x25,0x32,
0x00,0x26,0x39,0x29,0x32,0x33,0xE5,0xE5,0xE5,0xFF,0xF3,0x29,0x4E,0x24,0x29,0x36,
0x33,0xCA,0xFD,0x4E,0x18,0x33,0x39,0x3A,0x29,0x30,0x30,0x29,0x00,0x29,0x37,0x00,
0x29,0x30,0xFC,0x32,0x33,0x31,0x26,0x36,0x29,0x00,0x34,0x29,0x36,0x2A,0x29,0x27,
0x38,0x33,0xFC,0x34,0x25,0x36,0x25,0x00,0x29,0x37,0x29,0x00,0x0F,0x30,0x2A,0x33,
0xCA,0xFF,0xF3,0x29,0x4F,0x18,0x33,0x00,0x29,0x37,0x38,0x40,0x37,0x00,0x28,0x29,
0x00,0x25,0x27,0x39,0x29,0x36,0x28,0x33,0xDD,0xFC,0x00,0x00,0x17,0x29,0x00,0x2B,
0x39,0x37,0x38,0x25,0xE5,0xFC,0x00,0x00,0x18,0x33,0x00,0x30,0x33,0x00,0x27,0x36,
0x29,0x33,0xE5,0xFF,0xF3,0x29,0x0E,0x29,0x26,0x29,0x36,0x42,0x25,0x37,0x00,0x2C,
0x25,0x26,0x29,0x36,0x00,0x2D,0x28,0x33,0xFC,0x27,0x33,0x32,0x00,0x29,0x37,0x29,
0x00,0x32,0x33,0x31,0x26,0x36,0x29,0x00,0x30,0x25,0xFC,0x34,0x36,0x2D,0x31,0x29,
0x36,0x25,0x00,0x3A,0x29,0x3E,0xE5,0xFD,0x0F,0x36,0x29,0x37,0x00,0x28,0x29,0x31,
0x25,0x37,0x2D,0x25,0x28,0x33,0xFC,0x2D,0x32,0x28,0x29,0x27,0x2D,0x37,0x33,0xE5,
0xFF,0xF3,0x29,0x4F,0x1B,0x39,0x41,0xDD,0xFC,0x0D,0x36,0x29,0x42,0x00,0x35,0x39,
0x29,0x00,0x38,0x29,0xFC,0x2B,0x39,0x37,0x38,0x25,0x36,0x42,0x25,0xE5,0xE5,0xE5,
0xFD,0x18,0x33,0x39,0x3A,0x29,0x30,0x30,0x29,0x00,0x29,0x37,0x00,0x39,0x32,0xFC,
0x32,0x33,0x31,0x26,0x36,0x29,0x00,0x38,0x25,0x32,0x00,0x2B,0x29,0x32,0x2D,0x25,
0x30,0xE5,0xE5,0xE5,0xFF,0xF3,0x29,0x4F,0x0B,0x30,0x33,0x39,0x29,0x38,0x38,0x29,
0x00,0x29,0x37,0x38,0x40,0xFC,0x27,0x39,0x2D,0x28,0x25,0x32,0x28,0x33,0x00,0x25,
0x30,0x00,0x0F,0x30,0x2A,0x33,0xDD,0xFD,0x12,0x31,0x31,0xE5,0xE5,0xE5,0xFD,0x0B,
0x30,0x33,0x39,0x29,0x38,0x38,0x29,0x00,0x29,0x37,0x00,0x31,0x40,0x37,0xFC,0x36,
0x29,0x37,0x34,0x33,0x32,0x37,0x25,0x26,0x30,0x29,0x00,0x28,0x29,0x00,0x30,0x33,
0xFC,0x35,0x39,0x29,0x00,0x27,0x36,0x29,0x42,0x25,0xE5,0xFF,0xF3,0x29,0x4F,0x18,
0x33,0x00,0x29,0x37,0x38,0x40,0x00,0x0B,0x30,0x33,0x39,0x29,0x38,0x38,0x29,0xFC,
0x29,0x37,0x34,0x29,0x36,0x25,0x32,0x28,0x33,0xDD,0xFD,0x0E,0x29,0x26,0x29,0x36,
0x42,0x25,0x37,0x00,0x2D,0x36,0xFC,0x36,0x40,0x34,0x2D,0x28,0x33,0x00,0x2C,0x25,
0x27,0x2D,0x25,0x00,0x25,0x30,0x30,0x40,0xE5,0xFF,0xF3,0x29,0x4E,0x12,0x33,0x30,
0x25,0xE8,0x00,0x24,0x29,0x36,0x33,0xCA,0xFC,0x4F,0x1E,0x29,0x00,0x29,0x32,0x38,
0x29,0x36,0x25,0x37,0x38,0x29,0xDD,0xFD,0x0B,0x2C,0x33,0x36,0x25,0x00,0x34,0x39,
0x29,0x28,0x29,0x37,0x00,0x39,0x37,0x25,0x36,0xFC,0x29,0x30,0x00,0x0D,0x25,0x31,
0x26,0x2D,0x25,0x28,0x33,0x36,0x00,0x28,0x29,0xFC,0x0D,0x30,0x2D,0x31,0x25,0xE5,
0xFF,0xF3,0x29,0x16,0x25,0x37,0x00,0x40,0x36,0x29,0x25,0x37,0x00,0x28,0x33,0x32,
0x28,0x29,0xFC,0x34,0x39,0x29,0x28,0x29,0x37,0x00,0x39,0x37,0x25,0x36,0x00,0x29,
0x30,0xFC,0x0D,0x25,0x31,0x26,0x2D,0x25,0x28,0x33,0x36,0x00,0x28,0x29,0x00,0x0D,
0x30,0x2D,0x31,0x25,0xFD,0x37,0x33,0x32,0x00,0x30,0x2D,0x31,0x2D,0x38,0x25,0x28,
0x25,0x37,0xE8,0xFC,0x34,0x29,0x36,0x33,0x00,0x34,0x39,0x29,0x28,0x29,0x37,0x00,
0x3A,0x29,0x36,0xFC,0x27,0x39,0x40,0x30,0x29,0x37,0x00,0x37,0x29,0x00,0x34,0x39,
0x29,0x28,0x29,0x32,0xFD,0x25,0x2E,0x39,0x37,0x38,0x25,0x36,0x00,0x34,0x33,0x36,
0x00,0x29,0x30,0x00,0x42,0x27,0x33,0x32,0x33,0xFC,0x28,0x29,0x00,0x27,0x30,0x2D,
0x31,0x25,0x00,0x29,0x32,0x00,0x29,0x30,0xFC,0x31,0x33,0x32,0x2D,0x38,0x33,0x36,
0xE5,0xFF,0xF3,0x29,0x4E,0x12,0x33,0x30,0x25,0xE8,0x00,0x24,0x29,0x36,0x33,0xCA,
0xFC,0x4F,0x1E,0x29,0x00,0x29,0x32,0x38,0x29,0x36,0x25,0x37,0x38,0x29,0xDD,0xFD,
0x1D,0x2D,0x00,0x27,0x25,0x31,0x26,0x2D,0x25,0x37,0x00,0x29,0x30,0x00,0x27,0x30,
0x2D,0x31,0x25,0xFC,0x27,0x33,0x32,0x00,0x29,0x30,0x00,0x0D,0x25,0x31,0x26,0x2D,
0x25,0x28,0x33,0x36,0xFC,0x28,0x29,0x00,0x0D,0x30,0x2D,0x31,0x25,0xE8,0xFD,0x25,
0x30,0x2B,0x39,0x32,0x25,0x37,0x00,0x25,0x36,0x31,0x25,0x37,0x00,0x28,0x29,0xFC,
0x30,0x33,0x37,0x00,0x19,0x27,0x2C,0x33,0x00,0x11,0x39,0x29,0x36,0x36,0x29,0x36,
0x33,0x37,0xFC,0x32,0x33,0x00,0x37,0x29,0x36,0x3A,0x2D,0x36,0x40,0x32,0xE5,0xFD,
0x1A,0x25,0x36,0x29,0x27,0x29,0x00,0x35,0x39,0x29,0x00,0x39,0x37,0x25,0x32,0x00,
0x29,0x30,0xFC,0x27,0x30,0x2D,0x31,0x25,0x00,0x34,0x25,0x36,0x25,0x00,0x34,0x33,
0x38,0x29,0x32,0x27,0x2D,0x25,0x36,0xFC,0x37,0x39,0x37,0x00,0x25,0x38,0x25,0x35,
0x39,0x29,0x37,0xE8,0xFD,0x25,0x37,0x42,0x00,0x35,0x39,0x29,0x00,0x29,0x3A,0x2D,
0x38,0x25,0x00,0x28,0x25,0x36,0x30,0x29,0x37,0xFC,0x3A,0x29,0x32,0x38,0x25,0x2E,
0x25,0x00,0x25,0x30,0x00,0x29,0x30,0x29,0x2B,0x2D,0x36,0xFC,0x29,0x30,0x00,0x27,
0x30,0x2D,0x31,0x25,0x00,0x28,0x29,0x30,0x00,0x40,0x36,0x29,0x25,0xE5,0xFD,0x16,
0x25,0x00,0x28,0x29,0x37,0x3A,0x29,0x32,0x38,0x25,0x2E,0x25,0x00,0x29,0x37,0xFC,
0x35,0x39,0x29,0x00,0x32,0x33,0x00,0x34,0x33,0x28,0x36,0x40,0x37,0x00,0x33,0x26,
0x38,0x29,0x32,0x29,0x36,0xFC,0x37,0x39,0x00,0x0F,0x22,0x00,0x1D,0x2F,0x2D,0x30,
0x30,0xE5,0xFF,0xF3,0x29,0x4E,0x12,0x33,0x30,0x25,0xE8,0x00,0x24,0x29,0x36,0x33,
0xCA,0xFC,0x4F,0x1E,0x29,0x00,0x29,0x32,0x38,0x29,0x36,0x25,0x37,0x38,0x29,0xDD,
0xFD,0x1A,0x25,0x36,0x25,0x00,0x27,0x36,0x29,0x25,0x36,0x00,0x27,0x2C,0x2D,0x34,
0x37,0xFC,0x28,0x29,0x00,0x27,0x39,0x29,0x36,0x34,0x33,0xE8,0x00,0x38,0x29,0x32,
0x28,0x36,0x40,0x37,0xFC,0x35,0x39,0x29,0x00,0x27,0x33,0x32,0x37,0x29,0x2B,0x39,
0x2D,0x36,0xFD,0x0D,0x29,0x36,0x25,0x38,0x25,0x32,0x2D,0x39,0x31,0xE5,0xFF,0xF3,
0x29,0x4E,0x12,0x33,0x30,0x25,0xE8,0x00,0x24,0x29,0x36,0x33,0xCA,0xFC,0x4F,0x1E,
0x29,0x00,0x29,0x32,0x38,0x29,0x36,0x25,0x37,0x38,0x29,0xDD,0xFD,0x4E,0x16,0x25,
0x00,0x34,0x29,0x36,0x2D,0x33,0x28,0x2D,0x37,0x38,0x25,0x00,0x28,0x29,0x30,0xFC,
0x0B,0x37,0x29,0x32,0x38,0x25,0x31,0x2D,0x29,0x32,0x38,0x33,0x00,0x2A,0x39,0x29,
0xFC,0x37,0x29,0x27,0x39,0x29,0x37,0x38,0x36,0x25,0x28,0x25,0xCA,0xFD,0x4F,0x1B,
0x39,0x41,0xDD,0x00,0x4F,0x23,0x25,0x00,0x30,0x33,0x00,0x37,0x25,0x26,0x42,0x25,
0x37,0xDD,0xFD,0x0F,0x37,0x38,0x40,0x37,0x00,0x26,0x25,0x37,0x38,0x25,0x32,0x38,
0x29,0x00,0x25,0x30,0xFC,0x38,0x25,0x32,0x38,0x33,0x00,0x28,0x29,0x00,0x30,0x33,
0x00,0x35,0x39,0x29,0xFC,0x34,0x25,0x37,0x25,0xE8,0x00,0x4F,0x29,0x2C,0xDD,0xFF,
0xF3,0x29,0x4E,0x12,0x33,0x30,0x25,0xE8,0x00,0x24,0x29,0x36,0x33,0xCA,0xFC,0x4F,
0x1E,0x29,0x00,0x29,0x32,0x38,0x29,0x36,0x25,0x37,0x38,0x29,0xDD,0xFD,0x0F,0x30,
0x00,0x1C,0x29,0x34,0x30,0x33,0x2D,0x28,0x29,0x00,0x35,0x39,0x29,0xFC,0x38,0x2D,
0x29,0x32,0x29,0x00,0x25,0x00,0x30,0x25,0x00,0x34,0x29,0x36,0x2D,0x33,0x28,0x2D,
0x37,0x38,0x25,0xFC,0x29,0x37,0x00,0x0D,0x36,0x25,0x2A,0x38,0xE5,0xFD,0x4F,0x1B,
0x39,0x41,0xDD,0x00,0x4F,0x0F,0x37,0x33,0x00,0x38,0x25,0x31,0x26,0x2D,0x41,0x32,
0xFC,0x30,0x33,0x00,0x37,0x25,0x26,0x42,0x25,0x37,0xDD,0xFD,0x4E,0x0E,0x29,0x00,
0x3A,0x29,0x36,0x28,0x25,0x28,0x00,0x37,0x25,0x26,0x29,0x37,0xFC,0x31,0x39,0x27,
0x2C,0x33,0xCA,0xFF,0xF3,0x29,0x4E,0x12,0x33,0x30,0x25,0xE8,0x00,0x24,0x29,0x36,
0x33,0xCA,0xFC,0x4F,0x1E,0x29,0x00,0x29,0x32,0x38,0x29,0x36,0x25,0x37,0x38,0x29,
0xDD,0xFD,0x0F,0x37,0x25,0x00,0x34,0x29,0x36,0x2D,0x33,0x28,0x2D,0x37,0x38,0x25,
0x00,0x3D,0x25,0xFC,0x29,0x37,0x38,0x40,0x00,0x25,0x00,0x37,0x25,0x30,0x3A,0x33,
0xE5,0xFD,0x4E,0x0B,0x2C,0xCA,0x00,0x0F,0x37,0x00,0x27,0x2D,0x29,0x36,0x38,0x33,
0xE8,0xFC,0x38,0x44,0x00,0x30,0x25,0x00,0x37,0x25,0x30,0x3A,0x25,0x37,0x38,0x29,
0xE5,0xE5,0xE5,0xFD,0x4E,0x1A,0x29,0x36,0x28,0x43,0x32,0x00,0x34,0x33,0x36,0x00,
0x29,0x37,0x33,0xCA,0xFF,0xF3,0x29,0x16,0x33,0x00,0x37,0x2D,0x29,0x32,0x38,0x33,
0xE5,0xFD,0x0D,0x33,0x31,0x33,0x00,0x2C,0x29,0x00,0x29,0x37,0x38,0x25,0x28,0x33,
0xFC,0x25,0x38,0x36,0x25,0x34,0x25,0x28,0x33,0x00,0x25,0x35,0x39,0x42,0xE8,0x00,
0x32,0x33,0x00,0x2C,0x29,0xFC,0x34,0x33,0x28,0x2D,0x28,0x33,0x00,0x2D,0x36,0x00,
0x25,0xFD,0x27,0x33,0x32,0x37,0x29,0x2B,0x39,0x2D,0x36,0x00,0x32,0x39,0x29,0x3A,
0x25,0xFC,0x2D,0x32,0x2A,0x33,0x36,0x31,0x25,0x27,0x2D,0x43,0x32,0x00,0x34,0x25,
0x36,0x25,0x00,0x38,0x2D,0xE5,0xFD,0x1E,0x29,0x32,0x2B,0x33,0x00,0x2B,0x25,0x32,
0x25,0x37,0x00,0x28,0x29,0xFC,0x36,0x29,0x27,0x33,0x36,0x36,0x29,0x36,0x00,0x29,
0x30,0x00,0x31,0x39,0x32,0x28,0x33,0xFC,0x28,0x29,0x00,0x32,0x39,0x29,0x3A,0x33,
0xE5,0xE5,0xE5,0xFF,0xF3,0x29,0x24,0x29,0x36,0x33,0xE5,0xE5,0xE5,0xFD,0x0D,0x39,
0x25,0x32,0x28,0x33,0x00,0x3A,0x2D,0x25,0x2E,0x25,0x26,0x25,0x00,0x34,0x33,0x36,
0xFC,0x29,0x30,0x00,0x31,0x39,0x32,0x28,0x33,0xE8,0x00,0x3A,0x2D,0x00,0x31,0x39,
0x27,0x2C,0x25,0xFC,0x28,0x29,0x00,0x30,0x25,0x00,0x28,0x29,0x3A,0x25,0x37,0x38,
0x25,0x27,0x2D,0x43,0x32,0xFD,0x27,0x25,0x39,0x37,0x25,0x28,0x25,0x00,0x34,0x33,
0x36,0x00,0x30,0x25,0xFC,0x2B,0x39,0x29,0x36,0x36,0x25,0x00,0x27,0x33,0x32,0x00,
0x31,0x2D,0x37,0xFC,0x34,0x36,0x33,0x34,0x2D,0x33,0x37,0x00,0x33,0x2E,0x33,0x37,
0xE5,0xFD,0x0B,0x2C,0x33,0x36,0x25,0x00,0x34,0x39,0x29,0x28,0x33,0x00,0x29,0x32,
0x38,0x29,0x32,0x28,0x29,0x36,0xFC,0x34,0x33,0x36,0x00,0x35,0x39,0x41,0x00,0x18,
0x29,0x2D,0x2B,0x29,0x00,0x33,0x28,0x2D,0x25,0xFC,0x38,0x25,0x32,0x38,0x33,0x00,
0x30,0x25,0x00,0x2B,0x39,0x29,0x36,0x36,0x25,0xE5,0xFD,0x24,0x29,0x36,0x33,0xE5,
0xE5,0xE5,0xFD,0x17,0x29,0x00,0x34,0x36,0x29,0x2B,0x39,0x32,0x38,0x33,0x00,0x37,
0x2D,0xFC,0x2C,0x39,0x31,0x25,0x32,0x33,0x37,0x00,0x3D,0x00,0x1C,0x29,0x34,0x30,
0x33,0x2D,0x28,0x29,0x37,0xFC,0x25,0x30,0x2B,0x44,0x32,0x00,0x28,0x42,0x25,0x00,
0x34,0x33,0x28,0x36,0x40,0x32,0xFD,0x3A,0x2D,0x3A,0x2D,0x36,0x00,0x2E,0x39,0x32,
0x38,0x33,0x37,0x00,0x29,0x32,0x00,0x34,0x25,0x3E,0xFC,0x28,0x29,0x00,0x32,0x39,
0x29,0x3A,0x33,0xE5,0xFF,0xF3,0x29,0x24,0x29,0x36,0x33,0xE5,0xE5,0xE5,0xFD,0x1E,
0x29,0x32,0x2B,0x33,0x00,0x30,0x25,0x00,0x37,0x29,0x32,0x37,0x25,0x27,0x2D,0x43,
0x32,0xFC,0x28,0x29,0x00,0x35,0x39,0x29,0x00,0x25,0x44,0x32,0x00,0x32,0x33,0x37,
0xFC,0x35,0x39,0x29,0x28,0x25,0x00,0x31,0x39,0x27,0x2C,0x33,0x00,0x34,0x33,0x36,
0xFD,0x2C,0x25,0x27,0x29,0x36,0xE5,0xFD,0x0E,0x29,0x26,0x29,0x31,0x33,0x37,0x00,
0x39,0x32,0x2D,0x36,0xFC,0x32,0x39,0x29,0x37,0x38,0x36,0x25,0x37,0x00,0x2A,0x39,
0x29,0x36,0x3E,0x25,0x37,0x00,0x37,0x2D,0xFC,0x35,0x39,0x29,0x36,0x29,0x31,0x33,
0x37,0x00,0x28,0x29,0x3A,0x33,0x30,0x3A,0x29,0x36,0xFD,0x30,0x25,0x00,0x34,0x25,
0x3E,0x00,0x25,0x00,0x29,0x37,0x38,0x29,0x00,0x31,0x39,0x32,0x28,0x33,0xFC,0x28,
0x29,0x3A,0x25,0x37,0x38,0x25,0x28,0x33,0x00,0x34,0x33,0x36,0x00,0x30,0x25,0xFC,
0x2B,0x39,0x29,0x36,0x36,0x25,0xE5,0xFF,0xF3,0x29,0x4E,0x24,0x29,0x36,0x33,0xCA,
0xFD,0x4F,0x20,0x25,0x37,0x00,0x25,0x00,0x29,0x32,0x38,0x36,0x25,0x36,0x00,0x25,
0xFC,0x1C,0x25,0x2B,0x32,0x25,0x36,0x33,0x2F,0x00,0x28,0x29,0x37,0x28,0x29,0x00,
0x29,0x30,0xFC,0x0D,0x2D,0x36,0x27,0x39,0x2D,0x38,0x33,0x00,0x28,0x29,0xFD,0x1E,
0x29,0x30,0x29,0x38,0x36,0x25,0x32,0x37,0x34,0x33,0x36,0x38,0x29,0xDD,0xFD,0x0F,
0x37,0x00,0x25,0x30,0x2B,0x33,0x00,0x35,0x39,0x29,0x00,0x32,0x39,0x32,0x27,0x25,
0xFC,0x2C,0x29,0x00,0x29,0x3C,0x34,0x29,0x36,0x2D,0x31,0x29,0x32,0x38,0x25,0x28,
0x33,0xE8,0xFC,0x25,0x37,0x42,0x00,0x35,0x39,0x29,0x00,0x32,0x33,0x00,0x34,0x39,
0x29,0x28,0x33,0xFD,0x28,0x29,0x27,0x2D,0x36,0x38,0x29,0x00,0x31,0x39,0x27,0x2C,
0x33,0xE5,0xE5,0xE5,0xFF,0xF3,0x29,0x0D,0x39,0x41,0x32,0x38,0x25,0x31,0x29,0x00,
0x27,0x43,0x31,0x33,0x00,0x29,0x37,0xFC,0x28,0x29,0x32,0x38,0x36,0x33,0x00,0x28,
0x29,0x30,0x00,0x27,0x2D,0x36,0x27,0x39,0x2D,0x38,0x33,0xFC,0x27,0x39,0x25,0x32,
0x28,0x33,0x00,0x36,0x29,0x2B,0x36,0x29,0x37,0x29,0x37,0xE5,0xFF,0xF3,0x29,0x24,
0x29,0x36,0x33,0xE5,0xE5,0xE5,0xFC,0x12,0x25,0x00,0x30,0x30,0x29,0x2B,0x25,0x28,
0x33,0xFC,0x29,0x30,0x00,0x31,0x33,0x31,0x29,0x32,0x38,0x33,0xE5,0xE5,0xE5,0xFD,
0x0F,0x36,0x29,0x37,0x00,0x29,0x30,0x00,0x44,0x32,0x2D,0x27,0x33,0x00,0x35,0x39,
0x29,0xFC,0x34,0x39,0x29,0x28,0x29,0x00,0x34,0x36,0x33,0x38,0x29,0x2B,0x29,0x36,
0x00,0x29,0x37,0x38,0x29,0xFC,0x31,0x39,0x32,0x28,0x33,0x00,0x32,0x39,0x29,0x37,
0x38,0x36,0x33,0xFD,0x28,0x29,0x30,0x00,0x34,0x33,0x28,0x29,0x36,0x00,0x28,0x29,
0xFC,0x1C,0x25,0x2B,0x32,0x25,0x36,0x33,0x2F,0xE5,0xE5,0xE5,0xFD,0x4E,0x0D,0x39,
0x42,0x28,0x25,0x38,0x29,0xCA,0xFF,0xF3,0x29,0x24,0x29,0x36,0x33,0xE5,0xE5,0xE5,
0xFC,0x1E,0x29,0x32,0x00,0x27,0x39,0x2D,0x28,0x25,0x28,0x33,0x00,0x3D,0xFC,0x4E,
0x3A,0x39,0x29,0x30,0x3A,0x29,0x00,0x27,0x33,0x32,0x00,0x32,0x33,0x37,0x33,0x38,
0x36,0x33,0x37,0xCA,0xFF,0xF3,0x29,0x4E,0x12,0x33,0x30,0x25,0xE8,0x00,0x24,0x29,
0x36,0x33,0xCA,0xFD,0x4E,0x4F,0x1B,0x39,0xD6,0x35,0x39,0x41,0xCA,0xDD,0xFD,0x4F,
0x0F,0x37,0x29,0x00,0x29,0x37,0x00,0x39,0x32,0x00,0x1D,0xD6,0x0D,0x36,0x3D,0x37,
0x38,0x25,0x30,0xFC,0x35,0x39,0x29,0x00,0x38,0x2D,0x29,0x32,0x29,0x37,0x00,0x25,
0x2C,0x42,0xDD,0xFD,0x4E,0x0F,0x37,0x00,0x39,0x32,0x25,0x00,0x3A,0x29,0x36,0x28,
0x25,0x28,0x29,0x36,0x25,0xFC,0x26,0x29,0x30,0x30,0x29,0x3E,0x25,0xCA,0xFD,0x1E,
0x29,0x00,0x30,0x33,0x00,0x27,0x25,0x31,0x26,0x2D,0x33,0x00,0x34,0x33,0x36,0x00,
0x39,0x32,0xFC,0x1D,0x39,0x26,0x00,0x1E,0x25,0x32,0x2F,0xE5,0xFD,0x1D,0x2D,0x00,
0x38,0x2D,0x29,0x32,0x29,0x37,0x00,0x31,0x40,0x37,0xE8,0xFC,0x4E,0x25,0x3A,0x42,
0x37,0x25,0x31,0x29,0xCA,0xFF,0xF3,0x29,0x4E,0x12,0x33,0x30,0x25,0xE8,0x00,0x24,
0x29,0x36,0x33,0xCA,0xFD,0x4F,0x1E,0x2D,0x29,0x32,0x29,0x37,0x00,0x33,0x38,0x36,
0x33,0xFC,0x1D,0xD6,0x0D,0x36,0x3D,0x37,0x38,0x25,0x30,0xDD,0xFD,0x1E,0x29,0x00,
0x30,0x33,0x00,0x27,0x25,0x31,0x26,0x2D,0x33,0x00,0x34,0x33,0x36,0x00,0x39,0x32,
0x33,0xFC,0x28,0x29,0x00,0x31,0x2D,0x37,0x00,0x1D,0x39,0x26,0x00,0x1E,0x25,0x32,
0x2F,0x37,0xE5,0xFD,0x0F,0x37,0x33,0x37,0x00,0x37,0x33,0x32,0x00,0x30,0x33,0x37,
0xFC,0x44,0x30,0x38,0x2D,0x31,0x33,0x37,0xE5,0xFD,0x4E,0x49,0x37,0x25,0x30,0x33,
0x37,0x00,0x26,0x2D,0x29,0x32,0xCA,0xFF,0xF3,0x29,0x4E,0x12,0x33,0x30,0x25,0xE8,
0x00,0x24,0x29,0x36,0x33,0xCA,0xFD,0x4F,0x12,0x25,0x37,0x00,0x33,0x42,0x28,0x33,
0x00,0x37,0x33,0x26,0x36,0x29,0x00,0x29,0x30,0xFC,0x0D,0x25,0x31,0x26,0x2D,0x25,
0x28,0x33,0x36,0x00,0x28,0x29,0x00,0x0D,0x30,0x2D,0x31,0x25,0xDD,0xFD,0x0E,0x41,
0x2E,0x25,0x31,0x29,0x00,0x29,0x3C,0x34,0x30,0x2D,0x27,0x40,0x36,0x38,0x29,0x30,
0x33,0xFC,0x36,0x40,0x34,0x2D,0x28,0x25,0x31,0x29,0x32,0x38,0x29,0xE5,0xE5,0xE5,
0xFD,0x0F,0x37,0x00,0x39,0x32,0x00,0x37,0x25,0x38,0x41,0x30,0x2D,0x38,0x29,0x00,
0x29,0x32,0xFC,0x43,0x36,0x26,0x2D,0x38,0x25,0x00,0x27,0x25,0x34,0x25,0x3E,0x00,
0x28,0x29,0xFC,0x25,0x30,0x38,0x29,0x36,0x25,0x36,0x00,0x29,0x30,0x00,0x34,0x36,
0x33,0x34,0x2D,0x33,0xFD,0x27,0x30,0x2D,0x31,0x25,0xE8,0x00,0x34,0x29,0x36,0x33,
0x00,0x27,0x33,0x31,0x33,0x00,0x29,0x37,0xFC,0x17,0x33,0x28,0x33,0x00,0x10,0x40,
0x27,0x2D,0x30,0xE8,0x00,0x32,0x33,0xFC,0x34,0x39,0x29,0x28,0x29,0x37,0x00,0x39,
0x37,0x25,0x36,0x30,0x33,0xE5,0xFD,0x16,0x33,0x00,0x37,0x2D,0x29,0x32,0x38,0x33,
0xE5,0xE5,0xE5,0xFF,0xF3,0x29,0x4E,0x12,0x33,0x30,0x25,0xE8,0x00,0x24,0x29,0x36,
0x33,0xCA,0xFC,0x4F,0x1E,0x29,0x00,0x29,0x32,0x38,0x29,0x36,0x25,0x37,0x38,0x29,
0xDD,0xFD,0x18,0x33,0x00,0x34,0x39,0x29,0x28,0x29,0x37,0x00,0x39,0x37,0x25,0x36,
0xFC,0x0F,0x22,0x00,0x1D,0x2F,0x2D,0x30,0x30,0x37,0x00,0x29,0x32,0xFC,0x17,0x33,
0x28,0x33,0x00,0x10,0x40,0x27,0x2D,0x30,0xE5,0xE5,0xE5,0xFF,0xF3,0x29,0x1D,0x2D,
0x00,0x27,0x33,0x31,0x34,0x30,0x29,0x38,0x25,0x37,0x00,0x29,0x30,0xFC,0x17,0x33,
0x28,0x33,0x00,0x10,0x40,0x27,0x2D,0x30,0xE8,0x00,0x4E,0x34,0x36,0x39,0x29,0x26,
0x25,0xFC,0x29,0x30,0x00,0x17,0x33,0x28,0x33,0x00,0x18,0x33,0x36,0x31,0x25,0x30,
0xCA,0xFF,0xF3,0x29,0x4E,0x12,0x33,0x30,0x25,0xE8,0x00,0x24,0x29,0x36,0x33,0xCA,
0xFC,0x4F,0x1E,0x29,0x00,0x29,0x32,0x38,0x29,0x36,0x25,0x37,0x38,0x29,0xDD,0xFD,
0x0B,0x39,0x32,0x35,0x39,0x29,0x00,0x28,0x29,0x36,0x36,0x33,0x38,0x29,0x37,0x00,
0x25,0xFC,0x39,0x32,0x00,0x29,0x32,0x29,0x31,0x2D,0x2B,0x33,0x00,0x29,0x32,0x00,
0x17,0x33,0x28,0x33,0xFC,0x10,0x40,0x27,0x2D,0x30,0xE8,0x00,0x32,0x33,0x00,0x28,
0x29,0x2E,0x25,0x36,0x40,0xFD,0x0F,0xD6,0x0D,0x36,0x3D,0x37,0x38,0x25,0x30,0x37,
0xE5,0xE5,0xE5,0xFD,0x1D,0x2D,0x00,0x35,0x39,0x2D,0x29,0x36,0x29,0x37,0x00,0x37,
0x25,0x26,0x29,0x36,0xFC,0x34,0x33,0x36,0x00,0x35,0x39,0x41,0xE8,0x00,0x29,0x37,
0x00,0x34,0x33,0x36,0x35,0x39,0x29,0xFC,0x30,0x33,0x37,0x00,0x0F,0x30,0x2A,0x33,
0x37,0x00,0x32,0x33,0x00,0x34,0x39,0x29,0x28,0x29,0x32,0xFD,0x31,0x29,0x2E,0x33,
0x36,0x25,0x36,0x37,0x29,0x00,0x29,0x32,0xFC,0x17,0x33,0x28,0x33,0x00,0x10,0x40,
0x27,0x2D,0x30,0xE5,0xFF,0xF3,0x29,0x4E,0x12,0x33,0x30,0x25,0xE8,0x00,0x24,0x29,
0x36,0x33,0xCA,0xFD,0x4F,0x12,0x25,0x37,0x00,0x33,0x42,0x28,0x33,0x00,0x37,0x33,
0x26,0x36,0x29,0x00,0x29,0x30,0xFC,0x0D,0x25,0x31,0x26,0x2D,0x25,0x28,0x33,0x36,
0x00,0x28,0x29,0x00,0x0D,0x30,0x2D,0x31,0x25,0xDD,0xFD,0x0E,0x41,0x2E,0x25,0x31,
0x29,0x00,0x29,0x3C,0x34,0x30,0x2D,0x27,0x40,0x36,0x38,0x29,0x30,0x33,0xFC,0x36,
0x40,0x34,0x2D,0x28,0x25,0x31,0x29,0x32,0x38,0x29,0xE5,0xE5,0xE5,0xFD,0x0F,0x37,
0x00,0x39,0x32,0x00,0x37,0x25,0x38,0x41,0x30,0x2D,0x38,0x29,0x00,0x29,0x32,0xFC,
0x43,0x36,0x26,0x2D,0x38,0x25,0x00,0x27,0x25,0x34,0x25,0x3E,0x00,0x28,0x29,0xFC,
0x25,0x30,0x38,0x29,0x36,0x25,0x36,0x00,0x29,0x30,0x00,0x34,0x36,0x33,0x34,0x2D,
0x33,0xFD,0x27,0x30,0x2D,0x31,0x25,0xE8,0x00,0x34,0x29,0x36,0x33,0x00,0x27,0x33,
0x31,0x33,0x00,0x29,0x37,0xFC,0x17,0x33,0x28,0x33,0x00,0x0E,0x2D,0x2A,0x42,0x27,
0x2D,0x30,0xE8,0x00,0x32,0x33,0xFC,0x34,0x39,0x29,0x28,0x29,0x37,0x00,0x39,0x37,
0x25,0x36,0x30,0x33,0xE5,0xFD,0x16,0x33,0x00,0x37,0x2D,0x29,0x32,0x38,0x33,0xE5,
0xE5,0xE5,0xFF,0xF3,0x29,0x4E,0x12,0x33,0x30,0x25,0xE8,0x00,0x24,0x29,0x36,0x33,
0xCA,0xFC,0x4F,0x1E,0x29,0x00,0x29,0x32,0x38,0x29,0x36,0x25,0x37,0x38,0x29,0xDD,
0xFD,0x18,0x33,0x00,0x34,0x39,0x29,0x28,0x29,0x37,0x00,0x39,0x37,0x25,0x36,0x00,
0xFC,0x0F,0x22,0x00,0x1D,0x2F,0x2D,0x30,0x30,0x37,0x00,0x29,0x32,0xFC,0x17,0x33,
0x28,0x33,0x00,0x0E,0x2D,0x2A,0x42,0x27,0x2D,0x30,0xE5,0xE5,0xE5,0xFF,0xF3,0x29,
0x4E,0x12,0x33,0x30,0x25,0xE8,0x00,0x24,0x29,0x36,0x33,0xCA,0xFC,0x4F,0x1E,0x29,
0x00,0x29,0x32,0x38,0x29,0x36,0x25,0x37,0x38,0x29,0xDD,0xFD,0x4E,0x18,0x33,0x00,
0x34,0x39,0x29,0x28,0x29,0x37,0x00,0x39,0x37,0x25,0x36,0x00,0x30,0x33,0x37,0xFC,
0x25,0x38,0x25,0x35,0x39,0x29,0x37,0x00,0x1E,0x36,0x2D,0x34,0x30,0x29,0x00,0x32,
0x2D,0xFC,0x27,0x25,0x36,0x2B,0x25,0x28,0x33,0x37,0x00,0x28,0x29,0x30,0x00,0x1D,
0x25,0x26,0x29,0x36,0xFD,0x29,0x32,0x00,0x17,0x33,0x28,0x33,0x00,0x0E,0x2D,0x2A,
0x42,0x27,0x2D,0x30,0xCA,0xFD,0x4E,0x1A,0x29,0x36,0x33,0x00,0x25,0x44,0x32,0x00,
0x34,0x39,0x29,0x28,0x29,0x37,0xFC,0x27,0x25,0x36,0x2B,0x25,0x36,0x00,0x29,0x30,
0x00,0x24,0x29,0x36,0x33,0xFC,0x15,0x32,0x39,0x27,0x2F,0x30,0x29,0xCA,0xFF,0xF3,
0x29,0x4E,0x12,0x33,0x30,0x25,0xE8,0x00,0x24,0x29,0x36,0x33,0xCA,0xFC,0x4F,0x1E,
0x29,0x00,0x29,0x32,0x38,0x29,0x36,0x25,0x37,0x38,0x29,0xDD,0xFD,0x18,0x33,0x00,
0x38,0x2D,0x29,0x32,0x29,0x00,0x37,0x29,0x32,0x38,0x2D,0x28,0x33,0xFC,0x36,0x29,
0x39,0x32,0x2D,0x36,0x00,0x0F,0xD6,0x0D,0x36,0x3D,0x37,0x38,0x25,0x30,0x37,0x00,
0x29,0x32,0xFC,0x17,0x33,0x28,0x33,0x00,0x0E,0x2D,0x2A,0x42,0x27,0x2D,0x30,0xE5,
0xFD,0x16,0x25,0x00,0x36,0x25,0x3E,0x43,0x32,0x00,0x29,0x37,0x00,0x37,0x2D,0x31,
0x34,0x30,0x29,0xE8,0xFC,0x4E,0x32,0x2D,0x00,0x37,0x2D,0x35,0x39,0x2D,0x29,0x36,
0x25,0x00,0x34,0x39,0x29,0x28,0x29,0x37,0xFC,0x39,0x37,0x25,0x36,0x00,0x0F,0x30,
0x2A,0x33,0x37,0xCA,0xFF,0xF3,0x2B,0x4E,0x19,0x3D,0x29,0xE8,0x00,0x24,0x29,0x36,
0x33,0xCA,0xFD,0x16,0x25,0x37,0x00,0x38,0x36,0x33,0x34,0x25,0x37,0x00,0x28,0x29,
0x00,0x21,0x29,0x2D,0x30,0xFC,0x37,0x2D,0x2B,0x39,0x29,0x32,0x00,0x36,0x33,0x32,
0x28,0x25,0x32,0x28,0x33,0xFC,0x34,0x33,0x36,0x00,0x28,0x29,0x30,0x25,0x32,0x38,
0x29,0xE5,0xFD,0x1D,0x2D,0x00,0x32,0x33,0x00,0x38,0x29,0x32,0x29,0x31,0x33,0x37,
0xFC,0x27,0x39,0x2D,0x28,0x25,0x28,0x33,0xE8,0x00,0x34,0x33,0x28,0x36,0x42,0x25,
0x32,0xFC,0x28,0x29,0x37,0x27,0x39,0x26,0x36,0x2D,0x36,0x32,0x33,0x37,0xE5,0xFD,
0x1E,0x29,0x32,0x28,0x36,0x29,0x31,0x33,0x37,0x00,0x35,0x39,0x29,0xFC,0x29,0x37,
0x34,0x29,0x36,0x25,0x36,0x00,0x25,0x00,0x35,0x39,0x29,0xFC,0x37,0x29,0x00,0x3A,
0x25,0x3D,0x25,0x32,0xE5,0xFF,0xF3,0x2B,0x0B,0x2C,0xE8,0x00,0x27,0x2D,0x29,0x36,
0x38,0x33,0xE8,0x00,0x24,0x29,0x36,0x33,0xE5,0xFD,0x4F,0x23,0x25,0x00,0x2A,0x39,
0x2D,0x37,0x38,0x29,0x00,0x25,0x00,0x3A,0x29,0x36,0xFC,0x25,0x00,0x0D,0x29,0x36,
0x3A,0x29,0x25,0x39,0xDD,0xFD,0x1D,0x2D,0x00,0x32,0x33,0xE8,0x00,0x28,0x29,0x26,
0x29,0x36,0x42,0x25,0x37,0x00,0x2D,0x36,0xE5,0xFD,0x46,0x30,0x00,0x38,0x29,0x00,
0x28,0x2D,0x36,0x40,0x00,0x27,0x43,0x31,0x33,0xFC,0x39,0x37,0x25,0x36,0x00,0x38,
0x39,0x37,0x00,0x32,0x39,0x29,0x3A,0x25,0x37,0xFC,0x25,0x36,0x31,0x25,0x37,0xE5,
0xFF,0xF3,0x2B,0x4E,0x19,0x3D,0x29,0xE8,0x00,0x24,0x29,0x36,0x33,0xCA,0xFD,0x0B,
0x27,0x25,0x26,0x33,0x00,0x28,0x29,0x00,0x36,0x29,0x27,0x2D,0x26,0x2D,0x36,0xFC,
0x32,0x33,0x38,0x2D,0x27,0x2D,0x25,0x37,0x00,0x28,0x29,0x00,0x0D,0x2D,0x29,0x30,
0xE5,0xFC,0x1B,0x39,0x2D,0x29,0x36,0x29,0x00,0x35,0x39,0x29,0x00,0x34,0x25,0x37,
0x29,0x37,0xFD,0x34,0x33,0x36,0x00,0x30,0x25,0x00,0x37,0x25,0x30,0x25,0x00,0x28,
0x29,0x30,0xFC,0x27,0x33,0x31,0x25,0x32,0x28,0x25,0x32,0x38,0x29,0xE5,0xFF,0xF3,
0x2B,0x17,0x29,0x2E,0x33,0x36,0x00,0x32,0x33,0x00,0x2C,0x25,0x2B,0x25,0x37,0xFC,
0x29,0x37,0x34,0x29,0x36,0x25,0x36,0x00,0x25,0x00,0x0D,0x2D,0x29,0x30,0xE5,0xE5,
0xE5,0xFF,0xF3,0x2B,0x4E,0x19,0x3D,0x29,0xE8,0x00,0x24,0x29,0x36,0x33,0xCA,0xFD,
0x0D,0x33,0x32,0x00,0x30,0x25,0x37,0x00,0x38,0x36,0x33,0x34,0x25,0x37,0x00,0x28,
0x29,0xFC,0x21,0x29,0x2D,0x30,0x00,0x38,0x33,0x28,0x25,0x3A,0x42,0x25,0xFC,0x36,
0x33,0x32,0x28,0x25,0x32,0x28,0x33,0x00,0x34,0x33,0x36,0x00,0x25,0x35,0x39,0x42,
0xE8,0xFD,0x29,0x37,0x00,0x31,0x29,0x2E,0x33,0x36,0x00,0x29,0x37,0x34,0x29,0x36,
0x25,0x36,0xFC,0x39,0x32,0x00,0x34,0x33,0x27,0x33,0x00,0x31,0x40,0x37,0xE5,0xFF,
0xF3,0x2B,0x24,0x29,0x36,0x33,0xE5,0xE5,0xE5,0xFD,0x16,0x33,0x00,0x37,0x2D,0x29,
0x32,0x38,0x33,0xE8,0x00,0x35,0x39,0x2D,0x37,0x2D,0x29,0x36,0x25,0xFC,0x2D,0x36,
0x00,0x27,0x33,0x32,0x38,0x2D,0x2B,0x33,0x00,0x3D,0x00,0x28,0x25,0x36,0x38,0x29,
0x00,0x39,0x32,0xFC,0x34,0x33,0x27,0x33,0x00,0x28,0x29,0x00,0x34,0x36,0x33,0x38,
0x29,0x27,0x27,0x2D,0x43,0x32,0xFD,0x29,0x32,0x00,0x38,0x39,0x00,0x27,0x25,0x31,
0x2D,0x32,0x33,0x00,0x25,0x30,0xFC,0x45,0x36,0x29,0x25,0x00,0x24,0x29,0x36,0x33,
0xE8,0xFC,0x34,0x29,0x36,0x33,0x00,0x28,0x29,0x26,0x33,0x00,0x35,0x39,0x29,0x28,
0x25,0x36,0x31,0x29,0xFD,0x25,0x35,0x39,0x42,0x00,0x3D,0x00,0x2C,0x25,0x27,0x29,
0x36,0xFC,0x2B,0x39,0x25,0x36,0x28,0x2D,0x25,0xE5,0xFF,0xF3,0x2B,0x4E,0x19,0x3D,
0x29,0xE8,0x00,0x24,0x29,0x36,0x33,0xCA,0xFD,0x0D,0x33,0x32,0x00,0x30,0x25,0x37,
0x00,0x38,0x36,0x33,0x34,0x25,0x37,0x00,0x28,0x29,0xFC,0x21,0x29,0x2D,0x30,0x00,
0x38,0x33,0x28,0x25,0x3A,0x42,0x25,0xFC,0x36,0x33,0x32,0x28,0x25,0x32,0x28,0x33,
0x00,0x34,0x33,0x36,0x00,0x25,0x35,0x39,0x42,0xE8,0xFD,0x29,0x37,0x00,0x31,0x29,
0x2E,0x33,0x36,0x00,0x29,0x37,0x34,0x29,0x36,0x25,0x36,0xFC,0x39,0x32,0x00,0x34,
0x33,0x27,0x33,0x00,0x31,0x40,0x37,0xE5,0xFF,0xF3,0x2B,0x4E,0x1D,0x29,0x2B,0x39,
0x2D,0x36,0x41,0x00,0x2C,0x25,0x27,0x2D,0x29,0x32,0x28,0x33,0xFC,0x2B,0x39,0x25,
0x36,0x28,0x2D,0x25,0x00,0x25,0x35,0x39,0x42,0xCA,0xFF,0xF3,0x2B,0x4E,0x19,0x3D,
0x29,0xE8,0x00,0x24,0x29,0x36,0x33,0xCA,0xFD,0x4F,0x23,0x33,0xDD,0x00,0x4F,0x13,
0x32,0x3A,0x29,0x32,0x38,0x25,0x36,0x00,0x39,0x32,0xFC,0x32,0x33,0x31,0x26,0x36,
0x29,0x00,0x34,0x25,0x36,0x25,0x00,0x39,0x32,0x00,0x0F,0x30,0x2A,0x33,0xDD,0xFD,
0x4F,0x1D,0x29,0x2B,0x39,0x36,0x33,0x00,0x35,0x39,0x29,0x00,0x29,0x37,0x38,0x40,
0xFC,0x26,0x2D,0x29,0x32,0x00,0x35,0x39,0x29,0x00,0x38,0x33,0x31,0x29,0x00,0x39,
0x32,0x25,0xFC,0x28,0x29,0x27,0x2D,0x37,0x2D,0x43,0x32,0x00,0x38,0x25,0x32,0xFD,
0x2D,0x31,0x34,0x33,0x36,0x38,0x25,0x32,0x38,0x29,0xDD,0xFD,0x0F,0x37,0x38,0x40,
0x00,0x26,0x2D,0x29,0x32,0xE5,0xE5,0xE5,0xFF,0xF3,0x2B,0x4F,0x1B,0x39,0x41,0x00,
0x38,0x25,0x30,0x00,0x1C,0x29,0x27,0x36,0x39,0x29,0xDD,0xFC,0x00,0x00,0x17,0x29,
0x00,0x2B,0x39,0x37,0x38,0x25,0xE5,0xFC,0x00,0x00,0x18,0x33,0x00,0x30,0x33,0x00,
0x27,0x36,0x29,0x33,0xE5,0xFF,0xF3,0x2B,0x4F,0x0F,0x37,0x38,0x40,0x37,0x00,0x37,
0x29,0x2B,0x39,0x36,0x33,0xDD,0xFD,0x4E,0x17,0x29,0x00,0x25,0x30,0x29,0x2B,0x36,
0x25,0x00,0x35,0x39,0x29,0xFC,0x38,0x29,0x00,0x2B,0x39,0x37,0x38,0x29,0xCA,0xFF,
0xF3,0x2B,0x4F,0x18,0x33,0x00,0x38,0x29,0x00,0x2B,0x39,0x37,0x38,0x25,0xE8,0x00,
0x29,0x2C,0xDD,0xFD,0x1B,0x39,0x41,0x00,0x30,0x40,0x37,0x38,0x2D,0x31,0x25,0xE5,
0xE5,0xE5,0xFF,0xF3,0x2B,0x24,0x29,0x36,0x33,0xE5,0xE5,0xE5,0xFD,0x1C,0x29,0x27,
0x36,0x39,0x29,0x00,0x37,0x2D,0x2B,0x32,0x2D,0x2A,0x2D,0x27,0x25,0xFC,0x32,0x39,
0x29,0x3A,0x33,0x00,0x2B,0x39,0x29,0x36,0x36,0x29,0x36,0x33,0xE5,0xFF,0xF3,0x2B,
0x4F,0x18,0x25,0x28,0x25,0x00,0x31,0x25,0x30,0xE8,0x00,0x29,0x2C,0xDD,0xFC,0x00,
0x00,0x17,0x29,0x00,0x2B,0x39,0x37,0x38,0x25,0xE5,0xFC,0x00,0x00,0x18,0x33,0x00,
0x30,0x33,0x00,0x27,0x36,0x29,0x33,0xE5,0xFF,0xF3,0x2B,0x4E,0x11,0x29,0x32,0x2D,
0x25,0x30,0xCA,0xFC,0x17,0x29,0x00,0x25,0x30,0x29,0x2B,0x36,0x25,0x00,0x35,0x39,
0x29,0x00,0x38,0x29,0xFC,0x2C,0x25,0x3D,0x25,0x00,0x2B,0x39,0x37,0x38,0x25,0x28,
0x33,0xE5,0xFF,0xF3,0x2B,0x18,0x2D,0x00,0x37,0x2D,0x35,0x39,0x2D,0x29,0x36,0x25,
0x00,0x27,0x33,0x32,0x00,0x29,0x37,0x29,0xFC,0x37,0x2D,0x2B,0x32,0x2D,0x2A,0x2D,
0x27,0x25,0x28,0x33,0xE8,0x00,0x4F,0x29,0x2C,0xDD,0xFC,0x1B,0x39,0x41,0x00,0x30,
0x40,0x37,0x38,0x2D,0x31,0x25,0xE5,0xFF,0xF3,0x2B,0x4E,0x19,0x3D,0x29,0xE8,0x00,
0x24,0x29,0x36,0x33,0xCA,0xFD,0x0D,0x33,0x32,0x00,0x30,0x25,0x37,0x00,0x38,0x36,
0x33,0x34,0x25,0x37,0x00,0x28,0x29,0xFC,0x21,0x29,0x2D,0x30,0x00,0x38,0x33,0x28,
0x25,0x3A,0x42,0x25,0xFC,0x36,0x33,0x32,0x28,0x25,0x32,0x28,0x33,0x00,0x34,0x33,
0x36,0x00,0x25,0x35,0x39,0x42,0xE8,0xFD,0x29,0x37,0x00,0x31,0x29,0x2E,0x33,0x36,
0x00,0x29,0x37,0x34,0x29,0x36,0x25,0x36,0xFC,0x39,0x32,0x00,0x34,0x33,0x27,0x33,
0x00,0x31,0x40,0x37,0xE5,0xFF,0xF3,0x2B,0x4E,0x19,0x3D,0x29,0xE8,0x00,0x24,0x29,
0x36,0x33,0xCA,0xFD,0x4F,0x1B,0x39,0x41,0x00,0x29,0x37,0x00,0x29,0x37,0x33,0xDD,
0xFC,0x4F,0x1B,0x39,0x2D,0x29,0x36,0x29,0x37,0x00,0x31,0x2D,0x00,0x25,0x36,0x31,
0x25,0xDD,0xFD,0x16,0x33,0x00,0x37,0x2D,0x29,0x32,0x38,0x33,0xE8,0x00,0x32,0x29,
0x27,0x29,0x37,0x2D,0x38,0x33,0xFC,0x25,0x00,0x29,0x37,0x38,0x29,0x00,0x34,0x29,
0x35,0x39,0x29,0x4C,0x33,0xE5,0xFF,0xF3,0x2B,0x4E,0x19,0x3D,0x29,0xE8,0x00,0x24,
0x29,0x36,0x33,0xCA,0xFD,0x16,0x25,0x37,0x00,0x38,0x36,0x33,0x34,0x25,0x37,0x00,
0x28,0x29,0x00,0x21,0x29,0x2D,0x30,0xFC,0x2A,0x2D,0x32,0x25,0x30,0x31,0x29,0x32,
0x38,0x29,0x00,0x2C,0x25,0x32,0xFC,0x28,0x29,0x2E,0x25,0x28,0x33,0x00,0x30,0x25,
0x00,0x3E,0x33,0x32,0x25,0xE5,0xFD,0x4E,0x0B,0x2C,0x33,0x36,0x25,0x00,0x34,0x39,
0x29,0x28,0x29,0x37,0x00,0x2D,0x36,0x00,0x25,0x30,0xFC,0x25,0x37,0x29,0x32,0x38,
0x25,0x31,0x2D,0x29,0x32,0x38,0x33,0xFC,0x27,0x39,0x25,0x32,0x28,0x33,0x00,0x35,
0x39,0x2D,0x29,0x36,0x25,0x37,0xCA,0xFD,0x1A,0x29,0x36,0x33,0x00,0x28,0x29,0x26,
0x33,0x00,0x25,0x28,0x3A,0x29,0x36,0x38,0x2D,0x36,0x38,0x29,0xE8,0xFC,0x32,0x33,
0x00,0x2C,0x25,0x26,0x36,0x40,0x00,0x2A,0x2D,0x29,0x37,0x38,0x25,0x37,0x00,0x28,
0x29,0xFC,0x26,0x2D,0x29,0x32,0x3A,0x29,0x32,0x2D,0x28,0x25,0xFD,0x34,0x25,0x36,
0x25,0x00,0x1C,0x29,0x34,0x30,0x33,0x2D,0x28,0x29,0x37,0x00,0x27,0x33,0x31,0x33,
0xFC,0x32,0x33,0x37,0x33,0x38,0x36,0x33,0x37,0xE5,0xFD,0x0F,0x37,0x00,0x39,0x32,
0x25,0x00,0x30,0x40,0x37,0x38,0x2D,0x31,0x25,0x00,0x34,0x33,0x36,0x35,0x39,0x29,
0xFC,0x37,0x43,0x30,0x33,0x00,0x35,0x39,0x29,0x36,0x29,0x31,0x33,0x37,0x00,0x25,
0x3D,0x39,0x28,0x25,0x36,0xE5,0xFF,0xF3,0x2B,0x4E,0x1D,0x29,0x2B,0x39,0x2D,0x36,
0x41,0x00,0x2C,0x25,0x27,0x2D,0x29,0x32,0x28,0x33,0xFC,0x2B,0x39,0x25,0x36,0x28,
0x2D,0x25,0x00,0x25,0x35,0x39,0x42,0xCA,0xFF,0xF3,0x2B,0x4E,0x19,0x3D,0x29,0xE8,
0x00,0x24,0x29,0x36,0x33,0xCA,0xFD,0x17,0x2D,0x29,0x32,0x38,0x36,0x25,0x37,0x00,
0x30,0x2D,0x31,0x34,0x2D,0x25,0x26,0x25,0xFC,0x29,0x30,0x00,0x38,0x36,0x40,0x2D,
0x30,0x29,0x36,0xE8,0xFC,0x29,0x32,0x27,0x33,0x32,0x38,0x36,0x41,0x00,0x29,0x37,
0x38,0x33,0xE5,0xFD,0x18,0x33,0x00,0x29,0x37,0x38,0x33,0x3D,0x00,0x31,0x39,0x3D,
0x00,0x37,0x29,0x2B,0x39,0x36,0x33,0xE8,0xFC,0x34,0x29,0x36,0x33,0x00,0x34,0x25,
0x36,0x29,0x27,0x29,0x00,0x39,0x32,0x25,0xFC,0x36,0x29,0x27,0x29,0x38,0x25,0xE5,
0xFD,0x1B,0x39,0x2D,0x3E,0x40,0x00,0x34,0x39,0x29,0x28,0x25,0x37,0x00,0x28,0x25,
0x36,0x30,0x29,0xFC,0x31,0x29,0x2E,0x33,0x36,0x00,0x39,0x37,0x33,0x00,0x35,0x39,
0x29,0x00,0x3D,0x33,0xE5,0xFF,0xF3,0x2B,0x24,0x29,0x36,0x33,0xE5,0xE5,0xE5,0xFD,
0x12,0x29,0x00,0x33,0x42,0x28,0x33,0x00,0x35,0x39,0x29,0xFC,0x12,0x2D,0x36,0x33,
0x32,0x28,0x29,0x30,0x30,0x29,0x00,0x38,0x2D,0x29,0x32,0x29,0xFC,0x1D,0x39,0x26,
0x00,0x1E,0x25,0x32,0x2F,0x37,0x00,0x27,0x33,0x32,0x37,0x2D,0x2B,0x33,0xFD,0x34,
0x25,0x36,0x25,0x00,0x27,0x39,0x25,0x32,0x28,0x33,0x00,0x3A,0x2D,0x25,0x2E,0x25,
0xFC,0x34,0x33,0x36,0x00,0x29,0x30,0x00,0x31,0x39,0x32,0x28,0x33,0xE5,0xFD,0x1D,
0x2D,0x00,0x29,0x32,0x27,0x39,0x29,0x32,0x38,0x36,0x25,0x37,0x00,0x39,0x32,0xFC,
0x1D,0xD6,0x0D,0x36,0x3D,0x37,0x38,0x25,0x30,0xE8,0x00,0x35,0x39,0x2D,0x3E,0x40,
0x00,0x38,0x29,0xFC,0x2D,0x32,0x38,0x29,0x36,0x27,0x25,0x31,0x26,0x2D,0x29,0x00,
0x39,0x32,0x33,0xE5,0xFF,0xF3,0x2B,0x24,0x29,0x36,0x33,0xE5,0xE5,0xE5,0xFD,0x18,
0x33,0x00,0x34,0x39,0x29,0x28,0x33,0x00,0x27,0x36,0x29,0x29,0x36,0x00,0x30,0x33,
0xFC,0x35,0x39,0x29,0x00,0x34,0x25,0x37,0x43,0xE5,0xE5,0xE5,0xFD,0x0F,0x37,0x34,
0x29,0x36,0x33,0x00,0x35,0x39,0x29,0x00,0x18,0x29,0x2D,0x2B,0x29,0xFC,0x29,0x37,
0x38,0x41,0x00,0x26,0x2D,0x29,0x32,0xE5,0xE5,0xE5,0xFF,0xF3,0x2B,0x1D,0x2D,0x00,
0x29,0x30,0x00,0x0B,0x37,0x29,0x32,0x38,0x25,0x31,0x2D,0x29,0x32,0x38,0x33,0xFC,
0x2A,0x39,0x29,0x00,0x25,0x38,0x25,0x27,0x25,0x28,0x33,0xE8,0xFD,0x32,0x33,0x37,
0x33,0x38,0x36,0x33,0x37,0x00,0x38,0x25,0x31,0x26,0x2D,0x41,0x32,0xFC,0x34,0x33,
0x28,0x36,0x42,0x25,0x31,0x33,0x37,0x00,0x29,0x37,0x38,0x25,0x36,0xFC,0x29,0x32,
0x00,0x34,0x29,0x30,0x2D,0x2B,0x36,0x33,0xE5,0xFD,0x4E,0x0F,0x37,0x38,0x25,0x36,
0x41,0x00,0x31,0x40,0x37,0x00,0x25,0x38,0x29,0x32,0x38,0x33,0xFC,0x29,0x32,0x00,
0x31,0x2D,0x00,0x2B,0x39,0x25,0x36,0x28,0x2D,0x25,0xCA,0xFF,0xF3,0x2B,0x0F,0x37,
0x00,0x39,0x32,0x00,0x25,0x30,0x2D,0x3A,0x2D,0x33,0x00,0x37,0x25,0x26,0x29,0x36,
0xFC,0x35,0x39,0x29,0x00,0x18,0x29,0x2D,0x2B,0x29,0x00,0x29,0x37,0x38,0x40,0x00,
0x26,0x2D,0x29,0x32,0xE5,0xFD,0x1A,0x29,0x36,0x33,0x00,0x29,0x30,0x00,0x34,0x33,
0x26,0x36,0x29,0xFC,0x0D,0x36,0x25,0x2A,0x38,0xE5,0xE5,0xE5,0xFD,0x0B,0x39,0x32,
0x00,0x25,0x37,0x42,0xE8,0x00,0x34,0x39,0x29,0x28,0x33,0xFC,0x29,0x32,0x38,0x29,
0x32,0x28,0x29,0x36,0x00,0x37,0x39,0x00,0x34,0x39,0x32,0x38,0x33,0xFC,0x28,0x29,
0x00,0x3A,0x2D,0x37,0x38,0x25,0xE5,0xFF,0xF3,0x2B,0x1A,0x25,0x36,0x29,0x27,0x29,
0x00,0x35,0x39,0x29,0x00,0x30,0x25,0x00,0x2B,0x29,0x32,0x38,0x29,0xFC,0x28,0x29,
0x30,0x00,0x0B,0x37,0x29,0x32,0x38,0x25,0x31,0x2D,0x29,0x32,0x38,0x33,0xFD,0x34,
0x33,0x36,0x00,0x2A,0x2D,0x32,0x00,0x29,0x31,0x34,0x2D,0x29,0x3E,0x25,0x00,0x25,
0xFC,0x29,0x32,0x38,0x29,0x32,0x28,0x29,0x36,0x32,0x33,0x37,0xE5,0xFD,0x17,0x29,
0x00,0x34,0x36,0x29,0x2B,0x39,0x32,0x38,0x33,0x00,0x37,0x2D,0x00,0x29,0x30,0xFC,
0x28,0x42,0x25,0x00,0x29,0x32,0x00,0x35,0x39,0x29,0x00,0x2C,0x39,0x31,0x25,0x32,
0x33,0x37,0xFC,0x3D,0x00,0x1C,0x29,0x34,0x30,0x33,0x2D,0x28,0x29,0x37,0x00,0x34,
0x39,0x29,0x28,0x25,0x32,0xFD,0x3A,0x2D,0x3A,0x2D,0x36,0x00,0x2E,0x39,0x32,0x38,
0x33,0x37,0x00,0x29,0x32,0x00,0x34,0x25,0x3E,0xFC,0x29,0x37,0x38,0x40,0x00,0x31,
0x40,0x37,0x00,0x27,0x29,0x36,0x27,0x25,0x00,0x28,0x29,0xFC,0x30,0x33,0x00,0x35,
0x39,0x29,0x00,0x27,0x36,0x29,0x29,0x31,0x33,0x37,0xE5,0xFF,0xF3,0x2B,0x24,0x29,
0x36,0x33,0xE5,0xE5,0xE5,0xFD,0x16,0x33,0x00,0x2C,0x2D,0x27,0x2D,0x37,0x38,0x29,
0x00,0x26,0x2D,0x29,0x32,0xFC,0x25,0x30,0x30,0x40,0x00,0x25,0x2A,0x39,0x29,0x36,
0x25,0xE5,0xFF,0xF3,0x2B,0x17,0x29,0x00,0x35,0x39,0x29,0x28,0x25,0x36,0x41,0x00,
0x3A,0x2D,0x2B,0x2D,0x30,0x25,0x32,0x28,0x33,0xFC,0x2C,0x25,0x37,0x38,0x25,0x00,
0x35,0x39,0x29,0x00,0x29,0x37,0x38,0x29,0x31,0x33,0x37,0xFC,0x37,0x29,0x2B,0x39,
0x36,0x33,0x37,0x00,0x28,0x29,0x00,0x35,0x39,0x29,0x00,0x30,0x25,0xFD,0x25,0x31,
0x29,0x32,0x25,0x3E,0x25,0x00,0x38,0x29,0x36,0x31,0x2D,0x32,0x43,0xE5,0xFF,0xF3,
0x2B,0x24,0x29,0x36,0x33,0xE5,0xE5,0xE5,0xFD,0x4F,0x0E,0x29,0x00,0x3A,0x29,0x36,
0x28,0x25,0x28,0x00,0x34,0x39,0x29,0x28,0x29,0x37,0xFC,0x39,0x37,0x25,0x36,0x00,
0x30,0x25,0x00,0x0C,0x25,0x37,0x29,0x00,0x28,0x29,0xFC,0x1E,0x29,0x30,0x29,0x38,
0x36,0x25,0x32,0x37,0x34,0x33,0x36,0x38,0x29,0x00,0x34,0x25,0x36,0x25,0xFD,0x30,
0x30,0x29,0x2B,0x25,0x36,0x00,0x25,0x00,0x1C,0x25,0x2B,0x32,0x25,0x36,0x33,0x2F,
0xDD,0xFD,0x17,0x29,0x00,0x37,0x33,0x36,0x34,0x36,0x29,0x32,0x28,0x2D,0x43,0x00,
0x37,0x25,0x26,0x29,0x36,0xFC,0x35,0x39,0x29,0x00,0x18,0x29,0x33,0x00,0x0B,0x36,
0x27,0x25,0x28,0x2D,0x25,0xFC,0x30,0x33,0x2B,0x36,0x43,0x00,0x25,0x3A,0x25,0x32,
0x27,0x29,0x37,0x00,0x38,0x25,0x32,0xFD,0x32,0x33,0x38,0x25,0x26,0x30,0x29,0x37,
0x00,0x29,0x32,0xFC,0x38,0x29,0x27,0x32,0x33,0x30,0x33,0x2B,0x42,0x25,0xE5,0xFF,
0xF3,0x2B,0x16,0x33,0x00,0x37,0x2D,0x29,0x32,0x38,0x33,0x00,0x35,0x39,0x29,0x00,
0x37,0x29,0x25,0x37,0xFC,0x38,0x44,0x00,0x35,0x39,0x2D,0x29,0x32,0x00,0x37,0x2D,
0x29,0x31,0x34,0x36,0x29,0xFC,0x38,0x29,0x36,0x31,0x2D,0x32,0x25,0x00,0x38,0x29,
0x32,0x2D,0x29,0x32,0x28,0x33,0xFD,0x35,0x39,0x29,0x00,0x25,0x36,0x36,0x2D,0x29,
0x37,0x2B,0x25,0x36,0x00,0x37,0x39,0xFC,0x3A,0x2D,0x28,0x25,0x00,0x34,0x33,0x36,
0x00,0x32,0x33,0x37,0x33,0x38,0x36,0x33,0x37,0xE5,0xE5,0xE5,0xFF,0xF3,0x2B,0x24,
0x29,0x36,0x33,0xE5,0xE5,0xE5,0xFD,0x1D,0x41,0x00,0x35,0x39,0x29,0x00,0x32,0x33,
0x00,0x37,0x29,0x36,0x40,0x00,0x2A,0x40,0x27,0x2D,0x30,0xE8,0xFC,0x34,0x29,0x36,
0x33,0x00,0x38,0x29,0x32,0x00,0x27,0x39,0x2D,0x28,0x25,0x28,0x33,0xFC,0x25,0x30,
0x30,0x40,0x00,0x25,0x2A,0x39,0x29,0x36,0x25,0xE5,0xE5,0xE5,0xFF,0xF3,0x2B,0x4E,
0x0F,0x37,0x38,0x25,0x36,0x41,0x00,0x25,0x35,0x39,0x42,0xFC,0x29,0x37,0x34,0x29,
0x36,0x25,0x32,0x28,0x33,0x00,0x38,0x39,0x00,0x36,0x29,0x2B,0x36,0x29,0x37,0x33,
0xFC,0x37,0x25,0x32,0x33,0x00,0x3D,0x00,0x37,0x25,0x30,0x3A,0x33,0xCA,0xFF,0xF3,
0x22,0x24,0x29,0x36,0x33,0xE5,0xE5,0xE5,0xFD,0x1C,0x29,0x27,0x2D,0x26,0x42,0x00,
0x25,0x3A,0x2D,0x37,0x33,0x00,0x28,0x29,0x00,0x35,0x39,0x29,0xFC,0x29,0x30,0x00,
0x32,0x39,0x29,0x3A,0x33,0x00,0x0D,0x2D,0x26,0x29,0x36,0xD6,0x29,0x30,0x2A,0x33,
0xFC,0x30,0x30,0x29,0x2B,0x43,0xE5,0xFD,0x0B,0x30,0x33,0x39,0x29,0x38,0x38,0x29,
0x00,0x29,0x37,0x38,0x40,0x00,0x25,0x32,0x37,0x2D,0x33,0x37,0x25,0xFC,0x34,0x33,
0x36,0x00,0x31,0x33,0x37,0x38,0x36,0x40,0x36,0x38,0x29,0x30,0x33,0xE5,0xFF,0xF3,
0x22,0x0B,0x30,0x33,0x39,0x29,0x38,0x38,0x29,0x00,0x29,0x37,0x34,0x29,0x36,0x25,
0x26,0x25,0xFC,0x27,0x33,0x32,0x00,0x31,0x39,0x27,0x2C,0x25,0x37,0x00,0x2B,0x25,
0x32,0x25,0x37,0x00,0x29,0x37,0x29,0xFC,0x32,0x39,0x29,0x3A,0x33,0x00,0x0F,0x30,
0x2A,0x33,0xE5,0xFF,0xF3,0x22,0x4F,0x18,0x29,0x27,0x29,0x37,0x2D,0x38,0x25,0x37,
0x00,0x25,0x30,0x2B,0x33,0xE8,0xFC,0x24,0x29,0x36,0x33,0xDD,0xFD,0x4F,0x1F,0x32,
0x00,0x32,0x33,0x31,0x26,0x36,0x29,0x00,0x34,0x25,0x36,0x25,0x00,0x29,0x30,0xFC,
0x32,0x39,0x29,0x3A,0x33,0x00,0x0D,0x2D,0x26,0x29,0x36,0xD6,0x29,0x30,0x2A,0x33,
0xDD,0xFD,0x0E,0x29,0x00,0x25,0x27,0x39,0x29,0x36,0x28,0x33,0xE8,0x00,0x28,0x41,
0x2E,0x25,0x31,0x29,0xFC,0x26,0x39,0x37,0x27,0x25,0x36,0x00,0x36,0x40,0x34,0x2D,
0x28,0x33,0x00,0x25,0x30,0x2B,0x33,0xFC,0x26,0x39,0x29,0x32,0x33,0xE5,0xFD,0xE5,
0xE5,0xE5,0xFD,0xE5,0xE5,0xE5,0xFD,0x4E,0x11,0x36,0x25,0x27,0x2D,0x25,0x37,0x00,
0x34,0x33,0x36,0x00,0x29,0x37,0x34,0x29,0x36,0x25,0x36,0xCA,0xFC,0x4F,0x1B,0x39,
0x41,0x00,0x38,0x25,0x30,0x00,0x29,0x30,0x00,0x32,0x33,0x31,0x26,0x36,0x29,0xFC,
0x20,0x25,0x36,0x2D,0x25,0x26,0x30,0x29,0xDD,0xFD,0x16,0x33,0x00,0x29,0x30,0x29,
0x2B,0x42,0x00,0x34,0x33,0x36,0x35,0x39,0x29,0x00,0x2A,0x39,0x29,0xFC,0x30,0x33,
0x00,0x34,0x36,0x2D,0x31,0x29,0x36,0x33,0x00,0x35,0x39,0x29,0x00,0x31,0x29,0xFC,
0x30,0x30,0x25,0x31,0x43,0x00,0x30,0x25,0x00,0x25,0x38,0x29,0x32,0x27,0x2D,0x43,
0x32,0xE5,0xE5,0xE5,0xFF,0xF3,0x22,0x4F,0x1E,0x29,0x00,0x34,0x25,0x36,0x29,0x27,
0x29,0x00,0x26,0x2D,0x29,0x32,0xDD,0xFC,0x00,0x00,0x17,0x29,0x00,0x2B,0x39,0x37,
0x38,0x25,0xE5,0xFC,0x00,0x00,0x18,0x33,0x00,0x30,0x33,0x00,0x27,0x36,0x29,0x33,
0xE5,0xFF,0xF3,0x22,0x17,0x29,0x00,0x34,0x36,0x29,0x2B,0x39,0x32,0x38,0x33,0x00,
0x37,0x2D,0xFC,0x34,0x33,0x32,0x29,0x36,0x00,0x32,0x33,0x31,0x26,0x36,0x29,0x37,
0xFC,0x28,0x29,0x26,0x29,0x36,0x42,0x25,0x00,0x37,0x29,0x36,0x00,0x25,0x37,0x42,
0xE5,0xFD,0x0B,0x39,0x32,0x35,0x39,0x29,0x00,0x27,0x30,0x25,0x36,0x33,0xE8,0x00,
0x39,0x32,0xFC,0x32,0x33,0x31,0x26,0x36,0x29,0x00,0x29,0x37,0x00,0x37,0x33,0x30,
0x33,0x00,0x39,0x32,0xFC,0x2D,0x28,0x29,0x32,0x38,0x2D,0x2A,0x2D,0x27,0x25,0x28,
0x33,0x36,0xE5,0xFF,0xF3,0x22,0x1D,0x2D,0x29,0x32,0x38,0x33,0x00,0x35,0x39,0x29,
0x00,0x32,0x33,0x00,0x38,0x29,0xFC,0x2C,0x25,0x3D,0x25,0x00,0x2B,0x39,0x37,0x38,
0x25,0x28,0x33,0xE5,0xE5,0xE5,0xFF,0xF3,0x22,0x4F,0x1B,0x39,0x41,0x00,0x34,0x25,
0x37,0x25,0xE8,0x00,0x24,0x29,0x36,0x33,0xDD,0xFD,0x4F,0x1E,0x29,0x00,0x2B,0x39,
0x37,0x38,0x43,0x00,0x29,0x30,0x00,0x32,0x33,0x31,0x26,0x36,0x29,0xFC,0x28,0x29,
0x30,0x00,0x0F,0x30,0x2A,0x33,0x00,0x35,0x39,0x29,0x00,0x29,0x30,0x29,0x2B,0x42,
0xFC,0x25,0x30,0x00,0x2A,0x2D,0x32,0x25,0x30,0xDD,0xFF,0xF3,0x22,0x4F,0x1E,0x29,
0x00,0x2B,0x39,0x37,0x38,0x25,0x00,0x20,0x25,0x36,0x2D,0x25,0x26,0x30,0x29,0xDD,
0xFC,0x00,0x00,0x17,0x29,0x00,0x2B,0x39,0x37,0x38,0x25,0xE5,0xFC,0x00,0x00,0x18,
0x33,0x00,0x30,0x33,0x00,0x27,0x36,0x29,0x33,0xE5,0xFF,0xF3,0x22,0x4E,0x1D,0x25,
0x26,0x42,0x25,0x00,0x35,0x39,0x29,0x00,0x37,0x42,0xCA,0xFD,0x1A,0x25,0x36,0x29,
0x27,0x29,0x37,0x00,0x28,0x29,0x30,0x00,0x38,0x2D,0x34,0x33,0x00,0x35,0x39,0x29,
0xFC,0x38,0x2D,0x29,0x32,0x29,0x00,0x26,0x39,0x29,0x32,0x00,0x2B,0x39,0x37,0x38,
0x33,0xFC,0x34,0x25,0x36,0x25,0x00,0x30,0x33,0x37,0x00,0x32,0x33,0x31,0x26,0x36,
0x29,0x37,0xE5,0xFF,0xF3,0x22,0x4F,0x0E,0x29,0x00,0x3A,0x29,0x36,0x28,0x25,0x28,
0x00,0x32,0x33,0x00,0x38,0x29,0xFC,0x2B,0x39,0x37,0x38,0x25,0xDD,0xFD,0x1B,0x39,
0x41,0x00,0x34,0x29,0x32,0x25,0xE8,0x00,0x34,0x29,0x36,0x33,0x00,0x33,0x2E,0x25,
0x30,0x40,0xFC,0x29,0x32,0x27,0x39,0x29,0x32,0x38,0x36,0x29,0x37,0x00,0x39,0x32,
0x00,0x32,0x33,0x31,0x26,0x36,0x29,0xFC,0x35,0x39,0x29,0x00,0x38,0x29,0x00,0x2B,
0x39,0x37,0x38,0x29,0x00,0x34,0x36,0x33,0x32,0x38,0x33,0xE5,0xFF,0xF3,0x22,0x24,
0x29,0x36,0x33,0xE5,0xE5,0xE5,0xFD,0x23,0x25,0x00,0x35,0x39,0x29,0x00,0x29,0x30,
0x00,0x32,0x33,0x31,0x26,0x36,0x29,0xFC,0x29,0x37,0x38,0x40,0x00,0x28,0x29,0x27,
0x2D,0x28,0x2D,0x28,0x33,0xE8,0xFC,0x28,0x29,0x26,0x29,0x36,0x42,0x25,0x37,0x00,
0x25,0x34,0x39,0x36,0x25,0x36,0x38,0x29,0xFD,0x3D,0x00,0x28,0x29,0x27,0x42,0x36,
0x37,0x29,0x30,0x33,0x00,0x25,0xFC,0x0B,0x30,0x33,0x39,0x29,0x38,0x38,0x29,0xE5,
0xFF,0xF3,0x22,0x4E,0x19,0x42,0x00,0x35,0x39,0x29,0x00,0x29,0x30,0x00,0x32,0x39,
0x29,0x3A,0x33,0xFC,0x31,0x33,0x28,0x29,0x30,0x33,0x00,0x28,0x29,0x00,0x0D,0x2D,
0x26,0x29,0x36,0xD6,0x29,0x30,0x2A,0x33,0xFC,0x29,0x37,0x00,0x25,0x30,0x2B,0x33,
0x00,0x2D,0x32,0x27,0x36,0x29,0x42,0x26,0x30,0x29,0xCA,0xFF,0xF3,0x22,0x24,0x29,
0x36,0x33,0xE5,0xE5,0xE5,0xFD,0x0B,0x00,0x0B,0x30,0x33,0x39,0x29,0x38,0x38,0x29,
0x00,0x30,0x29,0x00,0x2B,0x39,0x37,0x38,0x25,0xFC,0x31,0x39,0x27,0x2C,0x33,0x00,
0x29,0x37,0x29,0xFC,0x0D,0x2D,0x26,0x29,0x36,0xD6,0x29,0x30,0x2A,0x33,0xE8,0xFD,
0x25,0x37,0x42,0x00,0x35,0x39,0x29,0x00,0x25,0x37,0x29,0x2B,0x44,0x36,0x25,0x38,
0x29,0xFC,0x28,0x29,0x00,0x27,0x39,0x2D,0x28,0x25,0x36,0x30,0x33,0x00,0x26,0x2D,
0x29,0x32,0xFC,0x34,0x33,0x36,0x00,0x29,0x30,0x30,0x25,0xE5,0xFF,0xF3,0x22,0x24,
0x29,0x36,0x33,0xE5,0xE5,0xE5,0xFD,0x16,0x25,0x37,0x00,0x38,0x36,0x33,0x34,0x25,
0x37,0x00,0x28,0x29,0x00,0x21,0x29,0x2D,0x30,0xFC,0x2C,0x25,0x32,0x00,0x37,0x25,
0x30,0x2D,0x28,0x33,0x00,0x28,0x29,0x00,0x30,0x25,0xFC,0x3E,0x33,0x32,0x25,0x00,
0x25,0x30,0x36,0x29,0x28,0x29,0x28,0x33,0x36,0x00,0x28,0x29,0x30,0xFD,0x0B,0x37,
0x29,0x32,0x38,0x25,0x31,0x2D,0x29,0x32,0x38,0x33,0xE5,0xFD,0x0E,0x29,0x26,0x29,
0x36,0x42,0x25,0x37,0x00,0x2D,0x36,0x00,0x3D,0x00,0x2C,0x25,0x26,0x30,0x25,0x36,
0xFC,0x27,0x33,0x32,0x00,0x30,0x25,0x00,0x2B,0x29,0x32,0x38,0x29,0x00,0x28,0x29,
0xFC,0x25,0x30,0x30,0x42,0xE5,0xFF,0xF3,0x0F,0x4E,0x19,0x2C,0xE8,0x00,0x24,0x29,
0x36,0x33,0xCA,0xFD,0x17,0x2D,0x36,0x25,0xE8,0x00,0x29,0x37,0x38,0x29,0x00,0x0F,
0x30,0x2A,0x33,0x00,0x29,0x37,0xFC,0x39,0x32,0x25,0x00,0x3A,0x29,0x36,0x28,0x25,
0x28,0x29,0x36,0x25,0xFC,0x26,0x29,0x30,0x30,0x29,0x3E,0x25,0xE5,0xFD,0x0F,0x37,
0x00,0x29,0x30,0x00,0x17,0x33,0x28,0x33,0x00,0x0D,0x25,0x37,0x39,0x25,0x30,0xE8,
0xFC,0x25,0x37,0x42,0x00,0x35,0x39,0x29,0x00,0x34,0x39,0x29,0x28,0x29,0x00,0x39,
0x37,0x25,0x36,0xFC,0x3A,0x25,0x36,0x2D,0x25,0x37,0x00,0x2C,0x25,0x26,0x2D,0x30,
0x2D,0x28,0x25,0x28,0x29,0x37,0xFD,0x25,0x30,0x00,0x31,0x2D,0x37,0x31,0x33,0x00,
0x38,0x2D,0x29,0x31,0x34,0x33,0xE5,0xFD,0x4E,0x19,0x3D,0x29,0xE8,0x00,0x24,0x29,
0x36,0x33,0xCA,0xFC,0x4F,0x17,0x29,0x00,0x25,0x3D,0x39,0x28,0x25,0x37,0x00,0x27,
0x33,0x32,0xFC,0x29,0x30,0x00,0x32,0x33,0x31,0x26,0x36,0x29,0xDD,0xFF,0xF3,0x0F,
0x0E,0x41,0x2E,0x25,0x31,0x29,0x00,0x29,0x3C,0x34,0x30,0x2D,0x27,0x25,0x36,0x38,
0x29,0xE5,0xFD,0x0F,0x37,0x38,0x29,0x00,0x32,0x39,0x29,0x3A,0x33,0x00,0x0F,0x30,
0x2A,0x33,0xFC,0x34,0x39,0x29,0x28,0x29,0x00,0x27,0x33,0x34,0x2D,0x25,0x36,0x00,
0x30,0x25,0x37,0xFC,0x2C,0x25,0x26,0x2D,0x30,0x2D,0x28,0x25,0x28,0x29,0x37,0x00,
0x28,0x29,0x00,0x33,0x38,0x36,0x33,0x37,0xE5,0xFD,0x4E,0x1A,0x39,0x29,0x28,0x29,
0x00,0x31,0x25,0x32,0x29,0x2E,0x25,0x36,0xFC,0x31,0x39,0x27,0x2C,0x25,0x37,0x00,
0x2C,0x25,0x26,0x2D,0x30,0x2D,0x28,0x25,0x28,0x29,0x37,0xFC,0x25,0x30,0x00,0x31,
0x2D,0x37,0x31,0x33,0x00,0x38,0x2D,0x29,0x31,0x34,0x33,0xCA,0xFD,0x0B,0x35,0x39,
0x42,0x00,0x37,0x29,0x00,0x34,0x33,0x32,0x29,0x00,0x39,0x32,0x00,0x34,0x33,0x27,
0x33,0xFC,0x27,0x33,0x31,0x34,0x30,0x2D,0x27,0x25,0x28,0x33,0xE5,0xFD,0x0F,0x30,
0x00,0x0F,0x30,0x2A,0x33,0x00,0x38,0x2D,0x29,0x32,0x29,0x00,0x25,0x30,0x2B,0x33,
0xFC,0x30,0x30,0x25,0x31,0x25,0x28,0x33,0x00,0x32,0x2D,0x3A,0x29,0x30,0x00,0x31,
0x40,0x3C,0x2D,0x31,0x33,0xE5,0xFD,0x1D,0x2D,0x00,0x30,0x33,0x37,0x00,0x04,0x00,
0x32,0x2D,0x3A,0x29,0x30,0x29,0x37,0x00,0x28,0x29,0xFC,0x2C,0x25,0x26,0x2D,0x30,
0x2D,0x28,0x25,0x28,0x00,0x27,0x33,0x31,0x26,0x2D,0x32,0x25,0x28,0x33,0x37,0xFC,
0x29,0x3C,0x27,0x29,0x28,0x29,0x32,0x00,0x29,0x30,0x00,0x31,0x40,0x3C,0x2D,0x31,
0x33,0xE8,0xFD,0x34,0x2D,0x29,0x36,0x28,0x29,0x37,0x00,0x39,0x32,0x00,0x34,0x39,
0x32,0x38,0x33,0x00,0x34,0x33,0x36,0xFC,0x27,0x25,0x28,0x25,0x00,0x32,0x2D,0x3A,
0x29,0x30,0x00,0x25,0x36,0x36,0x2D,0x26,0x25,0x00,0x28,0x29,0x30,0xFC,0x31,0x40,
0x3C,0x2D,0x31,0x33,0xE5,0xFD,0x4E,0x0F,0x32,0x00,0x33,0x38,0x36,0x25,0x37,0x00,
0x34,0x25,0x30,0x25,0x26,0x36,0x25,0x37,0xE8,0xFC,0x31,0x2D,0x29,0x32,0x38,0x36,
0x25,0x37,0x00,0x30,0x33,0x37,0x00,0x32,0x2D,0x3A,0x29,0x30,0x29,0x37,0xFC,0x27,
0x33,0x31,0x26,0x2D,0x32,0x25,0x28,0x33,0x37,0x00,0x29,0x37,0x38,0x41,0x32,0xFD,
0x34,0x33,0x36,0x00,0x28,0x29,0x26,0x25,0x2E,0x33,0x00,0x28,0x29,0x30,0xFC,0x31,
0x40,0x3C,0x2D,0x31,0x33,0xE8,0x00,0x32,0x33,0x00,0x34,0x29,0x36,0x28,0x29,0x36,
0x40,0x37,0xFC,0x34,0x39,0x32,0x38,0x33,0x37,0xCA,0xFD,0x1A,0x29,0x36,0x33,0x00,
0x27,0x33,0x31,0x33,0x00,0x29,0x37,0x00,0x17,0x33,0x28,0x33,0xFC,0x0F,0x37,0x27,
0x29,0x32,0x25,0x36,0x2D,0x33,0x00,0x0D,0x25,0x37,0x39,0x25,0x30,0xE8,0xFD,0x32,
0x33,0x00,0x38,0x2D,0x29,0x32,0x29,0x37,0x00,0x35,0x39,0x29,0xFC,0x34,0x36,0x29,
0x33,0x27,0x39,0x34,0x25,0x36,0x38,0x29,0x00,0x34,0x33,0x36,0x00,0x29,0x30,0xFC,
0x32,0x2D,0x3A,0x29,0x30,0x00,0x31,0x40,0x3C,0x2D,0x31,0x33,0xE5,0xFD,0x4E,0x49,
0x37,0x25,0x30,0x33,0x00,0x26,0x2D,0x29,0x32,0xCA,0xFF,
};
alignas(16) inline constexpr uint16_t mmz4_msg03_script_offsets[] = {
0x0000,0x00A9,0x010D,0x0134,0x013E,0x01A4,0x01C3,0x0287,
0x02EF,0x035A,0x03AF,0x03B8,0x03C1,0x040F,0x0461,0x0690,
0x06BB,0x0744,0x0870,0x0AC7,0x0AF7,0x0CEC,0x0CFD,0x0D27,

};
constexpr int mmz4_msg03_num_entries = 24;
alignas(16) inline constexpr uint8_t mmz4_msg03_script_data[] = {
0xF3,0x3C,0x4E,0x0B,0x2C,0xCA,0xFC,0x4E,0x0E,0x29,0x26,0x42,0x00,0x38,0x33,0x31,
0x25,0x36,0x00,0x39,0x32,0xFC,0x25,0x39,0x38,0x33,0x00,0x31,0x40,0x37,0x00,0x36,
0x40,0x34,0x2D,0x28,0x33,0xCA,0xFD,0xF3,0x2D,0x4E,0x18,0x29,0x2D,0x2B,0x29,0xCA,
0xFC,0x4E,0x18,0x33,0x37,0x00,0x29,0x37,0x38,0x40,0x32,0xFC,0x25,0x30,0x27,0x25,
0x32,0x3E,0x25,0x32,0x28,0x33,0xCA,0xFD,0xF3,0x3C,0x4E,0x16,0x33,0x00,0x37,0x41,
0xE8,0x00,0x30,0x33,0x00,0x37,0x41,0xCA,0xFC,0x4E,0x1A,0x29,0x36,0x33,0x00,0x29,
0x37,0x00,0x30,0x33,0x00,0x31,0x40,0x37,0xFC,0x36,0x40,0x34,0x2D,0x28,0x33,0x00,
0x35,0x39,0x29,0x00,0x3A,0x25,0xCA,0xFD,0xF3,0x2D,0x4E,0x1C,0x25,0x3D,0x33,0x37,
0xCA,0xFC,0x4E,0x0E,0x36,0xE5,0x00,0x21,0x29,0x2D,0x30,0x00,0x2D,0x32,0x38,0x29,
0x32,0x38,0x25,0xFC,0x30,0x30,0x29,0x3A,0x25,0x36,0x32,0x33,0x37,0x00,0x28,0x29,
0x00,0x3A,0x39,0x29,0x30,0x38,0x25,0xCA,0xFF,0xFB,0xF3,0x07,0x4E,0x24,0x29,0x36,
0x33,0xCA,0xFC,0x4F,0x1A,0x39,0x29,0x28,0x29,0x37,0x00,0x33,0x42,0x36,0x31,0x29,
0xDD,0xFD,0x0F,0x30,0x00,0x29,0x32,0x29,0x31,0x2D,0x2B,0x33,0x00,0x3A,0x25,0xFC,
0x2C,0x25,0x27,0x2D,0x25,0x00,0x30,0x25,0x00,0x27,0x25,0x36,0x25,0x3A,0x25,0x32,
0x25,0xE5,0xFD,0x4E,0x0B,0x3D,0x44,0x28,0x25,0x30,0x33,0x37,0xCA,0xFD,0xF3,0x04,
0x0F,0x32,0x38,0x29,0x32,0x28,0x2D,0x28,0x33,0xE5,0xFC,0x13,0x32,0x2D,0x27,0x2D,
0x25,0x32,0x28,0x33,0x00,0x31,0x2D,0x37,0x2D,0x43,0x32,0xE5,0xFF,0xF3,0x04,0x0D,
0x2D,0x29,0x30,0xE8,0xFC,0x32,0x29,0x27,0x29,0x37,0x2D,0x38,0x33,0x00,0x25,0x3D,
0x39,0x28,0x25,0x00,0x27,0x33,0x32,0xFC,0x29,0x30,0x00,0x38,0x36,0x40,0x2D,0x30,
0x29,0x36,0xE5,0xFF,0xFB,0xF3,0x00,0x4E,0x24,0x29,0x36,0x33,0xCA,0xFF,0xFB,0xF3,
0x06,0x4E,0x0E,0x29,0x38,0x29,0x27,0x38,0x33,0x00,0x37,0x29,0x4C,0x25,0x30,0x29,
0x37,0xFC,0x28,0x29,0x00,0x27,0x25,0x30,0x33,0x36,0xCA,0xFD,0x4E,0x24,0x29,0x36,
0x33,0xE8,0xFC,0x25,0x30,0x2B,0x33,0x00,0x37,0x29,0x00,0x25,0x27,0x29,0x36,0x27,
0x25,0xCA,0xFD,0xF3,0x05,0x0B,0x27,0x29,0x36,0x27,0x25,0x00,0x29,0x30,0x00,0x38,
0x36,0x40,0x2D,0x30,0x29,0x36,0xE8,0xFC,0x3D,0x33,0x00,0x31,0x29,0x00,0x29,0x32,
0x27,0x25,0x36,0x2B,0x33,0xE5,0xFD,0xF3,0x06,0x0F,0x32,0x38,0x29,0x32,0x28,0x2D,
0x28,0x33,0xE5,0xFF,0xF3,0x04,0x1A,0x25,0x36,0x29,0x27,0x29,0x00,0x35,0x39,0x29,
0x00,0x38,0x33,0x28,0x33,0x37,0xFC,0x29,0x37,0x38,0x40,0x32,0x00,0x26,0x2D,0x29,
0x32,0xE5,0xFF,0xF3,0x04,0x17,0x29,0x00,0x37,0x33,0x36,0x34,0x36,0x29,0x32,0x28,
0x29,0x00,0x3A,0x29,0x36,0x00,0x25,0xFC,0x25,0x30,0x2B,0x39,0x2D,0x29,0x32,0x00,
0x38,0x25,0x32,0x00,0x30,0x33,0x27,0x33,0xFC,0x27,0x33,0x32,0x28,0x39,0x27,0x2D,
0x29,0x32,0x28,0x33,0x00,0x25,0x35,0x39,0x42,0xFD,0x29,0x32,0x00,0x31,0x29,0x28,
0x2D,0x33,0x00,0x28,0x29,0xFC,0x30,0x25,0x00,0x32,0x25,0x28,0x25,0xE5,0xFD,0xF3,
0x3D,0x4F,0x1D,0x2D,0x29,0x31,0x34,0x36,0x29,0x00,0x28,0x25,0x37,0xFC,0x37,0x29,
0x36,0x31,0x33,0x32,0x29,0x37,0x00,0x25,0x00,0x30,0x25,0xFC,0x2B,0x29,0x32,0x38,
0x29,0x00,0x35,0x39,0x29,0x00,0x37,0x25,0x30,0x3A,0x25,0x37,0xDD,0xFD,0xF3,0x09,
0x0C,0x39,0x29,0x32,0x33,0xE5,0xE5,0xE5,0xFC,0x11,0x36,0x25,0x27,0x2D,0x25,0x37,
0x00,0x2D,0x2B,0x39,0x25,0x30,0xE5,0xFD,0xF3,0x2D,0x18,0x29,0x2D,0x2B,0x29,0xE8,
0xFC,0x32,0x33,0x00,0x38,0x29,0x32,0x29,0x31,0x33,0x37,0x00,0x38,0x2D,0x29,0x31,
0x34,0x33,0xFC,0x34,0x25,0x36,0x25,0x00,0x29,0x37,0x38,0x33,0xE8,0x00,0x3A,0x40,
0x31,0x33,0x32,0x33,0x37,0xE5,0xFF,0xF3,0x09,0x1E,0x2D,0x29,0x32,0x29,0x37,0x00,
0x36,0x25,0x3E,0x43,0x32,0xE5,0xE5,0xE5,0xFC,0x1A,0x29,0x36,0x33,0x00,0x2C,0x25,
0x3D,0x00,0x38,0x2D,0x29,0x31,0x34,0x33,0xFC,0x34,0x25,0x36,0x25,0x00,0x25,0x2B,
0x36,0x25,0x28,0x29,0x27,0x29,0x36,0xE5,0xFD,0x18,0x33,0x00,0x35,0x39,0x2D,0x29,
0x36,0x33,0x00,0x35,0x39,0x29,0x00,0x30,0x33,0x37,0xFC,0x1C,0x29,0x34,0x30,0x33,
0x2D,0x28,0x29,0x37,0x00,0x27,0x36,0x29,0x25,0x32,0xFC,0x35,0x39,0x29,0x00,0x37,
0x33,0x31,0x33,0x37,0x00,0x2D,0x32,0x2B,0x36,0x25,0x38,0x33,0x37,0xE5,0xFF,0xF3,
0x09,0x1A,0x36,0x29,0x34,0x40,0x36,0x29,0x32,0x37,0x29,0x00,0x34,0x25,0x36,0x25,
0x00,0x2D,0x36,0x37,0x29,0xE5,0xFC,0x0F,0x37,0x38,0x25,0x36,0x41,0x00,0x25,0x2C,
0x42,0x00,0x34,0x36,0x33,0x32,0x38,0x33,0xE5,0xFD,0xF3,0x2D,0x0E,0x29,0x00,0x25,
0x27,0x39,0x29,0x36,0x28,0x33,0xE5,0xFD,0x18,0x25,0x28,0x25,0x00,0x26,0x39,0x29,
0x32,0x33,0x00,0x34,0x39,0x29,0x28,0x29,0xFC,0x37,0x25,0x30,0x2D,0x36,0x00,0x28,
0x29,0x00,0x38,0x36,0x25,0x38,0x25,0x36,0xFC,0x27,0x33,0x32,0x00,0x1C,0x29,0x34,
0x30,0x33,0x2D,0x28,0x29,0x37,0xE5,0xE5,0xE5,0xFF,0xF3,0x04,0xE5,0xE5,0xE5,0xFC,
0x4F,0x0F,0x36,0x29,0x37,0x00,0x2C,0x39,0x31,0x25,0x32,0x25,0xDD,0xFD,0xF3,0x09,
0x1D,0x42,0xE8,0x00,0x30,0x33,0x00,0x37,0x33,0x31,0x33,0x37,0xE5,0xFD,0x4F,0x16,
0x33,0x37,0x00,0x2C,0x39,0x31,0x25,0x32,0x33,0x37,0x00,0x2A,0x39,0x29,0x36,0x25,
0xFC,0x28,0x29,0x00,0x18,0x29,0x33,0x00,0x0B,0x36,0x27,0x25,0x28,0x2D,0x25,0xFC,
0x37,0x33,0x32,0x00,0x38,0x25,0x32,0x00,0x36,0x25,0x36,0x33,0x37,0xDD,0xFF,0xF3,
0x06,0x4E,0x24,0x29,0x36,0x33,0xCA,0xFF,0xF3,0x3D,0x4F,0x24,0x29,0x36,0x33,0xDD,
0xFF,0xF3,0x06,0x24,0x29,0x36,0x33,0xE5,0xE5,0xE5,0x00,0x31,0x29,0x00,0x25,0x30,
0x29,0x2B,0x36,0x25,0xFC,0x35,0x39,0x29,0x00,0x29,0x37,0x38,0x41,0x37,0x00,0x26,
0x2D,0x29,0x32,0xE5,0xFD,0x1A,0x25,0x36,0x29,0x27,0x29,0x00,0x35,0x39,0x29,0x00,
0x29,0x30,0xFC,0x3A,0x29,0x2C,0x42,0x27,0x39,0x30,0x33,0x00,0x38,0x25,0x31,0x26,
0x2D,0x41,0x32,0xFC,0x29,0x37,0x38,0x40,0x00,0x26,0x2D,0x29,0x32,0xE5,0xFF,0xF3,
0x09,0x11,0x36,0x25,0x27,0x2D,0x25,0x37,0x00,0x25,0x00,0x25,0x31,0x26,0x33,0x37,
0xE5,0xFD,0x18,0x33,0x37,0x00,0x37,0x25,0x30,0x3A,0x25,0x37,0x38,0x29,0xE8,0xFC,
0x0E,0x36,0x25,0xE5,0x00,0x0D,0x2D,0x29,0x30,0xE5,0xFD,0xF3,0x06,0x4F,0x0F,0x2C,
0xDD,0xFC,0x4F,0x0D,0x43,0x31,0x33,0x00,0x37,0x39,0x34,0x2D,0x37,0x38,0x29,0xE5,
0xE5,0xE5,0xDD,0xFC,0x4F,0x1B,0x39,0x2D,0x41,0x32,0x00,0x29,0x36,0x29,0x37,0xDD,
0xFF,0xFB,0xF3,0x09,0x17,0x29,0x00,0x30,0x30,0x25,0x31,0x33,0x00,0x18,0x29,0x2D,
0x2B,0x29,0xE8,0xFC,0x37,0x33,0x3D,0x00,0x2C,0x39,0x31,0x25,0x32,0x25,0x00,0x2D,
0x2B,0x39,0x25,0x30,0xFC,0x35,0x39,0x29,0x00,0x38,0x44,0xE5,0xFD,0x0B,0x32,0x38,
0x29,0x37,0x00,0x29,0x36,0x25,0xFC,0x34,0x29,0x36,0x2D,0x33,0x28,0x2D,0x37,0x38,
0x25,0x00,0x3D,0xFC,0x36,0x29,0x27,0x33,0x36,0x36,0x42,0x25,0x00,0x29,0x30,0x00,
0x31,0x39,0x32,0x28,0x33,0xE5,0xFD,0x1A,0x33,0x36,0x00,0x29,0x37,0x33,0x00,0x33,
0x42,0x00,0x36,0x39,0x31,0x33,0x36,0x29,0x37,0xFC,0x37,0x33,0x26,0x36,0x29,0x00,
0x38,0x2D,0x00,0x3D,0x00,0x30,0x25,0xFC,0x1C,0x29,0x37,0x2D,0x37,0x38,0x29,0x32,
0x27,0x2D,0x25,0xE5,0xFD,0x1B,0x39,0x29,0x00,0x30,0x2D,0x28,0x29,0x36,0x25,0x37,
0x38,0x29,0x00,0x25,0x00,0x30,0x33,0x37,0xFC,0x1C,0x29,0x34,0x30,0x33,0x2D,0x28,
0x29,0x37,0x00,0x27,0x33,0x32,0x38,0x36,0x25,0xFC,0x18,0x29,0x33,0x00,0x0B,0x36,
0x27,0x25,0x28,0x2D,0x25,0xE5,0xE5,0xE5,0xFD,0x23,0x00,0x35,0x39,0x29,0x00,0x37,
0x29,0x00,0x37,0x39,0x34,0x33,0x32,0x29,0xFC,0x29,0x36,0x29,0x37,0x00,0x31,0x39,
0x3D,0x00,0x34,0x29,0x30,0x2D,0x2B,0x36,0x33,0x37,0x25,0xE5,0xFD,0xF3,0x3A,0x4F,
0x1A,0x29,0x30,0x2D,0x2B,0x36,0x33,0x37,0x25,0xDD,0xFC,0x18,0x33,0x37,0x33,0x38,
0x36,0x33,0x37,0x00,0x32,0x33,0xE5,0xE5,0xE5,0xFD,0xF3,0x04,0xE5,0xE5,0xE5,0xFD,
0xF3,0x09,0x1E,0x25,0x31,0x26,0x2D,0x41,0x32,0x00,0x2C,0x29,0x00,0x33,0x42,0x28,
0x33,0xFC,0x31,0x39,0x27,0x2C,0x33,0x00,0x37,0x33,0x26,0x36,0x29,0x00,0x38,0x2D,
0xE5,0xFD,0x1D,0x25,0x26,0x42,0x25,0x00,0x35,0x39,0x29,0x00,0x29,0x37,0x38,0x25,
0x26,0x25,0x37,0xFC,0x29,0x32,0x00,0x30,0x25,0x00,0x1C,0x29,0x37,0x2D,0x37,0x38,
0x29,0x32,0x27,0x2D,0x25,0xFC,0x27,0x39,0x25,0x32,0x28,0x33,0x00,0x33,0x42,0x00,
0x25,0x00,0x0D,0x2D,0x29,0x30,0xFD,0x30,0x30,0x25,0x31,0x25,0x36,0x38,0x29,0x00,
0x2C,0x25,0x27,0x29,0xFC,0x39,0x32,0x00,0x31,0x33,0x31,0x29,0x32,0x38,0x33,0xE5,
0xFD,0x0B,0x37,0x42,0x00,0x35,0x39,0x29,0x00,0x29,0x36,0x29,0x37,0x00,0x29,0x30,
0xFC,0x30,0x29,0x2B,0x29,0x32,0x28,0x25,0x36,0x2D,0x33,0x00,0x1C,0x29,0x34,0x30,
0x33,0x2D,0x28,0x29,0xE8,0xFC,0x24,0x29,0x36,0x33,0xE5,0xFD,0xF3,0x04,0x18,0x33,
0x00,0x35,0x39,0x29,0x36,0x29,0x31,0x33,0x37,0x00,0x35,0x39,0x29,0xFC,0x37,0x29,
0x00,0x28,0x2D,0x2A,0x39,0x32,0x28,0x25,0x32,0x00,0x36,0x39,0x31,0x33,0x36,0x29,
0x37,0xFC,0x29,0x3C,0x38,0x36,0x25,0x4C,0x33,0x37,0xFD,0x37,0x33,0x26,0x36,0x29,
0x00,0x32,0x33,0x37,0x33,0x38,0x36,0x33,0x37,0xE5,0xFD,0xF3,0x3D,0x18,0x33,0x00,
0x34,0x25,0x37,0x25,0x36,0x40,0xE5,0xFC,0x1D,0x33,0x30,0x33,0x00,0x38,0x29,0x00,
0x28,0x2D,0x2B,0x33,0x00,0x30,0x33,0xFC,0x35,0x39,0x29,0x00,0x2C,0x29,0x00,0x33,
0x42,0x28,0x33,0xE5,0xFD,0x1A,0x29,0x36,0x33,0x00,0x33,0x38,0x36,0x33,0x37,0x00,
0x34,0x33,0x28,0x36,0x42,0x25,0x32,0xFC,0x34,0x29,0x32,0x37,0x25,0x36,0x00,0x28,
0x2D,0x37,0x38,0x2D,0x32,0x38,0x33,0xFC,0x35,0x39,0x29,0x00,0x3D,0x33,0xE5,0xFF,
0xF3,0x09,0x18,0x33,0x37,0x00,0x3A,0x29,0x36,0x29,0x31,0x33,0x37,0xE5,0xFC,0x0F,
0x37,0x00,0x2C,0x33,0x36,0x25,0x00,0x28,0x29,0x00,0x35,0x39,0x29,0xFC,0x32,0x33,
0x37,0x00,0x3A,0x25,0x3D,0x25,0x31,0x33,0x37,0xE5,0xFF,0xF3,0x3A,0x4F,0x13,0x36,
0x37,0x29,0xDD,0xFC,0x4F,0x0B,0x00,0x28,0x43,0x32,0x28,0x29,0x00,0x3A,0x25,0x32,
0xFC,0x29,0x3C,0x25,0x27,0x38,0x25,0x31,0x29,0x32,0x38,0x29,0xDD,0xFD,0xF3,0x04,
0x1D,0x2D,0x00,0x29,0x36,0x29,0x37,0x00,0x2C,0x39,0x31,0x25,0x32,0x25,0xE8,0xFC,
0x4F,0x34,0x33,0x36,0x00,0x35,0x39,0x41,0x00,0x32,0x33,0x00,0x38,0x29,0xFC,0x35,
0x39,0x29,0x28,0x25,0x37,0x00,0x29,0x32,0x00,0x18,0x29,0x33,0xFD,0x0B,0x36,0x27,
0x25,0x28,0x2D,0x25,0xDD,0xFD,0x4F,0x12,0x2D,0x27,0x2D,0x37,0x38,0x29,0x00,0x38,
0x33,0x28,0x33,0x00,0x29,0x37,0x38,0x33,0xFC,0x37,0x33,0x30,0x33,0x00,0x34,0x25,
0x36,0x25,0x00,0x29,0x37,0x27,0x25,0x34,0x25,0x36,0xFC,0x28,0x29,0x00,0x25,0x30,
0x30,0x42,0xDD,0xFF,0xF3,0x3D,0x4F,0x4E,0x1B,0x39,0x29,0x28,0x25,0x36,0x32,0x33,
0x37,0x00,0x25,0x30,0x30,0x42,0xCA,0xDD,0xFC,0x4F,0x1D,0x33,0x30,0x33,0x00,0x34,
0x33,0x36,0x00,0x37,0x29,0x36,0xFC,0x2C,0x39,0x31,0x25,0x32,0x33,0x37,0xDD,0xFD,
0x4E,0x0E,0x29,0x26,0x29,0x37,0x00,0x29,0x37,0x38,0x25,0x36,0xFC,0x26,0x36,0x33,
0x31,0x29,0x25,0x32,0x28,0x33,0xCA,0xFD,0x0F,0x37,0x34,0x29,0x36,0x25,0xE8,0x00,
0x32,0x33,0x00,0x30,0x33,0x00,0x37,0x25,0x26,0x29,0x37,0xE8,0xFC,0x4F,0x3A,0x29,
0x36,0x28,0x25,0x28,0xDD,0xFD,0x0F,0x37,0x29,0x00,0x30,0x39,0x2B,0x25,0x36,0x00,
0x2C,0x25,0xFC,0x27,0x25,0x31,0x26,0x2D,0x25,0x28,0x33,0xE5,0xE5,0xE5,0xFD,0x4F,
0x18,0x33,0x00,0x3A,0x2D,0x37,0x38,0x29,0x00,0x35,0x39,0x29,0x00,0x32,0x33,0x37,
0xFC,0x25,0x38,0x25,0x27,0x25,0x36,0x33,0x32,0x00,0x2C,0x25,0x27,0x29,0xFC,0x39,
0x32,0x00,0x31,0x33,0x31,0x29,0x32,0x38,0x33,0xDD,0xFD,0x0F,0x37,0x00,0x38,0x29,
0x36,0x36,0x2D,0x26,0x30,0x29,0xE5,0xFC,0x23,0x25,0x00,0x32,0x33,0x00,0x2D,0x31,
0x34,0x33,0x36,0x38,0x25,0x00,0x37,0x2D,0xFC,0x29,0x36,0x29,0x37,0x00,0x2C,0x39,
0x31,0x25,0x32,0x33,0x00,0x33,0xFD,0x1C,0x29,0x34,0x30,0x33,0x2D,0x28,0x29,0xE8,
0x00,0x38,0x33,0x28,0x33,0x00,0x29,0x37,0xFC,0x30,0x33,0x00,0x31,0x2D,0x37,0x31,
0x33,0xE5,0xFD,0x0D,0x39,0x25,0x30,0x35,0x39,0x2D,0x29,0x36,0x25,0x00,0x35,0x39,
0x29,0x00,0x37,0x29,0xFC,0x33,0x34,0x33,0x32,0x2B,0x25,0x00,0x25,0x00,0x21,0x29,
0x2D,0x30,0xFC,0x29,0x37,0x00,0x38,0x36,0x25,0x38,0x25,0x28,0x33,0x00,0x27,0x33,
0x31,0x33,0xFD,0x39,0x32,0x00,0x17,0x25,0x3A,0x29,0x36,0x2D,0x27,0x2F,0xE5,0xFF,
0xF3,0x3D,0x0F,0x30,0x00,0x31,0x25,0x30,0x3A,0x25,0x28,0x33,0x00,0x0E,0x36,0xE5,
0x00,0x21,0x29,0x2D,0x30,0xE8,0xFC,0x35,0x39,0x2D,0x29,0x32,0x00,0x2A,0x39,0x29,
0x00,0x29,0x3C,0x34,0x39,0x30,0x37,0x25,0x28,0x33,0xFC,0x28,0x29,0x00,0x18,0x29,
0x33,0x00,0x0B,0x36,0x27,0x25,0x28,0x2D,0x25,0xE5,0xE5,0xE5,0xFD,0x0B,0x2C,0x33,
0x36,0x25,0x00,0x27,0x33,0x32,0x38,0x36,0x33,0x30,0x25,0x00,0x38,0x33,0x28,0x25,
0xFC,0x30,0x25,0x00,0x29,0x32,0x29,0x36,0x2B,0x42,0x25,0x00,0x3D,0x00,0x30,0x25,
0xFC,0x34,0x36,0x33,0x28,0x39,0x27,0x27,0x2D,0x43,0x32,0x00,0x25,0x30,0x30,0x42,
0xFD,0x3D,0x00,0x29,0x32,0x00,0x38,0x33,0x28,0x25,0x37,0x00,0x34,0x25,0x36,0x38,
0x29,0x37,0xE8,0xFC,0x34,0x33,0x36,0x35,0x39,0x29,0x00,0x27,0x2D,0x29,0x36,0x38,
0x33,0xFC,0xE9,0x2C,0x41,0x36,0x33,0x29,0xE9,0x00,0x28,0x29,0x36,0x36,0x33,0x38,
0x43,0xFD,0x25,0x30,0x00,0x30,0x42,0x28,0x29,0x36,0x00,0x28,0x29,0xFC,0x18,0x29,
0x33,0x00,0x0B,0x36,0x27,0x25,0x28,0x2D,0x25,0xE5,0xFD,0x0F,0x30,0x00,0x2B,0x36,
0x25,0x32,0x00,0x37,0x25,0x32,0x38,0x39,0x25,0x36,0x2D,0x33,0xFC,0x34,0x25,0x36,
0x25,0x00,0x32,0x33,0x37,0x33,0x38,0x36,0x33,0x37,0xE8,0xFC,0x30,0x33,0x37,0x00,
0x2C,0x39,0x31,0x25,0x32,0x33,0x37,0xE5,0xE5,0xE5,0xFD,0x23,0x25,0x00,0x32,0x33,
0x00,0x29,0x3C,0x2D,0x37,0x38,0x29,0xE5,0xE5,0xE5,0xFD,0xF3,0x3A,0x1A,0x29,0x36,
0x33,0x00,0x29,0x32,0x38,0x33,0x32,0x27,0x29,0x37,0x00,0x29,0x37,0x33,0xFC,0x37,
0x2D,0x2B,0x32,0x2D,0x2A,0x2D,0x27,0x25,0x00,0x35,0x39,0x29,0x00,0x30,0x33,0xFC,
0x35,0x39,0x29,0x00,0x2C,0x2D,0x27,0x2D,0x31,0x33,0x37,0x00,0x2A,0x39,0x29,0xE5,
0xE5,0xE5,0xFD,0xF3,0x09,0x16,0x33,0x37,0x00,0x2C,0x39,0x31,0x25,0x32,0x33,0x37,
0x00,0x38,0x29,0x31,0x29,0x32,0xFC,0x37,0x29,0x36,0x00,0xE9,0x29,0x30,0x2D,0x31,
0x2D,0x32,0x25,0x28,0x33,0x37,0xE9,0xFC,0x37,0x2D,0x00,0x37,0x29,0x00,0x33,0x34,
0x33,0x32,0x29,0x32,0x00,0x25,0x00,0x21,0x29,0x2D,0x30,0xE8,0xFD,0x25,0x37,0x42,
0x00,0x35,0x39,0x29,0x00,0x2B,0x33,0x26,0x2D,0x29,0x36,0x32,0x25,0xFC,0x37,0x2D,
0x32,0x00,0x33,0x34,0x33,0x37,0x2D,0x27,0x2D,0x43,0x32,0xE5,0xFD,0x17,0x2D,0x29,
0x32,0x38,0x36,0x25,0x37,0x00,0x2B,0x39,0x25,0x36,0x28,0x29,0x32,0xFC,0x37,0x2D,
0x30,0x29,0x32,0x27,0x2D,0x33,0xE8,0x00,0x29,0x37,0x38,0x25,0x36,0x40,0x32,0xFC,
0x25,0x00,0x37,0x25,0x30,0x3A,0x33,0xE5,0xE5,0xE5,0xFD,0xF3,0x3D,0x1A,0x29,0x36,
0x33,0x00,0x35,0x39,0x2D,0x41,0x32,0x00,0x37,0x25,0x26,0x29,0xFC,0x27,0x39,0x40,
0x32,0x38,0x33,0x00,0x38,0x25,0x36,0x28,0x25,0x36,0x40,0x00,0x21,0x29,0x2D,0x30,
0xFC,0x29,0x32,0x00,0x28,0x29,0x27,0x2D,0x28,0x2D,0x36,0x00,0x28,0x29,0x37,0x2C,
0x25,0x27,0x29,0x36,0x37,0x29,0xFD,0x28,0x29,0x00,0x29,0x30,0x30,0x33,0x37,0x00,
0x38,0x25,0x31,0x26,0x2D,0x41,0x32,0xE5,0xFD,0x1A,0x33,0x36,0x00,0x29,0x37,0x33,
0x00,0x2C,0x29,0x31,0x33,0x37,0x00,0x2C,0x39,0x2D,0x28,0x33,0xFC,0x28,0x29,0x00,
0x29,0x37,0x29,0x00,0x30,0x39,0x2B,0x25,0x36,0xE5,0xFD,0xF3,0x09,0x20,0x25,0x31,
0x33,0x37,0x00,0x2C,0x25,0x27,0x2D,0x25,0x00,0x29,0x30,0xFC,0x25,0x37,0x29,0x32,
0x38,0x25,0x31,0x2D,0x29,0x32,0x38,0x33,0x00,0x29,0x32,0xFC,0x45,0x36,0x29,0x25,
0x00,0x24,0x29,0x36,0x33,0xE5,0xFF,0xF3,0x04,0x4F,0x45,0x36,0x29,0x25,0x00,0x24,
0x29,0x36,0x33,0xDD,0xFC,0x4F,0x12,0x25,0x3D,0x00,0x39,0x32,0x00,0x25,0x37,0x29,
0x32,0x38,0x25,0x31,0x2D,0x29,0x32,0x38,0x33,0xFC,0x2C,0x39,0x31,0x25,0x32,0x33,
0x00,0x25,0x30,0x30,0x42,0xDD,0xFF,0xF3,0x3A,0x0F,0x32,0x38,0x33,0x32,0x27,0x29,
0x37,0x00,0x2D,0x36,0x29,0x31,0x33,0x37,0xFC,0x27,0x33,0x32,0x00,0x39,0x37,0x38,
0x29,0x28,0x29,0x37,0xE5,0xFD,0x1B,0x39,0x2D,0x41,0x32,0x00,0x37,0x25,0x26,0x29,
0x00,0x27,0x39,0x40,0x32,0x28,0x33,0xFC,0x21,0x29,0x2D,0x30,0x00,0x25,0x38,0x25,
0x27,0x25,0x36,0x40,0xFC,0x28,0x29,0x00,0x32,0x39,0x29,0x3A,0x33,0xE5,0xE5,0xE5,
0xFD,0xF3,0x09,0x0C,0x39,0x29,0x32,0x33,0xE8,0x00,0x0D,0x2D,0x29,0x30,0x00,0x29,
0x37,0xFC,0x2C,0x39,0x31,0x25,0x32,0x25,0xE8,0x00,0x34,0x29,0x36,0x33,0x00,0x30,
0x33,0x37,0xFC,0x1C,0x29,0x34,0x30,0x33,0x2D,0x28,0x29,0x37,0x00,0x32,0x33,0x00,
0x37,0x33,0x32,0xFD,0x26,0x2D,0x29,0x32,0x3A,0x29,0x32,0x2D,0x28,0x33,0x37,0xE5,
0xFD,0x0F,0x32,0x00,0x29,0x37,0x34,0x29,0x27,0x2D,0x25,0x30,0xFC,0xE9,0x2C,0x41,
0x36,0x33,0x29,0x37,0xE9,0xFC,0x27,0x33,0x31,0x33,0x00,0x38,0x44,0xE5,0xFD,0xF3,
0x04,0x4F,0x1B,0x39,0x41,0x00,0x37,0x29,0x00,0x37,0x39,0x34,0x33,0x32,0x29,0xFC,
0x35,0x39,0x29,0x00,0x37,0x2D,0x2B,0x32,0x2D,0x2A,0x2D,0x27,0x25,0x00,0x29,0x37,
0x33,0xDD,0xFD,0xF3,0x3D,0x0F,0x30,0x00,0x25,0x37,0x29,0x32,0x38,0x25,0x31,0x2D,
0x29,0x32,0x38,0x33,0xFC,0x29,0x37,0x38,0x40,0x00,0x30,0x30,0x29,0x32,0x33,0x00,
0x28,0x29,0x00,0x2B,0x29,0x32,0x38,0x29,0xFC,0x35,0x39,0x29,0x00,0x35,0x39,0x29,
0x28,0x43,0x00,0x25,0x38,0x36,0x25,0x34,0x25,0x28,0x25,0xFD,0x29,0x32,0x00,0x30,
0x25,0x00,0x2B,0x39,0x29,0x36,0x36,0x25,0x00,0x27,0x33,0x32,0x38,0x36,0x25,0xFC,
0x1C,0x29,0x34,0x30,0x33,0x2D,0x28,0x29,0x37,0xE8,0x00,0x25,0x37,0x42,0x00,0x35,
0x39,0x29,0xFC,0x32,0x33,0x00,0x30,0x33,0x37,0x00,0x35,0x39,0x2D,0x29,0x36,0x29,
0x32,0xE5,0xFD,0xF3,0x09,0x16,0x33,0x37,0x00,0x2C,0x39,0x31,0x25,0x32,0x33,0x37,
0x00,0x32,0x33,0x00,0x37,0x33,0x32,0xFC,0x38,0x25,0x32,0x00,0x2A,0x39,0x29,0x36,
0x38,0x29,0x37,0x00,0x32,0x2D,0xFC,0x25,0x31,0x25,0x26,0x30,0x29,0x37,0x00,0x27,
0x33,0x31,0x33,0x00,0x27,0x36,0x29,0x29,0x37,0xE5,0xFD,0x18,0x33,0x00,0x30,0x29,
0x37,0x00,0x28,0x2D,0x36,0x41,0x00,0x25,0x00,0x30,0x33,0x37,0xFC,0x28,0x29,0x30,
0x00,0x27,0x33,0x32,0x3A,0x33,0x3D,0x00,0x35,0x39,0x29,0x00,0x38,0x44,0xFC,0x29,
0x36,0x29,0x37,0x00,0x29,0x30,0x00,0x24,0x29,0x36,0x33,0x00,0x35,0x39,0x29,0xFD,
0x28,0x29,0x36,0x36,0x33,0x38,0x43,0x00,0x25,0x30,0x00,0x30,0x42,0x28,0x29,0x36,
0xFC,0x28,0x29,0x00,0x18,0x29,0x33,0x00,0x0B,0x36,0x27,0x25,0x28,0x2D,0x25,0xE5,
0xFD,0x18,0x33,0x00,0x32,0x33,0x37,0x00,0x2D,0x32,0x3A,0x33,0x30,0x39,0x27,0x36,
0x29,0x32,0xFC,0x29,0x32,0x00,0x32,0x25,0x28,0x25,0xE5,0xFD,0x12,0x25,0x26,0x30,
0x25,0x31,0x33,0x37,0x00,0x30,0x39,0x29,0x2B,0x33,0xE5,0xFF,0xF3,0x04,0x12,0x39,
0x31,0x25,0x32,0x33,0x37,0xE8,0x00,0x29,0x2C,0xE5,0xE5,0xE5,0xFF,0xF3,0x06,0x24,
0x29,0x36,0x33,0xE5,0xE5,0xE5,0xFC,0x0E,0x29,0x26,0x29,0x36,0x42,0x25,0x31,0x33,
0x37,0x00,0x3A,0x33,0x30,0x3A,0x29,0x36,0xFC,0x25,0x30,0x00,0x38,0x36,0x40,0x2D,
0x30,0x29,0x36,0xE5,0xE5,0xE5,0xFF,0xF3,0x04,0x0C,0x2D,0x29,0x32,0xE5,0xE5,0xE5,
0xFF,
};
alignas(16) inline constexpr uint16_t mmz4_msg04_script_offsets[] = {
0x0000,0x0172,0x022B,0x0249,0x0276,0x0321,0x034D,0x0379,
0x053B,0x0569,0x075E,0x0A17,0x0ACE,
};
constexpr int mmz4_msg04_num_entries = 13;
alignas(16) inline constexpr uint8_t mmz4_msg04_script_data[] = {
0xF3,0x04,0x4F,0x0B,0x37,0x42,0x00,0x35,0x39,0x29,0x00,0x29,0x37,0x38,0x33,0x00,
0x29,0x37,0xFC,0x45,0x36,0x29,0x25,0x00,0x24,0x29,0x36,0x33,0xDD,0xFD,0x0D,0x2D,
0x29,0x30,0xE8,0x00,0x4F,0x3A,0x29,0x37,0x00,0x29,0x37,0x38,0x33,0xFC,0x29,0x32,
0x00,0x29,0x30,0x00,0x31,0x33,0x32,0x2D,0x38,0x33,0x36,0xDD,0xFD,0xF3,0x24,0x0D,
0x2D,0x29,0x30,0xD9,0xFC,0xE9,0x1D,0x42,0xE8,0x00,0x30,0x33,0x00,0x29,0x37,0x38,
0x33,0x3D,0xFC,0x00,0x3A,0x2D,0x29,0x32,0x28,0x33,0x00,0x25,0x2C,0x33,0x36,0x25,
0xE5,0xE9,0xFD,0xE9,0x0F,0x37,0x00,0x2D,0x32,0x27,0x36,0x29,0x42,0x26,0x30,0x29,
0xE5,0xFC,0x00,0x18,0x33,0x00,0x37,0x25,0x26,0x42,0x25,0x00,0x35,0x39,0x29,0x00,
0x39,0x32,0xFC,0x00,0x30,0x39,0x2B,0x25,0x36,0x00,0x25,0x37,0x42,0xFD,0x00,0x25,
0x44,0x32,0x00,0x29,0x3C,0x2D,0x37,0x38,0x42,0x25,0xE5,0xE9,0xFD,0xF3,0x04,0x0D,
0x2D,0x29,0x30,0xE5,0xE5,0xE5,0xFC,0x4F,0x0D,0x39,0x40,0x30,0x00,0x29,0x37,0x00,
0x31,0x2D,0x00,0x31,0x2D,0x37,0x2D,0x43,0x32,0xDD,0xFD,0xF3,0x24,0x0D,0x2D,0x29,
0x30,0xD9,0xFC,0xE9,0x4E,0x19,0x2C,0xE8,0x00,0x30,0x33,0x00,0x37,0x2D,0x29,0x32,
0x38,0x33,0xCA,0xE9,0xFD,0xE9,0x0F,0x30,0x00,0x29,0x32,0x29,0x31,0x2D,0x2B,0x33,
0x00,0x29,0x37,0x38,0x40,0xFC,0x00,0x29,0x32,0x00,0x30,0x33,0x37,0x00,0x36,0x29,
0x37,0x38,0x33,0x37,0x00,0x28,0x29,0xFC,0x00,0x30,0x25,0x00,0x27,0x33,0x30,0x33,
0x32,0x2D,0x25,0xE5,0xE5,0xE5,0xE9,0xFD,0xE9,0x16,0x25,0x00,0x29,0x32,0x38,0x36,
0x25,0x28,0x25,0x00,0x28,0x29,0x26,0x29,0x36,0x42,0x25,0xFC,0x00,0x29,0x37,0x38,
0x25,0x36,0x00,0x31,0x40,0x37,0x00,0x25,0x28,0x29,0x30,0x25,0x32,0x38,0x29,0xE5,
0xE9,0xFD,0xF3,0x04,0x0F,0x32,0x38,0x29,0x32,0x28,0x2D,0x28,0x33,0xE5,0xE5,0xE5,
0xFC,0x20,0x33,0x3D,0x00,0x29,0x32,0x00,0x27,0x25,0x31,0x2D,0x32,0x33,0xE5,0xFD,
0x4F,0x1B,0x39,0x41,0x00,0x29,0x37,0x38,0x25,0x36,0x40,0xFC,0x38,0x36,0x25,0x31,
0x25,0x32,0x28,0x33,0x00,0x29,0x30,0xFC,0x0E,0x36,0xE5,0x00,0x21,0x29,0x2D,0x30,
0xDD,0xFF,0xF3,0x1F,0x4E,0x15,0x3D,0x25,0x2F,0x3D,0x25,0xCA,0xFC,0x4E,0x1A,0x25,
0x36,0x25,0x00,0x35,0x39,0x41,0x00,0x34,0x36,0x29,0x33,0x27,0x39,0x34,0x25,0x36,
0x37,0x29,0xFC,0x34,0x33,0x36,0x00,0x34,0x29,0x35,0x39,0x29,0x4C,0x29,0x27,0x29,
0x37,0xCA,0xFD,0x0F,0x37,0x38,0x33,0x3D,0x00,0x25,0x00,0x2A,0x25,0x3A,0x33,0x36,
0x00,0x28,0x29,0xFC,0x25,0x36,0x36,0x25,0x37,0x25,0x36,0x00,0x45,0x36,0x29,0x25,
0x00,0x24,0x29,0x36,0x33,0xE8,0xFC,0x34,0x29,0x36,0x33,0x00,0x29,0x37,0x38,0x33,
0x00,0x37,0x29,0x00,0x29,0x37,0x38,0x40,0xFD,0x2C,0x25,0x27,0x2D,0x29,0x32,0x28,
0x33,0x00,0x29,0x38,0x29,0x36,0x32,0x33,0xE5,0xFC,0x1D,0x39,0x34,0x33,0x32,0x2B,
0x33,0x00,0x35,0x39,0x29,0x00,0x32,0x33,0x00,0x38,0x29,0x32,0x2B,0x33,0xFC,0x31,
0x40,0x37,0x00,0x33,0x34,0x27,0x2D,0x43,0x32,0x00,0x35,0x39,0x29,0xFD,0x37,0x29,
0x2B,0x39,0x2D,0x36,0x00,0x29,0x30,0x00,0x34,0x30,0x25,0x32,0xFC,0x28,0x29,0x00,
0x16,0x33,0x36,0x28,0x00,0x21,0x29,0x2D,0x30,0xE5,0xFF,0xF3,0x04,0x1A,0x25,0x36,
0x29,0x27,0x29,0x00,0x35,0x39,0x29,0x00,0x28,0x29,0x2E,0x41,0xFC,0x39,0x32,0x00,
0x29,0x37,0x26,0x2D,0x36,0x36,0x33,0xE5,0xFF,0xF3,0x1F,0x4E,0x15,0x3D,0x25,0xCA,
0x00,0x4F,0x1B,0x39,0x2D,0x41,0x32,0x00,0x37,0x29,0xFC,0x25,0x38,0x36,0x29,0x3A,
0x29,0x00,0x25,0x00,0x30,0x30,0x25,0x31,0x25,0x36,0x31,0x29,0xFC,0x29,0x37,0x26,
0x2D,0x36,0x36,0x33,0xDD,0xFF,0xF3,0x1F,0x4F,0x1B,0x39,0x2D,0x41,0x32,0x00,0x29,
0x36,0x29,0x37,0xDD,0xFC,0x4F,0x23,0x00,0x28,0x29,0x00,0x28,0x43,0x32,0x28,0x29,
0xFC,0x37,0x25,0x30,0x2D,0x37,0x38,0x29,0xDD,0xFD,0x4E,0x1E,0x29,0x00,0x29,0x32,
0x37,0x29,0x4C,0x25,0x36,0x41,0x00,0x25,0x00,0x29,0x32,0x38,0x36,0x25,0x36,0xFC,
0x25,0x35,0x39,0x42,0x00,0x3D,0x00,0x25,0x00,0x2D,0x32,0x37,0x39,0x30,0x38,0x25,
0x36,0x31,0x29,0xCA,0xFC,0x4E,0x15,0x3D,0x25,0x2F,0x3D,0x25,0xCA,0xFD,0xF3,0x04,
0x0F,0x36,0x29,0x37,0x00,0x31,0x39,0x3D,0x00,0x36,0x39,0x2D,0x28,0x33,0x37,0x33,
0xE5,0xFD,0xF3,0x1F,0x4E,0x15,0x3D,0x25,0x2F,0x3D,0x25,0xCA,0xFC,0x4E,0x0B,0x2C,
0x33,0x36,0x25,0x00,0x29,0x37,0x38,0x33,0x3D,0x00,0x2A,0x39,0x36,0x2D,0x33,0x37,
0x33,0xCA,0xFD,0x4E,0x20,0x25,0x31,0x33,0x37,0xCA,0xFC,0x4E,0x1E,0x29,0x00,0x31,
0x33,0x37,0x38,0x36,0x25,0x36,0x41,0xCA,0xFC,0x4E,0x15,0x25,0x2F,0x3D,0x25,0xCA,
0xFF,0xF3,0x1B,0x18,0x33,0x00,0x25,0x27,0x25,0x34,0x25,0x36,0x29,0x37,0x00,0x38,
0x33,0x28,0x25,0xFC,0x30,0x25,0x00,0x28,0x2D,0x3A,0x29,0x36,0x37,0x2D,0x43,0x32,
0xE8,0xFC,0x0D,0x33,0x27,0x25,0x34,0x29,0x38,0x36,0x2D,0xE5,0xFF,0xF3,0x19,0x1D,
0x42,0xE5,0xE5,0xE5,0xFC,0x4E,0x1B,0x39,0x2D,0x29,0x36,0x33,0x00,0x37,0x29,0x36,
0x00,0x3D,0x33,0xFC,0x35,0x39,0x2D,0x29,0x32,0x00,0x30,0x33,0x00,0x2C,0x25,0x2B,
0x25,0x00,0x25,0x36,0x28,0x29,0x36,0xCA,0xFF,0xF3,0x1F,0x4E,0x15,0x3D,0x25,0xCA,
0xFC,0x4E,0x1D,0x2D,0x30,0x29,0x32,0x27,0x2D,0x33,0xCA,0x00,0x4E,0x46,0x30,0x00,
0x37,0x29,0x36,0x40,0xFC,0x31,0x2D,0x00,0x27,0x29,0x32,0x25,0xCA,0xFD,0xF3,0x15,
0x0F,0x30,0x00,0x35,0x39,0x29,0x00,0x28,0x29,0x26,0x29,0xFC,0x27,0x25,0x30,0x30,
0x25,0x36,0x37,0x29,0x00,0x29,0x36,0x29,0x37,0x00,0x38,0x44,0xE5,0xFD,0x18,0x33,
0x00,0x36,0x29,0x2B,0x36,0x29,0x37,0x25,0x37,0x38,0x29,0xFC,0x25,0x00,0x38,0x2D,
0x29,0x31,0x34,0x33,0xE8,0x00,0x25,0x37,0x42,0x00,0x35,0x39,0x29,0xFC,0x38,0x39,
0x3A,0x2D,0x31,0x33,0x37,0x00,0x35,0x39,0x29,0x00,0x3A,0x29,0x32,0x2D,0x36,0xFD,
0x25,0x00,0x26,0x39,0x37,0x27,0x25,0x36,0x38,0x29,0xE5,0xFD,0xF3,0x17,0x1A,0x33,
0x36,0x00,0x27,0x2D,0x29,0x36,0x38,0x33,0xE8,0x00,0x4F,0x35,0x39,0x2D,0x41,0x32,
0xFC,0x29,0x37,0x00,0x29,0x37,0x29,0x00,0x1C,0x29,0x34,0x30,0x33,0x2D,0x28,0x29,
0x00,0x35,0x39,0x29,0xFC,0x29,0x37,0x38,0x40,0x00,0x25,0x30,0x30,0x40,0xDD,0xFD,
0xF3,0x1D,0x4E,0x1C,0x33,0x25,0x36,0xCA,0xFC,0x0F,0xD6,0x29,0x37,0x29,0xE5,0xE5,
0xE5,0x29,0x37,0xE5,0xE5,0xE5,0xFC,0x24,0x29,0xE5,0xE5,0xE5,0xFD,0xFB,0xF3,0x13,
0x1D,0x39,0x00,0x32,0x33,0x31,0x26,0x36,0x29,0x00,0x29,0x37,0x00,0x24,0x29,0x36,
0x33,0xE5,0xFC,0x12,0x25,0x26,0x42,0x25,0x00,0x28,0x25,0x38,0x33,0x37,0x00,0x37,
0x33,0x26,0x36,0x29,0xFC,0x41,0x30,0x00,0x29,0x32,0x00,0x29,0x30,0x00,0x34,0x30,
0x25,0x32,0xFD,0x31,0x25,0x29,0x37,0x38,0x36,0x33,0x00,0x28,0x29,0xFC,0x16,0x33,
0x36,0x28,0x00,0x21,0x29,0x2D,0x30,0xE5,0xFD,0x17,0x2D,0x32,0x33,0x00,0x17,0x25,
0x2B,0x32,0x39,0x37,0xE5,0xE5,0xE5,0xFC,0x13,0x32,0x38,0x29,0x32,0x38,0x25,0x00,
0x37,0x29,0x36,0x00,0x31,0x40,0x37,0x00,0x36,0x40,0x34,0x2D,0xD6,0xFC,0x28,0x33,
0x00,0x30,0x25,0x00,0x34,0x36,0x43,0x3C,0x2D,0x31,0x25,0x00,0x3A,0x29,0x3E,0xE5,
0xFD,0xFA,0xF3,0x11,0x4F,0x24,0x29,0x36,0x33,0xDD,0x00,0x4F,0x0B,0x37,0x42,0x00,
0x35,0x39,0x29,0x00,0x29,0x37,0x38,0x29,0xFC,0x1C,0x29,0x34,0x30,0x33,0x2D,0x28,
0x29,0x00,0x29,0x37,0x00,0x32,0x39,0x29,0x37,0x38,0x36,0x33,0xFC,0x33,0x26,0x2E,
0x29,0x38,0x2D,0x3A,0x33,0xDD,0xFD,0x0F,0x32,0x38,0x33,0x32,0x27,0x29,0x37,0x00,
0x28,0x29,0x26,0x29,0x36,0x42,0x25,0x31,0x33,0x37,0xFC,0x29,0x32,0x27,0x25,0x36,
0x2B,0x25,0x36,0x32,0x33,0x37,0x00,0x28,0x29,0x00,0x41,0x30,0xFC,0x25,0x35,0x39,
0x42,0x00,0x3D,0x00,0x25,0x2C,0x33,0x36,0x25,0xE5,0xFF,0xF3,0x04,0x4E,0x0B,0x2C,
0xCA,0xFD,0xF3,0x26,0xDD,0xDD,0xDD,0xD9,0xFC,0xE9,0x0F,0x30,0x00,0x38,0x2D,0x29,
0x31,0x34,0x33,0x00,0x37,0x29,0x00,0x25,0x2B,0x33,0x38,0x25,0xE5,0xFC,0x00,0x0E,
0x41,0x2E,0x29,0x32,0x30,0x33,0xE5,0xE9,0xFF,0xF3,0x21,0x1D,0x33,0x30,0x33,0x00,
0x29,0x37,0x38,0x25,0x31,0x33,0x37,0x00,0x25,0x35,0x39,0x42,0xFC,0x34,0x25,0x36,
0x25,0x00,0x2D,0x32,0x3A,0x29,0x37,0x38,0x2D,0x2B,0x25,0x36,0xFC,0x45,0x36,0x29,
0x25,0x00,0x24,0x29,0x36,0x33,0xE5,0xFD,0x18,0x33,0x00,0x38,0x2D,0x29,0x32,0x29,
0x32,0x00,0x34,0x29,0x36,0x31,0x2D,0x37,0x33,0xFC,0x34,0x25,0x36,0x25,0x00,0x27,
0x33,0x31,0x26,0x25,0x38,0x2D,0x36,0xE5,0xFD,0xF3,0x15,0x19,0x2C,0xE8,0x00,0x3A,
0x25,0x31,0x33,0x37,0xE8,0xFC,0x0D,0x33,0x31,0x25,0x32,0x28,0x25,0x32,0x38,0x29,
0x00,0x0D,0x36,0x25,0x2A,0x38,0xE5,0xFD,0x18,0x33,0x00,0x28,0x2D,0x36,0x40,0x37,
0x00,0x35,0x39,0x29,0xFC,0x28,0x29,0x26,0x29,0x31,0x33,0x37,0x00,0x28,0x29,0x2E,
0x25,0x36,0x00,0x25,0x30,0xFC,0x29,0x32,0x29,0x31,0x2D,0x2B,0x33,0xE8,0x00,0x4F,
0x3A,0x29,0x36,0x28,0x25,0x28,0xDD,0xFD,0xF3,0x21,0x18,0x29,0x27,0x29,0x37,0x2D,
0x38,0x25,0x31,0x33,0x37,0x00,0x29,0x30,0x00,0x34,0x33,0x28,0x29,0x36,0xFC,0x28,
0x29,0x00,0x1C,0x25,0x2B,0x32,0x25,0x36,0x33,0x2F,0x00,0x34,0x25,0x36,0x25,0xFC,
0x28,0x29,0x37,0x38,0x36,0x39,0x2D,0x36,0x00,0x38,0x33,0x28,0x25,0x00,0x29,0x37,
0x38,0x25,0xFD,0x32,0x25,0x38,0x39,0x36,0x25,0x30,0x29,0x3E,0x25,0xE5,0xFD,0x1F,
0x32,0x25,0x00,0x3A,0x29,0x3E,0x00,0x35,0x39,0x29,0x00,0x1C,0x25,0x2B,0x32,0x25,
0x36,0x33,0x2F,0xFC,0x27,0x33,0x31,0x2D,0x29,0x32,0x27,0x29,0xE8,0x00,0x39,0x32,
0x00,0x37,0x33,0x30,0x33,0xFC,0x1C,0x29,0x34,0x30,0x33,0x2D,0x28,0x29,0x00,0x32,
0x33,0x00,0x37,0x29,0x36,0x40,0x00,0x28,0x29,0xFD,0x32,0x39,0x29,0x37,0x38,0x36,
0x25,0x00,0x2D,0x31,0x34,0x33,0x36,0x38,0x25,0x32,0x27,0x2D,0x25,0xE5,0xFC,0x18,
0x33,0x00,0x2C,0x25,0x3D,0x00,0x38,0x2D,0x29,0x31,0x34,0x33,0x00,0x34,0x25,0x36,
0x25,0xFC,0x33,0x27,0x39,0x34,0x25,0x36,0x32,0x33,0x37,0xFD,0x28,0x29,0x00,0x41,
0x30,0x00,0x25,0x2C,0x33,0x36,0x25,0xE5,0xFD,0xF3,0x04,0x4F,0x4E,0x0E,0x29,0x37,
0x38,0x36,0x39,0x2D,0x36,0x00,0x30,0x25,0xFC,0x32,0x25,0x38,0x39,0x36,0x25,0x30,
0x29,0x3E,0x25,0x00,0x28,0x29,0x30,0xFC,0x45,0x36,0x29,0x25,0x00,0x24,0x29,0x36,
0x33,0xCA,0xDD,0xFD,0x4F,0x4E,0x1B,0x39,0x41,0x00,0x29,0x37,0x00,0x30,0x33,0x00,
0x35,0x39,0x29,0xFC,0x2D,0x32,0x38,0x29,0x32,0x38,0x25,0x32,0x00,0x2C,0x25,0x27,
0x29,0x36,0xCA,0xDD,0xFD,0xF3,0x21,0x17,0x2D,0x00,0x32,0x33,0x31,0x26,0x36,0x29,
0x00,0x29,0x37,0x00,0x0D,0x36,0x25,0x2A,0x38,0xE5,0xFD,0x1D,0x33,0x3D,0x00,0x39,
0x32,0x00,0x37,0x33,0x30,0x28,0x25,0x28,0x33,0x00,0x28,0x29,0xFC,0x18,0x29,0x33,
0x00,0x0B,0x36,0x27,0x25,0x28,0x2D,0x25,0xE5,0xE5,0xE5,0xFC,0x18,0x33,0xE8,0x00,
0x28,0x29,0x00,0x16,0x33,0x36,0x28,0x00,0x21,0x29,0x2D,0x30,0xE5,0xFF,0xFB,0xF3,
0x21,0x18,0x33,0x37,0x33,0x38,0x36,0x33,0x37,0xE5,0xE5,0xE5,0xFC,0x16,0x33,0x36,
0x28,0x00,0x21,0x29,0x2D,0x30,0xE5,0xE5,0xE5,0xFC,0x29,0x3C,0x2D,0x2B,0x29,0x00,
0x35,0x39,0x29,0x00,0x38,0x33,0x28,0x25,0xFD,0x30,0x25,0x00,0x32,0x25,0x38,0x39,
0x36,0x25,0x30,0x29,0x3E,0x25,0xFC,0x37,0x29,0x25,0x00,0x28,0x29,0x37,0x38,0x36,
0x39,0x2D,0x28,0x25,0xE5,0xFD,0xF3,0x1A,0x49,0x30,0x38,0x2D,0x31,0x25,0x31,0x29,
0x32,0x38,0x29,0x00,0x2C,0x25,0x3D,0xFC,0x31,0x39,0x27,0x2C,0x33,0x37,0x00,0x2C,
0x39,0x31,0x25,0x32,0x33,0x37,0xFC,0x2D,0x32,0x37,0x33,0x30,0x29,0x32,0x38,0x29,
0x37,0x00,0x35,0x39,0x29,0xFD,0x27,0x36,0x29,0x29,0x32,0x00,0x35,0x39,0x29,0x00,
0x29,0x30,0x00,0x31,0x39,0x32,0x28,0x33,0xFC,0x2A,0x39,0x29,0x36,0x25,0x00,0x28,
0x29,0x00,0x18,0x29,0x33,0xFC,0x0B,0x36,0x27,0x25,0x28,0x2D,0x25,0x00,0x29,0x37,
0x00,0x31,0x29,0x2E,0x33,0x36,0xE5,0xFD,0xF3,0x19,0x1A,0x33,0x36,0x00,0x29,0x37,
0x33,0x00,0x28,0x29,0x26,0x29,0x31,0x33,0x37,0xFC,0x25,0x37,0x29,0x2B,0x39,0x36,
0x25,0x36,0x32,0x33,0x37,0x00,0x28,0x29,0x00,0x35,0x39,0x29,0xFC,0x32,0x33,0x00,
0x30,0x33,0x00,0x37,0x29,0x25,0xFD,0x35,0x39,0x29,0x31,0x40,0x32,0x28,0x33,0x30,
0x33,0x00,0x38,0x33,0x28,0x33,0xE5,0xFD,0xF3,0x1F,0x4E,0x0B,0x37,0x42,0x00,0x32,
0x25,0x28,0x2D,0x29,0x00,0x38,0x29,0x32,0x28,0x36,0x40,0xFC,0x2D,0x30,0x39,0x37,
0x2D,0x33,0x32,0x29,0x37,0x00,0x28,0x29,0xFC,0x29,0x37,0x27,0x25,0x34,0x25,0x36,
0x00,0x28,0x29,0x00,0x21,0x29,0x2D,0x30,0xCA,0xFD,0xF3,0x16,0x4F,0x1B,0x39,0x2D,
0x41,0x32,0x00,0x29,0x30,0x29,0x2B,0x2D,0x36,0x42,0x25,0x00,0x30,0x25,0xFC,0x32,
0x25,0x38,0x39,0x36,0x25,0x30,0x29,0x3E,0x25,0x00,0x37,0x33,0x26,0x36,0x29,0xFC,
0x16,0x33,0x36,0x28,0x00,0x21,0x29,0x2D,0x30,0xDD,0xFD,0xF3,0x14,0x18,0x33,0x00,
0x34,0x39,0x29,0x28,0x33,0x00,0x27,0x36,0x29,0x29,0x36,0x30,0x33,0xE5,0xFC,0x16,
0x33,0x37,0x00,0x2C,0x39,0x31,0x25,0x32,0x33,0x37,0x00,0x37,0x33,0x32,0xFC,0x38,
0x25,0x32,0x00,0x38,0x33,0x32,0x38,0x33,0x37,0xE5,0xFD,0xF3,0x1C,0x4E,0x1C,0x33,
0x25,0x36,0xCA,0xFC,0x0F,0x30,0x00,0x0D,0x33,0x31,0x25,0x32,0x28,0x25,0x32,0x38,
0x29,0xFC,0x0D,0x36,0x25,0x2A,0x38,0xE5,0xE5,0xE5,0x00,0x29,0x37,0xE5,0xE5,0xE5,
0xFD,0xF3,0x13,0x4E,0x0F,0x37,0x00,0x29,0x30,0x00,0x30,0x42,0x28,0x29,0x36,0x00,
0x28,0x29,0x00,0x30,0x33,0x37,0xFC,0x0F,0x2D,0x32,0x2C,0x29,0x36,0x2E,0x25,0x36,
0xE8,0x00,0x30,0x33,0x37,0xFC,0x19,0x27,0x2C,0x33,0x00,0x11,0x39,0x29,0x36,0x36,
0x29,0x36,0x33,0x37,0xCA,0xFD,0xF3,0x11,0x16,0x33,0x37,0x00,0x33,0x27,0x2C,0x33,
0x00,0x28,0x29,0x00,0x32,0x33,0x37,0x33,0x38,0x36,0x33,0x37,0xFC,0x28,0x29,0x37,
0x38,0x36,0x39,0x2D,0x36,0x29,0x31,0x33,0x37,0x00,0x29,0x30,0xFC,0x31,0x29,0x28,
0x2D,0x33,0x00,0x25,0x31,0x26,0x2D,0x29,0x32,0x38,0x29,0xE5,0xFD,0xF3,0x21,0x23,
0x00,0x27,0x33,0x31,0x33,0x00,0x34,0x25,0x36,0x38,0x29,0x00,0x28,0x29,0x30,0xFC,
0x34,0x30,0x25,0x32,0x00,0x28,0x29,0x00,0x16,0x33,0x36,0x28,0x00,0x21,0x29,0x2D,
0x30,0xE8,0xFC,0x28,0x29,0x37,0x38,0x36,0x39,0x2D,0x36,0x29,0x31,0x33,0x37,0xFD,
0x45,0x36,0x29,0x25,0x00,0x24,0x29,0x36,0x33,0x00,0x38,0x25,0x31,0x26,0x2D,0x41,
0x32,0xE5,0xFD,0x0F,0x37,0x33,0x00,0x29,0x37,0x00,0xE9,0x1C,0x25,0x2B,0x32,0x25,
0x36,0x33,0x2F,0xE9,0xE5,0xFD,0x23,0x25,0x00,0x30,0x33,0x00,0x3A,0x29,0x37,0xE8,
0x00,0x24,0x29,0x36,0x33,0xE5,0xFC,0x18,0x33,0x00,0x2C,0x25,0x3D,0x00,0x32,0x25,
0x28,0x25,0x00,0x35,0x39,0x29,0xFC,0x34,0x39,0x29,0x28,0x25,0x37,0x00,0x2C,0x25,
0x27,0x29,0x36,0xE5,0xE5,0xE5,0xFD,0x18,0x33,0x00,0x29,0x36,0x29,0x37,0x00,0x25,
0x31,0x29,0x32,0x25,0x3E,0x25,0xFC,0x34,0x25,0x36,0x25,0x00,0x16,0x33,0x36,0x28,
0x00,0x21,0x29,0x2D,0x30,0xE5,0xFF,0xF3,0x21,0x23,0x25,0x00,0x30,0x33,0x00,0x29,
0x32,0x38,0x29,0x32,0x28,0x29,0x36,0x40,0x37,0xE5,0xFD,0x0F,0x37,0x38,0x29,0x00,
0x31,0x39,0x32,0x28,0x33,0xFC,0x34,0x29,0x36,0x38,0x29,0x32,0x29,0x27,0x29,0x00,
0x25,0xFC,0x16,0x33,0x36,0x28,0x00,0x21,0x29,0x2D,0x30,0xE5,0xFD,0x1F,0x32,0x25,
0x00,0x37,0x33,0x30,0x25,0x00,0x34,0x29,0x36,0x37,0x33,0x32,0x25,0xFC,0x32,0x33,
0x00,0x34,0x39,0x29,0x28,0x29,0x00,0x27,0x25,0x31,0x26,0x2D,0x25,0x36,0xFC,0x29,
0x30,0x00,0x31,0x39,0x32,0x28,0x33,0xE5,0xFD,0x16,0x33,0x37,0x00,0x2C,0x41,0x36,
0x33,0x29,0x37,0x00,0x37,0x33,0x32,0xFC,0x27,0x33,0x37,0x25,0x00,0x28,0x29,0x30,
0x00,0x34,0x25,0x37,0x25,0x28,0x33,0xE5,0xE5,0xE5,0xFD,0xF3,0x04,0xE5,0xE5,0xE5,
0xFD,0xF3,0x21,0x0F,0x37,0x00,0x2C,0x33,0x36,0x25,0x00,0x28,0x29,0x00,0x2D,0x36,
0x32,0x33,0x37,0xE5,0xE5,0xE5,0xFC,0x1C,0x25,0x2B,0x32,0x25,0x36,0x33,0x2F,0x00,
0x2C,0x25,0xFC,0x27,0x33,0x31,0x29,0x32,0x3E,0x25,0x28,0x33,0xE5,0xFF,0xF3,0x04,
0xE5,0xE5,0xE5,0xFD,0xF3,0x24,0x0D,0x2D,0x29,0x30,0xD9,0xFC,0xE9,0x4E,0x24,0x29,
0x36,0x33,0xCA,0xFC,0x00,0x4F,0x0F,0x37,0x38,0x40,0x37,0x00,0x26,0x2D,0x29,0x32,
0xDD,0xE9,0xFD,0xF3,0x04,0x0D,0x2D,0x29,0x30,0xE8,0x00,0x4F,0x29,0x36,0x29,0x37,
0x00,0x38,0x44,0xDD,0xFD,0x4F,0x20,0x2D,0x37,0x38,0x29,0x00,0x38,0x33,0x28,0x33,
0xFC,0x29,0x37,0x33,0xDD,0xFD,0xF3,0x24,0x0D,0x2D,0x29,0x30,0xD9,0xFC,0xE9,0x1D,
0x42,0xE8,0x00,0x32,0x33,0x00,0x34,0x39,0x29,0x28,0x33,0xFC,0x00,0x27,0x36,0x29,
0x29,0x36,0x00,0x35,0x39,0x29,0x00,0x29,0x30,0xFD,0x00,0x0E,0x36,0xE5,0x00,0x21,
0x29,0x2D,0x30,0xFC,0x00,0x2C,0x2D,0x27,0x2D,0x29,0x36,0x25,0x00,0x29,0x37,0x33,
0xE5,0xE5,0xE5,0xE9,0xFD,0xE9,0x1E,0x25,0x31,0x26,0x2D,0x41,0x32,0x00,0x2C,0x29,
0x31,0x33,0x37,0xFC,0x00,0x30,0x30,0x29,0x2B,0x25,0x28,0x33,0x00,0x25,0x30,0xFC,
0x00,0x45,0x36,0x29,0x25,0x00,0x24,0x29,0x36,0x33,0xE5,0xE5,0xE5,0xE9,0xFD,0xE9,
0x0F,0x32,0x27,0x33,0x32,0x38,0x36,0x25,0x31,0x33,0x37,0x00,0x29,0x30,0xFC,0x00,
0x25,0x37,0x29,0x32,0x38,0x25,0x31,0x2D,0x29,0x32,0x38,0x33,0xE8,0xFC,0x00,0x3A,
0x39,0x29,0x30,0x3A,0x29,0x00,0x25,0x30,0x00,0x38,0x36,0x40,0x2D,0x30,0x29,0x36,
0xE5,0xE9,0xFD,0xF3,0x04,0x0F,0x32,0x38,0x29,0x32,0x28,0x2D,0x28,0x33,0xE5,0xE5,
0xE5,0xFC,0x19,0x34,0x29,0x36,0x25,0x28,0x33,0x36,0x25,0xE8,0xFC,0x30,0x30,0x41,
0x3A,0x25,0x31,0x29,0x00,0x28,0x29,0x00,0x3A,0x39,0x29,0x30,0x38,0x25,0xE5,0xFD,
0xF3,0x24,0x19,0x34,0x29,0x36,0x25,0x28,0x33,0x36,0x25,0xD9,0xFC,0xE9,0x13,0x32,
0x2D,0x27,0x2D,0x25,0x32,0x28,0x33,0xFC,0x00,0x38,0x36,0x25,0x32,0x37,0x34,0x33,
0x36,0x38,0x29,0xE5,0xE9,0xFF,
};
alignas(16) inline constexpr uint16_t mmz4_msg05_script_offsets[] = {
0x0000,0x0132,0x0132,0x0132,0x0132,0x0132,0x0132,0x0132,
0x0132,0x0132,0x0132,0x0132,0x0132,0x0132,0x0132,0x0132,
0x0132,0x0211,0x023E,
};
constexpr int mmz4_msg05_num_entries = 19;
alignas(16) inline constexpr uint8_t mmz4_msg05_script_data[] = {
0xF3,0x24,0x19,0x34,0x29,0x36,0x25,0x28,0x33,0x36,0x25,0xD9,0xFC,0xE9,0x4E,0x24,
0x29,0x36,0x33,0xCA,0xE9,0xFD,0xE9,0x4E,0x18,0x33,0x00,0x34,0x33,0x28,0x29,0x31,
0x33,0x37,0x00,0x28,0x29,0x38,0x29,0x32,0x29,0x36,0xFC,0x00,0x29,0x37,0x29,0x00,
0x36,0x25,0x3D,0x33,0x00,0x28,0x29,0x00,0x34,0x25,0x36,0x38,0x42,0x27,0x39,0xD6,
0xFC,0x00,0x30,0x25,0x37,0x00,0x28,0x29,0x37,0x28,0x29,0x00,0x25,0x2A,0x39,0x29,
0x36,0x25,0xCA,0xE9,0xFD,0xE9,0x4E,0x13,0x32,0x2A,0x42,0x30,0x38,0x36,0x25,0x38,
0x29,0x00,0x3D,0xFC,0x00,0x28,0x29,0x38,0x41,0x32,0x30,0x33,0x00,0x28,0x29,0x37,
0x28,0x29,0xFC,0x00,0x28,0x29,0x32,0x38,0x36,0x33,0xCA,0xE9,0xFD,0xE9,0x0F,0x37,
0x38,0x33,0x3D,0x00,0x26,0x39,0x37,0x27,0x25,0x32,0x28,0x33,0xFC,0x00,0x39,0x32,
0x25,0x00,0x29,0x32,0x38,0x36,0x25,0x28,0x25,0xE5,0xE9,0xFD,0xF3,0x04,0x18,0x33,
0x00,0x2C,0x25,0x3D,0x00,0x34,0x36,0x33,0x26,0x30,0x29,0x31,0x25,0xE5,0xE5,0xE5,
0xFD,0x0F,0x32,0x38,0x36,0x25,0x36,0x41,0x00,0x34,0x33,0x36,0x00,0x29,0x30,0xFC,
0x27,0x25,0x4C,0x43,0x32,0xE5,0xFD,0xF3,0x24,0x19,0x34,0x29,0x36,0x25,0x28,0x33,
0x36,0x25,0xD9,0xFC,0xE9,0x4E,0x0F,0x37,0x33,0x00,0x29,0x37,0x00,0x31,0x39,0x3D,
0xFC,0x00,0x34,0x29,0x30,0x2D,0x2B,0x36,0x33,0x37,0x33,0xCA,0xE9,0xFD,0xF3,0x04,
0x1A,0x25,0x36,0x29,0x27,0x29,0x00,0x35,0x39,0x29,0x00,0x37,0x29,0x00,0x29,0x37,
0x38,0x40,0xFC,0x27,0x25,0x36,0x2B,0x25,0x32,0x28,0x33,0xE5,0xE5,0xE5,0xFD,0x18,
0x33,0x00,0x2C,0x25,0x3D,0x00,0x38,0x2D,0x29,0x31,0x34,0x33,0xE5,0xFC,0x4E,0x0D,
0x33,0x31,0x29,0x32,0x3E,0x25,0x32,0x28,0x33,0x00,0x31,0x2D,0x37,0x2D,0x43,0x32,
0xCA,0xFF,0xF3,0x11,0x1C,0x25,0x2B,0x32,0x25,0x36,0x33,0x2F,0x00,0x2C,0x25,0x36,
0x40,0xFC,0x28,0x29,0x37,0x34,0x29,0x36,0x38,0x25,0x36,0x00,0x25,0x00,0x30,0x33,
0x37,0xFC,0x2C,0x39,0x31,0x25,0x32,0x33,0x37,0x00,0x28,0x29,0x00,0x37,0x39,0xFD,
0x29,0x37,0x38,0x39,0x34,0x2D,0x28,0x29,0x3E,0xE5,0xE5,0xE5,0xFD,0x4E,0x0F,0x37,
0x00,0x29,0x30,0x00,0x2B,0x36,0x25,0x32,0x00,0x34,0x30,0x25,0x32,0x00,0x28,0x29,
0xFC,0x32,0x39,0x29,0x37,0x38,0x36,0x33,0x00,0x2B,0x36,0x39,0x34,0x33,0x00,0x26,
0x25,0x2E,0x33,0xFC,0x29,0x30,0x00,0x0D,0x31,0x28,0x38,0xE5,0x00,0x0D,0x36,0x25,
0x2A,0x38,0xCA,0xFD,0x4E,0x1D,0x33,0x3D,0x00,0x39,0x32,0x33,0x00,0x28,0x29,0x00,
0x30,0x33,0x37,0xFC,0x2B,0x39,0x29,0x36,0x36,0x29,0x36,0x33,0x37,0x00,0x0F,0x2D,
0x32,0x2C,0x29,0x36,0x2E,0x25,0x36,0xE8,0xFD,0x12,0x29,0x25,0x38,0x00,0x11,0x29,
0x32,0x26,0x30,0x29,0x31,0xCA,0xFD,0x4E,0x0E,0x29,0x36,0x36,0x33,0x38,0x25,0x36,
0x41,0x00,0x25,0x00,0x38,0x33,0x28,0x33,0xFC,0x29,0x30,0x00,0x35,0x39,0x29,0x00,
0x37,0x29,0x00,0x2D,0x32,0x38,0x29,0x36,0x34,0x33,0x32,0x2B,0x25,0xFC,0x29,0x32,
0x00,0x32,0x39,0x29,0x37,0x38,0x36,0x33,0x00,0x27,0x25,0x31,0x2D,0x32,0x33,0xCA,
0xFF,0xF3,0x11,0x4E,0x19,0x26,0x2E,0x29,0x38,0x2D,0x3A,0x33,0xFC,0x28,0x29,0x37,
0x38,0x36,0x39,0x2D,0x28,0x33,0xCA,0xFD,0x4E,0x1C,0x25,0x2B,0x32,0x25,0x36,0x33,
0x2F,0xFC,0x27,0x33,0x32,0x38,0x2D,0x32,0x39,0x25,0x36,0x40,0xCA,0xFF,0xF3,0x11,
0x4E,0x11,0x36,0x25,0x2B,0x2C,0xCA,0xFD,0x4E,0x18,0x33,0x00,0x30,0x33,0x2B,0x36,
0x41,0x00,0x28,0x29,0x37,0x38,0x36,0x39,0x2D,0x36,0xFC,0x31,0x2D,0x00,0x33,0x26,
0x2E,0x29,0x38,0x2D,0x3A,0x33,0xCA,0xFD,0x16,0x33,0x00,0x37,0x2D,0x29,0x32,0x38,
0x33,0xE8,0x00,0x38,0x29,0x00,0x2A,0x25,0x30,0x30,0x41,0xE8,0xFC,0x0D,0x31,0x28,
0x38,0xE5,0x00,0x0D,0x36,0x25,0x2A,0x38,0xE5,0xE5,0xE5,0xFC,0x4E,0x11,0x36,0x25,
0x25,0x25,0x2B,0x2C,0xCA,0xFF,
};
alignas(16) inline constexpr uint16_t mmz4_msg06_script_offsets[] = {
0x0000,0x00F1,0x00F1,0x00F1,0x00F1,0x00F1,0x00F1,0x00F1,
0x00F1,0x00F1,0x00F1,0x024C,0x02FD,0x03AA,0x03AA,0x03AA,
0x03AA,0x03F6,0x0443,0x046B,0x0497,0x04C1,0x0506,0x052D,
0x054E,0x0571,
};
constexpr int mmz4_msg06_num_entries = 26;
alignas(16) inline constexpr uint8_t mmz4_msg06_script_data[] = {
0xF3,0x24,0x0D,0x2D,0x29,0x30,0xD9,0xFC,0xE9,0x0E,0x29,0x26,0x29,0x36,0x42,0x25,
0x00,0x2C,0x25,0x26,0x29,0x36,0x00,0x39,0x32,0xFC,0x00,0x37,0x39,0x26,0x31,0x25,
0x36,0x2D,0x32,0x33,0x00,0x29,0x32,0x29,0x31,0x2D,0x2B,0x33,0xFD,0x00,0x29,0x32,
0x00,0x29,0x30,0x00,0x31,0x25,0x36,0xFC,0x00,0x34,0x36,0x33,0x2A,0x39,0x32,0x28,
0x33,0xE5,0xE9,0xFD,0xE9,0x13,0x32,0x27,0x30,0x39,0x37,0x33,0x00,0x34,0x25,0x36,
0x25,0x00,0x38,0x2D,0xE8,0xFC,0x00,0x2C,0x25,0x3D,0x00,0x39,0x32,0x00,0x30,0x42,
0x31,0x2D,0x38,0x29,0x00,0x25,0x00,0x30,0x25,0xFC,0x00,0x34,0x36,0x29,0x37,0x2D,
0x43,0x32,0x00,0x28,0x29,0x30,0x00,0x25,0x2B,0x39,0x25,0xFD,0x00,0x35,0x39,0x29,
0x00,0x34,0x39,0x29,0x28,0x29,0x37,0x00,0x37,0x33,0x34,0x33,0x36,0x38,0x25,0x36,
0xE8,0xFC,0x00,0x25,0x37,0x42,0x00,0x35,0x39,0x29,0x00,0x26,0x39,0x37,0x27,0x25,
0x36,0x41,0x00,0x39,0x32,0x25,0xFC,0x00,0x36,0x39,0x38,0x25,0x00,0x34,0x25,0x36,
0x25,0x00,0x38,0x2D,0xE5,0xFD,0x00,0x0F,0x32,0x38,0x36,0x25,0x00,0x25,0x32,0x38,
0x29,0x37,0x00,0x28,0x29,0x00,0x35,0x39,0x29,0xFC,0x00,0x29,0x30,0x00,0x27,0x33,
0x32,0x38,0x25,0x28,0x33,0x36,0x00,0x28,0x29,0x00,0x30,0x25,0xFC,0x00,0x29,0x37,
0x35,0x39,0x2D,0x32,0x25,0x00,0x37,0x29,0x00,0x25,0x2B,0x33,0x38,0x29,0xE5,0xE9,
0xFF,0xF3,0x13,0x0F,0x37,0x38,0x40,0x37,0x00,0x25,0x35,0x39,0x42,0xE5,0xE5,0xE5,
0xFD,0x4E,0x12,0x29,0x00,0x29,0x37,0x34,0x29,0x36,0x25,0x28,0x33,0x00,0x31,0x39,
0x27,0x2C,0x33,0xFC,0x38,0x2D,0x29,0x31,0x34,0x33,0x00,0x34,0x33,0x36,0x00,0x29,
0x37,0x38,0x33,0xE8,0xFC,0x24,0x29,0x36,0x33,0xCA,0xFD,0x18,0x33,0x00,0x37,0x33,
0x3D,0x00,0x37,0x33,0x30,0x33,0x00,0x39,0x32,0x33,0x00,0x28,0x29,0xFC,0x30,0x33,
0x37,0x00,0x33,0x27,0x2C,0x33,0x00,0x2B,0x39,0x29,0x36,0x36,0x29,0x36,0x33,0x37,
0xE8,0xFC,0x37,0x33,0x3D,0x00,0x39,0x32,0x00,0x36,0x29,0x31,0x25,0x32,0x29,0x32,
0x38,0x29,0xFD,0x28,0x29,0x30,0x00,0x29,0x2E,0x41,0x36,0x27,0x2D,0x38,0x33,0x00,
0x24,0x25,0x32,0xD0,0x29,0x2D,0xFC,0x28,0x29,0x30,0x00,0x28,0x2D,0x2A,0x39,0x32,
0x38,0x33,0x00,0x1A,0x2C,0x25,0x32,0x38,0x33,0x31,0xE5,0xFC,0x4E,0x1D,0x33,0x3D,
0x00,0x1E,0x29,0x27,0x2C,0x00,0x15,0x36,0x25,0x2F,0x29,0x32,0xCA,0xFD,0x4E,0x1D,
0x33,0x34,0x33,0x36,0x38,0x41,0x00,0x25,0x00,0x21,0x29,0x2D,0x30,0x00,0x3D,0xFC,
0x38,0x33,0x28,0x33,0x00,0x29,0x37,0x38,0x29,0x00,0x34,0x30,0x25,0x32,0x00,0x37,
0x33,0x30,0x33,0xFC,0x34,0x25,0x36,0x25,0x00,0x34,0x33,0x28,0x29,0x36,0xFD,0x3A,
0x29,0x32,0x2B,0x25,0x36,0x31,0x29,0x00,0x28,0x29,0x00,0x35,0x39,0x2D,0x29,0x32,
0xFC,0x28,0x29,0x36,0x36,0x33,0x38,0x43,0x00,0x25,0x00,0x1A,0x2C,0x25,0x32,0x38,
0x33,0x31,0xCA,0xFD,0x4E,0x1D,0x2D,0x29,0x32,0x38,0x29,0x00,0x30,0x25,0x00,0x2D,
0x36,0x25,0x00,0x28,0x29,0xFC,0x31,0x2D,0x00,0x25,0x32,0x38,0x2D,0x2B,0x39,0x33,
0x00,0x25,0x31,0x33,0xCA,0xFD,0x4E,0x0E,0x2D,0x37,0x2A,0x36,0x39,0x38,0x25,0x36,
0x41,0x00,0x2C,0x39,0x32,0x28,0x2D,0x29,0x32,0x28,0x33,0xFC,0x29,0x37,0x38,0x33,
0x37,0x00,0x27,0x33,0x30,0x31,0x2D,0x30,0x30,0x33,0x37,0x00,0x28,0x29,0xFC,0x2C,
0x2D,0x29,0x30,0x33,0x00,0x29,0x32,0x00,0x38,0x2D,0xCA,0xFF,0xF3,0x13,0x4E,0x0B,
0x2C,0x33,0x36,0x25,0x00,0x37,0x33,0x30,0x33,0x00,0x28,0x29,0x26,0x33,0xFC,0x29,
0x37,0x38,0x36,0x29,0x30,0x30,0x25,0x36,0x00,0x29,0x37,0x38,0x29,0x00,0x37,0x39,
0x26,0xD6,0xFC,0x31,0x25,0x36,0x2D,0x32,0x33,0x00,0x3D,0x00,0x34,0x36,0x33,0x3A,
0x33,0x27,0x25,0x36,0xFD,0x39,0x32,0x00,0x2B,0x36,0x25,0x32,0x00,0x38,0x29,0x36,
0x36,0x29,0x31,0x33,0x38,0x33,0xCA,0xFD,0x4F,0x0F,0x37,0x38,0x40,0x37,0x00,0x30,
0x2D,0x37,0x38,0x33,0x00,0x34,0x25,0x36,0x25,0xFC,0x2C,0x39,0x32,0x28,0x2D,0x36,
0x38,0x29,0x00,0x27,0x33,0x32,0x31,0x2D,0x2B,0x33,0xFC,0x2C,0x25,0x37,0x38,0x25,
0x00,0x29,0x30,0x00,0x2A,0x33,0x32,0x28,0x33,0xFD,0x28,0x29,0x30,0x00,0x33,0x27,
0x41,0x25,0x32,0x33,0xDD,0xFD,0x1A,0x2C,0x25,0x32,0x38,0x33,0x31,0xE5,0xE5,0xE5,
0xFC,0x4E,0x1A,0x36,0x33,0x32,0x38,0x33,0x00,0x31,0x29,0x00,0x36,0x29,0x39,0x32,
0x2D,0x36,0x41,0xFC,0x27,0x33,0x32,0x38,0x2D,0x2B,0x33,0xCA,0xFF,0xF3,0x13,0x4E,
0x12,0x36,0x25,0x2B,0x2C,0xCA,0xFD,0x16,0x29,0x00,0x34,0x36,0x29,0x37,0x38,0x41,
0x00,0x31,0x2D,0x00,0x2A,0x39,0x29,0x36,0x3E,0x25,0xFC,0x25,0x00,0x21,0x29,0x2D,
0x30,0xE8,0x00,0x3D,0x00,0x25,0x2C,0x33,0x36,0x25,0x00,0x28,0x29,0x26,0x33,0xFC,
0x34,0x25,0x2B,0x25,0x36,0x00,0x29,0x30,0x00,0x34,0x36,0x29,0x27,0x2D,0x33,0xE5,
0xFD,0x18,0x33,0x00,0x2C,0x25,0x3D,0x00,0x2A,0x33,0x36,0x31,0x25,0x00,0x28,0x29,
0xFC,0x37,0x25,0x30,0x3A,0x25,0x36,0x00,0x29,0x30,0x00,0x25,0x30,0x31,0x25,0x00,
0x28,0x29,0xFC,0x1A,0x2C,0x25,0x32,0x38,0x33,0x31,0xE5,0xE5,0xE5,0xFD,0x4E,0x1A,
0x29,0x36,0x33,0xE5,0xE5,0xE5,0x00,0x2C,0x2D,0x27,0x29,0x00,0x30,0x33,0x00,0x35,
0x39,0x29,0xFC,0x38,0x29,0x32,0x42,0x25,0x00,0x35,0x39,0x29,0x00,0x2C,0x25,0x27,
0x29,0x36,0xCA,0xFD,0x4E,0x1A,0x2C,0x25,0x32,0x38,0x33,0x31,0xCA,0xFC,0x4E,0x1A,
0x29,0x36,0x28,0x43,0x32,0x25,0x31,0x29,0xCA,0xFF,0xF3,0x00,0x0D,0x2D,0x29,0x30,
0xD9,0xE9,0x0F,0x30,0x00,0x40,0x36,0x29,0x25,0x00,0x25,0x30,0x36,0x29,0x28,0x29,
0x28,0x33,0x36,0x00,0x28,0x29,0x30,0xFD,0x37,0x39,0x26,0x31,0x25,0x36,0x2D,0x32,
0x33,0x00,0x29,0x37,0x00,0x39,0x32,0x00,0x30,0x25,0x26,0x29,0x36,0x2D,0x32,0x38,
0x33,0xE5,0xE9,0xFD,0xE9,0x4E,0x18,0x33,0x00,0x38,0x29,0x00,0x34,0x2D,0x29,0x36,
0x28,0x25,0x37,0xCA,0xE9,0xFF,0xF3,0x00,0x0D,0x2D,0x29,0x30,0xD9,0xE9,0x16,0x25,
0x00,0x29,0x32,0x38,0x36,0x25,0x28,0x25,0x00,0x29,0x37,0x38,0x40,0x00,0x2E,0x39,
0x37,0x38,0x33,0xFD,0x25,0x28,0x29,0x30,0x25,0x32,0x38,0x29,0x00,0x37,0x2D,0x00,
0x38,0x33,0x31,0x25,0x37,0x00,0x29,0x30,0xFD,0x34,0x25,0x37,0x25,0x2E,0x29,0x00,
0x37,0x39,0x34,0x29,0x36,0x2D,0x33,0x36,0x00,0x28,0x29,0x36,0x29,0x27,0x2C,0x33,
0xE5,0xE9,0xFF,0xF3,0x00,0x0D,0x2D,0x29,0x30,0xD9,0xE9,0x1A,0x25,0x36,0x29,0x27,
0x29,0x00,0x35,0x39,0x29,0x00,0x2C,0x25,0x37,0xFD,0x30,0x33,0x2B,0x36,0x25,0x28,
0x33,0x00,0x29,0x32,0x38,0x36,0x25,0x36,0xE5,0xE9,0xFF,0xF3,0x00,0x0D,0x2D,0x29,
0x30,0xD9,0xE9,0x4E,0x0E,0x25,0x38,0x29,0x00,0x34,0x36,0x2D,0x37,0x25,0xCA,0x00,
0x4E,0x18,0x33,0x00,0x2C,0x25,0x3D,0xFD,0x31,0x39,0x27,0x2C,0x33,0x00,0x38,0x2D,
0x29,0x31,0x34,0x33,0xCA,0xE9,0xFF,0xF3,0x00,0x0D,0x2D,0x29,0x30,0xD9,0xE9,0x4E,
0x24,0x29,0x36,0x33,0xCA,0xE9,0xFD,0xE9,0x4E,0x1A,0x33,0x36,0x00,0x2A,0x25,0x3A,
0x33,0x36,0xE8,0x00,0x28,0x25,0x38,0x29,0x00,0x34,0x36,0x2D,0x37,0x25,0xCA,0xE9,
0xFF,0xF3,0x00,0x0D,0x2D,0x29,0x30,0xD9,0xE9,0xE5,0xE5,0xE5,0x40,0x36,0x29,0x25,
0x00,0x25,0x30,0x36,0x29,0x28,0x29,0x28,0x33,0x36,0xE5,0xE5,0xE5,0xFD,0x37,0x39,
0x26,0xE5,0xE5,0xE5,0x30,0x25,0x26,0x29,0x36,0x2D,0x32,0x38,0x33,0xE5,0xE9,0xFD,
0xE9,0x4E,0x18,0x33,0xE5,0xE5,0xE5,0x38,0x29,0xE5,0xE5,0xE5,0x34,0x2D,0x29,0x36,
0xE5,0xE5,0xE5,0xCA,0xE9,0xFF,0xF3,0x00,0x0D,0x2D,0x29,0x30,0xD9,0xE9,0x24,0x29,
0x36,0x33,0xE5,0xE5,0xE5,0xE9,0xFD,0xE9,0x1C,0x29,0x27,0x29,0x34,0xE5,0xE5,0xE5,
0xFD,0xE5,0xE5,0xE5,0x27,0x2D,0x43,0x32,0xE5,0xE5,0xE5,0xE9,0xFF,0xF3,0x00,0x0D,
0x2D,0x29,0x30,0xD9,0xE9,0x1A,0x25,0x36,0x29,0x27,0x29,0xE5,0xE5,0xE5,0x2C,0x25,
0x37,0xFD,0x30,0x33,0x2B,0x36,0x25,0x28,0x33,0xE5,0xE5,0xE5,0xE9,0xFF,0xF3,0x00,
0x0D,0x2D,0x29,0x30,0xD9,0xE9,0x4E,0x0E,0x25,0x38,0x29,0xE5,0xE5,0xE5,0x18,0x33,
0x00,0x2C,0x25,0x3D,0xFD,0xE5,0xE5,0xE5,0x38,0x2D,0x29,0x31,0x34,0x33,0xCA,0xE9,
0xFF,0xF3,0x00,0x0D,0x2D,0x29,0x30,0xD9,0xE9,0x4E,0x24,0x29,0x36,0x33,0xCA,0xE9,
0xFD,0xE9,0x4E,0x1A,0x33,0x36,0xE5,0xE5,0xE5,0x3A,0x33,0x36,0xE8,0x00,0xE5,0xE5,
0xE5,0x34,0x36,0x2D,0x37,0x25,0xCA,0xE9,0xFF,
};
alignas(16) inline constexpr uint16_t mmz4_msg07_script_offsets[] = {
0x0000,0x0060,0x0060,0x0060,0x0060,0x0060,0x0060,0x0060,
0x0060,0x0060,0x0060,0x0060,0x0060,0x0060,0x0060,0x0060,
0x0060,0x011E,0x0188,
};
constexpr int mmz4_msg07_num_entries = 19;
alignas(16) inline constexpr uint8_t mmz4_msg07_script_data[] = {
0xF3,0x24,0x19,0x34,0x29,0x36,0x25,0x28,0x33,0x36,0x25,0xD9,0xFC,0xE9,0x4E,0x12,
0x25,0x3D,0x00,0x2B,0x29,0x32,0x29,0x36,0x25,0x28,0x33,0x36,0x29,0x37,0xFC,0x00,
0x28,0x29,0x00,0x30,0x30,0x39,0x3A,0x2D,0x25,0x00,0x40,0x27,0x2D,0x28,0x25,0xCA,
0xE9,0xFD,0xE9,0x4E,0x0E,0x29,0x37,0x38,0x36,0x44,0x3D,0x29,0x30,0x33,0x37,0x00,
0x3D,0xFC,0x00,0x37,0x25,0x30,0x3A,0x25,0x00,0x29,0x30,0x00,0x38,0x29,0x36,0x36,
0x29,0x32,0x33,0xFC,0x00,0x28,0x29,0x00,0x25,0x26,0x25,0x2E,0x33,0xCA,0xE9,0xFF,
0xF3,0x15,0x0B,0x36,0x36,0x25,0x37,0x25,0x36,0x41,0x00,0x27,0x33,0x32,0x00,0x30,
0x25,0x37,0xFC,0x2D,0x32,0x31,0x39,0x32,0x28,0x25,0x37,0x00,0x25,0x30,0x2D,0x31,
0x25,0x4C,0x25,0x37,0xFC,0x28,0x29,0x00,0x25,0x26,0x25,0x2E,0x33,0xE5,0xE5,0xE5,
0xFD,0x16,0x33,0x36,0x28,0x00,0x21,0x29,0x2D,0x30,0x00,0x2D,0x28,0x29,0x43,0x00,
0x39,0x32,0xFC,0x34,0x30,0x25,0x32,0x00,0x38,0x25,0x32,0x00,0x2C,0x29,0x36,0x31,
0x33,0x37,0x33,0xFC,0x27,0x33,0x31,0x33,0x00,0x3D,0x33,0xE5,0xFD,0x1E,0x33,0x28,
0x25,0x37,0x00,0x30,0x25,0x37,0x00,0x27,0x33,0x37,0x25,0x37,0xFC,0x2A,0x29,0x25,
0x37,0x00,0x28,0x29,0x26,0x29,0x32,0xFC,0x2D,0x32,0x27,0x30,0x2D,0x32,0x25,0x36,
0x37,0x29,0x00,0x25,0x32,0x38,0x29,0x00,0x31,0x42,0xE5,0xFD,0x4E,0x1A,0x29,0x2B,
0x25,0x37,0x33,0x30,0x38,0x25,0x00,0x0F,0x27,0x30,0x25,0x2D,0x36,0xFC,0x38,0x29,
0x00,0x29,0x32,0x3A,0x2D,0x25,0x36,0x40,0x00,0x25,0x00,0x30,0x25,0x37,0xFC,0x34,
0x36,0x33,0x2A,0x39,0x32,0x28,0x2D,0x28,0x25,0x28,0x29,0x37,0xCA,0xFF,0xF3,0x15,
0x4E,0x14,0x25,0x2E,0x25,0x2E,0x25,0xCA,0xFC,0x4E,0x1D,0x39,0x2A,0x36,0x29,0x00,
0x38,0x39,0x00,0x2B,0x36,0x25,0x32,0x00,0x3D,0xFC,0x29,0x37,0x34,0x25,0x32,0x38,
0x33,0x37,0x33,0x00,0x28,0x29,0x37,0x38,0x2D,0x32,0x33,0xCA,0xFD,0x4E,0x17,0x2D,
0x00,0x26,0x29,0x30,0x30,0x29,0x3E,0x25,0x00,0x29,0x37,0x00,0x39,0x32,0xFC,0x36,
0x29,0x2B,0x25,0x30,0x33,0x00,0x34,0x25,0x36,0x25,0x00,0x30,0x33,0x37,0x00,0x33,
0x2E,0x33,0x37,0xFC,0x28,0x29,0x00,0x25,0x30,0x2B,0x39,0x2D,0x29,0x32,0x00,0x38,
0x25,0x32,0x00,0x2A,0x29,0x33,0xCA,0xFF,0xF3,0x15,0x4E,0x21,0x25,0x2C,0xCA,0xFC,
0x4F,0x4E,0x0D,0x43,0x31,0x33,0x00,0x34,0x39,0x28,0x33,0xFC,0x34,0x25,0x37,0x25,
0x36,0x31,0x29,0x00,0x29,0x37,0x38,0x33,0xCA,0xDD,0xFD,0x4F,0x1E,0x44,0xE5,0xE5,
0xE5,0xFC,0x3A,0x29,0x32,0x27,0x29,0x36,0x31,0x29,0xDD,0xFD,0x0F,0x37,0x33,0x00,
0x29,0x37,0x00,0x2D,0x31,0x34,0x33,0x37,0x2D,0x26,0x30,0x29,0xE5,0xE5,0xE5,0xFD,
0x1A,0x29,0x36,0x33,0xE5,0xE5,0xE5,0x00,0x31,0x2D,0x00,0x31,0x39,0x29,0x36,0x38,
0x29,0xE8,0xFC,0x4E,0x29,0x37,0x00,0x38,0x25,0x32,0x00,0x2C,0x29,0x36,0x31,0x33,
0x37,0x25,0xCA,0xFF,
};
alignas(16) inline constexpr uint16_t mmz4_msg08_script_offsets[] = {
0x0000,0x00D1,0x00D1,0x00D1,0x00D1,0x00D1,0x00D1,0x00D1,
0x00D1,0x00D1,0x00D1,0x00D1,0x00D1,0x00D1,0x00D1,0x00D1,
0x00D1,0x01DE,0x0241,
};
constexpr int mmz4_msg08_num_entries = 19;
alignas(16) inline constexpr uint8_t mmz4_msg08_script_data[] = {
0xF3,0x24,0x19,0x34,0x29,0x36,0x25,0x28,0x33,0x36,0x25,0xD9,0xFC,0xE9,0x0F,0x37,
0x38,0x25,0x00,0x3E,0x33,0x32,0x25,0x00,0x29,0x37,0x38,0x40,0xFC,0x00,0x30,0x30,
0x29,0x32,0x25,0x00,0x28,0x29,0xFD,0x00,0x32,0x25,0x32,0x33,0x31,0x40,0x35,0x39,
0x2D,0x32,0x25,0x37,0xE5,0xE9,0xFD,0xE9,0x16,0x25,0x37,0x00,0x29,0x32,0x36,0x29,
0x28,0x25,0x28,0x29,0x36,0x25,0x37,0x00,0x28,0x29,0xFC,0x00,0x32,0x25,0x32,0x33,
0x31,0x40,0x35,0x39,0x2D,0x32,0x25,0x37,0x00,0x35,0x39,0x29,0xFC,0x00,0x26,0x30,
0x33,0x35,0x39,0x29,0x25,0x32,0x00,0x29,0x30,0x00,0x27,0x25,0x31,0x2D,0x32,0x33,
0xFD,0x00,0x34,0x39,0x29,0x28,0x29,0x32,0x00,0x29,0x30,0x2D,0x31,0x2D,0x32,0x25,
0x36,0x37,0x29,0xFC,0x00,0x27,0x33,0x32,0x00,0x29,0x30,0x00,0x0C,0x39,0x37,0x38,
0x29,0x36,0x00,0x33,0x00,0x29,0x30,0xFC,0x00,0x1D,0x25,0x26,0x29,0x36,0xE5,0xE5,
0xE5,0xE9,0xFD,0xE9,0x19,0x00,0x2D,0x32,0x27,0x30,0x39,0x37,0x33,0xFC,0x00,0x25,
0x36,0x36,0x25,0x32,0x27,0x25,0x36,0x37,0x29,0x00,0x27,0x33,0x32,0x00,0x29,0x30,
0xFC,0x00,0x24,0x29,0x36,0x33,0x00,0x15,0x32,0x39,0x27,0x2F,0x30,0x29,0xE5,0xE9,
0xFF,0xF3,0x17,0x20,0x25,0x3D,0x25,0xE8,0x00,0x34,0x29,0x32,0x37,0x41,0x00,0x35,
0x39,0x29,0xFC,0x2C,0x25,0x26,0x42,0x25,0x00,0x29,0x32,0x38,0x36,0x25,0x28,0x33,
0x00,0x39,0x32,0x25,0xFC,0x36,0x25,0x38,0x25,0xE8,0x00,0x34,0x29,0x36,0x33,0x00,
0x29,0x36,0x25,0x37,0x00,0x38,0x44,0xE5,0xFD,0x1E,0x29,0x00,0x29,0x37,0x38,0x40,
0x37,0x00,0x38,0x33,0x31,0x25,0x32,0x28,0x33,0xFC,0x31,0x39,0x27,0x2C,0x25,0x37,
0x00,0x31,0x33,0x30,0x29,0x37,0x38,0x2D,0x25,0x37,0x00,0x34,0x33,0x36,0xFC,0x29,
0x30,0x00,0x31,0x29,0x28,0x2D,0x33,0x00,0x25,0x31,0x26,0x2D,0x29,0x32,0x38,0x29,
0xE5,0xFD,0x16,0x40,0x37,0x38,0x2D,0x31,0x25,0x00,0x35,0x39,0x29,0x00,0x38,0x33,
0x28,0x33,0x00,0x29,0x37,0x29,0xFC,0x29,0x37,0x2A,0x39,0x29,0x36,0x3E,0x33,0x00,
0x37,0x29,0x36,0x40,0x00,0x29,0x32,0xFC,0x3A,0x25,0x32,0x33,0xE5,0xFD,0x18,0x33,
0x00,0x38,0x2D,0x29,0x32,0x29,0x37,0x00,0x32,0x2D,0x32,0x2B,0x39,0x32,0x25,0xFC,
0x34,0x33,0x37,0x2D,0x26,0x2D,0x30,0x2D,0x28,0x25,0x28,0x00,0x28,0x29,0xFC,0x28,
0x29,0x38,0x29,0x32,0x29,0x36,0x00,0x1C,0x25,0x2B,0x32,0x25,0x36,0x33,0x2F,0xE5,
0xFD,0x1D,0x2D,0x00,0x3A,0x25,0x37,0x00,0x25,0x00,0x28,0x29,0x37,0x34,0x29,0x36,
0x28,0x2D,0x27,0x2D,0x25,0x36,0xFC,0x29,0x32,0x29,0x36,0x2B,0x42,0x25,0xE8,0x00,
0x28,0x40,0x31,0x29,0x30,0x25,0x00,0x25,0x00,0x31,0x42,0xE5,0xFD,0x4E,0x1E,0x29,
0x00,0x28,0x29,0x2E,0x25,0x36,0x41,0x00,0x37,0x29,0x27,0x33,0xCA,0xFF,0xF3,0x17,
0x4F,0x1B,0x39,0x41,0xDD,0xFC,0x4F,0x0F,0x37,0x33,0x00,0x2A,0x39,0x29,0x00,0x38,
0x33,0x28,0x33,0xDD,0xFC,0x4F,0x23,0x25,0x00,0x38,0x29,0x36,0x31,0x2D,0x32,0x25,
0x37,0x38,0x29,0xDD,0xFD,0x0F,0x32,0x38,0x33,0x32,0x27,0x29,0x37,0x00,0x2C,0x29,
0x31,0x33,0x37,0xFC,0x38,0x29,0x36,0x31,0x2D,0x32,0x25,0x28,0x33,0x00,0x25,0x35,
0x39,0x42,0xE5,0xFC,0x4E,0x1D,0x29,0x36,0x40,0x37,0x00,0x39,0x32,0x00,0x2B,0x36,
0x25,0x32,0xFD,0x2A,0x29,0x36,0x38,0x2D,0x30,0x2D,0x3E,0x25,0x32,0x38,0x29,0xCA,
0xFF,0xF3,0x17,0x4E,0x0B,0x2B,0x2C,0xE5,0xE5,0xE5,0x00,0x0B,0x25,0x2C,0xCA,0xFC,
0x4E,0x17,0x29,0x00,0x29,0x37,0x38,0x33,0x3D,0xFC,0x31,0x25,0x36,0x27,0x2C,0x2D,
0x38,0x25,0x32,0x28,0x33,0xCA,0xFD,0x1D,0x33,0x3D,0x00,0x39,0x32,0x25,0x00,0x2A,
0x30,0x33,0x36,0xFC,0x27,0x33,0x36,0x38,0x25,0x28,0x25,0x00,0x25,0x32,0x38,0x29,
0x37,0x00,0x28,0x29,0xFC,0x34,0x33,0x28,0x29,0x36,0x00,0x2A,0x30,0x33,0x36,0x29,
0x27,0x29,0x36,0xE5,0xE5,0xE5,0xFD,0x4E,0x0B,0x2B,0x2C,0xE5,0xE5,0xE5,0x00,0x0B,
0x25,0x2C,0xCA,0xFC,0x4E,0x16,0x33,0x36,0x28,0x00,0x21,0x29,0x2D,0x2D,0x2D,0x30,
0xCA,0xFF,
};
alignas(16) inline constexpr uint16_t mmz4_msg09_script_offsets[] = {
0x0000,0x0189,0x0189,0x0189,0x0189,0x0189,0x0189,0x0189,
0x0189,0x0189,0x0189,0x0189,0x0189,0x0189,0x0189,0x0189,
0x0189,0x0294,0x0308,
};
constexpr int mmz4_msg09_num_entries = 19;
alignas(16) inline constexpr uint8_t mmz4_msg09_script_data[] = {
0xF3,0x24,0x19,0x34,0x29,0x36,0x25,0x28,0x33,0x36,0x25,0xD9,0xFC,0xE9,0x16,0x25,
0x00,0x38,0x29,0x31,0x34,0x29,0x36,0x25,0x38,0x39,0x36,0x25,0x00,0x29,0x37,0x38,
0x40,0xFC,0x00,0x25,0x39,0x31,0x29,0x32,0x38,0x25,0x32,0x28,0x33,0x00,0x36,0x40,
0x34,0x2D,0x28,0x33,0x00,0x29,0x32,0xFD,0x00,0x38,0x39,0x00,0x39,0x26,0x2D,0x27,
0x25,0x27,0x2D,0x43,0x32,0xE5,0xE9,0xFD,0xE9,0x13,0x32,0x27,0x30,0x39,0x37,0x33,
0x00,0x38,0x44,0x00,0x32,0x33,0x00,0x34,0x33,0x28,0x36,0x25,0x37,0xFC,0x00,0x36,
0x29,0x37,0x2D,0x37,0x38,0x2D,0x36,0x00,0x31,0x39,0x27,0x2C,0x33,0xFC,0x00,0x38,
0x2D,0x29,0x31,0x34,0x33,0x00,0x29,0x37,0x29,0x00,0x27,0x25,0x30,0x33,0x36,0xE5,
0xE5,0xE5,0xE9,0xFD,0xE9,0x0D,0x39,0x25,0x32,0x28,0x33,0x00,0x38,0x39,0x00,0x25,
0x36,0x31,0x25,0x28,0x39,0x36,0x25,0xFC,0x00,0x25,0x30,0x27,0x25,0x32,0x27,0x29,
0x00,0x29,0x30,0x00,0x02,0x01,0x01,0xCE,0x00,0x28,0x29,0xFC,0x00,0x27,0x25,0x34,
0x25,0x27,0x2D,0x28,0x25,0x28,0xE8,0xFD,0x00,0x29,0x31,0x34,0x29,0x3E,0x25,0x36,
0x40,0x37,0x00,0x25,0x00,0x36,0x29,0x27,0x2D,0x26,0x2D,0x36,0xFC,0x00,0x28,0x25,
0x4C,0x33,0xE5,0xE9,0xFD,0xE9,0x1C,0x29,0x2A,0x44,0x2B,0x2D,0x25,0x38,0x29,0x00,
0x29,0x32,0x00,0x30,0x25,0xFC,0x00,0x37,0x33,0x31,0x26,0x36,0x25,0x00,0x38,0x25,
0x32,0x38,0x33,0x00,0x27,0x33,0x31,0x33,0xFC,0x00,0x37,0x29,0x25,0x00,0x34,0x33,
0x37,0x2D,0x26,0x30,0x29,0x00,0x34,0x25,0x36,0x25,0xFD,0x00,0x31,0x25,0x32,0x38,
0x29,0x32,0x29,0x36,0x38,0x29,0x00,0x2A,0x36,0x29,0x37,0x27,0x33,0xE5,0xE9,0xFD,
0xE9,0x12,0x25,0x3D,0x00,0x3A,0x25,0x36,0x2D,0x33,0x37,0xFC,0x00,0x2B,0x29,0x32,
0x29,0x36,0x25,0x28,0x33,0x36,0x29,0x37,0x00,0x28,0x29,0xFC,0x00,0x29,0x32,0x29,
0x36,0x2B,0x42,0x25,0xE5,0xE9,0xFD,0xE9,0x1D,0x2D,0x00,0x34,0x39,0x29,0x28,0x29,
0x37,0xFC,0x00,0x28,0x29,0x37,0x38,0x36,0x39,0x2D,0x36,0x30,0x33,0x37,0xE8,0xFC,
0x00,0x28,0x29,0x26,0x29,0x36,0x42,0x25,0x37,0x00,0x34,0x33,0x28,0x29,0x36,0xFD,
0x00,0x26,0x25,0x2E,0x25,0x36,0x00,0x30,0x25,0xFC,0x00,0x38,0x29,0x31,0x34,0x29,
0x36,0x25,0x38,0x39,0x36,0x25,0xE5,0xE9,0xFF,0xF3,0x19,0x4E,0x15,0x3D,0x25,0x2E,
0x25,0x2E,0x25,0x2E,0x25,0xCA,0xFD,0x4E,0x0E,0x29,0x26,0x29,0x37,0x00,0x29,0x37,
0x38,0x25,0x36,0x00,0x35,0x39,0x29,0xFC,0x25,0x36,0x28,0x29,0x37,0x00,0x34,0x25,
0x36,0x25,0x00,0x30,0x30,0x29,0x2B,0x25,0x36,0xFC,0x2C,0x25,0x37,0x38,0x25,0x00,
0x25,0x35,0x39,0x42,0xCA,0xFD,0x0B,0x2C,0xE8,0x00,0x34,0x29,0x36,0x33,0x00,0x32,
0x33,0xFC,0x29,0x37,0x38,0x40,0x37,0x00,0x25,0x36,0x28,0x2D,0x29,0x32,0x28,0x33,
0x00,0x30,0x33,0xFC,0x37,0x39,0x2A,0x2D,0x27,0x2D,0x29,0x32,0x38,0x29,0x00,0x34,
0x25,0x36,0x25,0x00,0x31,0x42,0xE5,0xFD,0x4E,0x1B,0x39,0x2D,0x29,0x36,0x33,0x00,
0x3A,0x29,0x36,0x38,0x29,0x00,0x37,0x39,0x28,0x25,0x36,0xCA,0xFC,0x4E,0x1B,0x39,
0x2D,0x29,0x36,0x33,0x00,0x3A,0x29,0x36,0x00,0x30,0x40,0x2B,0x36,0x2D,0x31,0x25,
0x37,0xCA,0xFD,0x4E,0x17,0x39,0x41,0x37,0x38,0x36,0x25,0x31,0x29,0x00,0x38,0x33,
0x28,0x33,0xFC,0x30,0x33,0x00,0x35,0x39,0x29,0x00,0x38,0x2D,0x29,0x32,0x29,0x37,
0xCA,0xFD,0x4E,0x17,0x29,0x00,0x29,0x32,0x27,0x25,0x32,0x38,0x25,0x00,0x27,0x33,
0x32,0x3A,0x29,0x36,0x38,0x2D,0x36,0xFC,0x25,0x00,0x38,0x2D,0x34,0x33,0x37,0x00,
0x27,0x33,0x31,0x33,0x00,0x38,0x44,0xFC,0x29,0x32,0x00,0x27,0x25,0x36,0x26,0x43,
0x32,0xCA,0xFD,0x4E,0x0B,0x2C,0x33,0x36,0x25,0x00,0x29,0x37,0x00,0x2C,0x33,0x36,
0x25,0x00,0x28,0x29,0xFC,0x35,0x39,0x29,0x00,0x38,0x29,0x00,0x35,0x39,0x29,0x31,
0x29,0x37,0xCA,0xFF,0xF3,0x19,0x4E,0x15,0x3D,0x25,0x2E,0x25,0x2E,0x25,0xCA,0xFC,
0x4E,0x1A,0x25,0x38,0x41,0x38,0x2D,0x27,0x33,0xCA,0x00,0x4F,0x0F,0x37,0x33,0x00,
0x29,0x37,0xFC,0x38,0x33,0x28,0x33,0x00,0x30,0x33,0x00,0x35,0x39,0x29,0x00,0x38,
0x2D,0x29,0x32,0x29,0x37,0xDD,0xFD,0x4F,0x0E,0x29,0x00,0x3A,0x29,0x36,0x28,0x25,
0x28,0x00,0x34,0x29,0x32,0x37,0x25,0x37,0x38,0x29,0xFC,0x35,0x39,0x29,0x00,0x38,
0x29,0x32,0x28,0x36,0x42,0x25,0x37,0xFC,0x34,0x33,0x37,0x2D,0x26,0x2D,0x30,0x2D,
0x28,0x25,0x28,0x29,0x37,0x00,0x27,0x33,0x32,0x38,0x36,0x25,0xFD,0x16,0x33,0x36,
0x28,0x00,0x21,0x29,0x2D,0x30,0xDD,0xFF,0xF3,0x19,0x4F,0x1B,0xD6,0x35,0x39,0x41,
0xDD,0xFC,0x4F,0x1A,0x33,0x36,0x00,0x35,0x39,0x41,0xE5,0xE5,0xE5,0x32,0x33,0xFC,
0x34,0x39,0x29,0x28,0x33,0xE5,0xE5,0xE5,0x31,0x33,0x3A,0x29,0x36,0x31,0x29,0xDD,
0xFD,0x4F,0x0D,0x43,0x31,0x33,0x00,0x34,0x39,0x28,0x29,0xE5,0xE5,0xE5,0xFC,0x34,
0x29,0x36,0x28,0x29,0x36,0x00,0x27,0x33,0x32,0x38,0x36,0x25,0x00,0x38,0x2D,0xDD,
0xFC,0x13,0x32,0x27,0x36,0x29,0x42,0x26,0x30,0x29,0xE5,0xE5,0xE5,0xFD,0x18,0x33,
0xE8,0x00,0x2D,0x31,0x34,0x33,0x37,0x2D,0x26,0x30,0x29,0xE5,0xE5,0xE5,0xFC,0x4E,
0x15,0x3D,0x25,0x25,0x25,0x25,0x2C,0xCA,0xFF,
};
alignas(16) inline constexpr uint16_t mmz4_msg0A_script_offsets[] = {
0x0000,0x00F8,0x00F8,0x00F8,0x00F8,0x00F8,0x00F8,0x00F8,
0x00F8,0x00F8,0x00F8,0x00F8,0x00F8,0x00F8,0x00F8,0x00F8,
0x00F8,0x01FD,0x024E,
};
constexpr int mmz4_msg0A_num_entries = 19;
alignas(16) inline constexpr uint8_t mmz4_msg0A_script_data[] = {
0xF3,0x24,0x19,0x34,0x29,0x36,0x25,0x28,0x33,0x36,0x25,0xD9,0xFC,0xE9,0x0F,0x32,
0x27,0x33,0x32,0x38,0x36,0x41,0x00,0x39,0x32,0x25,0x00,0x34,0x39,0x29,0x36,0x38,
0x25,0xFC,0x00,0x29,0x32,0x00,0x33,0x38,0x36,0x25,0x00,0x3E,0x33,0x32,0x25,0x00,
0x27,0x33,0x32,0xFD,0x00,0x39,0x32,0x00,0x26,0x30,0x33,0x35,0x39,0x29,0x33,0x00,
0x29,0x37,0x34,0x29,0x27,0x2D,0x25,0x30,0xFC,0x00,0x3D,0x00,0x34,0x25,0x36,0x29,
0x27,0x29,0x00,0x35,0x39,0x29,0xFC,0x00,0x32,0x29,0x27,0x29,0x37,0x2D,0x38,0x25,
0x36,0x40,0x37,0x00,0x39,0x32,0x25,0xFD,0x00,0x38,0x25,0x36,0x2E,0x29,0x38,0x25,
0x00,0x30,0x30,0x25,0x3A,0x29,0x00,0x34,0x25,0x36,0x25,0xFC,0x00,0x25,0x26,0x36,
0x2D,0x36,0x30,0x25,0xE5,0xE9,0xFD,0xE9,0x0F,0x37,0x38,0x33,0x00,0x32,0x33,0x00,
0x38,0x2D,0x29,0x32,0x29,0xFC,0x00,0x36,0x29,0x30,0x25,0x27,0x2D,0x43,0x32,0x00,
0x28,0x2D,0x36,0x29,0x27,0x38,0x25,0xFC,0x00,0x27,0x33,0x32,0x00,0x38,0x39,0x00,
0x31,0x2D,0x37,0x2D,0x43,0x32,0xFD,0x00,0x25,0x27,0x38,0x39,0x25,0x30,0xE8,0x00,
0x34,0x29,0x36,0x33,0x00,0x35,0x39,0x29,0x36,0x42,0x25,0xFC,0x00,0x25,0x3A,0x2D,
0x37,0x25,0x36,0x38,0x29,0x00,0x34,0x33,0x36,0x00,0x37,0x2D,0xFD,0x00,0x35,0x39,
0x2D,0x29,0x36,0x29,0x37,0x00,0x2D,0x36,0x00,0x25,0xFC,0x00,0x36,0x29,0x3A,0x2D,
0x37,0x25,0x36,0x30,0x25,0xE5,0xE9,0xFF,0xF3,0x1B,0x11,0x25,0x25,0x25,0x2C,0xE5,
0xE5,0xE5,0xFC,0x17,0x29,0x00,0x2C,0x2D,0x27,0x2D,0x37,0x38,0x29,0x00,0x29,0x37,
0x34,0x29,0x36,0x25,0x36,0xE8,0xFC,0x2C,0x41,0x36,0x33,0x29,0xE5,0xFD,0x1A,0x29,
0x32,0x37,0x41,0x00,0x35,0x39,0x29,0x00,0x31,0x2D,0x37,0xFC,0x25,0x3D,0x39,0x28,
0x25,0x32,0x38,0x29,0x37,0x00,0x38,0x29,0x00,0x2C,0x25,0x26,0x36,0x42,0x25,0x32,
0xFC,0x2C,0x29,0x27,0x2C,0x33,0x00,0x34,0x29,0x28,0x25,0x3E,0x33,0x37,0xE5,0xFD,
0x23,0x00,0x25,0x35,0x39,0x42,0x00,0x31,0x29,0x00,0x25,0x34,0x36,0x29,0x37,0x39,
0x36,0x41,0xFC,0x25,0x00,0x34,0x36,0x29,0x34,0x25,0x36,0x25,0x36,0x00,0x38,0x33,
0x28,0x33,0xFC,0x34,0x25,0x36,0x25,0x00,0x38,0x2D,0xE5,0xFD,0x4E,0x0B,0x39,0x32,
0x35,0x39,0x29,0x00,0x27,0x30,0x25,0x36,0x33,0xE8,0x00,0x32,0x25,0x28,0x2D,0x29,
0xFC,0x34,0x39,0x29,0x28,0x29,0x00,0x37,0x29,0x2B,0x39,0x2D,0x36,0x31,0x29,0x00,
0x29,0x30,0xFC,0x36,0x2D,0x38,0x31,0x33,0xCA,0xFD,0x0B,0x30,0x00,0x31,0x29,0x32,
0x33,0x37,0x00,0x29,0x37,0x34,0x29,0x36,0x33,0x00,0x35,0x39,0x29,0xFC,0x30,0x33,
0x2B,0x36,0x29,0x37,0x00,0x2C,0x25,0x27,0x29,0x36,0x00,0x29,0x37,0x38,0x33,0xFC,
0x2D,0x32,0x38,0x29,0x36,0x29,0x37,0x25,0x32,0x38,0x29,0xE5,0xFD,0x0E,0x29,0x37,
0x34,0x39,0x41,0x37,0x00,0x28,0x29,0x00,0x38,0x33,0x28,0x33,0xE8,0xFC,0x29,0x36,
0x29,0x37,0x00,0x39,0x32,0x00,0x2C,0x41,0x36,0x33,0x29,0xE5,0xFF,0xF3,0x1B,0x4E,
0x11,0x25,0x25,0x25,0x2C,0xCA,0xFC,0x4F,0x4E,0x1B,0x39,0x41,0xCA,0xDD,0xFC,0x4F,
0x4E,0x23,0x25,0x00,0x38,0x29,0x36,0x31,0x2D,0x32,0x43,0xCA,0xDD,0xFD,0x4E,0x1B,
0x39,0x41,0x00,0x25,0x26,0x39,0x36,0x36,0x2D,0x28,0x33,0xCA,0xFC,0x0E,0x29,0x26,
0x29,0x36,0x42,0x25,0x37,0x00,0x28,0x29,0x2E,0x25,0x36,0x00,0x29,0x37,0x33,0xFC,
0x28,0x29,0x00,0x37,0x29,0x36,0x00,0x2C,0x41,0x36,0x33,0x29,0xE5,0xFF,0xF3,0x1B,
0x4F,0x4E,0x11,0x25,0x25,0x25,0x2C,0xCA,0xDD,0xFD,0x14,0x29,0x2E,0x29,0xE5,0xE5,
0xE5,0x00,0x18,0x25,0x28,0x25,0x00,0x31,0x25,0x30,0xE5,0xE5,0xE5,0xFC,0x10,0x2D,
0x29,0x30,0x00,0x25,0x00,0x38,0x39,0x00,0x38,0x42,0x38,0x39,0x30,0x33,0x00,0x28,
0x29,0xFC,0x2C,0x41,0x36,0x33,0x29,0xE5,0xE5,0xE5,0xFD,0x1A,0x29,0x36,0x33,0x00,
0x25,0x44,0x32,0x00,0x32,0x33,0x00,0x2C,0x25,0xFC,0x38,0x29,0x36,0x31,0x2D,0x32,
0x25,0x28,0x33,0xE5,0x00,0x4E,0x18,0x2D,0x00,0x28,0x29,0xFC,0x30,0x29,0x2E,0x33,
0x37,0xCA,0xFD,0x0F,0x30,0x00,0x3A,0x29,0x36,0x28,0x25,0x28,0x29,0x36,0x33,0x00,
0x34,0x33,0x28,0x29,0x36,0xFC,0x28,0x29,0x00,0x1C,0x25,0x2B,0x32,0x25,0x36,0x33,
0x2F,0x00,0x25,0x34,0x29,0x32,0x25,0x37,0xFC,0x29,0x37,0x38,0x40,0x00,0x27,0x33,
0x31,0x29,0x32,0x3E,0x25,0x32,0x28,0x33,0xE5,0xE5,0xE5,0xFD,0x14,0x29,0x2E,0x29,
0xE5,0xE5,0xE5,0x00,0x4E,0x20,0x29,0xFC,0x34,0x36,0x29,0x34,0x25,0x36,0x25,0x32,
0x28,0x33,0x00,0x38,0x39,0x00,0x30,0x2D,0x37,0x38,0x25,0xFC,0x28,0x29,0x00,0x29,
0x3C,0x27,0x39,0x37,0x25,0x37,0x00,0x27,0x39,0x25,0x32,0x28,0x33,0xFD,0x38,0x29,
0x32,0x2B,0x25,0x37,0x00,0x35,0x39,0x29,0x00,0x29,0x3C,0x34,0x30,0x2D,0x27,0x25,
0x36,0xFC,0x34,0x33,0x36,0x00,0x35,0x39,0x41,0x00,0x32,0x33,0x00,0x34,0x39,0x28,
0x2D,0x37,0x38,0x29,0xFC,0x37,0x25,0x30,0x3A,0x25,0x36,0x00,0x45,0x36,0x29,0x25,
0x00,0x24,0x29,0x36,0x33,0xCA,0xFD,0x4E,0x11,0x36,0x25,0x25,0x25,0x2C,0xCA,0xFF,

};
alignas(16) inline constexpr uint16_t mmz4_msg0B_script_offsets[] = {
0x0000,0x0153,0x0153,0x0153,0x0153,0x0153,0x0153,0x0153,
0x0153,0x0153,0x0153,0x0153,0x0153,0x0153,0x0153,0x0153,
0x0153,0x024D,0x0282,
};
constexpr int mmz4_msg0B_num_entries = 19;
alignas(16) inline constexpr uint8_t mmz4_msg0B_script_data[] = {
0xF3,0x24,0x19,0x34,0x29,0x36,0x25,0x28,0x33,0x36,0x25,0xD9,0xFC,0xE9,0x0E,0x29,
0x37,0x28,0x29,0x00,0x29,0x30,0x00,0x2D,0x32,0x38,0x29,0x36,0x2D,0x33,0x36,0xFC,
0x00,0x28,0x29,0x30,0x00,0x29,0x28,0x2D,0x2A,0x2D,0x27,0x2D,0x33,0xFD,0x00,0x25,
0x28,0x29,0x30,0x25,0x32,0x38,0x29,0xE5,0xE5,0xE5,0xE9,0xFD,0xE9,0x0E,0x29,0x38,
0x29,0x27,0x38,0x33,0x00,0x39,0x32,0x00,0x27,0x25,0x31,0x34,0x33,0xFC,0x00,0x31,
0x25,0x2B,0x32,0x41,0x38,0x2D,0x27,0x33,0xFC,0x00,0x34,0x33,0x28,0x29,0x36,0x33,
0x37,0x33,0xE5,0xE9,0xFD,0xE9,0x0E,0x29,0x26,0x2D,0x28,0x33,0x00,0x25,0x30,0x00,
0x27,0x25,0x31,0x34,0x33,0xE8,0xFC,0x00,0x38,0x39,0x00,0x37,0x25,0x30,0x38,0x33,
0x00,0x34,0x33,0x28,0x36,0x42,0x25,0xFC,0x00,0x3A,0x29,0x36,0x37,0x29,0x00,0x25,
0x2A,0x29,0x27,0x38,0x25,0x28,0x33,0xE5,0xE9,0xFD,0xE9,0x1D,0x2D,0x00,0x27,0x33,
0x31,0x34,0x25,0x36,0x38,0x29,0x37,0xFC,0x00,0x34,0x33,0x30,0x25,0x36,0x2D,0x28,
0x25,0x28,0xE8,0x00,0x37,0x25,0x30,0x38,0x25,0x36,0x40,0x37,0xFC,0x00,0x31,0x40,
0x37,0x00,0x25,0x30,0x38,0x33,0xE5,0xE5,0xE5,0xE9,0xFD,0xE9,0x1D,0x2D,0x00,0x29,
0x37,0x00,0x28,0x2D,0x37,0x38,0x2D,0x32,0x38,0x25,0xE8,0xFC,0x00,0x37,0x25,0x30,
0x38,0x25,0x36,0x40,0x37,0x00,0x31,0x40,0x37,0x00,0x26,0x25,0x2E,0x33,0xE5,0xE9,
0xFD,0xE9,0x12,0x25,0x3D,0x00,0x27,0x40,0x34,0x37,0x39,0x30,0x25,0x37,0x00,0x35,
0x39,0x29,0xFC,0x00,0x34,0x39,0x29,0x28,0x29,0x32,0x00,0x27,0x25,0x31,0x26,0x2D,
0x25,0x36,0x00,0x38,0x39,0xFC,0x00,0x34,0x33,0x30,0x25,0x36,0x2D,0x28,0x25,0x28,
0xFD,0x00,0x31,0x25,0x2B,0x32,0x41,0x38,0x2D,0x27,0x25,0xE5,0xE5,0xE5,0xE9,0xFD,
0xE9,0x49,0x37,0x25,0x30,0x25,0x37,0x00,0x37,0x25,0x26,0x2D,0x25,0x31,0x29,0x32,
0x38,0x29,0xFC,0x00,0x34,0x25,0x36,0x25,0x00,0x25,0x3A,0x25,0x32,0x3E,0x25,0x36,
0xE5,0xE9,0xFF,0xF3,0x1D,0x4E,0x1C,0x36,0x36,0x33,0x25,0x36,0xCA,0xFD,0x1E,0x44,
0xE5,0xE5,0xE5,0x00,0x4E,0x1A,0x33,0x36,0x00,0x2A,0x2D,0x32,0xE5,0xE5,0xE5,0xFC,
0x2C,0x25,0x37,0xE5,0xE5,0xE5,0x30,0x30,0x29,0x2B,0x25,0x28,0x33,0xE5,0xE5,0xE5,
0xFC,0x24,0x29,0x36,0x33,0xCA,0xFD,0x4E,0x18,0x33,0xE5,0xE5,0xE5,0x28,0x29,0x2E,
0x25,0x36,0x41,0xE5,0xE5,0xE5,0xFC,0x35,0x39,0x29,0xE5,0xE5,0xE5,0x28,0x29,0x38,
0x29,0x32,0x2B,0x25,0x37,0xE5,0xE5,0xE5,0xFC,0x1C,0x25,0x2B,0x32,0x25,0x36,0x33,
0x2F,0xCA,0xFD,0x4E,0x23,0x33,0x00,0x37,0x33,0x3D,0xE5,0xE5,0xE5,0x29,0x30,0xE5,
0xE5,0xE5,0xFC,0x2B,0x36,0x25,0x32,0xE5,0xE5,0xE5,0x17,0x2D,0x32,0x33,0xE5,0xE5,
0xE5,0xFC,0x17,0x25,0x2B,0x32,0x39,0x37,0xCA,0xFD,0x23,0x33,0xE5,0xE5,0xE5,0x38,
0x29,0xE5,0xE5,0xE5,0xFC,0x25,0x34,0x30,0x25,0x37,0x38,0x25,0x36,0x41,0xE5,0xE5,
0xE5,0xFC,0x3D,0x00,0x30,0x39,0x29,0x2B,0x33,0xE5,0xE5,0xE5,0x1F,0x2C,0x31,0xE5,
0xE5,0xE5,0xFD,0xF3,0x04,0x16,0x25,0x00,0x3A,0x29,0x36,0x28,0x25,0x28,0x00,0x32,
0x33,0x00,0x38,0x29,0x32,0x2B,0x33,0xFC,0x38,0x2D,0x29,0x31,0x34,0x33,0x00,0x34,
0x25,0x36,0x25,0x00,0x33,0x42,0x36,0xFC,0x29,0x30,0x00,0x36,0x29,0x37,0x38,0x33,
0x00,0x28,0x29,0x00,0x29,0x37,0x38,0x33,0xE5,0xFD,0x4E,0x20,0x25,0x31,0x33,0x37,
0xCA,0xFD,0xF3,0x1D,0x4E,0x1C,0x36,0x36,0x33,0x25,0x36,0xCA,0xFF,0xF3,0x1D,0x4E,
0x16,0x33,0xE5,0xE5,0xE5,0x00,0x30,0x33,0x2B,0x36,0x41,0xCA,0xFC,0x4E,0x16,0x33,
0xE5,0xE5,0xE5,0x00,0x30,0x33,0x2B,0x36,0x41,0xCA,0xFD,0x4E,0x16,0x33,0xE5,0xE5,
0xE5,0x2C,0x2D,0x27,0x29,0xE5,0xE5,0xE5,0xFC,0x3D,0x33,0x00,0x37,0x33,0x30,0x33,
0xCA,0xFF,0xF3,0x1D,0x4F,0x4E,0x1C,0x33,0x25,0x36,0xCA,0xDD,0xFD,0x4F,0x23,0x33,
0xE5,0xE5,0xE5,0x3D,0x33,0xE5,0xE5,0xE5,0xFC,0x34,0x29,0x36,0x28,0x42,0xDD,0xFD,
0x4E,0x0D,0x43,0x31,0x33,0xE5,0xE5,0xE5,0x34,0x39,0x29,0x28,0x29,0xE5,0xE5,0xE5,
0xFC,0x29,0x37,0x38,0x25,0x36,0xE5,0xE5,0xE5,0x34,0x25,0x37,0x25,0x32,0x28,0x33,
0xCA,0xFF,
};
alignas(16) inline constexpr uint16_t mmz4_msg0C_script_offsets[] = {
0x0000,0x00D5,0x0165,0x0165,0x0165,0x0165,0x0165,0x0165,
0x0165,0x0165,0x0165,0x0165,0x0165,0x0165,0x0165,0x0165,
0x0165,0x039F,0x0431,
};
constexpr int mmz4_msg0C_num_entries = 19;
alignas(16) inline constexpr uint8_t mmz4_msg0C_script_data[] = {
0xF3,0x24,0x19,0x34,0x29,0x36,0x25,0x28,0x33,0x36,0x25,0xD9,0xFC,0xE9,0x24,0x29,
0x36,0x33,0xE5,0xE5,0xE5,0xE9,0xFD,0xE9,0x0F,0x37,0x38,0x25,0x00,0x40,0x36,0x29,
0x25,0x00,0x29,0x37,0x38,0x40,0xFC,0x00,0x27,0x33,0x32,0x38,0x36,0x33,0x30,0x25,
0x28,0x25,0x00,0x28,0x29,0x37,0x28,0x29,0xFC,0x00,0x28,0x33,0x37,0x00,0x39,0x26,
0x2D,0x27,0x25,0x27,0x2D,0x33,0x32,0x29,0x37,0xE5,0xE9,0xFD,0xE9,0x1F,0x32,0x25,
0x00,0x29,0x37,0x00,0x30,0x25,0x00,0x38,0x33,0x36,0x36,0x29,0x00,0x28,0x29,0xFC,
0x00,0x27,0x33,0x32,0x38,0x36,0x33,0x30,0x00,0x3D,0x00,0x30,0x25,0x00,0x33,0x38,
0x36,0x25,0xFD,0x00,0x29,0x37,0x00,0x30,0x25,0x00,0x37,0x25,0x30,0x25,0x00,0x28,
0x29,0xFC,0x00,0x27,0x33,0x31,0x34,0x39,0x38,0x25,0x28,0x33,0x36,0x25,0x37,0xFC,
0x00,0x31,0x40,0x37,0x00,0x25,0x30,0x30,0x40,0x00,0x28,0x29,0x00,0x29,0x30,0x30,
0x25,0xE5,0xE9,0xFD,0xE9,0x1D,0x2D,0x2B,0x39,0x29,0x00,0x25,0x28,0x29,0x30,0x25,
0x32,0x38,0x29,0x00,0x3D,0xFC,0x00,0x28,0x29,0x38,0x41,0x32,0x00,0x29,0x37,0x25,
0x00,0x38,0x33,0x36,0x36,0x29,0xFC,0x00,0x28,0x29,0x00,0x27,0x33,0x32,0x38,0x36,
0x33,0x30,0xE5,0xE9,0xFF,0xF3,0x24,0x19,0x34,0x29,0x36,0x25,0x28,0x33,0x36,0x25,
0xD9,0xFC,0xE9,0x4E,0x24,0x29,0x36,0x33,0xE8,0x00,0x25,0x2C,0x42,0x00,0x29,0x37,
0x38,0x40,0x00,0x30,0x25,0xFC,0x00,0x38,0x33,0x36,0x36,0x29,0x00,0x28,0x29,0x00,
0x27,0x33,0x32,0x38,0x36,0x33,0x30,0xCA,0xE9,0xFD,0xE9,0x18,0x33,0x00,0x34,0x39,
0x29,0x28,0x29,0x37,0xFC,0x00,0x28,0x29,0x37,0x38,0x36,0x39,0x2D,0x36,0x30,0x25,
0xFC,0x00,0x28,0x2D,0x36,0x29,0x27,0x38,0x25,0x31,0x29,0x32,0x38,0x29,0xE8,0xFD,
0x00,0x34,0x29,0x36,0x33,0x00,0x34,0x39,0x29,0x28,0x29,0x37,0x00,0x37,0x25,0x27,
0x25,0x36,0xFC,0x00,0x29,0x30,0x00,0x28,0x2D,0x37,0x27,0x33,0x00,0x27,0x30,0x25,
0x3A,0x29,0x00,0x3D,0xFC,0x00,0x28,0x29,0x37,0x25,0x27,0x38,0x2D,0x3A,0x25,0x36,
0x30,0x25,0xE5,0xE9,0xFF,0xF3,0x1F,0x4E,0x15,0x3D,0x25,0x2F,0x3D,0x25,0xCA,0xFC,
0x4E,0x1E,0x29,0x00,0x2C,0x29,0x00,0x29,0x37,0x38,0x25,0x28,0x33,0xFC,0x29,0x37,
0x34,0x29,0x36,0x25,0x32,0x28,0x33,0xE8,0x00,0x24,0x29,0x36,0x33,0xCA,0xFD,0x4E,
0x17,0x29,0x00,0x28,0x29,0x2E,0x25,0x37,0x38,0x29,0x00,0x29,0x32,0xFC,0x36,0x2D,
0x28,0x42,0x27,0x39,0x30,0x33,0x00,0x30,0x25,0x00,0x44,0x30,0x38,0x2D,0x31,0x25,
0xFC,0x3A,0x29,0x3E,0x00,0x35,0x39,0x29,0x00,0x32,0x33,0x37,0x00,0x3A,0x2D,0x31,
0x33,0x37,0xCA,0xFD,0x4E,0x1A,0x29,0x36,0x33,0x00,0x38,0x29,0x00,0x25,0x37,0x29,
0x2B,0x39,0x36,0x33,0xFC,0x35,0x39,0x29,0x00,0x32,0x33,0x00,0x34,0x25,0x37,0x25,
0x36,0x40,0xFC,0x28,0x29,0x00,0x32,0x39,0x29,0x3A,0x33,0xCA,0xFD,0x4E,0x1D,0x33,
0x3D,0x00,0x0D,0x33,0x27,0x25,0x34,0x29,0x38,0x36,0x2D,0xE8,0x00,0x28,0x29,0xFC,
0x30,0x33,0x37,0x00,0x33,0x27,0x2C,0x33,0x00,0x2B,0x39,0x29,0x36,0x36,0x29,0x36,
0x33,0x37,0xFC,0x0F,0x2D,0x32,0x2C,0x29,0x36,0x2E,0x25,0x36,0xCA,0xFD,0x4E,0x20,
0x29,0x36,0x29,0x31,0x33,0x37,0x00,0x1C,0x25,0x2B,0x32,0x25,0x36,0x33,0x2F,0xFC,
0x2C,0x25,0x37,0x38,0x25,0x00,0x29,0x30,0x00,0x2A,0x2D,0x32,0x25,0x30,0xCA,0xFC,
0x4E,0x15,0x3D,0x25,0x2F,0x3D,0x25,0xCA,0xFD,0xF3,0x04,0x4F,0x0B,0x37,0x42,0x00,
0x35,0x39,0x29,0x00,0x38,0x44,0x00,0x29,0x36,0x29,0x37,0xFC,0x29,0x30,0x00,0x35,
0x39,0x29,0x00,0x27,0x33,0x32,0x38,0x36,0x33,0x30,0x25,0xFC,0x30,0x25,0x00,0x37,
0x29,0x2B,0x39,0x36,0x2D,0x28,0x25,0x28,0x00,0x25,0x35,0x39,0x42,0xDD,0xFD,0xF3,
0x1F,0x4E,0x15,0x3D,0x25,0x2F,0x3D,0x25,0xCA,0xFC,0x4F,0x1D,0x33,0x36,0x34,0x36,
0x29,0x32,0x28,0x2D,0x28,0x33,0xDD,0xFD,0x4E,0x0F,0x37,0x00,0x38,0x33,0x28,0x33,
0x00,0x2B,0x36,0x25,0x27,0x2D,0x25,0x37,0xFC,0x25,0x30,0x00,0x34,0x36,0x33,0x2B,
0x36,0x25,0x31,0x25,0x00,0x3A,0x2D,0x36,0x39,0x37,0xFC,0x28,0x29,0x00,0x16,0x33,
0x36,0x28,0x00,0x21,0x29,0x2D,0x30,0xCA,0xFD,0x4E,0x1D,0x29,0x00,0x29,0x32,0x27,
0x25,0x36,0x2B,0x25,0x00,0x28,0x29,0x00,0x30,0x33,0x37,0xFC,0x2D,0x32,0x38,0x36,
0x39,0x37,0x33,0x37,0x00,0x37,0x2D,0x32,0x00,0x35,0x39,0x29,0x00,0x3D,0x33,0xFC,
0x31,0x39,0x29,0x3A,0x25,0x00,0x39,0x32,0x00,0x28,0x29,0x28,0x33,0xCA,0xFD,0xF3,
0x04,0x0B,0x37,0x42,0x00,0x35,0x39,0x29,0x00,0x29,0x36,0x29,0x37,0x00,0x28,0x29,
0x30,0x00,0x38,0x2D,0x34,0x33,0xFC,0x35,0x39,0x29,0x00,0x32,0x33,0x00,0x34,0x39,
0x29,0x28,0x29,0x00,0x2C,0x25,0x27,0x29,0x36,0xFC,0x32,0x25,0x28,0x25,0x00,0x34,
0x33,0x36,0x00,0x37,0x42,0x00,0x31,0x2D,0x37,0x31,0x33,0xE5,0xE5,0xE5,0xFD,0xF3,
0x1F,0x4E,0x15,0x3D,0x25,0xCA,0x00,0x4E,0x1A,0x36,0x2D,0x31,0x29,0x36,0x33,0xFC,
0xE9,0x29,0x37,0x26,0x2D,0x36,0x36,0x33,0xE9,0xE8,0x00,0x3D,0xFC,0x25,0x2C,0x33,
0x36,0x25,0x00,0x29,0x37,0x38,0x33,0xCA,0xFD,0x4E,0x13,0x31,0x34,0x29,0x36,0x28,
0x33,0x32,0x25,0x26,0x30,0x29,0xCA,0xFD,0x4E,0x1E,0x29,0x00,0x27,0x33,0x32,0x3A,
0x29,0x36,0x38,0x2D,0x36,0x41,0xFC,0x29,0x32,0x00,0x39,0x32,0x00,0x25,0x28,0x33,
0x36,0x32,0x33,0x00,0x28,0x29,0xFC,0x2E,0x25,0x36,0x28,0x42,0x32,0xCA,0xFF,0xF3,
0x1F,0x4E,0x15,0x3D,0x25,0x2F,0x3D,0x25,0xCA,0xFD,0x4F,0x1E,0x2D,0x29,0x32,0x29,
0x37,0x00,0x34,0x36,0x33,0x26,0x30,0x29,0x31,0x25,0x37,0xFC,0x34,0x25,0x36,0x25,
0x00,0x31,0x33,0x3A,0x29,0x36,0x38,0x29,0x00,0x25,0x2C,0x42,0xE8,0xFC,0x38,0x2D,
0x34,0x33,0x00,0x28,0x39,0x36,0x33,0xDD,0xFD,0x19,0x2C,0xE8,0x00,0x30,0x33,0x00,
0x37,0x2D,0x29,0x32,0x38,0x33,0xE5,0xFC,0x4E,0x10,0x39,0x29,0x00,0x31,0x2D,0x00,
0x27,0x39,0x30,0x34,0x25,0xCA,0xFD,0x4F,0x23,0x00,0x25,0x2C,0x33,0x36,0x25,0x00,
0x35,0x39,0x2D,0x41,0x32,0x00,0x32,0x33,0xFC,0x34,0x39,0x29,0x28,0x29,0x00,0x2C,
0x25,0x27,0x29,0x36,0x00,0x32,0x25,0x28,0x25,0x00,0x34,0x33,0x36,0xFC,0x37,0x42,
0x00,0x31,0x2D,0x37,0x31,0x33,0xDD,0x00,0x4E,0x15,0x3D,0x25,0x2F,0x3D,0x25,0xCA,
0xFF,0xF3,0x1F,0x15,0x3D,0x25,0xE5,0xE5,0xE5,0x2F,0x3D,0x25,0xE5,0xE5,0xE5,0xFC,
0x4F,0x1A,0x33,0x36,0x00,0x35,0x39,0x41,0x00,0x32,0x33,0x00,0x34,0x39,0x29,0x28,
0x33,0xFC,0x31,0x33,0x3A,0x29,0x36,0x31,0x29,0xDD,0xFD,0x18,0x33,0x00,0x31,0x29,
0x00,0x2C,0x25,0x26,0x36,0x41,0xFC,0x27,0x33,0x32,0x3A,0x29,0x36,0x38,0x2D,0x28,
0x33,0x00,0x29,0x32,0xFC,0x34,0x2D,0x29,0x28,0x36,0x25,0xE8,0x00,0x4F,0x3A,0x29,
0x36,0x28,0x25,0x28,0xDD,0xFD,0x18,0x33,0xE5,0xE5,0xE5,0x29,0x37,0xE5,0xE5,0xE5,
0xFC,0x29,0x30,0x00,0x31,0x2D,0x29,0x28,0x33,0x00,0x30,0x33,0x00,0x35,0x39,0x29,
0xFC,0x31,0x29,0x00,0x34,0x25,0x36,0x25,0x30,0x2D,0x3E,0x25,0xE5,0xE5,0xE5,0xFD,
0x15,0x39,0x2C,0xE5,0xE5,0xE5,0xFC,0x4E,0x15,0x3D,0x25,0x2F,0x3D,0x25,0x25,0x25,
0xCA,0xFF,
};
alignas(16) inline constexpr uint16_t mmz4_msg0D_script_offsets[] = {
0x0000,0x00B9,0x00B9,0x00B9,0x00B9,0x00B9,0x00B9,0x00B9,
0x00B9,0x00B9,0x00B9,0x00B9,0x00B9,0x00B9,0x00B9,0x00B9,
0x00B9,0x00E9,0x0100,0x0137,0x0168,0x0194,0x01C0,0x01EC,
0x0218,0x0238,0x030D,0x030D,0x030D,0x030D,0x030D,0x030D,
0x030D,0x0330,0x033A,0x04F8,0x0551,0x059C,0x070D,0x0719,
0x0723,0x073B,0x08CD,0x08FE,0x09E7,0x09FA,0x0A0B,0x0A62,
0x0A9A,0x0AC8,0x0B07,0x0BF2,0x0DF4,0x0E3A,0x0E53,
};
constexpr int mmz4_msg0D_num_entries = 55;
alignas(16) inline constexpr uint8_t mmz4_msg0D_script_data[] = {
0xF3,0x24,0x19,0x34,0x29,0x36,0x25,0x28,0x33,0x36,0x25,0xD9,0xFC,0xE9,0x4E,0x1A,
0x29,0x36,0x37,0x33,0x32,0x25,0x37,0x00,0x28,0x29,0x30,0xFC,0x00,0x0B,0x37,0x29,
0x32,0x38,0x25,0x31,0x2D,0x29,0x32,0x38,0x33,0x00,0x29,0x37,0x38,0x40,0x32,0xFD,
0x00,0x25,0x38,0x36,0x25,0x34,0x25,0x28,0x25,0x37,0x00,0x29,0x32,0x00,0x3A,0x25,
0x36,0x2D,0x25,0x37,0xFC,0x00,0x2C,0x25,0x26,0x2D,0x38,0x25,0x27,0x2D,0x33,0x32,
0x29,0x37,0xCA,0xE9,0xFD,0xE9,0x1A,0x25,0x36,0x25,0x00,0x29,0x31,0x34,0x29,0x33,
0x36,0x25,0x36,0x00,0x30,0x25,0x37,0xFC,0x00,0x27,0x33,0x37,0x25,0x37,0xE8,0x00,
0x37,0x29,0x00,0x2C,0x25,0xFC,0x00,0x28,0x29,0x37,0x25,0x38,0x25,0x28,0x33,0xFD,
0x00,0x39,0x32,0x00,0x2D,0x32,0x27,0x29,0x32,0x28,0x2D,0x33,0xE5,0xE9,0xFD,0xE9,
0x4E,0x0B,0x34,0x25,0x2B,0x25,0x00,0x30,0x25,0x37,0x00,0x30,0x30,0x25,0x31,0x25,
0x37,0xFC,0x00,0x3D,0x00,0x37,0x25,0x30,0x3A,0x25,0x00,0x25,0x00,0x30,0x25,0xFC,
0x00,0x2B,0x29,0x32,0x38,0x29,0xCA,0xE9,0xFF,0xF3,0x0B,0x12,0x31,0x34,0x2C,0xE8,
0x00,0x34,0x29,0x32,0x37,0x25,0x36,0x00,0x35,0x39,0x29,0xFC,0x38,0x44,0x00,0x37,
0x29,0x36,0x42,0x25,0x37,0x00,0x35,0x39,0x2D,0x29,0x32,0xFC,0x31,0x29,0x00,0x37,
0x25,0x30,0x3A,0x25,0x36,0x42,0x25,0xE5,0xFF,0xF3,0x0B,0x18,0x39,0x32,0x27,0x25,
0x00,0x38,0x29,0x00,0x34,0x29,0x28,0x42,0xFC,0x25,0x3D,0x39,0x28,0x25,0xE5,0xFF,
0xF3,0x0B,0x4E,0x0E,0x29,0x26,0x42,0x00,0x37,0x25,0x26,0x29,0x36,0x00,0x35,0x39,
0x29,0x00,0x30,0x33,0x37,0xFC,0x2C,0x39,0x31,0x25,0x32,0x33,0x37,0x00,0x32,0x33,
0x00,0x38,0x29,0x32,0x42,0x25,0x31,0x33,0x37,0xFC,0x33,0x34,0x33,0x36,0x38,0x39,
0x32,0x2D,0x28,0x25,0x28,0xCA,0xFF,0xF3,0x0B,0x4E,0x0F,0x37,0x38,0x33,0x00,0x32,
0x33,0x00,0x37,0x2D,0x2B,0x32,0x2D,0x2A,0x2D,0x27,0x25,0xFC,0x35,0x39,0x29,0x00,
0x31,0x29,0x00,0x25,0x2B,0x36,0x25,0x28,0x29,0x37,0xE8,0xFC,0x4F,0x30,0x33,0x00,
0x37,0x25,0x26,0x29,0x37,0xDD,0xCA,0xFF,0xF3,0x31,0x1E,0x29,0x00,0x30,0x33,0x00,
0x36,0x39,0x29,0x2B,0x33,0xE8,0xFC,0x34,0x33,0x36,0x00,0x2A,0x25,0x3A,0x33,0x36,
0x00,0x25,0x3D,0x39,0x28,0x25,0xFC,0x25,0x00,0x30,0x33,0x37,0x00,0x28,0x29,0x31,
0x40,0x37,0xE5,0xFF,0xF3,0x31,0x1E,0x29,0x00,0x30,0x33,0x00,0x36,0x39,0x29,0x2B,
0x33,0xE8,0xFC,0x34,0x33,0x36,0x00,0x2A,0x25,0x3A,0x33,0x36,0x00,0x25,0x3D,0x39,
0x28,0x25,0xFC,0x25,0x00,0x30,0x33,0x37,0x00,0x28,0x29,0x31,0x40,0x37,0xE5,0xFF,
0xF3,0x31,0x1E,0x29,0x00,0x30,0x33,0x00,0x36,0x39,0x29,0x2B,0x33,0xE8,0xFC,0x34,
0x33,0x36,0x00,0x2A,0x25,0x3A,0x33,0x36,0x00,0x25,0x3D,0x39,0x28,0x25,0xFC,0x25,
0x00,0x30,0x33,0x37,0x00,0x28,0x29,0x31,0x40,0x37,0xE5,0xFF,0xF3,0x31,0x1E,0x29,
0x00,0x30,0x33,0x00,0x36,0x39,0x29,0x2B,0x33,0xE8,0xFC,0x34,0x33,0x36,0x00,0x2A,
0x25,0x3A,0x33,0x36,0x00,0x25,0x3D,0x39,0x28,0x25,0xFC,0x25,0x00,0x30,0x33,0x37,
0x00,0x28,0x29,0x31,0x40,0x37,0xE5,0xFF,0xF3,0x31,0x11,0x36,0x25,0x27,0x2D,0x25,
0x37,0x00,0x34,0x33,0x36,0xFC,0x37,0x25,0x30,0x3A,0x25,0x36,0x32,0x33,0x37,0xE8,
0x00,0x37,0x29,0x4C,0x33,0x36,0xE5,0xFF,0xF3,0x24,0x0D,0x2D,0x29,0x30,0xD9,0xFC,
0xE9,0x4F,0x24,0x29,0x36,0x33,0xDD,0x00,0x4F,0x1E,0x33,0x28,0x33,0x37,0x00,0x29,
0x32,0x00,0x29,0x30,0xFC,0x00,0x0B,0x37,0x29,0x32,0x38,0x25,0x31,0x2D,0x29,0x32,
0x38,0x33,0x00,0x29,0x37,0x38,0x40,0x32,0xFD,0x00,0x26,0x2D,0x29,0x32,0xDD,0xE9,
0xFD,0xF3,0x04,0x1D,0x42,0xE8,0x00,0x38,0x33,0x28,0x33,0x37,0x00,0x29,0x37,0x38,
0x40,0x32,0xFC,0x26,0x2D,0x29,0x32,0xE5,0xFD,0x1A,0x29,0x36,0x33,0x00,0x32,0x33,
0x00,0x29,0x32,0x27,0x39,0x29,0x32,0x38,0x36,0x33,0xFC,0x25,0x00,0x18,0x29,0x2D,
0x2B,0x29,0xE5,0xE5,0xE5,0xFD,0x17,0x29,0x00,0x34,0x36,0x29,0x2B,0x39,0x32,0x38,
0x33,0x00,0x37,0x2D,0xFC,0x29,0x37,0x38,0x25,0x36,0x40,0x00,0x29,0x37,0x27,0x33,
0x32,0x28,0x2D,0x28,0x25,0xFC,0x29,0x32,0x00,0x25,0x30,0x2B,0x44,0x32,0x00,0x30,
0x39,0x2B,0x25,0x36,0xE5,0xFD,0x20,0x33,0x3D,0x00,0x25,0x00,0x26,0x39,0x37,0x27,
0x25,0x36,0xE5,0xFD,0xF3,0x24,0x0D,0x2D,0x29,0x30,0xD9,0xFC,0xE9,0x0E,0x29,0x00,
0x25,0x27,0x39,0x29,0x36,0x28,0x33,0xE8,0x00,0x34,0x29,0x36,0x33,0xFC,0x00,0x38,
0x29,0x32,0x00,0x27,0x39,0x2D,0x28,0x25,0x28,0x33,0xE5,0xE9,0xFF,0xF3,0x21,0x12,
0x31,0x31,0xE8,0x00,0x29,0x30,0x30,0x25,0x00,0x38,0x25,0x31,0x34,0x33,0x27,0x33,
0xFC,0x29,0x37,0x38,0x25,0x26,0x25,0x00,0x25,0x35,0x39,0x42,0xE5,0xE5,0xE5,0xFF,
0xF3,0x04,0x4E,0x0D,0x36,0x25,0x2A,0x38,0xCA,0xFF,0xF3,0x21,0x0B,0x2C,0xE8,0x00,
0x24,0x29,0x36,0x33,0xE5,0xE5,0xE5,0xFC,0x23,0x25,0x00,0x3A,0x29,0x33,0xE8,0x00,
0x34,0x36,0x33,0x38,0x29,0x2B,0x42,0x25,0x37,0xFC,0x45,0x36,0x29,0x25,0x00,0x24,
0x29,0x36,0x33,0xFD,0x34,0x33,0x36,0x00,0x29,0x30,0xFC,0x0B,0x37,0x29,0x32,0x38,
0x25,0x31,0x2D,0x29,0x32,0x38,0x33,0xE5,0xFD,0xF3,0x04,0x0F,0x36,0x25,0x37,0x00,
0x39,0x32,0x00,0x1C,0x29,0x34,0x30,0x33,0x2D,0x28,0x29,0x00,0x28,0x29,0xFC,0x18,
0x29,0x33,0x00,0x0B,0x36,0x27,0x25,0x28,0x2D,0x25,0xE5,0xE5,0xE5,0xFD,0x16,0x39,
0x27,0x2C,0x25,0x26,0x25,0x37,0x00,0x34,0x33,0x36,0x00,0x30,0x33,0x37,0xFC,0x2C,
0x39,0x31,0x25,0x32,0x33,0x37,0xE8,0x00,0x4F,0x27,0x43,0x31,0x33,0xFC,0x34,0x39,
0x28,0x2D,0x37,0x38,0x29,0x00,0x30,0x39,0x27,0x2C,0x25,0x36,0xFD,0x34,0x33,0x36,
0x00,0x29,0x30,0x00,0x0E,0x36,0xE5,0x00,0x21,0x29,0x2D,0x30,0x00,0x3D,0xFC,0x25,
0x38,0x25,0x27,0x25,0x36,0x00,0x29,0x30,0xFC,0x0B,0x37,0x29,0x32,0x38,0x25,0x31,
0x2D,0x29,0x32,0x38,0x33,0xDD,0xFD,0xF3,0x21,0x16,0x33,0x36,0x28,0x00,0x21,0x29,
0x2D,0x30,0x00,0x38,0x2D,0x29,0x32,0x29,0xFC,0x38,0x33,0x28,0x25,0x00,0x30,0x25,
0x00,0x29,0x32,0x29,0x36,0x2B,0x42,0x25,0x00,0x28,0x29,0x30,0xFC,0x31,0x39,0x32,
0x28,0x33,0x00,0x29,0x32,0x00,0x37,0x39,0x37,0x00,0x31,0x25,0x32,0x33,0x37,0xE5,
0xFD,0x12,0x39,0x31,0x25,0x32,0x33,0x37,0x00,0x3D,0x00,0x1C,0x29,0x34,0x30,0x33,
0x2D,0x28,0x29,0x37,0xFC,0x32,0x33,0x00,0x38,0x2D,0x29,0x32,0x29,0x32,0x00,0x31,
0x40,0x37,0x00,0x33,0x34,0x27,0x2D,0x43,0x32,0xFC,0x35,0x39,0x29,0x00,0x3A,0x2D,
0x3A,0x2D,0x36,0x00,0x26,0x25,0x2E,0x33,0x00,0x41,0x30,0xE5,0xFD,0x12,0x25,0x3D,
0x00,0x38,0x33,0x32,0x38,0x33,0x37,0x00,0x35,0x39,0x29,0x00,0x32,0x33,0xFC,0x29,
0x32,0x38,0x2D,0x29,0x32,0x28,0x29,0x32,0x00,0x29,0x37,0x33,0x00,0x3D,0x00,0x32,
0x33,0x37,0xFC,0x27,0x33,0x31,0x26,0x25,0x38,0x29,0x32,0xFD,0x25,0x39,0x32,0x00,
0x37,0x2D,0x32,0x00,0x38,0x29,0x32,0x29,0x36,0xFC,0x34,0x33,0x37,0x2D,0x26,0x2D,
0x30,0x2D,0x28,0x25,0x28,0x00,0x28,0x29,0xFC,0x3A,0x29,0x32,0x27,0x29,0x36,0xE5,
0xFD,0x17,0x2D,0x29,0x32,0x38,0x36,0x25,0x37,0x00,0x38,0x44,0x00,0x3D,0x00,0x30,
0x33,0x37,0xFC,0x2C,0x39,0x31,0x25,0x32,0x33,0x37,0x00,0x37,0x2D,0x2B,0x25,0x32,
0xFC,0x30,0x39,0x27,0x2C,0x25,0x32,0x28,0x33,0xE8,0x00,0x2C,0x25,0x26,0x36,0x40,
0xFD,0x26,0x25,0x2E,0x25,0x37,0xE5,0xFF,0xF3,0x21,0x18,0x33,0x00,0x34,0x33,0x28,
0x42,0x25,0x00,0x34,0x29,0x36,0x31,0x2D,0x38,0x2D,0x36,0x31,0x29,0xFC,0x2A,0x25,
0x30,0x30,0x25,0x36,0xE5,0xE5,0xE5,0xFD,0x12,0x25,0x3D,0x00,0x25,0x30,0x2B,0x39,
0x2D,0x29,0x32,0x00,0x34,0x33,0x36,0x00,0x35,0x39,0x2D,0x29,0x32,0xFC,0x28,0x29,
0x26,0x33,0x00,0x37,0x29,0x2B,0x39,0x2D,0x36,0x00,0x3A,0x2D,0x3A,0x2D,0x29,0x32,
0x28,0x33,0xFC,0x3D,0x00,0x34,0x36,0x33,0x38,0x29,0x2B,0x29,0x36,0xE5,0xE5,0xE5,
0xFF,0xF3,0x21,0x0B,0x37,0x42,0x00,0x35,0x39,0x29,0x00,0x29,0x37,0x38,0x29,0x00,
0x29,0x37,0x00,0x29,0x30,0xFC,0x34,0x33,0x28,0x29,0x36,0x00,0x28,0x29,0x30,0x00,
0x1C,0x29,0x34,0x30,0x33,0x2D,0x28,0x29,0xFC,0x30,0x29,0x2B,0x29,0x32,0x28,0x25,
0x36,0x2D,0x33,0xE5,0xE5,0xE5,0xFD,0x0E,0x29,0x26,0x42,0x00,0x2C,0x25,0x26,0x29,
0x36,0x30,0x33,0xFC,0x37,0x25,0x26,0x2D,0x28,0x33,0xE5,0xFF,0xF3,0x04,0x4F,0x1B,
0x39,0x41,0x00,0x38,0x29,0x00,0x28,0x29,0x38,0x2D,0x29,0x32,0x29,0xE8,0xFC,0x0D,
0x36,0x25,0x2A,0x38,0xDD,0xFD,0xF3,0x21,0x4F,0x0E,0x29,0x00,0x35,0x39,0x41,0x00,
0x2C,0x25,0x26,0x30,0x25,0x37,0xDD,0xFD,0xF3,0x04,0x18,0x33,0x00,0x29,0x37,0x38,
0x40,0x37,0x00,0x30,0x39,0x27,0x2C,0x25,0x32,0x28,0x33,0xFC,0x29,0x32,0x00,0x37,
0x29,0x36,0x2D,0x33,0xE5,0xE5,0xE5,0xFD,0x0D,0x25,0x37,0x2D,0x00,0x34,0x25,0x36,
0x29,0x27,0x29,0x00,0x35,0x39,0x29,0xFC,0x35,0x39,0x2D,0x37,0x2D,0x29,0x36,0x25,
0x37,0x00,0x34,0x29,0x36,0x28,0x29,0x36,0xE5,0xFD,0x0E,0x29,0x26,0x29,0x00,0x2C,
0x25,0x26,0x29,0x36,0x00,0x25,0x30,0x2B,0x33,0x00,0x31,0x40,0x37,0xFC,0x28,0x29,
0x38,0x36,0x40,0x37,0x00,0x28,0x29,0x00,0x38,0x39,0x00,0x25,0x38,0x25,0x35,0x39,
0x29,0xFC,0x25,0x30,0x00,0x0B,0x37,0x29,0x32,0x38,0x25,0x31,0x2D,0x29,0x32,0x38,
0x33,0xE5,0xFD,0xF3,0x21,0x18,0x33,0x00,0x2C,0x25,0x3D,0x00,0x32,0x25,0x28,0x25,
0x00,0x31,0x40,0x37,0xE5,0xE5,0xE5,0xFD,0x4E,0x0B,0x2C,0x33,0x36,0x25,0xE8,0x00,
0x2D,0x2B,0x39,0x25,0x30,0x00,0x35,0x39,0x29,0xFC,0x29,0x32,0x38,0x33,0x32,0x27,
0x29,0x37,0xE8,0x00,0x30,0x39,0x27,0x2C,0x33,0x00,0x34,0x33,0x36,0xFC,0x30,0x25,
0x00,0x2C,0x39,0x31,0x25,0x32,0x2D,0x28,0x25,0x28,0xCA,0xFD,0x45,0x36,0x29,0x25,
0x00,0x24,0x29,0x36,0x33,0x00,0x3D,0x00,0x29,0x37,0x38,0x29,0xFC,0x0B,0x37,0x29,
0x32,0x38,0x25,0x31,0x2D,0x29,0x32,0x38,0x33,0x00,0x28,0x29,0x26,0x29,0x32,0xFC,
0x37,0x29,0x36,0x00,0x37,0x25,0x27,0x36,0x2D,0x2A,0x2D,0x27,0x25,0x28,0x33,0x37,
0xFD,0x34,0x33,0x36,0x00,0x29,0x30,0x00,0x26,0x2D,0x29,0x32,0x00,0x31,0x25,0x3D,
0x33,0x36,0xE5,0xFD,0x4E,0x16,0x33,0x37,0x00,0x2C,0x39,0x31,0x25,0x32,0x33,0x37,
0x00,0x28,0x29,0x26,0x29,0x32,0xFC,0x25,0x34,0x36,0x29,0x32,0x28,0x29,0x36,0x00,
0x29,0x30,0x00,0x29,0x36,0x36,0x33,0x36,0x00,0x28,0x29,0xFC,0x28,0x29,0x37,0x25,
0x2A,0x2D,0x25,0x36,0x00,0x25,0x00,0x21,0x29,0x2D,0x30,0xCA,0xFF,0xF3,0x3D,0x4E,
0x0E,0x29,0x38,0x29,0x32,0x38,0x29,0xCA,0xFF,0xF3,0x04,0x4E,0x18,0x29,0x2D,0x2B,
0x29,0xCA,0xFF,0xF3,0x3C,0x4F,0x4E,0x1A,0x33,0x36,0x00,0x29,0x30,0x00,0x26,0x2D,
0x29,0x32,0x00,0x31,0x25,0x3D,0x33,0x36,0xCA,0xDD,0xFF,0xF3,0x3D,0x4F,0x4E,0x1B,
0x39,0x41,0x00,0x2C,0x25,0x27,0x29,0x37,0x00,0x34,0x25,0x36,0x25,0xFC,0x25,0x3D,
0x39,0x28,0x25,0x36,0x00,0x25,0x00,0x30,0x25,0xFC,0x2C,0x39,0x31,0x25,0x32,0x2D,
0x28,0x25,0x28,0xCA,0xDD,0xFD,0x4F,0x4E,0x0D,0x43,0x31,0x33,0x00,0x34,0x39,0x29,
0x28,0x29,0x37,0x00,0x2C,0x25,0x26,0x30,0x25,0x36,0xFC,0x28,0x29,0x30,0x00,0x26,
0x2D,0x29,0x32,0x00,0x31,0x25,0x3D,0x33,0x36,0x00,0x38,0x36,0x25,0x37,0xFC,0x3A,
0x29,0x36,0x00,0x30,0x33,0x00,0x35,0x39,0x29,0x00,0x2C,0x25,0x37,0x00,0x2C,0x29,
0x27,0x2C,0x33,0xFD,0x34,0x25,0x36,0x25,0x00,0x28,0x25,0x4C,0x25,0x36,0x00,0x30,
0x25,0xFC,0x32,0x25,0x38,0x39,0x36,0x25,0x30,0x29,0x3E,0x25,0x00,0x3D,0x00,0x29,
0x37,0x38,0x29,0xFC,0x0B,0x37,0x29,0x32,0x38,0x25,0x31,0x2D,0x29,0x32,0x38,0x33,
0xCA,0xDD,0xFD,0x1E,0x33,0x31,0x43,0x00,0x31,0x39,0x27,0x2C,0x33,0x00,0x38,0x2D,
0x29,0x31,0x34,0x33,0xFC,0x35,0x39,0x29,0x00,0x30,0x25,0x00,0x32,0x25,0x38,0x39,
0x36,0x25,0x30,0x29,0x3E,0x25,0xFC,0x36,0x29,0x27,0x39,0x34,0x29,0x36,0x25,0x36,
0x25,0x00,0x37,0x39,0xFD,0x29,0x37,0x34,0x30,0x29,0x32,0x28,0x33,0x36,0x00,0x3D,
0x00,0x35,0x39,0x29,0x00,0x30,0x33,0x37,0xFC,0x2C,0x39,0x31,0x25,0x32,0x33,0x37,
0x00,0x25,0x35,0x39,0x42,0xFC,0x29,0x32,0x27,0x33,0x32,0x38,0x36,0x25,0x36,0x25,
0x32,0x00,0x34,0x25,0x3E,0xE5,0xE5,0xE5,0xFD,0x4E,0x0F,0x37,0x38,0x40,0x37,0x00,
0x34,0x2D,0x37,0x33,0x38,0x29,0x25,0x32,0x28,0x33,0x00,0x25,0xFC,0x30,0x25,0x00,
0x2C,0x39,0x31,0x25,0x32,0x2D,0x28,0x25,0x28,0xE8,0x00,0x32,0x33,0xFC,0x25,0x3D,
0x39,0x28,0x40,0x32,0x28,0x33,0x30,0x25,0xCA,0xFD,0x4E,0x18,0x33,0x00,0x2D,0x31,
0x34,0x33,0x36,0x38,0x25,0x00,0x27,0x39,0x40,0x32,0x38,0x33,0xFC,0x2D,0x32,0x38,
0x29,0x32,0x38,0x29,0x37,0x00,0x2E,0x39,0x37,0x38,0x2D,0x2A,0x2D,0x27,0x25,0x36,
0xFC,0x38,0x39,0x37,0x00,0x25,0x27,0x27,0x2D,0x33,0x32,0x29,0x37,0xE8,0xFD,0x25,
0x31,0x26,0x33,0x37,0x00,0x37,0x33,0x30,0x33,0x00,0x30,0x39,0x27,0x2C,0x25,0x32,
0xFC,0x29,0x32,0x00,0x30,0x25,0x00,0x31,0x2D,0x37,0x31,0x25,0x00,0x2B,0x39,0x29,
0x36,0x36,0x25,0xFC,0x25,0x26,0x37,0x39,0x36,0x28,0x25,0xCA,0xFF,0xF3,0x21,0x18,
0x29,0x2D,0x2B,0x29,0xE5,0xE5,0xE5,0xFD,0x0E,0x29,0x26,0x42,0x00,0x2C,0x25,0x26,
0x29,0x36,0x00,0x37,0x25,0x26,0x2D,0x28,0x33,0xFC,0x35,0x39,0x29,0x00,0x29,0x37,
0x38,0x25,0x26,0x25,0x37,0x00,0x25,0x35,0x39,0x42,0xE5,0xE5,0xE5,0xFF,0xF3,0x3C,
0x0D,0x36,0x25,0x2A,0x38,0xE5,0xE5,0xE5,0xFC,0x4F,0x1A,0x33,0x36,0x00,0x35,0x39,
0x41,0x00,0x37,0x2D,0x2B,0x39,0x29,0x37,0xFC,0x25,0x00,0x21,0x29,0x2D,0x30,0xDD,
0xFD,0x0D,0x39,0x25,0x32,0x28,0x33,0x00,0x38,0x29,0x00,0x27,0x33,0x32,0x33,0x27,
0x42,0xE8,0xFC,0x29,0x36,0x25,0x37,0x00,0x39,0x32,0x00,0x2B,0x39,0x29,0x36,0x36,
0x29,0x36,0x33,0xFC,0x33,0x36,0x2B,0x39,0x30,0x30,0x33,0x37,0x33,0xE5,0xE5,0xE5,
0xFD,0x0E,0x2D,0x2E,0x2D,0x37,0x38,0x29,0x00,0x35,0x39,0x29,0x00,0x38,0x36,0x25,
0x29,0x36,0x42,0x25,0x37,0xFC,0x30,0x25,0x00,0x34,0x25,0x3E,0x00,0x25,0x30,0x00,
0x31,0x39,0x32,0x28,0x33,0xFC,0x3D,0x00,0x34,0x36,0x33,0x38,0x29,0x2B,0x29,0x36,
0x42,0x25,0x37,0xFD,0x25,0x00,0x30,0x33,0x37,0x00,0x2C,0x39,0x31,0x25,0x32,0x33,
0x37,0xE5,0xFD,0x17,0x29,0x00,0x30,0x33,0x00,0x34,0x36,0x33,0x31,0x29,0x38,0x2D,
0x37,0x38,0x29,0xE5,0xE5,0xE5,0xFD,0xF3,0x21,0x1D,0x42,0xE8,0x00,0x30,0x33,0x00,
0x36,0x29,0x27,0x39,0x29,0x36,0x28,0x33,0xE5,0xFD,0x23,0x00,0x29,0x37,0x38,0x33,
0x3D,0x00,0x27,0x39,0x31,0x34,0x30,0x2D,0x29,0x32,0x28,0x33,0xFC,0x31,0x2D,0x00,
0x34,0x36,0x33,0x31,0x29,0x37,0x25,0x00,0x25,0x30,0xFC,0x2C,0x25,0x27,0x29,0x36,
0x00,0x29,0x37,0x38,0x33,0xE5,0xFF,0xF3,0x08,0x4E,0x0B,0x25,0x25,0x2C,0xCA,0xFC,
0x4F,0x4E,0x0D,0x36,0x25,0x2A,0x38,0xCA,0xDD,0xFF,0xF3,0x04,0x4E,0x18,0x33,0xCA,
0xFC,0x0F,0x37,0x27,0x25,0x34,0x43,0xE5,0xE5,0xE5,0xFF,0xF3,0x00,0x0D,0x2D,0x29,
0x30,0xD9,0xE9,0x0B,0x28,0x29,0x30,0x25,0x32,0x38,0x29,0xE8,0x00,0x24,0x29,0x36,
0x33,0xE5,0xE9,0xFD,0xE9,0x0E,0x29,0x38,0x29,0x27,0x38,0x33,0x00,0x37,0x29,0x4C,
0x25,0x30,0x29,0x37,0x00,0x28,0x29,0xFD,0x00,0x1C,0x29,0x34,0x30,0x33,0x2D,0x28,
0x29,0x37,0x00,0x28,0x29,0x26,0x2D,0x30,0x2D,0x38,0x40,0x32,0x28,0x33,0x37,0x29,
0xE5,0xE9,0xFD,0xE9,0x16,0x33,0x00,0x30,0x33,0x2B,0x36,0x25,0x37,0x38,0x29,0xE5,
0xE9,0xFF,0xF3,0x04,0x0D,0x2D,0x29,0x30,0xE8,0xFC,0x0D,0x36,0x25,0x2A,0x38,0x00,
0x38,0x2D,0x29,0x32,0x29,0x00,0x25,0x00,0x18,0x29,0x2D,0x2B,0x29,0xE5,0xFD,0x4F,
0x1A,0x39,0x29,0x28,0x29,0x37,0x00,0x36,0x25,0x37,0x38,0x36,0x29,0x25,0x36,0xFC,
0x37,0x39,0x00,0x37,0x29,0x4C,0x25,0x30,0xDD,0xFF,0xF3,0x00,0x0D,0x2D,0x29,0x30,
0xD9,0xE9,0x4F,0x4E,0x1B,0x39,0x41,0xCA,0xDD,0xE9,0xFD,0xE9,0x17,0x29,0x00,0x29,
0x32,0x27,0x25,0x36,0x2B,0x25,0x36,0x41,0x00,0x28,0x29,0x00,0x29,0x37,0x33,0x00,
0x25,0x2C,0x33,0x36,0x25,0xE5,0xE9,0xFF,0xF3,0x2C,0x0B,0x37,0x42,0x00,0x35,0x39,
0x29,0x00,0x29,0x36,0x25,0x00,0x25,0x31,0x2D,0x2B,0x25,0xFC,0x28,0x29,0x00,0x39,
0x32,0x33,0x00,0x28,0x29,0x00,0x29,0x37,0x33,0x37,0xFC,0x1C,0x29,0x34,0x30,0x33,
0x2D,0x28,0x29,0x37,0x00,0x18,0x29,0x33,0xFD,0x0B,0x36,0x27,0x25,0x28,0x2D,0x25,
0x32,0x33,0x37,0xE5,0xE5,0xE5,0xFF,0xF3,0x2C,0x0F,0x30,0x30,0x25,0x00,0x2A,0x2D,
0x32,0x2B,0x2D,0x43,0x00,0x29,0x37,0x38,0x25,0x36,0xFC,0x25,0x3D,0x39,0x28,0x40,
0x32,0x28,0x33,0x32,0x33,0x37,0x00,0x38,0x33,0x28,0x33,0xFC,0x29,0x37,0x38,0x29,
0x00,0x38,0x2D,0x29,0x31,0x34,0x33,0xE5,0xFD,0xF3,0x32,0x23,0x00,0x38,0x44,0xE5,
0xE5,0xE5,0xFD,0x1E,0x44,0x00,0x29,0x36,0x29,0x37,0x00,0x29,0x30,0x00,0x1C,0x29,
0x34,0x30,0x33,0x2D,0x28,0x29,0xFC,0x28,0x29,0x00,0x30,0x25,0x00,0x1C,0x29,0x37,
0x2D,0x37,0x38,0x29,0x32,0x27,0x2D,0x25,0xE8,0xFC,0x24,0x29,0x36,0x33,0xE5,0xE5,
0xE5,0xFD,0x12,0x31,0x34,0x2C,0xE5,0x00,0x20,0x25,0x3D,0x25,0x00,0x30,0x29,0x3D,
0x29,0x32,0x28,0x25,0xE5,0xFD,0x4E,0x0F,0x32,0x38,0x33,0x32,0x27,0x29,0x37,0x00,
0x29,0x37,0x29,0x00,0x33,0x38,0x36,0x33,0xFC,0x37,0x29,0x2B,0x39,0x42,0x25,0x00,
0x2C,0x25,0x26,0x30,0x25,0x32,0x28,0x33,0x00,0x28,0x29,0xFC,0x25,0x3D,0x39,0x28,
0x25,0x36,0x00,0x25,0x00,0x30,0x25,0x00,0x2C,0x39,0x31,0x25,0x32,0x2D,0x28,0x25,
0x28,0xFD,0x34,0x29,0x36,0x33,0x00,0x31,0x2D,0x36,0x25,0x00,0x30,0x33,0x00,0x35,
0x39,0x29,0xFC,0x2C,0x2D,0x3E,0x33,0x00,0x27,0x33,0x32,0x00,0x32,0x39,0x29,0x37,
0x38,0x36,0x33,0xFC,0x0B,0x37,0x29,0x32,0x38,0x25,0x31,0x2D,0x29,0x32,0x38,0x33,
0xCA,0xFF,0xF3,0x30,0x4F,0x20,0x25,0x37,0x00,0x25,0x00,0x2D,0x36,0x00,0x25,0x00,
0x25,0x3D,0x39,0x28,0x25,0x36,0xFC,0x25,0x00,0x18,0x29,0x2D,0x2B,0x29,0xDD,0xFD,
0xF3,0x2C,0x0F,0xD6,0x29,0x37,0x25,0x00,0x31,0x39,0x2E,0x29,0x36,0xE5,0xE5,0xE5,
0xFC,0x0F,0x37,0x38,0x40,0x00,0x27,0x33,0x32,0x00,0x30,0x33,0x37,0xFC,0x1C,0x29,
0x34,0x30,0x33,0x2D,0x28,0x29,0x37,0xE5,0xFD,0x18,0x33,0x00,0x3A,0x33,0x3D,0x00,
0x25,0x00,0x25,0x36,0x36,0x2D,0x29,0x37,0x2B,0x25,0x36,0x31,0x29,0xFC,0x34,0x33,
0x36,0x00,0x29,0x30,0x30,0x25,0xE5,0xFD,0xF3,0x30,0x18,0xD6,0x32,0x33,0x00,0x34,
0x39,0x29,0x28,0x33,0x00,0x27,0x36,0x29,0x29,0x36,0xFC,0x35,0x39,0x29,0x00,0x38,
0x44,0xE5,0xE5,0xE5,0xFD,0xF3,0x05,0x4F,0x1D,0x33,0x30,0x33,0x00,0x3A,0x25,0x37,
0x00,0x25,0xFC,0x25,0x26,0x25,0x32,0x28,0x33,0x32,0x25,0x36,0x30,0x25,0xDD,0xFD,
0x4E,0x1D,0x29,0x00,0x25,0x36,0x36,0x2D,0x29,0x37,0x2B,0x43,0x00,0x34,0x25,0x36,
0x25,0xFC,0x28,0x29,0x38,0x29,0x32,0x29,0x36,0x00,0x30,0x25,0x00,0x34,0x29,0x30,
0x29,0x25,0x00,0x3D,0xFC,0x37,0x25,0x30,0x3A,0x25,0x36,0x38,0x29,0x00,0x25,0x00,
0x38,0x2D,0xFD,0x3D,0x00,0x25,0x30,0x00,0x0B,0x37,0x29,0x32,0x38,0x25,0x31,0x2D,
0x29,0x32,0x38,0x33,0xCA,0xFD,0xF3,0x2C,0x4F,0x4E,0x23,0x00,0x35,0x39,0x41,0xCA,
0xDD,0xFD,0x4E,0x1D,0x2D,0x00,0x30,0x25,0x00,0x37,0x25,0x30,0x3A,0x25,0x31,0x33,
0x37,0xE8,0xFC,0x34,0x33,0x28,0x36,0x42,0x25,0x31,0x33,0x37,0x00,0x37,0x29,0x36,
0xFC,0x25,0x38,0x25,0x27,0x25,0x28,0x33,0x37,0x00,0x33,0x38,0x36,0x25,0x00,0x3A,
0x29,0x3E,0xCA,0xFD,0xF3,0x05,0x17,0x42,0x36,0x25,0x30,0x33,0x37,0x00,0x25,0x00,
0x38,0x33,0x28,0x33,0x37,0xE8,0xFC,0x25,0x27,0x33,0x26,0x25,0x36,0x28,0x25,0x28,
0x33,0x37,0x00,0x34,0x33,0x36,0xFC,0x29,0x30,0x00,0x31,0x2D,0x29,0x28,0x33,0xE5,
0xFD,0x18,0x33,0x00,0x37,0x33,0x32,0x00,0x28,0x2D,0x2A,0x29,0x36,0x29,0x32,0x38,
0x29,0x37,0xFC,0x28,0x29,0x00,0x30,0x33,0x37,0x00,0x2C,0x39,0x31,0x25,0x32,0x33,
0x37,0x00,0x28,0x29,0xFC,0x18,0x29,0x33,0x00,0x0B,0x36,0x27,0x25,0x28,0x2D,0x25,
0xE5,0xE5,0xE5,0xFD,0xF3,0x2C,0x4E,0x0D,0xD6,0x27,0x43,0x31,0x33,0x00,0x38,0x29,
0x00,0x25,0x38,0x36,0x29,0x3A,0x29,0x37,0xCA,0xFD,0xF3,0x05,0x1D,0x2D,0x00,0x3A,
0x25,0x32,0x00,0x25,0x00,0x25,0x27,0x38,0x39,0x25,0x36,0x00,0x25,0x37,0x42,0xE8,
0xFC,0x4F,0x34,0x25,0x36,0x25,0x00,0x35,0x39,0x41,0x00,0x25,0x36,0x36,0x2D,0x29,
0x37,0x2B,0x25,0x36,0x33,0x32,0xFC,0x37,0x39,0x37,0x00,0x3A,0x2D,0x28,0x25,0x37,
0x00,0x25,0x30,0x00,0x28,0x29,0x2E,0x25,0x36,0xFD,0x18,0x29,0x33,0x00,0x0B,0x36,
0x27,0x25,0x28,0x2D,0x25,0x00,0x29,0x32,0xFC,0x34,0x36,0x2D,0x31,0x29,0x36,0x00,
0x30,0x39,0x2B,0x25,0x36,0xDD,0xFD,0xF3,0x2C,0x0C,0xD6,0x26,0x39,0x29,0x32,0x33,
0xE5,0xE5,0xE5,0xFF,0xF3,0x00,0x0D,0x2D,0x29,0x30,0xD9,0xE9,0x4F,0x24,0x29,0x36,
0x33,0xDD,0xE9,0xFD,0xE9,0x12,0x29,0x00,0x29,0x32,0x27,0x33,0x32,0x38,0x36,0x25,
0x28,0x33,0x00,0x25,0x00,0x18,0x29,0x2D,0x2B,0x29,0xE5,0xE9,0xFD,0xE9,0x4E,0x20,
0x39,0x29,0x30,0x3A,0x29,0x00,0x25,0x35,0x39,0x42,0x00,0x27,0x39,0x25,0x32,0x38,
0x33,0x00,0x25,0x32,0x38,0x29,0x37,0xCA,0xE9,0xFF,0xF3,0x05,0x0F,0x37,0x38,0x25,
0x36,0x41,0x00,0x25,0x30,0x30,0x42,0xFC,0x29,0x32,0x37,0x29,0x2B,0x39,0x2D,0x28,
0x25,0xE5,0xFF,0xF3,0x30,0x1A,0x33,0x36,0x00,0x2A,0x25,0x3A,0x33,0x36,0xE5,0xE5,
0xE5,0xFC,0x1D,0x25,0x30,0x3A,0x25,0x00,0x25,0x00,0x18,0x29,0x2D,0x2B,0x29,0xE5,
0xE5,0xE5,0xFF,
};
alignas(16) inline constexpr uint16_t mmz4_msg0E_script_offsets[] = {
0x0000,0x009D,0x00B9,0x0202,0x026B,0x02C9,0x0337,0x0538,
0x0613,0x061C,0x07FE,0x08A3,0x094B,0x0A13,0x0A53,0x0ADD,
0x0B4D,0x0C13,0x0C79,0x0D1B,0x0D31,0x0D63,0x0DCB,0x0E25,
0x0E6B,0x0E6B,0x0E6B,0x0E6B,0x0E6B,0x0E6B,0x0E6B,0x0E6B,
0x0E6B,0x0E6B,0x0E6B,0x0E6B,0x0E6B,0x0E6B,0x0E6B,0x0E6B,
0x0E6B,0x0E6B,0x0E6B,0x0E6B,0x0E6B,0x0E6B,0x0E6B,0x0E6B,
0x0E6B,0x0E6B,0x0E6B,0x0E6B,0x0E6B,0x0E6B,0x0E6B,0x0E6B,
0x0E6B,0x0E6B,0x0E6B,0x0E6B,0x0E6B,0x0E6B,0x0E6B,0x0E6B,
0x0E6B,0x0E86,0x0EBE,
};
constexpr int mmz4_msg0E_num_entries = 67;
alignas(16) inline constexpr uint8_t mmz4_msg0E_script_data[] = {
0xF3,0x24,0x19,0x34,0x29,0x36,0x25,0x28,0x33,0x36,0x25,0xD9,0xFC,0xE9,0x1D,0x2D,
0x2B,0x39,0x29,0x00,0x25,0x3A,0x25,0x32,0x3E,0x25,0x32,0x28,0x33,0x00,0x3D,0xFC,
0x00,0x29,0x3A,0x29,0x32,0x38,0x39,0x25,0x30,0x31,0x29,0x32,0x38,0x29,0xFD,0x00,
0x30,0x30,0x29,0x2B,0x25,0x36,0x40,0x37,0x00,0x25,0x00,0x39,0x32,0xFC,0x00,0x27,
0x33,0x32,0x28,0x39,0x27,0x38,0x33,0x00,0x35,0x39,0x29,0x00,0x30,0x30,0x29,0x3A,
0x25,0xFC,0x00,0x25,0x30,0x00,0x2D,0x32,0x38,0x29,0x36,0x2D,0x33,0x36,0xE5,0xE9,
0xFD,0xE9,0x0F,0x37,0x00,0x34,0x29,0x30,0x2D,0x2B,0x36,0x33,0x37,0x33,0xE8,0x00,
0x34,0x29,0x36,0x33,0xFC,0x00,0x27,0x33,0x32,0x28,0x39,0x27,0x29,0x00,0x2C,0x25,
0x37,0x38,0x25,0x00,0x30,0x25,0xFC,0x00,0x39,0x26,0x2D,0x27,0x25,0x27,0x2D,0x43,
0x32,0x00,0x28,0x29,0x00,0x18,0x29,0x2D,0x2B,0x29,0xE5,0xE9,0xFF,0xF3,0x61,0x4E,
0x24,0x29,0x36,0x33,0xCA,0xFC,0x4F,0x4E,0x1B,0x39,0x41,0x00,0x2C,0x25,0x27,0x29,
0x37,0x00,0x25,0x35,0x39,0x42,0xCA,0xDD,0xFF,0xF3,0x04,0x20,0x2D,0x32,0x29,0x00,
0x25,0x00,0x36,0x29,0x37,0x27,0x25,0x38,0x25,0x36,0x38,0x29,0xE5,0xFD,0x16,0x25,
0x00,0x2B,0x29,0x32,0x38,0x29,0x00,0x28,0x29,0x30,0xFC,0x0B,0x37,0x29,0x32,0x38,
0x25,0x31,0x2D,0x29,0x32,0x38,0x33,0x00,0x31,0x29,0xFC,0x29,0x32,0x3A,0x2D,0x43,
0xE5,0xFD,0xF3,0x09,0x11,0x36,0x25,0x27,0x2D,0x25,0x37,0xE5,0xE5,0xE5,0xFC,0x1A,
0x29,0x36,0x33,0x00,0x25,0x44,0x32,0x00,0x35,0x39,0x2D,0x29,0x36,0x33,0xFC,0x2C,
0x25,0x26,0x30,0x25,0x36,0x00,0x27,0x33,0x32,0x00,0x0D,0x36,0x25,0x2A,0x38,0xE5,
0xE5,0xE5,0xFD,0xF3,0x04,0x4F,0x0F,0x37,0x00,0x25,0x31,0x2D,0x2B,0x33,0x00,0x38,
0x39,0x3D,0x33,0xDD,0xFD,0xF3,0x09,0x0D,0x36,0x25,0x2A,0x38,0x00,0x31,0x29,0x00,
0x37,0x25,0x30,0x3A,0x43,0x00,0x28,0x29,0xFC,0x39,0x32,0x33,0x37,0x00,0x17,0x25,
0x3A,0x29,0x36,0x2D,0x27,0x2F,0x37,0x00,0x27,0x39,0x25,0x32,0x28,0x33,0xFC,0x36,
0x29,0x27,0x2D,0x41,0x32,0x00,0x29,0x31,0x34,0x29,0x3E,0x25,0x26,0x25,0xFD,0x27,
0x33,0x31,0x33,0x00,0x36,0x29,0x34,0x33,0x36,0x38,0x29,0x36,0x25,0xE5,0xFD,0x17,
0x29,0x00,0x37,0x33,0x36,0x34,0x36,0x29,0x32,0x28,0x2D,0x43,0x00,0x3A,0x29,0x36,
0xFC,0x27,0x43,0x31,0x33,0x00,0x30,0x39,0x27,0x2C,0x25,0x26,0x25,0x00,0x34,0x25,
0x36,0x25,0xFC,0x34,0x36,0x33,0x38,0x29,0x2B,0x29,0x36,0x00,0x25,0x00,0x30,0x33,
0x37,0xFD,0x2C,0x39,0x31,0x25,0x32,0x33,0x37,0xE5,0xFD,0x14,0x29,0x2E,0x29,0xE8,
0x00,0x29,0x37,0x00,0x25,0x30,0x2B,0x33,0xFC,0x29,0x3C,0x38,0x36,0x25,0x4C,0x33,
0xE8,0x00,0x35,0x39,0x29,0x00,0x39,0x32,0x25,0xFC,0x2C,0x39,0x31,0x25,0x32,0x25,
0x00,0x37,0x29,0x00,0x29,0x32,0x25,0x31,0x33,0x36,0x29,0xFD,0x28,0x29,0x00,0x39,
0x32,0x00,0x1C,0x29,0x34,0x30,0x33,0x2D,0x28,0x29,0xE5,0xFD,0xF3,0x04,0xE5,0xE5,
0xE5,0xFF,0xF3,0x21,0x23,0x00,0x29,0x32,0x38,0x33,0x32,0x27,0x29,0x37,0x00,0x3D,
0x33,0xFC,0x38,0x25,0x31,0x26,0x2D,0x41,0x32,0x00,0x31,0x29,0x00,0x29,0x32,0x25,
0x31,0x33,0x36,0x41,0xE5,0xFD,0x18,0x29,0x2D,0x2B,0x29,0x00,0x30,0x39,0x27,0x2C,
0x43,0x00,0x27,0x33,0x32,0x00,0x38,0x33,0x28,0x25,0x37,0xFC,0x37,0x39,0x37,0x00,
0x2A,0x39,0x29,0x36,0x3E,0x25,0x37,0x00,0x34,0x25,0x36,0x25,0xFC,0x36,0x29,0x3A,
0x29,0x30,0x25,0x36,0x00,0x30,0x25,0x00,0x3A,0x29,0x36,0x28,0x25,0x28,0xFD,0x25,
0x00,0x30,0x25,0x00,0x2B,0x29,0x32,0x38,0x29,0xE5,0xFF,0xF3,0x3C,0x4E,0x0D,0x36,
0x25,0x2A,0x38,0xCA,0xFD,0xF3,0x21,0x18,0x29,0x2D,0x2B,0x29,0xE5,0xE5,0xE5,0x00,
0x18,0x33,0x00,0x2C,0x25,0x37,0xFC,0x27,0x25,0x31,0x26,0x2D,0x25,0x28,0x33,0x00,
0x32,0x25,0x28,0x25,0xE5,0xFD,0x0D,0x39,0x25,0x32,0x28,0x33,0x00,0x38,0x29,0x00,
0x34,0x36,0x33,0x34,0x33,0x32,0x29,0x37,0xFC,0x25,0x30,0x2B,0x33,0xE8,0x00,0x30,
0x33,0x00,0x30,0x30,0x29,0x3A,0x25,0x37,0xFC,0x2C,0x25,0x37,0x38,0x25,0x00,0x29,
0x30,0x00,0x2A,0x2D,0x32,0x25,0x30,0xE5,0xFF,0xF3,0x3C,0x12,0x25,0x37,0x00,0x27,
0x25,0x31,0x26,0x2D,0x25,0x28,0x33,0xE5,0xFD,0x0D,0x36,0x29,0x29,0x37,0x00,0x35,
0x39,0x29,0x00,0x29,0x37,0x38,0x40,0x37,0xFC,0x30,0x39,0x27,0x2C,0x25,0x32,0x28,
0x33,0x00,0x34,0x33,0x36,0x00,0x30,0x25,0xFC,0x2C,0x39,0x31,0x25,0x32,0x2D,0x28,
0x25,0x28,0xE8,0x00,0x34,0x29,0x36,0x33,0xFD,0x37,0x33,0x30,0x33,0x00,0x29,0x36,
0x29,0x37,0x00,0x39,0x32,0x00,0x34,0x29,0x43,0x32,0xFC,0x37,0x2D,0x29,0x32,0x28,
0x33,0x00,0x31,0x25,0x32,0x2D,0x34,0x39,0x30,0x25,0x28,0x33,0xFC,0x34,0x33,0x36,
0x00,0x21,0x29,0x2D,0x30,0xE5,0xFF,0xF3,0x21,0x18,0x33,0x00,0x29,0x32,0x38,0x2D,
0x29,0x32,0x28,0x29,0x37,0xFC,0x32,0x25,0x28,0x25,0xE5,0xFD,0x21,0x29,0x2D,0x30,
0x00,0x28,0x29,0x37,0x38,0x36,0x39,0x2D,0x36,0x40,0xFC,0x38,0x33,0x28,0x33,0x00,
0x30,0x33,0x00,0x35,0x39,0x29,0x00,0x29,0x37,0x38,0x40,0xFC,0x2A,0x39,0x29,0x36,
0x25,0x00,0x28,0x29,0x00,0x18,0x29,0x33,0x00,0x0B,0x36,0x27,0x25,0x28,0x2D,0x25,
0xFD,0x27,0x33,0x32,0x00,0x1C,0x25,0x2B,0x32,0x25,0x36,0x33,0x2F,0xE5,0xFC,0x0F,
0x37,0x33,0x00,0x38,0x29,0x00,0x2D,0x32,0x27,0x30,0x39,0x3D,0x29,0xE5,0xFD,0x1A,
0x33,0x36,0x00,0x29,0x37,0x33,0x00,0x30,0x33,0x00,0x25,0x3D,0x39,0x28,0x41,0xE8,
0xFC,0x34,0x25,0x36,0x25,0x00,0x34,0x33,0x28,0x29,0x36,0xFC,0x29,0x32,0x27,0x33,
0x32,0x38,0x36,0x25,0x36,0x38,0x29,0xE5,0xE5,0xE5,0xFD,0x1A,0x25,0x36,0x25,0x00,
0x34,0x36,0x33,0x38,0x29,0x2B,0x29,0x36,0x38,0x29,0xE5,0xE5,0xE5,0xFD,0x18,0x33,
0x00,0x37,0x33,0x30,0x33,0x00,0x25,0x00,0x38,0x2D,0xE8,0x00,0x37,0x2D,0x32,0x33,
0xFC,0x25,0x00,0x38,0x33,0x28,0x33,0x37,0x00,0x30,0x33,0x37,0x00,0x2C,0x39,0x31,
0x25,0x32,0x33,0x37,0xFC,0x3D,0x00,0x1C,0x29,0x34,0x30,0x33,0x2D,0x28,0x29,0x37,
0xE5,0xE5,0xE5,0xFD,0x0E,0x29,0x26,0x29,0x31,0x33,0x37,0x00,0x34,0x36,0x29,0x37,
0x29,0x36,0x3A,0x25,0x36,0xFC,0x30,0x25,0x00,0x34,0x33,0x27,0x25,0x00,0x29,0x32,
0x29,0x36,0x2B,0x42,0x25,0x00,0x35,0x39,0x29,0xFC,0x32,0x33,0x37,0x00,0x35,0x39,
0x29,0x28,0x25,0x00,0x34,0x25,0x36,0x25,0xFD,0x37,0x33,0x26,0x36,0x29,0x3A,0x2D,
0x3A,0x2D,0x36,0xE5,0xFD,0x13,0x32,0x27,0x30,0x39,0x37,0x33,0x00,0x37,0x2D,0x00,
0x29,0x37,0x33,0xFC,0x37,0x2D,0x2B,0x32,0x2D,0x2A,0x2D,0x27,0x25,0x00,0x3A,0x2D,
0x3A,0x2D,0x36,0x00,0x26,0x25,0x2E,0x33,0xFC,0x29,0x30,0x00,0x27,0x33,0x32,0x38,
0x36,0x33,0x30,0x00,0x28,0x29,0x00,0x21,0x29,0x2D,0x30,0xE5,0xE5,0xE5,0xFD,0xF3,
0x3C,0x4F,0x0B,0x37,0x42,0x00,0x35,0x39,0x29,0x00,0x34,0x33,0x36,0x00,0x29,0x37,
0x33,0xFC,0x37,0x2D,0x2B,0x39,0x29,0x37,0x00,0x25,0x00,0x21,0x29,0x2D,0x30,0x00,
0x37,0x2D,0x32,0xFC,0x27,0x39,0x29,0x37,0x38,0x2D,0x33,0x32,0x25,0x36,0x30,0x33,
0xDD,0xFD,0x4F,0x1C,0x33,0x26,0x25,0x32,0x28,0x33,0x00,0x30,0x2D,0x26,0x29,0x36,
0x38,0x25,0x28,0x00,0x3D,0xFC,0x28,0x29,0x37,0x38,0x36,0x39,0x3D,0x29,0x32,0x28,
0x33,0x00,0x30,0x25,0xFC,0x32,0x25,0x38,0x39,0x36,0x25,0x30,0x29,0x3E,0x25,0x00,
0x37,0x33,0x30,0x33,0xFD,0x34,0x33,0x36,0x00,0x37,0x33,0x26,0x36,0x29,0x3A,0x2D,
0x3A,0x2D,0x36,0xDD,0xFD,0x4F,0x0F,0x37,0x00,0x29,0x37,0x38,0x25,0x00,0x30,0x25,
0x00,0x2E,0x39,0x37,0x38,0x2D,0x27,0x2D,0x25,0xFC,0x34,0x33,0x36,0x00,0x30,0x25,
0x00,0x35,0x39,0x29,0x00,0x2C,0x25,0x37,0xFC,0x30,0x39,0x27,0x2C,0x25,0x28,0x33,
0xDD,0xFD,0xF3,0x21,0xE5,0xE5,0xE5,0xFF,0xF3,0x26,0x14,0x29,0x2E,0x29,0x2E,0x29,
0xE5,0xE5,0xE5,0xFD,0x4F,0x1F,0x37,0x38,0x29,0x28,0x29,0x37,0xE8,0x00,0x2C,0x39,
0x31,0x25,0x32,0x33,0x37,0xE8,0xFC,0x37,0x29,0x00,0x25,0x38,0x36,0x29,0x3A,0x29,
0x32,0x00,0x25,0x00,0x2C,0x25,0x26,0x30,0x25,0x36,0xFC,0x28,0x29,0x00,0x2E,0x39,
0x37,0x38,0x2D,0x27,0x2D,0x25,0xDD,0xFD,0x12,0x25,0x27,0x29,0x00,0x27,0x2D,0x29,
0x32,0x00,0x25,0x4C,0x33,0x37,0xFC,0x31,0x29,0x00,0x29,0x3C,0x34,0x39,0x30,0x37,
0x25,0x36,0x33,0x32,0x00,0x28,0x29,0xFC,0x18,0x29,0x33,0x00,0x0B,0x36,0x27,0x25,
0x28,0x2D,0x25,0xE5,0xE5,0xE5,0xFD,0x1D,0x29,0x00,0x28,0x29,0x37,0x2C,0x2D,0x27,
0x2D,0x29,0x36,0x33,0x32,0x00,0x28,0x29,0x00,0x30,0x33,0x37,0xFC,0x1C,0x29,0x34,
0x30,0x33,0x2D,0x28,0x29,0x37,0x00,0x17,0x25,0x3A,0x29,0x36,0x2D,0x27,0x2F,0xFC,
0x27,0x33,0x31,0x33,0x00,0x26,0x25,0x37,0x39,0x36,0x25,0xE5,0xE5,0xE5,0xFD,0x4F,
0x4E,0x12,0x39,0x31,0x25,0x32,0x33,0x37,0x00,0x2C,0x25,0x26,0x30,0x25,0x32,0x28,
0x33,0xFC,0x28,0x29,0x00,0x2E,0x39,0x37,0x38,0x2D,0x27,0x2D,0x25,0xCA,0xDD,0xFC,
0x4E,0x18,0x33,0x00,0x31,0x29,0x00,0x2C,0x25,0x2B,0x25,0x32,0x00,0x36,0x29,0x42,
0x36,0xCA,0xFF,0xF3,0x3C,0x4E,0x1E,0xD6,0x38,0x44,0xCA,0xFF,0xF3,0x04,0x4E,0x0E,
0x36,0xE5,0x00,0x21,0x29,0x2D,0x30,0xCA,0xFD,0xF3,0x65,0x14,0x29,0x2E,0x29,0x2E,
0x29,0xE5,0xE5,0xE5,0xFC,0x12,0x25,0x37,0x00,0x29,0x37,0x38,0x25,0x28,0x33,0x00,
0x31,0x39,0x3D,0xFC,0x33,0x27,0x39,0x34,0x25,0x28,0x33,0xE8,0x00,0x24,0x29,0x36,
0x33,0xE5,0xFD,0x1D,0x33,0x30,0x33,0x00,0x35,0x39,0x29,0x28,0x25,0x32,0x00,0x27,
0x39,0x25,0x38,0x36,0x33,0xFC,0x37,0x33,0x30,0x28,0x25,0x28,0x33,0x37,0x00,0x25,
0x2C,0x33,0x36,0x25,0xE5,0xE5,0xE5,0xFD,0x1A,0x29,0x36,0x33,0x00,0x32,0x33,0x00,
0x2D,0x31,0x34,0x33,0x36,0x38,0x25,0xE5,0xE5,0xE5,0xFC,0x0B,0x44,0x32,0x00,0x32,
0x33,0x00,0x34,0x39,0x29,0x28,0x29,0x37,0xFC,0x28,0x29,0x38,0x29,0x32,0x29,0x36,
0x00,0x1C,0x25,0x2B,0x32,0x25,0x36,0x33,0x2F,0xE5,0xFD,0x4E,0x18,0x2D,0x00,0x30,
0x33,0x00,0x37,0x39,0x29,0x4C,0x29,0x37,0xCA,0xFC,0x4E,0x14,0x29,0x2E,0x29,0x2E,
0x29,0xCA,0xFD,0x1F,0x32,0x25,0x00,0x34,0x36,0x29,0x2B,0x39,0x32,0x38,0x25,0x00,
0x34,0x25,0x36,0x25,0xFC,0x30,0x25,0x00,0x28,0x25,0x31,0x25,0xD9,0xFD,0x4F,0x1E,
0x29,0x00,0x35,0x39,0x29,0x28,0x25,0x36,0x40,0x37,0x00,0x25,0xFC,0x31,0x33,0x36,
0x2D,0x36,0x00,0x29,0x32,0x00,0x45,0x36,0x29,0x25,0x00,0x24,0x29,0x36,0x33,0xFC,
0x34,0x33,0x36,0x00,0x38,0x39,0x00,0xE9,0x30,0x2D,0x26,0x29,0x36,0x38,0x25,0x28,
0xE9,0xDD,0xFD,0x4F,0x19,0x00,0x37,0x29,0x2B,0x39,0x2D,0x36,0x40,0x37,0x00,0x29,
0x30,0xFC,0x29,0x2E,0x29,0x31,0x34,0x30,0x33,0x00,0x28,0x29,0x00,0x0D,0x36,0x25,
0x2A,0x38,0x00,0x3D,0xFC,0x31,0x29,0x00,0x37,0x29,0x2B,0x39,0x2D,0x36,0x40,0x37,
0xDD,0xFD,0x16,0x25,0x00,0x3A,0x29,0x36,0x28,0x25,0x28,0x00,0x32,0x33,0x00,0x31,
0x29,0xFC,0x2D,0x31,0x34,0x33,0x36,0x38,0x25,0xE5,0xFD,0xF3,0x3C,0x4E,0x0B,0x2C,
0xCA,0xFC,0x4E,0x21,0x29,0x2D,0x30,0xCA,0xFD,0xF3,0x65,0x14,0x29,0x2E,0x29,0x2E,
0x29,0xE5,0xE5,0xE5,0xFC,0x0F,0x37,0x25,0x00,0x29,0x37,0x00,0x30,0x25,0x00,0x27,
0x25,0x36,0x25,0xE5,0xE5,0xE5,0xFD,0x16,0x25,0x00,0x27,0x25,0x36,0x25,0x00,0x28,
0x29,0x00,0x36,0x25,0x26,0x2D,0x25,0xE8,0xFC,0x37,0x39,0x2A,0x36,0x2D,0x31,0x2D,
0x29,0x32,0x38,0x33,0x00,0x3D,0xFC,0x2C,0x39,0x31,0x2D,0x30,0x30,0x25,0x27,0x2D,
0x43,0x32,0xE5,0xE5,0xE5,0xFD,0x0F,0x37,0x00,0x31,0x2D,0x00,0x31,0x25,0x3D,0x33,
0x36,0xFC,0x34,0x30,0x25,0x27,0x29,0x36,0xE5,0xE5,0xE5,0xFD,0x4E,0x1F,0x32,0x00,
0x34,0x30,0x25,0x27,0x29,0x36,0x00,0x35,0x39,0x29,0x00,0x37,0x33,0x30,0x33,0xFC,
0x39,0x32,0x00,0x2B,0x33,0x26,0x29,0x36,0x32,0x25,0x32,0x38,0x29,0x00,0x34,0x39,
0x29,0x28,0x29,0xFC,0x25,0x34,0x36,0x29,0x27,0x2D,0x25,0x36,0xCA,0xFF,0xF3,0x21,
0x4F,0x18,0x33,0x00,0x30,0x33,0x00,0x29,0x32,0x38,0x2D,0x29,0x32,0x28,0x29,0x37,
0xDD,0xFD,0x16,0x25,0x00,0x2E,0x39,0x37,0x38,0x2D,0x27,0x2D,0x25,0xFC,0x25,0x26,
0x25,0x32,0x28,0x33,0x32,0x43,0x00,0x29,0x37,0x38,0x29,0x00,0x31,0x39,0x32,0x28,
0x33,0xFC,0x2C,0x25,0x27,0x29,0x00,0x31,0x39,0x27,0x2C,0x33,0xE5,0xFD,0x0B,0x2C,
0x33,0x36,0x25,0x00,0x37,0x33,0x30,0x33,0x00,0x2D,0x31,0x34,0x33,0x36,0x38,0x25,
0x32,0xFC,0x30,0x25,0x00,0x3A,0x2D,0x28,0x25,0x00,0x3D,0x00,0x30,0x25,0x00,0x31,
0x39,0x29,0x36,0x38,0x29,0xE5,0xFD,0x18,0x29,0x2D,0x2B,0x29,0xE5,0xE5,0xE5,0x00,
0x18,0x33,0x00,0x35,0x39,0x2D,0x29,0x36,0x33,0xFC,0x35,0x39,0x29,0x00,0x38,0x29,
0x00,0x27,0x33,0x32,0x3A,0x2D,0x29,0x36,0x38,0x25,0x37,0x00,0x29,0x32,0xFC,0x39,
0x32,0x25,0x00,0x28,0x29,0x00,0x30,0x33,0x37,0x00,0x31,0x39,0x29,0x36,0x38,0x33,
0x37,0xE5,0xFF,0xF3,0x04,0x4E,0x12,0x31,0x34,0x2C,0xCA,0xFD,0xF3,0x65,0x24,0x29,
0x36,0x33,0xE5,0xE5,0xE5,0xFC,0x4F,0x0E,0x29,0x00,0x3A,0x29,0x36,0x28,0x25,0x28,
0x00,0x34,0x39,0x29,0x28,0x29,0x37,0xFC,0x31,0x25,0x38,0x25,0x36,0x31,0x29,0xDD,
0x00,0x4F,0x0B,0x00,0x39,0x32,0xFD,0x2C,0x39,0x31,0x25,0x32,0x33,0xDD,0xFD,0x4F,
0x1B,0x39,0x2D,0x29,0x36,0x29,0x37,0x00,0x27,0x33,0x32,0x3A,0x29,0x36,0x38,0x2D,
0x36,0x38,0x29,0xFC,0x29,0x32,0x00,0x39,0x32,0x00,0x17,0x25,0x3A,0x29,0x36,0x2D,
0x27,0x2F,0xFC,0x2A,0x36,0x29,0x32,0x38,0x29,0x00,0x25,0x00,0x29,0x30,0x30,0x25,
0xDD,0xFD,0xF3,0x3C,0xD1,0x24,0x29,0x36,0x33,0xE8,0x00,0x27,0x2D,0x29,0x36,0x36,
0x25,0x00,0x30,0x33,0x37,0xFC,0x33,0x2E,0x33,0x37,0x00,0x27,0x39,0x25,0x32,0x28,
0x33,0x00,0x38,0x29,0x00,0x28,0x41,0x00,0x30,0x25,0xFC,0x37,0x29,0x4C,0x25,0x30,
0xE5,0xE5,0xE5,0xD2,0xFD,0xF3,0x04,0xE5,0xE5,0xE5,0xFF,0xF3,0x65,0x0F,0x32,0x38,
0x33,0x32,0x27,0x29,0x37,0xE8,0x00,0x4F,0x35,0x39,0x41,0xFC,0x2C,0x25,0x36,0x40,
0x32,0xDD,0x00,0x4F,0x24,0x29,0x36,0x33,0xDD,0xFC,0x4F,0x0D,0x2C,0x2D,0x27,0x25,
0xDD,0xFD,0xF3,0x08,0x1D,0x2D,0x00,0x30,0x25,0x00,0x44,0x32,0x2D,0x27,0x25,0x00,
0x33,0x38,0x36,0x25,0xFC,0x33,0x34,0x27,0x2D,0x43,0x32,0x00,0x29,0x37,0x00,0x39,
0x32,0x25,0x00,0x31,0x39,0x29,0x36,0x38,0x29,0xFC,0x29,0x32,0x00,0x3A,0x2D,0x28,
0x25,0x00,0x26,0x25,0x2E,0x33,0x00,0x38,0x39,0xFD,0x28,0x33,0x31,0x2D,0x32,0x2D,
0x33,0xE5,0xE5,0xE5,0xFD,0x4E,0x0F,0x32,0x38,0x33,0x32,0x27,0x29,0x37,0x00,0x34,
0x36,0x29,0x2A,0x2D,0x29,0x36,0x33,0xFC,0x36,0x29,0x42,0x36,0x30,0x29,0x00,0x29,
0x32,0x00,0x30,0x25,0x00,0x27,0x25,0x36,0x25,0xFC,0x25,0x00,0x30,0x25,0x00,0x31,
0x39,0x29,0x36,0x38,0x29,0xFD,0x3D,0x00,0x29,0x32,0x2A,0x36,0x29,0x32,0x38,0x25,
0x36,0x30,0x25,0x00,0x27,0x33,0x32,0xFC,0x28,0x2D,0x2B,0x32,0x2D,0x28,0x25,0x28,
0xCA,0xFD,0xF3,0x3C,0x4E,0x24,0x29,0x36,0x33,0xCA,0x00,0x4E,0x0B,0x2C,0x33,0x36,
0x25,0xCA,0xFF,0xF3,0x21,0x4F,0x4E,0x1B,0x39,0x41,0xCA,0xDD,0xFC,0x4E,0x1F,0x32,
0x00,0x38,0x36,0x39,0x27,0x33,0xCA,0xFD,0xF3,0x65,0x4E,0x0B,0x36,0x2B,0x2C,0xCA,
0x00,0x4E,0x18,0x33,0x00,0x34,0x39,0x29,0x28,0x33,0xFC,0x3A,0x29,0x36,0xCA,0xFC,
0x4E,0x1A,0x25,0x2B,0x25,0x36,0x40,0x32,0x00,0x34,0x33,0x36,0x00,0x29,0x37,0x38,
0x33,0xCA,0xFF,0xF3,0x65,0x0F,0x37,0x33,0x37,0x00,0x34,0x29,0x35,0x39,0x29,0x4C,
0x33,0x37,0xFC,0x2D,0x32,0x2A,0x29,0x30,0x2D,0x27,0x29,0x37,0x00,0x29,0x37,0x27,
0x25,0x34,0x25,0x36,0x33,0x32,0xE5,0xFD,0x12,0x31,0x34,0x2C,0xE8,0x00,0x32,0x33,
0x00,0x2D,0x31,0x34,0x33,0x36,0x38,0x25,0xE5,0xE5,0xE5,0xFC,0x0D,0x36,0x25,0x2A,
0x38,0xE8,0x00,0x27,0x33,0x32,0x38,0x2D,0x32,0x44,0x25,0x00,0x27,0x33,0x32,0xFC,
0x1C,0x25,0x2B,0x32,0x25,0x36,0x33,0x2F,0xE5,0xFD,0x23,0x00,0x29,0x32,0x27,0x39,
0x29,0x32,0x38,0x36,0x25,0x00,0x25,0x00,0x29,0x37,0x33,0x37,0xFC,0x28,0x33,0x37,
0xE5,0x00,0x4E,0x16,0x29,0x37,0x00,0x31,0x33,0x37,0x38,0x36,0x25,0x36,0x29,0x31,
0x33,0x37,0xFC,0x37,0x39,0x00,0x29,0x36,0x36,0x33,0x36,0xCA,0xFF,0xF3,0x21,0x1C,
0x29,0x42,0x36,0x30,0x29,0x00,0x29,0x32,0x00,0x30,0x25,0x00,0x27,0x25,0x36,0x25,
0xFC,0x25,0x00,0x30,0x25,0x00,0x31,0x39,0x29,0x36,0x38,0x29,0x00,0x3D,0xFC,0x29,
0x32,0x2A,0x36,0x29,0x32,0x38,0x25,0x36,0x30,0x25,0x00,0x27,0x33,0x32,0xFD,0x28,
0x2D,0x2B,0x32,0x2D,0x28,0x25,0x28,0x00,0x29,0x37,0x00,0x31,0x29,0x2E,0x33,0x36,
0xFC,0x35,0x39,0x29,0x00,0x39,0x32,0x25,0xE5,0xE5,0xE5,0xFC,0x31,0x39,0x29,0x36,
0x38,0x29,0x00,0x29,0x32,0x00,0x3A,0x2D,0x28,0x25,0xE5,0xE5,0xE5,0xFD,0x18,0x29,
0x2D,0x2B,0x29,0xE5,0xE5,0xE5,0x00,0x23,0x33,0xE5,0xE5,0xE5,0xFF,0xF3,0x05,0x4F,
0x0F,0x37,0x38,0x40,0x37,0x00,0x26,0x2D,0x29,0x32,0xDD,0xFD,0xF3,0x08,0x0F,0x37,
0x33,0x00,0x32,0x33,0x00,0x2A,0x39,0x29,0x00,0x32,0x25,0x28,0x25,0xFC,0x34,0x25,
0x36,0x25,0x00,0x39,0x32,0x25,0x00,0x34,0x29,0x36,0x2D,0x33,0x28,0x2D,0x37,0x38,
0x25,0xFC,0x29,0x3C,0x34,0x29,0x36,0x2D,0x31,0x29,0x32,0x38,0x25,0x28,0x25,0xE5,
0xFD,0x4F,0x1E,0x29,0x00,0x2B,0x39,0x37,0x38,0x43,0x00,0x29,0x30,0x00,0x34,0x29,
0x35,0x39,0x29,0x4C,0x33,0xFC,0x38,0x36,0x39,0x27,0x33,0x00,0x35,0x39,0x29,0x00,
0x37,0x2D,0x29,0x31,0x34,0x36,0x29,0xFC,0x30,0x30,0x29,0x3A,0x33,0x00,0x27,0x33,
0x32,0x31,0x2D,0x2B,0x33,0xDD,0xFD,0xF3,0x05,0x18,0x33,0x00,0x34,0x33,0x28,0x29,
0x31,0x33,0x37,0x00,0x35,0x39,0x29,0x28,0x25,0x36,0x32,0x33,0x37,0xFC,0x25,0x35,
0x39,0x42,0xE8,0x00,0x29,0x37,0x00,0x34,0x29,0x30,0x2D,0x2B,0x36,0x33,0x37,0x33,
0xE5,0xFD,0x0D,0x2D,0x29,0x30,0xE8,0x00,0x36,0x29,0x37,0x34,0x33,0x32,0x28,0x29,
0xE5,0xFC,0x1D,0x40,0x27,0x25,0x32,0x33,0x37,0x00,0x28,0x29,0x00,0x25,0x35,0x39,
0x42,0xE5,0xFF,0xF3,0x00,0x0D,0x2D,0x29,0x30,0xD9,0xE9,0x4E,0x24,0x29,0x36,0x33,
0xCA,0x00,0x4E,0x17,0x29,0x00,0x25,0x30,0x29,0x2B,0x36,0x25,0xFD,0x00,0x3A,0x29,
0x36,0x38,0x29,0x00,0x26,0x2D,0x29,0x32,0xCA,0xE9,0xFD,0xE9,0x4F,0x18,0x29,0x2D,
0x2B,0x29,0x00,0x29,0x37,0x38,0x40,0x00,0x27,0x33,0x32,0x38,0x2D,0x2B,0x33,0xDD,
0xE9,0xFD,0xE9,0x1A,0x36,0x2D,0x31,0x29,0x36,0x33,0x00,0x30,0x30,0x29,0x3A,0x25,
0x36,0x41,0x00,0x25,0xFD,0x00,0x18,0x29,0x2D,0x2B,0x29,0x00,0x28,0x29,0x00,0x36,
0x29,0x2B,0x36,0x29,0x37,0x33,0xE5,0xE9,0xFF,0xF3,0x05,0x0D,0x39,0x29,0x32,0x38,
0x33,0x00,0x27,0x33,0x32,0x38,0x2D,0x2B,0x33,0xE5,0xFD,0xF3,0x08,0x11,0x36,0x25,
0x27,0x2D,0x25,0x37,0xE8,0x00,0x24,0x29,0x36,0x33,0xE5,0xE5,0xE5,0xFD,0xF3,0x05,
0x1D,0x33,0x30,0x33,0x00,0x2C,0x2D,0x27,0x29,0x00,0x30,0x33,0x00,0x35,0x39,0x29,
0x00,0x30,0x25,0xFC,0x2B,0x29,0x32,0x38,0x29,0x00,0x28,0x29,0x30,0xFC,0x0B,0x37,
0x29,0x32,0x38,0x25,0x31,0x2D,0x29,0x32,0x38,0x33,0x00,0x34,0x2D,0x28,0x2D,0x43,
0xE5,0xFD,0x1D,0x2D,0x00,0x3A,0x25,0x37,0x00,0x25,0x00,0x25,0x2B,0x36,0x25,0x28,
0x29,0x27,0x29,0x36,0x30,0x29,0xFC,0x25,0x00,0x25,0x30,0x2B,0x39,0x2D,0x29,0x32,
0xE8,0x00,0x2C,0x25,0x3E,0x30,0x33,0x00,0x27,0x33,0x32,0xFC,0x29,0x30,0x30,0x33,
0x37,0xE5,0xE5,0xE5,0xFD,0xF3,0x08,0x16,0x33,0x00,0x2C,0x25,0x36,0x41,0x00,0x29,
0x32,0x38,0x33,0x32,0x27,0x29,0x37,0xE5,0xE5,0xE5,0xFF,0xF3,0x60,0x0D,0x36,0x25,
0x2A,0x38,0xE8,0x00,0x30,0x33,0x00,0x37,0x2D,0x29,0x32,0x38,0x33,0xE5,0xE5,0xE5,
0xFF,0xF3,0x00,0x0D,0x2D,0x29,0x30,0xD9,0xE9,0x18,0x29,0x2D,0x2B,0x29,0x00,0x3A,
0x33,0x30,0x3A,0x2D,0x43,0xE5,0xE9,0xFD,0xE9,0x0B,0x2C,0x33,0x36,0x25,0x00,0x29,
0x37,0x00,0x38,0x39,0x00,0x38,0x39,0x36,0x32,0x33,0xE8,0x00,0x24,0x29,0x36,0x33,
0xE5,0xE9,0xFF,0xF3,0x26,0x4E,0x0F,0x37,0x27,0x25,0x34,0x29,0x00,0x28,0x29,0x38,
0x29,0x27,0x38,0x25,0x28,0x33,0x00,0x29,0x32,0xFC,0x29,0x30,0x00,0x45,0x36,0x29,
0x25,0x00,0x28,0x29,0x00,0x1A,0x36,0x2D,0x37,0x2D,0x43,0x32,0xCA,0xFC,0x4E,0x1C,
0x29,0x34,0x2D,0x38,0x33,0xE8,0x00,0x29,0x37,0x27,0x25,0x34,0x29,0xFD,0x28,0x29,
0x38,0x29,0x27,0x38,0x25,0x28,0x33,0xCA,0xFD,0x4E,0x0F,0x30,0x29,0x3A,0x25,0x32,
0x28,0x33,0x00,0x25,0x00,0x18,0x2D,0x3A,0x29,0x30,0x00,0x28,0x29,0xFC,0x1D,0x29,
0x2B,0x39,0x36,0x2D,0x28,0x25,0x28,0x00,0x04,0xCA,0xFF,0xF3,0x00,0x0D,0x2D,0x29,
0x30,0xD9,0xE9,0x4E,0x4F,0x24,0x29,0x36,0x33,0xCA,0xDD,0xE9,0xFD,0xE9,0x4E,0x4F,
0x1B,0x39,0x41,0x00,0x29,0x37,0x38,0x40,0x00,0x34,0x25,0x37,0x25,0x32,0x28,0x33,
0xCA,0xDD,0xE9,0xFD,0xE9,0x18,0x33,0x00,0x34,0x39,0x29,0x28,0x33,0xE5,0xE5,0xE5,
0x27,0x33,0x33,0x36,0x28,0x29,0x32,0x25,0x28,0x25,0x37,0xE5,0xE5,0xE5,0xE9,0xFD,
0xE9,0x24,0x29,0x36,0x33,0xE5,0xE5,0xE5,0x00,0x4E,0x1C,0x29,0x37,0x34,0x33,0x32,
0x28,0x29,0xCA,0xE9,0xFF,0xF3,0x04,0x4E,0x16,0x25,0x00,0x37,0x29,0x4C,0x25,0x30,
0x00,0x29,0x37,0x38,0x40,0xFC,0x37,0x2D,0x29,0x32,0x28,0x33,0x00,0x2D,0x32,0x38,
0x29,0x36,0x2A,0x29,0x36,0x2D,0x28,0x25,0xCA,0xFD,0x4E,0x1E,0x29,0x32,0x28,0x36,
0x41,0x00,0x35,0x39,0x29,0x00,0x37,0x25,0x30,0x2D,0x36,0xFC,0x34,0x33,0x36,0x00,
0x31,0x2D,0x00,0x27,0x39,0x29,0x32,0x38,0x25,0xCA,0xFF,0xF3,0x00,0x0D,0x2D,0x29,
0x30,0xD9,0xE9,0x4E,0x24,0x29,0x36,0x33,0xCA,0x00,0x4E,0x1C,0x29,0x37,0x34,0x33,
0x32,0x28,0x29,0xCA,0xE9,0xFF,0xF3,0x04,0x23,0x25,0x00,0x29,0x37,0x38,0x33,0x3D,
0x00,0x2A,0x39,0x29,0x36,0x25,0x00,0x28,0x29,0xFC,0x30,0x25,0x00,0x2D,0x32,0x38,
0x29,0x36,0x2A,0x29,0x36,0x29,0x32,0x27,0x2D,0x25,0xE8,0xFC,0x38,0x36,0x40,0x29,
0x31,0x29,0x00,0x28,0x29,0x00,0x3A,0x39,0x29,0x30,0x38,0x25,0xE5,0xFF,0xF3,0x00,
0x19,0x34,0x29,0x36,0x25,0x28,0x33,0x36,0x25,0xD9,0xE9,0x0F,0x32,0x38,0x29,0x32,
0x28,0x2D,0x28,0x33,0xE5,0xE9,0xFD,0xE9,0x1C,0x29,0x27,0x39,0x34,0x29,0x36,0x25,
0x32,0x28,0x33,0x00,0x25,0x00,0x24,0x29,0x36,0x33,0xE5,0xE9,0xFF,
};
alignas(16) inline constexpr uint16_t mmz4_msg0F_script_offsets[] = {
0x0000,0x0001,0x0001,0x0001,0x0001,0x0001,0x0001,0x0001,
0x0001,0x0001,0x0001,0x0060,0x0202,0x025B,0x04A3,0x05CE,
0x06A4,0x06AA,0x06C5,0x06E2,0x06F5,0x0704,0x072F,
};
constexpr int mmz4_msg0F_num_entries = 23;
alignas(16) inline constexpr uint8_t mmz4_msg0F_script_data[] = {
0xFF,0xF3,0x04,0x4E,0x23,0x25,0x00,0x28,0x2D,0x37,0x34,0x25,0x36,0x43,0xCA,0xFD,
0x4E,0x0D,0x2D,0x29,0x30,0xCA,0xFC,0x4E,0x1C,0x29,0x37,0x34,0x33,0x32,0x28,0x29,
0xCA,0xFD,0xF3,0x24,0x24,0x3E,0x3E,0xE5,0xE5,0xE5,0x3E,0x3E,0x3E,0xE5,0xE5,0xE5,
0xFD,0xF3,0x04,0x18,0x33,0x00,0x2A,0x39,0x32,0x27,0x2D,0x33,0x32,0x25,0xE5,0xE5,
0xE5,0xFC,0x4F,0x1B,0x39,0x41,0x00,0x29,0x37,0x38,0x40,0x00,0x34,0x25,0x37,0x25,
0x32,0x28,0x33,0xFC,0x25,0x2C,0x42,0x00,0x25,0x36,0x36,0x2D,0x26,0x25,0xDD,0xFF,
0xF3,0x21,0x24,0x29,0x36,0x33,0xE5,0xE5,0xE5,0xFC,0x4F,0x1B,0x39,0x41,0x00,0x2C,
0x25,0x27,0x29,0x37,0x00,0x25,0x35,0x39,0x42,0xDD,0xFD,0xF3,0x04,0x4E,0x18,0x33,
0x00,0x28,0x29,0x2E,0x25,0x36,0x41,0x00,0x35,0x39,0x29,0xFC,0x28,0x2D,0x37,0x34,
0x25,0x36,0x29,0x37,0x00,0x33,0x38,0x36,0x25,0x00,0x3A,0x29,0x3E,0xCA,0xFD,0xF3,
0x21,0x20,0x2D,0x32,0x2D,0x37,0x38,0x29,0x00,0x34,0x33,0x36,0xFC,0x21,0x29,0x2D,
0x30,0xE8,0x00,0x4F,0x32,0x33,0xDD,0xFD,0x1C,0x25,0x2B,0x32,0x25,0x36,0x33,0x2F,
0x00,0x37,0x29,0x00,0x29,0x37,0x38,0x40,0xFC,0x27,0x25,0x36,0x2B,0x25,0x32,0x28,
0x33,0x00,0x34,0x25,0x36,0x25,0x00,0x39,0x32,0xFC,0x37,0x29,0x2B,0x39,0x32,0x28,
0x33,0x00,0x28,0x2D,0x37,0x34,0x25,0x36,0x33,0xE5,0xFD,0x0F,0x37,0x38,0x33,0x00,
0x27,0x25,0x31,0x26,0x2D,0x25,0x36,0x40,0x00,0x29,0x30,0xFC,0x31,0x39,0x32,0x28,
0x33,0x00,0x3D,0x00,0x25,0x00,0x30,0x25,0x37,0xFC,0x34,0x29,0x36,0x37,0x33,0x32,
0x25,0x37,0x00,0x29,0x32,0x00,0x41,0x30,0xE5,0xE5,0xE5,0xFD,0xF3,0x04,0x4F,0x0D,
0x36,0x29,0x29,0x37,0x00,0x35,0x39,0x29,0x00,0x18,0x29,0x2D,0x2B,0x29,0xFC,0x25,
0x34,0x36,0x33,0x26,0x25,0x36,0x42,0x25,0x00,0x30,0x33,0x00,0x35,0x39,0x29,0xFC,
0x29,0x37,0x38,0x40,0x37,0x00,0x2C,0x25,0x27,0x2D,0x29,0x32,0x28,0x33,0xDD,0xFD,
0xF3,0x21,0x1D,0x41,0x00,0x35,0x39,0x29,0x00,0x30,0x33,0x00,0x35,0x39,0x29,0x00,
0x2C,0x25,0x2B,0x33,0xFC,0x31,0x29,0x00,0x2C,0x25,0x27,0x29,0x00,0x34,0x25,0x36,
0x29,0x27,0x29,0x36,0x31,0x29,0xFC,0x25,0x00,0x21,0x29,0x2D,0x30,0xE5,0xFD,0x4E,
0x18,0x33,0x00,0x31,0x29,0x00,0x2D,0x31,0x34,0x33,0x36,0x38,0x25,0x00,0x37,0x2D,
0xFC,0x30,0x25,0x00,0x2B,0x29,0x32,0x38,0x29,0x00,0x34,0x2D,0x29,0x32,0x37,0x25,
0xFC,0x35,0x39,0x29,0x00,0x37,0x33,0x3D,0x00,0x39,0x32,0x00,0x17,0x25,0x3A,0x29,
0x36,0x2D,0x27,0x2F,0xCA,0xFD,0x0B,0x30,0x2B,0x39,0x2D,0x29,0x32,0x00,0x38,0x2D,
0x29,0x32,0x29,0x00,0x35,0x39,0x29,0xFC,0x28,0x25,0x36,0x00,0x39,0x32,0x00,0x34,
0x25,0x37,0x33,0x00,0x25,0x30,0x00,0x2A,0x36,0x29,0x32,0x38,0x29,0xFC,0x3D,0x00,
0x27,0x25,0x31,0x26,0x2D,0x25,0x36,0x00,0x29,0x30,0x00,0x36,0x39,0x31,0x26,0x33,
0xFD,0x28,0x29,0x00,0x30,0x25,0x00,0x2C,0x39,0x31,0x25,0x32,0x2D,0x28,0x25,0x28,
0xE5,0xFF,0xF3,0x21,0x24,0x29,0x36,0x33,0xE5,0xE5,0xE5,0xFC,0x1D,0x41,0x00,0x30,
0x33,0x00,0x35,0x39,0x29,0x00,0x2D,0x32,0x38,0x29,0x32,0x38,0x25,0x37,0xFC,0x28,
0x29,0x27,0x2D,0x36,0xE5,0xE5,0xE5,0xFD,0x4E,0x1A,0x29,0x36,0x33,0x00,0x30,0x33,
0x37,0x00,0x2D,0x28,0x29,0x25,0x30,0x29,0x37,0xFC,0x32,0x33,0x26,0x30,0x29,0x37,
0x00,0x32,0x33,0x00,0x37,0x25,0x30,0x3A,0x25,0x36,0x40,0x32,0xFC,0x32,0x2D,0x32,
0x2B,0x39,0x32,0x25,0x00,0x3A,0x2D,0x28,0x25,0xCA,0xFF,0xF3,0x04,0x1D,0x33,0x30,
0x33,0x00,0x37,0x33,0x31,0x33,0x37,0xFC,0x1C,0x29,0x34,0x30,0x33,0x2D,0x28,0x29,
0x37,0x00,0x28,0x2D,0x37,0x29,0x4C,0x25,0x28,0x33,0x37,0xFC,0x34,0x25,0x36,0x25,
0x00,0x30,0x25,0x00,0x2B,0x39,0x29,0x36,0x36,0x25,0xE5,0xFD,0x18,0x33,0x00,0x32,
0x33,0x37,0x00,0x27,0x33,0x36,0x36,0x29,0x37,0x34,0x33,0x32,0x28,0x29,0xFC,0x27,
0x25,0x31,0x26,0x2D,0x25,0x36,0x00,0x29,0x30,0x00,0x31,0x39,0x32,0x28,0x33,0xE5,
0xFD,0x0F,0x37,0x33,0x00,0x28,0x29,0x34,0x29,0x32,0x28,0x29,0x00,0x28,0x29,0xFC,
0x2C,0x39,0x31,0x25,0x32,0x33,0x37,0x00,0x27,0x33,0x31,0x33,0x00,0x0D,0x2D,0x29,
0x30,0xFC,0x3D,0x00,0x18,0x29,0x2D,0x2B,0x29,0xE5,0xFD,0x0D,0x33,0x31,0x33,0x00,
0x1C,0x29,0x34,0x30,0x33,0x2D,0x28,0x29,0x37,0xE8,0xFC,0x37,0x33,0x30,0x33,0x00,
0x34,0x33,0x28,0x29,0x31,0x33,0x37,0xFC,0x34,0x36,0x29,0x37,0x38,0x25,0x36,0x00,
0x32,0x39,0x29,0x37,0x38,0x36,0x25,0xFD,0x2A,0x39,0x29,0x36,0x3E,0x25,0x00,0x25,
0x00,0x35,0x39,0x2D,0x29,0x32,0x29,0x37,0xFC,0x27,0x33,0x32,0x2A,0x2D,0x25,0x31,
0x33,0x37,0xE5,0xFD,0xF3,0x21,0x4F,0x0D,0x33,0x32,0x2A,0x2D,0x25,0x36,0xDD,0x00,
0x4F,0x23,0x00,0x29,0x32,0xFC,0x35,0x39,0x2D,0x41,0x32,0x00,0x28,0x29,0x26,0x29,
0x36,0x42,0x25,0xFC,0x27,0x33,0x32,0x2A,0x2D,0x25,0x36,0xDD,0xFD,0x4F,0x0F,0x32,
0x00,0x30,0x33,0x37,0x00,0x2C,0x39,0x31,0x25,0x32,0x33,0x37,0x00,0x35,0x39,0x29,
0xFC,0x32,0x33,0x00,0x2C,0x25,0x27,0x29,0x32,0x00,0x32,0x25,0x28,0x25,0xFC,0x31,
0x2D,0x29,0x32,0x38,0x36,0x25,0x37,0x00,0x37,0x39,0x00,0x31,0x39,0x32,0x28,0x33,
0xFD,0x37,0x29,0x00,0x28,0x29,0x37,0x31,0x33,0x36,0x33,0x32,0x25,0xDD,0xFD,0x4F,
0x0F,0x32,0x00,0x30,0x33,0x37,0x00,0x2C,0x39,0x31,0x25,0x32,0x33,0x37,0x00,0x35,
0x39,0x29,0xFC,0x32,0x33,0x37,0x00,0x38,0x29,0x31,0x29,0x32,0xE8,0x00,0x25,0x00,
0x37,0x39,0x37,0xFC,0x34,0x36,0x33,0x34,0x2D,0x25,0x37,0x00,0x27,0x36,0x29,0x25,
0x27,0x2D,0x33,0x32,0x29,0x37,0xDD,0xFD,0x4F,0x19,0x00,0x29,0x32,0x00,0x30,0x33,
0x37,0x00,0x2C,0x39,0x31,0x25,0x32,0x33,0x37,0xFC,0x35,0x39,0x29,0x00,0x2D,0x32,
0x38,0x29,0x32,0x38,0x25,0x32,0xFC,0x27,0x33,0x32,0x35,0x39,0x2D,0x37,0x38,0x25,
0x36,0x00,0x29,0x30,0x00,0x31,0x39,0x32,0x28,0x33,0xDD,0xFD,0x4F,0x4E,0x1A,0x29,
0x30,0x29,0x25,0x31,0x33,0x37,0x00,0x29,0x32,0x38,0x36,0x29,0xFC,0x32,0x33,0x37,
0x33,0x38,0x36,0x33,0x37,0x00,0x34,0x33,0x36,0x00,0x29,0x30,0x30,0x33,0x37,0xCA,
0xDD,0xFD,0x0F,0x37,0x38,0x29,0x00,0x31,0x39,0x32,0x28,0x33,0x00,0x2B,0x36,0x2D,
0x38,0x25,0x00,0x28,0x29,0xFC,0x28,0x33,0x30,0x33,0x36,0x00,0x26,0x25,0x2E,0x33,
0x00,0x29,0x30,0x30,0x33,0x37,0xE5,0xE5,0xE5,0xFD,0x4F,0x1A,0x33,0x36,0x00,0x35,
0x39,0x41,0x00,0x28,0x29,0x26,0x29,0x36,0x42,0x25,0xFC,0x27,0x33,0x32,0x2A,0x2D,
0x25,0x36,0x00,0x29,0x32,0x00,0x25,0x30,0x2B,0x39,0x2D,0x29,0x32,0xDD,0xFD,0x4F,
0x0D,0x43,0x31,0x33,0x00,0x34,0x39,0x29,0x28,0x29,0x37,0x00,0x27,0x33,0x32,0x2A,
0x2D,0x25,0x36,0xFC,0x29,0x32,0x00,0x29,0x30,0x30,0x33,0x37,0xDD,0x00,0x4F,0x0D,
0x43,0x31,0x33,0xFC,0x34,0x39,0x29,0x28,0x29,0x37,0x00,0x30,0x39,0x27,0x2C,0x25,
0x36,0xDD,0xFF,0xF3,0x04,0x12,0x2D,0x27,0x29,0x00,0x39,0x32,0x25,0x00,0x34,0x36,
0x33,0x31,0x29,0x37,0x25,0x00,0x25,0xFC,0x39,0x32,0x00,0x25,0x31,0x2D,0x2B,0x33,
0x00,0x3D,0x00,0x34,0x2D,0x29,0x32,0x37,0x33,0xFC,0x27,0x39,0x31,0x34,0x30,0x2D,
0x36,0x30,0x25,0xE5,0xFD,0x0B,0x00,0x25,0x30,0x2B,0x39,0x2D,0x29,0x32,0x00,0x35,
0x39,0x29,0xFC,0x27,0x36,0x29,0x42,0x25,0x00,0x35,0x39,0x29,0x00,0x30,0x25,0xFC,
0x25,0x36,0x31,0x33,0x32,0x42,0x25,0x00,0x29,0x32,0x38,0x36,0x29,0xFD,0x2C,0x39,
0x31,0x25,0x32,0x33,0x37,0x00,0x3D,0xFC,0x1C,0x29,0x34,0x30,0x33,0x2D,0x28,0x29,
0x37,0x00,0x29,0x36,0x25,0xFC,0x34,0x33,0x37,0x2D,0x26,0x30,0x29,0xE5,0xFD,0x0D,
0x33,0x32,0x2A,0x42,0x33,0x00,0x29,0x32,0x00,0x29,0x37,0x29,0xFC,0x25,0x31,0x2D,
0x2B,0x33,0xE5,0xFD,0x23,0x00,0x27,0x33,0x32,0x2A,0x42,0x33,0x00,0x29,0x32,0x00,
0x30,0x33,0x37,0xFC,0x2C,0x39,0x31,0x25,0x32,0x33,0x37,0x00,0x29,0x32,0x00,0x30,
0x33,0x37,0x00,0x35,0x39,0x29,0xFC,0x29,0x37,0x29,0x00,0x25,0x31,0x2D,0x2B,0x33,
0x00,0x27,0x33,0x32,0x2A,0x42,0x25,0xE5,0xE5,0xE5,0xFD,0xF3,0x21,0x23,0x25,0xE5,
0xE5,0xE5,0x3A,0x29,0x33,0xE5,0xE5,0xE5,0xFD,0x18,0x2D,0x00,0x37,0x2D,0x35,0x39,
0x2D,0x29,0x36,0x25,0x00,0x34,0x39,0x28,0x29,0xFC,0x30,0x30,0x29,0x2B,0x25,0x36,
0x00,0x25,0x00,0x27,0x33,0x32,0x2A,0x2D,0x25,0x36,0xFC,0x29,0x32,0x00,0x18,0x29,
0x2D,0x2B,0x29,0xE5,0xE5,0xE5,0xFD,0x0B,0x39,0x32,0x35,0x39,0x29,0x00,0x37,0x2D,
0x29,0x31,0x34,0x36,0x29,0xFC,0x28,0x2D,0x2E,0x33,0x00,0x30,0x25,0x00,0x3A,0x29,
0x36,0x28,0x25,0x28,0xE5,0xE5,0xE5,0xFD,0x4E,0x0B,0x2B,0x2C,0xCA,0xFF,0xF3,0x04,
0x4E,0x0D,0x36,0x25,0x2A,0x38,0xCA,0xFD,0xF3,0x21,0x0E,0x29,0x2E,0x25,0x00,0x31,
0x2D,0x00,0x27,0x39,0x29,0x36,0x34,0x33,0xE5,0xE5,0xE5,0xFC,0x25,0x35,0x39,0x42,
0xE5,0xE5,0xE5,0xFD,0x23,0x25,0x00,0x32,0x33,0x00,0x34,0x39,0x29,0x28,0x33,0xE5,
0xE5,0xE5,0x3A,0x29,0x36,0xFC,0x25,0x00,0x18,0x29,0x2D,0x2B,0x29,0xE5,0xE5,0xE5,
0xFD,0x18,0x33,0x00,0x35,0x39,0x2D,0x29,0x36,0x33,0xE5,0xE5,0xE5,0x2C,0x25,0x27,
0x29,0x36,0x30,0x25,0xFC,0x37,0x39,0x2A,0x36,0x2D,0x36,0x00,0x31,0x40,0x37,0xE5,
0xE5,0xE5,0xFD,0xF3,0x04,0x12,0x25,0x36,0x41,0x00,0x30,0x33,0x00,0x35,0x39,0x29,
0x00,0x31,0x29,0xFC,0x34,0x29,0x28,0x2D,0x37,0x38,0x29,0xE5,0xFD,0xF3,0x21,0x24,
0x29,0x36,0x33,0xE5,0xE5,0xE5,0xFD,0x16,0x33,0x37,0x00,0x2C,0x39,0x31,0x25,0x32,
0x33,0x37,0xE5,0xE5,0xE5,0xFC,0x16,0x33,0x37,0x00,0x1C,0x29,0x34,0x30,0x33,0x2D,
0x28,0x29,0x37,0xE5,0xE5,0xE5,0xFC,0x0F,0x30,0x00,0x31,0x39,0x32,0x28,0x33,0xE5,
0xE5,0xE5,0xFD,0x23,0x00,0x18,0x29,0x2D,0x2B,0x29,0xE5,0xE5,0xE5,0xFC,0x0D,0x39,
0x2D,0x28,0x25,0xE5,0xE5,0xE5,0x28,0x29,0x00,0x29,0x30,0x30,0x33,0x37,0xE5,0xFD,
0xE5,0xE5,0xE5,0xFF,0xF3,0x04,0xE5,0xE5,0xE5,0xFF,0xF3,0x00,0x0D,0x2D,0x29,0x30,
0xD9,0xE9,0x4E,0x24,0x29,0x36,0x33,0xCA,0x00,0x4E,0x1C,0x29,0x37,0x34,0x33,0x32,
0x28,0x29,0xCA,0xE9,0xFF,0xF3,0x04,0x0D,0x2D,0x29,0x30,0xE5,0xE5,0xE5,0xFC,0x0E,
0x29,0x38,0x39,0x3A,0x29,0xFC,0x1C,0x25,0x2B,0x32,0x25,0x36,0x33,0x2F,0xE5,0xE5,
0xE5,0xFF,0xF3,0x00,0x0D,0x2D,0x29,0x30,0xD9,0xE9,0x4F,0x23,0x00,0x0D,0x36,0x25,
0x2A,0x38,0xDD,0xE9,0xFF,0xF3,0x04,0x23,0x00,0x25,0x00,0x0D,0x36,0x25,0x2A,0x38,
0xE5,0xE5,0xE5,0xFF,0xF3,0x00,0x0D,0x2D,0x29,0x30,0xD9,0xE9,0x16,0x33,0x00,0x37,
0x2D,0x29,0x32,0x38,0x33,0xE5,0xE5,0xE5,0xE9,0xFD,0xE9,0x18,0x33,0x00,0x37,0x41,
0x00,0x35,0x39,0x41,0x00,0x28,0x29,0x27,0x2D,0x36,0xE5,0xE5,0xE5,0xE9,0xFF,0xF3,
0x04,0x18,0x33,0x00,0x38,0x2D,0x29,0x32,0x29,0x37,0x00,0x35,0x39,0x29,0xFC,0x28,
0x29,0x27,0x2D,0x36,0x00,0x32,0x25,0x28,0x25,0xE5,0xE5,0xE5,0xFD,0x17,0x2D,0x37,
0x2D,0x43,0x32,0x00,0x27,0x39,0x31,0x34,0x30,0x2D,0x28,0x25,0xE5,0xE5,0xE5,0xFC,
0x23,0x25,0x00,0x3A,0x39,0x29,0x30,0x3A,0x33,0xE5,0xE5,0xE5,0xFF,
};
alignas(16) inline constexpr uint16_t mmz4_msg10_script_offsets[] = {
0x0000,0x00D4,0x0110,0x014C,0x017E,0x0203,0x0203,0x0203,
0x0203,0x0203,0x0203,0x0203,0x0203,0x0203,0x0203,0x0203,
0x0203,
};
constexpr int mmz4_msg10_num_entries = 17;
alignas(16) inline constexpr uint8_t mmz4_msg10_script_data[] = {
0xF3,0x24,0x19,0x34,0x29,0x36,0x25,0x28,0x33,0x36,0x25,0xD9,0xFC,0xE9,0x1A,0x25,
0x36,0x25,0x00,0x29,0x32,0x3A,0x2D,0x25,0x36,0x00,0x30,0x25,0x37,0xFC,0x00,0x27,
0x33,0x33,0x36,0x28,0x29,0x32,0x25,0x28,0x25,0x37,0x00,0x28,0x29,0x30,0xFD,0x00,
0x38,0x29,0x30,0x29,0x38,0x36,0x25,0x32,0x37,0x34,0x33,0x36,0x38,0x29,0xE8,0xFC,
0x00,0x38,0x29,0x32,0x28,0x36,0x40,0x37,0x00,0x35,0x39,0x29,0xFC,0x00,0x28,0x29,
0x37,0x25,0x27,0x38,0x2D,0x3A,0x25,0x36,0x00,0x30,0x25,0xFD,0x00,0x34,0x36,0x33,
0x38,0x29,0x27,0x27,0x2D,0x43,0x32,0x00,0x28,0x29,0x00,0x30,0x25,0xFC,0x00,0x26,
0x25,0x37,0x29,0xE5,0xE9,0xFD,0xE9,0x1A,0x39,0x29,0x28,0x29,0x37,0x00,0x2C,0x25,
0x27,0x29,0x36,0x30,0x33,0xFC,0x00,0x25,0x27,0x27,0x2D,0x33,0x32,0x25,0x32,0x28,
0x33,0x00,0x38,0x33,0x28,0x33,0x37,0x00,0x30,0x33,0x37,0xFC,0x00,0x2D,0x32,0x38,
0x29,0x36,0x36,0x39,0x34,0x38,0x33,0x36,0x29,0x37,0x00,0x25,0x30,0xFD,0x00,0x2A,
0x2D,0x32,0x25,0x30,0x00,0x28,0x29,0x00,0x27,0x25,0x28,0x25,0x00,0x39,0x32,0x33,
0xFC,0x00,0x28,0x29,0x00,0x30,0x33,0x37,0x00,0x34,0x25,0x37,0x2D,0x30,0x30,0x33,
0x37,0xE5,0xE9,0xFF,0xF3,0x00,0x19,0x34,0x29,0x36,0x25,0x28,0x33,0x36,0x25,0xD9,
0xE9,0x1B,0x39,0x29,0x28,0x25,0x32,0x00,0x04,0xE5,0xE9,0xFD,0xE9,0x0B,0x27,0x27,
0x2D,0x33,0x32,0x25,0x00,0x38,0x33,0x28,0x33,0x37,0x00,0x30,0x33,0x37,0xFD,0x00,
0x2D,0x32,0x38,0x29,0x36,0x36,0x39,0x34,0x38,0x33,0x36,0x29,0x37,0xE5,0xE9,0xFF,
0xF3,0x00,0x19,0x34,0x29,0x36,0x25,0x28,0x33,0x36,0x25,0xD9,0xE9,0x1B,0x39,0x29,
0x28,0x25,0x32,0x00,0x03,0xE5,0xE9,0xFD,0xE9,0x0B,0x27,0x27,0x2D,0x33,0x32,0x25,
0x00,0x38,0x33,0x28,0x33,0x37,0x00,0x30,0x33,0x37,0xFD,0x00,0x2D,0x32,0x38,0x29,
0x36,0x36,0x39,0x34,0x38,0x33,0x36,0x29,0x37,0xE5,0xE9,0xFF,0xF3,0x00,0x19,0x34,
0x29,0x36,0x25,0x28,0x33,0x36,0x25,0xD9,0xE9,0x1B,0x39,0x29,0x28,0x25,0x00,0x02,
0xE5,0xE9,0xFD,0xE9,0x0B,0x27,0x27,0x2D,0x33,0x32,0x25,0x00,0x29,0x37,0x29,0x00,
0x2D,0x32,0x38,0x29,0x36,0x36,0x39,0x34,0x38,0x33,0x36,0xE5,0xE9,0xFF,0xF3,0x00,
0x19,0x34,0x29,0x36,0x25,0x28,0x33,0x36,0x25,0xD9,0xE9,0x1A,0x36,0x33,0x38,0x29,
0x27,0x27,0x2D,0x43,0x32,0xFD,0x00,0x28,0x29,0x37,0x25,0x27,0x38,0x2D,0x3A,0x25,
0x28,0x25,0xE5,0xE9,0xFD,0xE9,0x13,0x32,0x2B,0x36,0x29,0x37,0x25,0x36,0x41,0x00,
0x30,0x25,0x37,0xFD,0x00,0x27,0x33,0x33,0x36,0x28,0x29,0x32,0x25,0x28,0x25,0x37,
0xE5,0xE9,0xFD,0xE9,0x1C,0x29,0x2B,0x36,0x29,0x37,0x25,0x00,0x25,0x00,0x30,0x25,
0x00,0x37,0x29,0x27,0x27,0x2D,0x43,0x32,0xFD,0x00,0x27,0x29,0x32,0x38,0x36,0x25,
0x30,0x00,0x3D,0x00,0x36,0x29,0x3A,0x2D,0x37,0x25,0x00,0x29,0x30,0xFD,0x00,0x38,
0x29,0x30,0x29,0x38,0x36,0x25,0x32,0x37,0x34,0x33,0x36,0x38,0x25,0x28,0x33,0x36,
0xE5,0xE9,0xFF,0xF3,0x00,0x19,0x34,0x29,0x36,0x25,0x28,0x33,0x36,0x25,0xD9,0xE9,
0x13,0x32,0x2B,0x36,0x29,0x37,0x25,0x32,0x28,0x33,0xFD,0x00,0x27,0x33,0x33,0x36,
0x28,0x29,0x32,0x25,0x28,0x25,0x37,0xE5,0xE5,0xE5,0xE9,0xFD,0xE9,0x16,0x2D,0x37,
0x38,0x33,0xE5,0xE9,0xFD,0x0D,0x2D,0x29,0x30,0xD9,0xE9,0x0B,0x2C,0x33,0x36,0x25,
0x00,0x34,0x39,0x29,0x28,0x29,0x37,0x00,0x30,0x30,0x29,0x2B,0x25,0x36,0xFD,0x00,
0x25,0x00,0x1C,0x25,0x2B,0x32,0x25,0x36,0x33,0x2F,0xE8,0x00,0x25,0x37,0x42,0x00,
0x35,0x39,0x29,0x00,0x3A,0x39,0x29,0x30,0x3A,0x29,0xFD,0x00,0x25,0x35,0x39,0x42,
0x00,0x30,0x33,0x00,0x25,0x32,0x38,0x29,0x37,0x00,0x34,0x33,0x37,0x2D,0x26,0x30,
0x29,0xE5,0xE9,0xFF,
};
alignas(16) inline constexpr uint16_t mmz4_msg11_script_offsets[] = {
0x0000,0x010D,0x010D,0x0196,
};
constexpr int mmz4_msg11_num_entries = 4;
alignas(16) inline constexpr uint8_t mmz4_msg11_script_data[] = {
0xF3,0x04,0x4F,0x0B,0x37,0x42,0x00,0x35,0x39,0x29,0x00,0x29,0x37,0x38,0x29,0x00,
0x29,0x37,0x00,0x29,0x30,0xFC,0x2D,0x32,0x38,0x29,0x36,0x2D,0x33,0x36,0x00,0x28,
0x29,0x30,0x00,0x0D,0x2D,0x36,0x27,0x39,0x2D,0x38,0x33,0xFC,0x28,0x29,0x00,0x1E,
0x29,0x30,0x29,0x38,0x36,0x25,0x32,0x37,0x34,0x33,0x36,0x38,0x29,0xDD,0xFD,0x1D,
0x29,0x00,0x34,0x25,0x36,0x29,0x27,0x29,0x00,0x31,0x39,0x27,0x2C,0x33,0x00,0x25,
0x30,0xFC,0x0D,0x2D,0x26,0x29,0x36,0x29,0x37,0x34,0x25,0x27,0x2D,0x33,0xE5,0xFD,
0xF3,0x24,0x19,0x34,0x29,0x36,0x25,0x28,0x33,0x36,0x25,0xD9,0xFC,0xE9,0x4E,0x24,
0x29,0x36,0x33,0xCA,0x00,0x4E,0x0B,0x28,0x29,0x30,0x25,0x32,0x38,0x29,0xCA,0xE9,
0xFD,0xE9,0x0F,0x30,0x00,0x27,0x2D,0x36,0x27,0x39,0x2D,0x38,0x33,0x00,0x30,0x30,
0x29,0x3A,0x25,0xFC,0x00,0x25,0x00,0x1C,0x25,0x2B,0x32,0x25,0x36,0x33,0x2F,0xE5,
0xE9,0xFD,0xE9,0x1A,0x25,0x36,0x29,0x27,0x29,0x00,0x35,0x39,0x29,0x00,0x29,0x30,
0xFC,0x00,0x29,0x32,0x29,0x31,0x2D,0x2B,0x33,0x00,0x38,0x25,0x31,0x26,0x2D,0x41,
0x32,0xFC,0x00,0x29,0x37,0x38,0x40,0x00,0x25,0x30,0x30,0x42,0xE5,0xE9,0xFD,0xE9,
0x0E,0x29,0x37,0x38,0x36,0x39,0x3D,0x29,0x00,0x29,0x30,0x00,0x34,0x36,0x33,0x2B,
0x36,0x25,0x31,0x25,0xFC,0x00,0x28,0x29,0x00,0x34,0x36,0x33,0x38,0x29,0x27,0x27,
0x2D,0x43,0x32,0x00,0x35,0x39,0x29,0xFC,0x00,0x29,0x37,0x38,0x40,0x00,0x31,0x40,
0x37,0x00,0x25,0x28,0x29,0x30,0x25,0x32,0x38,0x29,0xE5,0xE9,0xFF,0xF3,0x04,0x4F,
0x0F,0x37,0x38,0x29,0x00,0x29,0x37,0x00,0x29,0x30,0xFC,0x34,0x36,0x33,0x2B,0x36,
0x25,0x31,0x25,0x00,0x28,0x29,0xFC,0x34,0x36,0x33,0x38,0x29,0x27,0x27,0x2D,0x43,
0x32,0xDD,0xFD,0xF3,0x26,0x0C,0x2D,0x34,0xE5,0xE5,0xE5,0x00,0x0C,0x2D,0x34,0xE5,
0xE5,0xE5,0xFC,0x13,0x32,0x38,0x36,0x39,0x37,0x2D,0x43,0x32,0x00,0x29,0x32,0x00,
0x29,0x30,0xFC,0x27,0x2D,0x36,0x27,0x39,0x2D,0x38,0x33,0x00,0x28,0x29,0x38,0x29,
0x27,0x38,0x25,0x28,0x25,0xE5,0xE5,0xE5,0xFD,0x1A,0x36,0x33,0x38,0x29,0x27,0x27,
0x2D,0x43,0x32,0xFC,0x25,0x27,0x38,0x2D,0x3A,0x25,0x28,0x25,0xE5,0xE5,0xE5,0xFD,
0x0F,0x30,0x2D,0x31,0x2D,0x32,0x25,0x32,0x28,0x33,0xFC,0x2D,0x32,0x38,0x36,0x39,
0x37,0x33,0xE5,0xE5,0xE5,0xFF,0xF3,0x00,0x19,0x34,0x29,0x36,0x25,0x28,0x33,0x36,
0x25,0xD9,0xE9,0x16,0x25,0x00,0x34,0x36,0x33,0x38,0x29,0x27,0x27,0x2D,0x43,0x32,
0x00,0x2C,0x25,0xFD,0x00,0x37,0x2D,0x28,0x33,0x00,0x28,0x29,0x37,0x25,0x27,0x38,
0x2D,0x3A,0x25,0x28,0x25,0xE5,0xE5,0xE5,0xE9,0xFD,0xE9,0x4E,0x0B,0x2C,0x33,0x36,
0x25,0x00,0x34,0x39,0x29,0x28,0x29,0x37,0x00,0x2D,0x36,0x00,0x25,0x00,0x1C,0x25,
0x2B,0x32,0x25,0x36,0x33,0x2F,0xFD,0x00,0x29,0x32,0x00,0x27,0x39,0x25,0x30,0x35,
0x39,0x2D,0x29,0x36,0x00,0x31,0x33,0x31,0x29,0x32,0x38,0x33,0xCA,0xE9,0xFD,0xE9,
0x24,0x29,0x36,0x33,0xE8,0x00,0x3A,0x39,0x29,0x30,0x3A,0x29,0x00,0x36,0x40,0x34,
0x2D,0x28,0x33,0xE5,0xE9,0xFF,
};
alignas(16) inline constexpr uint16_t mmz4_msg12_script_offsets[] = {
0x0000,0x0096,0x0100,0x0169,0x01C3,0x02EB,0x0355,0x03B4,
0x044F,0x04C4,0x0521,0x05DA,0x0651,0x06D7,0x0743,0x07B8,
0x0864,0x08F0,0x094F,0x09F5,0x0AD1,0x0B24,0x0BBC,0x0C69,
0x0CB6,0x0D42,0x0D6D,0x0DB9,0x0E00,0x111C,0x1329,0x13C3,
0x1412,0x1412,0x1412,0x1412,0x1412,0x1412,0x1412,0x1412,
0x1412,0x1412,0x1412,0x1412,0x1412,0x1412,0x1412,0x1412,
0x1412,0x1436,0x14A6,0x14C9,0x1533,0x1564,0x1600,0x161E,
0x16E6,0x17A6,0x17BD,0x17D6,0x17EC,
};
constexpr int mmz4_msg12_num_entries = 61;
alignas(16) inline constexpr uint8_t mmz4_msg12_script_data[] = {
0xF3,0x00,0x0D,0x2D,0x29,0x30,0xD9,0xE9,0x4E,0x24,0x29,0x36,0x33,0xCA,0x00,0x4E,
0x0F,0x37,0x38,0x33,0x00,0x32,0x33,0xFD,0x00,0x29,0x37,0x38,0x40,0x00,0x26,0x2D,
0x29,0x32,0xCA,0xE9,0xFD,0xE9,0x4E,0x1C,0x25,0x2B,0x32,0x25,0x36,0x33,0x2F,0x00,
0x29,0x37,0x38,0x40,0x00,0x25,0x27,0x29,0x30,0x29,0x36,0x25,0x32,0x28,0x33,0xCA,
0xE9,0xFD,0xE9,0x4E,0x1D,0x2D,0x00,0x30,0x33,0x2B,0x36,0x25,0x37,0x00,0x28,0x29,
0x38,0x29,0x32,0x29,0x36,0x00,0x29,0x30,0xFD,0x00,0x32,0x44,0x27,0x30,0x29,0x33,
0x00,0x25,0x2C,0x33,0x36,0x25,0xE8,0x00,0x35,0x39,0x2D,0x3E,0x40,0x37,0x00,0x25,
0x44,0x32,0xFD,0x00,0x34,0x39,0x29,0x28,0x25,0x37,0x00,0x28,0x29,0x38,0x29,0x32,
0x29,0x36,0x30,0x33,0xCA,0xE9,0xFD,0xE9,0x4E,0x0E,0x25,0x38,0x29,0x00,0x34,0x36,
0x2D,0x37,0x25,0xCA,0xE9,0xFF,0xF3,0x11,0x13,0x32,0x38,0x36,0x39,0x37,0x33,0x00,
0x28,0x29,0x38,0x29,0x27,0x38,0x25,0x28,0x33,0xE5,0xE5,0xE5,0xFD,0x1E,0x44,0x00,
0x28,0x29,0x36,0x36,0x33,0x38,0x25,0x37,0x38,0x29,0x00,0x25,0x30,0xFC,0x0D,0x33,
0x31,0x25,0x32,0x28,0x25,0x32,0x38,0x29,0x00,0x0D,0x36,0x25,0x2A,0x38,0xE5,0xE5,
0xE5,0xFD,0x4E,0x4F,0x1E,0x44,0xCA,0xDD,0xFD,0x4E,0x0F,0x30,0x2D,0x31,0x2D,0x32,
0x25,0x36,0x41,0x00,0x38,0x39,0xFC,0x34,0x36,0x29,0x37,0x29,0x32,0x27,0x2D,0x25,
0x00,0x28,0x29,0x00,0x29,0x37,0x38,0x29,0xFC,0x31,0x39,0x32,0x28,0x33,0xCA,0xFF,
0xF3,0x11,0x1E,0x33,0x31,0x25,0x36,0x41,0x00,0x29,0x30,0x00,0x27,0x33,0x32,0x38,
0x36,0x33,0x30,0x00,0x28,0x29,0xFC,0x1C,0x25,0x2B,0x32,0x25,0x36,0x33,0x2F,0x00,
0x28,0x33,0x32,0x28,0x29,0x00,0x0D,0x36,0x25,0x2A,0x38,0xFC,0x30,0x33,0x00,0x28,
0x29,0x2E,0x43,0xE5,0xFD,0x4E,0x0B,0x2C,0x33,0x36,0x25,0x00,0x1C,0x25,0x2B,0x32,
0x25,0x36,0x33,0x2F,0xFC,0x25,0x34,0x30,0x25,0x37,0x38,0x25,0x36,0x40,0x00,0x25,
0x00,0x30,0x33,0x37,0xFC,0x2C,0x39,0x31,0x25,0x32,0x33,0x37,0x00,0x2D,0x32,0x37,
0x29,0x32,0x37,0x25,0x38,0x33,0x37,0xCA,0xFF,0xF3,0x11,0x4F,0x1B,0x39,0x41,0x00,
0x2A,0x39,0x29,0x00,0x30,0x33,0x00,0x35,0x39,0x29,0xFC,0x0D,0x36,0x25,0x2A,0x38,
0x00,0x38,0x29,0x00,0x27,0x33,0x32,0x2A,0x2D,0x43,0xDD,0xFD,0x4F,0x0F,0x30,0x00,
0x2A,0x39,0x38,0x39,0x36,0x33,0x00,0x28,0x29,0x00,0x30,0x25,0xFC,0x2D,0x32,0x37,
0x29,0x32,0x37,0x25,0x38,0x25,0x00,0x36,0x25,0x3E,0x25,0xFC,0x2C,0x39,0x31,0x25,
0x32,0x25,0xDD,0xFD,0x4E,0x0D,0xD6,0x0D,0x33,0x31,0x25,0x32,0x28,0x25,0x32,0x38,
0x29,0xCA,0xFF,0xF3,0x13,0x1A,0x25,0x36,0x29,0x27,0x29,0x00,0x35,0x39,0x29,0x00,
0x32,0x2D,0x00,0x30,0x25,0xFC,0x31,0x39,0x29,0x36,0x38,0x29,0x00,0x29,0x37,0x00,
0x37,0x39,0x2A,0x2D,0x27,0x2D,0x29,0x32,0x38,0x29,0xFC,0x34,0x25,0x36,0x25,0x00,
0x31,0x42,0xE5,0xE5,0xE5,0xFD,0x16,0x25,0x00,0x31,0x39,0x29,0x36,0x38,0x29,0x00,
0x29,0x37,0x00,0x29,0x30,0xFC,0x31,0x33,0x31,0x29,0x32,0x38,0x33,0x00,0x28,0x29,
0x27,0x2D,0x37,0x2D,0x3A,0x33,0xFC,0x34,0x25,0x36,0x25,0x00,0x39,0x32,0x00,0x2B,
0x39,0x29,0x36,0x36,0x29,0x36,0x33,0xE5,0xFD,0x4E,0x18,0x33,0x00,0x34,0x29,0x36,
0x28,0x29,0x36,0x41,0xFC,0x25,0x32,0x38,0x29,0x00,0x38,0x2D,0xCA,0xFD,0x4E,0x24,
0x29,0x36,0x33,0xCA,0x00,0x4E,0x1D,0x2D,0x00,0x35,0x39,0x2D,0x29,0x36,0x29,0x37,
0xFC,0x28,0x29,0x38,0x29,0x32,0x29,0x36,0x00,0x25,0x00,0x1C,0x25,0x2B,0x32,0x25,
0x36,0x33,0x2F,0xE8,0xFC,0x38,0x29,0x32,0x28,0x36,0x40,0x37,0x00,0x35,0x39,0x29,
0xFD,0x28,0x29,0x38,0x29,0x32,0x29,0x36,0x31,0x29,0xCA,0xFD,0x1D,0x2D,0x00,0x32,
0x33,0x00,0x34,0x39,0x29,0x28,0x29,0x37,0xFC,0x28,0x29,0x36,0x36,0x33,0x38,0x25,
0x36,0x31,0x29,0xE8,0x00,0x4F,0x4E,0x27,0x43,0x31,0x33,0xFC,0x3A,0x25,0x37,0x00,
0x25,0x00,0x34,0x36,0x33,0x38,0x29,0x2B,0x29,0x36,0x00,0x29,0x30,0xFD,0x31,0x39,
0x32,0x28,0x33,0xCA,0xDD,0xFD,0x4E,0x17,0x39,0x41,0x37,0x38,0x36,0x25,0x31,0x29,
0x00,0x29,0x30,0x00,0x34,0x33,0x28,0x29,0x36,0xFC,0x27,0x33,0x32,0x00,0x29,0x30,
0x00,0x35,0x39,0x29,0x00,0x28,0x29,0x36,0x36,0x33,0x38,0x25,0x37,0x38,0x29,0xFC,
0x25,0x00,0x1A,0x2C,0x25,0x32,0x38,0x33,0x31,0xCA,0xFF,0xF3,0x13,0x4F,0x4E,0x0F,
0x37,0x33,0x00,0x29,0x37,0x00,0x38,0x33,0x28,0x33,0x00,0x30,0x33,0x00,0x35,0x39,
0x29,0xFC,0x29,0x36,0x25,0x37,0x00,0x27,0x25,0x34,0x25,0x3E,0x00,0x28,0x29,0x00,
0x2C,0x25,0x27,0x29,0x36,0xCA,0xDD,0xFD,0x0F,0x32,0x38,0x33,0x32,0x27,0x29,0x37,
0xE8,0x00,0x38,0x39,0xFC,0x34,0x25,0x38,0x41,0x38,0x2D,0x27,0x33,0x00,0x28,0x29,
0x37,0x38,0x2D,0x32,0x33,0x00,0x29,0x37,0xFC,0x37,0x29,0x36,0x00,0x28,0x29,0x37,
0x38,0x36,0x39,0x2D,0x28,0x33,0x00,0x34,0x33,0x36,0xFD,0x1C,0x25,0x2B,0x32,0x25,
0x36,0x33,0x2F,0xE5,0xFF,0xF3,0x13,0x4E,0x11,0x36,0x25,0x2B,0x2C,0xCA,0xFC,0x0B,
0x2C,0x42,0xE8,0x00,0x29,0x37,0x33,0x00,0x29,0x37,0xE5,0xE5,0xE5,0xFD,0x20,0xD6,
0x3A,0x29,0xE5,0xE5,0xE5,0x00,0x18,0x33,0x00,0x2C,0x25,0x3D,0xFC,0x32,0x29,0x27,
0x29,0x37,0x2D,0x28,0x25,0x28,0x00,0x28,0x29,0x00,0x35,0x39,0x29,0x00,0x3A,0x29,
0x25,0x37,0xFC,0x31,0x2D,0x00,0x34,0x25,0x38,0x41,0x38,0x2D,0x27,0x25,0x00,0x31,
0x39,0x29,0x36,0x38,0x29,0xE5,0xE5,0xE5,0xFD,0x4E,0x20,0x29,0xE8,0x00,0x24,0x29,
0x36,0x33,0xCA,0xFF,0xF3,0x15,0x16,0x33,0x37,0x00,0x37,0x25,0x38,0x41,0x30,0x2D,
0x38,0x29,0x37,0x00,0x35,0x39,0x29,0xFC,0x27,0x25,0x29,0x32,0x00,0x28,0x29,0x30,
0x00,0x27,0x2D,0x29,0x30,0x33,0x00,0x37,0x33,0x32,0xFC,0x27,0x33,0x31,0x33,0x00,
0x30,0x25,0x37,0x00,0x11,0x39,0x29,0x36,0x36,0x25,0x37,0xFD,0x17,0x25,0x3A,0x29,
0x36,0x2D,0x27,0x2F,0x00,0x33,0x38,0x36,0x25,0x00,0x3A,0x29,0x3E,0xE5,0xE5,0xE5,
0xFD,0x4E,0x0E,0x29,0x00,0x3A,0x29,0x36,0x28,0x25,0x28,0x00,0x29,0x37,0xFC,0x1C,
0x25,0x2B,0x32,0x25,0x36,0x33,0x2F,0xE8,0x00,0x29,0x30,0x00,0x2A,0x2D,0x32,0x00,
0x28,0x29,0x30,0xFC,0x31,0x39,0x32,0x28,0x33,0xCA,0xFD,0x4E,0x0F,0x37,0x38,0x40,
0x37,0x00,0x25,0x30,0x00,0x26,0x33,0x36,0x28,0x29,0x00,0x28,0x29,0xFC,0x38,0x39,
0x00,0x25,0x32,0x2D,0x35,0x39,0x2D,0x30,0x25,0x27,0x2D,0x43,0x32,0xCA,0xFF,0xF3,
0x15,0x1E,0x33,0x28,0x33,0x37,0x00,0x30,0x33,0x37,0x00,0x1C,0x29,0x34,0x30,0x33,
0x2D,0x28,0x29,0x37,0xFC,0x27,0x25,0x42,0x28,0x33,0x37,0x00,0x37,0x33,0x32,0x00,
0x38,0x25,0x32,0xFC,0x2C,0x29,0x36,0x31,0x33,0x37,0x33,0x37,0xE5,0xE5,0xE5,0xFD,
0x0E,0x29,0x26,0x29,0x36,0x42,0x25,0x37,0x00,0x28,0x25,0x36,0x31,0x29,0x00,0x30,
0x25,0x37,0xFC,0x2B,0x36,0x25,0x27,0x2D,0x25,0x37,0xE5,0x00,0x4E,0x1E,0x29,0x00,
0x25,0x3D,0x39,0x28,0x25,0x36,0x41,0xFC,0x25,0x00,0x38,0x29,0x32,0x29,0x36,0x00,
0x39,0x32,0x25,0x00,0x31,0x39,0x29,0x36,0x38,0x29,0xFD,0x2C,0x29,0x36,0x31,0x33,
0x37,0x25,0xCA,0xFF,0xF3,0x15,0x4F,0x4E,0x1A,0xD6,0x34,0x33,0x36,0x00,0x35,0x39,
0x41,0xCA,0xDD,0xFD,0x4F,0x4E,0x1A,0x33,0x36,0x00,0x35,0x39,0x41,0x00,0x30,0x39,
0x27,0x2C,0x25,0x36,0xFC,0x27,0x39,0x25,0x32,0x28,0x33,0x00,0x37,0x25,0x26,0x29,
0x37,0x00,0x35,0x39,0x29,0xFC,0x1C,0x25,0x2B,0x32,0x25,0x36,0x33,0x2F,0x00,0x38,
0x36,0x25,0x29,0x36,0x40,0xFD,0x38,0x39,0x00,0x28,0x29,0x37,0x38,0x36,0x39,0x27,
0x27,0x2D,0x43,0x32,0xCA,0xDD,0xFD,0x4E,0x11,0x36,0x25,0x25,0x25,0x2B,0x2C,0xCA,
0xFF,0xF3,0x17,0x1C,0x25,0x2B,0x32,0x25,0x36,0x33,0x2F,0x00,0x29,0x37,0x00,0x30,
0x25,0xFC,0x37,0x29,0x31,0x2D,0x30,0x30,0x25,0x00,0x28,0x29,0x00,0x30,0x25,0xFC,
0x28,0x29,0x37,0x38,0x36,0x39,0x27,0x27,0x2D,0x43,0x32,0x00,0x35,0x39,0x29,0xFD,
0x31,0x25,0x28,0x39,0x36,0x25,0x36,0x40,0x00,0x3D,0x00,0x27,0x25,0x29,0x36,0x40,
0xFC,0x28,0x29,0x37,0x28,0x29,0x00,0x29,0x30,0x00,0x29,0x37,0x34,0x25,0x27,0x2D,
0x33,0xE8,0xFC,0x38,0x36,0x25,0x3D,0x29,0x32,0x28,0x33,0x00,0x27,0x33,0x32,0x37,
0x2D,0x2B,0x33,0x00,0x29,0x30,0xFD,0x2A,0x2D,0x32,0x00,0x28,0x29,0x00,0x29,0x37,
0x38,0x29,0x00,0x31,0x39,0x32,0x28,0x33,0xE5,0xFD,0x0F,0x37,0x00,0x34,0x29,0x36,
0x2A,0x29,0x27,0x38,0x25,0x31,0x29,0x32,0x38,0x29,0xFC,0x32,0x25,0x38,0x39,0x36,
0x25,0x30,0xE5,0xFD,0x4E,0x1E,0x33,0x28,0x33,0x00,0x29,0x32,0x00,0x29,0x37,0x38,
0x25,0xFC,0x38,0x2D,0x29,0x36,0x36,0x25,0x00,0x32,0x25,0x27,0x2D,0x43,0xFC,0x27,
0x33,0x32,0x28,0x29,0x32,0x25,0x28,0x33,0xCA,0xFF,0xF3,0x17,0x14,0x29,0x2E,0x29,
0x2E,0x29,0xE5,0xE5,0xE5,0xFC,0x0F,0x37,0x38,0x25,0x26,0x25,0x37,0x00,0x28,0x29,
0x37,0x38,0x2D,0x32,0x25,0x28,0x33,0x00,0x25,0xFC,0x27,0x25,0x29,0x36,0x00,0x25,
0x35,0x39,0x42,0xE5,0xFD,0x4E,0x1E,0x33,0x28,0x33,0x00,0x29,0x37,0x38,0x29,0x00,
0x38,0x2D,0x29,0x31,0x34,0x33,0xFC,0x34,0x36,0x33,0x38,0x29,0x2B,0x2D,0x29,0x32,
0x28,0x33,0x00,0x30,0x25,0xFC,0x32,0x25,0x38,0x39,0x36,0x25,0x30,0x29,0x3E,0x25,
0x00,0x3D,0x00,0x30,0x33,0xFD,0x44,0x32,0x2D,0x27,0x33,0x00,0x25,0x32,0x38,0x2D,
0x32,0x25,0x38,0x39,0x36,0x25,0x30,0xFC,0x29,0x36,0x25,0x37,0x00,0x38,0x44,0xCA,
0xFF,0xF3,0x17,0x4E,0x18,0x33,0x33,0x33,0xCA,0xFC,0x4E,0x13,0x31,0x34,0x33,0x37,
0x2D,0x26,0x30,0x29,0xCA,0xFD,0x18,0x33,0x00,0x34,0x33,0x28,0x36,0x41,0xFC,0x34,
0x36,0x29,0x37,0x29,0x32,0x27,0x2D,0x25,0x36,0x00,0x30,0x25,0xFC,0x27,0x25,0x42,
0x28,0x25,0x00,0x28,0x29,0x00,0x1C,0x25,0x2B,0x32,0x25,0x36,0x33,0x2F,0xE5,0xE5,
0xE5,0xFD,0x13,0x32,0x38,0x29,0x32,0x38,0x25,0x36,0x41,0x00,0x28,0x2D,0x37,0x2A,
0x36,0x39,0x38,0x25,0x36,0xFC,0x29,0x37,0x38,0x29,0x00,0x44,0x30,0x38,0x2D,0x31,
0x33,0x00,0x3A,0x2D,0x37,0x38,0x25,0x3E,0x33,0xFC,0x28,0x29,0x30,0x00,0x31,0x39,
0x32,0x28,0x33,0x00,0x25,0x32,0x38,0x29,0x37,0x00,0x28,0x29,0xFD,0x37,0x39,0x00,
0x2A,0x2D,0x32,0xE5,0xE5,0xE5,0xFF,0xF3,0x19,0x4E,0x15,0x3D,0x25,0x2E,0x25,0x2E,
0x25,0xCA,0xFC,0x4F,0x4E,0x1E,0x2D,0x29,0x32,0x29,0x37,0x00,0x34,0x36,0x2D,0x37,
0x25,0xCA,0xDD,0xFD,0x18,0x33,0x00,0x2D,0x31,0x34,0x33,0x36,0x38,0x25,0xE8,0xFC,
0x4E,0x3D,0x25,0x00,0x29,0x37,0x00,0x28,0x29,0x31,0x25,0x37,0x2D,0x25,0x28,0x33,
0xFC,0x38,0x25,0x36,0x28,0x29,0xCA,0xFD,0x4E,0x1E,0x2D,0x29,0x32,0x29,0x37,0x00,
0x39,0x32,0x25,0x00,0x27,0x2D,0x38,0x25,0xFC,0x27,0x33,0x32,0x00,0x29,0x30,0x00,
0x2A,0x39,0x29,0x2B,0x33,0xCA,0xFD,0x4E,0x15,0x3D,0x25,0x2E,0x25,0x2E,0x25,0x2E,
0x25,0xCA,0xFF,0xF3,0x19,0x4E,0x15,0x3D,0x25,0x2E,0x25,0x2E,0x25,0xCA,0xFC,0x4E,
0x0B,0x3D,0xE8,0x00,0x35,0x39,0x41,0x00,0x34,0x29,0x32,0x25,0xCA,0xFD,0x4E,0x1A,
0x25,0x36,0x29,0x27,0x29,0x00,0x35,0x39,0x29,0x00,0x38,0x44,0x00,0x3D,0xFC,0x38,
0x33,0x28,0x33,0x37,0x00,0x30,0x33,0x37,0x00,0x35,0x39,0x29,0xFC,0x2D,0x32,0x38,
0x29,0x32,0x38,0x25,0x26,0x25,0x37,0x00,0x34,0x36,0x33,0x38,0x29,0x2B,0x29,0x36,
0xFD,0x29,0x37,0x38,0x40,0x32,0x00,0x25,0x00,0x34,0x39,0x32,0x38,0x33,0x00,0x28,
0x29,0xFC,0x35,0x39,0x29,0x28,0x25,0x36,0x00,0x2C,0x29,0x27,0x2C,0x33,0x37,0xFC,
0x27,0x25,0x36,0x26,0x43,0x32,0xCA,0xFF,0xF3,0x19,0x4F,0x0D,0x43,0x31,0x33,0x00,
0x34,0x39,0x29,0x28,0x29,0x37,0x00,0x29,0x37,0x38,0x25,0x36,0xFC,0x38,0x25,0x32,
0x00,0x38,0x36,0x25,0x32,0x35,0x39,0x2D,0x30,0x33,0xDD,0x00,0x4E,0x0F,0x30,0xFC,
0x31,0x39,0x32,0x28,0x33,0x00,0x37,0x29,0x00,0x29,0x37,0x38,0x40,0xFD,0x25,0x27,
0x25,0x26,0x25,0x32,0x28,0x33,0xCA,0xFD,0x4E,0x0E,0x29,0x26,0x29,0x36,0x42,0x25,
0x37,0x00,0x29,0x37,0x38,0x25,0x36,0x00,0x31,0x40,0x37,0xFC,0x34,0x36,0x29,0x33,
0x27,0x39,0x34,0x25,0x28,0x33,0xCA,0x00,0x4E,0x23,0xFC,0x37,0x39,0x28,0x25,0x32,
0x28,0x33,0x00,0x25,0x00,0x31,0x25,0x36,0x29,0x37,0xCA,0xFD,0x4E,0x1C,0x25,0x2B,
0x32,0x25,0x36,0x33,0x2F,0x00,0x38,0x29,0x00,0x2C,0x25,0x36,0x40,0xFC,0x3A,0x33,
0x30,0x25,0x36,0x00,0x34,0x33,0x36,0x00,0x30,0x33,0x37,0x00,0x25,0x2D,0x36,0x29,
0x37,0xCA,0xFD,0x4E,0x15,0x3D,0x25,0x2E,0x25,0x2E,0x25,0xE5,0xE5,0xE5,0x2E,0x25,
0x2E,0x25,0xCA,0xFF,0xF3,0x1B,0x4E,0x19,0x3D,0x29,0xCA,0x00,0x4E,0x1A,0x25,0x36,
0x29,0x27,0x29,0x00,0x35,0x39,0x29,0xFC,0x32,0x39,0x29,0x37,0x38,0x36,0x33,0x00,
0x2C,0x41,0x36,0x33,0x29,0xFC,0x2A,0x25,0x3A,0x33,0x36,0x2D,0x38,0x33,0x00,0x38,
0x2D,0x29,0x32,0x29,0x00,0x34,0x36,0x2D,0x37,0x25,0xCA,0xFD,0x4E,0x18,0x33,0x00,
0x38,0x29,0x32,0x2B,0x25,0x37,0x00,0x38,0x25,0x32,0x38,0x25,0xFC,0x34,0x36,0x2D,
0x37,0x25,0xE8,0x00,0x35,0x39,0x41,0x28,0x25,0x38,0x29,0xFC,0x27,0x33,0x32,0x31,
0x2D,0x2B,0x33,0x00,0x3D,0x00,0x31,0x2D,0x36,0x25,0x00,0x27,0x43,0x31,0x33,0xFD,
0x37,0x29,0x00,0x28,0x29,0x37,0x25,0x36,0x36,0x33,0x30,0x30,0x25,0x00,0x29,0x30,
0x00,0x2A,0x2D,0x32,0xFC,0x28,0x29,0x30,0x00,0x31,0x39,0x32,0x28,0x33,0xCA,0xFF,
0xF3,0x1B,0x4E,0x11,0x36,0x36,0xCA,0x00,0x16,0x30,0x29,0x2B,0x25,0x31,0x33,0x37,
0x00,0x25,0x30,0xFC,0x27,0x30,0x42,0x31,0x25,0x3C,0xE8,0x00,0x4E,0x35,0x39,0x41,
0xFC,0x29,0x31,0x33,0x27,0x2D,0x33,0x32,0x25,0x32,0x38,0x29,0xCA,0xFD,0x4E,0x17,
0x29,0x00,0x28,0x25,0x32,0x00,0x29,0x37,0x27,0x25,0x30,0x33,0x2A,0x36,0x42,0x33,
0x37,0xFC,0x28,0x29,0x00,0x37,0x33,0x30,0x33,0x00,0x2D,0x31,0x25,0x2B,0x2D,0x32,
0x25,0x36,0xFC,0x30,0x33,0x37,0x00,0x2B,0x36,0x2D,0x38,0x33,0x37,0xCA,0xFF,0xF3,
0x1B,0x14,0x29,0x2E,0x29,0xE5,0xE5,0xE5,0x00,0x0F,0x36,0x29,0x37,0xFC,0x36,0x29,
0x25,0x30,0x31,0x29,0x32,0x38,0x29,0x00,0x2A,0x39,0x29,0x36,0x38,0x29,0xFC,0x27,
0x39,0x25,0x32,0x28,0x33,0x00,0x38,0x29,0x00,0x30,0x33,0xFD,0x34,0x36,0x33,0x34,
0x33,0x32,0x29,0x37,0xE5,0xE5,0xE5,0xFD,0x1E,0x39,0x00,0x34,0x29,0x35,0x39,0x29,
0x4C,0x25,0x00,0x3A,0x2D,0x27,0x38,0x33,0x36,0x2D,0x25,0xFC,0x32,0x33,0x00,0x28,
0x29,0x38,0x29,0x32,0x28,0x36,0x40,0x00,0x25,0xFC,0x1C,0x25,0x2B,0x32,0x25,0x36,
0x33,0x2F,0xE5,0xE5,0xE5,0xFD,0x1E,0x29,0x00,0x29,0x37,0x38,0x25,0x36,0x41,0x00,
0x29,0x37,0x34,0x29,0x36,0x25,0x32,0x28,0x33,0xFC,0x34,0x25,0x36,0x25,0x00,0x34,
0x29,0x30,0x29,0x25,0x36,0x00,0x28,0x29,0x00,0x32,0x39,0x29,0x3A,0x33,0xFC,0x25,
0x30,0x00,0x33,0x38,0x36,0x33,0x00,0x30,0x25,0x28,0x33,0xE5,0xE5,0xE5,0xFD,0x4E,
0x11,0x36,0x36,0xCA,0xFF,0xF3,0x1D,0x4E,0x1C,0x36,0x36,0x33,0x25,0x36,0xCA,0xFD,
0x4E,0x0F,0x37,0x38,0x25,0x00,0x3A,0x29,0x3E,0xE5,0xE5,0xE5,0xFC,0x3D,0x33,0x00,
0x38,0x29,0xE5,0xE5,0xE5,0xFC,0x25,0x34,0x30,0x25,0x37,0x38,0x25,0x36,0x41,0xCA,
0xFD,0x0D,0x39,0x25,0x32,0x28,0x33,0xE5,0xE5,0xE5,0xFC,0x28,0x29,0x37,0x25,0x34,
0x25,0x36,0x29,0x3E,0x27,0x25,0x37,0xE5,0xE5,0xE5,0xFC,0x1C,0x25,0x2B,0x32,0x25,
0x36,0x33,0x2F,0xE5,0xE5,0xE5,0xFD,0x28,0x29,0x37,0x38,0x36,0x39,0x2D,0x36,0x40,
0xE5,0xE5,0xE5,0x29,0x30,0x00,0x31,0x39,0x32,0x28,0x33,0xE5,0xFC,0x23,0x00,0x45,
0x36,0x29,0x25,0x00,0x24,0x29,0x36,0x33,0xE5,0xE5,0xE5,0xFC,0x38,0x25,0x31,0x26,
0x2D,0x41,0x32,0xE5,0xE5,0xE5,0x27,0x25,0x29,0x36,0x40,0xE5,0xE5,0xE5,0xFD,0x16,
0x39,0x29,0x2B,0x33,0xE5,0xE5,0xE5,0xFD,0xF3,0x04,0x16,0x33,0x00,0x37,0x2D,0x29,
0x32,0x38,0x33,0xE8,0x00,0x32,0x33,0x00,0x38,0x29,0x32,0x2B,0x33,0xFC,0x38,0x2D,
0x29,0x31,0x34,0x33,0x00,0x34,0x25,0x36,0x25,0x00,0x29,0x37,0x38,0x33,0xE5,0xFD,
0x1B,0x39,0x42,0x38,0x25,0x38,0x29,0x00,0x28,0x29,0x00,0x31,0x2D,0x00,0x27,0x25,
0x31,0x2D,0x32,0x33,0xE5,0xFD,0xF3,0x1D,0x4E,0x1C,0x36,0x36,0x33,0x25,0x36,0xCA,
0xFF,0xF3,0x1D,0x4E,0x1C,0x36,0x36,0x33,0x25,0x36,0xCA,0xFC,0x4E,0x16,0x33,0x00,
0x30,0x33,0x2B,0x36,0x41,0xCA,0xFC,0x4E,0x0B,0x34,0x30,0x25,0x37,0x38,0x41,0xE5,
0xE5,0xE5,0x25,0x00,0x24,0x29,0x36,0x33,0xCA,0xFD,0x4E,0x0B,0x2C,0x33,0x36,0x25,
0x00,0x1C,0x25,0x2B,0x32,0x25,0x36,0x33,0x2F,0xE5,0xE5,0xE5,0xFC,0x25,0x34,0x30,
0x25,0x37,0x38,0x25,0x36,0x40,0xE5,0xE5,0xE5,0xFC,0x29,0x30,0x00,0x31,0x39,0x32,
0x28,0x33,0xCA,0xFF,0xF3,0x1D,0x23,0x25,0x00,0x29,0x37,0xE5,0xE5,0xE5,0x28,0x29,
0x31,0x25,0x37,0x2D,0x25,0x28,0x33,0xFC,0x38,0x25,0x36,0x28,0x29,0xE5,0xE5,0xE5,
0xFD,0x13,0x32,0x27,0x30,0x39,0x37,0x33,0x00,0x37,0x2D,0x00,0x3D,0x33,0xFC,0x28,
0x29,0x37,0x25,0x34,0x25,0x36,0x29,0x3E,0x27,0x33,0xE5,0xE5,0xE5,0xFC,0x1C,0x25,
0x2B,0x32,0x25,0x36,0x33,0x2F,0xE5,0xE5,0xE5,0xFD,0x25,0x44,0x32,0x00,0x27,0x39,
0x26,0x36,0x2D,0x36,0x40,0xE5,0xE5,0xE5,0xFC,0x30,0x25,0x00,0x38,0x2D,0x29,0x36,
0x36,0x25,0xE5,0xE5,0xE5,0xFD,0x4E,0x1E,0x44,0xE5,0xE5,0xE5,0x3D,0x00,0x38,0x33,
0x28,0x33,0x37,0x00,0x30,0x33,0x37,0xFC,0x28,0x29,0x31,0x40,0x37,0x00,0x37,0x29,
0x36,0x40,0x32,0xE5,0xE5,0xE5,0xFC,0x25,0x34,0x30,0x25,0x37,0x38,0x25,0x28,0x33,
0x37,0xCA,0xFD,0x4E,0x1C,0x36,0x36,0x33,0x25,0x36,0xCA,0xFF,0xF3,0x1F,0x1D,0x2D,
0x00,0x29,0x37,0x38,0x33,0x00,0x37,0x2D,0x2B,0x39,0x29,0x00,0x25,0x37,0x42,0xE8,
0xFC,0x25,0x31,0x26,0x33,0x37,0x00,0x38,0x29,0x36,0x31,0x2D,0x32,0x25,0x36,0x29,
0x31,0x33,0x37,0xFC,0x27,0x2C,0x33,0x27,0x25,0x32,0x28,0x33,0x00,0x27,0x33,0x32,
0x38,0x36,0x25,0xFD,0x29,0x30,0x00,0x37,0x39,0x29,0x30,0x33,0xE5,0xFD,0x4E,0x19,
0x28,0x2D,0x25,0x36,0x42,0x25,0x00,0x35,0x39,0x29,0x00,0x29,0x30,0xFC,0x37,0x39,
0x29,0x30,0x33,0x00,0x38,0x29,0x00,0x25,0x30,0x27,0x25,0x32,0x27,0x29,0xFC,0x34,
0x36,0x2D,0x31,0x29,0x36,0x33,0x00,0x27,0x39,0x25,0x32,0x28,0x33,0x00,0x3D,0x33,
0xFD,0x34,0x33,0x28,0x36,0x42,0x25,0x00,0x38,0x29,0x32,0x29,0x36,0x00,0x29,0x30,
0xFC,0x34,0x30,0x25,0x27,0x29,0x36,0x00,0x28,0x29,0x00,0x25,0x34,0x30,0x25,0x37,
0x38,0x25,0x36,0x38,0x29,0xFC,0x3D,0x33,0x00,0x31,0x2D,0x37,0x31,0x33,0xCA,0x00,
0x4E,0x15,0x3D,0x25,0x2F,0x3D,0x25,0xCA,0xFF,0xF3,0x1F,0x4E,0x15,0x3D,0x25,0x2F,
0x3D,0x25,0xCA,0xFC,0x4E,0x0F,0x37,0x33,0x00,0x37,0x29,0x00,0x37,0x2D,0x32,0x38,
0x2D,0x43,0xFC,0x2B,0x29,0x32,0x2D,0x25,0x30,0xCA,0xFD,0x4E,0x0F,0x37,0x33,0x00,
0x38,0x29,0x00,0x29,0x32,0x37,0x29,0x4C,0x25,0x36,0x40,0x00,0x25,0xFC,0x32,0x33,
0x00,0x2D,0x32,0x37,0x39,0x30,0x38,0x25,0x36,0x31,0x29,0xCA,0xFC,0x4E,0x15,0x3D,
0x25,0x2F,0x3D,0x25,0xCA,0xFF,0xF3,0x1F,0x4E,0x4F,0x0D,0xD6,0x27,0x43,0x31,0x33,
0x00,0x34,0x39,0x29,0x28,0x29,0x00,0x29,0x37,0x38,0x25,0x36,0xFC,0x34,0x25,0x37,
0x25,0x32,0x28,0x33,0x00,0x29,0x37,0x38,0x33,0xCA,0xDD,0xFD,0x4F,0x4E,0x1A,0x33,
0x36,0x00,0x35,0x39,0x41,0x00,0x38,0x39,0x3A,0x29,0x00,0x35,0x39,0x29,0xFC,0x34,
0x36,0x33,0x26,0x25,0x36,0x00,0x30,0x25,0x00,0x28,0x29,0x36,0x36,0x33,0x38,0x25,
0x00,0x25,0xFC,0x31,0x25,0x32,0x33,0x37,0x00,0x28,0x29,0x00,0x25,0x30,0x2B,0x39,
0x2D,0x29,0x32,0xFD,0x27,0x33,0x31,0x33,0x00,0x38,0x44,0xCA,0xDD,0xFD,0x4E,0x13,
0x32,0x27,0x36,0x29,0x42,0x26,0x30,0x29,0xCA,0xFC,0x4E,0x1D,0x2D,0x31,0x34,0x30,
0x29,0x31,0x29,0x32,0x38,0x29,0xFC,0x2D,0x32,0x27,0x36,0x29,0x42,0x26,0x30,0x29,
0xCA,0xFF,0xF3,0x04,0x0B,0x37,0x42,0x00,0x35,0x39,0x29,0x00,0x29,0x37,0x38,0x29,
0x00,0x29,0x37,0x00,0x29,0x30,0xFC,0x32,0x44,0x27,0x30,0x29,0x33,0x00,0x28,0x29,
0x00,0x1C,0x25,0x2B,0x32,0x25,0x36,0x33,0x2F,0xE5,0xE5,0xE5,0xFF,0xF3,0x5F,0x14,
0x29,0x2E,0x29,0x2E,0x29,0xE5,0xE5,0xE5,0xFD,0x4E,0x0C,0x2D,0x29,0x32,0x3A,0x29,
0x32,0x2D,0x28,0x33,0x00,0x25,0x00,0x38,0x39,0xFC,0x25,0x37,0x2D,0x29,0x32,0x38,
0x33,0x00,0x29,0x32,0x00,0x34,0x36,0x2D,0x31,0x29,0x36,0x25,0xFC,0x2A,0x2D,0x30,
0x25,0x00,0x34,0x25,0x36,0x25,0x00,0x29,0x30,0x00,0x2A,0x2D,0x32,0x00,0x28,0x29,
0x30,0xFD,0x31,0x39,0x32,0x28,0x33,0xCA,0xFF,0xF3,0x04,0x0F,0x37,0x25,0x00,0x3A,
0x33,0x3E,0xE5,0xE5,0xE5,0xFC,0x4E,0x0E,0x36,0xE5,0x00,0x21,0x29,0x2D,0x30,0xCA,
0xFD,0x4F,0x4E,0x0D,0x43,0x31,0x33,0x00,0x37,0x33,0x26,0x36,0x29,0x3A,0x2D,0x3A,
0x2D,0x37,0x38,0x29,0xFC,0x25,0x00,0x29,0x37,0x29,0x00,0x25,0x38,0x25,0x35,0x39,
0x29,0x00,0x28,0x29,0xFC,0x1C,0x25,0x2B,0x32,0x25,0x36,0x33,0x2F,0xCA,0xDD,0xFF,
0xF3,0x63,0xFB,0x4F,0x1D,0x33,0x26,0x36,0x29,0x3A,0x2D,0x3A,0x2D,0x36,0xDD,0xFD,
0x0F,0x37,0x00,0x37,0x29,0x32,0x27,0x2D,0x30,0x30,0x33,0xE5,0xE5,0xE5,0xFD,0x4E,
0x1A,0x33,0x36,0x35,0x39,0x29,0x00,0x32,0x33,0x00,0x34,0x39,0x29,0x28,0x33,0xFC,
0x31,0x33,0x36,0x2D,0x36,0xCA,0xFD,0xF3,0x04,0x4F,0x4E,0x1B,0x39,0x41,0x00,0x38,
0x29,0x00,0x34,0x25,0x37,0x43,0xCA,0xDD,0xFD,0xF3,0x63,0x14,0x29,0x2E,0x29,0x2E,
0x29,0xE5,0xE5,0xE5,0xFC,0x4F,0x1E,0x29,0x00,0x37,0x33,0x36,0x34,0x36,0x29,0x32,
0x28,0x2D,0x43,0x00,0x31,0x2D,0xFC,0x27,0x39,0x29,0x36,0x34,0x33,0x00,0x31,0x29,
0x27,0x40,0x32,0x2D,0x27,0x33,0xDD,0xFD,0x4F,0x1A,0x29,0x32,0x37,0x25,0x37,0x38,
0x29,0x00,0x35,0x39,0x29,0x00,0x29,0x36,0x25,0x00,0x39,0x32,0xFC,0x1C,0x29,0x34,
0x30,0x33,0x2D,0x28,0x29,0x00,0x3D,0x00,0x35,0x39,0x29,0xFC,0x34,0x33,0x28,0x36,
0x42,0x25,0x37,0x00,0x29,0x32,0x2A,0x36,0x29,0x32,0x38,0x25,0x36,0x31,0x29,0xDD,
0xFD,0x16,0x25,0x31,0x29,0x32,0x38,0x33,0xFC,0x28,0x29,0x27,0x29,0x34,0x27,0x2D,
0x33,0x32,0x25,0x36,0x38,0x29,0xE8,0x00,0x34,0x29,0x36,0x33,0xFC,0x37,0x33,0x3D,
0x00,0x39,0x32,0x00,0x2C,0x39,0x31,0x25,0x32,0x33,0x00,0x34,0x39,0x36,0x33,0xE5,
0xE5,0xE5,0xFD,0x4E,0x13,0x32,0x27,0x30,0x39,0x37,0x33,0x00,0x27,0x33,0x32,0x00,
0x39,0x32,0xFC,0x27,0x39,0x29,0x36,0x34,0x33,0x00,0x27,0x33,0x31,0x33,0x00,0x29,
0x37,0x38,0x29,0xCA,0xFD,0xF3,0x04,0x4F,0x4E,0x0D,0x43,0x31,0x33,0xCA,0xDD,0xFD,
0xF3,0x63,0x0D,0x39,0x25,0x32,0x28,0x33,0x00,0x29,0x30,0x00,0x0E,0x25,0x36,0x2F,
0x00,0x0F,0x30,0x2A,0xFC,0x38,0x33,0x31,0x43,0x00,0x29,0x30,0x00,0x27,0x33,0x32,
0x38,0x36,0x33,0x30,0x00,0x28,0x29,0xFC,0x30,0x33,0x37,0x00,0x1C,0x29,0x34,0x30,
0x33,0x2D,0x28,0x29,0x37,0x00,0x3D,0xFD,0x28,0x29,0x37,0x38,0x36,0x39,0x3D,0x43,
0x00,0x25,0x00,0x30,0x33,0x37,0xFC,0x17,0x25,0x3A,0x29,0x36,0x2D,0x27,0x2F,0x37,
0x00,0x29,0x32,0x00,0x30,0x25,0x37,0xFC,0x11,0x39,0x29,0x36,0x36,0x25,0x37,0x00,
0x46,0x30,0x2A,0x2D,0x27,0x25,0x37,0xE5,0xE5,0xE5,0xFD,0x16,0x33,0x37,0x00,0x2C,
0x39,0x31,0x25,0x32,0x33,0x37,0x00,0x28,0x29,0x00,0x29,0x37,0x29,0xFC,0x38,0x2D,
0x29,0x31,0x34,0x33,0x00,0x31,0x29,0xFC,0x31,0x33,0x28,0x2D,0x2A,0x2D,0x27,0x25,
0x36,0x33,0x32,0xE5,0xE5,0xE5,0xFD,0x1E,0x36,0x25,0x32,0x37,0x2A,0x2D,0x36,0x2D,
0x29,0x36,0x33,0x32,0x00,0x38,0x33,0x28,0x33,0x37,0xFC,0x31,0x2D,0x37,0x00,0x36,
0x29,0x27,0x39,0x29,0x36,0x28,0x33,0x37,0x00,0x25,0xFC,0x28,0x25,0x38,0x33,0x37,
0x00,0x28,0x29,0x00,0x34,0x36,0x33,0x2B,0x36,0x25,0x31,0x25,0xE5,0xE5,0xE5,0xFD,
0x23,0x00,0x27,0x25,0x31,0x26,0x2D,0x25,0x36,0x33,0x32,0x00,0x31,0x2D,0xFC,0x27,
0x39,0x29,0x36,0x34,0x33,0x00,0x34,0x33,0x36,0x00,0x29,0x37,0x38,0x25,0xFC,0x25,
0x36,0x31,0x25,0x28,0x39,0x36,0x25,0x00,0x27,0x33,0x32,0x00,0x29,0x30,0xFD,0x34,
0x33,0x28,0x29,0x36,0x00,0x28,0x29,0xFC,0x36,0x29,0x2B,0x29,0x32,0x29,0x36,0x25,
0x36,0x31,0x29,0xE5,0xE5,0xE5,0xFD,0x4F,0x1E,0x2D,0x29,0x32,0x29,0x37,0x00,0x2D,
0x28,0x29,0x25,0x00,0x28,0x29,0x00,0x30,0x33,0xFC,0x35,0x39,0x29,0x00,0x37,0x2D,
0x2B,0x32,0x2D,0x2A,0x2D,0x27,0x25,0x00,0x29,0x37,0x33,0xDD,0xFD,0x18,0x33,0x00,
0x34,0x39,0x29,0x28,0x33,0x00,0x29,0x32,0x3A,0x29,0x2E,0x29,0x27,0x29,0x36,0xE8,
0xFC,0x3D,0x00,0x31,0x2D,0x37,0x00,0x2C,0x29,0x36,0x2D,0x28,0x25,0x37,0x00,0x37,
0x25,0x32,0x25,0x32,0xFC,0x31,0x40,0x37,0x00,0x36,0x40,0x34,0x2D,0x28,0x33,0x00,
0x28,0x29,0x00,0x30,0x33,0xFD,0x32,0x33,0x36,0x31,0x25,0x30,0xE5,0xFD,0x0E,0x29,
0x37,0x34,0x39,0x41,0x37,0x00,0x28,0x29,0x00,0x30,0x25,0x00,0x2B,0x39,0x29,0x36,
0x36,0x25,0xE8,0xFC,0x2A,0x39,0x2D,0x00,0x27,0x33,0x32,0x28,0x29,0x32,0x25,0x28,
0x33,0x00,0x25,0x00,0x3A,0x2D,0x3A,0x2D,0x36,0xFC,0x39,0x32,0x25,0x00,0x29,0x38,
0x29,0x36,0x32,0x2D,0x28,0x25,0x28,0x00,0x29,0x32,0x00,0x39,0x32,0xFD,0x31,0x39,
0x32,0x28,0x33,0x00,0x37,0x2D,0x32,0x00,0x30,0x39,0x3E,0x00,0x32,0x2D,0xFC,0x32,
0x25,0x38,0x39,0x36,0x25,0x30,0x29,0x3E,0x25,0xE5,0xE5,0xE5,0xFD,0x4E,0x16,0x33,
0x37,0x00,0x2C,0x39,0x31,0x25,0x32,0x33,0x37,0x00,0x31,0x29,0xFC,0x29,0x3C,0x34,
0x39,0x30,0x37,0x25,0x36,0x33,0x32,0x00,0x28,0x29,0x00,0x18,0x29,0x33,0xFC,0x0B,
0x36,0x27,0x25,0x28,0x2D,0x25,0xCA,0xFD,0xF3,0x04,0xCA,0xFF,0xF3,0x63,0x4F,0x4E,
0x14,0x39,0x37,0x38,0x2D,0x27,0x2D,0x25,0xCA,0xDD,0xFC,0x4F,0x4E,0x16,0x2D,0x26,
0x29,0x36,0x38,0x25,0x28,0xCA,0xDD,0xFC,0x4E,0x13,0x28,0x29,0x25,0x30,0x29,0x37,
0x00,0x2D,0x32,0x44,0x38,0x2D,0x30,0x29,0x37,0xCA,0xFD,0x4E,0x1F,0x37,0x38,0x29,
0x28,0x29,0x37,0xE8,0x00,0x1C,0x29,0x34,0x30,0x33,0x2D,0x28,0x29,0x37,0xE8,0xFC,
0x37,0x33,0x32,0x00,0x37,0x33,0x30,0x33,0x00,0x31,0x40,0x35,0x39,0x2D,0x32,0x25,
0x37,0xE8,0xFC,0x34,0x29,0x36,0x33,0x00,0x2D,0x32,0x2D,0x27,0x2D,0x25,0x36,0x33,
0x32,0x00,0x39,0x32,0x25,0xFD,0x2B,0x39,0x29,0x36,0x36,0x25,0x00,0x2C,0x25,0x27,
0x29,0x00,0x31,0x39,0x27,0x2C,0x33,0xFC,0x38,0x2D,0x29,0x31,0x34,0x33,0x00,0x29,
0x32,0x00,0x32,0x33,0x31,0x26,0x36,0x29,0x00,0x28,0x29,0xFC,0x30,0x25,0x00,0x30,
0x2D,0x26,0x29,0x36,0x38,0x25,0x28,0xCA,0xFD,0x4E,0x23,0x00,0x30,0x33,0x37,0x00,
0x2C,0x39,0x31,0x25,0x32,0x33,0x37,0xCA,0xFC,0x4E,0x17,0x2D,0x36,0x25,0x00,0x30,
0x33,0x00,0x35,0x39,0x29,0x00,0x31,0x29,0xFC,0x2C,0x2D,0x27,0x2D,0x29,0x36,0x33,
0x32,0xCA,0xFD,0x4E,0x17,0x29,0x00,0x29,0x3C,0x34,0x39,0x30,0x37,0x25,0x36,0x33,
0x32,0x00,0x31,0x2D,0x29,0x32,0xD6,0xFC,0x38,0x36,0x25,0x37,0x00,0x34,0x36,0x33,
0x27,0x30,0x25,0x31,0x25,0x26,0x25,0x32,0x00,0x30,0x25,0xFC,0x34,0x25,0x30,0x25,
0x26,0x36,0x25,0x00,0xE9,0x2E,0x39,0x37,0x38,0x2D,0x27,0x2D,0x25,0xE9,0xCA,0xFD,
0x24,0x29,0x36,0x33,0xE8,0x00,0x4F,0x4E,0x2D,0x32,0x37,0x2D,0x37,0x38,0x29,0x37,
0x00,0x29,0x32,0xFC,0x37,0x25,0x30,0x3A,0x25,0x36,0x30,0x33,0x37,0xCA,0xDD,0xFD,
0x4E,0x0D,0x33,0x32,0x38,0x36,0x33,0x30,0x25,0x36,0x00,0x25,0x00,0x30,0x33,0x37,
0xFC,0x1C,0x29,0x34,0x30,0x33,0x2D,0x28,0x29,0x37,0x00,0x32,0x33,0x00,0x29,0x37,
0x00,0x32,0x25,0x28,0x25,0xCA,0xFD,0x4E,0x16,0x25,0x00,0x28,0x29,0x37,0x38,0x36,
0x39,0x27,0x27,0x2D,0x43,0x32,0x00,0x28,0x29,0xFC,0x38,0x33,0x28,0x25,0x00,0x30,
0x25,0x00,0x2C,0x39,0x31,0x25,0x32,0x2D,0x28,0x25,0x28,0x00,0x29,0x37,0xFC,0x37,
0x33,0x30,0x33,0x00,0x34,0x25,0x37,0x25,0x2E,0x29,0x36,0x25,0xCA,0xFD,0x18,0x2D,
0x00,0x3A,0x2D,0x3A,0x33,0xE5,0xE5,0xE5,0xFC,0x18,0x2D,0x00,0x31,0x39,0x29,0x36,
0x38,0x33,0xE5,0xE5,0xE5,0xFC,0x4E,0x1A,0x25,0x36,0x25,0x00,0x37,0x2D,0x29,0x31,
0x34,0x36,0x29,0xE8,0x00,0x25,0x00,0x31,0x2D,0xFD,0x30,0x25,0x28,0x33,0xCA,0xFD,
0x4E,0x12,0x25,0x36,0x41,0x00,0x35,0x39,0x29,0x00,0x37,0x39,0x2A,0x36,0x25,0x37,
0x00,0x39,0x32,0xFC,0x28,0x29,0x37,0x38,0x2D,0x32,0x33,0x00,0x31,0x39,0x27,0x2C,
0x33,0x00,0x34,0x29,0x33,0x36,0xFC,0x35,0x39,0x29,0x00,0x27,0x39,0x25,0x30,0x35,
0x39,0x2D,0x29,0x36,0x00,0x27,0x33,0x37,0x25,0xFD,0x35,0x39,0x29,0x00,0x2C,0x25,
0x3D,0x25,0x37,0xFC,0x29,0x3C,0x34,0x29,0x36,0x2D,0x31,0x29,0x32,0x38,0x25,0x28,
0x33,0x00,0x25,0x32,0x38,0x29,0x37,0xCA,0xFF,0xF3,0x67,0x4E,0x0C,0x3B,0x25,0x2C,
0x25,0x2C,0x25,0x2C,0x25,0xCA,0xFD,0x4E,0x1E,0x29,0x00,0x29,0x32,0x37,0x29,0x4C,
0x25,0x36,0x41,0x00,0x35,0x39,0x29,0x00,0x32,0x33,0xFC,0x2C,0x25,0x3D,0x00,0x30,
0x39,0x2B,0x25,0x36,0x00,0x28,0x33,0x32,0x28,0x29,0x00,0x30,0x33,0x37,0xFC,0x32,
0x29,0x27,0x2D,0x33,0x37,0x00,0x34,0x39,0x29,0x28,0x25,0x32,0xFD,0x29,0x37,0x27,
0x33,0x32,0x28,0x29,0x36,0x37,0x29,0xCA,0xFD,0x4E,0x16,0x33,0x37,0x00,0x32,0x29,
0x27,0x2D,0x33,0x37,0x00,0x28,0x29,0x26,0x29,0x32,0xFC,0x3A,0x2D,0x3A,0x2D,0x36,
0x00,0x26,0x25,0x2E,0x33,0x00,0x31,0x2D,0x00,0x31,0x25,0x32,0x28,0x33,0xFC,0x3D,
0x00,0x37,0x33,0x30,0x33,0x00,0x29,0x30,0x00,0x31,0x42,0x33,0xCA,0xFD,0x4E,0x11,
0x36,0x25,0x27,0x2D,0x25,0x37,0x00,0x25,0x00,0x1C,0x25,0x2B,0x32,0x25,0x36,0x33,
0x2F,0xCA,0xFF,0xF3,0x38,0x4F,0x4E,0x16,0x29,0x3D,0x29,0x32,0x28,0x25,0xCA,0xDD,
0xFC,0x4F,0x4E,0x12,0x41,0x36,0x33,0x29,0xCA,0xDD,0xFC,0x4E,0x14,0x25,0xCA,0xFD,
0x4E,0x1B,0x39,0x41,0x28,0x25,0x38,0x29,0x00,0x25,0x2C,0x42,0x00,0x27,0x33,0x31,
0x33,0xFC,0x30,0x25,0x00,0x26,0x25,0x37,0x39,0x36,0x25,0x00,0x35,0x39,0x29,0x00,
0x29,0x36,0x29,0x37,0xCA,0xFC,0x4E,0x0C,0x3B,0x25,0x2C,0x25,0x2C,0x25,0x2C,0x25,
0xCA,0xFF,0xF3,0x04,0x4E,0x0B,0x2B,0x2C,0xCA,0x00,0x4E,0x18,0x33,0x00,0x34,0x39,
0x29,0x28,0x33,0xFC,0x28,0x29,0x38,0x29,0x32,0x29,0x36,0x00,0x30,0x25,0x00,0x27,
0x25,0x42,0x28,0x25,0xCA,0xFF,0xF3,0x00,0x0D,0x2D,0x29,0x30,0xD9,0xE9,0x4E,0x24,
0x29,0x36,0x33,0xCA,0x00,0x4E,0x0B,0x30,0x27,0x25,0x32,0x3E,0x25,0x32,0x28,0x33,
0xFD,0x00,0x3A,0x29,0x30,0x33,0x27,0x2D,0x28,0x25,0x28,0x00,0x27,0x36,0x42,0x38,
0x2D,0x27,0x25,0xCA,0xE9,0xFD,0xE9,0x4E,0x1D,0x2D,0x00,0x3A,0x25,0x00,0x31,0x40,
0x37,0x00,0x36,0x40,0x34,0x2D,0x28,0x33,0xE8,0x00,0x32,0x33,0xFD,0x00,0x34,0x33,
0x28,0x36,0x41,0x00,0x38,0x36,0x25,0x29,0x36,0x38,0x29,0x00,0x28,0x29,0xFD,0x00,
0x3A,0x39,0x29,0x30,0x38,0x25,0xCA,0x00,0x4E,0x0E,0x25,0x38,0x29,0x00,0x34,0x36,
0x2D,0x37,0x25,0xCA,0xE9,0xFF,0xF3,0x37,0x18,0x33,0xE5,0xE5,0xE5,0xFD,0x4E,0x0F,
0x37,0x38,0x33,0x00,0x25,0x44,0x32,0x00,0x32,0x33,0x00,0x2C,0x25,0xFC,0x38,0x29,
0x36,0x31,0x2D,0x32,0x25,0x28,0x33,0xCA,0xFF,0xF3,0x04,0x4E,0x21,0x29,0x2D,0x30,
0xCA,0xFD,0xF3,0x37,0x14,0x29,0x2E,0x29,0x2E,0x29,0xE5,0xE5,0xE5,0xFD,0x4E,0x0C,
0x3B,0x25,0x2C,0x25,0x2C,0x25,0x2C,0x25,0xCA,0xFD,0x23,0x25,0x00,0x38,0x29,0x00,
0x30,0x33,0x00,0x28,0x2D,0x2E,0x29,0xE5,0xE5,0xE5,0xFC,0x4E,0x18,0x33,0x00,0x34,
0x39,0x29,0x28,0x33,0x00,0x31,0x33,0x36,0x2D,0x36,0xCA,0xFD,0x4E,0x18,0x25,0x28,
0x2D,0x29,0x00,0x34,0x39,0x29,0x28,0x29,0xFC,0x28,0x29,0x38,0x29,0x32,0x29,0x36,
0x00,0x25,0x00,0x1C,0x25,0x2B,0x32,0x25,0x36,0x33,0x2F,0xFC,0x25,0x2C,0x33,0x36,
0x25,0xCA,0xFF,0xF3,0x00,0x0D,0x2D,0x29,0x30,0xD9,0xE9,0x4E,0x24,0xD6,0x24,0x29,
0x36,0x33,0xCA,0x00,0x4E,0x18,0x33,0x00,0x2C,0x25,0x3D,0xFD,0x00,0x38,0x2D,0x29,
0x31,0x34,0x33,0xCA,0x00,0x4E,0x20,0x39,0x29,0x30,0x3A,0x29,0x00,0x25,0x35,0x39,
0x42,0xCA,0xE9,0xFF,0xF3,0x04,0x18,0x33,0xE8,0x00,0x2C,0x25,0x3D,0x00,0x39,0x32,
0x25,0x00,0x2A,0x33,0x36,0x31,0x25,0xE5,0xFD,0x1D,0x2D,0x00,0x28,0x29,0x37,0x38,
0x36,0x39,0x3D,0x33,0x00,0x29,0x30,0xFC,0x32,0x44,0x27,0x30,0x29,0x33,0x00,0x28,
0x29,0x00,0x21,0x29,0x2D,0x30,0xE8,0x00,0x30,0x25,0xFC,0x29,0x3C,0x34,0x30,0x33,
0x37,0x2D,0x43,0x32,0x00,0x37,0x29,0x00,0x30,0x30,0x29,0x3A,0x25,0x36,0x40,0xFD,
0x25,0x00,0x1C,0x25,0x2B,0x32,0x25,0x36,0x33,0x2F,0x00,0x27,0x33,0x32,0x00,0x41,
0x30,0xE5,0xE5,0xE5,0xFD,0x4E,0x1D,0x2D,0x00,0x1C,0x25,0x2B,0x32,0x25,0x36,0x33,
0x2F,0x00,0x29,0x37,0xFC,0x28,0x29,0x37,0x38,0x36,0x39,0x2D,0x28,0x33,0xE8,0x00,
0x3D,0x25,0x00,0x32,0x33,0xFC,0x36,0x29,0x34,0x36,0x29,0x37,0x29,0x32,0x38,0x25,
0x36,0x40,0x00,0x39,0x32,0x25,0xFD,0x25,0x31,0x29,0x32,0x25,0x3E,0x25,0xCA,0xFF,
0xF3,0x00,0x0D,0x2D,0x29,0x30,0xD9,0xE9,0x4F,0x1A,0x29,0x36,0x33,0x00,0x35,0x39,
0x41,0x00,0x2C,0x25,0x3D,0x00,0x28,0x29,0x00,0x38,0x2D,0xDD,0xE9,0xFF,0xF3,0x37,
0x4E,0x0C,0x3B,0x25,0x2C,0x25,0x2C,0x25,0x2C,0x25,0xCA,0xFC,0x4F,0x4E,0x0B,0x27,
0x25,0x37,0x33,0x00,0x29,0x36,0x29,0x37,0x00,0x27,0x25,0x34,0x25,0x3E,0xFC,0x28,
0x29,0x00,0x2C,0x25,0x27,0x29,0x36,0x30,0x33,0xCA,0xDD,0xFD,0x0F,0x30,0x00,0x2C,
0x41,0x36,0x33,0x29,0x00,0x1C,0x29,0x34,0x30,0x33,0x2D,0x28,0x29,0xE5,0xE5,0xE5,
0xFD,0x4E,0x1A,0x36,0x33,0x38,0x29,0x2B,0x2D,0x29,0x32,0x28,0x33,0x00,0x30,0x25,
0xFC,0x2E,0x39,0x37,0x38,0x2D,0x27,0x2D,0x25,0x00,0x3D,0x00,0x25,0x00,0x30,0x25,
0xFC,0x2C,0x39,0x31,0x25,0x32,0x2D,0x28,0x25,0x28,0xCA,0xFD,0x4E,0x23,0x33,0x00,
0x37,0x33,0x3D,0x00,0x39,0x32,0x33,0x00,0x28,0x29,0x00,0x29,0x37,0x33,0x37,0xFC,
0x2C,0x39,0x31,0x25,0x32,0x33,0x37,0x00,0x35,0x39,0x29,0x00,0x2E,0x39,0x36,0x25,
0x37,0x38,0x29,0xFC,0x34,0x36,0x33,0x38,0x29,0x2B,0x29,0x36,0xCA,0xFD,0x4F,0x4E,
0x1E,0x2D,0x29,0x32,0x29,0x37,0x00,0x30,0x33,0x00,0x32,0x29,0x27,0x29,0x37,0x25,
0x36,0x2D,0x33,0xFC,0x34,0x25,0x36,0x25,0x00,0x28,0x29,0x36,0x36,0x33,0x38,0x25,
0x36,0x31,0x29,0xCA,0xDD,0xFF,0xF3,0x04,0x18,0x39,0x32,0x27,0x25,0x00,0x31,0x29,
0x00,0x2D,0x31,0x34,0x33,0x36,0x38,0x43,0x00,0x30,0x25,0xFC,0x2E,0x39,0x37,0x38,
0x2D,0x27,0x2D,0x25,0xE8,0x00,0x3D,0x00,0x32,0x33,0xFC,0x36,0x29,0x27,0x39,0x29,
0x36,0x28,0x33,0x00,0x2C,0x25,0x26,0x29,0x36,0x31,0x29,0xFD,0x30,0x30,0x25,0x31,
0x25,0x28,0x33,0x00,0x2C,0x41,0x36,0x33,0x29,0xE5,0xE5,0xE5,0xFD,0x1D,0x2D,0x29,
0x31,0x34,0x36,0x29,0x00,0x2C,0x29,0x00,0x30,0x39,0x27,0x2C,0x25,0x28,0x33,0xFC,
0x37,0x33,0x30,0x33,0x00,0x34,0x33,0x36,0x00,0x30,0x25,0x37,0x00,0x34,0x29,0x36,
0x37,0x33,0x32,0x25,0x37,0xFC,0x29,0x32,0x00,0x30,0x25,0x37,0x00,0x35,0x39,0x29,
0x00,0x27,0x36,0x29,0x33,0xE5,0xFD,0x18,0x33,0x00,0x28,0x39,0x28,0x25,0x36,0x41,
0xE5,0xE5,0xE5,0xFD,0x1D,0x2D,0x00,0x39,0x32,0x00,0x29,0x32,0x29,0x31,0x2D,0x2B,
0x33,0xFC,0x25,0x34,0x25,0x36,0x29,0x27,0x29,0x00,0x2A,0x36,0x29,0x32,0x38,0x29,
0x00,0x25,0x00,0x31,0x42,0xE8,0xFC,0x4E,0x30,0x33,0x00,0x28,0x29,0x37,0x38,0x36,
0x39,0x2D,0x36,0x41,0xCA,0xFF,0xF3,0x00,0x0D,0x2D,0x29,0x30,0xD9,0xE9,0x4E,0x24,
0x29,0x36,0x33,0xCA,0x00,0x4E,0x24,0x29,0x36,0x33,0xCA,0xE9,0xFF,0xF3,0x04,0x0D,
0x2D,0x29,0x30,0xE5,0xE5,0xE5,0xFD,0x4E,0x0D,0x33,0x32,0x2A,0x42,0x25,0x00,0x29,
0x32,0x00,0x31,0x42,0xCA,0xFF,0xF3,0x00,0x0D,0x2D,0x29,0x30,0xD9,0xE9,0x4E,0x4E,
0x4E,0x24,0x29,0x36,0x33,0x33,0x33,0xCA,0xCA,0xCA,0xE9,0xFF,0xF3,0x38,0x4E,0x20,
0x2D,0x3A,0x29,0x00,0x39,0x32,0x25,0x00,0x29,0x38,0x29,0x36,0x32,0x2D,0x28,0x25,
0x28,0xFC,0x28,0x29,0x00,0x37,0x39,0x2A,0x36,0x2D,0x31,0x2D,0x29,0x32,0x38,0x33,
0xE8,0xFC,0x32,0x29,0x27,0x2D,0x33,0xCA,0xFD,0x4E,0x1D,0x29,0x36,0x41,0x00,0x30,
0x25,0x00,0x34,0x36,0x2D,0x31,0x29,0x36,0x25,0xFC,0x29,0x32,0x38,0x36,0x25,0x28,
0x25,0x00,0x29,0x32,0x00,0x39,0x32,0x25,0xFC,0x32,0x39,0x29,0x3A,0x25,0x00,0x3D,
0x00,0x2B,0x30,0x33,0x36,0x2D,0x33,0x37,0x25,0xFD,0x2C,0x2D,0x37,0x38,0x33,0x36,
0x2D,0x25,0xCA,0xFD,0x4E,0x1C,0x29,0x27,0x39,0x29,0x36,0x28,0x25,0x00,0x29,0x30,
0x00,0x32,0x33,0x31,0x26,0x36,0x29,0xFC,0x28,0x29,0x30,0x00,0x0E,0x36,0xE5,0x00,
0x21,0x29,0x2D,0x30,0xCA,0x00,0x0F,0x30,0xFC,0x31,0x39,0x32,0x28,0x33,0xE8,0x00,
0x38,0x33,0x28,0x33,0xE8,0x00,0x31,0x42,0x33,0xE5,0xE5,0xE5,0xFD,0x4E,0x1A,0x25,
0x36,0x25,0x00,0x37,0x2D,0x29,0x31,0x34,0x36,0x29,0xCA,0xFF,
};
alignas(16) inline constexpr uint16_t mmz4_msg13_script_offsets[] = {
0x0000,0x014B,0x0387,0x03C5,0x03E4,0x0434,0x0500,0x052B,
0x052B,0x052B,0x052B,0x053C,0x05A1,0x05BE,0x06C5,0x0816,

};
constexpr int mmz4_msg13_num_entries = 16;
alignas(16) inline constexpr uint8_t mmz4_msg13_script_data[] = {
0xF3,0x04,0x4F,0x0B,0x3A,0x29,0x36,0x2D,0x2B,0x39,0x25,0x37,0x38,0x29,0x00,0x25,
0x30,0x2B,0x33,0xFC,0x37,0x33,0x26,0x36,0x29,0x00,0x45,0x36,0x29,0x25,0x00,0x24,
0x29,0x36,0x33,0xDD,0xFD,0xF3,0x07,0x1D,0x42,0xE5,0xE5,0xE5,0xFC,0x18,0x33,0x00,
0x29,0x37,0x38,0x40,0x00,0x30,0x29,0x2E,0x33,0x37,0x00,0x28,0x29,0xFC,0x25,0x35,
0x39,0x42,0xE5,0xFD,0x18,0x29,0x2D,0x2B,0x29,0x00,0x3D,0x00,0x30,0x33,0x37,0x00,
0x28,0x29,0x31,0x40,0x37,0xFC,0x28,0x29,0x26,0x29,0x36,0x42,0x25,0x32,0x00,0x30,
0x30,0x29,0x2B,0x25,0x36,0xFC,0x34,0x36,0x33,0x32,0x38,0x33,0xE5,0xFD,0x45,0x36,
0x29,0x25,0x00,0x24,0x29,0x36,0x33,0x00,0x29,0x37,0x00,0x29,0x30,0xFC,0x30,0x39,
0x2B,0x25,0x36,0x00,0x28,0x29,0x00,0x30,0x25,0x37,0x00,0x11,0x39,0x29,0x36,0x36,
0x25,0x37,0xFC,0x17,0x25,0x3A,0x29,0x36,0x2D,0x27,0x2F,0xE8,0x00,0x28,0x33,0x32,
0x28,0x29,0xFD,0x30,0x25,0x00,0x27,0x33,0x30,0x33,0x32,0x2D,0x25,0x00,0x29,0x37,
0x34,0x25,0x27,0x2D,0x25,0x30,0xFC,0x0F,0x39,0x36,0x25,0x37,0x2D,0x25,0x00,0x37,
0x29,0xFC,0x29,0x37,0x38,0x36,0x29,0x30,0x30,0x43,0xE5,0xE5,0xE5,0xFD,0x17,0x39,
0x27,0x2C,0x25,0x37,0x00,0x3A,0x2D,0x28,0x25,0x37,0x00,0x37,0x29,0xFC,0x34,0x29,
0x36,0x28,0x2D,0x29,0x36,0x33,0x32,0x00,0x25,0x30,0x30,0x42,0xE5,0xE5,0xE5,0xFD,
0xF3,0x04,0x45,0x36,0x29,0x25,0x00,0x24,0x29,0x36,0x33,0x00,0x29,0x37,0x00,0x39,
0x32,0xFC,0x36,0x29,0x27,0x33,0x36,0x28,0x25,0x38,0x33,0x36,0x2D,0x33,0x00,0x28,
0x33,0x30,0x33,0x36,0x33,0x37,0x33,0xFC,0x28,0x29,0x00,0x39,0x32,0x25,0x00,0x2B,
0x39,0x29,0x36,0x36,0x25,0xFD,0x34,0x25,0x37,0x25,0x28,0x25,0xE5,0xE5,0xE5,0xFD,
0x4F,0x0B,0x2C,0x33,0x36,0x25,0x00,0x3A,0x2D,0x3A,0x29,0x32,0xFC,0x2C,0x39,0x31,
0x25,0x32,0x33,0x37,0x00,0x25,0x30,0x30,0x42,0xDD,0xFF,0xF3,0x22,0x1D,0x29,0x00,
0x29,0x32,0x3A,0x2D,0x43,0x00,0x2D,0x32,0x2A,0x33,0x36,0x31,0x25,0x27,0x2D,0x43,
0x32,0xFC,0x37,0x33,0x26,0x36,0x29,0x00,0x45,0x36,0x29,0x25,0x00,0x24,0x29,0x36,
0x33,0xFC,0x28,0x29,0x37,0x28,0x29,0x00,0x30,0x25,0x00,0x0C,0x25,0x37,0x29,0x00,
0x28,0x29,0xFD,0x30,0x25,0x00,0x1C,0x29,0x37,0x2D,0x37,0x38,0x29,0x32,0x27,0x2D,
0x25,0xE5,0xFD,0x0E,0x29,0x37,0x28,0x29,0x00,0x29,0x30,0x00,0x25,0x27,0x27,0x2D,
0x28,0x29,0x32,0x38,0x29,0xFC,0x28,0x29,0x00,0x30,0x25,0x00,0x27,0x33,0x30,0x33,
0x32,0x2D,0x25,0xFC,0x29,0x37,0x34,0x25,0x27,0x2D,0x25,0x30,0xE8,0x00,0x30,0x25,
0x00,0x3E,0x33,0x32,0x25,0xFD,0x29,0x37,0x38,0x39,0x3A,0x33,0x00,0x27,0x29,0x36,
0x36,0x25,0x28,0x25,0xE8,0x00,0x34,0x29,0x36,0x33,0xFC,0x25,0x30,0x00,0x34,0x25,
0x36,0x29,0x27,0x29,0x36,0x00,0x30,0x25,0x00,0x38,0x2D,0x29,0x36,0x36,0x25,0xFC,
0x37,0x29,0x00,0x2C,0x25,0x00,0x36,0x29,0x32,0x33,0x3A,0x25,0x28,0x33,0x00,0x3D,
0xFD,0x30,0x25,0x00,0x32,0x25,0x38,0x39,0x36,0x25,0x30,0x29,0x3E,0x25,0x00,0x37,
0x29,0xFC,0x3A,0x39,0x29,0x30,0x3A,0x29,0x00,0x31,0x40,0x37,0x00,0x25,0x26,0x39,
0x32,0x28,0x25,0x32,0x38,0x29,0xFC,0x27,0x25,0x28,0x25,0x00,0x3A,0x29,0x3E,0x00,
0x31,0x40,0x37,0xE5,0xFD,0xF3,0x07,0x4F,0x4E,0x16,0x25,0x00,0x32,0x25,0x38,0x39,
0x36,0x25,0x30,0x29,0x3E,0x25,0xFC,0x29,0x37,0x38,0x40,0x00,0x36,0x29,0x2B,0x36,
0x29,0x37,0x25,0x32,0x28,0x33,0x00,0x25,0x30,0xFC,0x45,0x36,0x29,0x25,0x00,0x24,
0x29,0x36,0x33,0xCA,0xDD,0xFD,0xF3,0x22,0x1D,0x29,0x00,0x28,0x2D,0x27,0x29,0x00,
0x35,0x39,0x29,0x00,0x29,0x37,0x00,0x34,0x33,0x36,0xFC,0x39,0x32,0x00,0x37,0x2D,
0x37,0x38,0x29,0x31,0x25,0x00,0x25,0x31,0x26,0x2D,0x29,0x32,0x38,0x25,0x30,0xFC,
0x25,0x27,0x38,0x2D,0x3A,0x33,0x00,0x28,0x29,0x37,0x28,0x29,0x00,0x29,0x30,0xFD,
0x25,0x27,0x27,0x2D,0x28,0x29,0x32,0x38,0x29,0xE5,0xFD,0x18,0x33,0x00,0x29,0x37,
0x00,0x31,0x39,0x27,0x2C,0x33,0xE8,0x00,0x34,0x29,0x36,0x33,0xFC,0x25,0x44,0x32,
0x00,0x36,0x29,0x34,0x36,0x29,0x37,0x29,0x32,0x38,0x25,0xFC,0x29,0x37,0x34,0x29,
0x36,0x25,0x32,0x3E,0x25,0x00,0x34,0x25,0x36,0x25,0xFD,0x30,0x25,0x00,0x2C,0x39,
0x31,0x25,0x32,0x2D,0x28,0x25,0x28,0xE5,0xFD,0xF3,0x07,0x4F,0x12,0x25,0x37,0x00,
0x30,0x33,0x2B,0x36,0x25,0x28,0x33,0xFC,0x29,0x32,0x27,0x33,0x32,0x38,0x36,0x25,
0x36,0x00,0x29,0x30,0xFC,0x25,0x37,0x29,0x32,0x38,0x25,0x31,0x2D,0x29,0x32,0x38,
0x33,0xFD,0x2C,0x39,0x31,0x25,0x32,0x33,0xDD,0xFD,0xF3,0x22,0x18,0x33,0x00,0x2C,
0x25,0x26,0x42,0x25,0x00,0x37,0x39,0x2A,0x2D,0x27,0x2D,0x29,0x32,0x38,0x29,0xFC,
0x2D,0x32,0x2A,0x33,0x36,0x31,0x25,0x27,0x2D,0x43,0x32,0x00,0x34,0x25,0x36,0x25,
0xFC,0x30,0x33,0x27,0x25,0x30,0x2D,0x3E,0x25,0x36,0x30,0x33,0x00,0x27,0x33,0x32,
0xFD,0x34,0x36,0x29,0x27,0x2D,0x37,0x2D,0x43,0x32,0xE5,0xFD,0x0E,0x29,0x26,0x29,
0x31,0x33,0x37,0x00,0x2D,0x32,0x3A,0x29,0x37,0x38,0x2D,0x2B,0x25,0x36,0xFC,0x45,
0x36,0x29,0x25,0x00,0x24,0x29,0x36,0x33,0x00,0x31,0x40,0x37,0x00,0x28,0x29,0xFC,
0x27,0x29,0x36,0x27,0x25,0xE5,0xFF,0xF3,0x07,0x24,0x29,0x36,0x33,0xE8,0x00,0x4F,
0x34,0x39,0x29,0x28,0x29,0x37,0x00,0x37,0x25,0x30,0x2D,0x36,0xFC,0x3D,0x00,0x36,
0x29,0x3A,0x2D,0x37,0x25,0x36,0xDD,0xFD,0x1E,0x29,0x00,0x37,0x29,0x2B,0x39,0x2D,
0x36,0x29,0x31,0x33,0x37,0x00,0x29,0x32,0xFC,0x29,0x30,0x00,0x38,0x36,0x40,0x2D,
0x30,0x29,0x36,0xE5,0xFF,0xF3,0x22,0x4F,0x20,0x25,0x37,0x00,0x25,0x30,0x00,0x45,
0x36,0x29,0x25,0x00,0x24,0x29,0x36,0x33,0xDD,0xFC,0x00,0x00,0x1D,0x42,0xFC,0x00,
0x00,0x18,0x33,0xFF,0xF3,0x04,0x0F,0x32,0x38,0x29,0x32,0x28,0x2D,0x28,0x33,0xE5,
0xFC,0x19,0x34,0x29,0x36,0x25,0x28,0x33,0x36,0x25,0xE8,0xFC,0x38,0x36,0x25,0x32,
0x37,0x34,0x43,0x36,0x38,0x25,0x31,0x29,0xE5,0xFD,0xF3,0x22,0x0E,0x29,0x00,0x25,
0x27,0x39,0x29,0x36,0x28,0x33,0xE5,0xFC,0x0D,0x33,0x33,0x36,0x28,0x29,0x32,0x25,
0x28,0x25,0x37,0xFC,0x27,0x33,0x32,0x2A,0x2D,0x2B,0x39,0x36,0x25,0x28,0x25,0x37,
0xE5,0xE5,0xE5,0xFF,0xF3,0x22,0x4F,0x4E,0x0D,0x43,0x31,0x33,0x00,0x34,0x39,0x29,
0x28,0x29,0x00,0x37,0x29,0x36,0xCA,0xDD,0xFD,0xF3,0x04,0x4F,0x0D,0x43,0x31,0x33,
0x00,0x35,0x39,0x41,0x00,0x34,0x39,0x29,0x28,0x29,0xFC,0x37,0x29,0x36,0xDD,0xFD,
0xF3,0x22,0x4E,0x0E,0x29,0x38,0x29,0x27,0x38,0x33,0x00,0x3A,0x25,0x36,0x2D,0x25,
0x37,0xFC,0x37,0x29,0x4C,0x25,0x30,0x29,0x37,0x00,0x1C,0x29,0x34,0x30,0x33,0x2D,
0x28,0x29,0xCA,0xFD,0x0D,0x36,0x29,0x33,0x00,0x35,0x39,0x29,0x00,0x37,0x33,0x32,
0x00,0x28,0x29,0xFC,0x18,0x29,0x33,0x00,0x0B,0x36,0x27,0x25,0x28,0x2D,0x25,0xE5,
0xE5,0xE5,0xFD,0x4E,0x18,0x33,0xE8,0x00,0x37,0x33,0x32,0x00,0x1C,0x29,0x34,0x30,
0x33,0x2D,0x28,0x29,0x37,0xFC,0x28,0x29,0x00,0x21,0x29,0x2D,0x30,0xCA,0xFD,0xF3,
0x3B,0x4E,0x4F,0x1B,0x39,0x41,0x00,0x2C,0x25,0x27,0x29,0x32,0x00,0x29,0x32,0xFC,
0x45,0x36,0x29,0x25,0x00,0x24,0x29,0x36,0x33,0xCA,0xDD,0xFD,0xF3,0x04,0x19,0x34,
0x29,0x36,0x25,0x28,0x33,0x36,0x25,0xE8,0x00,0x30,0x30,0x41,0x3A,0x25,0x31,0x29,
0xFC,0x25,0x30,0x30,0x42,0xE5,0x00,0x4E,0x1C,0x40,0x34,0x2D,0x28,0x33,0xCA,0xFF,
0xF3,0x22,0x0F,0x32,0x38,0x29,0x32,0x28,0x2D,0x28,0x33,0xE5,0xFC,0x0F,0x37,0x38,
0x33,0x3D,0x00,0x30,0x2D,0x37,0x38,0x25,0xFC,0x27,0x39,0x25,0x32,0x28,0x33,0x00,
0x35,0x39,0x2D,0x29,0x36,0x25,0x37,0xE5,0xE5,0xE5,0xFF,0xF3,0x33,0x4E,0x0F,0x2C,
0x00,0x38,0x44,0xCA,0xFC,0x4E,0x0B,0x30,0x38,0x33,0xCA,0xFF,0xF3,0x33,0x0F,0x36,
0x29,0x37,0x00,0x39,0x32,0x00,0x1C,0x29,0x34,0x30,0x33,0x2D,0x28,0x29,0xE5,0xFC,
0x4E,0x0F,0x37,0x38,0x29,0x00,0x32,0x33,0x00,0x29,0x37,0x00,0x30,0x39,0x2B,0x25,
0x36,0xFC,0x34,0x25,0x36,0x25,0x00,0x38,0x2D,0xCA,0xFD,0x4E,0x10,0x39,0x29,0x36,
0x25,0x00,0x28,0x29,0x00,0x25,0x35,0x39,0x42,0xCA,0xFD,0xF3,0x3A,0x4E,0x0F,0x37,
0x34,0x29,0x36,0x25,0xCA,0xFC,0x4E,0x1E,0x29,0x32,0x29,0x31,0x33,0x37,0x00,0x35,
0x39,0x29,0x00,0x28,0x29,0x27,0x2D,0x36,0x38,0x29,0xFC,0x25,0x30,0x2B,0x33,0xCA,
0xFF,0xF3,0x3D,0x1E,0x29,0x00,0x28,0x2D,0x2E,0x2D,0x31,0x33,0x37,0x00,0x35,0x39,
0x29,0xFC,0x37,0x25,0x30,0x2D,0x29,0x36,0x25,0x37,0xE5,0xE5,0xE5,0xFF,0xF3,0x3A,
0x21,0x29,0x2D,0x30,0x00,0x3A,0x25,0x00,0x25,0x00,0x28,0x29,0x37,0x38,0x36,0x39,
0x2D,0x36,0xFC,0x29,0x37,0x38,0x29,0x00,0x30,0x39,0x2B,0x25,0x36,0xE5,0xFD,0x1D,
0x2D,0x00,0x37,0x29,0x00,0x3A,0x25,0x32,0x00,0x25,0x2C,0x33,0x36,0x25,0xE8,0xFC,
0x25,0x44,0x32,0x00,0x2C,0x25,0x3D,0x00,0x38,0x2D,0x29,0x31,0x34,0x33,0xE5,0xFD,
0xF3,0x33,0x12,0x31,0x34,0x2C,0xE5,0xE5,0xE5,0xFC,0x4F,0x19,0x38,0x36,0x25,0x00,
0x2B,0x39,0x29,0x36,0x36,0x25,0x00,0x28,0x29,0xFC,0x1C,0x29,0x34,0x30,0x33,0x2D,
0x28,0x29,0x37,0xDD,0xFD,0x1A,0x36,0x2D,0x31,0x29,0x36,0x33,0x00,0x30,0x25,0x37,
0x00,0x11,0x39,0x29,0x36,0x36,0x25,0x37,0xFC,0x17,0x25,0x3A,0x29,0x36,0x2D,0x27,
0x2F,0xE8,0x00,0x30,0x39,0x29,0x2B,0x33,0xFC,0x30,0x25,0x37,0x00,0x11,0x39,0x29,
0x36,0x36,0x25,0x37,0x00,0x46,0x30,0x2A,0x2D,0x27,0x25,0x37,0xE8,0xFD,0x3D,0x00,
0x25,0x2C,0x33,0x36,0x25,0x00,0x21,0x29,0x2D,0x30,0xE5,0xE5,0xE5,0xFD,0x4F,0x0D,
0x39,0x40,0x32,0x38,0x33,0x00,0x38,0x2D,0x29,0x31,0x34,0x33,0xFC,0x38,0x29,0x32,
0x28,0x36,0x40,0x00,0x35,0x39,0x29,0x00,0x37,0x39,0x2A,0x36,0x2D,0x36,0xFC,0x29,
0x30,0x00,0x31,0x39,0x32,0x28,0x33,0x00,0x31,0x2D,0x29,0x32,0x38,0x36,0x25,0x37,
0xFD,0x30,0x30,0x29,0x3A,0x25,0x37,0x00,0x25,0x00,0x27,0x25,0x26,0x33,0x00,0x38,
0x39,0x37,0xFC,0x34,0x29,0x35,0x39,0x29,0x4C,0x25,0x37,0x00,0x2B,0x39,0x29,0x36,
0x36,0x25,0x37,0xDD,0xFF,0xF3,0x3A,0x4F,0x0F,0x2C,0xDD,0xFD,0xF3,0x33,0x0E,0x41,
0x2E,0x25,0x32,0x33,0x37,0x00,0x29,0x32,0x00,0x34,0x25,0x3E,0xE5,0xFD,0x0F,0x37,
0x38,0x29,0x00,0x25,0x37,0x29,0x32,0x38,0x25,0x31,0x2D,0x29,0x32,0x38,0x33,0xFC,
0x2A,0x39,0x29,0x00,0x27,0x33,0x32,0x37,0x38,0x36,0x39,0x2D,0x28,0x33,0x00,0x34,
0x33,0x36,0xFC,0x2C,0x39,0x31,0x25,0x32,0x33,0x37,0xE8,0x00,0xFD,0x34,0x25,0x36,
0x25,0x00,0x2C,0x39,0x31,0x25,0x32,0x33,0x37,0xE8,0xFC,0x3D,0x00,0x30,0x33,0x00,
0x34,0x36,0x33,0x38,0x29,0x2B,0x29,0x36,0x29,0x31,0x33,0x37,0xFC,0x32,0x33,0x37,
0x33,0x38,0x36,0x33,0x37,0x00,0x31,0x2D,0x37,0x31,0x33,0x37,0xE5,0xFD,0xF3,0x3A,
0x1A,0x29,0x36,0x33,0x00,0x29,0x37,0x00,0x34,0x29,0x30,0x2D,0x2B,0x36,0x33,0x37,
0x33,0xFC,0x35,0x39,0x29,0x00,0x30,0x39,0x27,0x2C,0x29,0x32,0x00,0x27,0x33,0x32,
0x38,0x36,0x25,0xFC,0x21,0x29,0x2D,0x30,0x00,0x37,0x33,0x30,0x33,0x37,0xE5,0xE5,
0xE5,0xFD,0xF3,0x33,0x4F,0x1B,0x39,0x2D,0x29,0x36,0x29,0x37,0x00,0x35,0x39,0x29,
0xFC,0x2C,0x39,0x31,0x25,0x32,0x33,0x37,0x00,0x3D,0x00,0x1C,0x29,0x34,0x30,0x33,
0x2D,0x28,0x29,0x37,0xFC,0x39,0x32,0x25,0x31,0x33,0x37,0x00,0x2A,0x39,0x29,0x36,
0x3E,0x25,0x37,0xDD,0xFD,0x4E,0x18,0x33,0x00,0x37,0x29,0x25,0x37,0x00,0x38,0x33,
0x32,0x38,0x25,0xCA,0xFD,0x1F,0x37,0x38,0x29,0x28,0x29,0x37,0xE8,0x00,0x1C,0x29,
0x34,0x30,0x33,0x2D,0x28,0x29,0x37,0xE8,0xFC,0x3D,0x00,0x37,0x39,0x37,0x00,0x2B,
0x39,0x29,0x36,0x36,0x25,0x37,0x00,0x32,0x33,0x37,0xFC,0x31,0x29,0x38,0x2D,0x29,
0x36,0x33,0x32,0x00,0x29,0x32,0x00,0x29,0x37,0x38,0x29,0xFD,0x30,0x42,0x33,0xE5,
0xFD,0x18,0x33,0x00,0x38,0x29,0x32,0x29,0x31,0x33,0x37,0x00,0x36,0x25,0x3E,0x43,
0x32,0xFC,0x34,0x25,0x36,0x25,0x00,0x27,0x33,0x32,0x2A,0x2D,0x25,0x36,0x00,0x29,
0x32,0xFC,0x38,0x2D,0xE5,0xFF,0xF3,0x3A,0x4E,0x1A,0xD6,0x34,0x29,0x36,0x33,0xE5,
0xE5,0xE5,0x00,0x37,0x33,0x30,0x33,0xFC,0x29,0x37,0x38,0x40,0x26,0x25,0x31,0x33,
0x37,0x00,0x38,0x36,0x25,0x38,0x25,0x32,0x28,0x33,0xFC,0x28,0x29,0x00,0x34,0x36,
0x33,0x38,0x29,0x2B,0x29,0x36,0x30,0x33,0x37,0xCA,0xFD,0xF3,0x04,0x0B,0x2C,0x33,
0x36,0x36,0x25,0x00,0x38,0x39,0x37,0x00,0x2A,0x39,0x29,0x36,0x3E,0x25,0x37,0xE5,
0xFD,0x18,0x29,0x2D,0x2B,0x29,0x00,0x28,0x2D,0x2E,0x33,0x00,0x35,0x39,0x29,0xFC,
0x32,0x33,0x00,0x37,0x29,0x36,0x42,0x25,0x31,0x33,0x37,0xFC,0x26,0x2D,0x29,0x32,
0x3A,0x29,0x32,0x2D,0x28,0x33,0x37,0xE5,0xE5,0xE5,0xFD,0xF3,0x3A,0x4E,0x1A,0xD6,
0x34,0x29,0x36,0x33,0xCA,0xFD,0xF3,0x04,0x16,0x29,0x37,0x00,0x28,0x2D,0x2E,0x2D,
0x31,0x33,0x37,0x00,0x30,0x33,0x00,0x35,0x39,0x29,0xFC,0x37,0x25,0x26,0x29,0x31,
0x33,0x37,0xE5,0xFD,0x0E,0x29,0x34,0x29,0x32,0x28,0x29,0x00,0x28,0x29,0x00,0x29,
0x30,0x30,0x33,0x37,0xFC,0x28,0x29,0x27,0x2D,0x28,0x2D,0x36,0x00,0x35,0x39,0x41,
0x00,0x2C,0x25,0x27,0x29,0x36,0xFC,0x27,0x33,0x32,0x00,0x29,0x37,0x33,0xE5,0xFD,
0x4F,0x18,0x33,0x00,0x29,0x37,0x00,0x25,0x37,0x42,0xE8,0xFC,0x18,0x29,0x2D,0x2B,
0x29,0xDD,0xFD,0xF3,0x3D,0x0B,0x37,0x42,0x00,0x29,0x37,0xE5,0xE5,0xE5,0xFD,0xF3,
0x04,0x20,0x33,0x3D,0x00,0x25,0x00,0x3A,0x33,0x30,0x3A,0x29,0x36,0x00,0x25,0x30,
0xFC,0x38,0x36,0x40,0x2D,0x30,0x29,0x36,0xE5,0xFD,0x0F,0x30,0x00,0x29,0x32,0x29,
0x31,0x2D,0x2B,0x33,0x00,0x2C,0x25,0x36,0x40,0xFC,0x37,0x39,0x00,0x31,0x33,0x3A,
0x2D,0x31,0x2D,0x29,0x32,0x38,0x33,0x00,0x2A,0x2D,0x32,0x25,0x30,0xFC,0x34,0x36,
0x33,0x32,0x38,0x33,0xE5,0xFF,
};
alignas(16) inline constexpr uint16_t mmz4_msg14_script_offsets[] = {
0x0000,0x0029,0x00F8,0x0139,0x0140,0x0149,0x0166,0x0191,
0x01F4,0x0221,0x02CF,0x0310,0x0335,0x033F,
};
constexpr int mmz4_msg14_num_entries = 14;
alignas(16) inline constexpr uint8_t mmz4_msg14_script_data[] = {
0xF3,0x22,0x1C,0x25,0x2B,0x32,0x25,0x36,0x33,0x2F,0xE5,0xE5,0xE5,0xFD,0x37,0x29,
0x00,0x29,0x37,0x38,0x40,0xE5,0xE5,0xE5,0xFD,0x28,0x29,0x37,0x31,0x33,0x36,0x33,
0x32,0x25,0x32,0x28,0x33,0xE5,0xE5,0xE5,0xFF,0xF3,0x22,0xFA,0x1C,0x25,0x2B,0x32,
0x25,0x36,0x33,0x2F,0x00,0x2C,0x25,0x00,0x29,0x32,0x38,0x36,0x25,0x28,0x33,0xFC,
0x29,0x32,0x00,0x30,0x25,0x00,0x25,0x38,0x31,0x43,0x37,0x2A,0x29,0x36,0x25,0xE5,
0xFD,0x16,0x25,0x00,0x31,0x25,0x3D,0x33,0x36,0x00,0x34,0x25,0x36,0x38,0x29,0xFC,
0x37,0x29,0x00,0x35,0x39,0x29,0x31,0x25,0x36,0x40,0x00,0x25,0x30,0xFC,0x2D,0x32,
0x2B,0x36,0x29,0x37,0x25,0x36,0xE5,0xE5,0xE5,0xFD,0x0F,0x30,0x00,0x2D,0x31,0x34,
0x25,0x27,0x38,0x33,0x00,0x27,0x33,0x32,0xFC,0x45,0x36,0x29,0x25,0x00,0x24,0x29,
0x36,0x33,0x00,0x2C,0x25,0x00,0x37,0x2D,0x28,0x33,0xFC,0x29,0x3A,0x2D,0x38,0x25,
0x28,0x33,0xE5,0xFD,0x17,0x2D,0x37,0x2D,0x43,0x32,0xE5,0xE5,0xE5,0xFC,0x27,0x33,
0x31,0x34,0x30,0x29,0x38,0x25,0x28,0x25,0xE5,0xE5,0xE5,0xFD,0xF3,0x3B,0xFB,0x4E,
0x24,0x29,0x36,0x33,0xCA,0x00,0x4E,0x1C,0x29,0x37,0x34,0x33,0x32,0x28,0x29,0xE8,
0xFC,0x24,0x29,0x36,0x33,0xCA,0xFD,0x24,0x29,0x36,0x33,0xE5,0xE5,0xE5,0x00,0x34,
0x33,0x36,0x00,0x2A,0x25,0x3A,0x33,0x36,0xE5,0xE5,0xE5,0xFC,0x1C,0x29,0x37,0x34,
0x33,0x32,0x28,0x29,0xE5,0xE5,0xE5,0xFF,0xF3,0x22,0xFA,0x18,0x33,0x00,0x2C,0x25,
0x3D,0x00,0x36,0x29,0x37,0x34,0x39,0x29,0x37,0x38,0x25,0xFC,0x28,0x29,0x30,0x00,
0x36,0x29,0x27,0x29,0x34,0x38,0x33,0x36,0xE5,0xE5,0xE5,0xFD,0x16,0x25,0x00,0x27,
0x33,0x32,0x29,0x3C,0x2D,0x43,0x32,0x00,0x37,0x29,0x00,0x2C,0x25,0xFC,0x34,0x29,
0x36,0x28,0x2D,0x28,0x33,0xE5,0xE5,0xE5,0xFF,0xF3,0x3B,0xFB,0xE5,0xE5,0xE5,0xFF,
0xF3,0x22,0x4E,0x0D,0x2D,0x29,0x30,0xCA,0xFF,0xF3,0x31,0xFB,0x4E,0x19,0x2C,0xCA,
0xFC,0x4E,0x1F,0x32,0x25,0x00,0x29,0x37,0x38,0x36,0x29,0x30,0x30,0x25,0x00,0x2A,
0x39,0x2B,0x25,0x3E,0xCA,0xFF,0xF3,0x31,0xFB,0x4E,0x11,0x39,0x25,0x39,0xE8,0x00,
0x31,0x2D,0x36,0x25,0xCA,0xFC,0x4E,0x17,0x39,0x27,0x2C,0x25,0x37,0x00,0x29,0x37,
0x38,0x36,0x29,0x30,0x30,0x25,0x37,0xFC,0x2A,0x39,0x2B,0x25,0x27,0x29,0x37,0xCA,
0xFF,0xF3,0x2D,0x18,0x33,0xE8,0x00,0x29,0x37,0x33,0x37,0x00,0x37,0x33,0x32,0xFC,
0x2A,0x36,0x25,0x2B,0x31,0x29,0x32,0x38,0x33,0x37,0x00,0x28,0x29,0xFC,0x1C,0x25,
0x2B,0x32,0x25,0x36,0x33,0x2F,0xE5,0xE5,0xE5,0xFD,0x4F,0x0F,0x37,0x33,0x00,0x37,
0x2D,0x2B,0x32,0x2D,0x2A,0x2D,0x27,0x25,0x00,0x35,0x39,0x29,0xE5,0xE5,0xE5,0xFC,
0x29,0x37,0x38,0x25,0x31,0x33,0x37,0x00,0x25,0x00,0x37,0x25,0x30,0x3A,0x33,0xDD,
0xFD,0xF3,0x61,0x0D,0x36,0x25,0x2A,0x38,0xE5,0xE5,0xE5,0xFD,0x24,0x29,0x36,0x33,
0xE5,0xE5,0xE5,0xFF,0xF3,0x0C,0xE5,0xE5,0xE5,0xFC,0x4F,0x16,0x33,0x2B,0x36,0x25,
0x37,0x38,0x29,0xE5,0xE5,0xE5,0xFC,0x27,0x33,0x32,0x38,0x25,0x27,0x38,0x25,0x36,
0x00,0x27,0x33,0x32,0x00,0x24,0x29,0x36,0x33,0xDD,0xFD,0xF3,0x3A,0xE5,0xE5,0xE5,
0xFF,0xF3,0x0C,0xE5,0xE5,0xE5,0xFD,0x24,0x29,0x36,0x33,0xE8,0x00,0x34,0x33,0x36,
0x00,0x35,0x39,0x41,0xE5,0xE5,0xE5,0xFD,0xF3,0x40,0x0D,0x43,0x31,0x33,0x00,0x34,
0x39,0x28,0x33,0xFC,0x34,0x25,0x37,0x25,0x36,0x00,0x29,0x37,0x38,0x33,0xE5,0xE5,
0xE5,0xFD,0x0E,0x29,0x37,0x34,0x39,0x41,0x37,0x00,0x28,0x29,0x00,0x37,0x25,0x30,
0x3A,0x25,0x36,0x32,0x33,0x37,0xFC,0x25,0x00,0x38,0x33,0x28,0x33,0x37,0xE5,0xE5,
0xE5,0xFD,0x23,0x00,0x2E,0x39,0x37,0x38,0x33,0x00,0x27,0x39,0x25,0x32,0x28,0x33,
0xFC,0x2C,0x39,0x31,0x25,0x32,0x33,0x37,0x00,0x3D,0x00,0x1C,0x29,0x34,0x30,0x33,
0x2D,0x28,0x29,0x37,0xFC,0x34,0x33,0x36,0x00,0x2A,0x2D,0x32,0x00,0x29,0x37,0x38,
0x25,0x26,0x25,0x32,0xFD,0x39,0x32,0x2D,0x28,0x33,0x37,0xE5,0xE5,0xE5,0xFD,0x4F,
0x1B,0x39,0x41,0x00,0x2C,0x25,0x36,0x29,0x31,0x33,0x37,0x00,0x25,0x2C,0x33,0x36,
0x25,0xDD,0xFD,0xF3,0x2D,0xE5,0xE5,0xE5,0xFD,0xF3,0x61,0xE5,0xE5,0xE5,0xFF,0xF3,
0x3A,0x0F,0x37,0x38,0x40,0x00,0x26,0x2D,0x29,0x32,0xE5,0xE5,0xE5,0xFD,0x0F,0x37,
0x38,0x33,0x3D,0x00,0x37,0x29,0x2B,0x39,0x36,0x25,0x00,0x28,0x29,0x00,0x35,0x39,
0x29,0xFC,0x24,0x29,0x36,0x33,0x00,0x25,0x44,0x32,0x00,0x29,0x37,0x38,0x40,0xE5,
0xE5,0xE5,0xFC,0x25,0x2C,0x42,0x00,0x2A,0x39,0x29,0x36,0x25,0xE5,0xE5,0xE5,0xFF,
0xF3,0x06,0x4E,0x23,0x00,0x25,0x30,0x2B,0x44,0x32,0x00,0x28,0x42,0x25,0x00,0x3A,
0x33,0x30,0x3A,0x29,0x36,0x40,0xFC,0x27,0x33,0x32,0x00,0x32,0x33,0x37,0x33,0x38,
0x36,0x33,0x37,0xCA,0xFF,0xF3,0x61,0x0D,0x2D,0x29,0x30,0xE5,0xE5,0xE5,0xFF,0xF3,
0x3A,0xFB,0x24,0x29,0x36,0x33,0xE5,0xE5,0xE5,0xFC,0x1E,0x44,0x00,0x27,0x36,0x29,
0x42,0x37,0x38,0x29,0x00,0x29,0x32,0xFC,0x32,0x33,0x37,0x33,0x38,0x36,0x33,0x37,
0xE5,0xE5,0xE5,0xFC,0x39,0x37,0xE5,0xE5,0xE5,0xFD,0x0B,0x2C,0x33,0x36,0x25,0x00,
0x29,0x37,0x00,0x32,0x39,0x29,0x37,0x38,0x36,0x33,0xFC,0x38,0x39,0x36,0x32,0x33,
0x00,0x28,0x29,0x00,0x28,0x29,0x31,0x33,0x37,0x38,0x36,0x25,0x36,0x38,0x29,0xFC,
0x35,0x39,0x29,0x00,0x38,0x39,0x00,0x27,0x33,0x32,0x2A,0x2D,0x25,0x32,0x3E,0x25,
0x00,0x29,0x32,0xFD,0x32,0x33,0x37,0x33,0x38,0x36,0x33,0x37,0x00,0x32,0x33,0x00,
0x2A,0x39,0x29,0xFC,0x29,0x32,0x00,0x3A,0x25,0x32,0x33,0xE5,0xE5,0xE5,0xFD,0xF3,
0x06,0x17,0x2D,0x36,0x25,0xE8,0x00,0x24,0x29,0x36,0x33,0xE5,0xE5,0xE5,0xFC,0x12,
0x25,0x36,0x41,0x00,0x28,0x29,0x00,0x29,0x37,0x38,0x29,0x00,0x31,0x39,0x32,0x28,
0x33,0xFC,0x39,0x32,0x00,0x30,0x39,0x2B,0x25,0x36,0x00,0x31,0x29,0x2E,0x33,0x36,
0xE5,0xE5,0xE5,0xFD,0x1F,0x32,0x33,0x00,0x28,0x33,0x32,0x28,0x29,0x00,0x2C,0x39,
0x31,0x25,0x32,0x33,0x37,0x00,0x3D,0xFC,0x1C,0x29,0x34,0x30,0x33,0x2D,0x28,0x29,
0x37,0x00,0x34,0x39,0x29,0x28,0x25,0x32,0xFC,0x27,0x25,0x31,0x2D,0x32,0x25,0x36,
0x00,0x28,0x29,0x00,0x30,0x25,0x00,0x31,0x25,0x32,0x33,0xE8,0xFD,0x3A,0x2D,0x3A,
0x2D,0x29,0x32,0x28,0x33,0x00,0x29,0x32,0x00,0x34,0x25,0x3E,0xE5,0xE5,0xE5,0xFD,
0x1D,0x33,0x30,0x33,0x00,0x3A,0x39,0x29,0x30,0x3A,0x29,0x00,0x25,0x30,0x2B,0x44,
0x32,0xFC,0x28,0x42,0x25,0xE5,0xE5,0xE5,0x00,0x23,0x33,0xE5,0xE5,0xE5,0xFD,0x4E,
0x0D,0x36,0x29,0x33,0x00,0x29,0x32,0x00,0x38,0x2D,0xCA,0xFF,
};
alignas(16) inline constexpr uint16_t mmz4_msg15_script_offsets[] = {
0x0000,0x004A,0x009B,0x00F2,0x0128,0x0128,0x0128,0x0128,
0x0128,0x01F9,0x0272,0x0272,0x0272,0x0272,0x0272,0x03CB,
0x045A,0x045A,0x045A,0x04FE,0x0568,0x05C7,0x0626,0x070A,
0x0736,0x0736,0x0736,0x0736,0x0736,0x07B1,0x07DE,0x0810,
0x084C,0x084C,0x084C,0x084C,0x084C,0x089B,0x0908,0x0908,
0x0908,0x0995,0x09F2,0x0A2D,0x0AA2,0x0AA2,0x0AA2,0x0AEC,
0x0B81,0x0C18,0x0C77,0x0CAF,0x0CE8,0x0CE8,0x0CE8,0x0CE8,
0x0CE8,0x0DE2,0x0E5F,0x0F25,0x0FA8,0x0FA8,0x0FA8,0x0FA8,
0x0FA8,0x102A,0x1096,0x1096,0x1096,0x10DE,0x113F,0x116E,
0x1199,0x1199,0x1199,0x11FC,0x1263,0x12EC,0x141D,0x14B0,
0x1546,0x1546,0x1546,0x1546,0x1546,0x15D8,0x1617,0x168D,
0x16E6,0x16E6,0x16E6,0x16E6,0x16E6,0x175D,0x1878,0x1878,
0x1878,0x18EF,0x1926,0x196B,0x19C3,0x19C3,0x19C3,0x1A11,
0x1A68,0x1AAA,0x1AD2,0x1B24,0x1B60,0x1B60,0x1B60,0x1B60,
0x1B60,0x1C39,0x1CD8,0x1DAA,0x1E0A,0x1E0A,0x1E0A,0x1E0A,
0x1E0A,0x1F16,0x1FB3,0x1FB3,0x1FB3,0x200C,0x205C,0x20CF,
0x2119,0x2119,0x2119,0x21CC,0x224F,0x22AE,0x2306,0x2431,
0x24CA,0x24CA,0x24CA,0x24CA,0x24CA,0x2540,0x2584,0x2648,
0x26D6,0x26D6,0x26D6,0x26D6,0x26D6,0x27D6,0x2856,0x2856,
0x2856,0x28CD,0x295E,0x29E2,0x2A25,0x2A25,0x2A25,0x2AA4,
0x2B02,0x2B6D,0x2C77,0x2CCE,0x2D69,0x2D69,0x2D69,0x2D69,
0x2D69,0x2DCA,0x2E24,0x2E9E,0x2F01,0x2F01,0x2F01,0x2F01,
0x2F01,0x2F6C,0x2F9D,0x2F9D,0x2F9D,0x303A,0x30C1,0x3146,
0x3173,0x3173,0x3173,0x31E5,0x3266,0x32C9,0x3344,0x339A,
0x340E,0x340E,0x340E,0x340E,0x340E,0x34D9,0x35A9,0x3644,
0x36B0,0x36B0,0x36B0,0x36B0,0x36B0,0x3726,0x37A0,0x37A0,
0x37A0,0x3816,0x389C,0x399E,0x3A0C,0x3A0C,0x3A0C,0x3A6A,
0x3A9D,0x3B49,0x3BA7,0x3C42,0x3CB8,0x3CB8,0x3CB8,0x3CB8,
0x3CB8,0x3D6B,0x3DC6,0x3E4D,0x3EC0,0x3EC0,0x3EC0,0x3EC0,
0x3EC0,0x3F27,0x3FAA,0x3FAA,0x3FAA,0x3FF6,0x4060,0x4102,
0x4166,0x4166,0x4166,0x41DE,0x423A,0x4273,0x42A9,0x430D,

};
constexpr int mmz4_msg15_num_entries = 248;
alignas(16) inline constexpr uint8_t mmz4_msg15_script_data[] = {
0xF3,0x3D,0x19,0x2C,0xE5,0xE5,0xE5,0xFD,0x4E,0x0D,0x36,0x29,0x42,0x00,0x2C,0x25,
0x26,0x29,0x36,0x38,0x29,0xFC,0x25,0x28,0x3A,0x29,0x36,0x38,0x2D,0x28,0x33,0x00,
0x25,0x32,0x38,0x29,0x37,0xCA,0xFD,0x18,0x33,0x00,0x2C,0x25,0x3D,0x00,0x32,0x25,
0x28,0x25,0x00,0x35,0x39,0x29,0xFC,0x34,0x39,0x29,0x28,0x25,0x37,0x00,0x2C,0x25,
0x27,0x29,0x36,0x00,0x25,0x35,0x39,0x42,0xE5,0xFF,0xF3,0x09,0x1D,0x33,0x30,0x33,
0x00,0x3A,0x25,0x37,0x00,0x25,0xFC,0x36,0x29,0x25,0x3A,0x2D,0x3A,0x25,0x36,0x00,
0x29,0x31,0x33,0x27,0x2D,0x33,0x32,0x29,0x37,0xFC,0x27,0x33,0x32,0x38,0x29,0x32,
0x2D,0x28,0x25,0x37,0xE5,0xFD,0xF3,0x3D,0x0B,0x37,0x42,0x00,0x35,0x39,0x29,0x00,
0x28,0x25,0x00,0x31,0x29,0x28,0x2D,0x25,0xFC,0x3A,0x39,0x29,0x30,0x38,0x25,0x00,
0x3D,0x00,0x36,0x29,0x2B,0x36,0x29,0x37,0x25,0xE5,0xFF,0xF3,0x3D,0x4F,0x19,0x38,
0x36,0x25,0x00,0x3A,0x29,0x3E,0x00,0x25,0x35,0x39,0x42,0xDD,0xFD,0x1D,0x2D,0x00,
0x37,0x2D,0x2B,0x39,0x29,0x37,0x00,0x3A,0x2D,0x32,0x2D,0x29,0x32,0x28,0x33,0xE8,
0xFC,0x32,0x33,0x00,0x38,0x25,0x36,0x28,0x25,0x36,0x40,0x32,0x00,0x29,0x32,0xFC,
0x28,0x29,0x37,0x27,0x39,0x26,0x36,0x2D,0x36,0xFD,0x35,0x39,0x2D,0x41,0x32,0x00,
0x29,0x36,0x29,0x37,0x00,0x29,0x32,0xFC,0x36,0x29,0x25,0x30,0x2D,0x28,0x25,0x28,
0xE5,0xFF,0xF3,0x3D,0x0F,0x37,0x00,0x31,0x29,0x2E,0x33,0x36,0x00,0x35,0x39,0x29,
0x00,0x32,0x33,0xFC,0x3A,0x39,0x29,0x30,0x3A,0x25,0x37,0x00,0x25,0x00,0x3A,0x29,
0x32,0x2D,0x36,0xFC,0x25,0x35,0x39,0x42,0xE5,0xFD,0xF3,0x09,0x4F,0x0F,0x32,0x38,
0x29,0x32,0x28,0x2D,0x28,0x33,0xDD,0xFF,0xF3,0x3D,0x4F,0x1E,0x44,0x00,0x33,0x38,
0x36,0x25,0x00,0x3A,0x29,0x3E,0xDD,0xFD,0x4F,0x1B,0x39,0x41,0x00,0x35,0x39,0x2D,
0x29,0x36,0x29,0x37,0x00,0x25,0x2C,0x33,0x36,0x25,0xDD,0xFD,0xF3,0x09,0x0D,0x33,
0x31,0x33,0x00,0x34,0x29,0x36,0x2D,0x33,0x28,0x2D,0x37,0x38,0x25,0xE8,0xFC,0x31,
0x29,0x00,0x29,0x32,0x27,0x25,0x32,0x38,0x25,0x36,0x42,0x25,0x00,0x2C,0x25,0x27,
0x29,0x36,0xFC,0x39,0x32,0x00,0x36,0x29,0x34,0x33,0x36,0x38,0x25,0x2E,0x29,0xFD,
0x37,0x33,0x26,0x36,0x29,0x00,0x38,0x2D,0xE5,0xE5,0xE5,0xFD,0x1A,0x29,0x36,0x33,
0x00,0x29,0x37,0x38,0x25,0x00,0x2B,0x29,0x32,0x38,0x29,0x00,0x35,0x39,0x29,0xFC,
0x2C,0x39,0x3D,0x29,0x00,0x28,0x29,0x00,0x18,0x29,0x33,0x00,0x0B,0x36,0x27,0x25,
0x28,0x2D,0x25,0xFC,0x31,0x29,0x00,0x32,0x29,0x27,0x29,0x37,0x2D,0x38,0x25,0xE5,
0xFD,0x0F,0x37,0x34,0x29,0x36,0x33,0x00,0x35,0x39,0x29,0x00,0x27,0x39,0x25,0x32,
0x28,0x33,0xFC,0x29,0x37,0x38,0x33,0x00,0x38,0x29,0x36,0x31,0x2D,0x32,0x29,0xE8,
0x00,0x31,0x29,0xFC,0x28,0x29,0x2E,0x29,0x37,0x00,0x29,0x32,0x38,0x36,0x29,0x3A,
0x2D,0x37,0x38,0x25,0x36,0x38,0x29,0xE5,0xFF,0xF3,0x09,0x4F,0x1A,0x25,0x37,0x25,
0x00,0x25,0x30,0x2B,0x33,0xDD,0xFD,0x1D,0x2D,0x29,0x32,0x38,0x33,0x00,0x28,0x29,
0x27,0x29,0x34,0x27,0x2D,0x33,0x32,0x25,0x36,0x38,0x29,0xE8,0xFC,0x34,0x29,0x36,
0x33,0x00,0x32,0x33,0x00,0x38,0x29,0x32,0x2B,0x33,0x00,0x31,0x39,0x27,0x2C,0x33,
0xFC,0x35,0x39,0x29,0x00,0x28,0x29,0x27,0x2D,0x36,0xE5,0xE5,0xE5,0xFD,0x1D,0x33,
0x3D,0x00,0x31,0x29,0x2E,0x33,0x36,0x00,0x2C,0x25,0x27,0x2D,0x29,0x32,0x28,0x33,
0xFC,0x29,0x32,0x38,0x36,0x29,0x3A,0x2D,0x37,0x38,0x25,0x37,0x00,0x35,0x39,0x29,
0xFC,0x36,0x29,0x37,0x34,0x33,0x32,0x28,0x2D,0x41,0x32,0x28,0x33,0x30,0x25,0x37,
0xE5,0xFF,0xF3,0x09,0x11,0x36,0x25,0x27,0x2D,0x25,0x37,0xE8,0x00,0x24,0x29,0x36,
0x33,0xE5,0xE5,0xE5,0xFD,0x1D,0x33,0x30,0x33,0x00,0x35,0x39,0x29,0x36,0x42,0x25,
0xFC,0x28,0x29,0x27,0x42,0x36,0x38,0x29,0x30,0x33,0x00,0x33,0x38,0x36,0x25,0x00,
0x3A,0x29,0x3E,0xE5,0xFD,0xE5,0xE5,0xE5,0xFD,0x18,0x39,0x32,0x27,0x25,0x00,0x2C,
0x25,0x26,0x36,0x42,0x25,0xFC,0x2D,0x31,0x25,0x2B,0x2D,0x32,0x25,0x28,0x33,0x00,
0x35,0x39,0x29,0x00,0x29,0x30,0xFC,0x1C,0x29,0x34,0x30,0x33,0x2D,0x28,0x29,0x00,
0x35,0x39,0x29,0x00,0x28,0x29,0x36,0x36,0x33,0x38,0x43,0xFD,0x25,0x00,0x32,0x39,
0x29,0x37,0x38,0x36,0x33,0x00,0x30,0x42,0x28,0x29,0x36,0xFC,0x37,0x29,0x36,0x42,
0x25,0x00,0x35,0x39,0x2D,0x29,0x32,0x00,0x32,0x33,0x37,0xFC,0x37,0x25,0x30,0x3A,
0x25,0x36,0x42,0x25,0xE5,0xE5,0xE5,0xFD,0x0D,0x33,0x31,0x29,0x38,0x42,0x00,0x39,
0x32,0x33,0x00,0x28,0x29,0x00,0x30,0x33,0x37,0xFC,0x34,0x29,0x33,0x36,0x29,0x37,
0x00,0x29,0x36,0x36,0x33,0x36,0x29,0x37,0x00,0x35,0x39,0x29,0xFC,0x39,0x32,0x25,
0x00,0x34,0x29,0x36,0x2D,0x33,0x28,0x2D,0x37,0x38,0x25,0x00,0x34,0x39,0x29,0x28,
0x29,0xFD,0x27,0x33,0x31,0x29,0x38,0x29,0x36,0xE5,0xE5,0xE5,0xFD,0x0C,0x25,0x37,
0x41,0x00,0x38,0x33,0x28,0x25,0x37,0x00,0x31,0x2D,0x37,0xFC,0x33,0x34,0x2D,0x32,
0x2D,0x33,0x32,0x29,0x37,0x00,0x29,0x32,0x00,0x30,0x25,0xFC,0x2D,0x32,0x2A,0x33,
0x36,0x31,0x25,0x27,0x2D,0x43,0x32,0x00,0x3D,0xFD,0x36,0x39,0x31,0x33,0x36,0x29,
0x37,0x00,0x28,0x29,0x30,0x00,0x2B,0x33,0x26,0x2D,0x29,0x36,0x32,0x33,0xFC,0x37,
0x2D,0x32,0x00,0x3A,0x29,0x36,0x2D,0x2A,0x2D,0x27,0x25,0x36,0x00,0x30,0x33,0x37,
0xFC,0x2C,0x29,0x27,0x2C,0x33,0x37,0x00,0x34,0x33,0x36,0x00,0x31,0x42,0xFD,0x31,
0x2D,0x37,0x31,0x25,0xE5,0xE5,0xE5,0xFD,0x20,0x25,0x3D,0x25,0x00,0x34,0x29,0x36,
0x2D,0x33,0x28,0x2D,0x37,0x38,0x25,0xE5,0xE5,0xE5,0xFF,0xF3,0x61,0xE5,0xE5,0xE5,
0xFD,0xF3,0x09,0x16,0x33,0x00,0x37,0x2D,0x29,0x32,0x38,0x33,0xE5,0xFD,0x0F,0x37,
0x38,0x25,0x26,0x25,0x00,0x34,0x29,0x32,0x37,0x25,0x32,0x28,0x33,0x00,0x29,0x32,
0xFC,0x0D,0x36,0x25,0x2A,0x38,0xE5,0xE5,0xE5,0xFD,0xF3,0x61,0x4F,0x0E,0x43,0x32,
0x28,0x29,0x00,0x29,0x37,0x38,0x40,0x00,0x29,0x30,0xFC,0x0D,0x36,0x25,0x2A,0x38,
0x00,0x35,0x39,0x29,0x00,0x27,0x33,0x32,0x33,0x27,0x42,0xDD,0xFD,0x4F,0x0D,0x43,
0x31,0x33,0x00,0x34,0x39,0x29,0x28,0x33,0x00,0x2C,0x25,0x27,0x29,0x36,0xFC,0x35,
0x39,0x29,0x00,0x31,0x29,0x00,0x29,0x37,0x27,0x39,0x27,0x2C,0x29,0xDD,0xFD,0x1A,
0x33,0x36,0x00,0x2A,0x25,0x3A,0x33,0x36,0xE8,0x00,0x28,0x42,0x31,0x29,0x30,0x33,
0xE8,0xFC,0x24,0x29,0x36,0x33,0xE5,0xE5,0xE5,0xFF,0xF3,0x61,0xE5,0xE5,0xE5,0xFD,
0xF3,0x09,0x24,0x29,0x36,0x33,0xE5,0xE5,0xE5,0xFC,0x11,0x36,0x25,0x27,0x2D,0x25,
0x37,0xE5,0xE5,0xE5,0xFD,0xF3,0x61,0x0D,0x36,0x25,0x2A,0x38,0x00,0x31,0x29,0x00,
0x29,0x37,0x27,0x39,0x27,0x2C,0x43,0xE8,0xFC,0x4F,0x3A,0x29,0x36,0x28,0x25,0x28,
0xDD,0xFD,0x0B,0x32,0x38,0x29,0x37,0x00,0x28,0x29,0x30,0x00,0x2A,0x2D,0x32,0x25,
0x30,0xE8,0xFC,0x3A,0x33,0x30,0x3A,0x2D,0x43,0x00,0x25,0x00,0x37,0x29,0x36,0x00,
0x29,0x30,0xFC,0x0D,0x36,0x25,0x2A,0x38,0x00,0x35,0x39,0x29,0x00,0x27,0x33,0x32,
0x33,0x27,0x42,0x25,0xFD,0x3D,0x00,0x25,0x31,0x25,0x26,0x25,0xE8,0x00,0x4F,0x32,
0x33,0xDD,0xFD,0xF3,0x09,0x11,0x36,0x25,0x27,0x2D,0x25,0x37,0xE5,0xE5,0xE5,0xFC,
0x1E,0x33,0x28,0x33,0x00,0x29,0x37,0x00,0x2B,0x36,0x25,0x27,0x2D,0x25,0x37,0x00,
0x25,0xFC,0x38,0x39,0x00,0x25,0x3D,0x39,0x28,0x25,0xE5,0xE5,0xE5,0xFF,0xF3,0x09,
0x24,0x29,0x36,0x33,0xE5,0xE5,0xE5,0xFD,0x0F,0x37,0x38,0x33,0x00,0x30,0x30,0x29,
0x3A,0x25,0x00,0x25,0x00,0x30,0x25,0x00,0x0C,0x25,0x37,0x29,0xFC,0x28,0x29,0x00,
0x1E,0x29,0x30,0x29,0x38,0x36,0x25,0x32,0x37,0x34,0x33,0x36,0x38,0x29,0xE8,0xFC,
0x4F,0x3A,0x29,0x36,0x28,0x25,0x28,0xDD,0xFD,0x0F,0x37,0x00,0x34,0x29,0x30,0x2D,
0x2B,0x36,0x33,0x37,0x33,0xE8,0x00,0x25,0x37,0x42,0xFC,0x35,0x39,0x29,0x00,0x34,
0x33,0x36,0x00,0x2A,0x25,0x3A,0x33,0x36,0x00,0x38,0x29,0x32,0xFC,0x27,0x39,0x2D,
0x28,0x25,0x28,0x33,0xE5,0xE5,0xE5,0xFF,0xF3,0x09,0x24,0x29,0x36,0x33,0xE5,0xE5,
0xE5,0xFD,0x0F,0x36,0x29,0x37,0x00,0x30,0x25,0x00,0x44,0x30,0x38,0x2D,0x31,0x25,
0xFC,0x29,0x37,0x34,0x29,0x36,0x25,0x32,0x3E,0x25,0x00,0x28,0x29,0x00,0x30,0x25,
0xFC,0x2C,0x39,0x31,0x25,0x32,0x2D,0x28,0x25,0x28,0xE5,0xFD,0x0F,0x36,0x29,0x37,
0x00,0x29,0x30,0x00,0x44,0x32,0x2D,0x27,0x33,0x00,0x35,0x39,0x29,0xFC,0x34,0x39,
0x29,0x28,0x29,0x00,0x37,0x25,0x30,0x3A,0x25,0x36,0x00,0x29,0x37,0x38,0x29,0xFC,
0x31,0x39,0x32,0x28,0x33,0xE5,0xFF,0xF3,0x09,0x24,0x29,0x36,0x33,0xE5,0xE5,0xE5,
0xFD,0x17,0x29,0x00,0x34,0x36,0x29,0x2B,0x39,0x32,0x38,0x33,0x00,0x35,0x39,0x41,
0xFC,0x2C,0x25,0x26,0x36,0x42,0x25,0x00,0x34,0x25,0x37,0x25,0x28,0x33,0x00,0x37,
0x2D,0xFC,0x32,0x33,0x00,0x29,0x37,0x38,0x39,0x3A,0x2D,0x29,0x36,0x25,0x37,0x00,
0x25,0x35,0x39,0x42,0xE5,0xFD,0x1A,0x33,0x36,0x00,0x2A,0x25,0x3A,0x33,0x36,0xE5,
0xE5,0xE5,0xFD,0x0D,0x39,0x2D,0x28,0x25,0x00,0x28,0x29,0x00,0x32,0x33,0x37,0x33,
0x38,0x36,0x33,0x37,0xE5,0xFF,0xF3,0x09,0x24,0x29,0x36,0x33,0xE5,0xE5,0xE5,0xFD,
0x1A,0x33,0x36,0x00,0x2A,0x2D,0x32,0x00,0x2C,0x25,0x37,0x00,0x30,0x30,0x29,0x2B,
0x25,0x28,0x33,0xFC,0x38,0x25,0x32,0x00,0x30,0x29,0x2E,0x33,0x37,0xE5,0xE5,0xE5,
0xFD,0x0E,0x29,0x00,0x3A,0x29,0x36,0x28,0x25,0x28,0x00,0x29,0x36,0x29,0x37,0x00,
0x39,0x32,0x25,0xFC,0x30,0x29,0x3D,0x29,0x32,0x28,0x25,0xE5,0xE5,0xE5,0xFD,0x0D,
0x33,0x31,0x33,0x00,0x34,0x29,0x36,0x2D,0x33,0x28,0x2D,0x37,0x38,0x25,0xE8,0xFC,
0x33,0x00,0x2D,0x32,0x27,0x30,0x39,0x37,0x33,0x00,0x27,0x33,0x31,0x33,0xFC,0x37,
0x29,0x36,0x00,0x2C,0x39,0x31,0x25,0x32,0x33,0xE8,0xFD,0x38,0x29,0x32,0x2B,0x33,
0x00,0x31,0x2D,0x30,0x29,0x37,0x00,0x28,0x29,0xFC,0x34,0x36,0x29,0x2B,0x39,0x32,
0x38,0x25,0x37,0xE8,0x00,0x34,0x29,0x36,0x33,0xFC,0x34,0x39,0x29,0x28,0x29,0x32,
0x00,0x29,0x37,0x34,0x29,0x36,0x25,0x36,0xFD,0x34,0x25,0x36,0x25,0x00,0x33,0x38,
0x36,0x33,0x00,0x28,0x42,0x25,0xE5,0xFD,0x24,0x29,0x36,0x33,0xE5,0xE5,0xE5,0x00,
0x1D,0x33,0x30,0x33,0xE5,0xE5,0xE5,0xFD,0x0B,0x37,0x29,0x2B,0x44,0x36,0x25,0x38,
0x29,0x00,0x28,0x29,0x00,0x3A,0x33,0x30,0x3A,0x29,0x36,0xFC,0x28,0x29,0x00,0x39,
0x32,0x25,0x00,0x34,0x2D,0x29,0x3E,0x25,0xE5,0xFF,0xF3,0x09,0x24,0x29,0x36,0x33,
0xE5,0xE5,0xE5,0xFD,0x0B,0x37,0x29,0x2B,0x44,0x36,0x25,0x38,0x29,0x00,0x28,0x29,
0x00,0x3A,0x33,0x30,0x3A,0x29,0x36,0xFC,0x28,0x29,0x00,0x39,0x32,0x25,0x00,0x34,
0x2D,0x29,0x3E,0x25,0xE5,0xFF,0xF3,0x2D,0x4E,0x19,0x3D,0x29,0xCA,0xFD,0x4F,0x4E,
0x1B,0x39,0x41,0x00,0x27,0x36,0x29,0x29,0x37,0x00,0x35,0x39,0x29,0xFC,0x29,0x37,
0x38,0x40,0x37,0x00,0x2C,0x25,0x27,0x2D,0x29,0x32,0x28,0x33,0xCA,0xDD,0xFD,0x4E,
0x0F,0x37,0x38,0x29,0x00,0x29,0x37,0x00,0x39,0x32,0x00,0x2C,0x33,0x2B,0x25,0x36,
0xFC,0x34,0x25,0x36,0x25,0x00,0x2C,0x39,0x31,0x25,0x32,0x33,0x37,0xCA,0xFD,0x4E,
0x0B,0x00,0x31,0x29,0x32,0x33,0x37,0x00,0x35,0x39,0x29,0x00,0x38,0x29,0x32,0x2B,
0x25,0x37,0xFC,0x25,0x30,0x2B,0x33,0x00,0x35,0x39,0x29,0x00,0x2C,0x25,0x27,0x29,
0x36,0x00,0x25,0x35,0x39,0x42,0xE8,0xFC,0x30,0x40,0x36,0x2B,0x25,0x38,0x29,0xCA,
0xFF,0xF3,0x2D,0x4E,0x1D,0x2D,0x2B,0x39,0x29,0x37,0x00,0x25,0x2C,0x42,0xCA,0xFD,
0x4E,0x0F,0x37,0x38,0x40,0x37,0x00,0x27,0x33,0x30,0x31,0x25,0x32,0x28,0x33,0xFC,
0x31,0x2D,0x00,0x34,0x25,0x27,0x2D,0x29,0x32,0x27,0x2D,0x25,0xCA,0xFF,0xF3,0x2D,
0x4E,0x1E,0x29,0x00,0x28,0x2D,0x2E,0x29,0x00,0x35,0x39,0x29,0x00,0x32,0x33,0xFC,
0x3A,0x2D,0x32,0x2D,0x29,0x36,0x25,0x37,0x00,0x25,0x35,0x39,0x42,0xCA,0xFD,0x4F,
0x18,0x39,0x32,0x27,0x25,0x00,0x25,0x34,0x36,0x29,0x32,0x28,0x29,0x37,0xDD,0xFF,
0xF3,0x2D,0x4E,0x18,0x33,0x00,0x35,0x39,0x29,0x36,0x36,0x40,0x37,0x00,0x34,0x33,
0x32,0x29,0x36,0x00,0x25,0xFC,0x34,0x36,0x39,0x29,0x26,0x25,0x00,0x30,0x33,0x37,
0x00,0x30,0x42,0x31,0x2D,0x38,0x29,0x37,0xFC,0x28,0x29,0x00,0x31,0x2D,0x00,0x2B,
0x29,0x32,0x29,0x36,0x33,0x37,0x2D,0x28,0x25,0x28,0xCA,0xFF,0xF3,0x2D,0x1E,0x44,
0x00,0x33,0x38,0x36,0x25,0x00,0x3A,0x29,0x3E,0xE5,0xE5,0xE5,0xFD,0x18,0x33,0x00,
0x30,0x33,0x00,0x29,0x32,0x38,0x2D,0x29,0x32,0x28,0x29,0x37,0xE8,0xFC,0x4F,0x3A,
0x29,0x36,0x28,0x25,0x28,0xDD,0xFD,0x1E,0x29,0x00,0x28,0x25,0x36,0x41,0x00,0x29,
0x37,0x38,0x33,0x00,0x37,0x2D,0xFC,0x34,0x36,0x33,0x31,0x29,0x38,0x29,0x37,0x00,
0x32,0x33,0x00,0x3A,0x33,0x30,0x3A,0x29,0x36,0xE5,0xFF,0xF3,0x2D,0x0B,0x30,0x2B,
0x39,0x32,0x25,0x00,0xE9,0x30,0x29,0x3D,0x29,0x32,0x28,0x25,0xE9,0xFC,0x28,0x29,
0x36,0x36,0x33,0x38,0x43,0x00,0x25,0x00,0x22,0xE5,0xE5,0xE5,0xFD,0x4E,0x0B,0x2C,
0x33,0x36,0x25,0x00,0x18,0x29,0x33,0x00,0x0B,0x36,0x27,0x25,0x28,0x2D,0x25,0xFC,
0x29,0x37,0x38,0x40,0x00,0x29,0x32,0x00,0x27,0x25,0x33,0x37,0xCA,0xFD,0x0F,0x30,
0x00,0x44,0x32,0x2D,0x27,0x33,0x00,0x1C,0x29,0x34,0x30,0x33,0x2D,0x28,0x29,0xFC,
0x35,0x39,0x29,0x00,0x32,0x33,0x37,0x00,0x34,0x36,0x33,0x38,0x29,0x2B,0x2D,0x43,
0xFC,0x2A,0x39,0x29,0x00,0x22,0xE5,0xFF,0xF3,0x2D,0x12,0x31,0x34,0x2C,0xE5,0xFD,
0x1A,0x29,0x32,0x37,0x25,0x36,0x00,0x35,0x39,0x29,0x00,0x29,0x36,0x29,0x37,0x00,
0x30,0x25,0xFC,0x30,0x29,0x3D,0x29,0x32,0x28,0x25,0x00,0x35,0x39,0x29,0x00,0x28,
0x29,0x36,0x36,0x33,0x38,0x43,0xFC,0x25,0x00,0x22,0xE5,0xFD,0x0D,0x25,0x37,0x2D,
0x00,0x30,0x33,0x2B,0x36,0x25,0x37,0x38,0x29,0xFC,0x29,0x32,0x2B,0x25,0x4C,0x25,
0x36,0x31,0x29,0xE5,0xFD,0x0E,0x29,0x00,0x27,0x39,0x25,0x30,0x35,0x39,0x2D,0x29,
0x36,0x00,0x2A,0x33,0x36,0x31,0x25,0xE8,0xFC,0x32,0x33,0x00,0x35,0x39,0x2D,0x29,
0x36,0x33,0x00,0x38,0x29,0x32,0x29,0x36,0x00,0x32,0x25,0x28,0x25,0xFC,0x35,0x39,
0x29,0x00,0x3A,0x29,0x36,0xFD,0x27,0x33,0x32,0x00,0x1C,0x29,0x34,0x30,0x33,0x2D,
0x28,0x29,0x37,0xE5,0xFF,0xF3,0x2D,0x4F,0x1A,0x33,0x36,0x00,0x35,0x39,0x41,0x00,
0x32,0x33,0x00,0x3A,0x25,0x31,0x33,0x37,0xFC,0x25,0x00,0x37,0x25,0x30,0x3A,0x25,
0x36,0x30,0x25,0xDD,0xFD,0xE5,0xE5,0xE5,0xFD,0x18,0x33,0x37,0x00,0x38,0x36,0x25,
0x2D,0x27,0x2D,0x33,0x32,0x43,0xE5,0xFD,0x4E,0x18,0x33,0x00,0x38,0x29,0x32,0x29,
0x31,0x33,0x37,0x00,0x32,0x2D,0x32,0x2B,0x39,0x32,0x25,0xFC,0x33,0x26,0x30,0x2D,
0x2B,0x25,0x27,0x2D,0x43,0x32,0x00,0x28,0x29,0x00,0x25,0x3D,0x39,0x28,0x25,0x36,
0xCA,0xFF,0xF3,0x2D,0x16,0x25,0x31,0x29,0x32,0x38,0x33,0x00,0x30,0x33,0x00,0x35,
0x39,0x29,0x00,0x28,0x2D,0x2E,0x29,0xFC,0x25,0x32,0x38,0x29,0x37,0xE5,0xE5,0xE5,
0xFD,0x11,0x36,0x25,0x27,0x2D,0x25,0x37,0x00,0x34,0x33,0x36,0x00,0x37,0x25,0x30,
0x3A,0x25,0x36,0xFC,0x25,0x00,0x18,0x29,0x2D,0x2B,0x29,0xE5,0xFF,0xF3,0x2D,0x1B,
0x39,0x2D,0x3E,0x40,0x00,0x32,0x33,0x00,0x38,0x33,0x28,0x33,0x37,0x00,0x30,0x33,
0x37,0xFC,0x1C,0x29,0x34,0x30,0x33,0x2D,0x28,0x29,0x37,0x00,0x37,0x29,0x25,0x32,
0x00,0x31,0x25,0x30,0x33,0x37,0xFC,0x28,0x29,0x37,0x34,0x39,0x41,0x37,0x00,0x28,
0x29,0x00,0x38,0x33,0x28,0x33,0xE5,0xFD,0x0F,0x37,0x38,0x33,0x3D,0x00,0x29,0x31,
0x34,0x29,0x3E,0x25,0x32,0x28,0x33,0x00,0x25,0xFC,0x3A,0x29,0x36,0x30,0x33,0x37,
0x00,0x27,0x33,0x32,0x00,0x39,0x32,0x25,0x00,0x30,0x39,0x3E,0xFC,0x27,0x33,0x31,
0x34,0x30,0x29,0x38,0x25,0x31,0x29,0x32,0x38,0x29,0x00,0x32,0x39,0x29,0x3A,0x25,
0xE5,0xFF,0xF3,0x2D,0x19,0x3D,0x29,0xE8,0x00,0x24,0x29,0x36,0x33,0xE5,0xE5,0xE5,
0xFD,0x0F,0x37,0x34,0x29,0x36,0x33,0x00,0x35,0x39,0x29,0x00,0x2C,0x39,0x31,0x25,
0x32,0x33,0x37,0x00,0x3D,0xFC,0x1C,0x29,0x34,0x30,0x33,0x2D,0x28,0x29,0x37,0x00,
0x34,0x39,0x29,0x28,0x25,0x32,0xFC,0x3A,0x2D,0x3A,0x2D,0x36,0x00,0x2E,0x39,0x32,
0x38,0x33,0x37,0x00,0x29,0x32,0x00,0x34,0x25,0x3E,0xE5,0xFF,0xF3,0x2D,0x45,0x36,
0x29,0x25,0x00,0x24,0x29,0x36,0x33,0x00,0x32,0x33,0x00,0x29,0x37,0xFC,0x31,0x39,
0x27,0x2C,0x33,0x00,0x25,0x2C,0x33,0x36,0x25,0xE8,0x00,0x34,0x29,0x36,0x33,0xFC,
0x25,0x30,0x2B,0x44,0x32,0x00,0x28,0x42,0x25,0x00,0x29,0x37,0x34,0x29,0x36,0x33,
0x00,0x35,0x39,0x29,0xFD,0x37,0x29,0x00,0x27,0x33,0x32,0x3A,0x2D,0x29,0x36,0x38,
0x25,0x00,0x29,0x32,0x00,0x39,0x32,0xFC,0x30,0x39,0x2B,0x25,0x36,0x00,0x28,0x29,
0x30,0x00,0x35,0x39,0x29,0xFC,0x34,0x33,0x28,0x25,0x31,0x33,0x37,0x00,0x37,0x29,
0x32,0x38,0x2D,0x36,0x32,0x33,0x37,0xFD,0x33,0x36,0x2B,0x39,0x30,0x30,0x33,0x37,
0x33,0x37,0x00,0x28,0x29,0xFC,0x38,0x36,0x25,0x29,0x36,0x00,0x25,0x00,0x30,0x33,
0x37,0xFC,0x18,0x29,0x33,0x25,0x36,0x27,0x25,0x28,0x2D,0x25,0x32,0x33,0x37,0xE5,
0xFF,0xF3,0x2D,0x0E,0x29,0x26,0x33,0x00,0x25,0x28,0x31,0x2D,0x38,0x2D,0x36,0x00,
0x35,0x39,0x29,0x00,0x31,0x29,0xFC,0x37,0x33,0x36,0x34,0x36,0x29,0x32,0x28,0x2D,
0x43,0x00,0x37,0x25,0x26,0x29,0x36,0xFC,0x35,0x39,0x29,0x00,0x29,0x36,0x25,0x37,
0x00,0x29,0x30,0xFD,0x30,0x29,0x2B,0x29,0x32,0x28,0x25,0x36,0x2D,0x33,0x00,0x24,
0x29,0x36,0x33,0xE5,0xFD,0x23,0x25,0x00,0x32,0x33,0x00,0x31,0x29,0x00,0x37,0x33,
0x36,0x34,0x36,0x29,0x32,0x28,0x29,0xFC,0x38,0x25,0x32,0x38,0x33,0x00,0x25,0x2C,
0x33,0x36,0x25,0x00,0x35,0x39,0x29,0x00,0x38,0x29,0xFC,0x27,0x33,0x32,0x33,0x3E,
0x27,0x33,0x00,0x31,0x29,0x2E,0x33,0x36,0xE8,0x00,0x3D,0xFD,0x34,0x33,0x36,0x00,
0x29,0x37,0x33,0x00,0x29,0x37,0x38,0x33,0x3D,0xFC,0x25,0x2B,0x36,0x25,0x28,0x29,
0x27,0x2D,0x28,0x33,0xE5,0xE5,0xE5,0xFF,0xF3,0x2D,0x1A,0x25,0x36,0x25,0x00,0x29,
0x30,0x00,0x30,0x29,0x2B,0x29,0x32,0x28,0x25,0x36,0x2D,0x33,0xFC,0x1C,0x29,0x34,
0x30,0x33,0x2D,0x28,0x29,0xE8,0x00,0x2D,0x31,0x25,0x2B,0x2D,0x32,0x25,0x26,0x25,
0xFC,0x25,0x00,0x25,0x30,0x2B,0x39,0x2D,0x29,0x32,0x00,0x39,0x32,0x00,0x34,0x33,
0x27,0x33,0xFD,0x31,0x40,0x37,0x00,0x31,0x25,0x30,0x3A,0x25,0x28,0x33,0xE5,0xFD,
0x0B,0x30,0x2B,0x39,0x2D,0x29,0x32,0x00,0x31,0x40,0x37,0x00,0x27,0x33,0x31,0x33,
0xFC,0x21,0x29,0x2D,0x30,0xE5,0xFF,0xF3,0x2D,0x1E,0x29,0x00,0x28,0x29,0x26,0x33,
0x00,0x31,0x39,0x27,0x2C,0x33,0xE5,0xFD,0x1E,0x33,0x28,0x33,0x37,0x00,0x25,0x35,
0x39,0x42,0x00,0x29,0x32,0x00,0x29,0x30,0xFC,0x0B,0x37,0x29,0x32,0x38,0x25,0x31,
0x2D,0x29,0x32,0x38,0x33,0x00,0x38,0x25,0x31,0x26,0x2D,0x41,0x32,0xE5,0xFF,0xF3,
0x2D,0x4E,0x24,0x29,0x36,0x33,0xCA,0xFD,0x4E,0x18,0x39,0x32,0x27,0x25,0x00,0x33,
0x30,0x3A,0x2D,0x28,0x25,0x36,0x29,0x31,0x33,0x37,0xFC,0x30,0x33,0x00,0x35,0x39,
0x29,0x00,0x2C,0x2D,0x27,0x2D,0x37,0x38,0x29,0x00,0x34,0x33,0x36,0xFC,0x32,0x33,
0x37,0x33,0x38,0x36,0x33,0x37,0xCA,0xFF,0xF3,0x2F,0x0F,0x36,0x29,0x37,0x00,0x39,
0x32,0x00,0x1C,0x29,0x34,0x30,0x33,0x2D,0x28,0x29,0xE8,0xFC,0x4F,0x3A,0x29,0x36,
0x28,0x25,0x28,0xDD,0xFD,0x0F,0x37,0x38,0x29,0x00,0x32,0x33,0x00,0x29,0x37,0x00,
0x36,0x29,0x25,0x30,0x31,0x29,0x32,0x38,0x29,0xFC,0x39,0x32,0x00,0x30,0x39,0x2B,
0x25,0x36,0x00,0x34,0x25,0x36,0x25,0x00,0x38,0x2D,0xE5,0xFD,0x4E,0x18,0x25,0x28,
0x2D,0x29,0x00,0x25,0x35,0x39,0x42,0x00,0x27,0x33,0x32,0x2A,0x42,0x25,0xFC,0x29,
0x32,0x00,0x30,0x33,0x37,0x00,0x1C,0x29,0x34,0x30,0x33,0x2D,0x28,0x29,0x37,0xCA,
0xFD,0x0F,0x3C,0x27,0x29,0x34,0x38,0x33,0x00,0x22,0xE5,0xE5,0xE5,0xFD,0x0F,0x37,
0x00,0x30,0x25,0x00,0x44,0x32,0x2D,0x27,0x25,0xFC,0x29,0x3C,0x27,0x29,0x34,0x27,
0x2D,0x43,0x32,0x00,0x35,0x39,0x29,0x00,0x37,0x29,0x00,0x31,0x29,0xFC,0x33,0x27,
0x39,0x36,0x36,0x29,0xE5,0xFD,0x1A,0x29,0x36,0x33,0x00,0x29,0x37,0x29,0x00,0x1C,
0x29,0x34,0x30,0x33,0x2D,0x28,0x29,0xFC,0x30,0x33,0x00,0x28,0x29,0x36,0x36,0x33,
0x38,0x43,0xE5,0xFD,0x4F,0x4E,0x1B,0x39,0x2D,0x41,0x32,0x00,0x37,0x29,0x00,0x25,
0x38,0x36,0x29,0x3A,0x29,0x36,0x42,0x25,0xFC,0x25,0x00,0x2C,0x25,0x27,0x29,0x36,
0x30,0x29,0x00,0x25,0x30,0x2B,0x33,0x00,0x25,0x37,0x42,0x00,0x25,0xFC,0x32,0x39,
0x29,0x37,0x38,0x36,0x33,0x00,0x34,0x36,0x33,0x38,0x29,0x27,0x38,0x33,0x36,0xCA,
0xDD,0xFF,0xF3,0x2F,0x4E,0x19,0x3D,0x29,0xE8,0x00,0x38,0x44,0xCA,0xFD,0x18,0x33,
0x00,0x37,0x25,0x26,0x29,0x37,0x00,0x32,0x25,0x28,0x25,0xFC,0x37,0x33,0x26,0x36,
0x29,0x00,0x29,0x30,0x00,0x1C,0x29,0x34,0x30,0x33,0x2D,0x28,0x29,0xFC,0x35,0x39,
0x29,0x00,0x28,0x29,0x36,0x36,0x33,0x38,0x43,0x00,0x25,0x00,0x22,0xE8,0xFD,0x4F,
0x3A,0x29,0x36,0x28,0x25,0x28,0xDD,0xFD,0x18,0x29,0x2D,0x2B,0x29,0x00,0x28,0x2D,
0x2E,0x33,0x00,0x35,0x39,0x29,0x00,0x29,0x36,0x25,0xFC,0x39,0x32,0x00,0x1C,0x29,
0x34,0x30,0x33,0x2D,0x28,0x29,0x00,0x27,0x33,0x32,0x00,0x29,0x30,0xFC,0x27,0x25,
0x26,0x29,0x30,0x30,0x33,0x00,0x30,0x25,0x36,0x2B,0x33,0xE5,0xE5,0xE5,0xFF,0xF3,
0x2F,0x4F,0x1C,0x25,0x2B,0x32,0x25,0x36,0x33,0x2F,0xDD,0xFD,0x4E,0x18,0x33,0x37,
0x33,0x38,0x36,0x33,0x37,0xE8,0x00,0x30,0x33,0x37,0xFC,0x2C,0x39,0x31,0x25,0x32,
0x33,0x37,0xE8,0x00,0x35,0x39,0x29,0x36,0x29,0x31,0x33,0x37,0xFC,0x3A,0x2D,0x3A,
0x2D,0x36,0x00,0x37,0x2D,0x32,0x00,0x30,0x25,0x00,0x25,0x3D,0x39,0x28,0x25,0xFD,
0x28,0x29,0x00,0x30,0x33,0x37,0x00,0x1C,0x29,0x34,0x30,0x33,0x2D,0x28,0x29,0x37,
0xE8,0x00,0x3D,0xFC,0x32,0x33,0x37,0x00,0x32,0x29,0x2B,0x25,0x31,0x33,0x37,0x00,
0x25,0x00,0x38,0x29,0x32,0x29,0x36,0xFC,0x31,0x2D,0x29,0x28,0x33,0x00,0x28,0x29,
0x00,0x25,0x30,0x2B,0x33,0x00,0x25,0x37,0x42,0xCA,0xFD,0x1B,0x39,0x2D,0x3E,0x40,
0x00,0x3A,0x2D,0x32,0x2D,0x37,0x38,0x29,0x00,0x25,0xFC,0x25,0x28,0x3A,0x29,0x36,
0x38,0x2D,0x36,0x32,0x33,0x37,0xE8,0x00,0x34,0x29,0x36,0x33,0x00,0x30,0x33,0xFC,
0x44,0x32,0x2D,0x27,0x33,0x00,0x35,0x39,0x29,0x00,0x2C,0x25,0x27,0x29,0x37,0x00,
0x29,0x37,0xFD,0x27,0x25,0x39,0x37,0x25,0x36,0x00,0x34,0x36,0x33,0x26,0x30,0x29,
0x31,0x25,0x37,0xE5,0xFF,0xF3,0x2F,0x1D,0x2D,0x00,0x37,0x2D,0x2B,0x39,0x29,0x37,
0x00,0x36,0x33,0x32,0x28,0x25,0x32,0x28,0x33,0xFC,0x34,0x33,0x36,0x00,0x25,0x35,
0x39,0x42,0x00,0x25,0x37,0x42,0xE8,0xFC,0x25,0x30,0x2B,0x39,0x2D,0x29,0x32,0x00,
0x34,0x33,0x28,0x36,0x42,0x25,0xFD,0x34,0x29,0x32,0x37,0x25,0x36,0x00,0x35,0x39,
0x29,0x00,0x29,0x36,0x29,0x37,0x00,0x39,0x32,0xFC,0x29,0x32,0x29,0x31,0x2D,0x2B,
0x33,0x00,0x3D,0x00,0x25,0x38,0x25,0x27,0x25,0x36,0x38,0x29,0xFC,0x34,0x33,0x36,
0x00,0x29,0x36,0x36,0x33,0x36,0xE5,0xFD,0x4E,0x18,0x33,0x00,0x28,0x2D,0x2B,0x25,
0x37,0x00,0x35,0x39,0x29,0x00,0x32,0x33,0x00,0x38,0x29,0xFC,0x30,0x33,0x00,0x25,
0x28,0x3A,0x29,0x36,0x38,0x42,0xCA,0xFF,0xF3,0x2F,0x18,0x33,0x00,0x2D,0x31,0x34,
0x33,0x36,0x38,0x25,0x00,0x27,0x39,0x40,0x32,0x38,0x25,0x37,0xFC,0x3A,0x29,0x27,
0x29,0x37,0x00,0x32,0x33,0x37,0x00,0x25,0x28,0x3A,0x2D,0x29,0x36,0x38,0x25,0x37,
0xE5,0xFC,0x4E,0x18,0x33,0x00,0x32,0x33,0x37,0x00,0x2D,0x36,0x29,0x31,0x33,0x37,
0xCA,0xFD,0x0F,0x37,0x38,0x29,0x00,0x29,0x37,0x00,0x32,0x39,0x29,0x37,0x38,0x36,
0x33,0xFC,0x32,0x39,0x29,0x3A,0x33,0x00,0x34,0x25,0x36,0x25,0x42,0x37,0x33,0xE5,
0xFD,0x4E,0x0E,0x29,0x2E,0x25,0x00,0x28,0x29,0x00,0x25,0x27,0x38,0x39,0x25,0x36,
0x00,0x27,0x33,0x31,0x33,0xFC,0x37,0x2D,0x00,0x2A,0x39,0x29,0x36,0x25,0x37,0x00,
0x39,0x32,0x00,0x2C,0x41,0x36,0x33,0x29,0xCA,0xFF,0xF3,0x2F,0x1E,0x29,0x00,0x31,
0x33,0x37,0x38,0x36,0x25,0x36,0x29,0x31,0x33,0x37,0x00,0x35,0x39,0x29,0xFC,0x30,
0x33,0x37,0x00,0x2C,0x39,0x31,0x25,0x32,0x33,0x37,0x00,0x34,0x33,0x28,0x29,0x31,
0x33,0x37,0xFC,0x3A,0x2D,0x3A,0x2D,0x36,0x00,0x31,0x39,0x3D,0x00,0x26,0x2D,0x29,
0x32,0xFD,0x37,0x2D,0x32,0x00,0x39,0x37,0x38,0x29,0x28,0x29,0x37,0xE8,0xFC,0x1C,
0x29,0x34,0x30,0x33,0x2D,0x28,0x29,0x37,0xE5,0x00,0x4E,0x18,0x33,0x00,0x32,0x29,
0x27,0x29,0xD6,0xFC,0x37,0x2D,0x38,0x25,0x31,0x33,0x37,0x00,0x37,0x39,0x00,0x25,
0x3D,0x39,0x28,0x25,0xCA,0xFF,0xF3,0x2F,0x18,0x29,0x2D,0x2B,0x29,0x00,0x29,0x37,
0x38,0x39,0x3A,0x33,0x00,0x27,0x33,0x32,0x00,0x30,0x33,0x37,0xFC,0x1C,0x29,0x34,
0x30,0x33,0x2D,0x28,0x29,0x37,0x00,0x38,0x33,0x28,0x33,0x00,0x29,0x37,0x38,0x29,
0xFC,0x38,0x2D,0x29,0x31,0x34,0x33,0xE5,0xE5,0xE5,0xFD,0x4E,0x18,0x33,0x00,0x34,
0x39,0x29,0x28,0x33,0x00,0x27,0x36,0x29,0x29,0x36,0x30,0x33,0xCA,0xFF,0xF3,0x2F,
0x0F,0x37,0x00,0x27,0x39,0x30,0x34,0x25,0x00,0x28,0x29,0x00,0x18,0x29,0x2D,0x2B,
0x29,0xFC,0x35,0x39,0x29,0x00,0x29,0x30,0x00,0x0B,0x37,0x29,0x32,0x38,0x25,0x31,
0x2D,0x29,0x32,0x38,0x33,0xFC,0x2A,0x39,0x29,0x36,0x25,0x00,0x25,0x38,0x25,0x27,
0x25,0x28,0x33,0xE5,0xFD,0x4E,0x0F,0x37,0x00,0x38,0x33,0x28,0x25,0x00,0x37,0x39,
0x00,0x27,0x39,0x30,0x34,0x25,0xFC,0x35,0x39,0x29,0x00,0x29,0x37,0x38,0x29,0x31,
0x33,0x37,0x00,0x29,0x32,0xFC,0x34,0x29,0x30,0x2D,0x2B,0x36,0x33,0xCA,0xFF,0xF3,
0x2F,0x1E,0x44,0x00,0x29,0x36,0x29,0x37,0x00,0x24,0x29,0x36,0x33,0xE5,0xE5,0xE5,
0xFD,0x1E,0x33,0x28,0x25,0x3A,0x42,0x25,0x00,0x31,0x29,0x00,0x27,0x39,0x29,0x37,
0x38,0x25,0xFC,0x27,0x36,0x29,0x29,0x36,0x30,0x33,0xE5,0xE5,0xE5,0xFF,0xF3,0x2F,
0x1D,0x39,0x34,0x33,0x32,0x2B,0x33,0x00,0x35,0x39,0x29,0x00,0x28,0x29,0x26,0x29,
0x36,0x42,0x25,0xFC,0x28,0x25,0x36,0x38,0x29,0x00,0x30,0x25,0x37,0x00,0x2B,0x36,
0x25,0x27,0x2D,0x25,0x37,0xE5,0xE5,0xE5,0xFF,0xF3,0x2F,0x18,0x33,0x00,0x27,0x36,
0x29,0x42,0x00,0x35,0x39,0x29,0x00,0x2C,0x39,0x31,0x25,0x32,0x33,0x37,0xFC,0x3D,
0x00,0x1C,0x29,0x34,0x30,0x33,0x2D,0x28,0x29,0x37,0x00,0x34,0x39,0x28,0x2D,0x29,
0x36,0x25,0x32,0xFC,0x3A,0x33,0x30,0x3A,0x29,0x36,0x00,0x25,0x00,0x3A,0x2D,0x3A,
0x2D,0x36,0xFD,0x2E,0x39,0x32,0x38,0x33,0x37,0x00,0x29,0x32,0x00,0x34,0x25,0x3E,
0xE8,0x00,0x34,0x29,0x36,0x33,0xFC,0x38,0x25,0x30,0x00,0x3A,0x29,0x3E,0x00,0x25,
0x30,0x2B,0x44,0x32,0x00,0x28,0x42,0x25,0xE5,0xE5,0xE5,0xFF,0xF3,0x2F,0x1B,0x39,
0x2D,0x29,0x36,0x33,0x00,0x2C,0x25,0x27,0x29,0x36,0x00,0x28,0x29,0x30,0xFC,0x0B,
0x37,0x29,0x32,0x38,0x25,0x31,0x2D,0x29,0x32,0x38,0x33,0x00,0x39,0x32,0xFC,0x30,
0x39,0x2B,0x25,0x36,0x00,0x38,0x25,0x32,0x00,0x34,0x25,0x27,0x42,0x2A,0x2D,0x27,
0x33,0xFD,0x35,0x39,0x29,0x00,0x18,0x29,0x2D,0x2B,0x29,0x00,0x34,0x39,0x29,0x28,
0x25,0xFC,0x38,0x36,0x25,0x29,0x36,0x00,0x25,0x00,0x30,0x25,0x00,0x2B,0x29,0x32,
0x38,0x29,0xFC,0x28,0x29,0x00,0x18,0x29,0x33,0x00,0x0B,0x36,0x27,0x25,0x28,0x2D,
0x25,0xE5,0xFF,0xF3,0x2F,0x0B,0x44,0x32,0x00,0x29,0x37,0x00,0x38,0x29,0x31,0x34,
0x36,0x25,0x32,0x33,0xE8,0xFC,0x34,0x29,0x36,0x33,0x00,0x29,0x37,0x38,0x29,0x00,
0x30,0x39,0x2B,0x25,0x36,0x00,0x29,0x37,0xFC,0x30,0x25,0x00,0x36,0x29,0x39,0x32,
0x2D,0x43,0x32,0x00,0x28,0x29,0xFD,0x32,0x39,0x29,0x37,0x38,0x36,0x25,0x37,0x00,
0x29,0x37,0x34,0x29,0x36,0x25,0x32,0x3E,0x25,0x37,0xFC,0x3D,0x00,0x37,0x39,0x29,
0x4C,0x33,0x37,0xE5,0xE5,0xE5,0xFD,0x0B,0x30,0x2B,0x44,0x32,0x00,0x28,0x42,0x25,
0x00,0x34,0x33,0x28,0x36,0x42,0x25,0xFC,0x27,0x33,0x32,0x3A,0x29,0x36,0x38,0x2D,
0x36,0x37,0x29,0x00,0x29,0x32,0x00,0x39,0x32,0xFC,0x34,0x36,0x43,0x37,0x34,0x29,
0x36,0x33,0x00,0x34,0x25,0x36,0x25,0x42,0x37,0x33,0xE5,0xFF,0xF3,0x2F,0x24,0x29,
0x36,0x33,0xE5,0xE5,0xE5,0xFD,0x18,0x33,0x37,0x33,0x38,0x36,0x33,0x37,0xE8,0x00,
0x30,0x33,0x37,0xFC,0x2C,0x39,0x31,0x25,0x32,0x33,0x37,0xE8,0x00,0x37,0x33,0x30,
0x42,0x25,0x31,0x33,0x37,0xFC,0x3A,0x2D,0x3A,0x2D,0x36,0x00,0x26,0x25,0x2E,0x33,
0x00,0x30,0x25,0xFD,0x34,0x36,0x33,0x38,0x29,0x27,0x27,0x2D,0x43,0x32,0x00,0x28,
0x29,0x00,0x18,0x29,0x33,0xFC,0x0B,0x36,0x27,0x25,0x28,0x2D,0x25,0xE5,0xE5,0xE5,
0xFC,0x0F,0x37,0x27,0x25,0x34,0x25,0x31,0x33,0x37,0x00,0x28,0x29,0x37,0x34,0x39,
0x41,0x37,0x00,0x28,0x29,0xFD,0x35,0x39,0x29,0x00,0x29,0x30,0x00,0x30,0x39,0x2B,
0x25,0x36,0x00,0x2A,0x39,0x29,0x36,0x25,0xFC,0x38,0x36,0x25,0x32,0x37,0x2A,0x33,
0x36,0x31,0x25,0x28,0x33,0x00,0x34,0x33,0x36,0x00,0x29,0x30,0xFC,0x0E,0x36,0xE5,
0x00,0x21,0x29,0x2D,0x30,0xE5,0x00,0x1A,0x36,0x33,0x32,0x38,0x33,0xFD,0x32,0x33,
0x37,0x00,0x28,0x2D,0x31,0x33,0x37,0x00,0x27,0x39,0x29,0x32,0x38,0x25,0x00,0x28,
0x29,0xFC,0x30,0x33,0x00,0x28,0x2D,0x2A,0x42,0x27,0x2D,0x30,0x00,0x35,0x39,0x29,
0x00,0x29,0x36,0x25,0xFC,0x37,0x33,0x26,0x36,0x29,0x3A,0x2D,0x3A,0x2D,0x36,0x00,
0x34,0x33,0x36,0xFD,0x32,0x39,0x29,0x37,0x38,0x36,0x25,0x00,0x27,0x39,0x29,0x32,
0x38,0x25,0xE5,0xFD,0x1A,0x29,0x36,0x33,0x00,0x32,0x33,0x00,0x31,0x29,0x00,0x25,
0x36,0x36,0x29,0x34,0x2D,0x29,0x32,0x38,0x33,0xFC,0x28,0x29,0x00,0x32,0x25,0x28,
0x25,0xE5,0xE5,0xE5,0xFD,0x18,0x39,0x29,0x37,0x38,0x36,0x33,0x00,0x2A,0x39,0x38,
0x39,0x36,0x33,0x00,0x29,0x37,0x38,0x40,0xFC,0x25,0x35,0x39,0x42,0xE8,0x00,0x29,
0x32,0x00,0x45,0x36,0x29,0x25,0x00,0x24,0x29,0x36,0x33,0xE5,0xFF,0xF3,0x2F,0x11,
0x36,0x25,0x27,0x2D,0x25,0x37,0xE8,0x00,0x24,0x29,0x36,0x33,0xE5,0xE5,0xE5,0xFD,
0x18,0x33,0x37,0x00,0x2C,0x25,0x37,0x00,0x25,0x3D,0x39,0x28,0x25,0x28,0x33,0x00,
0x25,0xFC,0x28,0x25,0x36,0x32,0x33,0x37,0x00,0x27,0x39,0x29,0x32,0x38,0x25,0x00,
0x28,0x29,0xFC,0x32,0x39,0x29,0x37,0x38,0x36,0x33,0x00,0x29,0x36,0x36,0x33,0x36,
0xE5,0xFD,0x0B,0x39,0x32,0x35,0x39,0x29,0x00,0x18,0x29,0x33,0x00,0x0B,0x36,0x27,
0x25,0x28,0x2D,0x25,0xFC,0x32,0x33,0x00,0x32,0x33,0x37,0x00,0x2C,0x39,0x26,0x2D,
0x29,0x36,0x25,0xFC,0x25,0x38,0x25,0x27,0x25,0x28,0x33,0xE8,0x00,0x2D,0x2B,0x39,
0x25,0x30,0xFD,0x32,0x33,0x37,0x00,0x2C,0x25,0x26,0x36,0x42,0x25,0x31,0x33,0x37,
0xFC,0x28,0x29,0x37,0x31,0x33,0x36,0x33,0x32,0x25,0x28,0x33,0xE5,0xE5,0xE5,0xFF,
0xF3,0x2F,0x24,0x29,0x36,0x33,0xE5,0xE5,0xE5,0xFD,0x1D,0x25,0x26,0x29,0x37,0xE8,
0x00,0x32,0x33,0x00,0x32,0x33,0x37,0xFC,0x31,0x33,0x30,0x29,0x37,0x38,0x25,0x36,
0x42,0x25,0x00,0x35,0x39,0x29,0xFC,0x3A,0x33,0x30,0x3A,0x2D,0x29,0x36,0x25,0x37,
0x00,0x25,0x00,0x34,0x25,0x37,0x25,0x36,0xE5,0xFD,0x18,0x33,0x37,0x00,0x39,0x32,
0x2D,0x36,0x29,0x31,0x33,0x37,0x00,0x34,0x25,0x36,0x25,0xFC,0x38,0x36,0x25,0x32,
0x37,0x2A,0x33,0x36,0x31,0x25,0x36,0x00,0x29,0x37,0x38,0x25,0xFC,0x38,0x2D,0x29,
0x36,0x36,0x25,0x00,0x29,0x32,0x00,0x39,0x32,0xFD,0x31,0x25,0x36,0x25,0x3A,0x2D,
0x30,0x30,0x33,0x37,0x33,0x00,0x30,0x39,0x2B,0x25,0x36,0xFC,0x34,0x25,0x36,0x25,
0x00,0x2C,0x39,0x31,0x25,0x32,0x33,0x37,0x00,0x3D,0xFC,0x1C,0x29,0x34,0x30,0x33,
0x2D,0x28,0x29,0x37,0xE5,0xFF,0xF3,0x30,0x4E,0x0B,0x2C,0xCA,0xFC,0x4E,0x1F,0x32,
0x00,0x1C,0x29,0x34,0x30,0x33,0x2D,0x28,0x29,0xCA,0xFD,0x11,0x39,0x25,0x39,0xE5,
0xE5,0xE5,0xFD,0x4E,0x0F,0x37,0x00,0x30,0x25,0x00,0x34,0x36,0x2D,0x31,0x29,0x36,
0x25,0x00,0x3A,0x29,0x3E,0xFC,0x35,0x39,0x29,0x00,0x3A,0x29,0x33,0x00,0x39,0x32,
0x33,0x00,0x38,0x25,0x32,0x00,0x28,0x29,0xFC,0x27,0x29,0x36,0x27,0x25,0xCA,0xFD,
0xE5,0xE5,0xE5,0xFD,0x19,0x2C,0xE8,0x00,0x34,0x29,0x36,0x33,0xE5,0xE5,0xE5,0xFD,
0x18,0x33,0x00,0x34,0x39,0x29,0x28,0x33,0x00,0x37,0x29,0x36,0x00,0x25,0x31,0x25,
0x26,0x30,0x29,0xFC,0x34,0x33,0x36,0x35,0x39,0x29,0x00,0x38,0x33,0x28,0x33,0x37,
0x00,0x37,0x29,0xFC,0x29,0x32,0x33,0x2E,0x25,0x36,0x40,0x32,0x00,0x27,0x33,0x32,
0x31,0x2D,0x2B,0x33,0xE5,0xE5,0xE5,0xFF,0xF3,0x30,0x16,0x33,0x00,0x37,0x2D,0x29,
0x32,0x38,0x33,0xE8,0x00,0x37,0x29,0x4C,0x33,0x36,0xE5,0xFD,0x0E,0x29,0x00,0x3A,
0x29,0x36,0x28,0x25,0x28,0x00,0x35,0x39,0x29,0x36,0x42,0x25,0x00,0x37,0x29,0x36,
0xFC,0x38,0x39,0x00,0x25,0x31,0x2D,0x2B,0x33,0xE5,0x00,0x4E,0x18,0x33,0x37,0xFC,
0x3A,0x29,0x31,0x33,0x37,0xCA,0xFF,0xF3,0x30,0x4E,0x12,0x33,0x30,0x25,0xE8,0x00,
0x37,0x29,0x4C,0x33,0x36,0xCA,0xFD,0x4E,0x1B,0x39,0x41,0x00,0x26,0x39,0x29,0x32,
0x33,0x00,0x3A,0x29,0x36,0x38,0x29,0xFC,0x28,0x29,0x00,0x32,0x39,0x29,0x3A,0x33,
0xCA,0xFD,0x1A,0x29,0x36,0x33,0xE5,0xE5,0xE5,0x00,0x4F,0x28,0x29,0x26,0x29,0x36,
0x42,0x25,0x37,0xFC,0x29,0x37,0x38,0x25,0x36,0x00,0x25,0x35,0x39,0x42,0xDD,0xFD,
0x1E,0x33,0x28,0x33,0x37,0x00,0x29,0x32,0x00,0x29,0x30,0xFC,0x0B,0x37,0x29,0x32,
0x38,0x25,0x31,0x2D,0x29,0x32,0x38,0x33,0x00,0x29,0x37,0x38,0x40,0x32,0xFC,0x31,
0x39,0x3D,0x00,0x29,0x32,0x33,0x2E,0x25,0x28,0x33,0x37,0xE5,0xFF,0xF3,0x30,0x1D,
0x29,0x4C,0x33,0x36,0xE5,0xE5,0xE5,0xFD,0x4E,0x18,0x33,0x00,0x27,0x36,0x29,0x33,
0x00,0x35,0x39,0x29,0x00,0x37,0x29,0x25,0x37,0x00,0x39,0x32,0xFC,0x1C,0x29,0x34,
0x30,0x33,0x2D,0x28,0x29,0x00,0x31,0x25,0x30,0x33,0xCA,0xFD,0x1D,0x2D,0x00,0x30,
0x33,0x00,0x2A,0x39,0x29,0x36,0x25,0x37,0xE8,0xFC,0x4F,0x34,0x33,0x36,0x00,0x35,
0x39,0x41,0x00,0x32,0x33,0x37,0xFC,0x25,0x3D,0x39,0x28,0x25,0x36,0x42,0x25,0x37,
0xE8,0x00,0x32,0x33,0xDD,0xFF,0xF3,0x30,0x4E,0x12,0x33,0x30,0x25,0xE8,0x00,0x1D,
0x36,0xE5,0x00,0x1C,0x29,0x34,0x30,0x33,0x2D,0x28,0x29,0xCA,0xFD,0x0B,0x2C,0xE8,
0x00,0x27,0x2D,0x29,0x36,0x38,0x33,0xE5,0xE5,0xE5,0xFD,0x0D,0x39,0x25,0x32,0x28,
0x33,0x00,0x37,0x25,0x30,0x42,0x25,0x31,0x33,0x37,0x00,0x28,0x29,0xFC,0x18,0x29,
0x33,0x00,0x0B,0x36,0x27,0x25,0x28,0x2D,0x25,0xE8,0x00,0x36,0x29,0x27,0x33,0x2B,
0x42,0xFC,0x29,0x37,0x38,0x33,0xE5,0xFD,0x18,0x33,0x00,0x32,0x33,0x37,0x00,0x37,
0x2D,0x36,0x3A,0x29,0x00,0x25,0x00,0x30,0x33,0x37,0xFC,0x2C,0x39,0x31,0x25,0x32,
0x33,0x37,0xE8,0x00,0x4E,0x38,0x43,0x31,0x25,0x30,0x33,0xCA,0xFF,0xF3,0x30,0x12,
0x33,0x30,0x25,0xE8,0x00,0x1D,0x36,0xE5,0x00,0x1C,0x29,0x34,0x30,0x33,0x2D,0x28,
0x29,0xE5,0xE5,0xE5,0xFD,0x4F,0x12,0x25,0x37,0x00,0x3A,0x2D,0x37,0x38,0x33,0x00,
0x39,0x32,0xFC,0x1D,0xD6,0x0D,0x36,0x3D,0x37,0x38,0x25,0x30,0xDD,0xFD,0x1A,0x39,
0x29,0x28,0x29,0x37,0x00,0x27,0x36,0x29,0x25,0x36,0x00,0x39,0x32,0x33,0xFC,0x27,
0x33,0x32,0x00,0x25,0x30,0x2B,0x33,0x00,0x30,0x30,0x25,0x31,0x25,0x28,0x33,0xFC,
0x0D,0x29,0x36,0x25,0x38,0x25,0x32,0x2D,0x39,0x31,0xFD,0x3D,0x00,0x34,0x25,0x36,
0x38,0x29,0x37,0x00,0x28,0x29,0xFC,0x29,0x32,0x29,0x31,0x2D,0x2B,0x33,0x37,0xE8,
0x00,0x4F,0x37,0x25,0x26,0x29,0x37,0xDD,0xFD,0x0D,0x36,0x29,0x33,0x00,0x35,0x39,
0x29,0x00,0x30,0x25,0x00,0x36,0x29,0x27,0x29,0x38,0x25,0xFC,0x34,0x29,0x28,0x42,
0x25,0x00,0x39,0x32,0x00,0x38,0x2D,0x34,0x33,0x00,0x28,0x29,0xFC,0x20,0x25,0x36,
0x2D,0x25,0x32,0x38,0xE8,0x00,0x39,0x32,0x00,0x36,0x33,0x26,0x33,0x38,0xFD,0x35,
0x39,0x29,0x00,0x29,0x37,0x27,0x39,0x34,0x29,0x00,0x33,0x38,0x36,0x33,0x37,0xFC,
0x36,0x33,0x26,0x33,0x38,0x37,0x00,0x3D,0x00,0x25,0x30,0x2B,0x33,0x00,0x27,0x33,
0x32,0xFC,0x39,0x32,0x00,0x27,0x39,0x29,0x36,0x34,0x33,0x00,0x32,0x25,0x36,0x25,
0x32,0x2E,0x25,0xE5,0xFD,0x17,0x2D,0x00,0x34,0x25,0x34,0x40,0x00,0x29,0x36,0x25,
0xFC,0x27,0x2D,0x29,0x32,0x38,0x42,0x2A,0x2D,0x27,0x33,0xE8,0x00,0x25,0x37,0x42,
0x00,0x35,0x39,0x29,0xFC,0x2C,0x29,0x00,0x33,0x42,0x28,0x33,0x00,0x27,0x33,0x37,
0x25,0x37,0x00,0x25,0x37,0x42,0xE5,0xFF,0xF3,0x30,0x4E,0x18,0x33,0x00,0x29,0x36,
0x25,0x37,0x00,0x37,0x33,0x30,0x33,0x00,0x39,0x32,0xFC,0x1C,0x29,0x34,0x30,0x33,
0x2D,0x28,0x29,0xE8,0x00,0x29,0x36,0x25,0x37,0x00,0x0F,0x16,0xFC,0x1C,0x29,0x34,
0x30,0x33,0x2D,0x28,0x29,0xCA,0xFD,0x11,0x36,0x25,0x27,0x2D,0x25,0x37,0x00,0x34,
0x33,0x36,0x00,0x37,0x25,0x30,0x3A,0x25,0x36,0xFC,0x25,0x00,0x38,0x33,0x28,0x33,
0x37,0xE5,0xE5,0xE5,0xFD,0x1D,0x29,0x4C,0x33,0x36,0xE5,0xE5,0xE5,0xFD,0x4E,0x1A,
0x36,0x33,0x31,0x41,0x38,0x29,0x31,0x29,0x00,0x35,0x39,0x29,0xFC,0x37,0x25,0x30,
0x3A,0x25,0x36,0x40,0x37,0x00,0x25,0x00,0x18,0x29,0x2D,0x2B,0x29,0xCA,0xFF,0xF3,
0x30,0x4E,0x1A,0x33,0x36,0x00,0x2A,0x25,0x3A,0x33,0x36,0xE8,0x00,0x37,0x29,0x4C,
0x33,0x36,0xCA,0xFD,0x18,0x25,0x28,0x2D,0x29,0x00,0x31,0x40,0x37,0x00,0x35,0x39,
0x2D,0x29,0x36,0x29,0x00,0x2D,0x36,0xFC,0x25,0x00,0x25,0x3D,0x39,0x28,0x25,0x36,
0x30,0x25,0xE5,0xE5,0xE5,0xFF,0xF3,0x30,0x4E,0x11,0x36,0x25,0x27,0x2D,0x25,0x37,
0xE8,0x00,0x37,0x29,0x4C,0x33,0x36,0xCA,0xFD,0x4E,0x1E,0x33,0x28,0x33,0x37,0x00,
0x30,0x33,0x37,0x00,0x28,0x29,0x31,0x40,0x37,0xFC,0x38,0x25,0x31,0x26,0x2D,0x41,
0x32,0x00,0x34,0x2D,0x29,0x32,0x37,0x25,0x32,0x00,0x35,0x39,0x29,0xFC,0x29,0x36,
0x29,0x37,0x00,0x2B,0x29,0x32,0x2D,0x25,0x30,0xCA,0xFF,0xF3,0x30,0x4E,0x1D,0x25,
0x26,0x42,0x25,0x00,0x35,0x39,0x29,0x00,0x37,0x25,0x30,0x3A,0x25,0x36,0x42,0x25,
0x37,0xFC,0x25,0x00,0x18,0x29,0x2D,0x2B,0x29,0xE8,0x00,0x28,0x29,0x00,0x3A,0x29,
0x36,0x28,0x25,0x28,0xFC,0x30,0x33,0x00,0x37,0x25,0x26,0x42,0x25,0xCA,0xFD,0x4E,
0x0E,0x29,0x37,0x34,0x39,0x41,0x37,0x00,0x28,0x29,0x00,0x38,0x33,0x28,0x33,0xE8,
0xFC,0x29,0x36,0x29,0x37,0x00,0x0F,0x16,0x00,0x1C,0x29,0x34,0x30,0x33,0x2D,0x28,
0x29,0xCA,0xFF,0xF3,0x30,0x1B,0x39,0x2D,0x29,0x36,0x33,0x00,0x37,0x29,0x36,0x00,
0x2A,0x39,0x29,0x36,0x38,0x29,0xFC,0x27,0x33,0x31,0x33,0x00,0x38,0x44,0x00,0x25,
0x30,0x2B,0x44,0x32,0x00,0x28,0x42,0x25,0xE5,0xE5,0xE5,0xFD,0x4E,0x0B,0x37,0x42,
0x00,0x38,0x25,0x31,0x26,0x2D,0x41,0x32,0x00,0x34,0x33,0x28,0x36,0x41,0xFC,0x34,
0x36,0x33,0x38,0x29,0x2B,0x29,0x36,0x00,0x25,0x00,0x38,0x33,0x28,0x33,0x37,0xCA,
0xFF,0xF3,0x30,0x1D,0x2D,0x00,0x25,0x30,0x2B,0x44,0x32,0x00,0x28,0x42,0x25,0x00,
0x31,0x29,0xFC,0x3A,0x39,0x29,0x30,0x3A,0x33,0x00,0x2A,0x39,0x29,0x36,0x38,0x29,
0xE5,0xE5,0xE5,0xFD,0x4E,0x18,0x39,0x32,0x27,0x25,0x00,0x39,0x37,0x25,0x36,0x41,
0x00,0x31,0x2D,0xFC,0x34,0x33,0x28,0x29,0x36,0x00,0x34,0x25,0x36,0x25,0x00,0x29,
0x30,0x00,0x31,0x25,0x30,0xFC,0x27,0x33,0x31,0x33,0x00,0x18,0x29,0x33,0x00,0x0B,
0x36,0x27,0x25,0x28,0x2D,0x25,0xCA,0xFF,0xF3,0x30,0x17,0x2D,0x00,0x31,0x25,0x31,
0x40,0x00,0x3D,0x00,0x31,0x2D,0x00,0x34,0x25,0x34,0x40,0xFC,0x25,0x44,0x32,0x00,
0x29,0x37,0x38,0x40,0x32,0x00,0x29,0x32,0x00,0x18,0x29,0x33,0xFC,0x0B,0x36,0x27,
0x25,0x28,0x2D,0x25,0xE5,0xE5,0xE5,0xFD,0x4E,0x1A,0x29,0x36,0x33,0x00,0x29,0x37,
0x38,0x33,0x3D,0x00,0x26,0x2D,0x29,0x32,0xCA,0xFF,0xF3,0x30,0x4E,0x1D,0x33,0x3D,
0x00,0x2A,0x39,0x29,0x36,0x38,0x29,0xE8,0x00,0x25,0x37,0x42,0x00,0x35,0x39,0x29,
0xFC,0x32,0x33,0x00,0x30,0x33,0x37,0x00,0x32,0x29,0x27,0x29,0x37,0x2D,0x38,0x33,
0xCA,0xFF,0xF3,0x30,0x1D,0x29,0x4C,0x33,0x36,0xE5,0xE5,0xE5,0xFD,0x0D,0x39,0x25,
0x32,0x28,0x33,0x00,0x3D,0x25,0x00,0x32,0x33,0x00,0x29,0x37,0x38,0x29,0x31,0x33,
0x37,0xFC,0x29,0x32,0x00,0x2B,0x39,0x29,0x36,0x36,0x25,0xE8,0x00,0x4F,0x38,0x29,
0xFC,0x2D,0x36,0x40,0x37,0xDD,0xFD,0x1D,0x29,0x36,0x40,0x00,0x31,0x39,0x3D,0x00,
0x37,0x33,0x30,0x2D,0x38,0x25,0x36,0x2D,0x33,0xFC,0x37,0x2D,0x32,0x00,0x38,0x2D,
0xE5,0xE5,0xE5,0xFF,0xF3,0x30,0x4E,0x16,0x25,0x00,0x34,0x36,0x43,0x3C,0x2D,0x31,
0x25,0x00,0x3A,0x29,0x3E,0x00,0x35,0x39,0x29,0xFC,0x31,0x29,0x00,0x3A,0x29,0x25,
0x37,0xE8,0x00,0x37,0x29,0x36,0x41,0x00,0x31,0x40,0x37,0xFC,0x2A,0x39,0x29,0x36,
0x38,0x29,0xCA,0xFD,0x16,0x33,0x00,0x34,0x36,0x33,0x31,0x29,0x38,0x33,0xE5,0xFF,
0xF3,0x32,0x0F,0x36,0x29,0x37,0x00,0x29,0x30,0x00,0x1C,0x29,0x34,0x30,0x33,0x2D,
0x28,0x29,0x00,0x28,0x29,0xFC,0x2C,0x25,0x27,0x29,0x00,0x39,0x32,0x00,0x31,0x33,
0x31,0x29,0x32,0x38,0x33,0xE8,0xFC,0x4F,0x3A,0x29,0x36,0x28,0x25,0x28,0xDD,0xFD,
0x11,0x36,0x25,0x27,0x2D,0x25,0x37,0x00,0x34,0x33,0x36,0x00,0x30,0x25,0x00,0x25,
0x3D,0x39,0x28,0x25,0xE8,0xFC,0x34,0x29,0x36,0x33,0x00,0x32,0x33,0x00,0x38,0x29,
0xFC,0x32,0x29,0x27,0x29,0x37,0x2D,0x38,0x25,0x31,0x33,0x37,0x00,0x25,0x35,0x39,
0x42,0xE5,0xFD,0x0F,0x37,0x38,0x29,0x00,0x0B,0x37,0x29,0x32,0x38,0x25,0x31,0x2D,
0x29,0x32,0x38,0x33,0x00,0x29,0x37,0xFC,0x37,0x33,0x30,0x33,0x00,0x34,0x25,0x36,
0x25,0x00,0x2C,0x39,0x31,0x25,0x32,0x33,0x37,0xE5,0xE5,0xE5,0xFD,0x1A,0x39,0x29,
0x28,0x29,0x00,0x35,0x39,0x29,0x00,0x38,0x29,0x32,0x2B,0x25,0x37,0x00,0x38,0x39,
0x37,0xFC,0x36,0x25,0x3E,0x33,0x32,0x29,0x37,0xE8,0x00,0x4E,0x34,0x29,0x36,0x33,
0x00,0x30,0x25,0xFC,0x29,0x32,0x38,0x36,0x25,0x28,0x25,0x00,0x28,0x29,0x00,0x1C,
0x29,0x34,0x30,0x33,0x2D,0x28,0x29,0x37,0xFD,0x29,0x37,0x38,0x40,0x00,0x34,0x36,
0x33,0x2C,0x2D,0x26,0x2D,0x28,0x25,0xCA,0xFF,0xF3,0x32,0x4F,0x18,0x29,0x27,0x29,
0x37,0x2D,0x38,0x25,0x37,0x00,0x25,0x30,0x2B,0x33,0xDD,0xFD,0x19,0x28,0x2D,0x33,
0x00,0x28,0x29,0x27,0x2D,0x36,0x30,0x33,0xE8,0x00,0x34,0x29,0x36,0x33,0xFC,0x30,
0x33,0x37,0x00,0x1C,0x29,0x34,0x30,0x33,0x2D,0x28,0x29,0x37,0x00,0x37,0x2D,0x29,
0x31,0x34,0x36,0x29,0xFC,0x27,0x25,0x39,0x37,0x25,0x32,0x00,0x34,0x36,0x33,0x26,
0x30,0x29,0x31,0x25,0x37,0xE5,0xFD,0x4E,0x23,0x00,0x30,0x33,0x37,0x00,0x2C,0x39,
0x31,0x25,0x32,0x33,0x37,0xFC,0x2D,0x32,0x33,0x27,0x29,0x32,0x38,0x29,0x37,0x00,
0x37,0x33,0x32,0xFC,0x37,0x2D,0x29,0x31,0x34,0x36,0x29,0x00,0x30,0x33,0x37,0x00,
0x35,0x39,0x29,0xFD,0x37,0x29,0x00,0x3A,0x29,0x32,0x00,0x29,0x32,0x3A,0x39,0x29,
0x30,0x38,0x33,0x37,0x00,0x29,0x32,0xFC,0x29,0x37,0x33,0x37,0x00,0x34,0x36,0x33,
0x26,0x30,0x29,0x31,0x25,0x37,0xCA,0xFF,0xF3,0x32,0x4F,0x20,0x33,0x30,0x3A,0x2D,
0x37,0x38,0x29,0x00,0x34,0x25,0x36,0x25,0xFC,0x31,0x33,0x30,0x29,0x37,0x38,0x25,
0x36,0x00,0x25,0x00,0x30,0x33,0x37,0xFC,0x2C,0x39,0x31,0x25,0x32,0x33,0x37,0xDD,
0xFD,0x1D,0x29,0x2B,0x39,0x36,0x33,0x00,0x29,0x37,0x38,0x40,0x37,0xFC,0x34,0x29,
0x32,0x37,0x25,0x32,0x28,0x33,0xE8,0x00,0xE9,0x4F,0x35,0x39,0x41,0xFC,0x34,0x39,
0x29,0x28,0x29,0x32,0x00,0x2C,0x25,0x27,0x29,0x36,0x00,0x29,0x37,0x38,0x33,0x37,
0xFD,0x2C,0x39,0x31,0x25,0x32,0x33,0x37,0x00,0x34,0x25,0x38,0x41,0x38,0x2D,0x27,
0x33,0x37,0xFC,0x37,0x2D,0x32,0x00,0x31,0x42,0xDD,0xE9,0xFD,0x1B,0x39,0x29,0x36,
0x29,0x31,0x33,0x37,0x00,0x27,0x36,0x29,0x25,0x36,0x00,0x39,0x32,0xFC,0x0B,0x37,
0x29,0x32,0x38,0x25,0x31,0x2D,0x29,0x32,0x38,0x33,0x00,0x30,0x2D,0x26,0x36,0x29,
0x00,0x28,0x29,0xFC,0x1C,0x29,0x34,0x30,0x33,0x2D,0x28,0x29,0x37,0x00,0x27,0x33,
0x31,0x33,0x00,0x38,0x44,0xE5,0xFD,0x0B,0x37,0x42,0x00,0x35,0x39,0x29,0x00,0x28,
0x29,0x2E,0x25,0x00,0x28,0x29,0xFC,0x31,0x29,0x36,0x33,0x28,0x29,0x25,0x36,0x00,
0x34,0x33,0x36,0x00,0x25,0x35,0x39,0x42,0xE5,0xFF,0xF3,0x32,0x1E,0x44,0x00,0x33,
0x38,0x36,0x25,0x00,0x3A,0x29,0x3E,0xE5,0xE5,0xE5,0xFD,0x4F,0x18,0x33,0x00,0x29,
0x37,0x27,0x39,0x27,0x2C,0x25,0x37,0x38,0x29,0x00,0x30,0x33,0xFC,0x35,0x39,0x29,
0x00,0x38,0x29,0x00,0x28,0x2D,0x2E,0x29,0x00,0x30,0x25,0xFC,0x44,0x30,0x38,0x2D,
0x31,0x25,0x00,0x3A,0x29,0x3E,0xDD,0xFD,0x4E,0x18,0x33,0x00,0x3A,0x39,0x29,0x30,
0x3A,0x25,0x37,0x00,0x25,0xFC,0x31,0x33,0x37,0x38,0x36,0x25,0x36,0x38,0x29,0x00,
0x34,0x33,0x36,0x00,0x25,0x35,0x39,0x42,0xCA,0xFF,0xF3,0x32,0x19,0x3D,0x29,0xE8,
0x00,0x38,0x44,0xE5,0xE5,0xE5,0xFD,0x0F,0x36,0x29,0x37,0x00,0x39,0x32,0x00,0x1C,
0x29,0x34,0x30,0x33,0x2D,0x28,0x29,0x00,0x28,0x29,0xFC,0x27,0x33,0x31,0x26,0x25,
0x38,0x29,0xE8,0x00,0x4F,0x32,0x33,0xDD,0xFD,0x1B,0x39,0x2D,0x3E,0x40,0x00,0x32,
0x33,0x00,0x38,0x29,0x00,0x2D,0x32,0x38,0x29,0x36,0x29,0x37,0x29,0xE8,0xFC,0x34,
0x29,0x36,0x33,0x00,0x38,0x29,0x32,0x2B,0x33,0x00,0x39,0x32,0x00,0x31,0x25,0x30,
0xFC,0x36,0x29,0x27,0x39,0x29,0x36,0x28,0x33,0x00,0x28,0x29,0x00,0x39,0x32,0x33,
0xE5,0xE5,0xE5,0xFD,0x18,0x39,0x29,0x37,0x38,0x36,0x33,0x00,0x30,0x42,0x28,0x29,
0x36,0x00,0x22,0x00,0x2A,0x39,0x29,0xFC,0x28,0x29,0x36,0x36,0x33,0x38,0x25,0x28,
0x33,0x00,0x34,0x33,0x36,0x00,0x39,0x32,0xFC,0x1C,0x29,0x34,0x30,0x33,0x2D,0x28,
0x29,0x00,0x30,0x29,0x2B,0x29,0x32,0x28,0x25,0x36,0x2D,0x33,0xFD,0x27,0x33,0x32,
0x00,0x39,0x32,0x25,0x00,0x29,0x37,0x34,0x25,0x28,0x25,0xFC,0x26,0x36,0x2D,0x30,
0x30,0x25,0x32,0x38,0x29,0xE5,0xFD,0x10,0x39,0x29,0x00,0x29,0x32,0x38,0x33,0x32,
0x27,0x29,0x37,0x00,0x27,0x39,0x25,0x32,0x28,0x33,0xFC,0x32,0x39,0x29,0x37,0x38,
0x36,0x25,0x00,0x39,0x38,0x33,0x34,0x42,0x25,0x00,0x28,0x29,0xFC,0x18,0x29,0x33,
0x00,0x0B,0x36,0x27,0x25,0x28,0x2D,0x25,0x00,0x27,0x25,0x3D,0x43,0xE5,0xFD,0x0E,
0x39,0x29,0x30,0x29,0x00,0x37,0x33,0x30,0x33,0xFC,0x34,0x29,0x32,0x37,0x25,0x36,
0x30,0x33,0xE5,0xE5,0xE5,0xFF,0xF3,0x32,0x4F,0x1B,0x39,0x41,0x00,0x33,0x27,0x39,
0x36,0x36,0x29,0xDD,0xFD,0x18,0x33,0x00,0x37,0x25,0x26,0x42,0x25,0x37,0x00,0x28,
0x29,0x00,0x29,0x37,0x29,0xFC,0x1C,0x29,0x34,0x30,0x33,0x2D,0x28,0x29,0xE8,0x00,
0x4F,0x3A,0x29,0x36,0x28,0x25,0x28,0xDD,0xFD,0x19,0x28,0x2D,0x33,0x00,0x30,0x25,
0x00,0x3A,0x2D,0x33,0x30,0x29,0x32,0x27,0x2D,0x25,0xE8,0xFC,0x34,0x29,0x36,0x33,
0x00,0x37,0x2D,0x00,0x0B,0x16,0x11,0x1F,0x18,0x0B,0x00,0x20,0x0F,0x24,0xFC,0x30,
0x33,0x00,0x29,0x32,0x27,0x39,0x29,0x32,0x38,0x36,0x33,0xE8,0x00,0x3D,0x33,0xE5,
0xE5,0xE5,0xFD,0x12,0x25,0x36,0x41,0x00,0x35,0x39,0x29,0x00,0x29,0x37,0x29,0xFC,
0x1C,0x29,0x34,0x30,0x33,0x2D,0x28,0x29,0x00,0x27,0x33,0x31,0x34,0x25,0x36,0x38,
0x25,0xFC,0x29,0x30,0x00,0x28,0x29,0x37,0x38,0x2D,0x32,0x33,0x00,0x28,0x29,0x00,
0x22,0xE5,0xFF,0xF3,0x32,0xD3,0x37,0x39,0x37,0x34,0x2D,0x36,0x33,0xD3,0xFC,0x18,
0x39,0x29,0x37,0x38,0x36,0x33,0x00,0x34,0x33,0x26,0x36,0x29,0xFC,0x0B,0x37,0x29,
0x32,0x38,0x25,0x31,0x2D,0x29,0x32,0x38,0x33,0xE5,0xE5,0xE5,0xFD,0x4E,0x0B,0x2C,
0x2C,0xCA,0xFD,0x1D,0x25,0x26,0x42,0x25,0x00,0x35,0x39,0x29,0x00,0x39,0x32,0xFC,
0x1C,0x29,0x34,0x30,0x33,0x2D,0x28,0x29,0x00,0x38,0x36,0x25,0x29,0x36,0x42,0x25,
0xFC,0x34,0x36,0x33,0x26,0x30,0x29,0x31,0x25,0x37,0xE5,0xFF,0xF3,0x32,0x4F,0x18,
0x29,0x2D,0x2B,0x29,0xDD,0xFD,0x4F,0x1A,0x33,0x36,0x00,0x35,0x39,0x41,0x00,0x28,
0x29,0x26,0x29,0x36,0x42,0x25,0x31,0x33,0x37,0xFC,0x25,0x36,0x36,0x2D,0x29,0x37,
0x2B,0x25,0x36,0x32,0x33,0x37,0x00,0x34,0x33,0x36,0xFC,0x29,0x30,0x30,0x25,0xDD,
0xFD,0x4E,0x1D,0x29,0x00,0x31,0x29,0x36,0x29,0x27,0x29,0x00,0x30,0x33,0x00,0x35,
0x39,0x29,0xFC,0x30,0x29,0x00,0x34,0x25,0x37,0x29,0xCA,0xFF,0xF3,0x32,0x4E,0x12,
0x31,0x34,0x2C,0xCA,0xFC,0x4F,0x0B,0x37,0x42,0x00,0x35,0x39,0x29,0x00,0x29,0x36,
0x29,0x37,0x00,0x29,0x30,0xFC,0x1C,0x29,0x34,0x30,0x33,0x2D,0x28,0x29,0x00,0x30,
0x29,0x2B,0x29,0x32,0x28,0x25,0x36,0x2D,0x33,0xDD,0xFD,0x18,0x33,0x00,0x34,0x39,
0x29,0x28,0x33,0x00,0x27,0x36,0x29,0x29,0x36,0x30,0x33,0xE5,0xFD,0x16,0x33,0x00,
0x37,0x2D,0x29,0x32,0x38,0x33,0xE5,0xE5,0xE5,0xFD,0x18,0x33,0x37,0x00,0x37,0x25,
0x30,0x3A,0x25,0x37,0x38,0x29,0xE8,0x00,0x32,0x33,0xFC,0x28,0x29,0x26,0x29,0x36,
0x42,0x25,0x00,0x2C,0x25,0x26,0x30,0x25,0x36,0x00,0x25,0x37,0x42,0xE5,0xFF,0xF3,
0x32,0x11,0x36,0x25,0x27,0x2D,0x25,0x37,0x00,0x34,0x33,0x36,0xFC,0x37,0x25,0x30,
0x3A,0x25,0x36,0x00,0x25,0x00,0x18,0x29,0x2D,0x2B,0x29,0xE5,0xE5,0xE5,0xFD,0x1D,
0x2D,0x32,0x00,0x38,0x2D,0xE8,0x00,0x32,0x33,0x00,0x37,0x41,0x00,0x35,0x39,0x41,
0xFC,0x2C,0x25,0x26,0x36,0x42,0x25,0x00,0x34,0x25,0x37,0x25,0x28,0x33,0x00,0x27,
0x33,0x32,0xFC,0x29,0x30,0x30,0x25,0xE5,0xFF,0xF3,0x32,0x0E,0x29,0x37,0x28,0x29,
0x00,0x35,0x39,0x29,0x00,0x29,0x30,0x00,0x0E,0x36,0xE5,0xFC,0x21,0x29,0x2D,0x30,
0x00,0x38,0x33,0x31,0x43,0x00,0x29,0x30,0x00,0x27,0x33,0x32,0x38,0x36,0x33,0x30,
0xE8,0xFC,0x18,0x29,0x33,0x00,0x0B,0x36,0x27,0x25,0x28,0x2D,0x25,0x00,0x37,0x29,
0x00,0x2C,0x25,0xFD,0x30,0x30,0x29,0x32,0x25,0x28,0x33,0x00,0x28,0x29,0x00,0x2C,
0x33,0x36,0x36,0x33,0x36,0xFC,0x3D,0x00,0x31,0x2D,0x29,0x28,0x33,0xE5,0xE5,0xE5,
0xFD,0x0B,0x44,0x32,0x00,0x37,0x29,0x00,0x31,0x29,0x00,0x30,0x30,0x29,0x32,0x25,
0x32,0x00,0x30,0x33,0x37,0xFC,0x33,0x2E,0x33,0x37,0x00,0x28,0x29,0x00,0x30,0x40,
0x2B,0x36,0x2D,0x31,0x25,0x37,0x00,0x25,0x30,0xFC,0x36,0x29,0x27,0x33,0x36,0x28,
0x25,0x36,0x00,0x29,0x30,0xFD,0x37,0x39,0x2A,0x36,0x2D,0x31,0x2D,0x29,0x32,0x38,
0x33,0x00,0x28,0x29,0xFC,0x35,0x39,0x2D,0x29,0x32,0x29,0x37,0x00,0x31,0x29,0xFC,
0x36,0x33,0x28,0x29,0x25,0x26,0x25,0x32,0xE5,0xE5,0xE5,0xFF,0xF3,0x32,0x18,0x39,
0x32,0x27,0x25,0x00,0x2C,0x25,0x26,0x30,0x41,0x00,0x27,0x33,0x32,0xFC,0x1C,0x29,
0x34,0x30,0x33,0x2D,0x28,0x29,0x37,0x00,0x28,0x29,0x37,0x28,0x29,0x00,0x35,0x39,
0x29,0xFC,0x39,0x32,0x33,0x00,0x28,0x29,0x00,0x29,0x30,0x30,0x33,0x37,0xFD,0x31,
0x25,0x38,0x43,0x00,0x25,0x00,0x31,0x2D,0x37,0x00,0x34,0x25,0x28,0x36,0x29,0x37,
0xE5,0xE5,0xE5,0xFD,0x0E,0x29,0x37,0x34,0x39,0x41,0x37,0x00,0x28,0x29,0x00,0x27,
0x33,0x32,0x33,0x27,0x29,0x36,0x38,0x29,0xE8,0xFC,0x37,0x41,0x00,0x35,0x39,0x29,
0x00,0x2C,0x25,0x3D,0x00,0x25,0x30,0x2B,0x39,0x32,0x33,0x37,0xFC,0x1C,0x29,0x34,
0x30,0x33,0x2D,0x28,0x29,0x37,0x00,0x26,0x39,0x29,0x32,0x33,0x37,0xE5,0xFF,0xF3,
0x32,0x1F,0x32,0x25,0x00,0x3A,0x29,0x3E,0x00,0x35,0x39,0x29,0x00,0x31,0x2D,0x00,
0x3A,0x2D,0x28,0x25,0xFC,0x2A,0x39,0x29,0x36,0x25,0x00,0x37,0x29,0x00,0x29,0x37,
0x38,0x25,0x26,0x2D,0x30,0x2D,0x27,0x29,0xE8,0xFC,0x35,0x39,0x2D,0x29,0x36,0x33,
0x00,0x38,0x36,0x25,0x29,0x36,0x00,0x25,0x00,0x31,0x2D,0x37,0xFD,0x2C,0x29,0x36,
0x31,0x25,0x32,0x33,0x37,0x00,0x25,0x35,0x39,0x42,0x00,0x28,0x29,0x37,0x28,0x29,
0xFC,0x18,0x29,0x33,0x00,0x0B,0x36,0x27,0x25,0x28,0x2D,0x25,0xE5,0xFF,0xF3,0x32,
0x17,0x29,0x00,0x34,0x36,0x29,0x2B,0x39,0x32,0x38,0x33,0x00,0x27,0x43,0x31,0x33,
0xFC,0x29,0x37,0x38,0x25,0x36,0x40,0x32,0x00,0x31,0x2D,0x37,0x00,0x2C,0x29,0x36,
0x31,0x25,0x32,0x33,0x37,0xFC,0x25,0x2C,0x33,0x36,0x25,0xE5,0xE5,0xE5,0xFD,0x18,
0x33,0x00,0x34,0x39,0x29,0x28,0x33,0x00,0x29,0x37,0x34,0x29,0x36,0x25,0x36,0xFC,
0x34,0x25,0x36,0x25,0x00,0x3A,0x29,0x36,0x30,0x33,0x37,0x00,0x28,0x29,0xFC,0x32,
0x39,0x29,0x3A,0x33,0xE5,0xFF,0xF3,0x32,0x45,0x36,0x29,0x25,0x00,0x24,0x29,0x36,
0x33,0xE5,0xE5,0xE5,0xFD,0x1D,0x2D,0x32,0x00,0x32,0x25,0x38,0x39,0x36,0x25,0x30,
0x29,0x3E,0x25,0xE5,0xE5,0xE5,0xFC,0x1D,0x2D,0x32,0x00,0x29,0x37,0x34,0x29,0x36,
0x25,0x32,0x3E,0x25,0xE5,0xE5,0xE5,0xFD,0x1E,0x33,0x28,0x33,0x37,0x00,0x2C,0x25,
0x26,0x42,0x25,0x32,0xFC,0x36,0x29,0x32,0x39,0x32,0x27,0x2D,0x25,0x28,0x33,0x00,
0x25,0x00,0x29,0x37,0x38,0x29,0xFC,0x31,0x39,0x32,0x28,0x33,0xE5,0xE5,0xE5,0xFD,
0x1A,0x29,0x36,0x33,0x00,0x29,0x30,0x00,0x31,0x39,0x32,0x28,0x33,0x00,0x32,0x33,
0xFC,0x2C,0x25,0x26,0x42,0x25,0x00,0x36,0x29,0x32,0x39,0x32,0x27,0x2D,0x25,0x28,
0x33,0xE5,0xFD,0x0F,0x37,0x38,0x29,0x00,0x30,0x39,0x2B,0x25,0x36,0x00,0x29,0x37,
0x00,0x29,0x30,0xFC,0x27,0x33,0x31,0x2D,0x29,0x32,0x3E,0x33,0x00,0x28,0x29,0x00,
0x39,0x32,0xFC,0x32,0x39,0x29,0x3A,0x33,0x00,0x2D,0x32,0x2D,0x27,0x2D,0x33,0xE5,
0xFD,0x24,0x29,0x36,0x33,0xE5,0xE5,0xE5,0xFD,0x0B,0x2C,0x33,0x36,0x25,0xE8,0x00,
0x2C,0x39,0x31,0x25,0x32,0x33,0x37,0x00,0x3D,0xFC,0x1C,0x29,0x34,0x30,0x33,0x2D,
0x28,0x29,0x37,0x00,0x28,0x29,0x26,0x29,0x32,0xFC,0x38,0x36,0x25,0x26,0x25,0x2E,
0x25,0x36,0x00,0x2E,0x39,0x32,0x38,0x33,0x37,0xFD,0x34,0x25,0x36,0x25,0x00,0x34,
0x36,0x29,0x37,0x29,0x36,0x3A,0x25,0x36,0x00,0x29,0x37,0x38,0x25,0xFC,0x3A,0x25,
0x30,0x2D,0x33,0x37,0x25,0x00,0x33,0x34,0x33,0x36,0x38,0x39,0x32,0x2D,0x28,0x25,
0x28,0xFC,0x34,0x25,0x36,0x25,0x00,0x30,0x25,0x37,0x00,0x2A,0x39,0x38,0x39,0x36,
0x25,0x37,0xFD,0x2B,0x29,0x32,0x29,0x36,0x25,0x27,0x2D,0x33,0x32,0x29,0x37,0xE5,
0xFF,0xF3,0x32,0x0D,0x39,0x25,0x32,0x28,0x33,0x00,0x37,0x25,0x30,0x42,0x00,0x34,
0x33,0x36,0xFC,0x34,0x36,0x2D,0x31,0x29,0x36,0x25,0x00,0x3A,0x29,0x3E,0x00,0x28,
0x29,0x00,0x18,0x29,0x33,0xFC,0x0B,0x36,0x27,0x25,0x28,0x2D,0x25,0xE8,0x00,0x32,
0x39,0x32,0x27,0x25,0xFD,0x34,0x29,0x32,0x37,0x41,0x00,0x35,0x39,0x29,0x00,0x27,
0x33,0x32,0x2A,0x2D,0x25,0x36,0x42,0x25,0xFC,0x29,0x32,0x00,0x39,0x32,0x00,0x1C,
0x29,0x34,0x30,0x33,0x2D,0x28,0x29,0xE5,0xFC,0x24,0x29,0x36,0x33,0xE8,0x00,0x37,
0x2D,0x00,0x2C,0x25,0x3D,0x00,0x33,0x38,0x36,0x33,0x37,0xFD,0x27,0x33,0x31,0x33,
0x00,0x38,0x44,0xE8,0x00,0x30,0x25,0xFC,0x2C,0x39,0x31,0x25,0x32,0x2D,0x28,0x25,
0x28,0x00,0x29,0x37,0x38,0x40,0x00,0x29,0x32,0xFC,0x26,0x39,0x29,0x32,0x25,0x37,
0x00,0x31,0x25,0x32,0x33,0x37,0xE5,0xE5,0xE5,0xFF,0xF3,0x34,0x19,0x2C,0xE8,0x00,
0x1D,0x36,0xE5,0x00,0x1C,0x29,0x34,0x30,0x33,0x2D,0x28,0x29,0xE5,0xE5,0xE5,0xFD,
0x18,0x33,0x00,0x28,0x29,0x26,0x29,0x36,0x42,0x25,0x37,0x00,0x29,0x37,0x38,0x25,
0x36,0xFC,0x25,0x35,0x39,0x42,0xE5,0xE5,0xE5,0xFD,0x12,0x25,0x3D,0x00,0x31,0x39,
0x27,0x2C,0x25,0x37,0x00,0x34,0x29,0x36,0x37,0x33,0x32,0x25,0x37,0xFC,0x34,0x33,
0x36,0x00,0x25,0x35,0x39,0x42,0x00,0x25,0x00,0x30,0x25,0x37,0x00,0x35,0x39,0x29,
0xFC,0x32,0x33,0x00,0x30,0x29,0x37,0x00,0x2B,0x39,0x37,0x38,0x25,0x32,0x00,0x30,
0x33,0x37,0xFD,0x1C,0x29,0x34,0x30,0x33,0x2D,0x28,0x29,0x37,0xE5,0xE5,0xE5,0xFF,
0xF3,0x34,0x1D,0x36,0xE5,0x00,0x1C,0x29,0x34,0x30,0x33,0x2D,0x28,0x29,0xE5,0xE5,
0xE5,0xFD,0x0E,0x29,0x26,0x29,0x36,0x42,0x25,0x37,0x00,0x2D,0x36,0x38,0x29,0x00,
0x28,0x29,0xFC,0x25,0x35,0x39,0x42,0xE5,0xFD,0x0F,0x37,0x00,0x31,0x29,0x2E,0x33,
0x36,0x00,0x34,0x25,0x36,0x25,0xFC,0x25,0x31,0x26,0x33,0x37,0x00,0x25,0x37,0x42,
0xE5,0xE5,0xE5,0xFF,0xF3,0x34,0x1D,0x36,0xE5,0x00,0x1C,0x29,0x34,0x30,0x33,0x2D,
0x28,0x29,0xE8,0x00,0x30,0x33,0xFC,0x37,0x2D,0x29,0x32,0x38,0x33,0xE5,0xE5,0xE5,
0xFD,0x16,0x25,0x00,0x2B,0x29,0x32,0x38,0x29,0x00,0x28,0x29,0x00,0x34,0x33,0x36,
0x00,0x25,0x35,0x39,0x42,0xFC,0x32,0x33,0x00,0x29,0x37,0x00,0x25,0x31,0x25,0x26,
0x30,0x29,0x00,0x27,0x33,0x32,0x00,0x30,0x33,0x37,0xFC,0x1C,0x29,0x34,0x30,0x33,
0x2D,0x28,0x29,0x37,0xE5,0xE5,0xE5,0xFD,0x1A,0x29,0x36,0x33,0xE5,0xE5,0xE5,0xFD,
0x0F,0x37,0x00,0x34,0x33,0x36,0x35,0x39,0x29,0x00,0x38,0x33,0x28,0x33,0x37,0x00,
0x37,0x29,0xFC,0x2C,0x25,0x32,0x00,0x3A,0x2D,0x37,0x38,0x33,0x00,0x29,0x32,0x3A,
0x39,0x29,0x30,0x38,0x33,0x37,0xFC,0x29,0x32,0x00,0x30,0x25,0x37,0xFD,0x2B,0x39,
0x29,0x36,0x36,0x25,0x37,0x00,0x29,0x32,0x38,0x36,0x29,0xFC,0x1C,0x29,0x34,0x30,
0x33,0x2D,0x28,0x29,0x37,0xE5,0xE5,0xE5,0xFD,0x18,0x33,0x00,0x34,0x39,0x29,0x28,
0x29,0x32,0x00,0x29,0x3A,0x2D,0x38,0x25,0x36,0xFC,0x37,0x29,0x32,0x38,0x2D,0x36,
0x37,0x29,0x00,0x25,0x37,0x42,0xE5,0xFF,0xF3,0x34,0x13,0x32,0x27,0x30,0x39,0x37,
0x33,0x00,0x31,0x2D,0x00,0x2A,0x25,0x31,0x2D,0x30,0x2D,0x25,0xFC,0x37,0x29,0x00,
0x3A,0x2D,0x33,0x00,0x25,0x2A,0x29,0x27,0x38,0x25,0x28,0x25,0xE5,0xE5,0xE5,0xFD,
0x0E,0x29,0x37,0x25,0x34,0x25,0x36,0x29,0x27,0x2D,0x29,0x36,0x33,0x32,0xFC,0x28,
0x39,0x36,0x25,0x32,0x38,0x29,0x00,0x30,0x25,0x37,0x00,0x2B,0x39,0x29,0x36,0x36,
0x25,0x37,0xFC,0x28,0x29,0x00,0x1C,0x29,0x34,0x30,0x33,0x2D,0x28,0x29,0x37,0xE5,
0xFD,0x0E,0x29,0x00,0x3A,0x29,0x36,0x28,0x25,0x28,0x00,0x28,0x29,0x37,0x29,0x25,
0x36,0x42,0x25,0xFC,0x34,0x33,0x28,0x29,0x36,0x00,0x3A,0x29,0x36,0x00,0x25,0x00,
0x31,0x25,0x31,0x40,0x00,0x3D,0xFC,0x34,0x25,0x34,0x40,0x00,0x33,0x38,0x36,0x25,
0x00,0x3A,0x29,0x3E,0xE5,0xFF,0xF3,0x34,0x1D,0x36,0xE5,0x00,0x1C,0x29,0x34,0x30,
0x33,0x2D,0x28,0x29,0xE5,0xE5,0xE5,0xFD,0x0F,0x37,0x00,0x31,0x29,0x2E,0x33,0x36,
0x00,0x35,0x39,0x29,0x00,0x32,0x33,0xFC,0x3A,0x39,0x29,0x30,0x3A,0x25,0x37,0x00,
0x25,0x00,0x28,0x29,0x2E,0x25,0x36,0x38,0x29,0xFC,0x3A,0x29,0x36,0x00,0x34,0x33,
0x36,0x00,0x25,0x35,0x39,0x42,0xE5,0xFD,0x1D,0x41,0x00,0x35,0x39,0x29,0x00,0x32,
0x33,0x00,0x29,0x36,0x29,0x37,0x00,0x39,0x32,0xFC,0x31,0x25,0x30,0x00,0x38,0x2D,
0x34,0x33,0x00,0x3D,0x00,0x38,0x33,0x28,0x33,0xE5,0xE5,0xE5,0xFD,0x4E,0x0B,0x2C,
0xE8,0x00,0x27,0x25,0x37,0x2D,0x00,0x30,0x33,0x00,0x33,0x30,0x3A,0x2D,0x28,0x33,
0xCA,0xFD,0x0F,0x32,0x27,0x33,0x32,0x38,0x36,0x41,0x00,0x29,0x37,0x38,0x33,0x00,
0x3D,0xFC,0x35,0x39,0x29,0x36,0x42,0x25,0x00,0x28,0x40,0x36,0x38,0x29,0x30,0x33,
0xE5,0xFD,0x1A,0x29,0x36,0x33,0x00,0x32,0x33,0x00,0x37,0x29,0x00,0x30,0x33,0x00,
0x28,0x2D,0x2B,0x25,0x37,0xFC,0x25,0x00,0x32,0x25,0x28,0x2D,0x29,0xE5,0x00,0x17,
0x29,0x00,0x28,0x25,0x36,0x42,0x25,0xFC,0x31,0x2D,0x29,0x28,0x33,0x00,0x34,0x29,
0x32,0x37,0x25,0x36,0x00,0x35,0x39,0x41,0xFD,0x34,0x25,0x37,0x25,0x36,0x42,0x25,
0x00,0x37,0x2D,0x00,0x37,0x39,0x34,0x2D,0x29,0x36,0x25,0x32,0xFC,0x35,0x39,0x29,
0x00,0x25,0x3D,0x39,0x28,0x33,0x00,0x25,0x00,0x39,0x32,0xFC,0x1C,0x29,0x34,0x30,
0x33,0x2D,0x28,0x29,0xE5,0xFF,0xF3,0x34,0x4F,0x0B,0x37,0x42,0x00,0x35,0x39,0x29,
0x00,0x29,0x37,0x38,0x33,0x00,0x29,0x37,0xFC,0x45,0x36,0x29,0x25,0x00,0x24,0x29,
0x36,0x33,0xDD,0xFD,0x0B,0x30,0x00,0x34,0x25,0x36,0x29,0x27,0x29,0x36,0xE8,0x00,
0x25,0x35,0x39,0x42,0xFC,0x27,0x25,0x3D,0x43,0x00,0x30,0x25,0x00,0x27,0x33,0x30,
0x33,0x32,0x2D,0x25,0xFC,0x2C,0x25,0x27,0x29,0x00,0x31,0x39,0x27,0x2C,0x33,0xE5,
0xE5,0xE5,0xFD,0x10,0x39,0x29,0x00,0x31,0x39,0x27,0x2C,0x33,0x00,0x25,0x32,0x38,
0x29,0x37,0xFC,0x2D,0x32,0x27,0x30,0x39,0x37,0x33,0x00,0x28,0x29,0x30,0x00,0x38,
0x2D,0x29,0x31,0x34,0x33,0xFC,0x28,0x29,0x00,0x31,0x2D,0x37,0x00,0x25,0x26,0x39,
0x29,0x30,0x33,0x37,0xE5,0xFF,0xF3,0x34,0x0B,0x37,0x42,0x00,0x35,0x39,0x29,0x00,
0x29,0x36,0x25,0x37,0x00,0x29,0x37,0x29,0xFC,0x2A,0x25,0x31,0x33,0x37,0x33,0x00,
0x1C,0x29,0x34,0x30,0x33,0x2D,0x28,0x29,0x00,0x38,0x33,0x28,0x33,0xFC,0x29,0x37,
0x38,0x29,0x00,0x38,0x2D,0x29,0x31,0x34,0x33,0xE8,0x00,0x4F,0x29,0x2C,0xDD,0xFD,
0x1D,0x2D,0x00,0x28,0x29,0x00,0x3A,0x29,0x36,0x28,0x25,0x28,0x00,0x30,0x33,0xFC,
0x29,0x36,0x29,0x37,0xE8,0x00,0x29,0x32,0x38,0x33,0x32,0x27,0x29,0x37,0xE5,0xE5,
0xE5,0xFD,0x4E,0x1A,0x33,0x36,0x00,0x2A,0x25,0x3A,0x33,0x36,0xE8,0x00,0x25,0x3D,
0x39,0x28,0x25,0x00,0x25,0xFC,0x18,0x29,0x2D,0x2B,0x29,0xCA,0xFF,0xF3,0x34,0x1D,
0x41,0x00,0x35,0x39,0x29,0x00,0x32,0x33,0x00,0x29,0x37,0x38,0x40,0x00,0x26,0x2D,
0x29,0x32,0xFC,0x35,0x39,0x29,0x00,0x30,0x33,0x37,0x00,0x31,0x2D,0x37,0x31,0x33,
0x37,0xFC,0x2C,0x39,0x31,0x25,0x32,0x33,0x37,0x00,0x35,0x39,0x29,0x00,0x2C,0x25,
0x26,0x30,0x25,0x26,0x25,0x32,0xFD,0x31,0x25,0x30,0x00,0x28,0x29,0x00,0x38,0x2D,
0x00,0x25,0x2C,0x33,0x36,0x25,0x00,0x38,0x29,0xFC,0x2C,0x25,0x2B,0x25,0x32,0x00,
0x34,0x29,0x38,0x2D,0x27,0x2D,0x33,0x32,0x29,0x37,0xE8,0xFC,0x34,0x29,0x36,0x33,
0x00,0x38,0x44,0x00,0x29,0x36,0x29,0x37,0xFD,0x29,0x30,0x00,0x44,0x32,0x2D,0x27,
0x33,0x00,0x35,0x39,0x29,0x00,0x34,0x39,0x29,0x28,0x29,0xFC,0x37,0x25,0x30,0x3A,
0x25,0x36,0x00,0x25,0x00,0x18,0x29,0x2D,0x2B,0x29,0xE5,0xE5,0xE5,0xFF,0xF3,0x34,
0x11,0x36,0x25,0x27,0x2D,0x25,0x37,0xE8,0x00,0x1D,0x36,0xE5,0x00,0x24,0x29,0x36,
0x33,0xE5,0xFD,0x0F,0x30,0x00,0x35,0x39,0x29,0x00,0x2C,0x25,0x3D,0x25,0x37,0x00,
0x37,0x25,0x30,0x3A,0x25,0x28,0x33,0xFC,0x25,0x00,0x18,0x29,0x2D,0x2B,0x29,0x00,
0x25,0x3D,0x39,0x28,0x25,0x00,0x25,0x00,0x35,0x39,0x29,0xFC,0x30,0x25,0x00,0x2B,
0x29,0x32,0x38,0x29,0x00,0x28,0x29,0x30,0xFD,0x0B,0x37,0x29,0x32,0x38,0x25,0x31,
0x2D,0x29,0x32,0x38,0x33,0x00,0x37,0x29,0xFC,0x37,0x2D,0x29,0x32,0x38,0x25,0x00,
0x27,0x33,0x31,0x34,0x30,0x29,0x38,0x25,0x00,0x33,0x38,0x36,0x25,0xFC,0x3A,0x29,
0x3E,0xE8,0x00,0x28,0x29,0x00,0x25,0x30,0x2B,0x44,0x32,0x00,0x31,0x33,0x28,0x33,
0xE5,0xFF,0xF3,0x34,0x0F,0x36,0x25,0x00,0x38,0x25,0x30,0x00,0x27,0x33,0x31,0x33,
0x00,0x30,0x33,0xFC,0x34,0x29,0x32,0x37,0x25,0x26,0x25,0xE5,0xFD,0x1D,0x25,0x26,
0x42,0x25,0x00,0x35,0x39,0x29,0x00,0x32,0x33,0x00,0x29,0x36,0x25,0x37,0xFC,0x31,
0x25,0x30,0x33,0x00,0x28,0x29,0x37,0x34,0x39,0x41,0x37,0x00,0x28,0x29,0xFC,0x38,
0x33,0x28,0x33,0xE5,0xFF,0xF3,0x34,0x1D,0x36,0xE5,0x00,0x24,0x29,0x36,0x33,0xE5,
0xE5,0xE5,0xFD,0x0F,0x37,0x38,0x25,0x26,0x25,0x00,0x31,0x39,0x3D,0xFC,0x34,0x36,
0x29,0x33,0x27,0x39,0x34,0x25,0x28,0x25,0x00,0x27,0x39,0x25,0x32,0x28,0x33,0xFC,
0x37,0x25,0x30,0x42,0x00,0x28,0x29,0x00,0x18,0x29,0x33,0x00,0x0B,0x36,0x27,0x25,
0x28,0x2D,0x25,0xFD,0x34,0x33,0x36,0x00,0x34,0x36,0x2D,0x31,0x29,0x36,0x25,0x00,
0x3A,0x29,0x3E,0xE8,0xFC,0x34,0x29,0x36,0x33,0x00,0x25,0x2C,0x33,0x36,0x25,0x00,
0x37,0x41,0x00,0x35,0x39,0x29,0xFC,0x34,0x39,0x29,0x28,0x33,0x00,0x30,0x33,0x2B,
0x36,0x25,0x36,0x30,0x33,0x00,0x29,0x32,0xFD,0x45,0x36,0x29,0x25,0x00,0x24,0x29,
0x36,0x33,0xE5,0xFF,0xF3,0x34,0x1D,0x36,0xE5,0x00,0x24,0x29,0x36,0x33,0xE5,0xE5,
0xE5,0xFD,0x17,0x29,0x00,0x34,0x36,0x29,0x2B,0x39,0x32,0x38,0x33,0x00,0x37,0x2D,
0x00,0x29,0x30,0xFC,0x27,0x33,0x36,0x25,0x3E,0x43,0x32,0x00,0x2C,0x39,0x31,0x25,
0x32,0x33,0x00,0x34,0x39,0x29,0x28,0x29,0xFC,0x37,0x25,0x32,0x25,0x36,0x00,0x27,
0x33,0x31,0x33,0x00,0x30,0x25,0xFD,0x32,0x25,0x38,0x39,0x36,0x25,0x30,0x29,0x3E,
0x25,0x00,0x29,0x32,0xFC,0x45,0x36,0x29,0x25,0x00,0x24,0x29,0x36,0x33,0xE5,0xE5,
0xE5,0xFF,0xF3,0x34,0x1D,0x36,0xE5,0x00,0x24,0x29,0x36,0x33,0xE5,0xE5,0xE5,0xFD,
0x11,0x36,0x25,0x27,0x2D,0x25,0x37,0x00,0x25,0x00,0x39,0x37,0x38,0x29,0x28,0xE8,
0xFC,0x3A,0x39,0x29,0x30,0x3A,0x33,0x00,0x25,0x00,0x3A,0x29,0x36,0x00,0x37,0x33,
0x32,0x36,0x2D,0x37,0x25,0x37,0xFC,0x29,0x32,0x00,0x30,0x33,0x37,0x00,0x36,0x33,
0x37,0x38,0x36,0x33,0x37,0x00,0x28,0x29,0x00,0x30,0x25,0xFD,0x2B,0x29,0x32,0x38,
0x29,0x00,0x25,0x35,0x39,0x42,0x00,0x29,0x32,0x00,0x29,0x30,0xFC,0x0B,0x37,0x29,
0x32,0x38,0x25,0x31,0x2D,0x29,0x32,0x38,0x33,0xE5,0xE5,0xE5,0xFF,0xF3,0x34,0x0B,
0x3D,0x29,0x36,0x00,0x37,0x25,0x30,0x42,0x00,0x25,0x00,0x27,0x25,0x31,0x2D,0x32,
0x25,0x36,0xFC,0x2A,0x39,0x29,0x36,0x25,0x00,0x28,0x29,0x30,0xFC,0x0B,0x37,0x29,
0x32,0x38,0x25,0x31,0x2D,0x29,0x32,0x38,0x33,0x00,0x3D,0xFD,0x4E,0x29,0x32,0x27,
0x33,0x32,0x38,0x36,0x41,0x00,0x39,0x32,0x00,0x38,0x36,0x41,0x26,0x33,0x30,0xFC,
0x28,0x29,0x00,0x27,0x39,0x25,0x38,0x36,0x33,0x00,0x2C,0x33,0x2E,0x25,0x37,0xCA,
0xFD,0x17,0x2D,0x00,0x25,0x26,0x39,0x29,0x30,0x25,0x00,0x37,0x33,0x30,0x42,0x25,
0xFC,0x28,0x29,0x27,0x2D,0x36,0x31,0x29,0x00,0x35,0x39,0x29,0x00,0x30,0x33,0x37,
0xFC,0x38,0x36,0x41,0x26,0x33,0x30,0x29,0x37,0x00,0x28,0x29,0x00,0x27,0x39,0x25,
0x38,0x36,0x33,0xFD,0x2C,0x33,0x2E,0x25,0x37,0x00,0x30,0x29,0x00,0x36,0x29,0x27,
0x33,0x36,0x28,0x25,0x26,0x25,0x32,0xFC,0x25,0x00,0x37,0x39,0x00,0x25,0x31,0x25,
0x26,0x30,0x29,0x00,0x34,0x36,0x33,0x2A,0x29,0x37,0x33,0x36,0xFC,0x1C,0x29,0x34,
0x30,0x33,0x2D,0x28,0x29,0xE5,0xE5,0xE5,0xFD,0x17,0x29,0x00,0x34,0x36,0x29,0x2B,
0x39,0x32,0x38,0x33,0x00,0x37,0x2D,0xFC,0x2C,0x39,0x31,0x25,0x32,0x33,0x37,0x00,
0x3D,0x00,0x1C,0x29,0x34,0x30,0x33,0x2D,0x28,0x29,0x37,0xFC,0x3A,0x33,0x30,0x3A,
0x29,0x36,0x40,0x32,0x00,0x25,0x00,0x3A,0x2D,0x3A,0x2D,0x36,0x00,0x29,0x32,0xFD,
0x25,0x36,0x31,0x33,0x32,0x42,0x25,0x00,0x25,0x37,0x42,0x00,0x25,0x30,0x2B,0x44,
0x32,0xFC,0x28,0x42,0x25,0xE5,0xFF,0xF3,0x34,0x1D,0x36,0xE5,0x00,0x24,0x29,0x36,
0x33,0xE5,0xE5,0xE5,0xFD,0x0D,0x39,0x25,0x32,0x28,0x33,0x00,0x29,0x37,0x38,0x25,
0x00,0x2B,0x39,0x29,0x36,0x36,0x25,0xFC,0x38,0x29,0x36,0x31,0x2D,0x32,0x29,0xE8,
0x00,0x37,0x29,0x00,0x2D,0x36,0x40,0xE8,0xFC,0x4F,0x3A,0x29,0x36,0x28,0x25,0x28,
0xDD,0xFD,0x4F,0x20,0x33,0x30,0x3A,0x29,0x36,0x29,0x31,0x33,0x37,0x00,0x25,0xFC,
0x29,0x32,0x27,0x33,0x32,0x38,0x36,0x25,0x36,0x32,0x33,0x37,0xDD,0xFF,0xF3,0x34,
0x1D,0x39,0x34,0x33,0x32,0x2B,0x33,0x00,0x35,0x39,0x29,0x00,0x29,0x37,0x00,0x38,
0x39,0xFC,0x28,0x29,0x26,0x29,0x36,0x00,0x25,0x3D,0x39,0x28,0x25,0x36,0x00,0x25,
0x00,0x38,0x33,0x28,0x33,0x37,0xFC,0x30,0x33,0x37,0x00,0x2C,0x39,0x31,0x25,0x32,
0x33,0x37,0x00,0x3D,0xFD,0x1C,0x29,0x34,0x30,0x33,0x2D,0x28,0x29,0x37,0xFC,0x25,
0x2C,0x42,0x00,0x2A,0x39,0x29,0x36,0x25,0xE5,0xE5,0xE5,0xFD,0x17,0x29,0x00,0x34,
0x33,0x32,0x28,0x36,0x40,0x00,0x38,0x36,0x2D,0x37,0x38,0x29,0xFC,0x3A,0x29,0x36,
0x38,0x29,0x00,0x2D,0x36,0xE8,0x00,0x34,0x29,0x36,0x33,0x00,0x29,0x37,0x34,0x29,
0x36,0x33,0xFC,0x27,0x33,0x32,0x00,0x2D,0x30,0x39,0x37,0x2D,0x43,0x32,0x00,0x3A,
0x33,0x30,0x3A,0x29,0x36,0x00,0x25,0xFD,0x3A,0x29,0x36,0x38,0x29,0x00,0x25,0x30,
0x2B,0x44,0x32,0x00,0x28,0x42,0x25,0xE5,0xFF,0xF3,0x0A,0x4E,0x19,0x3D,0x29,0xCA,
0xFC,0x4F,0x18,0x33,0x00,0x29,0x36,0x29,0x37,0x00,0x39,0x32,0x33,0x00,0x28,0x29,
0x00,0x29,0x37,0x33,0x37,0xFC,0x1C,0x29,0x34,0x30,0x33,0x2D,0x28,0x29,0x37,0xDD,
0xFD,0x4E,0x18,0x33,0x00,0x34,0x39,0x29,0x28,0x29,0x37,0x00,0x29,0x32,0x38,0x36,
0x25,0x36,0xFC,0x25,0x37,0x42,0x00,0x37,0x2D,0x32,0x00,0x31,0x40,0x37,0x00,0x29,
0x32,0x00,0x29,0x30,0xFC,0x0B,0x37,0x29,0x32,0x38,0x25,0x31,0x2D,0x29,0x32,0x38,
0x33,0x00,0x2C,0x39,0x31,0x25,0x32,0x33,0xCA,0xFF,0xF3,0x0A,0x18,0x33,0x00,0x32,
0x29,0x27,0x29,0x37,0x2D,0x38,0x25,0x31,0x33,0x37,0xFC,0x1C,0x29,0x34,0x30,0x33,
0x2D,0x28,0x29,0x37,0x00,0x34,0x33,0x36,0x00,0x25,0x35,0x39,0x42,0xE5,0xFD,0x1A,
0x33,0x28,0x29,0x31,0x33,0x37,0x00,0x34,0x36,0x33,0x38,0x29,0x2B,0x29,0x36,0x32,
0x33,0x37,0xFC,0x37,0x33,0x30,0x33,0x37,0x00,0x34,0x29,0x36,0x2A,0x29,0x27,0x38,
0x25,0x31,0x29,0x32,0x38,0x29,0xFC,0x37,0x2D,0x32,0x00,0x39,0x37,0x38,0x29,0x28,
0x29,0x37,0xE5,0xFF,0xF3,0x0A,0x4E,0x19,0x3D,0x29,0xE8,0x00,0x38,0x44,0xCA,0xFD,
0x4E,0x1D,0x2D,0x00,0x37,0x2D,0x2B,0x39,0x29,0x37,0xFC,0x28,0x29,0x25,0x31,0x26,
0x39,0x30,0x25,0x32,0x28,0x33,0x00,0x25,0x37,0x42,0xE8,0xFC,0x30,0x33,0x37,0x00,
0x37,0x33,0x30,0x28,0x25,0x28,0x33,0x37,0xFD,0x18,0x29,0x33,0x25,0x36,0x27,0x25,
0x28,0x2D,0x25,0x32,0x33,0x37,0x00,0x38,0x29,0xFC,0x29,0x32,0x27,0x33,0x32,0x38,
0x36,0x25,0x36,0x40,0x32,0xCA,0xFD,0x4E,0x23,0x00,0x29,0x37,0x29,0x00,0x25,0x38,
0x39,0x29,0x32,0x28,0x33,0x00,0x29,0x37,0xFC,0x28,0x29,0x31,0x25,0x37,0x2D,0x25,
0x28,0x33,0xFC,0x30,0x30,0x25,0x31,0x25,0x38,0x2D,0x3A,0x33,0xCA,0xFF,0xF3,0x0A,
0x4E,0x12,0x31,0x34,0x2C,0xCA,0xFD,0x4E,0x1A,0x33,0x36,0x00,0x2A,0x2D,0x32,0x00,
0x30,0x30,0x29,0x2B,0x25,0x31,0x33,0x37,0xFC,0x2C,0x25,0x37,0x38,0x25,0x00,0x45,
0x36,0x29,0x25,0x00,0x24,0x29,0x36,0x33,0xE8,0x00,0x3D,0xFC,0x32,0x33,0x00,0x3A,
0x25,0x31,0x33,0x37,0x00,0x25,0x00,0x28,0x29,0x2E,0x25,0x36,0xFD,0x35,0x39,0x29,
0x00,0x39,0x32,0x00,0x1C,0x29,0x34,0x30,0x33,0x2D,0x28,0x29,0xFC,0x3A,0x29,0x32,
0x2B,0x25,0x00,0x25,0x00,0x25,0x36,0x36,0x39,0x2D,0x32,0x25,0x36,0x30,0x33,0xCA,
0xFF,0xF3,0x0A,0x0F,0x37,0x38,0x25,0x31,0x33,0x37,0x00,0x27,0x33,0x30,0x33,0x27,
0x25,0x32,0x28,0x33,0xFC,0x38,0x36,0x25,0x31,0x34,0x25,0x37,0x00,0x2A,0x39,0x29,
0x36,0x25,0x00,0x28,0x29,0x30,0xFC,0x0B,0x37,0x29,0x32,0x38,0x25,0x31,0x2D,0x29,
0x32,0x38,0x33,0x00,0x34,0x25,0x36,0x25,0xFD,0x25,0x37,0x29,0x2B,0x39,0x36,0x25,
0x36,0x32,0x33,0x37,0x00,0x28,0x29,0x00,0x35,0x39,0x29,0xFC,0x30,0x33,0x37,0x00,
0x1C,0x29,0x34,0x30,0x33,0x2D,0x28,0x29,0x37,0x00,0x32,0x33,0x00,0x32,0x33,0x37,
0xFC,0x25,0x38,0x25,0x35,0x39,0x29,0x32,0xE5,0xE5,0xE5,0xFF,0xF3,0x0A,0x4E,0x1E,
0x29,0x00,0x28,0x29,0x31,0x33,0x37,0x38,0x36,0x25,0x36,0x29,0x31,0x33,0x37,0xFC,
0x35,0x39,0x29,0x00,0x34,0x33,0x28,0x29,0x31,0x33,0x37,0xFC,0x27,0x39,0x2D,0x28,
0x25,0x36,0x32,0x33,0x37,0x00,0x37,0x33,0x30,0x33,0x37,0xCA,0xFF,0xF3,0x0A,0x23,
0x00,0x3D,0x33,0x00,0x35,0x39,0x29,0x00,0x27,0x36,0x29,0x42,0x25,0x00,0x35,0x39,
0x29,0xFC,0x18,0x29,0x2D,0x2B,0x29,0x00,0x29,0x36,0x25,0x00,0x39,0x32,0x25,0x00,
0x28,0x29,0xFC,0x32,0x33,0x37,0x33,0x38,0x36,0x33,0x37,0xE5,0xFD,0x0F,0x36,0x25,
0x00,0x25,0x31,0x2D,0x2B,0x25,0x00,0x28,0x29,0x00,0x29,0x37,0x29,0xFC,0x1C,0x29,
0x34,0x30,0x33,0x2D,0x28,0x29,0xE8,0xFC,0x2D,0x32,0x27,0x36,0x29,0x42,0x26,0x30,
0x29,0xE5,0xFD,0x1D,0x29,0x2B,0x39,0x36,0x33,0x00,0x29,0x37,0x38,0x40,0xFC,0x36,
0x29,0x3A,0x29,0x30,0x25,0x32,0x28,0x33,0x00,0x32,0x39,0x29,0x37,0x38,0x36,0x25,
0xFC,0x39,0x26,0x2D,0x27,0x25,0x27,0x2D,0x43,0x32,0x00,0x25,0x00,0x18,0x29,0x33,
0xFD,0x0B,0x36,0x27,0x25,0x28,0x2D,0x25,0x00,0x29,0x32,0x00,0x29,0x37,0x38,0x29,
0xFC,0x31,0x33,0x31,0x29,0x32,0x38,0x33,0xE5,0xFF,0xF3,0x0A,0x1A,0x29,0x32,0x37,
0x25,0x36,0x00,0x35,0x39,0x29,0x00,0x37,0x29,0x36,0x42,0x25,0x31,0x33,0x37,0xFC,
0x38,0x36,0x25,0x2D,0x27,0x2D,0x33,0x32,0x25,0x28,0x33,0x37,0x00,0x34,0x33,0x36,
0x00,0x39,0x32,0x33,0xFC,0x28,0x29,0x00,0x30,0x33,0x37,0x00,0x32,0x39,0x29,0x37,
0x38,0x36,0x33,0x37,0xE5,0xE5,0xE5,0xFD,0x0F,0x37,0x38,0x25,0x31,0x33,0x37,0x00,
0x34,0x29,0x36,0x28,0x2D,0x28,0x33,0x37,0xE5,0xFD,0x23,0x00,0x28,0x29,0x37,0x34,
0x39,0x41,0x37,0x00,0x28,0x29,0x00,0x38,0x33,0x28,0x33,0xFC,0x30,0x33,0x00,0x35,
0x39,0x29,0x00,0x34,0x25,0x37,0x25,0x31,0x33,0x37,0x00,0x25,0x30,0xFC,0x28,0x29,
0x2E,0x25,0x36,0x00,0x18,0x29,0x33,0x00,0x0B,0x36,0x27,0x25,0x28,0x2D,0x25,0xE5,
0xFF,0xF3,0x0A,0x18,0x29,0x2D,0x2B,0x29,0x00,0x32,0x33,0x00,0x29,0x36,0x25,0x00,
0x39,0x32,0x25,0xFC,0x38,0x36,0x25,0x2D,0x28,0x33,0x36,0x25,0xE5,0xE5,0xE5,0xFD,
0x1A,0x36,0x33,0x26,0x25,0x26,0x30,0x29,0x31,0x29,0x32,0x38,0x29,0x00,0x29,0x36,
0x25,0xFC,0x35,0x39,0x2D,0x29,0x32,0x00,0x31,0x40,0x37,0x00,0x27,0x36,0x29,0x42,
0x25,0xFC,0x29,0x32,0x00,0x32,0x33,0x37,0x33,0x38,0x36,0x33,0x37,0xE5,0xFD,0x16,
0x25,0x31,0x29,0x32,0x38,0x33,0x00,0x38,0x33,0x28,0x25,0x37,0x00,0x30,0x25,0x37,
0xFC,0x27,0x33,0x37,0x25,0x37,0x00,0x38,0x29,0x36,0x36,0x2D,0x26,0x30,0x29,0x37,
0x00,0x35,0x39,0x29,0xFC,0x28,0x2D,0x2E,0x29,0x00,0x37,0x33,0x26,0x36,0x29,0x00,
0x29,0x30,0x30,0x25,0xE5,0xFF,0xF3,0x0A,0x16,0x25,0x31,0x29,0x32,0x38,0x33,0x00,
0x38,0x33,0x28,0x33,0x00,0x30,0x33,0x00,0x35,0x39,0x29,0xFC,0x28,0x2D,0x2E,0x29,
0x00,0x37,0x33,0x26,0x36,0x29,0x00,0x38,0x2D,0xFC,0x38,0x25,0x31,0x26,0x2D,0x41,
0x32,0xE5,0xFF,0xF3,0x0A,0x1E,0x39,0x00,0x30,0x42,0x28,0x29,0x36,0x00,0x38,0x25,
0x31,0x26,0x2D,0x41,0x32,0x00,0x29,0x37,0xFC,0x2C,0x39,0x31,0x25,0x32,0x25,0xE8,
0x00,0x4F,0x3A,0x29,0x36,0x28,0x25,0x28,0xDD,0xFD,0x1A,0x36,0x33,0x26,0x25,0x26,
0x30,0x29,0x31,0x29,0x32,0x38,0x29,0x00,0x27,0x33,0x31,0x33,0xFC,0x18,0x29,0x2D,
0x2B,0x29,0xE5,0xE5,0xE5,0xFD,0x0E,0x29,0x00,0x27,0x25,0x36,0x40,0x27,0x38,0x29,
0x36,0x00,0x2A,0x39,0x29,0x36,0x38,0x29,0xE8,0xFC,0x2D,0x32,0x38,0x29,0x30,0x2D,
0x2B,0x29,0x32,0x38,0x29,0x00,0x3D,0x00,0x31,0x39,0x3D,0xFC,0x35,0x39,0x29,0x36,
0x2D,0x28,0x25,0xE5,0xFF,0xF3,0x0A,0x1F,0x37,0x38,0x29,0x28,0x29,0x37,0x00,0x29,
0x32,0x00,0x30,0x25,0xFC,0x1C,0x29,0x37,0x2D,0x37,0x38,0x29,0x32,0x27,0x2D,0x25,
0x00,0x38,0x25,0x31,0x26,0x2D,0x41,0x32,0xFC,0x28,0x29,0x2E,0x25,0x36,0x33,0x32,
0x00,0x18,0x29,0x33,0x00,0x0B,0x36,0x27,0x25,0x28,0x2D,0x25,0xE5,0xFD,0x1D,0x2D,
0x00,0x39,0x37,0x38,0x29,0x28,0x29,0x37,0x00,0x34,0x39,0x28,0x2D,0x29,0x36,0x33,
0x32,0xE8,0xFC,0x38,0x25,0x30,0x00,0x3A,0x29,0x3E,0x00,0x32,0x33,0x37,0x33,0x38,
0x36,0x33,0x37,0xFC,0x38,0x25,0x31,0x26,0x2D,0x41,0x32,0x00,0x38,0x29,0x32,0x2B,
0x25,0x31,0x33,0x37,0x00,0x39,0x32,0x25,0xFD,0x33,0x34,0x33,0x36,0x38,0x39,0x32,
0x2D,0x28,0x25,0x28,0xE5,0xFF,0xF3,0x0A,0x45,0x36,0x29,0x25,0x00,0x24,0x29,0x36,
0x33,0x00,0x37,0x29,0x00,0x2C,0x25,0xFC,0x27,0x33,0x32,0x3A,0x29,0x36,0x38,0x2D,
0x28,0x33,0x00,0x29,0x32,0x00,0x39,0x32,0xFC,0x37,0x29,0x2B,0x39,0x32,0x28,0x33,
0x00,0x2C,0x33,0x2B,0x25,0x36,0xFD,0x34,0x25,0x36,0x25,0x00,0x32,0x33,0x37,0x33,
0x38,0x36,0x33,0x37,0xE5,0xFD,0x1E,0x36,0x25,0x26,0x25,0x2E,0x25,0x36,0x29,0x31,
0x33,0x37,0x00,0x28,0x39,0x36,0x33,0xFC,0x34,0x25,0x36,0x25,0x00,0x31,0x25,0x32,
0x38,0x29,0x32,0x29,0x36,0x30,0x33,0xE5,0xFF,0xF3,0x0A,0x0D,0x39,0x29,0x37,0x38,
0x25,0x00,0x27,0x36,0x29,0x29,0x36,0x00,0x35,0x39,0x29,0x00,0x30,0x25,0xFC,0x27,
0x33,0x30,0x33,0x32,0x2D,0x25,0x00,0x27,0x25,0x3D,0x43,0x00,0x25,0x35,0x39,0x42,
0xFC,0x2C,0x25,0x27,0x29,0x00,0x38,0x25,0x32,0x38,0x33,0x00,0x38,0x2D,0x29,0x31,
0x34,0x33,0xFD,0x28,0x29,0x37,0x34,0x39,0x41,0x37,0x00,0x28,0x29,0x00,0x3A,0x29,
0x36,0x00,0x38,0x33,0x28,0x25,0xFC,0x30,0x25,0x00,0x32,0x25,0x38,0x39,0x36,0x25,
0x30,0x29,0x3E,0x25,0x00,0x35,0x39,0x29,0xFC,0x27,0x36,0x29,0x27,0x29,0x00,0x25,
0x00,0x32,0x39,0x29,0x37,0x38,0x36,0x33,0xFD,0x25,0x30,0x36,0x29,0x28,0x29,0x28,
0x33,0x36,0xE5,0xFF,0xF3,0x0A,0x45,0x36,0x29,0x25,0x00,0x24,0x29,0x36,0x33,0xE5,
0xE5,0xE5,0xFD,0x1E,0x25,0x30,0x00,0x3A,0x29,0x3E,0x00,0x25,0x30,0x2B,0x44,0x32,
0x00,0x28,0x42,0x25,0xFC,0x37,0x29,0x00,0x27,0x33,0x32,0x3A,0x2D,0x29,0x36,0x38,
0x25,0x00,0x29,0x32,0x00,0x39,0x32,0xFC,0x34,0x25,0x36,0x25,0x42,0x37,0x33,0x00,
0x34,0x36,0x43,0x37,0x34,0x29,0x36,0x33,0xFD,0x3D,0x00,0x30,0x30,0x29,0x32,0x33,
0x00,0x28,0x29,0x00,0x3A,0x2D,0x28,0x25,0xE5,0xFF,0xF3,0x0A,0x17,0x39,0x27,0x2C,
0x33,0x00,0x28,0x29,0x37,0x34,0x39,0x41,0x37,0x00,0x28,0x29,0x00,0x35,0x39,0x29,
0xFC,0x30,0x25,0x37,0x00,0x27,0x2D,0x27,0x25,0x38,0x36,0x2D,0x27,0x29,0x37,0xFC,
0x28,0x29,0x37,0x25,0x34,0x25,0x36,0x29,0x3E,0x27,0x25,0x32,0xE8,0x00,0x25,0x44,
0x32,0xFD,0x28,0x29,0x26,0x29,0x31,0x33,0x37,0x00,0x36,0x29,0x27,0x33,0x36,0x28,
0x25,0x36,0xFC,0x30,0x25,0x37,0x00,0x27,0x33,0x37,0x25,0x37,0x00,0x38,0x29,0x36,
0x36,0x2D,0x26,0x30,0x29,0x37,0xFC,0x35,0x39,0x29,0x00,0x33,0x27,0x39,0x36,0x36,
0x2D,0x29,0x36,0x33,0x32,0xFD,0x25,0x35,0x39,0x42,0xE5,0xE5,0xE5,0xFF,0xF3,0x0A,
0x4F,0x0F,0x36,0x29,0x37,0x00,0x39,0x32,0x00,0x1C,0x29,0x34,0x30,0x33,0x2D,0x28,
0x29,0xDD,0xFD,0x0F,0x32,0x38,0x33,0x32,0x27,0x29,0x37,0xE5,0xE5,0xE5,0xFD,0x4F,
0x12,0x25,0x37,0x00,0x33,0x42,0x28,0x33,0x00,0x2C,0x25,0x26,0x30,0x25,0x36,0x00,
0x28,0x29,0xFC,0x30,0x25,0x00,0x27,0x2D,0x29,0x32,0x38,0x42,0x2A,0x2D,0x27,0x25,
0x00,0x35,0x39,0x29,0xFC,0x28,0x29,0x37,0x27,0x39,0x26,0x36,0x2D,0x43,0x00,0x25,
0x00,0x37,0x39,0x00,0x34,0x36,0x33,0x34,0x2D,0x33,0xFD,0x1C,0x29,0x34,0x30,0x33,
0x2D,0x28,0x29,0x00,0x17,0x25,0x3A,0x29,0x36,0x2D,0x27,0x2F,0xDD,0xFD,0x1D,0x39,
0x34,0x33,0x32,0x2B,0x33,0x00,0x35,0x39,0x29,0x00,0x2C,0x25,0x3D,0xFC,0x2B,0x29,
0x32,0x38,0x29,0x00,0x28,0x2D,0x37,0x34,0x39,0x29,0x37,0x38,0x25,0x00,0x25,0xFC,
0x25,0x27,0x33,0x2B,0x29,0x36,0x00,0x2D,0x32,0x27,0x30,0x39,0x37,0x33,0x00,0x25,
0xFD,0x1C,0x29,0x34,0x30,0x33,0x2D,0x28,0x29,0x37,0x00,0x25,0x37,0x42,0xE5,0xFC,
0x0F,0x37,0x00,0x25,0x30,0x2B,0x33,0x00,0x27,0x39,0x36,0x2D,0x33,0x37,0x33,0xE8,
0xFC,0x4F,0x37,0x25,0x26,0x29,0x37,0xDD,0xFF,0xF3,0x0A,0x1D,0x33,0x26,0x36,0x29,
0x00,0x30,0x33,0x00,0x35,0x39,0x29,0x00,0x38,0x29,0xFC,0x28,0x29,0x27,0x42,0x25,
0x00,0x25,0x32,0x38,0x29,0x37,0xE8,0x00,0x29,0x30,0xFC,0x30,0x29,0x2B,0x29,0x32,
0x28,0x25,0x36,0x2D,0x33,0xFD,0x1C,0x29,0x34,0x30,0x33,0x2D,0x28,0x29,0x00,0x35,
0x39,0x29,0x00,0x30,0x25,0xFC,0x27,0x2D,0x29,0x32,0x38,0x42,0x2A,0x2D,0x27,0x25,
0x00,0x29,0x32,0x27,0x33,0x32,0x38,0x36,0x43,0xFC,0x28,0x29,0x36,0x36,0x33,0x38,
0x43,0x00,0x25,0x00,0x32,0x39,0x29,0x37,0x38,0x36,0x33,0xFD,0x30,0x42,0x28,0x29,
0x36,0x00,0x3D,0x00,0x34,0x39,0x37,0x33,0x00,0x2A,0x2D,0x32,0x00,0x25,0xFC,0x30,
0x33,0x37,0x00,0x30,0x25,0x36,0x2B,0x33,0x37,0x00,0x25,0x4C,0x33,0x37,0x00,0x28,
0x29,0xFC,0x34,0x25,0x3E,0x00,0x29,0x32,0x00,0x18,0x29,0x33,0x00,0x0B,0x36,0x27,
0x25,0x28,0x2D,0x25,0xE5,0xFD,0x4F,0x18,0x33,0x00,0x29,0x37,0x00,0x38,0x29,0x36,
0x36,0x2D,0x26,0x30,0x29,0xDD,0xFC,0x16,0x33,0x00,0x29,0x37,0x27,0x39,0x27,0x2C,
0x41,0x00,0x38,0x33,0x28,0x33,0x00,0x28,0x29,0xFC,0x18,0x29,0x2D,0x2B,0x29,0xE8,
0x00,0x4F,0x37,0x25,0x26,0x29,0x37,0xDD,0xFF,0xF3,0x0A,0x18,0x33,0x00,0x29,0x37,
0x00,0x2A,0x40,0x27,0x2D,0x30,0x00,0x34,0x25,0x36,0x25,0x00,0x30,0x33,0x37,0xFC,
0x2C,0x39,0x31,0x25,0x32,0x33,0x37,0x00,0x37,0x25,0x30,0x2D,0x36,0x00,0x25,0x28,
0x29,0x30,0x25,0x32,0xD6,0xFC,0x38,0x29,0x00,0x37,0x33,0x30,0x33,0x37,0xE8,0x00,
0x4F,0x37,0x25,0x26,0x29,0x37,0xDD,0xFD,0x1A,0x33,0x36,0x00,0x29,0x37,0x33,0x00,
0x38,0x33,0x28,0x33,0x37,0x00,0x25,0x35,0x39,0x42,0xFC,0x38,0x36,0x25,0x26,0x25,
0x2E,0x25,0x32,0xE5,0xFD,0x13,0x32,0x27,0x30,0x39,0x37,0x33,0x00,0x39,0x32,0x00,
0x34,0x29,0x35,0x39,0x29,0x4C,0x33,0xFC,0x27,0x33,0x31,0x33,0x00,0x1E,0x3D,0x34,
0x2C,0x33,0x32,0x00,0x33,0x00,0x39,0x32,0x25,0xFC,0x27,0x2C,0x2D,0x27,0x25,0x00,
0x2E,0x33,0x3A,0x29,0x32,0x00,0x27,0x33,0x31,0x33,0xFD,0x0C,0x36,0x2D,0x37,0x29,
0xE5,0xE5,0xE5,0xFF,0xF3,0x0A,0x16,0x33,0x37,0x00,0x2C,0x39,0x31,0x25,0x32,0x33,
0x37,0x00,0x38,0x29,0x32,0x29,0x31,0x33,0x37,0xFC,0x35,0x39,0x29,0x00,0x27,0x33,
0x31,0x29,0x36,0xE8,0x00,0x4F,0x37,0x25,0x26,0x29,0x37,0xDD,0xFD,0x23,0x00,0x32,
0x33,0x00,0x34,0x33,0x28,0x29,0x31,0x33,0x37,0xFC,0x37,0x2D,0x31,0x34,0x30,0x29,
0x31,0x29,0x32,0x38,0x29,0xFC,0x25,0x34,0x25,0x2B,0x25,0x36,0x32,0x33,0x37,0x00,
0x27,0x39,0x25,0x32,0x28,0x33,0x00,0x37,0x29,0xFD,0x32,0x33,0x37,0x00,0x25,0x27,
0x25,0x26,0x25,0x00,0x30,0x25,0xFC,0x29,0x32,0x29,0x36,0x2B,0x42,0x25,0xE5,0xFF,
0xF3,0x0A,0x0B,0x44,0x32,0x00,0x2C,0x25,0x3D,0x00,0x31,0x39,0x27,0x2C,0x25,0x00,
0x2B,0x29,0x32,0x38,0x29,0xFC,0x35,0x39,0x29,0x00,0x32,0x33,0x00,0x30,0x33,0x2B,
0x36,0x43,0x00,0x37,0x25,0x30,0x2D,0x36,0xFC,0x25,0x00,0x38,0x2D,0x29,0x31,0x34,
0x33,0x00,0x28,0x29,0xFD,0x18,0x29,0x33,0x00,0x0B,0x36,0x27,0x25,0x28,0x2D,0x25,
0xE8,0xFC,0x4F,0x37,0x25,0x26,0x29,0x37,0xDD,0xE5,0xE5,0xE5,0xFD,0x18,0x29,0x2D,
0x2B,0x29,0x00,0x2C,0x25,0x36,0x40,0x00,0x30,0x33,0xFC,0x34,0x33,0x37,0x2D,0x26,
0x30,0x29,0x00,0x34,0x33,0x36,0x00,0x38,0x36,0x25,0x29,0x36,0x30,0x33,0x37,0xFC,
0x25,0x35,0x39,0x42,0xE5,0xFF,0xF3,0x0A,0x18,0x33,0x00,0x2C,0x25,0x3D,0x00,0x2B,
0x25,0x36,0x25,0x32,0x38,0x42,0x25,0x00,0x28,0x29,0xFC,0x37,0x33,0x26,0x36,0x29,
0x3A,0x2D,0x3A,0x2D,0x36,0x00,0x25,0x35,0x39,0x42,0xFC,0x2A,0x39,0x29,0x36,0x25,
0xE8,0x00,0x4F,0x37,0x25,0x26,0x29,0x37,0xDD,0xE5,0xE5,0xE5,0xFD,0x1A,0x29,0x36,
0x33,0x00,0x38,0x33,0x28,0x33,0x37,0x00,0x37,0x25,0x26,0x42,0x25,0x31,0x33,0x37,
0xFC,0x29,0x32,0x00,0x35,0x39,0x41,0x00,0x32,0x33,0x37,0x00,0x31,0x29,0x38,0x42,
0x25,0x31,0x33,0x37,0xFC,0x25,0x30,0x00,0x25,0x36,0x36,0x2D,0x29,0x37,0x2B,0x25,
0x36,0x32,0x33,0x37,0xFD,0x25,0x00,0x29,0x37,0x27,0x25,0x34,0x25,0x36,0xE5,0xFF,
0xF3,0x0A,0x1D,0x2D,0x29,0x32,0x38,0x33,0x00,0x32,0x33,0x00,0x2C,0x25,0x26,0x29,
0x36,0x30,0x33,0xFC,0x28,0x2D,0x27,0x2C,0x33,0x00,0x25,0x32,0x38,0x29,0x37,0xE8,
0x00,0x34,0x29,0x36,0x33,0xFC,0x2B,0x36,0x25,0x27,0x2D,0x25,0x37,0xE5,0xFD,0x17,
0x29,0x00,0x37,0x2D,0x29,0x32,0x38,0x33,0x00,0x38,0x25,0x32,0xFC,0x34,0x25,0x38,
0x41,0x38,0x2D,0x27,0x33,0x00,0x25,0x30,0x00,0x32,0x29,0x27,0x29,0x37,0x2D,0x38,
0x25,0x36,0xFC,0x30,0x25,0x00,0x25,0x3D,0x39,0x28,0x25,0x00,0x28,0x29,0x00,0x39,
0x32,0xFD,0x1C,0x29,0x34,0x30,0x33,0x2D,0x28,0x29,0xE8,0x00,0x3D,0x25,0x00,0x37,
0x25,0x26,0x29,0x37,0xE5,0xFF,0xF3,0x0A,0x0D,0x33,0x32,0x2A,0x2D,0x25,0x26,0x25,
0x00,0x29,0x32,0x00,0x18,0x29,0x2D,0x2B,0x29,0xE8,0xFC,0x3D,0x25,0x00,0x37,0x25,
0x26,0x29,0x37,0xE5,0xE5,0xE5,0xFD,0x23,0x00,0x36,0x29,0x37,0x39,0x30,0x38,0x25,
0x00,0x35,0x39,0x29,0x00,0x29,0x37,0x38,0x40,0xFC,0x27,0x33,0x32,0x00,0x39,0x32,
0x33,0x00,0x28,0x29,0x00,0x30,0x33,0x37,0xFC,0x1C,0x29,0x34,0x30,0x33,0x2D,0x28,
0x29,0x37,0x00,0x28,0x29,0x00,0x21,0x29,0x2D,0x30,0xE5,0xE5,0xE5,0xFD,0x4E,0x18,
0x33,0x00,0x34,0x39,0x29,0x28,0x33,0x00,0x34,0x29,0x36,0x28,0x33,0x32,0x25,0x36,
0x30,0x25,0xFC,0x34,0x33,0x36,0x00,0x30,0x33,0x00,0x35,0x39,0x29,0x00,0x32,0x33,
0x37,0x00,0x2C,0x25,0xFC,0x2C,0x29,0x27,0x2C,0x33,0xCA,0xFF,0xF3,0x0A,0x11,0x36,
0x25,0x27,0x2D,0x25,0x37,0x00,0x34,0x33,0x36,0xFC,0x25,0x3D,0x39,0x28,0x25,0x36,
0x32,0x33,0x37,0x00,0x2D,0x32,0x27,0x30,0x39,0x37,0x33,0xFC,0x28,0x29,0x37,0x34,
0x39,0x41,0x37,0x00,0x28,0x29,0x00,0x30,0x25,0x00,0x2A,0x33,0x36,0x31,0x25,0xFD,
0x29,0x32,0x00,0x35,0x39,0x29,0x00,0x38,0x29,0x00,0x38,0x36,0x25,0x38,0x25,0x31,
0x33,0x37,0xE5,0xFD,0x18,0x33,0x00,0x37,0x41,0x00,0x35,0x39,0x41,0x00,0x31,0x40,
0x37,0x00,0x28,0x29,0x27,0x2D,0x36,0xFC,0x25,0x34,0x25,0x36,0x38,0x29,0x00,0x28,
0x29,0x00,0x2B,0x36,0x25,0x27,0x2D,0x25,0x37,0xE5,0xFD,0x1E,0x33,0x31,0x25,0x00,
0x29,0x37,0x38,0x33,0x00,0x27,0x33,0x31,0x33,0x00,0x39,0x32,0xFC,0x34,0x29,0x35,
0x39,0x29,0x4C,0x33,0x00,0x37,0x42,0x31,0x26,0x33,0x30,0x33,0x00,0x28,0x29,0xFC,
0x31,0x2D,0x00,0x2B,0x36,0x25,0x38,0x2D,0x38,0x39,0x28,0xE5,0xFD,0x16,0x33,0x00,
0x29,0x32,0x27,0x33,0x32,0x38,0x36,0x41,0x00,0x29,0x32,0x38,0x36,0x29,0xFC,0x30,
0x25,0x37,0x00,0x27,0x33,0x37,0x25,0x37,0x00,0x28,0x29,0x00,0x34,0x33,0x36,0xFC,
0x25,0x30,0x30,0x40,0xE8,0x00,0x4F,0x37,0x25,0x26,0x29,0x37,0xDD,0xFD,0x1B,0x39,
0x2D,0x3E,0x40,0x00,0x38,0x44,0x00,0x34,0x39,0x29,0x28,0x25,0x37,0xFC,0x2C,0x25,
0x27,0x29,0x36,0x00,0x31,0x29,0x2E,0x33,0x36,0x00,0x39,0x37,0x33,0x00,0x28,0x29,
0xFC,0x29,0x37,0x38,0x33,0x00,0x35,0x39,0x29,0x00,0x3D,0x33,0xE5,0xFF,0xF3,0x0A,
0x12,0x39,0x31,0x25,0x32,0x33,0x37,0x00,0x3D,0x00,0x1C,0x29,0x34,0x30,0x33,0x2D,
0x28,0x29,0x37,0xFC,0x35,0x39,0x2D,0x3E,0x40,0x00,0x32,0x33,0x00,0x37,0x29,0x25,
0x32,0x00,0x38,0x25,0x32,0xFC,0x28,0x2D,0x2A,0x29,0x36,0x29,0x32,0x38,0x29,0x37,
0x00,0x28,0x29,0x37,0x34,0x39,0x41,0x37,0xFD,0x28,0x29,0x00,0x38,0x33,0x28,0x33,
0xE5,0xFD,0x0D,0x36,0x29,0x33,0x00,0x35,0x39,0x29,0x00,0x25,0x31,0x26,0x33,0x37,
0xFC,0x26,0x39,0x37,0x27,0x25,0x31,0x33,0x37,0x00,0x30,0x33,0x00,0x31,0x2D,0x37,
0x31,0x33,0xE8,0xFC,0x4F,0x37,0x25,0x26,0x29,0x37,0xDD,0xFF,0xF3,0x0A,0x16,0x33,
0x00,0x33,0x42,0x00,0x28,0x29,0x00,0x18,0x29,0x2D,0x2B,0x29,0xE5,0xE5,0xE5,0xFD,
0x0F,0x30,0x00,0x1C,0x29,0x34,0x30,0x33,0x2D,0x28,0x29,0x00,0x35,0x39,0x29,0x00,
0x32,0x33,0x37,0xFC,0x25,0x38,0x25,0x27,0x43,0x00,0x3D,0x25,0x00,0x32,0x33,0x00,
0x29,0x37,0x38,0x40,0xE5,0xFD,0x0E,0x29,0x26,0x29,0x00,0x37,0x29,0x36,0x00,0x28,
0x39,0x36,0x33,0x00,0x34,0x25,0x36,0x25,0xFC,0x18,0x29,0x2D,0x2B,0x29,0xE8,0x00,
0x3D,0x25,0x00,0x37,0x25,0x26,0x29,0x37,0xE5,0xFF,0xF3,0x0A,0x1D,0x2D,0x00,0x18,
0x29,0x2D,0x2B,0x29,0x00,0x30,0x33,0x00,0x25,0x31,0x25,0x26,0x25,0xE8,0xFC,0x29,
0x37,0x29,0x00,0x1C,0x29,0x34,0x30,0x33,0x2D,0x28,0x29,0x00,0x28,0x29,0x26,0x2D,
0x43,0xFC,0x37,0x29,0x36,0x00,0x26,0x39,0x29,0x32,0x33,0xE5,0xFF,0xF3,0x0A,0x1D,
0x2D,0x00,0x2C,0x39,0x26,0x2D,0x41,0x36,0x25,0x31,0x33,0x37,0x00,0x38,0x29,0x32,
0x2D,0x28,0x33,0xFC,0x39,0x32,0x00,0x1C,0x29,0x34,0x30,0x33,0x2D,0x28,0x29,0x00,
0x27,0x33,0x31,0x33,0x00,0x38,0x44,0xFC,0x27,0x39,0x2D,0x28,0x40,0x32,0x28,0x33,
0x32,0x33,0x37,0xE8,0xFD,0x18,0x29,0x33,0x00,0x0B,0x36,0x27,0x25,0x28,0x2D,0x25,
0x00,0x35,0x39,0x2D,0x3E,0x40,0x37,0xFC,0x32,0x39,0x32,0x27,0x25,0x00,0x2C,0x25,
0x26,0x36,0x42,0x25,0xFC,0x30,0x30,0x29,0x2B,0x25,0x28,0x33,0x00,0x25,0x00,0x37,
0x29,0x36,0x00,0x25,0x37,0x42,0xE5,0xFD,0x1A,0x29,0x36,0x33,0x00,0x32,0x33,0x00,
0x32,0x33,0x37,0xFC,0x25,0x36,0x36,0x29,0x34,0x29,0x32,0x38,0x2D,0x31,0x33,0x37,
0x00,0x28,0x29,0x00,0x32,0x25,0x28,0x25,0xFC,0x28,0x29,0x00,0x30,0x25,0x37,0x00,
0x3A,0x2D,0x28,0x25,0x37,0x00,0x35,0x39,0x29,0xFD,0x2C,0x29,0x31,0x33,0x37,0x00,
0x30,0x30,0x29,0x3A,0x25,0x28,0x33,0xE5,0xFF,0xF3,0x0A,0x1D,0x2D,0x00,0x32,0x33,
0x37,0x00,0x2C,0x39,0x26,0x2D,0x41,0x36,0x25,0x31,0x33,0x37,0xFC,0x35,0x39,0x29,
0x28,0x25,0x28,0x33,0x00,0x29,0x32,0x00,0x18,0x29,0x33,0xFC,0x0B,0x36,0x27,0x25,
0x28,0x2D,0x25,0xE8,0x00,0x35,0x39,0x2D,0x41,0x32,0x00,0x37,0x25,0x26,0x29,0xFD,
0x35,0x39,0x41,0x00,0x2C,0x25,0x26,0x36,0x42,0x25,0x00,0x37,0x2D,0x28,0x33,0x00,
0x28,0x29,0xFC,0x32,0x39,0x29,0x37,0x38,0x36,0x33,0x37,0x00,0x2A,0x39,0x38,0x39,
0x36,0x33,0x37,0xE5,0xE5,0xE5,0xFF,0xF3,0x0A,0x18,0x33,0x00,0x34,0x39,0x29,0x28,
0x33,0x00,0x25,0x2B,0x36,0x25,0x28,0x29,0x27,0x29,0x36,0x38,0x29,0xFC,0x30,0x33,
0x00,0x37,0x39,0x2A,0x2D,0x27,0x2D,0x29,0x32,0x38,0x29,0xE5,0xE5,0xE5,0xFD,0x18,
0x33,0x00,0x31,0x29,0x00,0x27,0x25,0x42,0x25,0x37,0x00,0x26,0x2D,0x29,0x32,0xFC,
0x27,0x39,0x25,0x32,0x28,0x33,0x00,0x30,0x33,0x37,0x00,0x1C,0x29,0x34,0x30,0x33,
0x2D,0x28,0x29,0x37,0xFC,0x28,0x29,0x00,0x21,0x29,0x2D,0x30,0x00,0x32,0x33,0x37,
0x00,0x25,0x38,0x25,0x27,0x25,0x36,0x33,0x32,0xFD,0x34,0x33,0x36,0x00,0x34,0x36,
0x2D,0x31,0x29,0x36,0x25,0x00,0x3A,0x29,0x3E,0xE8,0xFC,0x34,0x29,0x36,0x33,0x00,
0x25,0x2C,0x33,0x36,0x25,0x00,0x31,0x29,0x00,0x25,0x30,0x29,0x2B,0x36,0x25,0xFC,
0x2C,0x25,0x26,0x29,0x36,0x38,0x29,0x00,0x27,0x33,0x32,0x33,0x27,0x2D,0x28,0x33,
0xE5,0xFF,0xF3,0x0A,0x4F,0x1A,0x39,0x29,0x28,0x29,0x37,0x00,0x28,0x25,0x36,0x30,
0x29,0x00,0x39,0x32,0xFC,0x31,0x29,0x32,0x37,0x25,0x2E,0x29,0x00,0x25,0x00,0x38,
0x39,0x00,0x30,0x42,0x28,0x29,0x36,0xFC,0x34,0x33,0x36,0x00,0x31,0x42,0xDD,0xFD,
0xE9,0x0D,0x33,0x31,0x29,0x32,0x27,0x29,0x31,0x33,0x37,0x00,0x39,0x32,0x00,0x32,
0x39,0x29,0x3A,0x33,0xFC,0x27,0x25,0x34,0x42,0x38,0x39,0x30,0x33,0x00,0x29,0x32,
0x00,0x30,0x25,0xFC,0x2C,0x2D,0x37,0x38,0x33,0x36,0x2D,0x25,0x00,0x28,0x29,0x00,
0x2C,0x39,0x31,0x25,0x32,0x33,0x37,0xFD,0x3D,0x00,0x1C,0x29,0x34,0x30,0x33,0x2D,
0x28,0x29,0x37,0xE5,0xE5,0xE5,0xE9,0xFF,0xF3,0x0A,0x4F,0x4E,0x1B,0x39,0x41,0x00,
0x2C,0x25,0x27,0x29,0x37,0x00,0x25,0x35,0x39,0x42,0xE8,0xFC,0x1C,0x29,0x34,0x30,
0x33,0x2D,0x28,0x29,0xCA,0xDD,0xFD,0x1A,0x25,0x36,0x25,0x00,0x30,0x33,0x00,0x44,
0x32,0x2D,0x27,0x33,0x00,0x35,0x39,0x29,0xFC,0x37,0x2D,0x36,0x3A,0x29,0x32,0x00,
0x29,0x37,0x00,0x34,0x25,0x36,0x25,0xFC,0x34,0x36,0x33,0x3A,0x33,0x27,0x25,0x36,
0x00,0x2B,0x39,0x29,0x36,0x36,0x25,0x37,0xE5,0xFD,0x4F,0x1B,0x39,0x41,0x00,0x38,
0x2D,0x29,0x32,0x29,0x37,0x00,0x35,0x39,0x29,0x00,0x3A,0x29,0x36,0xFC,0x27,0x33,
0x32,0x00,0x25,0x28,0x3A,0x29,0x36,0x38,0x2D,0x36,0x32,0x33,0x37,0x00,0x25,0xFC,
0x32,0x33,0x37,0x33,0x38,0x36,0x33,0x37,0xE8,0x00,0x30,0x33,0x37,0xFD,0x2C,0x39,
0x31,0x25,0x32,0x33,0x37,0xDD,0xFD,0x4E,0x0E,0x29,0x2E,0x25,0x00,0x28,0x29,0x00,
0x2A,0x2D,0x32,0x2B,0x2D,0x36,0x00,0x35,0x39,0x29,0xFC,0x29,0x36,0x29,0x37,0x00,
0x38,0x25,0x32,0x00,0x32,0x33,0x26,0x30,0x29,0xCA,0xFF,0xF3,0x0A,0x4E,0x18,0x33,
0x00,0x29,0x36,0x29,0x37,0x00,0x28,0x2D,0x2A,0x29,0x36,0x29,0x32,0x38,0x29,0xFC,
0x25,0x30,0x00,0x0E,0x36,0xE5,0x00,0x21,0x29,0x2D,0x30,0xCA,0xFD,0x4E,0x1D,0x33,
0x30,0x33,0x00,0x29,0x37,0x38,0x40,0x37,0x00,0x37,0x29,0x31,0x26,0x36,0x25,0x32,
0x28,0x33,0xFC,0x31,0x2D,0x29,0x28,0x33,0x00,0x29,0x32,0x38,0x36,0x29,0x00,0x32,
0x33,0x37,0x33,0x38,0x36,0x33,0x37,0xE8,0xFC,0x30,0x33,0x37,0x00,0x2C,0x39,0x31,
0x25,0x32,0x33,0x37,0xCA,0xFF,0xF3,0x0A,0x4F,0x0D,0x39,0x40,0x32,0x38,0x33,0x37,
0x00,0x2C,0x39,0x31,0x25,0x32,0x33,0x37,0x00,0x2C,0x25,0x32,0xFC,0x31,0x39,0x29,
0x36,0x38,0x33,0x00,0x29,0x32,0x00,0x32,0x33,0x31,0x26,0x36,0x29,0x00,0x28,0x29,
0xFC,0x30,0x25,0x00,0xE9,0x2E,0x39,0x37,0x38,0x2D,0x27,0x2D,0x25,0xE9,0xDD,0xFD,
0x4E,0x1E,0x33,0x28,0x33,0x00,0x29,0x37,0x00,0x27,0x39,0x30,0x34,0x25,0x00,0x28,
0x29,0x00,0x29,0x37,0x29,0xFC,0x1C,0x29,0x34,0x30,0x33,0x2D,0x28,0x29,0x00,0x36,
0x33,0x2E,0x33,0x00,0x35,0x39,0x29,0x00,0x30,0x25,0xFC,0x30,0x42,0x28,0x29,0x36,
0x00,0x28,0x29,0x00,0x30,0x25,0xFD,0x1C,0x29,0x37,0x2D,0x37,0x38,0x29,0x32,0x27,
0x2D,0x25,0x00,0x29,0x32,0x27,0x33,0x32,0x38,0x36,0x43,0xCA,0xFF,0xF3,0x0A,0x16,
0x33,0x00,0x37,0x2D,0x29,0x32,0x38,0x33,0xE5,0xE5,0xE5,0xFC,0x17,0x29,0x00,0x34,
0x25,0x37,0x41,0xE5,0xFD,0x0F,0x37,0x00,0x35,0x39,0x29,0x00,0x29,0x36,0x29,0x37,
0x00,0x39,0x32,0xFC,0x1C,0x29,0x34,0x30,0x33,0x2D,0x28,0x29,0x00,0x27,0x33,0x31,
0x33,0x00,0x29,0x37,0x29,0xFC,0x31,0x25,0x30,0x3A,0x25,0x28,0x33,0xE5,0xFD,0x18,
0x33,0x00,0x37,0x41,0x00,0x32,0x25,0x28,0x25,0x00,0x37,0x33,0x26,0x36,0x29,0xFC,
0x1C,0x25,0x2B,0x32,0x25,0x36,0x33,0x2F,0xE8,0x00,0x34,0x29,0x36,0x33,0x00,0x32,
0x33,0xFC,0x27,0x33,0x32,0x2A,0x42,0x33,0x00,0x29,0x32,0x00,0x38,0x2D,0xE5,0xFF,
0xF3,0x0A,0x18,0x33,0x00,0x2D,0x31,0x34,0x33,0x36,0x38,0x25,0x00,0x30,0x33,0x00,
0x35,0x39,0x29,0xFC,0x28,0x2D,0x2B,0x25,0x37,0xE8,0x00,0x29,0x37,0x38,0x40,0x37,
0xFC,0x34,0x29,0x36,0x28,0x2D,0x29,0x32,0x28,0x33,0x00,0x29,0x30,0x00,0x38,0x2D,
0x29,0x31,0x34,0x33,0xE5,0xFD,0x18,0x33,0x00,0x32,0x29,0x27,0x29,0x37,0x2D,0x38,
0x25,0x31,0x33,0x37,0x00,0x38,0x39,0xFC,0x25,0x3D,0x39,0x28,0x25,0x00,0x34,0x25,
0x36,0x25,0x00,0x28,0x29,0x38,0x29,0x32,0x29,0x36,0xFC,0x25,0x00,0x1C,0x25,0x2B,
0x32,0x25,0x36,0x33,0x2F,0xE5,0xFF,0xF3,0x0A,0x1D,0x2D,0x00,0x28,0x29,0x34,0x29,
0x32,0x28,0x29,0x31,0x33,0x37,0x00,0x28,0x29,0x00,0x37,0x39,0xFC,0x25,0x3D,0x39,
0x28,0x25,0xE8,0x00,0x4F,0x35,0x39,0x41,0x00,0x37,0x29,0x32,0x38,0x2D,0x28,0x33,
0xFC,0x38,0x39,0x3A,0x33,0x00,0x28,0x29,0x2E,0x25,0x36,0xFD,0x18,0x29,0x33,0x00,
0x0B,0x36,0x27,0x25,0x28,0x2D,0x25,0x00,0x28,0x29,0x37,0x28,0x29,0xFC,0x39,0x32,
0x00,0x34,0x36,0x2D,0x32,0x27,0x2D,0x34,0x2D,0x33,0xDD,0xFD,0x12,0x29,0x31,0x33,
0x37,0x00,0x28,0x29,0x27,0x2D,0x28,0x2D,0x28,0x33,0xFC,0x2A,0x33,0x36,0x2E,0x25,
0x36,0x00,0x32,0x39,0x29,0x37,0x38,0x36,0x33,0xFC,0x34,0x36,0x33,0x34,0x2D,0x33,
0x00,0x28,0x29,0x37,0x38,0x2D,0x32,0x33,0xE5,0xFF,0xF3,0x0A,0x18,0x2D,0x00,0x37,
0x2D,0x35,0x39,0x2D,0x29,0x36,0x25,0x00,0x34,0x39,0x28,0x2D,0x31,0x33,0x37,0xFC,
0x34,0x36,0x33,0x38,0x29,0x2B,0x29,0x36,0x00,0x32,0x39,0x29,0x37,0x38,0x36,0x33,
0xFC,0x0B,0x37,0x29,0x32,0x38,0x25,0x31,0x2D,0x29,0x32,0x38,0x33,0xE5,0xFD,0x1D,
0x33,0x31,0x33,0x37,0x00,0x38,0x25,0x32,0xFC,0x34,0x25,0x38,0x41,0x38,0x2D,0x27,
0x33,0x37,0xE5,0xE5,0xE5,0xFF,0xF3,0x0A,0x1E,0x33,0x28,0x33,0x00,0x29,0x37,0x38,
0x33,0x00,0x29,0x37,0x00,0x27,0x39,0x30,0x34,0x25,0xFC,0x28,0x29,0x00,0x30,0x33,
0x37,0x00,0x1C,0x29,0x34,0x30,0x33,0x2D,0x28,0x29,0x37,0xE5,0xE5,0xE5,0xFD,0x16,
0x33,0x37,0x00,0x34,0x36,0x33,0x26,0x30,0x29,0x31,0x25,0x37,0x00,0x30,0x33,0x37,
0xFC,0x37,0x2D,0x2B,0x39,0x29,0x32,0x00,0x27,0x33,0x31,0x33,0x00,0x34,0x29,0x36,
0x36,0x33,0x37,0xFC,0x27,0x25,0x30,0x30,0x29,0x2E,0x29,0x36,0x33,0x37,0x00,0x38,
0x36,0x25,0x37,0xFD,0x30,0x25,0x37,0x00,0x37,0x33,0x26,0x36,0x25,0x37,0xE5,0xFF,
0xF3,0x0A,0x11,0x36,0x25,0xD6,0x2B,0x36,0x25,0x27,0x2D,0x25,0x37,0x00,0x34,0x33,
0x36,0xFC,0x37,0x25,0x30,0x3A,0x25,0x36,0x00,0x25,0x00,0x18,0x29,0x2D,0x2B,0x29,
0xE5,0xE5,0xE5,0xFD,0x1D,0x39,0x34,0x33,0x32,0x2B,0x33,0x00,0x35,0x39,0x29,0x00,
0x32,0x33,0x00,0x38,0x33,0x28,0x33,0x37,0xFC,0x30,0x33,0x37,0x00,0x1C,0x29,0x34,
0x30,0x33,0x2D,0x28,0x29,0x37,0x00,0x37,0x33,0x32,0xFC,0x31,0x25,0x30,0x33,0x37,
0xE5,0xFD,0x4E,0x19,0x2C,0xCA,0xFD,0x4E,0x1E,0x33,0x31,0x25,0xE8,0x00,0x29,0x37,
0x38,0x33,0xCA,0xFD,0x1A,0x25,0x36,0x29,0x27,0x29,0x00,0x37,0x29,0x36,0x00,0x39,
0x32,0xFC,0x2D,0x32,0x37,0x38,0x36,0x39,0x27,0x38,0x2D,0x3A,0x33,0xE8,0x00,0x34,
0x29,0x36,0x33,0x00,0x32,0x33,0xFC,0x30,0x33,0x2B,0x36,0x33,0x00,0x29,0x32,0x38,
0x29,0x32,0x28,0x29,0x36,0xFD,0x32,0x25,0x28,0x25,0x00,0x28,0x29,0x00,0x41,0x30,
0xE5,0xFF,0xF3,0x0A,0x1E,0x39,0x37,0x00,0x27,0x33,0x31,0x34,0x25,0x4C,0x29,0x36,
0x33,0x37,0xFC,0x38,0x25,0x31,0x26,0x2D,0x41,0x32,0x00,0x28,0x29,0x2E,0x25,0x36,
0x33,0x32,0xFC,0x18,0x29,0x33,0x00,0x0B,0x36,0x27,0x25,0x28,0x2D,0x25,0xE5,0xE5,
0xE5,0xFD,0x1D,0x39,0x34,0x33,0x32,0x2B,0x33,0x00,0x35,0x39,0x29,0x00,0x2A,0x39,
0x29,0x00,0x29,0x30,0xFC,0x28,0x29,0x37,0x38,0x2D,0x32,0x33,0x00,0x35,0x39,0x29,
0xFC,0x38,0x29,0x36,0x31,0x2D,0x32,0x40,0x36,0x25,0x31,0x33,0x37,0x00,0x2E,0x39,
0x32,0x38,0x33,0x37,0xE5,0xFF,0xF3,0x0A,0x4F,0x4E,0x0F,0x37,0x00,0x27,0x2D,0x29,
0x36,0x38,0x33,0x00,0x35,0x39,0x29,0xFC,0x1C,0x25,0x2B,0x32,0x25,0x36,0x33,0x2F,
0x00,0x3A,0x25,0x00,0x25,0x00,0x27,0x25,0x29,0x36,0xFC,0x37,0x33,0x26,0x36,0x29,
0x00,0x45,0x36,0x29,0x25,0x00,0x24,0x29,0x36,0x33,0xCA,0xDD,0xFD,0x0B,0x34,0x29,
0x32,0x25,0x37,0x00,0x30,0x33,0x2B,0x36,0x25,0x31,0x33,0x37,0xFC,0x29,0x37,0x27,
0x25,0x34,0x25,0x36,0x00,0x28,0x29,0x00,0x18,0x29,0x33,0xFC,0x0B,0x36,0x27,0x25,
0x28,0x2D,0x25,0x00,0x27,0x33,0x32,0x00,0x3A,0x2D,0x28,0x25,0xE8,0x00,0x3D,0xFD,
0x4F,0x38,0x29,0x36,0x31,0x2D,0x32,0x25,0x00,0x25,0x37,0x42,0xDD,0xFF,0xF3,0x0A,
0x4F,0x18,0x33,0x00,0x2C,0x25,0x3D,0x00,0x25,0x30,0x2B,0x33,0x00,0x35,0x39,0x29,
0xFC,0x34,0x33,0x28,0x25,0x31,0x33,0x37,0x00,0x2C,0x25,0x27,0x29,0x36,0x00,0x34,
0x25,0x36,0x25,0xFC,0x28,0x29,0x38,0x29,0x32,0x29,0x36,0x00,0x25,0x00,0x1C,0x25,
0x2B,0x32,0x25,0x36,0x33,0x2F,0xDD,0xFD,0x4E,0x1A,0x33,0x36,0x00,0x2A,0x25,0x3A,
0x33,0x36,0xE8,0x00,0x38,0x2D,0x29,0x32,0x29,0x37,0xFC,0x35,0x39,0x29,0x00,0x25,
0x3D,0x39,0x28,0x25,0x36,0x32,0x33,0x37,0xCA,0xFF,0xF3,0x0A,0x1D,0x2D,0x00,0x1C,
0x25,0x2B,0x32,0x25,0x36,0x33,0x2F,0x00,0x27,0x25,0x29,0xE8,0xFC,0x37,0x29,0x36,
0x40,0x00,0x27,0x33,0x31,0x33,0x00,0x29,0x30,0x00,0x33,0x38,0x36,0x33,0xFC,0x2D,
0x31,0x34,0x25,0x27,0x38,0x33,0x00,0x33,0x38,0x36,0x25,0x00,0x3A,0x29,0x3E,0xE5,
0xE5,0xE5,0xFF,0xF3,0x0A,0x1E,0x29,0x32,0x28,0x36,0x29,0x31,0x33,0x37,0x00,0x35,
0x39,0x29,0x00,0x3A,0x2D,0x3A,0x2D,0x36,0xFC,0x29,0x37,0x29,0x00,0x38,0x36,0x2D,
0x37,0x38,0x29,0x00,0x28,0x29,0x37,0x38,0x2D,0x32,0x33,0xFC,0x39,0x32,0x25,0x00,
0x3A,0x29,0x3E,0x00,0x31,0x40,0x37,0xE5,0xFF,0xF3,0x0A,0x1E,0x39,0x3A,0x2D,0x31,
0x33,0x37,0x00,0x32,0x39,0x29,0x37,0x38,0x36,0x25,0x37,0xFC,0x28,0x2D,0x2A,0x29,
0x36,0x29,0x32,0x27,0x2D,0x25,0x37,0xE8,0x00,0x34,0x29,0x36,0x33,0x00,0x31,0x29,
0xFC,0x25,0x30,0x29,0x2B,0x36,0x25,0x00,0x35,0x39,0x29,0x00,0x25,0x30,0x00,0x2A,
0x2D,0x32,0x25,0x30,0xFD,0x2C,0x25,0x3D,0x25,0x31,0x33,0x37,0x00,0x37,0x2D,0x28,
0x33,0x00,0x25,0x31,0x2D,0x2B,0x33,0x37,0xE5,0xFC,0x4E,0x11,0x36,0x25,0x27,0x2D,
0x25,0x37,0x00,0x34,0x33,0x36,0x00,0x38,0x33,0x28,0x33,0xCA,0xFF,0xF3,0x0A,0x4E,
0x20,0x29,0x32,0x00,0x25,0x00,0x3A,0x29,0x36,0x31,0x29,0x00,0x27,0x39,0x25,0x32,
0x28,0x33,0xFC,0x34,0x25,0x37,0x29,0x37,0x00,0x34,0x33,0x36,0x00,0x25,0x35,0x39,
0x42,0xCA,0xFD,0x4E,0x17,0x29,0x00,0x25,0x30,0x29,0x2B,0x36,0x25,0x36,0x40,0x00,
0x3A,0x33,0x30,0x3A,0x29,0x36,0xFC,0x25,0x00,0x3A,0x29,0x36,0x38,0x29,0xCA,0xFF,

};
